z,luminosity_function,alpha_intrinsic,L_min_Jy_kpc2,L_min_over_L_star,n_generated,n_detected,detection_rate_10_per_n,N_ratio_detectable_L,mean_detected_L,mean_SNR,SFR_psi,comoving_volume_Mpc3,time_Gyr,nfrb_sfr_base,n_total_population_scaled
0.01,std,0,10000000000.0,1e-05,11,10,0.9090909090909091,1.0,100000000000000.0,1272504.126587777,0.015366633837018974,3.2146293043601952,137678720.05218962,0.13602115484024596,0.12365559530931451
0.02,std,0,10000000000.0,1e-05,13,10,0.7692307692307693,1.0,100000000000000.0,342089.81579088967,0.015778461234561884,12.014520199131695,135706863.92550436,0.5145207442295987,0.3957851878689221
0.03,std,0,10000000000.0,1e-05,13,10,0.7692307692307693,1.0,100000000000000.0,84013.88316573553,0.016197006898133106,26.48793684526349,133769703.76805276,1.1478117345634695,0.8829321035103612
0.04,std,0,10000000000.0,1e-05,12,10,0.8333333333333334,1.0,100000000000000.0,90904.01131727415,0.0166223021408091,46.47365457430355,131866423.28089881,2.037333939732879,1.6977782831107324
0.05,std,0,10000000000.0,1e-05,10,10,1.0,1.0,100000000000000.0,9054.811521286225,0.01705437728000787,71.81098593375452,129996236.70924087,3.184106104690172,3.184106104690172
0.060000000000000005,std,0,10000000000.0,1e-05,15,10,0.6666666666666666,1.0,100000000000000.0,39482.08667355094,0.017493261604641853,102.3399285256302,128158387.20751494,4.588734487211485,3.0591563248076565
0.06999999999999999,std,0,10000000000.0,1e-05,13,10,0.7692307692307693,1.0,100000000000000.0,13002.649870990563,0.017938983341287663,137.90130793921142,126352145.30294725,6.2514221562427235,4.808786274032864
0.08,std,0,10000000000.0,1e-05,13,10,0.7692307692307693,1.0,100000000000000.0,9529.737129249026,0.018391569619367408,178.33691557766537,124576807.45144194,8.171978947134837,6.286137651642183
0.09,std,0,10403705496.681303,1.0403705496681303e-05,18,10,0.5555555555555556,1.0,100000000000000.0,18144.116851892482,0.018851046435337065,223.48964120118467,122831694.67989907,10.349832014022313,5.749906674456841
0.09999999999999999,std,0,12900392228.058826,1.2900392228058826e-05,12,10,0.8333333333333334,1.0,100000000000000.0,2652.0434377052816,0.019317438615878545,273.203600037318,121116151.30983643,12.784036920117378,10.653364100097816
0.11,std,0,15676232525.148888,1.567623252514889e-05,19,10,0.5263157894736842,1.0,100000000000000.0,8488.5632062162,0.019790769780093035,327.3242543293218,119429543.75708403,15.473289207116693,8.143836424798259
0.12,std,0,18733832531.689537,1.8733832531689538e-05,18,10,0.5555555555555556,1.0,100000000000000.0,8579.184862552196,0.020271062300694323,385.6985292234807,117771259.40308331,18.415936386140586,10.231075770078103
0.13,std,0,22075671543.21574,2.207567154321574e-05,14,10,0.7142857142857143,1.0,100000000000000.0,5745.975022336679,0.02075833726420218,448.1749229108391,116140705.53330435,21.609990293349917,15.435707352392798
0.14,std,0,25704104177.531773,2.570410417753177e-05,14,10,0.7142857142857143,1.0,100000000000000.0,6703.888618912121,0.021252614430137,514.6036109702068,114537308.33873443,25.0531397551886,17.895099825134714
0.15000000000000002,std,0,29621362588.927605,2.9621362588927605e-05,15,10,0.6666666666666666,1.0,100000000000000.0,7292.612456574789,0.021753912189218152,584.8365448732342,112960511.97664525,28.742763509420776,19.161842339613848
0.16,std,0,33829558721.584106,3.3829558721584106e-05,24,10,0.4166666666666667,1.0,100000000000000.0,3381.0534889339406,0.02226224752057046,658.7275446381753,111409777.68701176,32.67594333011826,13.614976387549275
0.17,std,0,38330686597.697655,3.8330686597697656e-05,15,10,0.6666666666666666,1.0,100000000000000.0,3206.8002158119043,0.02277763594794393,736.132385636469,109884582.96125181,36.84947730657695,24.566318204384633
0.18000000000000002,std,0,43126624635.94708,4.3126624635947086e-05,18,10,0.5555555555555556,1.0,100000000000000.0,8573.073942491206,0.023300091494954225,816.9088795711954,108384420.7601139,41.25989322799393,22.922162904441073
0.19,std,0,48219137996.06329,4.8219137996063294e-05,24,10,0.4166666666666667,1.0,100000000000000.0,2068.627607467189,0.023829626639352574,900.9169496717642,106908798.77780546,45.90346202830721,19.12644251179467
0.2,std,0,53609880945.355774,5.3609880945355775e-05,22,10,0.45454545454545453,1.0,100000000000000.0,1803.359147898449,0.024366252266335785,988.0187001618772,105457238.74949963,50.77621124763913,23.08009602165415
0.21000000000000002,std,0,59300399243.14507,5.930039924314507e-05,19,10,0.5263157894736842,1.0,100000000000000.0,3028.206771208408,0.02490997762090884,1078.0784800654853,104029275.79969656,55.87393846878653,29.407336036203432
0.22,std,0,65292132539.273674,6.529213253927368e-05,12,10,0.8333333333333334,1.0,100000000000000.0,2812.155651538336,0.025460810259314456,1170.9629414453443,102624457.82893437,61.19222469034739,50.993520575289494
0.23,std,0,71586416782.8656,7.15864167828656e-05,19,10,0.5263157894736842,1.0,100000000000000.0,1135.031854497806,0.026018755999546127,1266.54109216666,101242344.93655138,66.72644759976122,35.11918294724274
0.24000000000000002,std,0,78184486637.77672,7.818448663777672e-05,15,10,0.6666666666666666,1.0,100000000000000.0,2226.942718824566,0.02658381887096318,1364.6843433014055,99882508.87732875,72.47179471256887,48.31452980837924
0.25,std,0,85087477901.24472,8.508747790124472e-05,15,10,0.6666666666666666,1.0,100000000000000.0,1106.2169867387051,0.027156001063028613,1465.2665512898536,98544532.5499974,78.42327634617914,52.282184230786086
0.26,std,0,92296429922.34474,9.229642992234474e-05,19,10,0.5263157894736842,1.0,100000000000000.0,1275.788237966249,0.02773530287319293,1568.1640549976803,97228009.51565525,84.57573839949335,44.513546526049126
0.27,std,0,99812288017.2072,9.98122880172072e-05,19,10,0.5263157894736842,1.0,100000000000000.0,422.32480667994287,0.0283217226539493,1673.2557077962751,95932543.54423486,90.92387491112126,47.85467100585329
0.28,std,0,107635905877.77113,0.00010763590587777113,24,10,0.4166666666666667,1.0,100000000000000.0,1418.3853646557639,0.028915256759088154,1780.4229048328896,94657748.18751705,97.46224037323712,40.609266822182136
0.29000000000000004,std,0,115768047971.36913,0.00011576804797136913,18,10,0.5555555555555556,1.0,100000000000000.0,1226.2510886588457,0.029515899489181725,1889.549605627679,93403246.37677355,104.18526177812271,57.88070098784595
0.3,std,0,124209391928.26797,0.000124209391928268,17,10,0.5882352941176471,1.0,100000000000000.0,1432.8926795323373,0.03012364303633178,2000.5223521599687,92168670.04385954,111.087250378367,65.34544139903942
0.31,std,0,132960530914.63559,0.00013296053091463558,17,10,0.5882352941176471,1.0,100000000000000.0,1928.4392633011732,0.030738477428216556,2113.2302826266678,90953659.76403436,118.16241314425773,69.50730184956338
0.32,std,0,142021975988.505,0.000142021975988505,15,10,0.6666666666666666,1.0,100000000000000.0,767.529543500578,0.03136039047147566,2227.5651410048263,89757864.41943079,125.40486390162901,83.60324260108601
0.33,std,0,151394158436.3692,0.0001513941584363692,21,10,0.47619047619047616,1.0,100000000000000.0,517.9581367297312,0.031989367694474906,2343.421282633543,88580940.88171776,132.80863413949595,63.242206733093305
0.34,std,0,161077432088.32684,0.00016107743208832685,21,10,0.47619047619047616,1.0,100000000000000.0,1137.3564505711952,0.032625392289495694,2460.695675952943,87422553.71285346,140.36768347472278,66.84175403558227
0.35000000000000003,std,0,171072075609.74838,0.0001710720756097484,20,10,0.5,1.0,100000000000000.0,1261.1277376582523,0.03326844505439697,2579.2879005915415,86282374.8828454,148.0759097657861,74.03795488289305
0.36000000000000004,std,0,181378294767.54456,0.00018137829476754454,19,10,0.5263157894736842,1.0,100000000000000.0,1329.0040243729782,0.03391850433380093,2699.1001419792624,85160083.50335014,155.92715886850726,82.06692572026698
0.37,std,0,191996224669.38052,0.00019199622466938053,17,10,0.5882352941176471,1.0,100000000000000.0,497.21342587776843,0.03457554595985672,2820.0371826460337,84055365.5762477,163.91523402774484,96.42072589867344
0.38,std,0,202925931974.17233,0.00020292593197417233,36,10,0.2777777777777778,1.0,100000000000000.0,547.29960027161,0.035239543192639965,2942.0063904066888,82967913.75619605,172.0339049028084,47.78719580633567
0.39,std,0,214167417072.4323,0.0002141674170724323,27,10,0.37037037037037035,1.0,100000000000000.0,1375.1150462231078,0.03591046666024937,3064.917703575045,81897427.12626469,180.2769162226853,66.76922823062418
0.4,std,0,225720616235.11227,0.00022572061623511228,17,10,0.5882352941176471,1.0,100000000000000.0,600.0353127515143,0.03658828429866464,3188.6836134096343,80843610.98588744,188.6379960723616,110.96352710138918
0.41000000000000003,std,0,237585403729.7101,0.0002375854037297101,24,10,0.4166666666666667,1.0,100000000000000.0,657.2339210692045,0.03727296129143468,3313.219143924115,79806176.65031886,197.1108638087842,82.12952658699342
0.42000000000000004,std,0,249761593902.56985,0.00024976159390256985,19,10,0.5263157894736842,1.0,100000000000000.0,874.8359580382939,0.037964460009266905,3438.441829274285,78784841.26087493,205.68923761113916,108.25749347954692
0.43,std,0,262248943226.36453,0.00026224894322636455,26,10,0.38461538461538464,1.0,100000000000000.0,688.81591057481,0.038662739949594106,3564.271688846059,77779327.60525452,214.36684166627785,82.44878525626072
0.44,std,0,275047152311.8823,0.00027504715231188234,17,10,0.5882352941176471,1.0,100000000000000.0,390.3879766109973,0.03936775767619714,3690.631200224726,76789363.94735558,223.13741299486958,131.25730176168798
0.45,std,0,288155867883.37604,0.000288155867883376,24,10,0.4166666666666667,1.0,100000000000000.0,1105.017095593711,0.04007946675896711,3817.445270192195,75814683.86589663,231.99470792272427,96.66446163446845
0.46,std,0,301574684716.80164,0.00030157468471680163,22,10,0.45454545454545453,1.0,100000000000000.0,436.0988644189559,0.04079781771389325,3944.641203919743,74855026.10136408,240.9325082045583,109.51477645661741
0.47000000000000003,std,0,315303147540.3344,0.0003153031475403344,22,10,0.45454545454545453,1.0,100000000000000.0,1292.7894257441342,0.04152275794336715,4072.148672486433,73910134.4107027,249.9446268059286,113.61119400269482
0.48000000000000004,std,0,329340752896.76276,0.00032934075289676274,25,10,0.4,1.0,100000000000000.0,327.37727461907434,0.04225423167689769,4199.899678874036,72979757.42922702,259.02491335131975,103.6099653405279
0.49,std,0,343686950967.30865,0.00034368695096730865,20,10,0.5,1.0,100000000000000.0,470.5505498137324,0.042992179912334685,4327.828522586739,72063648.53939462,268.1672592476089,134.08362962380446
0.5,std,0,358341147356.6009,0.0003583411473566009,16,10,0.625,1.0,100000000000000.0,540.2706652285468,0.04373654035770323,4455.8717630072815,71161565.7458431,277.3656024898282,173.35350155614262
0.51,std,0,373302704838.5565,0.0003733027048385565,22,10,0.45454545454545453,1.0,100000000000000.0,530.7635989027592,0.04448724737375437,4583.968181654224,70273271.55644336,286.61393216129375,130.27906007331532
0.52,std,0,388570945063.11255,0.00038857094506311254,21,10,0.47619047619047616,1.0,100000000000000.0,462.0210211183929,0.04524423191734168,4712.058743418831,69398532.8688438,295.90629263449136,140.90775839737682
0.53,std,0,404145150223.5513,0.0004041451502235513,24,10,0.4166666666666667,1.0,100000000000000.0,706.3601764073347,0.04600742148573693,4840.086556943258,68537120.86228469,305.23678748595256,127.18199478581357
0.54,std,0,420024564684.63885,0.00042002456468463885,24,10,0.4166666666666667,1.0,100000000000000.0,444.1195813173298,0.046776740062001616,4967.996834231379,67688810.89416112,314.59958313329025,131.08315963887094
0.55,std,0,436208396571.40875,0.00043620839657140874,21,10,0.47619047619047616,1.0,100000000000000.0,647.4022181277082,0.04755210806153499,5095.736849607087,66853382.401291125,323.9889122064751,154.28043438403574
0.56,std,0,452695819318.9214,0.0004526958193189214,31,10,0.3225806451612903,1.0,100000000000000.0,253.05527908538656,0.04833344227992233,5223.25589811887,66030618.80524841,333.39907666220296,107.54808924587192
0.5700000000000001,std,0,469485973182.9836,0.0004694859731829836,16,10,0.625,1.0,100000000000000.0,674.5423839892392,0.049120655842211244,5350.505253506883,65220307.42184981,342.82445065492766,214.2652816593298
0.5800000000000001,std,0,486577966712.1646,0.0004865779667121646,27,10,0.37037037037037035,1.0,100000000000000.0,565.8196688779483,0.04991365815374634,5477.438125790333,64422239.37422575,352.25948317165614,130.46647524876153
0.59,std,0,503970878181.3452,0.0005039708781813452,21,10,0.47619047619047616,1.0,100000000000000.0,302.4705564984818,0.050712354852696435,5604.009618634125,63636209.50946025,361.6987004469404,172.23747640330495
0.6,std,0,521663756987.11664,0.0005216637569871167,20,10,0.5,1.0,100000000000000.0,442.7690667018004,0.051516647764411366,5730.176686462801,62862016.318445235,371.1367081608147,185.56835408040735
0.61,std,0,539655625005.3558,0.0005396556250053557,33,10,0.30303030303030304,1.0,100000000000000.0,259.43702668779883,0.05232643485774771,5855.898091562988,62099461.8588071,380.5681934411835,115.32369498217682
0.62,std,0,557945477911.463,0.000557945477911463,27,10,0.37037037037037035,1.0,100000000000000.0,365.0578959753601,0.05314161020350689,5981.134361060124,61348351.680681646,389.98792666898703,144.43997284036556
0.63,std,0,576532286463.5502,0.0005765322864635502,27,10,0.37037037037037035,1.0,100000000000000.0,260.4190151257044,0.05396206393512963,6105.847744019565,60608494.75515795,399.3907631082642,147.92250485491266
0.64,std,0,595414997749.163,0.000595414997749163,20,10,0.5,1.0,100000000000000.0,421.2735071590437,0.054787682211795266,6230.002168610068,59879703.405252725,408.7716443633881,204.38582218169404
0.65,std,0,614592536395.977,0.0006145925363959771,32,10,0.3125,1.0,100000000000000.0,344.8507197456135,0.055618347184074164,6353.56319944761,59161793.23922499,418.1255996770546,130.66424989907955
0.66,std,0,634063805746.9875,0.0006340638057469875,22,10,0.45454545454545453,1.0,100000000000000.0,529.6406230719756,0.056453936962285574,6476.497995189971,58454583.086089864,427.4477470798408,194.2944304908367
0.67,std,0,653827689000.6691,0.0006538276890006691,25,10,0.4,1.0,100000000000000.0,448.59736333066905,0.05729432558771266,6598.775266357156,57757894.933217816,436.7332943959977,174.69331775839908
0.68,std,0,673883050316.8248,0.0006738830503168248,23,10,0.43478260869565216,1.0,100000000000000.0,444.90604156910695,0.05813938300682973,6720.365233562636,57071553.86587637,445.977540123705,193.90327831465436
0.6900000000000001,std,0,694228735888.5059,0.0006942287358885058,17,10,0.5882352941176471,1.0,100000000000000.0,151.1981696816645,0.05898897504869533,6841.239586033436,56395388.00860588,455.1758741879097,267.75051422818217
0.7000000000000001,std,0,714863574980.7451,0.0007148635749807451,41,10,0.24390243902439024,1.0,100000000000000.0,268.12891439890024,0.059842963405668255,6961.371440622389,55729228.46830064,464.3237785850702,113.24970209391957
0.7100000000000001,std,0,735786380936.6106,0.0007357863809366106,28,10,0.35714285714285715,1.0,100000000000000.0,398.76208508344223,0.06070120561760056,7080.735301226377,55072909.27894104,473.41682792042724,169.07743854300972
0.72,std,0,756995952151.2736,0.0007569959521512735,24,10,0.4166666666666667,1.0,100000000000000.0,462.77996624795605,0.061563555059664696,7199.307018739684,54426267.3478233,482.45068985175476,201.02112077156448
0.73,std,0,778491073014.6781,0.0007784910730146781,27,10,0.37037037037037035,1.0,100000000000000.0,303.01396602223906,0.062429860933968816,7317.06375147907,53789142.40325106,491.4211254414919,182.00782423758957
0.74,std,0,800270514823.4165,0.0008002705148234165,23,10,0.43478260869565216,1.0,100000000000000.0,457.9534879869184,0.06329996826511489,7433.983926214944,53161376.94359302,500.3239894317078,217.5321693181338
0.75,std,0,822333036662.5748,0.0008223330366625748,24,10,0.4166666666666667,1.0,100000000000000.0,311.8402950187031,0.06417371789985252,7550.047199750452,52542816.187593825,509.15523044308856,212.14801268462023
0.76,std,0,844677386258.0052,0.0008446773862580052,26,10,0.38461538461538464,1.0,100000000000000.0,168.25797710283845,0.06505094651097904,7665.234421106654,51933308.025967404,517.910891108004,199.19649658000154
0.77,std,0,867302300799.8745,0.0008673023007998745,33,10,0.30303030303030304,1.0,100000000000000.0,326.487331869951,0.06593148660563516,7779.527594348681,51332702.97407133,526.5871081438208,159.57185095267297
0.78,std,0,890206507738.0,0.000890206507738,25,10,0.4,1.0,100000000000000.0,225.24707611362788,0.06681516653814157,7892.909842028105,50740854.125752576,535.1801123711103,214.07204494844416
0.79,std,0,913388725549.6799,0.0009133887255496799,33,10,0.30303030303030304,1.0,100000000000000.0,267.6972561228553,0.0677018105275198,8005.36536929009,50157617.108157024,543.6862286832281,164.75340263128126
0.8,std,0,936847664480.6766,0.0009368476644806766,21,10,0.47619047619047616,1.0,100000000000000.0,291.22486677576103,0.06859123867983588,8116.8794286745815,49582850.03763585,552.1018759756395,262.90565522649496
0.81,std,0,960582027259.9797,0.0009605820272599797,22,10,0.45454545454545453,1.0,100000000000000.0,233.93799213135313,0.06948326701550157,8227.43828556496,49016413.47646635,560.4235670336503,254.7379850152956
0.8200000000000001,std,0,984590509789.0133,0.0009845905097890133,22,10,0.45454545454545453,1.0,100000000000000.0,192.48103856619252,0.0703777075016633,8337.029184344108,48458170.39061373,568.647908389579,258.47632199526316
0.8300000000000001,std,0,1008871801805.9174,0.0010088718018059174,35,10,0.2857142857142857,1.0,100000000000000.0,249.4384332804603,0.0712743680898028,8445.640315256067,47907986.10823188,576.7716001502504,164.79188575721437
0.8400000000000001,std,0,1033424587525.5502,0.0010334245875255501,21,10,0.47619047619047616,1.0,100000000000000.0,172.1809671506955,0.07217305275866856,8553.260781964545,47365728.279101126,584.7914358005022,278.4721122859534
0.85,std,0,1058247546255.8596,0.0010582475462558596,27,10,0.37037037037037035,1.0,100000000000000.0,263.5484635657622,0.0730735615626498,8659.880569810664,46831266.83476413,592.7043019839255,219.5201118458983
0.86,std,0,1083339352991.2086,0.0010833393529912085,36,10,0.2777777777777778,1.0,100000000000000.0,123.79718631077598,0.07397569068569808,8765.490514812098,46304473.94949488,600.5071782688776,166.8075495191327
0.87,std,0,1108698678983.3142,0.0011086986789833142,34,10,0.29411764705882354,1.0,100000000000000.0,142.20180141881582,0.07487923250089422,8870.082273332757,45785224.0019454,608.1971368963774,178.8815108518757
0.88,std,0,1134324192290.407,0.001134324192290407,22,10,0.45454545454545453,1.0,100000000000000.0,112.98117568517549,0.07578397563574907,8973.648292516677,45273393.53755888,615.771342520494,279.89606478204274
0.89,std,0,1160214558305.1943,0.0011602145583051943,35,10,0.2857142857142857,1.0,100000000000000.0,146.5201079660639,0.07668970504331966,9076.181781372185,44768861.231587745,623.2270519341948,178.0648719811985
0.9,std,0,1186368440262.2363,0.0011863684402622363,34,10,0.29411764705882354,1.0,100000000000000.0,288.9002966631793,0.07759620207921059,9177.676682629502,44271507.85283817,630.5616137932856,185.45929817449576
0.91,std,0,1212784499725.3435,0.0012127844997253435,18,10,0.5555555555555556,1.0,100000000000000.0,61.530942433879986,0.07850324458452297,9278.12764524446,43781216.22801512,637.7724683304389,354.31803796135495
0.92,std,0,1239461397055.522,0.001239461397055522,41,10,0.24390243902439024,1.0,100000000000000.0,162.43740454502046,0.07941060697480082,9377.529997645974,43297871.206686266,644.8571470683697,157.2822309922853
0.93,std,0,1266397791860.0923,0.0012663977918600923,27,10,0.37037037037037035,1.0,100000000000000.0,197.7968220921966,0.08031806033501555,9475.879721664394,42821359.6268634,651.8132725297758,241.4123231591762
0.9400000000000001,std,0,1293592343423.5005,0.0012935923434235005,23,10,0.43478260869565216,1.0,100000000000000.0,236.77053024008674,0.08122537252061583,9573.17342713142,42351570.28113079,658.638557944062,286.36459041046174
0.9500000000000001,std,0,1321043711120.3625,0.0013210437111203625,23,10,0.43478260869565216,1.0,100000000000000.0,143.87200283229882,0.08213230826466011,9669.408327187522,41888393.88338472,665.3308069557802,289.2742638938175
0.9600000000000001,std,0,1348750554811.3555,0.0013487505548113554,29,10,0.3448275862068966,1.0,100000000000000.0,209.60106409000915,0.0830386292910345,9764.582214252407,41431723.03608367,671.8879133314931,231.6854873556873
0.97,std,0,1376711535222.3542,0.0013767115352223541,30,10,0.3333333333333333,1.0,100000000000000.0,143.53156547237373,0.08394409443374791,9858.693436663543,40981452.198053606,678.3078606671576,226.10262022238584
0.98,std,0,1404925314307.4534,0.0014049253143074533,35,10,0.2857142857142857,1.0,100000000000000.0,103.76633379237644,0.08484845976228053,9951.740875956466,40537477.652815565,684.5887220945987,195.5967777413139
0.99,std,0,1433390555596.3044,0.0014333905555963045,16,10,0.625,1.0,100000000000000.0,193.70540114525943,0.08575147871295036,10043.723924833295,40099697.47744613,690.7286599911764,431.70541249448524
1.0,std,0,1462105924526.2947,0.0014621059245262947,44,10,0.22727272727272727,1.0,100000000000000.0,238.6622244784566,0.08665290222624604,10134.642465694142,39668011.51188104,696.7259256830239,158.34680129159634
1.01,std,0,1491070088760.0273,0.0014910700887600273,31,10,0.3225806451612903,1.0,100000000000000.0,179.65054534227073,0.08755247889006164,10224.496849902309,39242321.32879002,702.578859156144,226.63834166327223
1.02,std,0,1520281718488.6162,0.001520281718488616,35,10,0.2857142857142857,1.0,100000000000000.0,259.81878403058494,0.08844995508875261,10313.287877553443,38822530.203856505,708.2858887569176,202.36739678769075
1.03,std,0,1549739486721.1875,0.0015497394867211875,31,10,0.3225806451612903,1.0,100000000000000.0,180.76032399965638,0.08934507515791797,10401.016777932704,38408543.086599246,713.8455308971022,230.27275190229102
1.04,std,0,1579442069561.15,0.00157944206956115,39,10,0.2564102564102564,1.0,100000000000000.0,156.48763186578574,0.09023758154479809,10487.685190534065,38000266.571585506,719.256389751901,184.42471532100024
1.05,std,0,1609388146469.5188,0.0016093881464695188,43,10,0.23255813953488372,1.0,100000000000000.0,176.92581271011736,0.09112721497416236,10573.29514666211,37597608.87017283,724.5171569547592,168.49236208250215
1.06,std,0,1639576400515.8762,0.0016395764005158761,17,10,0.5882352941176471,1.0,100000000000000.0,194.82850077482345,0.09201371461954395,10657.849051607565,37200479.78263619,729.6266112853026,429.1921242854721
1.07,std,0,1670005518617.2886,0.0016700055186172887,20,10,0.5,1.0,100000000000000.0,173.2604631997385,0.09289681827966537,10741.349667393848,36808790.67077036,734.5836183514313,367.2918091757156
1.08,std,0,1700674191765.6135,0.0017006741917656135,27,10,0.37037037037037035,1.0,100000000000000.0,93.2532258605801,0.09377626255988103,10823.80009606107,36422454.43092041,739.3871302618373,273.84708528216197
1.09,std,0,1731581115243.6077,0.0017315811152436077,30,10,0.3333333333333333,1.0,100000000000000.0,84.77259387982124,0.09465178305844799,10905.203763491334,36041385.46742419,744.0361852882196,248.01206176273985
1.1,std,0,1762724988830.198,0.001762724988830198,24,10,0.4166666666666667,1.0,100000000000000.0,165.07397342664473,0.09552311455742028,10985.56440374913,35665499.66649557,748.5299075152457,311.8874614646857
1.11,std,0,1794104516995.3267,0.0017941045169953267,61,10,0.16393442622950818,1.0,100000000000000.0,102.81432745349817,0.09638999121794681,11064.886043964407,35294714.37049736,752.8675064783097,123.42090270136224
1.12,std,0,1825718409084.663,0.0018257184090846631,36,10,0.2777777777777778,1.0,100000000000000.0,118.46649195068134,0.09725214677973788,11143.172989662635,34928948.352648705,757.0482767826128,210.29118799517022
1.1300000000000001,std,0,1857565379494.6333,0.0018575653794946332,30,10,0.3333333333333333,1.0,100000000000000.0,205.1435119727786,0.09810931476444977,11220.429810651423,34568121.792101,761.0715977087474,253.69053256958244
1.1400000000000001,std,0,1889644147838.057,0.001889644147838057,20,10,0.5,1.0,100000000000000.0,96.03296140540337,0.09896122868272254,11296.66132732559,34212156.24944995,764.9369327958631,382.46846639793154
1.1500000000000001,std,0,1921953439100.7166,0.0019219534391007166,30,10,0.3333333333333333,1.0,100000000000000.0,99.62478818929863,0.09980762224459194,11371.872597474183,33860974.64260373,768.6438294054158,256.21460980180524
1.1600000000000001,std,0,1954491983789.1863,0.0019544919837891864,42,10,0.23809523809523808,1.0,100000000000000.0,124.9291053944243,0.10064822957298275,11446.068903528669,33514501.22304822,772.1919182612438,183.85521863362948
1.17,std,0,1987258518070.3345,0.0019872585180703345,31,10,0.3225806451612903,1.0,100000000000000.0,132.33887758390722,0.10148278541997709,11519.255740246703,33172661.552509196,775.5809129646326,250.18739127891374
1.18,std,0,2020251783902.62,0.00202025178390262,36,10,0.2777777777777778,1.0,100000000000000.0,120.16226582048864,0.1023110253855389,11591.438802839184,32835382.47995832,778.810609482691,216.3362804118586
1.19,std,0,2053470529159.6677,0.002053470529159668,21,10,0.47619047619047616,1.0,100000000000000.0,143.83147687956895,0.10313268613836393,11662.623975517057,32502592.119014297,781.8808856086345,372.32423124220685
1.2,std,0,2086913507746.2722,0.0020869135077462722,34,10,0.29411764705882354,1.0,100000000000000.0,126.78559626901627,0.1039475056385125,11732.817320431152,32174219.82570734,784.791700390526,230.82108835015472
1.21,std,0,2120579479707.2212,0.002120579479707221,50,10,0.2,1.0,100000000000000.0,100.1943570870452,0.1047552233614732,11802.025067026656,31850196.176586464,787.543093528518,157.5086187057036
1.22,std,0,2154467211329.1145,0.0021544672113291146,28,10,0.35714285714285715,1.0,100000000000000.0,155.89066996430088,0.10555558052329424,11870.253601762379,31530452.947203357,790.1351847371955,282.19113740614125
1.23,std,0,2188575475235.507,0.002188575475235507,34,10,0.29411764705882354,1.0,100000000000000.0,119.28955573240664,0.10634832030641155,11937.509458246117,31214923.090939093,792.5681730748391,233.10828619848212
1.24,std,0,2222903050475.5874,0.0022229030504755873,33,10,0.30303030303030304,1.0,100000000000000.0,139.7127996907568,0.10713318808579403,12003.799307677886,30903540.718176357,794.8423362317033,240.86131400960704
1.25,std,0,2257448722606.688,0.002257448722606688,47,10,0.2127659574468085,1.0,100000000000000.0,74.59301165376728,0.1079099316550206,12069.129949690732,30596241.075822484,796.9580297827675,169.56553825165267
1.26,std,0,2292211283770.821,0.002292211283770821,27,10,0.37037037037037035,1.0,100000000000000.0,106.39018940585947,0.10867830145189603,12133.508303525905,30292960.52715669,798.915686399485,295.8946986664759
1.27,std,0,2327189532765.474,0.002327189532765474,36,10,0.2777777777777778,1.0,100000000000000.0,87.90110811203421,0.10943805078320944,12196.941399537398,29993636.532022804,800.7158150202462,222.42105972784617
1.28,std,0,2362382275108.956,0.002362382275108956,25,10,0.4,1.0,100000000000000.0,144.12348203257326,0.11018893604823399,12259.436371009986,29698207.62734887,802.3589999776552,320.9435999910621
1.29,std,0,2397788323100.376,0.002397788323100376,22,10,0.45454545454545453,1.0,100000000000000.0,52.40978221268311,0.11093071696056572,12321.000446310709,29406613.407992665,803.8459000836204,365.38450003800926
1.3,std,0,2433406495874.6426,0.0024334064958746425,31,10,0.3225806451612903,1.0,100000000000000.0,80.01481515849096,0.11166315676789583,12381.640941341155,29118794.50790167,805.1772476696002,259.7345960224517
1.31,std,0,2469235619452.499,0.002469235619452499,30,10,0.3333333333333333,1.0,100000000000000.0,74.90452699197836,0.11238602246931209,12441.365252287305,28834692.581594545,806.353847581929,268.784615860643
1.32,std,0,2505274526785.9595,0.0025052745267859595,45,10,0.2222222222222222,1.0,100000000000000.0,124.1875392467625,0.11309908502972522,12500.180848623479,28554250.285959702,807.3765761293492,179.41701691763316
1.33,std,0,2541522057799.216,0.002541522057799216,32,10,0.3125,1.0,100000000000000.0,128.53315457236823,0.11380211959101888,12558.095266458142,28277411.26235228,808.2463799881197,252.5769937462874
1.34,std,0,2577977059425.2544,0.0025779770594252546,37,10,0.2702702702702703,1.0,100000000000000.0,161.75690756110455,0.11449490567952506,12615.116102079472,28004120.11900111,808.964275056106,218.63899325840703
1.35,std,0,2614638385638.345,0.0026146383856383453,37,10,0.2702702702702703,1.0,100000000000000.0,76.87553340951749,0.11517722740943068,12671.251005816304,27734322.413720313,809.5313452636622,218.79225547666547
1.36,std,0,2651504897482.584,0.002651504897482584,30,10,0.3333333333333333,1.0,100000000000000.0,119.48089609993824,0.11584887368172872,12726.507676111345,27467964.636896268,809.9487413343837,269.9829137781279
1.37,std,0,2688575463096.6587,0.0026885754630966586,15,10,0.6666666666666666,1.0,100000000000000.0,80.18866850058293,0.11650963837833293,12780.89385387174,27204994.194798715,810.2176795020641,540.1451196680428
1.3800000000000001,std,0,2725848957734.931,0.002725848957734931,48,10,0.20833333333333334,1.0,100000000000000.0,69.36093625411529,0.1171593205509839,12834.41731702219,26945359.393152125,810.3394401780834,168.82071670376737
1.3900000000000001,std,0,2763324263785.1274,0.0027633242637851276,59,10,0.1694915254237288,1.0,100000000000000.0,113.24942092272295,0.11779772460458442,12887.085875318093,26689009.4209975,810.315366574773,137.34158755504626
1.4000000000000001,std,0,2801000270782.6426,0.0028010002707826425,39,10,0.2564102564102564,1.0,100000000000000.0,136.63003233454606,0.11842466047461185,12938.907365355199,26435894.334847275,810.1468632819685,207.7299649440945
1.4100000000000001,std,0,2838875875421.679,0.0028388758754216794,42,10,0.23809523809523808,1.0,100000000000000.0,116.5351941591882,0.1190399437982678,12989.889645809348,26185965.04308979,809.8353947988588,192.81795114258543
1.42,std,0,2876949981563.3726,0.0028769499815633724,23,10,0.43478260869565216,1.0,100000000000000.0,126.57663311969752,0.1196433960790384,13040.040592873278,25939173.29070372,809.3824840223186,351.9054278357907
1.43,std,0,2915221500240.9536,0.0029152215002409537,38,10,0.2631578947368421,1.0,100000000000000.0,76.40821766895667,0.12023484484435139,13089.368095897018,25695471.644191947,808.7897106909301,212.83939755024474
1.44,std,0,2953689349662.1733,0.002953689349662173,33,10,0.30303030303030304,1.0,100000000000000.0,73.13230173694923,0.12081412379603326,13137.880053216615,25454813.47682177,808.05870978813,244.86627569337276
1.45,std,0,2992352455209.085,0.002992352455209085,51,10,0.19607843137254902,1.0,100000000000000.0,108.36566458215889,0.12138107295328354,13185.584368178857,25217152.95410143,807.1911699046234,158.27277841267124
1.46,std,0,3031209749435.21,0.00303120974943521,39,10,0.2564102564102564,1.0,100000000000000.0,71.32217022116257,0.12193553878790152,13232.488945330979,24982445.019521292,806.1888315609933,206.7150850156393
1.47,std,0,3070260172060.4253,0.0030702601720604254,35,10,0.2857142857142857,1.0,100000000000000.0,87.6027673699241,0.12247737435151856,13278.6016868043,24750645.38054905,805.0534854940532,230.0152815697295
1.48,std,0,3109502669963.396,0.003109502669963396,42,10,0.23809523809523808,1.0,100000000000000.0,120.78531434939357,0.12300643939460665,13323.930488829315,24521710.494854964,803.7869709045481,191.37785021536857
1.49,std,0,3148936197171.907,0.003148936197171907,43,10,0.23255813953488372,1.0,100000000000000.0,119.31570896053483,0.12352260047705375,13368.483238474546,24295597.556820426,802.3911736758721,186.60259852927257
1.5,std,0,3188559714851.0596,0.0031885597148510595,34,10,0.29411764705882354,1.0,100000000000000.0,124.2372297126738,0.1240257310701164,13412.267810464758,24072264.484238382,800.8680245544975,235.54941898661693
1.51,std,0,3228372191289.472,0.0032283721912894723,52,10,0.19230769230769232,1.0,100000000000000.0,52.96727606655728,0.12451571164958056,13455.29206420774,23851669.90529175,799.2194973052884,153.69605717409394
1.52,std,0,3268372601883.618,0.0032683726018836183,48,10,0.20833333333333334,1.0,100000000000000.0,60.6084686584637,0.12499242977998155,13497.563840963097,23633773.145745885,797.4476068381682,166.13491809128504
1.53,std,0,3308559929120.3003,0.0033085599291203,19,10,0.5263157894736842,1.0,100000000000000.0,83.31298891122451,0.12545578018975678,13539.090961084656,23418534.21637197,795.5544073053835,418.7128459502018
1.54,std,0,3348933162557.44,0.00334893316255744,48,10,0.20833333333333334,1.0,100000000000000.0,59.73723618208159,0.12590566483722512,13579.881221499794,23205913.800602216,793.5419901818701,165.32124795455627
1.55,std,0,3389491298803.2393,0.003389491298803239,33,10,0.30303030303030304,1.0,100000000000000.0,89.24294050395099,0.12634199296731044,13619.942393247002,22995873.24240182,791.4124823204636,239.82196433953442
1.56,std,0,3430233341493.8022,0.0034302333414938024,45,10,0.2222222222222222,1.0,100000000000000.0,78.32424746884736,0.12676468115894596,13659.282219140978,22788374.534365553,789.1680439892966,175.3706764420659
1.57,std,0,3471158301269.227,0.0034711583012692272,41,10,0.24390243902439024,1.0,100000000000000.0,76.34877594873721,0.12717365336312167,13697.908411609045,22583380.306024913,786.810866896394,191.90508948692536
1.58,std,0,3512265195748.394,0.003512265195748394,41,10,0.24390243902439024,1.0,100000000000000.0,111.9060410310444,0.1275688409315561,13735.828650585037,22380853.81236754,784.3431721979134,191.30321273119839
1.59,std,0,3553553049502.353,0.003553553049502353,26,10,0.38461538461538464,1.0,100000000000000.0,70.11502705212168,0.12795018263599814,13773.050581540561,22180758.922575094,781.767208497985,300.6796955761481
1.6,std,0,3595020894026.5425,0.0035950208940265425,29,10,0.3448275862068966,1.0,100000000000000.0,106.77133016180395,0.12831762467818383,13809.581813652907,21983060.10894857,779.0852498420395,268.65008615242743
1.61,std,0,3636667767711.742,0.0036366677677117424,37,10,0.2702702702702703,1.0,100000000000000.0,83.56997704175292,0.12867112069049735,13845.429917997039,21787722.43604854,776.2995937013048,209.81070100035268
1.62,std,0,3678492715813.978,0.003678492715813978,30,10,0.3333333333333333,1.0,100000000000000.0,66.15502970630013,0.12901063172740435,13880.602425948411,21594711.550035674,773.4125589616717,257.8041863205572
1.6300000000000001,std,0,3720494790423.3555,0.0037204947904233556,33,10,0.30303030303030304,1.0,100000000000000.0,78.07791747771032,0.1293361262477481,13915.106827554986,21403993.66818979,770.4264839056099,233.46257088048785
1.6400000000000001,std,0,3762673050431.89,0.0037626730504318902,38,10,0.2631578947368421,1.0,100000000000000.0,45.27976306987513,0.12964758008801838,13948.950570123021,21215535.568644308,767.3437242053127,201.93255900139806
1.6500000000000001,std,0,3805026561500.422,0.0038050265615004217,46,10,0.21739130434782608,1.0,100000000000000.0,105.51780905394794,0.12994497642672279,13982.14105681213,21029304.58028762,764.1666509169456,166.1231849819447
1.6600000000000001,std,0,3847554396024.6416,0.0038475543960246415,29,10,0.3448275862068966,1.0,100000000000000.0,76.8946007374274,0.13022830574001035,14014.685645331017,20845268.57286173,760.8976484852999,262.3784994776896
1.6700000000000002,std,0,3890255633100.2964,0.0038902556331002966,36,10,0.2777777777777778,1.0,100000000000000.0,97.66883199914761,0.13049756574871402,14046.59164673405,20663395.94724198,757.5391127612584,210.42753132257178
1.68,std,0,3933129358487.645,0.0039331293584876454,45,10,0.2222222222222222,1.0,100000000000000.0,108.18517830335315,0.13075276135699798,14077.866324291279,20483655.625891827,754.093449033324,167.5763220074053
1.69,std,0,3976174664575.1396,0.0039761746645751396,35,10,0.2857142857142857,1.0,100000000000000.0,72.53759059573017,0.13099390458281196,14108.516892417565,20306017.043500546,750.5630700756665,214.4465914501904
1.7,std,0,4019390650342.505,0.004019390650342505,30,10,0.3333333333333333,1.0,100000000000000.0,72.10698155638627,0.13122101448037002,14138.550515679974,20130450.13778125,746.9503942157821,248.98346473859402
1.71,std,0,4062776421323.108,0.004062776421323108,36,10,0.2777777777777778,1.0,100000000000000.0,91.30834912526883,0.13143411705488842,14167.974307908418,19956925.34045368,743.257843426766,206.46051206299057
1.72,std,0,4106331089565.8276,0.004106331089565827,46,10,0.21739130434782608,1.0,100000000000000.0,70.32130442885187,0.13163324516982902,14196.795331295745,19785413.568385925,739.4878414399526,160.7582263999897
1.73,std,0,4150053773596.314,0.004150053773596314,32,10,0.3125,1.0,100000000000000.0,73.62419767776086,0.1318184384469108,14225.020595667635,19615886.214899182,735.6428118902584,229.88837871570576
1.74,std,0,4193943598377.773,0.004193943598377773,47,10,0.2127659574468085,1.0,100000000000000.0,34.579260054551334,0.13198974315916043,14252.65705771357,19448315.141239457,731.7251764859288,155.6862077629636
1.75,std,0,4237999695271.282,0.0042379996952712825,36,10,0.2777777777777778,1.0,100000000000000.0,64.98851989372794,0.13214721211728916,14279.71162034074,19282672.668198943,727.7373532130415,202.14926478140043
1.76,std,0,4282221201995.6924,0.004282221201995692,31,10,0.3225806451612903,1.0,100000000000000.0,103.17654333515222,0.13229090454968861,14306.191132045898,19118931.567901675,723.6817545721909,233.4457272813519
1.77,std,0,4326607262587.1323,0.004326607262587132,56,10,0.17857142857142858,1.0,100000000000000.0,73.80696207468338,0.13242088597635046,14332.102386398481,18957065.055737577,719.5607858538231,128.492997473897
1.78,std,0,4371157027358.122,0.004371157027358122,42,10,0.23809523809523808,1.0,100000000000000.0,66.45630282331665,0.1325372280770222,14357.452121483306,18797046.782446537,715.3768434467346,170.32781986827013
1.79,std,0,4415869652856.421,0.004415869652856421,75,10,0.13333333333333333,1.0,100000000000000.0,66.7421724790167,0.13264000855391733,14382.247019494174,18638850.826349083,711.1323131913562,94.81764175884749
1.8,std,0,4460744301823.537,0.0044607443018235375,49,10,0.20408163265306123,1.0,100000000000000.0,84.00000527313574,0.1327293109893057,14406.493706296342,18482451.68572671,706.8295687706802,144.25093240217964
1.81,std,0,4505780143152.992,0.004505780143152992,67,10,0.14925373134328357,1.0,100000000000000.0,64.66093198984656,0.13280522469831382,14430.198751071468,18327824.271332726,702.4709701456619,104.84641345457639
1.82,std,0,4550976351848.352,0.004550976351848352,52,10,0.19230769230769232,1.0,100000000000000.0,35.009039963786584,0.132867844577269,14453.368666016366,18174943.89906127,698.0588620363684,134.24208885314778
1.83,std,0,4596332108981.041,0.004596332108981041,31,10,0.3225806451612903,1.0,100000000000000.0,61.73572116799214,0.13291727094792347,14476.009906054134,18023786.282729935,693.5955724467325,223.74050724088144
1.84,std,0,4641846601647.955,0.004641846601647955,36,10,0.2777777777777778,1.0,100000000000000.0,66.8633543368994,0.13295360939789763,14498.128868579246,17874327.527015675,689.083411236995,191.41205867694305
1.85,std,0,4687519022929.001,0.004687519022929001,23,10,0.43478260869565216,1.0,100000000000000.0,61.579706785172924,0.13297697061768127,14519.731893311267,17726544.12051855,684.524668747729,297.61942119466477
1.86,std,0,4733348571844.385,0.004733348571844384,39,10,0.2564102564102564,1.0,100000000000000.0,68.98508103650443,0.1329874702345315,14540.82526207201,17580412.92894541,679.9216144674928,174.33887550448532
1.87,std,0,4779334453311.865,0.004779334453311865,40,10,0.25,1.0,100000000000000.0,65.4084779360928,0.13298522864360543,14561.415198702658,17435911.18843124,675.2764957562205,168.81912393905512
1.8800000000000001,std,0,4825475878103.948,0.004825475878103948,48,10,0.20833333333333334,1.0,100000000000000.0,43.59828973540938,0.13297037083666333,14581.507868956982,17293016.49898085,670.5915366168254,139.7065701285053
1.8900000000000001,std,0,4871772062804.906,0.004871772062804906,28,10,0.35714285714285715,1.0,100000000000000.0,101.63245516749345,0.13294302622867502,14601.1093804192,17151706.818034906,665.868936518363,237.8103344708439
1.9000000000000001,std,0,4918222229767.848,0.004918222229767848,46,10,0.21739130434782608,1.0,100000000000000.0,68.7368271026195,0.13290332848265865,14620.225782513631,17011960.454154097,661.1108692742832,143.71975419006156
1.9100000000000001,std,0,4964825607071.724,0.004964825607071724,43,10,0.23255813953488372,1.0,100000000000000.0,108.50353690029633,0.13285141533307546,14638.86306646649,16873756.06082675,656.3194819701355,152.63243766747337
1.9200000000000002,std,0,5011581428478.331,0.005011581428478331,52,10,0.19230769230769232,1.0,100000000000000.0,61.608199226197335,0.13278742840810062,14657.027165335932,16737072.630372385,651.4968939454947,125.28786422028745
1.93,std,0,5058488933389.311,0.00505848893338931,37,10,0.2702702702702703,1.0,100000000000000.0,80.42445017512506,0.13271151305108214,14674.723954075082,16601889.488000676,646.6451958311073,174.76897184624525
1.94,std,0,5105547366803.19,0.0051055473668031905,46,10,0.21739130434782608,1.0,100000000000000.0,60.637297466961414,0.1326238181414942,14691.95924959377,16468186.28592861,641.7664486361999,139.51444535569564
1.95,std,0,5152755979272.44,0.00515275597927244,52,10,0.19230769230769232,1.0,100000000000000.0,45.33653550213044,0.13252449591568408,14708.73881086607,16335942.997650843,636.8626828918764,122.47359286382239
1.96,std,0,5200114026860.586,0.005200114026860586,58,10,0.1724137931034483,1.0,100000000000000.0,79.27356487316075,0.13241370178770218,14725.068339053028,16205139.912292665,631.9358978465028,108.95446514594877
1.97,std,0,5247620771099.458,0.005247620771099458,44,10,0.22727272727272727,1.0,100000000000000.0,46.72452896767295,0.13229159417049882,14740.953477615198,16075757.62908553,626.9880607134869,142.49728652579248
1.98,std,0,5295275478946.403,0.005295275478946404,60,10,0.16666666666666666,1.0,100000000000000.0,39.783368003049574,0.13215833429775978,14756.399812536227,15947777.051919853,622.0211059746888,103.67018432911479
1.99,std,0,5343077422741.6875,0.005343077422741688,41,10,0.24390243902439024,1.0,100000000000000.0,45.61272200805062,0.1320140860466449,14771.412872430024,15821179.384035045,617.0369347317734,150.49681334921303
2.0,std,0,5391025880165.971,0.00539102588016597,44,10,0.22727272727272727,1.0,100000000000000.0,64.11295599537907,0.13185901576168338,14785.998128805506,15695946.122775251,612.0374141140321,139.09941229864367
2.01,std,0,5439120134197.917,0.005439120134197917,38,10,0.2631578947368421,1.0,100000000000000.0,59.79283964715246,0.13169329208006922,14800.160996230106,15572059.054465903,607.0243767333696,159.74325703509726
2.02,std,0,5487359473071.898,0.005487359473071898,62,10,0.16129032258064516,1.0,100000000000000.0,56.74262716101848,0.13151708575859106,14813.906832623461,15449500.249373306,601.9996201941451,97.09671293453953
2.03,std,0,5535743190235.88,0.00553574319023588,64,10,0.15625,1.0,100000000000000.0,68.93163488806906,0.13133056950241706,14827.240939429817,15328252.056764135,596.964906647462,93.27576666366595
2.04,std,0,5584270584309.432,0.005584270584309431,42,10,0.23809523809523808,1.0,100000000000000.0,39.04229055421153,0.13113391779594796,14840.168561948045,15208297.100052891,591.9219624002152,140.9338005714798
2.05,std,0,5632940959041.907,0.005632940959041907,33,10,0.30303030303030304,1.0,100000000000000.0,71.22463165756957,0.13092730673593825,14852.69488958118,15089618.27204791,586.872477568743,177.8401447178009
2.0599999999999996,std,0,5681753623270.796,0.0056817536232707955,42,10,0.23809523809523808,1.0,100000000000000.0,37.82194995997647,0.1307109138670736,14864.825056119713,14972198.730271557,581.8181057799943,138.52812042380816
2.07,std,0,5730707890880.247,0.005730707890880247,71,10,0.14084507042253522,1.0,100000000000000.0,40.865881515592285,0.1304849180201844,14876.56414005046,14856021.89238433,576.7604639200993,81.23386815776047
2.0799999999999996,std,0,5779803080759.766,0.005779803080759765,45,10,0.2222222222222222,1.0,100000000000000.0,38.669483894478695,0.1302494991532604,14887.917164871365,14741071.431683572,571.7011319274308,127.0446959838735
2.09,std,0,5829038516763.13,0.00582903851676313,54,10,0.18518518518518517,1.0,100000000000000.0,76.39112890594988,0.13000483819542183,14898.889099427082,14627331.272682121,566.6416526299272,104.93363937591243
2.0999999999999996,std,0,5878413527667.477,0.005878413527667476,50,10,0.2,1.0,100000000000000.0,52.436998757901186,0.12975111689399202,14909.484858208927,14514785.586787315,561.583531624253,112.31670632485061
2.11,std,0,5927927447132.628,0.005927927447132628,33,10,0.30303030303030304,1.0,100000000000000.0,44.22419384500246,0.12948851766480282,14919.709301739778,14403418.788036415,556.5282371985869,168.64492036320817
2.1199999999999997,std,0,5977579613660.575,0.005977579613660575,40,10,0.25,1.0,100000000000000.0,67.13126321691354,0.1292172234458553,14929.56723689407,14293215.5289337,551.4772002939146,137.86930007347866
2.13,std,0,6027369370555.251,0.006027369370555251,56,10,0.17857142857142858,1.0,100000000000000.0,70.5726345481803,0.12893741755444604,14939.063417282674,14184160.69634576,546.4318145058952,97.57710973319557
2.1399999999999997,std,0,6077296065882.477,0.006077296065882477,55,10,0.18181818181818182,1.0,100000000000000.0,49.44310397278473,0.12864928354785926,14948.202543592917,14076239.407488255,541.3934361232493,98.43517020422715
2.15,std,0,6127359052430.112,0.006127359052430112,43,10,0.23255813953488372,1.0,100000000000000.0,58.09321039579373,0.12835300508771263,14956.98926399572,13969437.005973084,536.363384204377,124.73567074520395
2.1599999999999997,std,0,6177557687668.57,0.006177557687668571,38,10,0.2631578947368421,1.0,100000000000000.0,54.543940222264,0.12804876580803742,14965.428174504525,13863739.057946578,531.3429406878795,139.82708965470513
2.17,std,0,6227891333711.34,0.00622789133371134,44,10,0.22727272727272727,1.0,100000000000000.0,52.284891524348986,0.12773674918715994,14973.523819379456,13759131.34827611,526.3333505374846,119.6212160312465
2.1799999999999997,std,0,6278359357276.027,0.006278359357276027,51,10,0.19607843137254902,1.0,100000000000000.0,39.216398234645524,0.1274171384234439,14981.280691490705,13655599.876833957,521.3358219188682,102.22271018017024
2.19,std,0,6328961129645.406,0.0063289611296454065,54,10,0.18518518518518517,1.0,100000000000000.0,52.662273359576126,0.12709011631494216,14988.703232772012,13553130.854817575,516.3515264093589,95.62065303877017
2.1999999999999997,std,0,6379696026628.823,0.006379696026628823,35,10,0.2857142857142857,1.0,100000000000000.0,58.961916977966766,0.12675586514299808,14995.795834563643,13451710.70117912,511.3815992349553,146.10902835284435
2.21,std,0,6430563428523.91,0.00643056342852391,68,10,0.14705882352941177,1.0,100000000000000.0,49.32355556831087,0.12641456655982633,15002.562838059215,13351326.039074074,506.4271395374119,74.47457934373705
2.2199999999999998,std,0,6481562720078.394,0.006481562720078393,42,10,0.23809523809523808,1.0,100000000000000.0,28.483548422810266,0.1260664014800965,15009.008534705765,13251963.692418212,501.48921066822345,119.40219301624367
2.23,std,0,6532693290452.337,0.006532693290452337,29,10,0.3448275862068966,1.0,100000000000000.0,59.058871995969774,0.1257115499765309,15015.137166616452,13153610.682476113,496.56884050734664,171.23063465770574
2.2399999999999998,std,0,6583954533180.508,0.006583954533180508,68,10,0.14705882352941177,1.0,100000000000000.0,49.331213037056486,0.12535019117952442,15020.952926988077,13056254.22453316,491.6670218070702,72.30397379515739
2.25,std,0,6635345846135.103,0.006635345846135103,49,10,0.20408163265306123,1.0,100000000000000.0,85.44320456624658,0.12498250318078254,15026.459960537499,12959881.724614153,486.7847125587853,99.34381888954803
2.26,std,0,6686866631488.648,0.006686866631488648,55,10,0.18181818181818182,1.0,100000000000000.0,38.56305570969688,0.12460866294096873,15031.662363890608,12864480.776277887,481.9228363803277,87.6223338873323
2.27,std,0,6738516295677.281,0.006738516295677281,19,10,0.5263157894736842,1.0,100000000000000.0,56.108860730839524,0.12422884620134438,15036.564186058788,12770039.157449897,477.08228292559915,251.09593838189429
2.28,std,0,6790294249364.178,0.006790294249364177,44,10,0.22727272727272727,1.0,100000000000000.0,44.81711284064344,0.12384322739937846,15041.169428815281,12676544.827336488,472.2639083107548,107.33270643426245
2.29,std,0,6842199907403.345,0.0068421999074033445,44,10,0.22727272727272727,1.0,100000000000000.0,59.48416024186006,0.12345197958829715,15045.48204715719,12583985.923375618,467.4685355600664,106.24284899092419
2.3,std,0,6894232688803.626,0.006894232688803626,70,10,0.14285714285714285,1.0,100000000000000.0,48.35753132334666,0.12305527436053831,15049.50594970817,12492350.758259717,462.6969550669206,66.09956500956008
2.31,std,0,6946392016693.01,0.00694639201669301,39,10,0.2564102564102564,1.0,100000000000000.0,41.89918681265009,0.12265328177506969,15053.244999205273,12401627.816991834,457.9499250718293,117.42305771072544
2.32,std,0,6998677318283.224,0.006998677318283224,45,10,0.2222222222222222,1.0,100000000000000.0,50.98020782245152,0.12224617028852493,15056.703012847505,12311805.754026573,453.228172151323,100.71737158918289
2.3299999999999996,std,0,7051088024834.554,0.007051088024834553,53,10,0.18867924528301888,1.0,100000000000000.0,49.25208704627861,0.12183410669010708,15059.883762797133,12222873.3904306,448.5323917231582,84.62875315531286
2.34,std,0,7103623571620.964,0.007103623571620964,34,10,0.29411764705882354,1.0,100000000000000.0,32.55133399075708,0.12141725604020252,15062.790976591268,12134819.711121293,443.86324856140834,130.54801428276716
2.3499999999999996,std,0,7156283397895.53,0.00715628339789553,33,10,0.30303030303030304,1.0,100000000000000.0,60.461661594639416,0.12099578161264772,15065.428337550486,12047633.862132035,439.22137732120143,133.09738706703075
2.36,std,0,7209066946856.085,0.007209066946856085,57,10,0.17543859649122806,1.0,100000000000000.0,40.96092710486458,0.12056984484058411,15067.799485256772,11961305.147949908,434.607383075824,76.24690931154807
2.3699999999999997,std,0,7261973665611.183,0.007261973665611183,31,10,0.3225806451612903,1.0,100000000000000.0,50.95556464859252,0.12013960526583477,15069.908015937679,11875823.028886234,430.0218418589195,138.7167231802966
2.38,std,0,7315003005146.324,0.007315003005146324,37,10,0.2702702702702703,1.0,100000000000000.0,44.29313868989345,0.11970522049173256,15071.757482942045,11791177.118503083,425.46530121707667,114.99062195056126
2.3899999999999997,std,0,7368154420290.447,0.007368154420290447,54,10,0.18518518518518517,1.0,100000000000000.0,42.6098899626716,0.1192668461393275,15073.351397137489,11707357.181081956,420.93828076641535,77.9515334752621
2.4,std,0,7421427369682.729,0.007421427369682728,39,10,0.2564102564102564,1.0,100000000000000.0,49.20589014679632,0.11882463580689664,15074.693227352025,11624353.129135568,416.44127275582525,106.77981352713466
2.4099999999999997,std,0,7474821315739.624,0.007474821315739624,51,10,0.19607843137254902,1.0,100000000000000.0,47.358710306365154,0.11837874103268001,15075.786400813093,11542155.020976886,411.9747426351121,80.77936130100237
2.42,std,0,7528335724622.201,0.007528335724622201,42,10,0.23809523809523808,1.0,100000000000000.0,49.7598781442381,0.11792931126076286,15076.634303548373,11460753.05831884,407.5391296252779,97.03312610125664
2.4299999999999997,std,0,7581970066203.768,0.007581970066203768,47,10,0.2127659574468085,1.0,100000000000000.0,61.92634985784866,0.1174764938100209,15077.24028084892,11380137.583922423,403.13484729351495,85.77337176457765
2.44,std,0,7635723814037.72,0.00763572381403772,40,10,0.25,1.0,100000000000000.0,58.78520843359546,0.11702043384604897,15077.607637668136,11300299.079290532,398.762284128561,99.69057103214026
2.4499999999999997,std,0,7689596445325.702,0.0076895964453257025,79,10,0.12658227848101267,1.0,100000000000000.0,26.287607179659716,0.11656127435598546,15077.739639041505,11221228.162397789,394.4218041176539,49.926810647804295
2.46,std,0,7743587440886.07,0.00774358744088607,76,10,0.13157894736842105,1.0,100000000000000.0,61.43512732469959,0.11609915612615085,15077.639510524506,11142915.58546343,390.1137473245164,51.33075622691005
2.4699999999999998,std,0,7797696285122.54,0.00779769628512254,57,10,0.17543859649122806,1.0,100000000000000.0,59.00316012515268,0.11563421772241134,15077.310438599377,11065352.232765501,385.83843046630744,67.69095271338726
2.48,std,0,7851922465993.215,0.007851922465993215,62,10,0.16129032258064516,1.0,100000000000000.0,34.196002521697615,0.11516659547318477,15076.75557111376,10988529.118494129,381.59614749047336,61.547765724269894
2.4899999999999998,std,0,7906265474979.77,0.00790626547497977,31,10,0.3225806451612903,1.0,100000000000000.0,57.257387668285745,0.11469642345499854,15075.978017655574,10912437.38464076,377.3871701482936,121.73779682203019
2.5,std,0,7960724807057.013,0.007960724807057012,37,10,0.2702702702702703,1.0,100000000000000.0,55.47876265184082,0.11422383348051643,15074.980850006135,10837068.298925612,373.2117485682622,100.86804015358437
2.51,std,0,8015299960662.66,0.00801529996066266,42,10,0.23809523809523808,1.0,100000000000000.0,38.40539300137868,0.11374895508894493,15073.767102533191,10762413.25276639,369.0701118252987,87.87383614888063
2.52,std,0,8069990437667.344,0.008069990437667344,64,10,0.15625,1.0,100000000000000.0,68.0700301233045,0.11327191553873434,15072.33977259991,10688463.759278566,364.9624685068844,57.02538570420069
2.53,std,0,8124795743344.995,0.008124795743344996,65,10,0.15384615384615385,1.0,100000000000000.0,65.28401607119162,0.112792839802488,15070.701820969784,10615211.451314276,360.88900727535577,55.52138573467012
2.54,std,0,8179715386343.339,0.008179715386343338,75,10,0.13333333333333333,1.0,100000000000000.0,50.083482077009464,0.11231185056399447,15068.856172215254,10542648.079530537,356.8498974257614,47.57998632343485
2.55,std,0,8234748878654.827,0.008234748878654828,66,10,0.15151515151515152,1.0,100000000000000.0,54.68801618389817,0.11182906821729809,15066.80571511779,10470765.510502744,352.84528943909066,53.461407490771315
2.56,std,0,8289895735587.684,0.008289895735587683,40,10,0.25,1.0,100000000000000.0,53.23565876266072,0.1113446108677235,15064.553303060944,10399555.724859066,348.87531552968284,87.21882888242071
2.57,std,0,8345155475737.282,0.008345155475737283,38,10,0.2631578947368421,1.0,100000000000000.0,33.42246360251491,0.11085859433477233,15062.101754421888,10329010.815461004,344.9400901874328,90.77370794406126
2.5799999999999996,std,0,8400527620957.807,0.008400527620957807,42,10,0.23809523809523808,1.0,100000000000000.0,50.22680600372136,0.11037113215680884,15059.453852983019,10259122.985599501,341.0397107138904,81.19993112235484
2.59,std,0,8456011696334.106,0.008456011696334106,42,10,0.23809523809523808,1.0,100000000000000.0,62.24792577780622,0.10988233559745512,15056.612348312014,10189884.547240347,337.1742577518725,80.27958517901726
2.5999999999999996,std,0,8511607230153.829,0.00851160723015383,44,10,0.22727272727272727,1.0,100000000000000.0,35.571190788706545,0.109392313653616,15053.579956134847,10121287.9192909,333.3437958079403,75.7599535927137
2.61,std,0,8567313753879.855,0.008567313753879856,69,10,0.14492753623188406,1.0,100000000000000.0,41.6498426422434,0.108901173065055,15050.359358724387,10053325.625898778,329.5483737683259,47.76063387946753
2.6199999999999997,std,0,8623130802122.8955,0.008623130802122896,42,10,0.23809523809523808,1.0,100000000000000.0,35.171191266886865,0.1084090183254463,15046.953205321615,9985990.294780755,325.7880254083431,77.56857747817693
2.63,std,0,8679057912614.464,0.008679057912614464,61,10,0.16393442622950818,1.0,100000000000000.0,76.19905098462951,0.10791595169482557,15043.364112436351,9919274.6555814,322.0627698916947,52.797175392081094
2.6399999999999997,std,0,8735094626179.959,0.008735094626179959,87,10,0.11494252873563218,1.0,100000000000000.0,33.86167768703007,0.10742207321336858,15039.594664304424,9853171.53826193,318.3726122655561,36.594553133971964
2.65,std,0,8791240486712.109,0.008791240486712109,62,10,0.16129032258064516,1.0,100000000000000.0,55.39880302608714,0.10692748071642302,15035.647413202127,9787673.871516135,314.7175439446126,50.76089418461493
2.6599999999999997,std,0,8847495041144.627,0.008847495041144626,77,10,0.12987012987012986,1.0,100000000000000.0,33.37102591183488,0.10643226985072582,15031.524879825896,9722774.681209411,311.0975431883087,40.40227833614398
2.67,std,0,8903857839426.059,0.00890385783942606,65,10,0.15384615384615385,1.0,100000000000000.0,57.211002754322486,0.10593653409173551,15027.229553689069,9658467.088857314,307.51257557058926,47.30962701085989
2.6799999999999997,std,0,8960328434493.951,0.008960328434493951,39,10,0.2564102564102564,1.0,100000000000000.0,28.59364733163713,0.10544036476201399,15022.763893442987,9594744.310116976,303.96259443925,77.93912677929487
2.69,std,0,9016906382249.262,0.009016906382249262,81,10,0.12345679012345678,1.0,100000000000000.0,32.22843443398787,0.1049438510505919,15018.130327260033,9531599.653310519,300.4475413682771,37.09228905781198
2.6999999999999997,std,0,9073591241530.887,0.009073591241530886,58,10,0.1724137931034483,1.0,100000000000000.0,34.60751077814979,0.10444708003325524,15013.331253192553,9469026.51798176,296.96734660132233,51.2012666554004
2.71,std,0,9130382574090.65,0.009130382574090651,60,10,0.16666666666666666,1.0,100000000000000.0,61.93625667045264,0.10395013669369071,15008.369039496942,9407018.393461363,293.52192948527994,48.920321580879985
2.7199999999999998,std,0,9187279944568.262,0.009187279944568262,60,10,0.16666666666666666,1.0,100000000000000.0,31.955713084968018,0.10345310394543139,15003.246025026672,9345568.857473286,290.1111988970111,48.35186648283518
2.73,std,0,9244282920466.723,0.009244282920466723,37,10,0.2702702702702703,1.0,100000000000000.0,48.94755298783057,0.10295606265454338,14997.964519534873,9284671.574754989,286.7350536591454,77.49596044841769
2.7399999999999998,std,0,9301391072127.902,0.009301391072127902,80,10,0.125,1.0,100000000000000.0,38.96368527882544,0.10245909166299956,14992.526804055875,9224320.295706078,283.3933829487409,35.42417286859261
2.75,std,0,9358603972708.271,0.009358603972708272,68,10,0.14705882352941177,1.0,100000000000000.0,44.66186297524648,0.10196226781268383,14986.935131215932,9164508.855059594,280.086066695679,41.18912745524691
2.76,std,0,9415921198154.95,0.00941592119815495,65,10,0.15384615384615385,1.0,100000000000000.0,43.01562151272754,0.10146566596997589,14981.191725585855,9105231.170576822,276.81297597301767,42.586611688156566
2.77,std,0,9473342327181.986,0.009473342327181986,81,10,0.12345679012345678,1.0,100000000000000.0,30.090274122770165,0.10096935905086413,14975.298784009532,9046481.241760328,273.57397337787717,33.77456461455274
2.78,std,0,9530866941246.791,0.009530866941246791,77,10,0.12987012987012986,1.0,100000000000000.0,34.319643306136385,0.1004734180465394,14969.258475925402,8988253.148596747,270.3689134035814,35.11284589656901
2.79,std,0,9588494624526.844,0.009588494624526843,45,10,0.2222222222222222,1.0,100000000000000.0,35.57538806263103,0.09997791204942123,14963.072943722802,8930541.050315544,267.19764280342116,59.37725395631581
2.8,std,0,9646224963896.615,0.009646224963896615,50,10,0.2,1.0,100000000000000.0,21.980770839981595,0.09948290827957305,14956.744303018193,8873339.184167327,264.0600009441207,52.81200018882414
2.81,std,0,9704057548904.742,0.009704057548904741,74,10,0.13513513513513514,1.0,100000000000000.0,51.38713286117147,0.09898847211146117,14950.274643024855,8816641.86423281,260.955820152529,35.264300020612026
2.82,std,0,9761991971751.314,0.009761991971751314,44,10,0.22727272727272727,1.0,100000000000000.0,24.435479007227908,0.09849466710101733,14943.666026843213,8760443.480241075,257.8849260518498,58.6102104663295
2.8299999999999996,std,0,9820027827265.531,0.00982002782726553,79,10,0.12658227848101267,1.0,100000000000000.0,26.19931008690953,0.09800155501296365,14936.92049175785,8704738.496411402,254.84713788948548,32.25913137841589
2.84,std,0,9878164712883.41,0.00987816471288341,73,10,0.136986301369863,1.0,100000000000000.0,56.973011882000876,0.09750919584836228,14930.04004959828,8649521.450322606,251.84226885763997,34.498940939402736
2.8499999999999996,std,0,9936402228625.855,0.009936402228625855,60,10,0.16666666666666666,1.0,100000000000000.0,51.69091132970168,0.097017647872353,14923.026686999254,8594786.951786837,248.87012640326333,41.478354400543886
2.86,std,0,9994739977076.834,0.009994739977076833,37,10,0.2702702702702703,1.0,100000000000000.0,41.86974804133005,0.09652696764204288,14915.882365726686,8540529.681758447,245.93051253120203,66.46770608951407
2.8699999999999997,std,0,10053177563361.787,0.010053177563361788,41,10,0.24390243902439024,1.0,100000000000000.0,43.15686245613368,0.09603721003451575,14908.609022975032,8486744.391249523,243.02322409820007,59.273957097121965
2.88,std,0,10111714595126.322,0.010111714595126322,63,10,0.15873015873015872,1.0,100000000000000.0,34.467546337390274,0.0955484282749277,14901.208571664665,8433425.9002663,240.14805309876934,38.11873858710624
2.8899999999999997,std,0,10170350682514.926,0.010170350682514926,67,10,0.14925373134328357,1.0,100000000000000.0,42.15323724886481,0.09506067396466021,14893.682900739255,8380569.09677265,237.3047869432133,35.4186249168975
2.9,std,0,10229085438150.158,0.010229085438150157,59,10,0.1694915254237288,1.0,100000000000000.0,47.56513513159524,0.09457399710949974,14886.033875447944,8328168.935656688,234.493208726991,39.74461164864254
2.9099999999999997,std,0,10287918477111.73,0.01028791847711173,61,10,0.16393442622950818,1.0,100000000000000.0,37.658706925381885,0.0940884461478178,14878.26333764049,8276220.437724468,231.7130974926874,37.985753687325804
2.92,std,0,10346849416916.092,0.010346849416916092,60,10,0.16666666666666666,1.0,100000000000000.0,32.90301587746279,0.09360406797872392,14870.373106062807,8224718.688710108,228.9642284841911,38.16070474736518
2.9299999999999997,std,0,10405877877495.918,0.010405877877495919,66,10,0.15151515151515152,1.0,100000000000000.0,33.10275568729452,0.09312090799016796,14862.364976613168,8173658.8382961275,226.2463733924326,34.279753544307965
2.94,std,0,10465003481180.055,0.010465003481180055,50,10,0.2,1.0,100000000000000.0,47.89004803378869,0.09263901008696694,14854.240722639222,8123036.099160874,223.5593005945337,44.71186011890674
2.9499999999999997,std,0,10524225852673.508,0.010524225852673508,61,10,0.16393442622950818,1.0,100000000000000.0,22.434392235369494,0.09215841671873516,14846.002095224245,8072845.746031287,220.90277538507726,36.21356973525857
2.96,std,0,10583544619037.643,0.010583544619037643,47,10,0.2127659574468085,1.0,100000000000000.0,40.584595677282444,0.09167916890769558,14837.650823426296,8023083.114753859,218.27656019946994,46.44182131903616
2.9699999999999998,std,0,10642959409670.584,0.010642959409670584,64,10,0.15625,1.0,100000000000000.0,32.564765335549744,0.0912013062763538,14829.188614588586,7973743.601392691,215.6804148315497,33.70006481742964
2.98,std,0,10702469856287.89,0.01070246985628789,72,10,0.1388888888888889,1.0,100000000000000.0,44.24642173493546,0.09072486707501438,14820.61715455712,7924822.661321773,213.11409664223402,29.59918008919917
2.9899999999999998,std,0,10762075592903.213,0.010762075592903212,53,10,0.18867924528301888,1.0,100000000000000.0,39.296269985558624,0.09024988820912404,14811.938108006634,7876315.808353685,210.57736076346825,39.731577502541185
3.0,std,0,10821776255809.39,0.010821776255809391,73,10,0.136986301369863,1.0,100000000000000.0,32.27567409180658,0.0897764052664229,14803.153118631924,7828218.613865179,208.06996029299717,28.502734286711938
3.01,std,0,10881571483559.512,0.010881571483559511,50,10,0.2,1.0,100000000000000.0,38.573619333391676,0.08930445254389056,14794.263809478598,7780526.705950752,205.59164648490446,41.118329296980896
3.02,std,0,10941460916948.271,0.01094146091694827,58,10,0.1724137931034483,1.0,100000000000000.0,30.0932123682789,0.08883406307447111,14785.271783125496,7733235.768582869,203.14216893137478,35.02451188471979
3.03,std,0,11001444198993.523,0.011001444198993524,61,10,0.16393442622950818,1.0,100000000000000.0,42.7513732504626,0.08836526865356453,14776.178621994315,7686341.540784624,200.72127573988732,32.90512717047333
3.04,std,0,11061520974917.92,0.01106152097491792,94,10,0.10638297872340426,1.0,100000000000000.0,31.142880305551508,0.08789809986527143,14766.98588855799,7639839.815826388,198.32871370307365,21.09879933011422
3.05,std,0,11121690892130.8,0.011121690892130802,48,10,0.20833333333333334,1.0,100000000000000.0,40.131211064510346,0.08743258610838046,14757.695125626211,7593726.440420668,195.9642284631873,40.82588092983069
3.06,std,0,11181953600210.248,0.011181953600210248,37,10,0.2702702702702703,1.0,100000000000000.0,46.14654448215349,0.08696875562208634,14748.307856540083,7547997.313944066,193.62756466978954,52.33177423507826
3.07,std,0,11242308750885.268,0.011242308750885268,63,10,0.15873015873015872,1.0,100000000000000.0,37.76154076832137,0.08650663551143015,14738.825585468026,7502648.387664568,191.31846613281746,30.36801049727261
3.08,std,0,11302755998018.215,0.011302755998018214,73,10,0.136986301369863,1.0,100000000000000.0,28.38151931891855,0.08604625177245216,14729.24979758487,7457675.663981256,189.0366759684535,25.89543506417171
3.09,std,0,11363294997587.332,0.011363294997587332,53,10,0.18867924528301888,1.0,100000000000000.0,46.927926249302764,0.08558762931704852,14719.581959357354,7413075.195680463,186.78193674099114,35.24187485679079
3.0999999999999996,std,0,11423925407669.475,0.011423925407669474,55,10,0.18181818181818182,1.0,100000000000000.0,32.53673091244068,0.08513079199752545,14709.82351873993,7368843.085202581,184.55399059811813,33.55527101783966
3.11,std,0,11484646888423.002,0.011484646888423001,39,10,0.2564102564102564,1.0,100000000000000.0,39.9079842098862,0.08467576263084305,14699.97590544764,7324975.48391775,182.35257940186844,46.75707164150472
3.1199999999999997,std,0,11545459102070.818,0.011545459102070818,74,10,0.13513513513513514,1.0,100000000000000.0,48.019920363597194,0.08422256302254322,14690.040531105198,7281468.591418872,180.17744485305255,24.348303358520617
3.13,std,0,11606361712883.62,0.01160636171288362,60,10,0.16666666666666666,1.0,100000000000000.0,42.255043487185915,0.08377121399035611,14680.018789568088,7238318.654820386,178.02832861271833,29.67138810211972
3.1399999999999997,std,0,11667354387163.246,0.011667354387163245,62,10,0.16129032258064516,1.0,100000000000000.0,37.580054563715706,0.08332173538748046,14669.91205707904,7195521.968076602,175.90497241691472,28.371769744663663
3.15,std,0,11728436793226.252,0.011728436793226252,75,10,0.13333333333333333,1.0,100000000000000.0,33.35224574078075,0.08287414612553251,14659.721692477899,7153074.871296239,173.80711818705745,23.174282424940994
3.1599999999999997,std,0,11789608601387.574,0.011789608601387573,66,10,0.15151515151515152,1.0,100000000000000.0,25.5295276956055,0.08242846419716175,14649.44903748269,7110973.750088734,171.73450813705816,26.02038002076639
3.17,std,0,11850869483944.387,0.011850869483944386,74,10,0.13513513513513514,1.0,100000000000000.0,38.633174934053564,0.0819847066983287,14639.095416846836,7069215.034901877,169.68688487402568,22.93066011811158
3.1799999999999997,std,0,11912219115160.123,0.011912219115160123,58,10,0.1724137931034483,1.0,100000000000000.0,51.03959568999872,0.0815428898502426,14628.662138573474,7027795.200383879,167.66399149566357,28.907584740631652
3.19,std,0,11973657171248.627,0.011973657171248627,131,10,0.07633587786259542,1.0,100000000000000.0,32.99571542569157,0.08110302902095701,14618.150494160183,6986710.76474544,165.6655716835402,12.646226846071771
3.1999999999999997,std,0,12035183330358.502,0.012035183330358502,77,10,0.12987012987012986,1.0,100000000000000.0,47.17555709819823,0.08066513874662186,14607.561758758424,6945958.289138465,163.69136979143354,21.258619453432924
3.21,std,0,12096797272557.514,0.012096797272557514,73,10,0.136986301369863,1.0,100000000000000.0,25.619528669593404,0.08022923275238983,14596.897191416776,6905534.377048772,161.74113093074985,22.15631930558217
3.2199999999999998,std,0,12158498679817.248,0.012158498679817248,47,10,0.2127659574468085,1.0,100000000000000.0,24.194804899156804,0.07979532397297763,14586.158035264862,6865435.673682141,159.81460105101164,34.00310660659822
3.23,std,0,12220287235997.877,0.012220287235997877,99,10,0.10101010101010101,1.0,100000000000000.0,34.98193998451625,0.07936342457287976,14575.345517690579,6825658.865381889,157.91152701704854,15.950659294651368
3.2399999999999998,std,0,12282162626832.998,0.012282162626832998,50,10,0.2,1.0,100000000000000.0,22.331406975870667,0.07893354596623703,14564.460850589277,6786200.679036681,156.03165668288713,31.206331336577428
3.25,std,0,12344124539914.785,0.012344124539914784,74,10,0.13513513513513514,1.0,100000000000000.0,40.37058359500689,0.07850569883635809,14553.505230491312,6747057.881511198,154.17473896110087,20.83442418393255
3.26,std,0,12406172664679.104,0.012406172664679103,83,10,0.12048192771084337,1.0,100000000000000.0,30.644950013833203,0.07807989315489611,14542.47983881789,6708227.279078383,152.34052388995622,18.354279986741712
3.27,std,0,12468306692390.867,0.012468306692390867,73,10,0.136986301369863,1.0,100000000000000.0,31.297312292552043,0.0776561382006801,14531.385842011592,6669705.71686476,150.5287626959945,20.62037845150609
3.28,std,0,12530526316129.535,0.012530526316129536,90,10,0.1111111111111111,1.0,100000000000000.0,25.9147784727699,0.07723444257820353,14520.224391778132,6631490.078299773,148.7392078544753,16.526578650497253
3.29,std,0,12592831230774.709,0.012592831230774709,53,10,0.18867924528301888,1.0,100000000000000.0,38.23083685482662,0.07681481423577075,14508.996625219097,6593577.284582875,146.97161314577409,27.73049304637247
3.3,std,0,12655221132991.807,0.012655221132991806,40,10,0.25,1.0,100000000000000.0,23.702257309927276,0.07639726048330328,14497.703665053688,6555964.294144623,145.2257337093714,36.30643342734285
3.31,std,0,12717695721218.156,0.012717695721218156,97,10,0.10309278350515463,1.0,100000000000000.0,28.40586326711172,0.0759817880098082,14486.346619765549,6518648.1021335395,143.50132609455216,14.793951143768263
3.32,std,0,12780254695648.74,0.01278025469564874,77,10,0.12987012987012986,1.0,100000000000000.0,37.3159865281139,0.07556840290051019,14474.926583832666,6481625.739898744,141.79814830884453,18.415343936213574
3.33,std,0,12842897758222.582,0.012842897758222583,82,10,0.12195121951219512,1.0,100000000000000.0,33.52448380409586,0.07515711065365033,14463.444637819319,6444894.2744803615,140.11595986236227,17.087312178336862
3.34,std,0,12905624612608.883,0.012905624612608883,88,10,0.11363636363636363,1.0,100000000000000.0,35.46871302186926,0.07474791619695409,14451.901848634896,6408450.8081216905,138.45452181147016,15.733468387667063
3.3499999999999996,std,0,12968434964193.512,0.012968434964193512,75,10,0.13333333333333333,1.0,100000000000000.0,30.692221921086478,0.0743408239037712,14440.299269652554,6372292.477769603,136.81359679809535,18.24181290641271
3.36,std,0,13031328520065.523,0.013031328520065524,37,10,0.2702702702702703,1.0,100000000000000.0,36.38758651780569,0.07393583760889016,14428.63794089239,6336416.454597149,135.1929490875386,36.53863488852395
3.3699999999999997,std,0,13094304989003.807,0.013094304989003807,53,10,0.18867924528301888,1.0,100000000000000.0,28.430135994375284,0.07353296062403111,14416.918889202378,6300819.9435306,133.59234460381586,25.206102755436955
3.38,std,0,13157364081463.959,0.013157364081463958,74,10,0.13513513513513514,1.0,100000000000000.0,30.308341083137215,0.07313219575301971,14405.14312838742,6265500.18277916,132.01155096212565,17.83939877866563
3.3899999999999997,std,0,13220505509565.08,0.01322050550956508,75,10,0.13333333333333333,1.0,100000000000000.0,32.24133247793277,0.07273354530664589,14393.311659411052,6230454.443376221,130.45033749988085,17.393378333317447
3.4,std,0,13283728987076.94,0.01328372898707694,46,10,0.21739130434782608,1.0,100000000000000.0,31.934501998143332,0.07233701111721073,14381.42547054302,6195680.028727723,128.90847530510135,28.02358158806551
3.4099999999999997,std,0,13347034229407.066,0.013347034229407067,68,10,0.14705882352941177,1.0,100000000000000.0,37.78901768327921,0.07194259455276497,14369.485537492765,6161174.274165404,127.38573724259074,18.733196653322167
3.42,std,0,13410420953588.094,0.013410420953588093,60,10,0.16666666666666666,1.0,100000000000000.0,24.770287317074008,0.07155029653104333,14357.492823616332,6126934.5465087,125.88189797883156,20.98031632980526
3.4299999999999997,std,0,13473888878265.1,0.0134738888782651,67,10,0.14925373134328357,1.0,100000000000000.0,32.07891271132023,0.07116011753309788,14345.44828002612,6092958.2436328735,124.39673400409018,18.566676717028383
3.44,std,0,13537437723683.203,0.013537437723683203,66,10,0.15151515151515152,1.0,100000000000000.0,31.947222153241846,0.07077205761663512,14333.35284575403,6059242.794044905,122.93002365319451,18.625761159574925
3.4499999999999997,std,0,13601067211675.139,0.013601067211675139,64,10,0.15625,1.0,100000000000000.0,29.90408997726392,0.07038611642905952,14321.207447923525,6025785.656462501,121.48154712454331,18.981491738209893
3.46,std,0,13664777065649.111,0.01366477706564911,67,10,0.14925373134328357,1.0,100000000000000.0,30.30186565047154,0.07000229322022894,14309.013001866042,5992584.319403749,120.05108649702512,17.918072611496285
3.4699999999999998,std,0,13728567010576.521,0.013728567010576521,60,10,0.16666666666666666,1.0,100000000000000.0,35.07657191763069,0.06962058685492503,14296.770411324207,5959636.300782556,118.6384257460286,19.773070957671433
3.48,std,0,13792436772980.123,0.013792436772980123,69,10,0.14492753623188406,1.0,100000000000000.0,30.67730562925099,0.06924099582504298,14284.480568504468,5926939.147505195,117.24335075651291,16.991789964712016
3.4899999999999998,std,0,13856386080922.008,0.013856386080922007,75,10,0.13333333333333333,1.0,100000000000000.0,27.90153903720622,0.06886351826150523,14272.144354311458,5894490.435082389,115.86564933628328,15.448753244837771
3.5,std,0,13920414663991.844,0.013920414663991843,71,10,0.14084507042253522,1.0,100000000000000.0,31.271077177212682,0.06848815194590231,14259.762638441416,5862287.767236518,114.50511122641788,16.127480454425054
3.51,std,0,13984522253295.213,0.013984522253295212,40,10,0.25,1.0,100000000000000.0,24.596986751621426,0.06811489432186627,14247.336279537192,5830328.775524363,113.16152811100977,28.290382027752443
3.52,std,0,14048708581442.047,0.014048708581442047,54,10,0.18518518518518517,1.0,100000000000000.0,29.13557300453964,0.06774374250617998,14234.866125318022,5798611.1189587405,111.83469362522975,20.710128449116617
3.53,std,0,14112973382535.123,0.014112973382535123,58,10,0.1724137931034483,1.0,100000000000000.0,32.074272035880014,0.0673746932996273,14222.353012724132,5767132.483642135,110.52440336235085,19.055931614198425
3.54,std,0,14177316392158.777,0.014177316392158777,57,10,0.17543859649122806,1.0,100000000000000.0,33.92996792159854,0.06700774319758737,14209.797768059136,5735890.582397208,109.23045487935372,19.163237698132228
3.55,std,0,14241737347367.59,0.01424173734736759,68,10,0.14705882352941177,1.0,100000000000000.0,35.07099698158213,0.06664288840037871,14197.201207074564,5704883.154414197,107.95264770113127,15.875389367813423
3.56,std,0,14306235986675.242,0.014306235986675242,95,10,0.10526315789473684,1.0,100000000000000.0,30.815096238178892,0.06628012482335588,14184.564135184928,5674107.964892094,106.69078332434808,11.230608770984007
3.57,std,0,14370812050043.56,0.01437081205004356,42,10,0.23809523809523808,1.0,100000000000000.0,26.03307782784979,0.06591944810676449,14171.887347517415,5643562.804696245,105.44466521916154,25.105872671228937
3.58,std,0,14435465278871.45,0.01443546527887145,66,10,0.15151515151515152,1.0,100000000000000.0,33.56582804557996,0.06556085362535716,14159.171629086888,5613245.49001041,104.21409883066693,15.790014974343475
3.59,std,0,14500195415984.176,0.014500195415984176,66,10,0.15151515151515152,1.0,100000000000000.0,25.55197166029215,0.0652043364977763,14146.417754910846,5583153.862002588,102.99889157905983,15.605892663493915
3.5999999999999996,std,0,14565002205622.547,0.014565002205622547,67,10,0.14925373134328357,1.0,100000000000000.0,33.81209542431239,0.06484989159570673,14133.62649012659,5553285.786493722,101.79885285883391,15.193858635646851
3.61,std,0,14629885393432.305,0.014629885393432305,51,10,0.19607843137254902,1.0,100000000000000.0,25.574288957630355,0.06449751355280299,14120.798590112097,5523639.15362708,100.6137940370296,19.72819490922149
3.6199999999999997,std,0,14694844726453.572,0.014694844726453573,76,10,0.13157894736842105,1.0,100000000000000.0,28.322936896927796,0.06414719677339552,14107.934800637315,5494211.877547617,99.4435284509336,13.084674796175472
3.63,std,0,14759879953110.445,0.014759879953110445,103,10,0.0970873786407767,1.0,100000000000000.0,29.651038194086812,0.06379893544097907,14095.035857936085,5465001.896084231,98.28787140435509,9.542511786830591
3.6399999999999997,std,0,14824990823200.586,0.014824990823200586,55,10,0.18181818181818182,1.0,100000000000000.0,31.780365216522608,0.06345272352648877,14082.102488869306,5436007.170438018,97.14664016379606,17.663025484326557
3.65,std,0,14890177087885.041,0.01489017708788504,73,10,0.136986301369863,1.0,100000000000000.0,26.076684323011268,0.0631085547963669,14069.13541101168,5407225.684871397,96.01965395326793,13.15337725387232
3.6599999999999997,std,0,14955438499677.992,0.014955438499677991,80,10,0.125,1.0,100000000000000.0,25.88991771761918,0.06276642282042497,14056.135332791897,5378655.446409031,94.90673394890395,11.863341743612994
3.67,std,0,15020774812436.803,0.015020774812436802,74,10,0.13513513513513514,1.0,100000000000000.0,23.019753418144994,0.062426320979504686,14043.102953591244,5350294.484533614,93.80770327243793,12.67671665843756
3.6799999999999997,std,0,15086185781351.98,0.01508618578135198,58,10,0.1724137931034483,1.0,100000000000000.0,22.094094995969392,0.06208824247294238,14030.038963830384,5322140.850894996,92.72238698413143,15.986618445539904
3.69,std,0,15151671162937.242,0.015151671162937242,86,10,0.11627906976744186,1.0,100000000000000.0,24.66358748789718,0.06175218032584041,14016.944045163651,5294192.619019311,91.65061207572968,10.65704791578252
3.6999999999999997,std,0,15217230715019.87,0.01521723071501987,83,10,0.12048192771084337,1.0,100000000000000.0,26.852569674398733,0.061418127396149415,14003.818870482755,5266447.884021641,90.5922074615619,10.914723790549626
3.71,std,0,15282864196730.852,0.015282864196730852,94,10,0.10638297872340426,1.0,100000000000000.0,26.44086638042714,0.06108607638156587,13990.664104108855,5238904.762326913,89.54700397041606,9.526277018129369
3.7199999999999998,std,0,15348571368495.402,0.015348571368495403,38,10,0.2631578947368421,1.0,100000000000000.0,30.39506881458932,0.06075601982624775,13977.48040185411,5211561.39139034,88.51483433595624,23.293377456830587
3.73,std,0,15414351992023.307,0.015414351992023307,51,10,0.19607843137254902,1.0,100000000000000.0,34.50500965614733,0.06042795012735299,13964.268411136629,5184415.929424091,87.49553318704321,17.15598689942024
3.7399999999999998,std,0,15480205830299.605,0.015480205830299605,39,10,0.2564102564102564,1.0,100000000000000.0,32.151366278844094,0.060101859541404255,13951.028771108759,5157466.555130386,86.48893703771408,22.17665052249079
3.75,std,0,15546132647575.145,0.015546132647575145,81,10,0.12345679012345678,1.0,100000000000000.0,33.498582037984086,0.05977774019048319,13937.762112719385,5130711.467432381,85.49488427620828,10.554923984717071
3.76,std,0,15612132209357.373,0.015612132209357373,94,10,0.10638297872340426,1.0,100000000000000.0,21.396228740167757,0.059455584068258405,13924.46905884371,5104148.885215932,84.51321515412873,8.990767569588163
3.77,std,0,15678204282401.105,0.015678204282401107,70,10,0.14285714285714285,1.0,100000000000000.0,24.70068987037568,0.05913538304585055,13911.15022437965,5077777.047071797,83.54377177494905,11.934824539278434
3.78,std,0,15744348634699.463,0.01574434863469946,69,10,0.14492753623188406,1.0,100000000000000.0,27.05762999906805,0.05881712887753789,13897.806216347959,5051594.211037625,82.58639808211807,11.969043200306967
3.79,std,0,15810565035474.844,0.015810565035474844,66,10,0.15151515151515152,1.0,100000000000000.0,28.692556966204386,0.05850081320630583,13884.437633979738,5025598.654353037,81.64093984690625,12.369839370743371
3.8,std,0,15876853255169.91,0.01587685325516991,70,10,0.14285714285714285,1.0,100000000000000.0,26.680454319850174,0.058186427569244414,13871.045068818023,4999788.673212268,80.7072446559202,11.52960637941717
3.81,std,0,15943213065438.889,0.015943213065438888,97,10,0.10309278350515463,1.0,100000000000000.0,23.548981578873413,0.05787396340279591,13857.629104803818,4974162.582516595,79.78516189816821,8.225274422491568
3.82,std,0,16009644239138.637,0.016009644239138636,46,10,0.21739130434782608,1.0,100000000000000.0,31.542732232985202,0.0575634120478575,13844.190318428118,4948718.7156405095,78.87454275239652,17.146639728781853
3.83,std,0,16076146550320.023,0.016076146550320025,66,10,0.15151515151515152,1.0,100000000000000.0,32.106803839995166,0.057254764754740534,13830.729278707437,4923455.424194368,77.9752401730376,11.814430329248122
3.84,std,0,16142719774219.29,0.01614271977421929,75,10,0.13333333333333333,1.0,100000000000000.0,24.674621900672363,0.056948012687991136,13817.24654741666,4898371.077789676,77.08710887738822,10.278281183651762
3.8499999999999996,std,0,16209363687249.492,0.01620936368724949,65,10,0.15384615384615385,1.0,100000000000000.0,36.76622618308989,0.056643146931074334,13803.74267904827,4873464.063811505,76.2100053310665,11.724616204779462
3.86,std,0,16276078066992.059,0.016276078066992057,89,10,0.11235955056179775,1.0,100000000000000.0,20.922523058789015,0.056340158490925135,13790.218221007375,4848732.787193777,75.3437877345933,8.465594127482394
3.8699999999999997,std,0,16342862692188.383,0.016342862692188383,75,10,0.13333333333333333,1.0,100000000000000.0,25.81132150799911,0.05603903830236975,13776.67371362951,4824175.670194775,74.48831600874531,9.931775467832708
3.88,std,0,16409717342731.504,0.016409717342731504,96,10,0.10416666666666667,1.0,100000000000000.0,25.821217604588206,0.05573977723241955,13763.109690322279,4799791.152178878,73.6434517804719,7.671192893799157
3.8899999999999997,std,0,16476641799657.863,0.016476641799657864,74,10,0.13513513513513514,1.0,100000000000000.0,29.816365419291504,0.05544236608444147,13749.526677587604,4775577.689400512,72.8090583679923,9.83906194162058
3.9,std,0,16543635845139.15,0.01654363584513915,98,10,0.10204081632653061,1.0,100000000000000.0,33.867669729846774,0.0551467956022065,13735.925195153726,4751533.754790982,71.98500076634429,7.345408241463702
3.9099999999999997,std,0,16610699262474.158,0.016610699262474157,69,10,0.14492753623188406,1.0,100000000000000.0,33.13880396477245,0.0548530564738208,13722.305756080517,4727657.837746424,71.17114563262494,10.314658787336949
3.92,std,0,16677831836080.83,0.01667783183608083,99,10,0.10101010101010101,1.0,100000000000000.0,20.20291300164734,0.054561139335540465,13708.668866750573,4703948.4439248545,70.36736127061658,7.107814269759251
3.9299999999999997,std,0,16745033351488.234,0.016745033351488234,96,10,0.10416666666666667,1.0,100000000000000.0,31.28372612368175,0.054271034775474035,13695.01502706351,4680404.095037893,69.57351761624965,7.247241418359338
3.94,std,0,16812303595328.75,0.01681230359532875,65,10,0.15384615384615385,1.0,100000000000000.0,25.594508824461766,0.05398273333717482,13681.344730439681,4657023.328652699,68.78948622209428,10.582997880322198
3.9499999999999997,std,0,16879642355330.195,0.016879642355330196,104,10,0.09615384615384616,1.0,100000000000000.0,28.458111893824004,0.053696225523125696,13667.658463929185,4633804.697992794,68.01514024226408,6.539917330986931
3.96,std,0,16947049420308.088,0.01694704942030809,65,10,0.15384615384615385,1.0,100000000000000.0,27.754331772383665,0.05341150179811911,13653.956708269707,4610746.771740449,67.25035441697656,10.346208371842549
3.9699999999999998,std,0,17014524580157.992,0.01701452458015799,62,10,0.16129032258064516,1.0,100000000000000.0,30.207498250727774,0.05312855259253501,13640.239938004432,4587848.13384705,66.49500505743619,10.725000815715514
3.98,std,0,17082067625847.908,0.017082067625847908,100,10,0.1,1.0,100000000000000.0,22.257702674139733,0.05284736830551836,13626.508621530998,4565107.3833417045,65.74897003026206,6.574897003026206
3.9899999999999998,std,0,17149678349410.682,0.017149678349410682,83,10,0.12048192771084337,1.0,100000000000000.0,29.7158409598621,0.05256793930805998,13612.763221152656,4542523.13414405,65.0121287419248,7.832786595412626
4.0,std,0,17217356543936.617,0.017217356543936618,89,10,0.11235955056179775,1.0,100000000000000.0,22.331714445581685,0.05229025594598198,13599.004193213985,4520094.014880405,64.28436212357549,7.222962036356797
4.01,std,0,17285102003565.953,0.017285102003565953,48,10,0.20833333333333334,1.0,100000000000000.0,33.73199192368994,0.052014308542830644,13585.231988140195,4497818.66870036,63.56555261536037,13.24282346153341
4.02,std,0,17352914523481.621,0.01735291452348162,68,10,0.14705882352941177,1.0,100000000000000.0,29.158442163277368,0.051740087402679,13571.447050469018,4475695.7530969195,62.855584150719274,9.243468257458717
4.03,std,0,17420793899901.9,0.0174207938999019,71,10,0.14084507042253522,1.0,100000000000000.0,17.33064911357303,0.05146758281284127,13557.649819030168,4453723.939732424,62.154342141420344,8.754132695974697
4.04,std,0,17488739930073.182,0.01748873993007318,63,10,0.15873015873015872,1.0,100000000000000.0,28.602912970848912,0.05119678504650158,13543.840726901595,4431901.9142613495,61.46171346148196,9.755827533568565
4.05,std,0,17556752412262.938,0.017556752412262937,61,10,0.16393442622950818,1.0,100000000000000.0,18.593593648078027,0.05092768436525858,13530.020201554826,4410228.376158676,60.77758643203787,9.96353875935047
4.06,std,0,17624831145752.42,0.01762483114575242,57,10,0.17543859649122806,1.0,100000000000000.0,26.446695962280636,0.05066027102158882,13516.188664883895,4388702.038552683,60.101850805716,10.544184351879998
4.07,std,0,17692975930829.82,0.01769297593082982,74,10,0.13513513513513514,1.0,100000000000000.0,25.949302202903823,0.05039453526123035,13502.346533314356,4367321.6280537555,59.434397751324255,8.031675371800576
4.08,std,0,17761186568783.168,0.017761186568783168,101,10,0.09900990099009901,1.0,100000000000000.0,23.921988611560153,0.05013046732548883,13488.494217821077,4346085.884590511,58.77511983823501,5.819318795864852
4.09,std,0,17829462861893.555,0.017829462861893554,87,10,0.11494252873563218,1.0,100000000000000.0,21.787117529452214,0.049868057453468215,13474.63212402539,4324993.5612532655,58.12391102123627,6.6809093127857775
4.1,std,0,17897804613428.086,0.017897804613428086,55,10,0.18181818181818182,1.0,100000000000000.0,26.224114436194203,0.04960729588422757,13460.760652253679,4304043.424121051,57.48066662500671,10.451030295455766
4.109999999999999,std,0,17966211627633.33,0.017966211627633327,46,10,0.21739130434782608,1.0,100000000000000.0,25.81867121405275,0.04934817285886632,13446.880197630078,4283234.252119073,56.845283329172624,12.35767028895057
4.12,std,0,18034683709728.348,0.01803468370972835,68,10,0.14705882352941177,1.0,100000000000000.0,26.3366458944445,0.04909067862253967,13432.991150083883,4262564.836847282,56.217659152643805,8.267302816565266
4.13,std,0,18103220665898.168,0.01810322066589817,73,10,0.136986301369863,1.0,100000000000000.0,25.54227779458819,0.04883480342640599,13419.093894442252,4242033.982438276,55.59769343874627,7.616122388869352
4.14,std,0,18171822303287.164,0.018171822303287163,98,10,0.10204081632653061,1.0,100000000000000.0,22.124273938853367,0.04858053752950762,13405.188810527365,4221640.505400525,54.985286840210925,5.610743555123564
4.1499999999999995,std,0,18240488429992.395,0.018240488429992395,126,10,0.07936507936507936,1.0,100000000000000.0,22.44938619593426,0.04832787120058748,13391.276273156398,4201383.234468503,54.38034130389846,4.3159001034840045
4.16,std,0,18309218855057.207,0.018309218855057208,99,10,0.10101010101010101,1.0,100000000000000.0,27.16884437483368,0.04807679471984265,13377.35665223796,4181261.010457904,53.78276005604498,5.432602025863129
4.17,std,0,18378013388464.715,0.018378013388464714,63,10,0.15873015873015872,1.0,100000000000000.0,30.93687323939763,0.04782729838061681,13363.430312835104,4161272.6861168793,53.19244758737013,8.44324564878891
4.18,std,0,18446871841131.43,0.01844687184113143,89,10,0.11235955056179775,1.0,100000000000000.0,21.713982458395527,0.0475793724910331,13349.497615213544,4141417.125983926,52.609309638273345,5.911158386322848
4.1899999999999995,std,0,18515794024900.953,0.01851579402490095,80,10,0.125,1.0,100000000000000.0,32.28647354090632,0.04733300737556878,13335.558914888368,4121693.2062488887,52.03325318413014,6.504156648016267
4.2,std,0,18584779752537.617,0.018584779752537618,70,10,0.14285714285714285,1.0,100000000000000.0,23.1974147950699,0.04708819337657378,13321.614562714522,4102099.814607074,51.46418642074171,7.35202663153453
4.21,std,0,18653828837720.31,0.018653828837720307,46,10,0.21739130434782608,1.0,100000000000000.0,29.099481493514656,0.04684492085573398,13307.66490491794,4082635.850129579,50.902018749827064,11.065656249962405
4.22,std,0,18722941095036.28,0.01872294109503628,72,10,0.1388888888888889,1.0,100000000000000.0,32.87588063644948,0.046603180195481396,13293.710283171944,4063300.22312007,50.34666076459693,6.992591772860686
4.2299999999999995,std,0,18792116339975.023,0.018792116339975025,132,10,0.07575757575757576,1.0,100000000000000.0,32.788292744529684,0.0463629618003518,13279.751034614292,4044091.8549862206,49.79802423536296,3.772577593588103
4.24,std,0,18861354388922.152,0.018861354388922152,86,10,0.11627906976744186,1.0,100000000000000.0,24.857666978134624,0.046124256098292224,13265.787491958417,4025009.6781047075,49.25602209550624,5.727444429710028
4.25,std,0,18930655059153.457,0.018930655059153458,79,10,0.12658227848101267,1.0,100000000000000.0,18.986026225499938,0.04588705354191895,13251.819983509005,4006052.635690871,48.72056842722407,6.167160560408111
4.26,std,0,19000018168828.844,0.019000018168828844,84,10,0.11904761904761904,1.0,100000000000000.0,22.665951908418428,0.04565134460972769,13237.84883322206,3987219.681670151,48.191578447556125,5.73709267232811
4.27,std,0,19069443536986.492,0.019069443536986492,44,10,0.22727272727272727,1.0,100000000000000.0,25.398930748807487,0.04541711980725716,13223.874360763488,3968509.7805564064,47.66896849457623,10.83385647604005
4.28,std,0,19138930983536.97,0.01913893098353697,65,10,0.15384615384615385,1.0,100000000000000.0,31.349388135211285,0.0451843696682072,13209.896881569166,3949921.907314913,47.152656013494884,7.254254771306906
4.29,std,0,19208480329257.312,0.019208480329257312,68,10,0.14705882352941177,1.0,100000000000000.0,25.80433489777324,0.04495308475551311,13195.916706864973,3931455.0472522303,46.64255954303721,6.85919993279959
4.3,std,0,19278091395785.35,0.019278091395785353,62,10,0.16129032258064516,1.0,100000000000000.0,22.440376517932968,0.04472325566237682,13181.934143775054,3913108.1958865277,46.13859870199588,7.441709468063852
4.31,std,0,19347764005613.992,0.019347764005613992,86,10,0.11627906976744186,1.0,100000000000000.0,23.909688044152123,0.044494873013256726,13167.949495312916,3894880.358826569,45.64069417556934,5.3070574622755045
4.32,std,0,19417497982085.47,0.019417497982085467,106,10,0.09433962264150944,1.0,100000000000000.0,34.94895595843401,0.044267927464816684,13153.96306044448,3876770.551660913,45.14876770217788,4.25931770775263
4.33,std,0,19487293149385.77,0.01948729314938577,78,10,0.1282051282051282,1.0,100000000000000.0,24.84216680707953,0.04404240970683595,13139.975134197079,3858777.7998315697,44.662742060351526,5.725992571839939
4.34,std,0,19557149332538.992,0.019557149332538992,83,10,0.12048192771084337,1.0,100000000000000.0,31.457196291525698,0.04381831046308065,13125.986007604586,3840901.138524533,44.18254105535496,5.323197717512646
4.35,std,0,19627066357401.88,0.019627066357401877,75,10,0.13333333333333333,1.0,100000000000000.0,21.747851297848197,0.043595620492138186,13111.995967854991,3823139.612554538,43.70808950654355,5.82774526753914
4.36,std,0,19697044050658.28,0.01969704405065828,80,10,0.125,1.0,100000000000000.0,28.364047545783034,0.04337433058821551,13098.00529825703,3805492.276251821,43.2393132342309,5.404914154278862
4.37,std,0,19767082239813.703,0.019767082239813702,56,10,0.17857142857142858,1.0,100000000000000.0,27.33025725157567,0.0431544315819022,13084.014278353647,3787958.1933524255,42.77613904719892,7.638596258428378
4.38,std,0,19837180753189.965,0.019837180753189965,61,10,0.16393442622950818,1.0,100000000000000.0,20.815223967758254,0.042935914340899516,13070.023183923475,3770536.4368874063,42.318494729926975,6.937458152447045
4.39,std,0,19907339419919.766,0.019907339419919765,53,10,0.18867924528301888,1.0,100000000000000.0,31.900152885579153,0.04271876977071631,13056.032287050548,3753226.089076467,41.86630903020667,7.899303590605033
4.3999999999999995,std,0,19977558069941.43,0.01997755806994143,102,10,0.09803921568627451,1.0,100000000000000.0,26.239551387829714,0.0425029888153329,13042.041856145068,3736026.2412209357,41.419511646697686,4.060736435950753
4.41,std,0,20047836533993.582,0.02004783653399358,152,10,0.06578947368421052,1.0,100000000000000.0,26.406215886421318,0.04228856245783335,13028.052156027197,3718935.9935974055,40.978033216803325,2.695923237947587
4.42,std,0,20118174643610.008,0.020118174643610008,66,10,0.15151515151515152,1.0,100000000000000.0,25.33927330081762,0.042075481721007855,13014.063447920393,3701954.455356704,40.541805304426575,6.142697773397966
4.43,std,0,20188572231114.39,0.02018857223111439,86,10,0.11627906976744186,1.0,100000000000000.0,25.5504746198176,0.041863737667925324,13000.075989522591,3685080.744418201,40.110760388034265,4.664041905585379
4.4399999999999995,std,0,20259029129615.242,0.020259029129615243,57,10,0.17543859649122806,1.0,100000000000000.0,25.33976203335057,0.041653321402477496,12986.090035093723,3668313.9873721073,39.68483184896512,6.962251201572827
4.45,std,0,20329545173000.707,0.02032954517300071,125,10,0.08,1.0,100000000000000.0,30.125839070463844,0.041444224069895445,12972.105835391187,3651653.319377335,39.26395395933254,3.1411163167466034
4.46,std,0,20400120195933.65,0.02040012019593365,45,10,0.2222222222222222,1.0,100000000000000.0,35.79244820828039,0.041236436857238865,12958.123637799634,3635097.884063798,38.84806187068865,8.632902637930812
4.47,std,0,20470754033846.496,0.020470754033846496,151,10,0.06622516556291391,1.0,100000000000000.0,23.779821936334663,0.04102995099385941,12944.143686363599,3618646.833436934,38.43709160252002,2.5455027551337763
4.4799999999999995,std,0,20541446522936.367,0.020541446522936366,53,10,0.18867924528301888,1.0,100000000000000.0,25.48802450601942,0.04082475775183858,12930.166221771919,3602299.327779113,38.030980030681825,7.175656609562609
4.49,std,0,20612197500160.074,0.020612197500160075,48,10,0.20833333333333334,1.0,100000000000000.0,23.11857684691899,0.04062084844640118,12916.191481471946,3586054.5355572705,37.629664876398486,7.839513515916352
4.5,std,0,20683006803229.31,0.02068300680322931,66,10,0.15151515151515152,1.0,100000000000000.0,23.381452554074812,0.04041821443630461,12902.219699648776,3569911.633328093,37.233084694947955,5.641376468931509
4.51,std,0,20753874270605.67,0.020753874270605672,86,10,0.11627906976744186,1.0,100000000000000.0,24.57837054229188,0.04021684712420523,12888.251107305347,3553869.805647869,36.841178864805755,4.283858007535553
4.52,std,0,20824799741495.99,0.020824799741495988,73,10,0.136986301369863,1.0,100000000000000.0,25.3827405813457,0.04001673795700224,12874.285932275783,3537928.2449801154,36.453887576681765,4.993683229682433
4.53,std,0,20895783055847.45,0.02089578305584745,110,10,0.09090909090909091,1.0,100000000000000.0,26.66525736740067,0.03981787842615967,12860.324399270636,3522086.15160432,36.07115182277436,3.2791956202522146
4.54,std,0,20966824054342.92,0.02096682405434292,72,10,0.1388888888888889,1.0,100000000000000.0,20.433430526519082,0.03962026006800758,12846.366729939913,3506342.7335315645,35.6929133862555,4.957349081424375
4.55,std,0,21037922578396.203,0.021037922578396203,111,10,0.09009009009009009,1.0,100000000000000.0,26.044998923221847,0.0394238744640223,12832.413142853058,3490697.2064130404,35.31911483056083,3.1819022369874617
4.56,std,0,21109078470147.438,0.021109078470147438,75,10,0.13333333333333333,1.0,100000000000000.0,16.868514021817553,0.03922871324108732,12818.463853598329,3475148.7934561176,34.94969948920343,4.659959931893791
4.57,std,0,21180291572458.375,0.021180291572458376,70,10,0.14285714285714285,1.0,100000000000000.0,23.163231917815168,0.03903476807173469,12804.519074784275,3459696.7253384124,34.58461145540302,4.940658779343289
4.58,std,0,21251561728907.96,0.02125156172890796,110,10,0.09090909090909091,1.0,100000000000000.0,21.672104131152818,0.03884203067436807,12790.579016076814,3444340.2401227453,34.22379557193569,3.1112541429032445
4.59,std,0,21322888783787.617,0.021322888783787616,33,10,0.30303030303030304,1.0,100000000000000.0,21.988130627385033,0.0386504928134673,12776.643884243738,3429078.583176759,33.86719742115915,10.262787097320954
4.6,std,0,21394272582096.8,0.0213942725820968,115,10,0.08695652173913043,1.0,100000000000000.0,27.290641905832864,0.038460146299776024,12762.713883196231,3413911.0070874332,33.51476331508762,2.9143272447902278
4.61,std,0,21465712969538.59,0.02146571296953859,117,10,0.08547008547008547,1.0,100000000000000.0,23.577452598547467,0.03827098299047199,12748.78921400519,3398836.7715838132,33.16644028559052,2.8347384859479074
4.62,std,0,21537209792515.125,0.021537209792515125,75,10,0.13333333333333333,1.0,100000000000000.0,21.37048387829377,0.038082994789321374,12734.870074946462,3383855.1434541843,32.82217607472189,4.376290143296251
4.63,std,0,21608762898123.285,0.021608762898123284,89,10,0.11235955056179775,1.0,100000000000000.0,21.839903382894,0.03789617364681675,12720.956661531247,3368965.396468138,32.481919125166215,3.6496538342883387
4.64,std,0,21680372134150.332,0.021680372134150333,108,10,0.09259259259259259,1.0,100000000000000.0,22.531822014185693,0.03771051156030021,12707.049166543178,3354166.8113015178,32.145618570836604,2.976446163966352
4.6499999999999995,std,0,21752037349069.52,0.021752037349069518,56,10,0.17857142857142858,1.0,100000000000000.0,21.885172578672552,0.03752600057407135,12693.147780080595,3339458.6754533774,31.813224227514915,5.6809328977705205
4.66,std,0,21823758392035.812,0.021823758392035812,113,10,0.08849557522123894,1.0,100000000000000.0,24.15180805710085,0.03734263277948092,12679.252689552088,3324840.2831766997,31.484686583613115,2.7862554498772667
4.67,std,0,21895535112881.617,0.021895535112881618,82,10,0.12195121951219512,1.0,100000000000000.0,18.456177865219253,0.037160400315010805,12665.364079761786,3310310.935399574,31.15995679117417,3.7999947306309965
4.68,std,0,21967367362112.63,0.02196736736211263,123,10,0.08130081300813008,1.0,100000000000000.0,22.913900344515866,0.036979295366340204,12651.482132909357,3295869.9396521407,30.83898665681731,2.5072346875461227
4.6899999999999995,std,0,22039254990903.49,0.02203925499090349,60,10,0.16666666666666666,1.0,100000000000000.0,18.201025451060257,0.03679931016639911,12637.607028590004,3281516.609994206,30.521728632798023,5.086954772133003
4.7,std,0,22111197851093.74,0.02211119785109374,102,10,0.09803921568627451,1.0,100000000000000.0,14.866342103399514,0.036620436995409095,12623.738943930923,3267250.26694219,30.20813580849539,2.9615819420093517
4.71,std,0,22183195795183.65,0.022183195795183647,54,10,0.18518518518518517,1.0,100000000000000.0,21.204191506709233,0.03644266818091213,12609.878053477833,3253070.2373980703,29.898161901414284,5.536696648410052
4.72,std,0,22255248676330.105,0.022255248676330105,100,10,0.1,1.0,100000000000000.0,25.59541855520976,0.03626599609778732,12596.024529355906,3238975.8545814385,29.591761248981,2.9591761248981
4.7299999999999995,std,0,22327356348342.53,0.02232735634834253,96,10,0.10416666666666667,1.0,100000000000000.0,23.197579969865963,0.03609041316825672,12582.17854121192,3224966.457955114,29.288888799854593,3.0509259166515204
4.74,std,0,22399518665678.953,0.022399518665678953,79,10,0.12658227848101267,1.0,100000000000000.0,22.121586631248526,0.03591591186187994,12568.340256301033,3211041.393161196,28.989500105778973,3.66955697541506
4.75,std,0,22471735483441.824,0.022471735483441824,110,10,0.09090909090909091,1.0,100000000000000.0,20.484278043370573,0.035742484695538375,12554.509839454877,3197200.011952672,28.69355131321461,2.608504664837692
4.76,std,0,22544006657374.188,0.022544006657374188,102,10,0.09803921568627451,1.0,100000000000000.0,28.050853890396816,0.035570124233408995,12540.687453185403,3183441.672123255,28.400999155368044,2.784411681898828
4.77,std,0,22616332043855.754,0.022616332043855755,74,10,0.13513513513513514,1.0,100000000000000.0,21.064189243627204,0.03539882308692853,12526.873257649264,3169765.737445429,28.111800944070932,3.798892019469045
4.78,std,0,22688711499898.83,0.022688711499898827,110,10,0.09090909090909091,1.0,100000000000000.0,24.928962159066128,0.03522857391474806,12513.06741070197,3156171.577604061,27.82591456192297,2.529628596538452
4.79,std,0,22761144883144.586,0.022761144883144586,125,10,0.08,1.0,100000000000000.0,17.179997997568563,0.0350593694226785,12499.27006794607,3142658.568130008,27.54329845451485,2.2034638763611882
4.8,std,0,22833632051859.17,0.022833632051859173,134,10,0.07462686567164178,1.0,100000000000000.0,23.59571542512005,0.034891202363627125,12485.481382696322,3129226.0903392765,27.26391162261152,2.034620270344143
4.81,std,0,22906172864929.89,0.02290617286492989,159,10,0.06289308176100629,1.0,100000000000000.0,24.518869149770993,0.034724065537525745,12471.701506092393,3115873.5312690753,26.987713614728776,1.6973404789137594
4.82,std,0,22978767181861.375,0.022978767181861374,58,10,0.1724137931034483,1.0,100000000000000.0,20.302816649244043,0.03455795179125056,12457.930587058081,3102600.2836156418,26.71466451947947,4.605976641289564
4.83,std,0,23051414862771.875,0.023051414862771874,136,10,0.07352941176470588,1.0,100000000000000.0,20.13448988931429,0.03439285401853435,12444.168772338397,3089405.7456736234,26.444724958199174,1.9444650704558217
4.84,std,0,23124115768389.5,0.0231241157683895,81,10,0.12345679012345678,1.0,100000000000000.0,21.766204907588317,0.034228765159870625,12430.416206555179,3076289.321274794,26.177856077695036,3.2318340836660537
4.85,std,0,23196869760048.484,0.023196869760048484,81,10,0.12345679012345678,1.0,100000000000000.0,23.403913204494167,0.034065678202410896,12416.673032221926,3063250.419728769,25.914019543014266,3.19926167197707
4.86,std,0,23269676699685.633,0.023269676699685632,76,10,0.13157894736842105,1.0,100000000000000.0,25.775189895727713,0.03390358617985464,12402.939389745281,3050288.455764161,25.653177530279528,3.3754180960894113
4.87,std,0,23342536449836.53,0.02334253644983653,119,10,0.08403361344537816,1.0,100000000000000.0,19.799127137000607,0.033742482172332715,12389.215417467303,3037402.8494712934,25.39529271971265,2.134058211740559
4.88,std,0,23415448873631.99,0.023415448873631988,100,10,0.1,1.0,100000000000000.0,21.37251275554474,0.03358235930628393,12375.501251712181,3024593.026241584,25.14032828872517,2.514032828872517
4.89,std,0,23488413834794.465,0.023488413834794466,80,10,0.125,1.0,100000000000000.0,26.372550958673024,0.03342321075432565,12361.79702676029,3011858.4167142524,24.88824790500899,3.1110309881261236
4.8999999999999995,std,0,23561431197634.48,0.02356143119763448,78,10,0.1282051282051282,1.0,100000000000000.0,20.270443956098106,0.03326502973511832,12348.102874911212,2999198.4567176998,24.63901571985135,3.158848169211711
4.91,std,0,23634500827047.1,0.0236345008270471,113,10,0.08849557522123894,1.0,100000000000000.0,20.55332751070032,0.033107809513224104,12334.418926518605,2986612.5872155535,24.39259636151391,2.158636846151673
4.92,std,0,23707622588508.38,0.02370762258850838,64,10,0.15625,1.0,100000000000000.0,24.079229299579005,0.032951543398960184,12320.745309970907,2974100.254251155,24.14895492857596,3.773274207589994
4.93,std,0,23780796348071.99,0.023780796348071988,72,10,0.1388888888888889,1.0,100000000000000.0,23.695761675087176,0.032796224748246505,12307.082151730656,2961660.908893382,23.908056983490305,3.3205634699292093
4.9399999999999995,std,0,23854021972365.605,0.023854021972365604,116,10,0.08620689655172414,1.0,100000000000000.0,19.426678802816447,0.03264184696244863,12293.42957638416,2949294.0071838005,23.669868546250772,2.0405059091595494
4.95,std,0,23927299328587.617,0.023927299328587618,52,10,0.19230769230769232,1.0,100000000000000.0,15.982596582266996,0.03248840348821557,12279.78770663706,2936999.0100829303,23.43435608802794,4.506606940005374
4.96,std,0,24000628284503.645,0.024000628284503646,69,10,0.14492753623188406,1.0,100000000000000.0,24.759801199502807,0.03233588781731316,12266.156663334352,2924775.38341962,23.20148652495982,3.362534278979684
4.97,std,0,24074008708443.176,0.024074008708443177,135,10,0.07407407407407407,1.0,100000000000000.0,22.236875758883293,0.032184293486452624,12252.536565504872,2912622.597837311,22.971227212043196,1.7015723860772738
4.9799999999999995,std,0,24147440469296.27,0.02414744046929627,120,10,0.08333333333333333,1.0,100000000000000.0,21.33056037305572,0.03203361407711513,12238.927530359084,2900540.12874541,22.743545937055778,1.895295494754648
4.99,std,0,24220923436510.137,0.024220923436510135,39,10,0.2564102564102564,1.0,100000000000000.0,26.194370522198938,0.03188384321537219,12225.329673338016,2888527.4562673313,22.518410914626322,5.773951516570851
