z,luminosity_function,alpha_intrinsic,L_min_Jy_kpc2,L_min_over_L_star,n_generated,n_detected,detection_rate_10_per_n,N_ratio_detectable_L,mean_detected_L,mean_SNR,SFR_psi,comoving_volume_Mpc3,time_Gyr,nfrb_sfr_base,n_total_population_scaled
0.01,schechter,0,10000000000.0,1e-05,11,10,0.9090909090909091,1.0,1226742227715.6194,2766329.5015871567,0.015366633837018974,0.0630067343654598,137678720.05218962,0.0026660146348688194,0.002423649668062563
0.02,schechter,0,10000000000.0,1e-05,15,10,0.6666666666666666,1.0,146024088952.2986,79173.43683183979,0.015778461234561884,0.23548459590298113,135706863.92550436,0.010084606586900129,0.006723071057933419
0.03,schechter,0,10000000000.0,1e-05,21,10,0.47619047619047616,1.0,3469873209836.5474,538541.3064672472,0.016197006898133106,0.5191635621671642,133769703.76805276,0.02249710999744399,0.010712909522592375
0.04,schechter,0,10000000000.0,1e-05,16,10,0.625,1.0,451681883374.02655,5579.747931076996,0.0166223021408091,0.9108836296563493,131866423.28089881,0.03993174521876441,0.024957340761727755
0.05,schechter,0,10000000000.0,1e-05,18,10,0.5555555555555556,1.0,127425983918.22388,1851.0213702447381,0.01705437728000787,1.4074953243015882,129996236.70924087,0.06240847965192736,0.03467137758440409
0.060000000000000005,schechter,0,10000000000.0,1e-05,22,10,0.45454545454545453,1.0,2964826685766.475,5606.400180018527,0.017493261604641853,2.005862599102351,128158387.20751494,0.08993919594934505,0.04088145270424775
0.06999999999999999,schechter,0,10000000000.0,1e-05,30,10,0.3333333333333333,1.0,131214668494.00635,950.7388356044618,0.017938983341287663,2.7028656356085428,126352145.30294725,0.12252787426235734,0.04084262475411911
0.08,schechter,0,10000000000.0,1e-05,29,10,0.3448275862068966,1.0,1173372721142.0066,1857.1511736198463,0.018391569619367408,3.49540354532224,124576807.45144194,0.16017078736384274,0.05523130598753198
0.09,schechter,0,10000000000.0,1e-05,26,10,0.38461538461538464,1.0,1000175432192.7012,21818.607208785797,0.018851046435337065,4.380396967543218,122831694.67989907,0.20285670747483728,0.07802181056724511
0.09999999999999999,schechter,0,10000000000.0,1e-05,21,10,0.47619047619047616,1.0,840586516177.4236,1712.7584579686197,0.019317438615878545,5.35479056073143,121116151.30983643,0.2505671236343005,0.11931767792109547
0.11,schechter,0,10000000000.0,1e-05,36,10,0.2777777777777778,1.0,201091516195.0992,986.9470580909505,0.019790769780093035,6.415555384854705,119429543.75708403,0.3032764684594871,0.08424346346096864
0.12,schechter,0,10000000000.0,1e-05,22,10,0.45454545454545453,1.0,4485795120911.869,48831.950854416515,0.020271062300694323,7.5596911727802185,117771259.40308331,0.36095235316835533,0.16406925144016152
0.13,schechter,0,10000000000.0,1e-05,42,10,0.23809523809523808,1.0,8297636106225.956,426.46896088711327,0.02075833726420218,8.784228489052444,116140705.53330435,0.4235558097496582,0.10084662136896623
0.14,schechter,0,10000000000.0,1e-05,28,10,0.35714285714285715,1.0,2265845179510.4844,2207.1675970469373,0.021252614430137,10.08623077501605,114537308.33873443,0.49104153920169635,0.17537197828632012
0.15000000000000002,schechter,0,10000000000.0,1e-05,28,10,0.35714285714285715,1.0,30809286190.024036,97.26181715165701,0.021753912189218152,11.462796279515386,112960511.97664525,0.5633581647846471,0.20119934456594538
0.16,schechter,0,10000000000.0,1e-05,18,10,0.5555555555555556,1.0,5051364839313.053,952.0224870760081,0.02226224752057046,12.911059874908233,111409777.68701176,0.6404484892703177,0.3558047162612876
0.17,schechter,0,10000000000.0,1e-05,29,10,0.3448275862068966,1.0,272356194598.46875,141.0544278863656,0.02277763594794393,14.428194758474788,109884582.96125181,0.7222497552089078,0.2490516397272096
0.18000000000000002,schechter,0,10000000000.0,1e-05,27,10,0.37037037037037035,1.0,305614657929.2712,257.0222277989541,0.023300091494954225,16.011414039595422,108384420.7601139,0.8086939072686805,0.29951626195136316
0.19,schechter,0,10000000000.0,1e-05,41,10,0.24390243902439024,1.0,18789331317685.035,63688.52757663235,0.023829626639352574,17.657972213566573,106908798.77780546,0.8997078557548212,0.21944094042800516
0.2,schechter,0,10000000000.0,1e-05,23,10,0.43478260869565216,1.0,142140077229.53546,181.98039304030868,0.024366252266335785,19.365166523172785,105457238.74949963,0.9952137404537267,0.432701626284229
0.21000000000000002,schechter,0,10000000000.0,1e-05,30,10,0.3333333333333333,1.0,227142939114.53873,78.74588216637576,0.02490997762090884,21.130338209283504,104029275.79969656,1.0951291939882153,0.3650430646627384
0.22,schechter,0,10000000000.0,1e-05,36,10,0.2777777777777778,1.0,627101465902.9528,887.9651948413253,0.025460810259314456,22.95087365232874,102624457.82893437,1.1993676039308085,0.33315766775855793
0.23,schechter,0,10000000000.0,1e-05,18,10,0.5555555555555556,1.0,3588820255524.474,1430.8630967431836,0.026018755999546127,24.82420540646653,101242344.93655138,1.3078383729553191,0.7265768738640662
0.24000000000000002,schechter,0,10000000000.0,1e-05,33,10,0.30303030303030304,1.0,6061964957269.138,4424.879520385499,0.02658381887096318,26.747813128707538,99882508.87732875,1.420447176366349,0.4304385382928331
0.25,schechter,0,10000000000.0,1e-05,56,10,0.17857142857142858,1.0,367995305995.64294,563.3547284684798,0.027156001063028613,28.71922440528112,98544532.5499974,1.5370962163851107,0.2744814672116269
0.26,schechter,0,10000000000.0,1e-05,26,10,0.38461538461538464,1.0,20798635938061.67,3119.694044577048,0.02773530287319293,30.73601547795452,97228009.51565525,1.657684472630069,0.637570951011565
0.27,schechter,0,10000000000.0,1e-05,38,10,0.2631578947368421,1.0,3090365274946.7466,673.5351501837116,0.0283217226539493,32.79581187280698,95932543.54423486,1.7821079482579758,0.46897577585736205
0.28,schechter,0,10000000000.0,1e-05,40,10,0.25,1.0,4708411467020.931,739.4330152796229,0.028915256759088154,34.89628893472462,94657748.18751705,1.9102599113154468,0.4775649778288617
0.29000000000000004,schechter,0,10000000000.0,1e-05,32,10,0.3125,1.0,1404044223465.5396,2201.2015365534794,0.029515899489181725,37.035172270302496,93403246.37677355,2.0420311308512042,0.6381347283910013
0.3,schechter,0,10000000000.0,1e-05,35,10,0.2857142857142857,1.0,1387799691161.2717,2900.836135318462,0.03012364303633178,39.210238102335374,92168670.04385954,2.1773101074159924,0.622088602118855
0.31,schechter,0,10000000000.0,1e-05,41,10,0.24390243902439024,1.0,969906916336.194,521.6139976815426,0.030738477428216556,41.41931353948267,90953659.76403436,2.3159832976274504,0.5648739750310855
0.32,schechter,0,10000000000.0,1e-05,33,10,0.30303030303030304,1.0,15862540233291.703,3275.691623466896,0.03136039047147566,43.660276763694576,89757864.41943079,2.4579353324719273,0.7448288886278568
0.33,schechter,0,10000000000.0,1e-05,23,10,0.43478260869565216,1.0,6829217468730.988,365.7385870581476,0.031989367694474906,45.93105713961742,88580940.88171776,2.6030492291341196,1.131760534406139
0.34,schechter,0,10000000000.0,1e-05,20,10,0.5,1.0,2456911701241.2964,413.6632760266489,0.032625392289495694,48.22963524867766,87422553.71285346,2.7512065961045646,1.3756032980522823
0.35000000000000003,schechter,0,10000000000.0,1e-05,37,10,0.2702702702702703,1.0,1344116959745.6807,345.21120668285664,0.03326844505439697,50.5540428515942,86282374.8828454,2.902287831409407,0.7844021165971371
0.36000000000000004,schechter,0,10000000000.0,1e-05,35,10,0.2857142857142857,1.0,2598601919159.8525,1364.480002507993,0.03391850433380093,52.902362782793524,85160083.50335014,3.0561723138227417,0.8731920896636405
0.37,schechter,0,10000000000.0,1e-05,32,10,0.3125,1.0,8411916203567.018,93.24558170871097,0.03457554595985672,55.272728779862234,84055365.5762477,3.2127385869437983,1.003980808419937
0.38,schechter,0,10000000000.0,1e-05,39,10,0.2564102564102564,1.0,748886731383.8557,123.79034943375225,0.035239543192639965,57.66332525197108,82967913.75619605,3.3718645360950434,0.8645806502807802
0.39,schechter,0,10000000000.0,1e-05,41,10,0.24390243902439024,1.0,1209000565406.1523,177.00248990203673,0.03591046666024937,60.072386990070854,81897427.12626469,3.5334275579646297,0.8618115995035682
0.4,schechter,0,10000000000.0,1e-05,43,10,0.23255813953488372,1.0,5483462952729.467,221.97493276567957,0.03658828429866464,62.49819882282881,80843610.98588744,3.6973047230182865,0.8598383076786713
0.41000000000000003,schechter,0,10000000000.0,1e-05,42,10,0.23809523809523808,1.0,1699549545157.6357,68.78083218138244,0.03727296129143468,64.93909522091263,79806176.65031886,3.863372930652168,0.9198506977743256
0.42000000000000004,schechter,0,10000000000.0,1e-05,28,10,0.35714285714285715,1.0,1033891813381.5422,1145.2933549549316,0.037964460009266905,67.39345985377595,78784841.26087493,4.031509057178325,1.4398246632779732
0.43,schechter,0,10000000000.0,1e-05,49,10,0.20408163265306123,1.0,1341228907215.7964,84.17314288474637,0.038662739949594106,69.85972510138272,77779327.60525452,4.201590096659044,0.857467366665111
0.44,schechter,0,10000000000.0,1e-05,41,10,0.24390243902439024,1.0,3605622492442.9087,412.01828886024833,0.03936775767619714,72.3363715244046,76789363.94735558,4.373493294699442,1.0667056816340101
0.45,schechter,0,10000000000.0,1e-05,33,10,0.30303030303030304,1.0,2402155848377.607,279.1011826961629,0.04007946675896711,74.821927295767,75814683.86589663,4.547096275285393,1.377907962207695
0.46,schechter,0,10000000000.0,1e-05,61,10,0.16393442622950818,1.0,26315348634055.93,40832.53663314307,0.04079781771389325,77.31496759682693,74855026.10136408,4.722277160809341,0.7741437968539903
0.47000000000000003,schechter,0,10000000000.0,1e-05,30,10,0.3333333333333333,1.0,691526532282.5067,40.53139411907814,0.04152275794336715,79.81411398073405,73910134.4107027,4.898914685396198,1.6329715617987326
0.48000000000000004,schechter,0,10000000000.0,1e-05,55,10,0.18181818181818182,1.0,561336619272.6677,142.40412034279026,0.04225423167689769,82.31803370593107,72979757.42922702,5.076888301685865,0.923070600306521
0.49,schechter,0,10000000000.0,1e-05,42,10,0.23809523809523808,1.0,2782795238363.6064,197.04869637307505,0.042992179912334685,84.82543904270005,72063648.53939462,5.256078281253133,1.2514472098221745
0.5,schechter,0,10000000000.0,1e-05,46,10,0.21739130434782608,1.0,1027051721802.7513,198.63686614861192,0.04373654035770323,87.33508655494269,71161565.7458431,5.43636580880063,1.1818186540870936
0.51,schechter,0,10000000000.0,1e-05,49,10,0.20408163265306123,1.0,1514546243921.2068,106.87701208173158,0.04448724737375437,89.84577636042276,70273271.55644336,5.617633070361355,1.1464557286451744
0.52,schechter,0,10000000000.0,1e-05,41,10,0.24390243902439024,1.0,2229784614386.426,995.5278727524208,0.04524423191734168,92.35635137100905,69398532.8688438,5.79976333563603,1.4145764233258609
0.53,schechter,0,10000000000.0,1e-05,87,10,0.11494252873563218,1.0,564558482908.7349,57.44053029844822,0.04600742148573693,94.86569651608781,68537120.86228469,5.982641034724666,0.6876598890488121
0.54,schechter,0,10000000000.0,1e-05,72,10,0.1388888888888889,1.0,20894784495918.04,145.71346242583473,0.046776740062001616,97.37273795093498,67688810.89416112,6.1661518294124855,0.8564099763072897
0.55,schechter,0,10000000000.0,1e-05,75,10,0.13333333333333333,1.0,13473638390553.498,904.1681367498983,0.04755210806153499,99.87644225229886,66853382.401291125,6.35018267924691,0.846691023899588
0.56,schechter,0,10000000000.0,1e-05,68,10,0.14705882352941177,1.0,1466586159677.8884,609.6777907552952,0.04833344227992233,102.37581560312982,66030618.80524841,6.534621902579175,0.9609738092028199
0.5700000000000001,schechter,0,10000000000.0,1e-05,47,10,0.2127659574468085,1.0,80186901965280.27,538.5769149946017,0.049120655842211244,104.86990296873486,65220307.42184981,6.719359232836579,1.4296509006035274
0.5800000000000001,schechter,0,10000000000.0,1e-05,60,10,0.16666666666666666,1.0,1599875632431.6667,174.19394649803843,0.04991365815374634,107.35778726549049,64422239.37422575,6.904285870164457,1.1507143116940761
0.59,schechter,0,10000000000.0,1e-05,42,10,0.23809523809523808,1.0,1268853039637.2178,84.80324976587038,0.050712354852696435,109.83858852522881,63636209.50946025,7.089294528760029,1.6879272687523879
0.6,schechter,0,10224609636.947487,1.0224609636947487e-05,53,10,0.18867924528301888,0.9888933024563844,6274465418167.225,231.84584333044472,0.051516647764411366,112.31146305467085,62862016.318445235,7.274279479951964,1.3572615580981904
0.61,schechter,0,10577250250.104975,1.0577250250104975e-05,70,10,0.14285714285714285,0.9721750273644613,11171001048756.125,2794.0265105644094,0.05232643485774771,114.77560259463452,62099461.8588071,7.4591365914471925,1.0359409028436326
0.62,schechter,0,10935731367.064678,1.0935731367064678e-05,62,10,0.16129032258064516,0.9560152049004649,307043653016.7811,74.18707958357265,0.05314161020350689,117.2302334767784,61348351.680681646,7.643763362712144,1.1786377415183735
0.63,schechter,0,11300032814.685583,1.1300032814685583e-05,65,10,0.15384615384615385,0.9403870675214798,2557300519738.754,1584.3600665650972,0.05396206393512963,119.67461578278343,60608494.75515795,7.828058956921976,1.1325239087515555
0.64,schechter,0,11670133955.883596,1.1670133955883597e-05,64,10,0.15625,0.9252654888310015,2052358119516.0503,191.72228109133374,0.054787682211795266,122.1080425047573,59879703.405252725,8.011924229522402,1.1583057794853109
0.65,schechter,0,12046013713.361153,1.2046013713361153e-05,69,10,0.14492753623188406,0.9106272899542418,18544198395548.344,81.33214187173569,0.055618347184074164,124.52983870917312,59161793.23922499,8.195261753670268,1.081569420465276
0.66,schechter,0,12427650592.640959,1.2427650592640958e-05,97,10,0.10309278350515463,0.8964493068837838,14838340246385.969,6199.36215007064,0.056453936962285574,126.93936070572339,58454583.086089864,8.377975842764876,0.7742711997253254
0.67,schechter,0,12815022704.413115,1.2815022704413114e-05,34,10,0.29411764705882354,0.8827108139677554,16218218714646.775,134.50427682545913,0.05729432558771266,129.3359952206002,57757894.933217816,8.559972570161552,2.2223471632202836
0.68,schechter,0,13208107786.209766,1.3208107786209767e-05,54,10,0.18518518518518517,0.8693923820664891,3045028812064.552,456.56319393626427,0.05813938300682973,131.7191585778276,57071553.86587637,8.741159786424614,1.4073143942117587
0.6900000000000001,schechter,0,13606883223.414719,1.3606883223414718e-05,96,10,0.10416666666666667,0.8564752628347079,1116130471703.9292,95.086453877689,0.05898897504869533,134.0882958862553,56395388.00860588,8.921447134083026,0.795937372815595
0.7000000000000001,schechter,0,14011326069.622606,1.4011326069622607e-05,50,10,0.2,0.8439413824480291,1611012408082.981,327.9101337077787,0.059842963405668255,136.4428802361988,55729228.46830064,9.100746060267374,1.5360992422821005
0.7100000000000001,schechter,0,14421413066.35757,1.442141306635757e-05,56,10,0.17857142857142858,0.8317758245541775,4476008393083.758,105.64301841053354,0.06070120561760056,138.78241190403693,55072909.27894104,9.278969827240369,1.378218353404677
0.72,schechter,0,14837120662.164965,1.4837120662164964e-05,55,10,0.18181818181818182,0.8199613194813555,55830940474178.87,396.4062755367683,0.061563555059664696,141.10641756729777,54426267.3478233,9.456033521094392,1.409742131457543
0.73,schechter,0,15258425031.087694,1.5258425031087694e-05,85,10,0.11764705882352941,0.8084837791636139,6368674780787.679,168.54462189719018,0.062429860933968816,143.4144495289897,53789142.40325106,9.631854058653238,0.9161409140814544
0.74,schechter,0,15685302090.538967,1.5685302090538968e-05,53,10,0.18867924528301888,0.7973295509089818,147557249876.22955,37.835918469831675,0.06329996826511489,145.70608495381285,53161376.94359302,9.80635019286147,1.4752627915717815
0.75,schechter,0,16117727518.586472,1.6117727518586473e-05,57,10,0.17543859649122806,0.7864854152975459,1155890261536.9438,45.69940762618096,0.06417371789985252,147.98092511510882,52542816.187593825,9.97944251668453,1.3769624547671262
0.76,schechter,0,16555676770.656906,1.6555676770656907e-05,58,10,0.1724137931034483,0.7759385831166148,6154991904220.013,310.98988622230456,0.06505094651097904,150.23859465369037,51933308.025967404,10.151053465716874,1.3580334557464402
0.77,schechter,0,16999125095.677544,1.6999125095677545e-05,77,10,0.12987012987012986,0.7656767632757681,29992524948866.492,499.9131316815031,0.06593148660563516,152.4787408492341,51332702.97407133,10.321107319618886,1.0263158501178733
0.78,schechter,0,17448047551.664803,1.74480475516648e-05,48,10,0.20833333333333334,0.7556903441597913,1614363358975.8408,93.4416470235611,0.06681516653814157,154.70103290375081,50740854.125752576,10.48953020247376,1.6514243101629003
0.79,schechter,0,17902419020.77373,1.7902419020773732e-05,74,10,0.13513513513513514,0.745967096501515,89228468174515.67,46218.186507258324,0.0677018105275198,156.9051612380857,50157617.108157024,10.656250082191267,1.0742178288386826
0.8,schechter,0,18362214223.821262,1.8362214223821263e-05,63,10,0.15873015873015872,0.7364973643946153,6274376798198.209,321.7991632827124,0.06859123867983588,159.09083680202173,49582850.03763585,10.82119676912253,1.265044904770519
0.81,schechter,0,18827407734.295605,1.8827407734295604e-05,72,10,0.1388888888888889,0.7272718287110566,5000998660939.955,90.11788677085815,0.06948326701550157,161.25779039707317,49016413.47646635,10.984301913859545,1.1095240750009707
0.8200000000000001,schechter,0,19297973991.864662,1.929797399186466e-05,62,10,0.16129032258064516,0.7182814345278592,2153142329267.3457,160.42162733541386,0.0703777075016633,163.40577201314449,48458170.39061373,11.145499004435747,1.2912266150701506
0.8300000000000001,schechter,0,19773887315.39598,1.9773887315395982e-05,57,10,0.17543859649122806,0.7095173898802797,433290776982.0863,83.55861979096372,0.0712743680898028,165.53455017901885,47907986.10823188,11.304723362944904,1.4071750550518043
0.8400000000000001,schechter,0,20255121915.500786,2.0255121915500785e-05,67,10,0.14925373134328357,0.7009711640358246,16354711335811.824,206.89889018264392,0.07217305275866856,167.64391132650502,47365728.279101126,11.461912141689837,1.1991746113487576
0.85,schechter,0,20741651906.614853,2.074165190661485e-05,58,10,0.1724137931034483,0.6926345520824428,74164484563201.72,98.17747108170201,0.0730735615626498,169.73365916828894,46831266.83476413,11.617004318884934,1.3872997556811502
0.86,schechter,0,21233451318.62769,2.1233451318627688e-05,84,10,0.11904761904761904,0.684501459707787,1627873987422.123,289.49027696251426,0.07397569068569808,171.80361409031704,46304473.94949488,11.769940694069994,0.9591120935434517
0.87,schechter,0,21730494108.072964,2.1730494108072963e-05,71,10,0.14084507042253522,0.6765631434905481,785776410042.9409,79.81118540260653,0.07487923250089422,173.85361255732198,45785224.0019454,11.920663883168992,1.135927018210008
0.88,schechter,0,22232754168.89198,2.223275416889198e-05,93,10,0.10752688172043011,0.6688135908585879,3764320652866.668,252.24714115570373,0.07578397563574907,175.8835065333268,45273393.53755888,12.069118313401678,0.8679559524390668
0.89,schechter,0,22740205342.781815,2.2740205342781816e-05,49,10,0.20408163265306123,0.6612464425305749,4957899425116.297,630.9443536267688,0.07668970504331966,177.89316291489473,44768861.231587745,12.215250217910214,1.648426683921216
0.9,schechter,0,23252821429.139835,2.3252821429139837e-05,106,10,0.09433962264150944,0.6538550373322468,688824613124.6,170.91369320079008,0.07759620207921059,179.88246297953816,44271507.85283817,12.359007630348389,0.7623584335406575
0.91,schechter,0,23770576194.616737,2.3770576194616736e-05,79,10,0.12658227848101267,0.6466335102307477,35482963321947.086,1162.314684425915,0.07850324458452297,181.85130184679133,43781216.22801512,12.500340379276595,1.0231821491811115
0.92,schechter,0,24293443382.288235,2.4293443382288234e-05,41,10,0.24390243902439024,0.6395761479511255,6235135059737.29,299.06230414493194,0.07941060697480082,183.799587953861,43297871.206686266,12.63920008254004,1.971641683408416
0.93,schechter,0,24821396720.457813,2.4821396720457814e-05,64,10,0.15625,0.6326775489388585,17859904317866.25,3077.960966098262,0.08031806033501555,185.72724254462204,42821359.6268634,12.775540141583601,1.262937097366736
0.9400000000000001,schechter,0,25354409931.100613,2.5354409931100612e-05,53,10,0.18867924528301888,0.6259331058225321,1747824846573.7505,133.9021247243961,0.08122537252061583,187.63419917177575,42351570.28113079,12.90931573570361,1.5245977533004995
0.9500000000000001,schechter,0,25892456737.959106,2.5892456737959108e-05,62,10,0.16129032258064516,0.6193368837935892,7928275901564.612,173.86684340285876,0.08213230826466011,189.52040321287538,41888393.88338472,13.040483816333287,1.3026536467691274
0.9600000000000001,schechter,0,26435510874.302578,2.643551087430258e-05,66,10,0.15151515151515152,0.6128846248470697,23346335364633.926,3410.921266544005,0.0830386292910345,191.3858113993471,41431723.03608367,13.16900310129726,1.2228908371740104
0.97,schechter,0,26983546090.358147,2.6983546090358147e-05,52,10,0.19230769230769232,0.6065715939970782,4158526091625.039,109.27703954707071,0.08394409443374791,193.23039135860537,40981452.198053606,13.294834069076284,1.5508209025396658
0.98,schechter,0,27536536160.42609,2.753653616042609e-05,55,10,0.18181818181818182,0.6003937368070452,12486975454034.053,605.6525146234142,0.08484845976228053,195.05412116874666,40537477.652815565,13.417938953054131,1.4647357287769058
0.99,schechter,0,28094454889.687572,2.8094454889687572e-05,36,10,0.2777777777777778,0.5943462865416675,5708661220962.217,118.20373021357966,0.08575147871295036,196.8569889267325,40099697.47744613,13.538281735827052,2.235118743289914
1.0,schechter,0,28657276120.71538,2.865727612071538e-05,71,10,0.14084507042253522,0.5884254345960966,25787666647833.26,1029.2290552060754,0.08665290222624604,198.6389923276051,39668011.51188104,13.655828143387263,1.1317516352172194
1.01,schechter,0,29224973739.69654,2.922497373969654e-05,85,10,0.11764705882352941,0.5826276263523895,2773597301574.0635,180.63137362901972,0.08755247889006164,200.40013825808518,39242321.32879002,13.770545639460416,0.9438941552348318
1.02,schechter,0,29797521682.376884,2.9797521682376886e-05,54,10,0.18518518518518517,0.5769489421558285,1467101445365.9155,234.92486989849863,0.08844995508875261,202.1404424000474,38822530.203856505,13.882403419635581,1.4832292532480007
1.03,schechter,0,30374893939.73528,3.037489393973528e-05,79,10,0.12658227848101267,0.5713856736136111,11806716441335.871,321.4991878028413,0.08934507515791797,203.85992884748094,38408543.086599246,13.9913724055832,1.0119581957902593
1.04,schechter,0,30957064563.398544,3.095706456339855e-05,100,10,0.1,0.5659347320382304,4465398540364.148,212.14326843399212,0.09023758154479809,205.55862973446762,38000266.571585506,14.097425239137253,0.7978222575140128
1.05,schechter,0,31544007670.802574,3.154400767080257e-05,99,10,0.10101010101010101,0.5605926346963073,1415813224364.7427,70.61903980097368,0.09112721497416236,207.2365848745773,37597608.87017283,14.200536276313274,0.8041127318423179
1.06,schechter,0,32135697450.11118,3.213569745011118e-05,79,10,0.12658227848101267,0.5553560163483791,4861974565039.42,404.01121248050663,0.09201371461954395,208.89384141150822,37200479.78263619,14.300681581191926,1.0053126017718212
1.07,schechter,0,32732108164.898865,3.273210816489886e-05,63,10,0.15873015873015872,0.5502216430083713,15291265004395.684,1243.0621315688172,0.09289681827966537,210.53045348091933,36808790.67077036,14.397838919688047,1.257460727962005
1.08,schechter,0,33333214158.606033,3.333321415860603e-05,57,10,0.17543859649122806,0.5451874836190539,2087884255466.088,104.20546135154495,0.09377626255988103,212.1464818827969,36422454.43092041,14.491987753132008,1.3861140939944185
1.09,schechter,0,33938989858.77471,3.393898985877471e-05,84,10,0.11904761904761904,0.5402497147681233,38475080673507.516,1044.407562758272,0.09465178305844799,213.74199376443005,36041385.46742419,14.583109231649097,0.9379191193846204
1.1,schechter,0,34549409781.071884,3.4549409781071886e-05,49,10,0.20408163265306123,0.5354063474223584,103599827308588.4,101.59096322703114,0.09552311455742028,215.31706231348286,35665499.66649557,14.671186187298812,1.6030706548765332
1.11,schechter,0,35164448533.108406,3.5164448533108405e-05,65,10,0.15384615384615385,0.5306539305948541,7602458345159.727,1830.1367527591551,0.09638999121794681,216.8717664617023,35294714.37049736,14.756203126974862,1.2046826446131211
1.12,schechter,0,35784080818.05941,3.578408081805941e-05,65,10,0.15384615384615385,0.5259911397240306,4152001530425.407,173.92219208986768,0.09725214677973788,218.40619059738756,34928948.352648705,14.838146224939205,1.2007282221919378
1.1300000000000001,schechter,0,36408281438.09482,3.6408281438094815e-05,53,10,0.18867924528301888,0.5214145730221904,53625126875773.24,2271.282098737308,0.09810931476444977,219.92042428876783,34568121.792101,14.917003315091444,1.4675363989262273
1.1400000000000001,schechter,0,37037025297.62592,3.7037025297625924e-05,27,10,0.37037037037037035,0.51692201927101,6510891988885.767,57.63043078085585,0.09896122868272254,221.41456201558148,34212156.24944995,14.99276388279891,2.8704036224999556
1.1500000000000001,schechter,0,37670287406.374054,3.767028740637405e-05,79,10,0.12658227848101267,0.5125113222184645,22440616853671.895,256.7534301730801,0.09980762224459194,222.8887029104939,33860974.64260373,15.065419056346146,0.9773668152333184
1.1600000000000001,schechter,0,38308042882.26806,3.8308042882268056e-05,50,10,0.2,0.5081803667610989,5936287051743.475,153.19861542219857,0.10064822957298275,224.34295050916182,33514501.22304822,15.13496159792037,1.5382580671492643
1.17,schechter,0,38950266954.178566,3.895026695417857e-05,91,10,0.10989010989010989,0.5039270789272561,14540115828508.074,214.78017733009833,0.10148278541997709,225.77741250883528,33172661.552509196,15.201385894106794,0.8418010977212342
1.18,schechter,0,39596934964.49136,3.9596934964491365e-05,72,10,0.1388888888888889,0.4997494258155426,2527959154632.4297,280.2483501900222,0.1023110253855389,227.1922005356479,32835382.47995832,15.264687945860741,1.059516532805186
1.19,schechter,0,40248022371.529495,4.024802237152949e-05,69,10,0.14492753623188406,0.4956454154911508,130331890988490.34,1676.955632174079,0.10313268613836393,228.58742992013424,32502592.119014297,15.324865357929232,1.100825979373446
1.2,schechter,0,40903504751.82694,4.090350475182694e-05,59,10,0.1694915254237288,0.49161309684259114,2353517690666.325,20.533124894211888,0.1039475056385125,229.96321948045048,32174219.82570734,15.381917327654305,1.2816867818347197
1.21,schechter,0,41563357802.261536,4.1563357802261535e-05,72,10,0.1388888888888889,0.4876505594012641,1615712951503.2837,37.6353765921729,0.1047552233614732,231.31969131372236,31850196.176586464,15.435844633158947,1.045458093082078
1.22,schechter,0,42227557342.05066,4.222755734205066e-05,35,10,0.2857142857142857,0.4837559331262232,5110959057939.192,105.51912106591764,0.10555558052329424,232.65697059454254,31530452.947203357,15.486649620849025,2.140502468095055
1.23,schechter,0,42896079314.615944,4.289607931461594e-05,65,10,0.15384615384615385,0.4799276404603888,9829133486417.65,217.46289524676394,0.10634832030641155,233.97518538162382,31214923.090939093,15.534336192266846,1.1469780484420076
1.24,schechter,0,43568899789.32152,4.3568899789321516e-05,71,10,0.14084507042253522,0.4761644006701149,2516742590507.5586,56.565581589483955,0.10713318808579403,235.27446643048648,30903540.718176357,15.578909790141376,1.0448059497628808
1.25,schechter,0,44245994963.09108,4.424599496309108e-05,98,10,0.10204081632653061,0.47246382417371635,1055735367122.9193,70.60780427936831,0.1079099316550206,236.55494701393826,30596241.075822484,15.62037738374224,0.7530676769142335
1.26,schechter,0,44927341161.9081,4.4927341161908096e-05,74,10,0.13513513513513514,0.46882514369008066,51384864497835.61,3520.4717298266696,0.10867830145189603,237.81676274910762,30292960.52715669,15.6587474534299,0.9920560168731023
1.27,schechter,0,45612914842.20329,4.561291484220329e-05,86,10,0.11627906976744186,0.4652461727403846,12392416128823.908,971.7832863429034,0.10943805078320944,239.0600514309329,29993636.532022804,15.694029974396818,0.8490217884256972
1.28,schechter,0,46302692592.135544,4.6302692592135544e-05,74,10,0.13513513513513514,0.4617261097122276,7266020606521.447,99.14869899045672,0.11018893604823399,240.28495287179564,29698207.62734887,15.726236399562035,0.9812451288087308
1.29,schechter,0,46996651132.76737,4.699665113276737e-05,57,10,0.17543859649122806,0.458262774046441,39100265559145.48,1401.295952673853,0.11093071696056572,241.4916087476898,29406613.407992665,15.755379641638955,1.2666849089004015
1.3,schechter,0,47694767319.14301,4.769476731914301e-05,63,10,0.15873015873015872,0.4548556900528202,25952071282099.883,721.7003220373992,0.11166315676789583,242.68016245028653,29118794.50790167,15.78147405432416,1.139411630322269
1.31,schechter,0,48397018141.26899,4.839701814126899e-05,65,10,0.15384615384615385,0.4515029418786335,74479767349765.44,497.84799690999773,0.11238602246931209,243.85075894483109,28834692.581594545,15.804535412605803,1.0978144975102404
1.32,schechter,0,49103380725.00481,4.910338072500481e-05,43,10,0.23255813953488372,0.44820320801406377,21184261788846.29,75.14456204132293,0.11309908502972522,245.0035446330201,28554250.285959702,15.824580892135243,1.6494483537983886
1.33,schechter,0,49813832332.86464,4.981383233286464e-05,98,10,0.10204081632653061,0.4449553571733518,594841684163.0377,28.484443948540815,0.11380211959101888,246.13866722257947,28277411.26235228,15.841629047767137,0.7192671133833645
1.34,schechter,0,50528350364.73499,5.0528350364734995e-05,60,10,0.16666666666666666,0.4417586014967936,10042193200184.328,931.1733447326272,0.11449490567952506,247.25627560075756,28004120.11900111,15.85569979109967,1.1673986275781987
1.35,schechter,0,51246912358.51157,5.124691235851157e-05,75,10,0.13333333333333333,0.43861133658790774,58214448920435.65,201.72887772776602,0.11517722740943068,248.3565197139995,27734322.413720313,15.866814367167773,0.9279152875967566
1.36,schechter,0,51969495990.65865,5.1969495990658656e-05,94,10,0.10638297872340426,0.4355124674006453,85307156114179.0,380.56913361119484,0.11584887368172872,249.43955045178228,27467964.636896268,15.874995330153913,0.7355062112988354
1.37,schechter,0,52696079076.69452,5.269607907669452e-05,60,10,0.16666666666666666,0.4324609171059288,4406109520951.553,237.1661281561083,0.11650963837833293,250.50551953588598,27204994.194798715,15.880266518240452,1.1445991037274734
1.3800000000000001,schechter,0,53426639571.60466,5.342663957160466e-05,87,10,0.11494252873563218,0.42945562706869345,4172563809926.5947,55.88876092227283,0.1171593205509839,251.5545794136348,26945359.393152125,15.882653027490427,0.7840108868316533
1.3900000000000001,schechter,0,54161155570.188515,5.416115557018851e-05,84,10,0.11904761904761904,0.4264955568110581,8023197556851.4375,107.60555753191234,0.11779772460458442,252.5868831562345,26689009.4209975,15.882181184865544,0.8063904414063501
1.4000000000000001,schechter,0,54899605307.339806,5.4899605307339805e-05,90,10,0.1111111111111111,0.4235796839623699,8883265792562.39,386.0952470456423,0.11842466047461185,253.6025843609618,26435894.334847275,15.878878520326577,0.7473300383685327
1.4100000000000001,schechter,0,55641967158.264915,5.564196715826492e-05,45,10,0.2222222222222222,0.42070700419681284,7371935716577.766,461.40979546996385,0.1190399437982678,254.6018370578631,26185965.04308979,15.872773738057626,1.4839526861404602
1.42,schechter,0,56388219638.64211,5.6388219638642116e-05,67,10,0.14925373134328357,0.4178768582334983,9277438910173.076,505.6916688658207,0.1196433960790384,255.58479562031616,25939173.29070372,15.863896686837437,0.9894261651994672
1.43,schechter,0,57138341404.7227,5.71383414047227e-05,54,10,0.18518518518518517,0.41508814654722004,13868744394567.283,455.2796192419419,0.12023484484435139,256.55161467958146,25695471.644191947,15.852278329542223,1.2185357093259892
1.44,schechter,0,57892311253.37861,5.789231125337861e-05,65,10,0.15384615384615385,0.4123398064118632,21373054136843.273,1084.7711313409345,0.12081412379603326,257.50244904304554,25454813.47682177,15.837950711847341,1.0047103893051943
1.45,schechter,0,58650108122.09807,5.865010812209807e-05,63,10,0.15873015873015872,0.4096309015300107,1197288342058.1958,24.16835513896917,0.12138107295328354,258.4374536163055,25217152.95410143,15.82094693013061,1.0286902784202947
1.46,schechter,0,59411711088.93012,5.941171108893012e-05,69,10,0.14492753623188406,0.4069610696646604,13854741499650.809,132.5024599671729,0.12193553878790152,259.3567833284871,24982445.019521292,15.801301098595465,0.9319586082866353
1.47,schechter,0,60177099372.38434,6.017709937238434e-05,64,10,0.15625,0.4043291560530027,44857583728053.06,2702.2226007480303,0.12247737435151856,260.2605930613642,24750645.38054905,15.779048315683436,0.9968639513749745
1.48,schechter,0,60946252331.28256,6.094625233128256e-05,44,10,0.22727272727272727,0.4017340649031176,1459489188981.1372,38.83352425128065,0.12300643939460665,261.1490375810545,24521710.494854964,15.754224629729134,1.4384110681586129
1.49,schechter,0,61719149464.56939,6.171914946456939e-05,83,10,0.12048192771084337,0.39917590697520644,33054650493202.492,129.82559404715,0.12352260047705375,262.02227147410105,24295597.556820426,15.726867004047087,0.7563598072552944
1.5,schechter,0,62495770411.08078,6.249577041108079e-05,111,10,0.09009009009009009,0.3966528956448462,2440924008211.159,160.80420528572776,0.1240257310701164,262.8804490851092,24072264.484238382,15.697013281268148,0.5609248442333891
1.51,schechter,0,63276094949.27367,6.327609494927367e-05,70,10,0.14285714285714285,0.39416518485358787,257939531663195.3,1711.649526355504,0.12451571164958056,263.7237244584716,23851669.90529175,15.664702147183645,0.8820686025030052
1.52,schechter,0,64060102996.91893,6.406010299691893e-05,39,10,0.2564102564102564,0.39171119648514874,3487612598693.456,224.9700993010618,0.12499242977998155,264.5522512828766,23633773.145745885,15.629973094028092,1.5698552465878013
1.53,schechter,0,64847774610.7579,6.48477746107579e-05,63,10,0.15873015873015872,0.3892912034201915,117028117690723.47,33.13195918511168,0.12545578018975678,265.36618283725915,23418534.21637197,15.592866383185509,0.9635183681080216
1.54,schechter,0,65639089986.12584,6.563908998612584e-05,64,10,0.15625,0.38690363946148365,63759979237027.54,4403.192228613452,0.12590566483722512,266.1656719413959,23205913.800602216,15.553423007564648,0.9402618699548027
1.55,schechter,0,66434029456.5435,6.643402945654351e-05,64,10,0.15625,0.3845483587614371,2892800598814.0063,132.20269065768713,0.12634199296731044,266.95087090764116,22995873.24240182,15.511684653481081,0.9320301367376752
1.56,schechter,0,67232573493.27854,6.723257349327854e-05,108,10,0.09259259259259259,0.38222467562003914,255331072042463.6,153.73342228049998,0.12676468115894596,267.72193149516306,22788374.534365553,15.467693662190207,0.5474198326500729
1.57,schechter,0,68034702704.876854,6.803470270487685e-05,47,10,0.2127659574468085,0.37993166227323594,9431562909964.201,108.88632859620898,0.12717365336312167,268.4790048675372,22583380.306024913,15.421492991169314,1.2466198865680882
1.58,schechter,0,68840397836.66853,6.884039783666853e-05,74,10,0.13513513513513514,0.3776689127109548,4224617055977.806,52.70506516216328,0.1275688409315561,269.2222415514666,22380853.81236754,15.373126175079094,0.784588087501411
1.59,schechter,0,69649639770.24612,6.964963977024612e-05,47,10,0.2127659574468085,0.37543611059678117,2175670505102.571,80.7936951022964,0.12795018263599814,269.9517913981949,22180758.922575094,15.322637286560505,1.2239726270109559
1.6,schechter,0,70462409522.92026,7.046240952292026e-05,82,10,0.12195121951219512,0.3732322926698808,11993617568419.947,229.29907906579092,0.12831762467818383,270.66780354759686,21983060.10894857,15.270070896903968,0.6950345817174501
1.61,schechter,0,71278688247.15016,7.127868824715017e-05,67,10,0.14925373134328357,0.37105693672615425,101541767465355.02,120.7102792452552,0.12867112069049735,271.3704263927419,21787722.43604854,15.21547203654557,0.8426576783168744
1.62,schechter,0,72098457229.95398,7.209845722995399e-05,53,10,0.18867924528301888,0.3689095274315669,45180640471168.95,2746.483192054296,0.12901063172740435,272.05980754858876,21594711.550035674,15.15888615564876,1.0551429298243975
1.6300000000000001,schechter,0,72921697892.29778,7.292169789229777e-05,50,10,0.2,0.36678955632735055,11345781127876.012,345.20636041405294,0.1293361262477481,272.7360938200776,21403993.66818979,15.100359084549945,1.1077308018011505
1.6400000000000001,schechter,0,73748391788.46504,7.374839178846505e-05,110,10,0.09090909090909091,0.3646965218310376,14534519645626.209,176.91229154851416,0.12964758008801838,273.3994311744111,21215535.568644308,15.039936994424124,0.4986375191294935
1.6500000000000001,schechter,0,74578520605.40828,7.457852060540827e-05,96,10,0.10416666666666667,0.3626299982178076,79531377882331.22,255.9048123485,0.12994497642672279,274.0499647135176,21029304.58028762,14.977666357972126,0.5657657421560781
1.6600000000000001,schechter,0,75412066162.08298,7.541206616208298e-05,95,10,0.10526315789473684,0.36058940494728275,5429137748450.326,248.44882688170415,0.13022830574001035,274.6878386484878,20845268.57286173,14.913593910311866,0.566071995131029
1.6700000000000002,schechter,0,76249010408.76584,7.624901040876584e-05,92,10,0.10869565217391304,0.3585742256538881,2576469826440.2666,64.14259396730667,0.13049756574871402,275.3131962759873,20663395.94724198,14.847766610120662,0.5786985233601817
1.68,schechter,0,77089335426.35786,7.708933542635787e-05,84,10,0.11904761904761904,0.35658398789982637,48408826119199.95,43.387660528611306,0.13075276135699798,275.92617995610897,20483655.625891827,14.780231601053146,0.6274278483793532
1.69,schechter,0,77933023425.67276,7.793302342567277e-05,66,10,0.15151515151515152,0.3546183237356345,21770044898342.598,558.475507276485,0.13099390458281196,276.5269310913842,20306017.043500546,14.711036173483059,0.790424695190128
1.7,schechter,0,78780056746.7131,7.878005674671311e-05,61,10,0.16393442622950818,0.35267675988829295,28776829401080.562,1237.452050487085,0.13122101448037002,277.11559010732736,20130450.13778125,14.640227726629325,0.8464373899433408
1.71,schechter,0,79630417857.93294,7.963041785793294e-05,98,10,0.10204081632653061,0.3507588133994818,32037388215138.4,169.54996871950735,0.13143411705488842,277.6922964350049,19956925.34045368,14.567853731164607,0.5214084784204602
1.72,schechter,0,80484089355.49023,8.048408935549024e-05,78,10,0.1282051282051282,0.3488640372906051,7660993585647.398,118.38056701098044,0.13163324516982902,278.2571884933965,19785413.568385925,14.493961692223067,0.6482592297800397
1.73,schechter,0,81341053962.48776,8.134105396248776e-05,68,10,0.14705882352941177,0.34699199130881786,65751750444518.914,2047.25674498169,0.1318184384469108,278.8104036750855,19615886.214899182,14.418599113049057,0.7357556497235952
1.74,schechter,0,82201294528.20436,8.220129452820436e-05,126,10,0.07936507936507936,0.3451422418953447,8794715106395.682,284.65397772080007,0.13198974315916043,279.35207833118585,19448315.141239457,14.3418134591242,0.3928544166767425
1.75,schechter,0,83064794027.31714,8.306479402731714e-05,85,10,0.11764705882352941,0.3433143621513197,11069225499987.451,44.2965395023635,0.13214721211728916,279.8823477586784,19282672.668198943,14.263652122975609,0.5761078388879634
1.76,schechter,0,83931535559.11559,8.393153555911559e-05,56,10,0.17857142857142858,0.3415083617156991,21996062980025.367,178.41284182299918,0.13229090454968861,280.40134618809947,19118931.567901675,14.184162389614935,0.86500179642622
1.77,schechter,0,84801502346.7078,8.48015023467078e-05,86,10,0.11627906976744186,0.3397234954764874,37167464288057.65,210.2534733147806,0.13242088597635046,280.9092067734101,18957065.055737577,14.103391402734928,0.5571224913267617
1.78,schechter,0,85674677736.21921,8.56746777362192e-05,57,10,0.17543859649122806,0.3379592996881924,12423556590010.291,97.88865163335352,0.1325372280770222,281.40606158107266,18797046.782446537,14.021386131555994,0.8313434802944555
1.79,schechter,0,86551045195.98587,8.655104519598588e-05,52,10,0.19230769230769232,0.3362155601001634,78457845304267.1,94.53297770203947,0.13264000855391733,281.8920415820857,18638850.826349083,13.938193338550578,0.9011995154048363
1.8,schechter,0,87430588315.74135,8.743058831574135e-05,78,10,0.1282051282051282,0.3344921688435788,20506654525318.61,527.2562368935316,0.1327293109893057,282.36727664340816,18482451.68572671,13.853859547905325,0.5941035291068172
1.81,schechter,0,88313290805.79866,8.831329080579866e-05,71,10,0.14084507042253522,0.3327882990285962,250832744149533.0,112.27256962158722,0.13280522469831382,282.83189552100066,18327824.271332726,13.76843101485497,0.6453482729191766
1.82,schechter,0,89199136496.2277,8.91991364962277e-05,50,10,0.2,0.3311039350875099,48337097534504.7,1228.0559377895229,0.132867844577269,283.28602585392065,18174943.89906127,13.681953695912817,0.9060297416803669
1.83,schechter,0,90088109336.02843,9.008810933602843e-05,68,10,0.14705882352941177,0.32943874873853995,20661281396482.64,112.80493792834201,0.13291727094792347,283.7297941586609,18023786.282729935,13.59447321995595,0.6586097422561585
1.84,schechter,0,90980193392.29993,9.098019339229992e-05,82,10,0.12195121951219512,0.3277920559125094,37974980326098.23,1406.756435531248,0.13295360939789763,284.1633258241531,17874327.527015675,13.506034860245094,0.5398988943982636
1.85,schechter,0,91875372849.40843,9.187537284940844e-05,79,10,0.12658227848101267,0.3261642143067227,197193798887159.2,411.0395362996668,0.13297697061768127,284.58674510890074,17726544.12051855,13.416683507455483,0.5539293714950864
1.86,schechter,0,92773632008.14996,9.277363200814996e-05,72,10,0.1388888888888889,0.32455409943278657,95413203043048.53,750.5041348115554,0.1329874702345315,285.0001751366113,17580412.92894541,13.326463643562851,0.6007164453417101
1.87,schechter,0,93674955284.91258,9.367495528491259e-05,85,10,0.11764705882352941,0.3229622500962448,23227493772908.758,1209.2884689647963,0.13298522864360543,285.403737894572,17435911.18843124,13.235419316821917,0.5028871533562482
1.8800000000000001,schechter,0,94579327210.83739,9.457932721083738e-05,69,10,0.14492753623188406,0.32138750101925073,33896158407945.992,251.3742366781923,0.13297037083666333,285.7975542315567,17293016.49898085,13.143594117689771,0.6122009953471941
1.8900000000000001,schechter,0,95486732430.97618,9.548673243097618e-05,70,10,0.14285714285714285,0.31983047175017354,47705041566207.22,846.0098792863994,0.13294302622867502,286.1817438562162,17151706.818034906,13.051031155759906,0.5963024930532719
1.9000000000000001,schechter,0,96397155703.44983,9.639715570344983e-05,74,10,0.13513513513513514,0.31829004454907195,3805294697553.663,59.75660468814719,0.13290332848265865,286.55642533726706,17011960.454154097,12.957773037775945,0.5573419131689823
1.9100000000000001,schechter,0,97310581898.60577,9.731058189860577e-05,64,10,0.15625,0.3167665559071108,74017910681610.88,27.456695637095343,0.13285141533307546,286.9217161027431,16873756.06082675,12.863861846614654,0.6366939395026578
1.9200000000000002,schechter,0,98226995998.17531,9.822699599817531e-05,51,10,0.19607843137254902,0.3152593888694719,16874955687524.078,291.2195705173492,0.13278742840810062,287.2777324405842,16737072.630372385,12.76933912133169,0.7893439309133468
1.93,schechter,0,99146383094.4305,9.91463830944305e-05,85,10,0.11764705882352941,0.31376823982827373,20957872337375.66,485.5520729765618,0.13271151305108214,287.6245894998715,16601889.488000676,12.674245838289698,0.4678559773918803
1.94,schechter,0,100068728389.34256,0.00010006872838934257,108,10,0.09259259259259259,0.31229329570425945,12770422444432.197,37.989275615471136,0.1326238181414942,287.9624012920378,16468186.28592861,12.578622393269512,0.36372402246421626
1.95,schechter,0,100994017193.73984,0.00010099401719373984,55,10,0.18181818181818182,0.3108337816435425,26084589681460.363,54.94765061832256,0.13252449591568408,288.2912806929749,16335942.997650843,12.482508584680774,0.7054518814135107
1.96,schechter,0,101922234926.4675,0.0001019222349264675,74,10,0.13513513513513514,0.3093895884655363,92075523925508.39,278.9502858171768,0.13241370178770218,288.6113394454393,16205139.912292665,12.385943597791453,0.5178489179024381
1.97,schechter,0,102853367113.54938,0.00010285336711354937,75,10,0.13333333333333333,0.30796082758432985,2006958559542.2202,69.40259608084658,0.13229159417049882,288.9226881612578,16075757.62908553,12.28896598998434,0.5046026848575015
1.98,schechter,0,103787399387.34953,0.00010378739938734953,41,10,0.24390243902439024,0.30654683264229843,23728600016470.1,244.41543267991997,0.13215833429775978,289.22543632570995,15947777.051919853,12.191613677103897,0.9115367213450548
1.99,schechter,0,104724317485.7371,0.0001047243174857371,63,10,0.15873015873015872,0.3051473999577873,3645239536955.544,24.70227962130095,0.1320140860466449,289.5196922996284,15821179.384035045,12.093923920742755,0.5857824507463397
2.0,schechter,0,105664107251.25305,0.00010566410725125305,65,10,0.15384615384615385,0.30376250908236213,1770781195318.0415,66.46153856048637,0.13185901576168338,289.8055633245878,15695946.122775251,11.995933316635025,0.5606022773916549
2.01,schechter,0,106606754630.27917,0.00010660675463027918,58,10,0.1724137931034483,0.3023919744842276,4417076590723.99,66.81652732892682,0.13169329208006922,290.08315552611,15572059.054465903,11.89767778397404,0.6203038408401792
2.02,schechter,0,107552245672.20923,0.00010755224567220922,47,10,0.2127659574468085,0.30103536714834,12904971537666.7,556.9372747809022,0.13151708575859106,290.35257391941974,15449500.249373306,11.79919255580524,0.7557392049129342
2.03,schechter,0,108500566528.62325,0.00010850056652862324,49,10,0.20408163265306123,0.2996924920634483,14373987066475.303,618.1677034798612,0.13133056950241706,290.6139224128243,15328252.056764135,11.700512170290251,0.7156236021904063
2.04,schechter,0,109451703452.46486,0.00010945170345246486,74,10,0.13513513513513514,0.2983631562057797,28988839897621.926,505.79368654727784,0.13113391779594796,290.8673038141816,15208297.100052891,11.601670463044215,0.4677717590017894
2.05,schechter,0,110405642797.22139,0.00011040564279722139,56,10,0.17857142857142858,0.29704716854042257,189221887683246.2,629.026381994636,0.13092730673593825,291.112819835791,15089618.27204791,11.502700560347357,0.6101508271463418
2.0599999999999996,schechter,0,111362371016.10762,0.00011136237101610762,77,10,0.12987012987012986,0.2957445258135126,2638342572307.516,82.10381840375864,0.1307109138670736,291.35057109994625,14972198.730271557,11.403634873287883,0.43799514131830664
2.07,schechter,0,112321874661.25285,0.00011232187466125285,94,10,0.10638297872340426,0.2944548479722072,67504549103231.836,790.2446090504201,0.1304849180201844,291.5806571449889,14856021.89238433,11.30450509283394,0.3541134392033468
2.0799999999999996,schechter,0,113284140382.89143,0.00011328414038289144,57,10,0.17543859649122806,0.2931779255940069,23691277778299.22,520.1482451057562,0.1302494991532604,291.8031764314787,14741071.431683572,11.205342185777639,0.5763436802802285
2.09,schechter,0,114249154928.55737,0.00011424915492855738,67,10,0.14925373134328357,0.2919135762675832,46322022923122.96,1095.4480069659235,0.13000483819542183,292.0182263487707,14627331.272682121,11.106176391546569,0.48388711479327773
2.0999999999999996,schechter,0,115216905142.28258,0.00011521690514228258,94,10,0.10638297872340426,0.2906616195586579,109940783324069.05,149.19401666432415,0.12975111689399202,292.22590322089485,14514785.586787315,11.007037219835356,0.3403535388148693
2.11,schechter,0,116187377963.79951,0.00011618737796379952,125,10,0.08,0.28942187700722044,3190929549621.6084,135.51472158933348,0.12948851766480282,292.42630231409953,14403418.788036415,10.907953449092298,0.25256002892349416
2.1199999999999997,schechter,0,117160560427.74728,0.00011716056042774728,92,10,0.10869565217391304,0.2881941721241372,7214471590856.758,46.42241321067795,0.1292172234458553,292.6195178431237,14293215.5289337,10.808953125760725,0.3385953584355671
2.13,schechter,0,118136439662.88295,0.00011813643966288295,88,10,0.11363636363636363,0.2869783303871737,16023397487753.168,75.08128030882332,0.12893741755444604,292.8056429787403,14184160.69634576,10.710063564315544,0.3492677454577019
2.1399999999999997,schechter,0,119115002891.29655,0.00011911500289129655,82,10,0.12195121951219512,0.28577417923645543,9287805113547.383,51.295083555649725,0.12864928354785926,292.9847698544211,14076239.407488255,10.611311348015683,0.369809608670935
2.15,schechter,0,120096237427.63023,0.00012009623742763023,113,10,0.08849557522123894,0.28458154806938374,27454864743453.305,678.8417123254255,0.12835300508771263,293.156989574316,13969437.005973084,10.512722330405785,0.26475458364694315
2.1599999999999997,schechter,0,121080130678.30399,0.00012108013067830398,98,10,0.10204081632653061,0.2834002682350305,120605540319298.78,877.7366620765403,0.12804876580803742,293.3223922202886,13863739.057946578,10.414321637482434,0.3011654638314698
2.17,schechter,0,122066670140.7423,0.00012206667014074229,43,10,0.23255813953488372,0.2822301730280343,51540608185901.6,517.7494740526447,0.12773674918715994,293.48106685983726,13759131.34827611,10.316133670534695,0.6770986490268228
2.1799999999999997,schechter,0,123055843402.61015,0.00012305584340261015,74,10,0.13513513513513514,0.28107109768201066,41788988331528.12,153.24987327186267,0.1274171384234439,293.6331015532177,13655599.876833957,10.218182109609813,0.3881129272787451
2.19,schechter,0,124047638141.04997,0.00012404763814104997,59,10,0.1694915254237288,0.27992287936250304,43764778646673.29,178.6470004332597,0.12709011631494216,293.7785833623313,13553130.854817575,10.120489917623432,0.4801621488644631
2.1999999999999997,schechter,0,125042042121.92496,0.00012504204212192497,59,10,0.1694915254237288,0.2787853571594908,11567933314752.736,74.06386831226459,0.12675586514299808,293.91759835744733,13451710.70117912,10.023079345005122,0.47360809407375737
2.21,schechter,0,126039043199.06866,0.00012603904319906866,88,10,0.11363636363636363,0.2776585275361001,78018116271742.75,243.2130712136709,0.12641456655982633,294.0502316259605,13351326.039074074,9.92597193493327,0.31318531270661654
2.2199999999999998,schechter,0,127038629313.53653,0.00012703862931353653,102,10,0.09803921568627451,0.2765421506026555,20050988205540.586,31.285137270559193,0.1260664014800965,294.17656728023286,13251963.692418212,9.829188529097175,0.2664887190701456
2.23,schechter,0,128040788492.86581,0.0001280407884928658,55,10,0.18181818181818182,0.27543602086059704,14676532575165.656,59.91553246546516,0.1257115499765309,294.29668846568234,13153610.682476113,9.732749273943991,0.4874090421907269
2.2399999999999998,schechter,0,129045508850.33798,0.00012904550885033797,109,10,0.09174311926605505,0.2743399844609533,133496500518566.25,136.9278061477214,0.12535019117952442,294.41067736896616,13056254.22453316,9.636673627418572,0.24254356818360456
2.25,schechter,0,130052778584.24802,0.000130052778584248,80,10,0.125,0.2732538894431572,28088445323285.363,117.34512821818582,0.12498250318078254,294.51861522653485,12959881.724614153,9.540980366152187,0.3258887492689854
2.26,schechter,0,131062585977.17752,0.00013106258597717752,38,10,0.2631578947368421,0.272177585725219,16348567108366.715,605.1396873363944,0.12460866294096873,294.6205823322558,12864480.776277887,9.44568759305442,0.6765538012084754
2.27,schechter,0,132074919395.27473,0.00013207491939527474,87,10,0.11494252873563218,0.2711111941704276,25464201048384.477,125.48596527228327,0.12422884620134438,294.7166580467521,12770039.157449897,9.35081274534174,0.29139195515559235
2.28,schechter,0,133089767287.5379,0.0001330897672875379,101,10,0.09900990099009901,0.2700543922975408,5019961103913.658,28.88692240859718,0.12384322739937846,294.8069208047794,12676544.827336488,9.256372602890789,0.24749743348052258
2.29,schechter,0,134107118185.10558,0.00013410711818510556,65,10,0.15384615384615385,0.26900696182892325,19421633584352.484,576.2261886069447,0.12345197958829715,294.8914481242808,12583985.923375618,9.162383296977298,0.3791915221279902
2.3,schechter,0,135126960700.55107,0.00013512696070055107,42,10,0.23809523809523808,0.26796875958097355,12105152852230.418,173.0135914922646,0.12305527436053831,294.97031661428,12492350.758259717,9.068860319311641,0.578612202518822
2.31,schechter,0,136149283527.183,0.000136149283527183,76,10,0.13157894736842105,0.26693991914257864,81343379756681.56,25.960087423470526,0.12265328177506969,295.0436019844232,12401627.816991834,8.97581853140785,0.3152637201332198
2.32,schechter,0,137174075438.3512,0.0001371740754383512,65,10,0.15384615384615385,0.26592019509523745,40392447635901.67,186.71998993196885,0.12224617028852493,295.111379051811,12311805.754026573,8.88327217416593,0.3634217645597382
2.3299999999999996,schechter,0,138201325286.75726,0.00013820132528675726,40,10,0.25,0.26490929788808426,43161170924066.45,93.33544777383068,0.12183410669010708,295.1737217508237,12222873.3904306,8.791234877773897,0.5822199647600803
2.34,schechter,0,139231022003.7709,0.0001392310220037709,81,10,0.12345679012345678,0.26390721038650944,35196249377965.61,451.6692885569648,0.12141725604020252,295.23070314118877,12134819.711121293,8.699719671803601,0.28344675922596635
2.3499999999999996,schechter,0,140263154598.7524,0.0001402631545987524,64,10,0.15625,0.2629140620884508,100349999834257.3,150.76048671497807,0.12099578161264772,295.2823954159894,12047633.862132035,8.608738995495544,0.3536497716820286
2.36,schechter,0,141297712158.3793,0.0001412977121583793,79,10,0.12658227848101267,0.26192935259157346,65945342051189.94,1956.2000317115958,0.12056984484058411,295.3288699110326,11961305.147949908,8.518304708286148,0.282429624989765
2.3699999999999997,schechter,0,142334683845.9792,0.00014233468384597918,68,10,0.14705882352941177,0.2609531028961103,29791069009584.805,120.90494518000291,0.12013960526583477,295.37019711237843,11875823.028886234,8.428428100434822,0.3234447743154758
2.38,schechter,0,143374058900.86798,0.00014337405890086797,87,10,0.11494252873563218,0.25998543552076847,35745452624844.336,882.1141435277912,0.11970522049173256,295.40644666566396,11791177.118503083,8.3391199038547,0.24920111724868654
2.3899999999999997,schechter,0,144415826637.6928,0.00014441582663769282,57,10,0.17543859649122806,0.2590258320837169,6573999723344.696,88.92567980561077,0.1192668461393275,295.4376873838947,11707357.181081956,8.250390303021739,0.3749235461851991
2.4,schechter,0,145459976445.7815,0.00014545997644578148,49,10,0.20408163265306123,0.25807452938046405,26234135550022.1,148.1502043798484,0.11882463580689664,295.4639872560996,11624353.129135568,8.162248946014172,0.4298915419242441
2.4099999999999997,schechter,0,146506497788.49667,0.00014650649778849667,80,10,0.125,0.2571312835721207,37483583810815.14,521.5093416848115,0.11837874103268001,295.4854134559365,11542155.020976886,8.074704955648192,0.2595324062139979
2.42,schechter,0,147555380202.59515,0.00014755538020259516,75,10,0.13333333333333333,0.2561958382115891,3867706851400.6367,56.359306393639756,0.11792931126076286,295.502032349548,11460753.05831884,7.987766940655443,0.27285768624000556
2.4299999999999997,schechter,0,148606613297.59387,0.00014860661329759388,57,10,0.17543859649122806,0.25526851758703206,155852305855365.06,3077.1311681467837,0.1174764938100209,295.5139095046387,11380137.583922423,7.901443006952888,0.3538578321374184
2.44,schechter,0,149660186755.13934,0.00014966018675513935,113,10,0.08849557522123894,0.2543486690292308,7093856768846.701,137.4945234907649,0.11702043384604897,295.52110969829533,11300299.079290532,7.815740768919793,0.17592241257099525
2.4499999999999997,schechter,0,150716090328.3838,0.00015071609032838378,64,10,0.15625,0.2534367613859867,14997791284584.3,235.194885899782,0.11656127435598546,295.52369692521336,11221228.162397789,7.730667360706012,0.3061305155077633
2.46,schechter,0,151774313841.367,0.000151774313841367,65,10,0.15384615384615385,0.25253218932965127,8996734351943.803,34.55529314758927,0.11609915612615085,295.5217344062802,11142915.58546343,7.646229447560517,0.29706447115527806
2.4699999999999998,schechter,0,152834847188.4018,0.00015283484718840178,62,10,0.16129032258064516,0.2516352566759621,8265577324340.203,120.22281275528451,0.11563421772241134,295.5152845965477,11065352.232765501,7.562433237139623,0.30693142398749285
2.48,schechter,0,153897680333.46704,0.00015389768033346703,81,10,0.12345679012345678,0.25074555102226415,4130945567032.318,41.931048922713295,0.11516659547318477,295.50440919382953,10988529.118494129,7.479284490813273,0.23153053221003067
2.4899999999999998,schechter,0,154962803309.6035,0.00015496280330960349,70,10,0.14285714285714285,0.24986325955871458,196559872246236.94,67.71719235553876,0.11469642345499854,295.48916914604916,10912437.38464076,7.396788534906552,0.2640265276568971
2.5,schechter,0,156030206218.31747,0.00015603020621831747,100,10,0.1,0.24898801873187648,13164078321415.777,36.29660536407737,0.11422383348051643,295.46962466012013,10837068.298925612,7.314950271937936,0.18213349753320277
2.51,schechter,0,157099879228.98816,0.00015709987922898815,52,10,0.19230769230769232,0.248120040464475,66897849561842.625,108.20378673374378,0.11374895508894493,295.44583520965045,10762413.25276639,7.233774191775853,0.3451623740719807
2.52,schechter,0,158171812578.27997,0.00015817181257827997,56,10,0.17857142857142858,0.2472588713461129,102783674000612.98,388.18562413556117,0.11327191553873434,295.4178595429581,10688463.759278566,7.153264382734932,0.3158407281634622
2.53,schechter,0,159245996569.56192,0.00015924599656956192,121,10,0.08264462809917356,0.24640488407477668,20987793090599.43,142.4223173024031,0.112792839802488,295.3857556910076,10615211.451314276,7.07342454259697,0.1440435003661394
2.54,schechter,0,160322421572.32947,0.00016032242157232947,79,10,0.12658227848101267,0.24555745795522765,16411374139968.488,38.181833284355456,0.11231185056399447,295.34958097541886,10542648.079530537,6.99425798954492,0.21740407749312554
2.55,schechter,0,161401078021.63464,0.00016140107802163465,87,10,0.11494252873563218,0.24471708923515445,24737959283623.094,317.87702184664295,0.11182906821729809,295.3093920163086,10470765.510502744,6.915767673006175,0.1945294867545573
2.56,schechter,0,162481956417.51865,0.00016248195641751863,96,10,0.10416666666666667,0.24388319975402128,6937751949933.815,49.113718564559676,0.1113446108677235,295.2652447399944,10399555.724859066,6.837956184381782,0.17371485771091952
2.57,schechter,0,163565047324.45074,0.00016356504732445074,110,10,0.09090909090909091,0.24305596885841807,8073157158213.721,57.21160673998484,0.11085859433477233,295.2171943866689,10329010.815461004,6.76082576767368,0.14938718702226222
2.5799999999999996,schechter,0,164650341370.77304,0.00016465034137077303,61,10,0.16393442622950818,0.24223530764683332,3866662732104.439,85.91412668980406,0.11037113215680884,295.1652955184671,10259122.985599501,6.684378329992249,0.2654413838022128
2.59,schechter,0,165737829248.14853,0.00016573782924814853,68,10,0.14705882352941177,0.24142087603854734,66333267873477.94,224.2515111419606,0.10988233559745512,295.10960202691535,10189884.547240347,6.608615451936701,0.23462613703065277
2.5999999999999996,schechter,0,166827501711.01508,0.00016682750171101508,33,10,0.30303030303030304,0.2406131142349145,15594667756937.744,123.85270844076817,0.109392313653616,295.0501671402429,10121287.9192909,6.533538397835627,0.4763803093565527
2.61,schechter,0,167919349576.04523,0.00016791934957604524,68,10,0.14705882352941177,0.2398114758106773,61824622541787.45,185.75480615712542,0.108901173065055,294.98704343099786,10053325.625898778,6.459148125859184,0.22779085949147965
2.6199999999999997,schechter,0,169013363721.6088,0.0001690133637216088,77,10,0.12987012987012986,0.23901596593549557,5338875466629.406,40.457606203781054,0.1084090183254463,294.92028282430357,9985990.294780755,6.385445298003524,0.19821082802994552
2.63,schechter,0,170109535087.24353,0.00017010953508724352,71,10,0.14084507042253522,0.238226826038469,40017305892216.86,229.4703650634136,0.10791595169482557,294.8499366037524,9919274.6555814,6.312430289877214,0.21180144120373826
2.6399999999999997,schechter,0,171207854673.1272,0.0001712078546731272,65,10,0.15384615384615385,0.23744359731512032,104165138394496.64,282.91025892868777,0.10742207321336858,294.7760554203666,9853171.53826193,6.240103200404896,0.22794962331103596
2.65,schechter,0,172308313539.55737,0.00017230831353955739,82,10,0.12195121951219512,0.23666629248056859,30306533490651.332,175.59474629722249,0.10692748071642302,294.69868929876156,9787673.871516135,6.168463861314404,0.17803261858020147
2.6599999999999997,schechter,0,173410902806.4347,0.00017341090280643468,63,10,0.15873015873015872,0.23589514630990904,7052643138134.016,111.46649473042912,0.10643226985072582,294.6178876445875,9722774.681209411,6.097511846490848,0.22831324589751778
2.67,schechter,0,174515613652.7508,0.0001745156136527508,66,10,0.15151515151515152,0.2351297297603182,48448189878921.75,135.8327696230025,0.10593653409173551,294.5336992523056,9658467.088857314,6.027246481183547,0.21472497519992673
2.6799999999999997,schechter,0,175622437316.08148,0.0001756224373160815,70,10,0.14285714285714285,0.23436998859637892,118748976539605.3,421.2870362876582,0.10544036476201399,294.4461723114824,9594744.310116976,5.957666851009297,0.19947118741886768
2.69,schechter,0,176731365092.08557,0.00017673136509208556,49,10,0.20408163265306123,0.2336161707534481,37392647032119.13,72.87926227227702,0.1049438510505919,294.3553544142965,9531599.653310519,5.888771810818229,0.2807576165069802
2.6999999999999997,schechter,0,177842388334.0054,0.0001778423883340054,60,10,0.16666666666666666,0.23286798432972,32945450464489.426,262.64255557676347,0.10444708003325524,294.26129256257394,9469026.51798176,5.820559993385916,0.2259036788883311
2.71,schechter,0,178955498452.17676,0.00017895549845217676,61,10,0.16393442622950818,0.23212529741695476,9427326039962.445,47.102150294604584,0.10395013669369071,294.16403317413995,9407018.393461363,5.753029817911486,0.2189219274641496
2.7199999999999998,schechter,0,180070686913.53796,0.00018007068691353796,67,10,0.14925373134328357,0.23138805738463364,4757091248710.936,104.88069456611649,0.10345310394543139,294.06362209052264,9345568.857473286,5.6861794983814145,0.19637522807026953
2.73,schechter,0,181187945241.1478,0.0001811879452411478,77,10,0.12987012987012986,0.2306565252881848,41047356938251.516,83.3863283881789,0.10295606265454338,293.9601045828834,9284671.574754989,5.620007051719247,0.16834951930450096
2.7399999999999998,schechter,0,182307265013.7069,0.0001823072650137069,47,10,0.2127659574468085,0.22993033036002852,94719711319647.88,285.5624610213722,0.10245909166299956,293.853525359495,9224320.295706078,5.554510305795318,0.2717341254467448
2.75,schechter,0,183428637865.08212,0.00018342863786508212,86,10,0.11627906976744186,0.2292094120964634,20421386409743.246,778.6087413763983,0.10196226781268383,293.74392857183216,9164508.855059594,5.489686907235306,0.1463125475117508
2.76,schechter,0,184552055483.837,0.000184552055483837,76,10,0.13157894736842105,0.22849371947229702,100930911860432.38,121.41632686101181,0.10146566596997589,293.63135782148265,9105231.170576822,5.425534329071145,0.1631184893386973
2.77,schechter,0,185677509612.767,0.000185677509612767,84,10,0.11904761904761904,0.2277833194258434,22569859789792.477,168.46555996819032,0.10096935905086413,293.51585616658673,9046481.241760328,5.362049878206391,0.14540303811723704
2.78,schechter,0,186804992048.43713,0.00018680499204843713,62,10,0.16129032258064516,0.22707818026206628,52281955840296.91,49.23223050590934,0.1004734180465394,293.3974661281378,8988253.148596747,5.299230702710194,0.19408704270327443
2.79,schechter,0,187934494640.72614,0.00018793449464072614,42,10,0.23809523809523808,0.2263781021450213,24813632683970.875,39.31932693467114,0.09997791204942123,293.2762296969668,8930541.050315544,5.237073798947054,0.2822759112854883
2.8,schechter,0,189066009292.3737,0.0001890660092923737,95,10,0.10526315789473684,0.22568303565003078,17039662299334.506,176.23290499374315,0.09948290827957305,293.15218833915645,8873339.184167327,5.175576018504764,0.12295154811512157
2.81,schechter,0,190199527958.533,0.00019019952795853298,62,10,0.16129032258064516,0.22499293170546897,187016156203776.56,65.7161262056421,0.09898847211146117,293.02538300328706,8816641.86423281,5.114734074989567,0.18560951845576815
2.82,schechter,0,191335042646.3258,0.0001913350426463258,107,10,0.09345794392523364,0.22430774159285027,32816794994548.65,79.15788533295537,0.09849466710101733,292.8958541261269,8760443.480241075,5.054544550616255,0.10596013765693274
2.8299999999999996,schechter,0,192472545414.40445,0.00019247254541440446,95,10,0.10526315789473684,0.22362753943007618,18775857757517.71,116.83310294371469,0.09800155501296365,292.76364163845375,8704738.496411402,4.995003902633914,0.1175810981252263
2.84,schechter,0,193612028372.51486,0.00019361202837251486,70,10,0.14285714285714285,0.2229522098901905,18950945215052.797,104.39780910249642,0.09750919584836228,292.6287849721262,8649521.450322606,4.936108469609741,0.15721661307959686
2.8499999999999996,schechter,0,194753483681.0668,0.0001947534836810668,38,10,0.2631578947368421,0.2222816376369373,81308035957665.34,986.1619752806695,0.097017647872353,292.49132306518527,8594786.951786837,4.87785447750396,0.285330916161644
2.86,schechter,0,195896903550.70596,0.00019589690355070597,99,10,0.10101010101010101,0.22161577553973366,51807796377459.766,1051.819605530583,0.09652696764204288,292.3512943682429,8540529.681758447,4.820238045611557,0.1079031103802359
2.8699999999999997,schechter,0,197042280241.89105,0.00019704228024189106,65,10,0.15384615384615385,0.2209545768192107,22470275118758.55,430.05119710468415,0.09603721003451575,292.2087368503105,8486744.391249523,4.76325519232472,0.1619173900464641
2.88,schechter,0,198189606064.47595,0.00019818960606447596,111,10,0.09009009009009009,0.22029799504693004,7894307814991.081,96.30916484840996,0.0955484282749277,292.06368800462735,8433425.9002663,4.706901840735878,0.09341630976547913
2.8899999999999997,schechter,0,199338873377.29257,0.00019933887337729257,34,10,0.29411764705882354,0.21964598414504455,52747735971006.33,85.80863157906228,0.09506067396466021,291.9161848544893,8380569.09677265,4.651173824086978,0.300474015300369
2.9,schechter,0,200490074587.74313,0.00020049007458774313,40,10,0.25,0.21899849838590302,28083014641307.773,92.23557494334612,0.09457399710949974,291.7662639587796,8328168.935656688,4.596066891049022,0.25163293690522537
2.9099999999999997,schechter,0,201643202151.38998,0.00020164320215139,57,10,0.17543859649122806,0.2183554923916049,74747434020311.4,290.65689284717365,0.0940884461478178,291.6139614177535,8276220.437724468,4.541576710856672,0.17397863490058843
2.92,schechter,0,202798248571.55542,0.00020279824857155542,61,10,0.16393442622950818,0.21771692410437193,28313829635756.2,291.21515856924793,0.09360406797872392,291.45931287883093,8224718.688710108,4.487698878290145,0.16017180263737218
2.9299999999999997,schechter,0,203955206398.92007,0.00020395520639892009,80,10,0.125,0.217082817417659,38718434205424.78,106.79981808612217,0.09312090799016796,291.302353541618,8173658.8382961275,4.434428918491678,0.12032979040806449
2.94,schechter,0,205114068231.12912,0.0002051140682311291,74,10,0.13513513513513514,0.21645304551393907,5396912426118.654,29.808920308868075,0.09263901008696694,291.1431181637287,8123036.099160874,4.381762291652859,0.12816835037113491
2.9499999999999997,schechter,0,206274826712.4008,0.0002062748267124008,87,10,0.11494252873563218,0.21582756457136987,207432577497695.9,2491.2252636186226,0.09215841671873516,290.98164106639507,8072845.746031287,4.329694397547512,0.10741004565068782
2.96,schechter,0,207437474533.13782,0.00020743747453313781,80,10,0.125,0.21520633111349663,21007143805054.668,70.99148323974097,0.09167916890769558,290.8179561391553,8023083.114753859,4.278220579909609,0.11508751933707537
2.9699999999999998,schechter,0,208602004429.5435,0.0002086020044295435,93,10,0.10752688172043011,0.21458930200852,6402602647267.864,63.70460188804874,0.0912013062763538,290.65209684593617,7973743.601392691,4.227336130698373,0.09754205480021091
2.98,schechter,0,209768409183.24268,0.00020976840918324267,35,10,0.2857142857142857,0.21397643446851888,157973001598154.0,170.10197847863674,0.09072486707501438,290.48409622931945,7924822.661321773,4.1770362941877845,0.25536780939311354
2.9899999999999998,schechter,0,210936681620.903,0.000210936681620903,83,10,0.12048192771084337,0.21336768604863443,22050224137376.273,51.182991572042994,0.09024988820912404,290.31398691692993,7876315.808353685,4.127316270963976,0.10610071353330872
3.0,schechter,0,212106814613.8641,0.0002121068146138641,72,10,0.1388888888888889,0.21276301464620972,14322671525115.426,133.99768854203813,0.0897764052664229,290.1418011251856,7828218.613865179,4.0781712217427435,0.12051166713630589
3.01,schechter,0,213278801077.76648,0.00021327880107776647,68,10,0.14705882352941177,0.21216237849989394,33895550914244.445,924.8319559508609,0.08930445254389056,289.9675706657804,7780526.705950752,4.029596271104125,0.1257248131281992
3.02,schechter,0,214452633972.18616,0.00021445263397218615,137,10,0.072992700729927,0.2115657361887041,43932121895607.45,344.82634360489794,0.08883406307447111,289.7913269492596,7733235.768582869,3.9815865110549438,0.061486662876668104
3.03,schechter,0,215628306300.27307,0.00021562830630027306,110,10,0.09090909090909091,0.21097304663105343,16416553492553.402,48.76593745620943,0.08836526865356453,289.61310099108846,7686341.540784624,3.9341370045017894,0.07545426088215536
3.04,schechter,0,216805811108.39127,0.00021680581110839126,94,10,0.10638297872340426,0.2103842690837413,113643671551087.33,109.17376428324027,0.08789809986527143,289.4329234157365,7639839.815826388,3.887242788580243,0.08700156732196795
3.05,schechter,0,217985141485.76376,0.00021798514148576377,44,10,0.22727272727272727,0.20979936314090952,127718567529226.3,2155.5361727280006,0.08743258610838046,289.2508244622736,7593726.440420668,3.8408988778784687,0.18314048601534924
3.06,schechter,0,219166290564.12088,0.00021916629056412088,83,10,0.12048192771084337,0.20921828873296444,42069185658805.234,209.31782597252194,0.08696875562208634,289.0668339881855,7547997.313944066,3.795100267527874,0.09566317874002378
3.07,schechter,0,220349251517.3513,0.0002203492515173513,61,10,0.16393442622950818,0.20864100612546632,16286766805401.39,67.6336302181246,0.08650663551143015,288.8809814751732,7502648.387664568,3.749841936203221,0.12825750727555846
3.08,schechter,0,221534017561.15707,0.00022153401756115707,62,10,0.16129032258064516,0.20806750514927574,18497620199170.65,46.37731114943318,0.08604625177245216,288.69329603266334,7457675.663981256,3.705118848981687,0.12434110244986706
3.09,schechter,0,222720581952.71176,0.00022272058195271175,58,10,0.1724137931034483,0.20749777008383474,14116448815559.322,155.53069427817326,0.08558762931704852,288.50380640340404,7413075.195680463,3.6609259601234254,0.13097137468407458
3.0999999999999996,schechter,0,223908937990.32175,0.00022390893799032174,44,10,0.22727272727272727,0.20693171811938726,10499736043294.787,132.48251690384797,0.08513079199752545,288.3125409673025,7368843.085202581,3.6172582157231137,0.17011942215023934
3.11,schechter,0,225099079013.09088,0.0002250990790130909,69,10,0.14492753623188406,0.20636931070950082,28073228836834.668,492.1235770328427,0.08467576263084305,288.11952774677366,7324975.48391775,3.574110556276621,0.10689662781135606
3.1199999999999997,schechter,0,226290998400.58807,0.00022629099840058806,73,10,0.136986301369863,0.20581050963820557,80700250147060.02,279.9132171349539,0.08422256302254322,287.9247944096618,7281468.591418872,3.53147791911983,0.09956373565892081
3.13,schechter,0,227484689572.51895,0.00022748468957251895,78,10,0.1282051282051282,0.20525527701870427,43875397905640.97,35.56430606224425,0.08377121399035611,287.7283682755344,7238318.654820386,3.489355240809277,0.09182161238063791
3.1399999999999997,schechter,0,228680145988.39966,0.00022868014598839966,68,10,0.14705882352941177,0.20470357529205552,40613914777775.64,115.10153000534498,0.08332173538748046,287.5302763187491,7195521.968076602,3.4477374593715275,0.10378885067672054
3.15,schechter,0,229877361147.2346,0.0002298773611472346,94,10,0.10638297872340426,0.20415536722583272,37802368285807.68,377.9548109007214,0.08287414612553251,287.3305451725667,7153074.871296239,3.406619516466325,0.07398719770030546
3.1599999999999997,schechter,0,231076328587.1965,0.0002310763285871965,80,10,0.125,0.20361061591275775,25893807275311.887,112.73256747580619,0.08242846419716175,287.1292011346606,7110973.750088734,3.3659963594863385,0.08566907398938922
3.17,schechter,0,232277041885.31003,0.00023227704188531003,49,10,0.20408163265306123,0.2030692847693133,7123983230983.945,37.217075296292464,0.0819847066983287,286.9262701701979,7069215.034901877,3.325862943530902,0.13783277738440478
3.1799999999999997,schechter,0,233479494657.13846,0.00023347949465713847,59,10,0.1694915254237288,0.202531362273759,25164728060290.395,658.420008350928,0.0815428898502426,286.72177791603997,7027795.200383879,3.286214233315005,0.11280702464350922
3.19,schechter,0,234683680556.4731,0.00023468368055647312,62,10,0.16129032258064516,0.20199692764104227,290312568546356.75,336.320082620176,0.08110302902095701,286.5157496855395,6986710.76474544,3.2470452049973875,0.10578921860016943
3.1999999999999997,schechter,0,235889593275.0267,0.0002358895932750267,90,10,0.1111111111111111,0.20146581253058782,81685657440473.28,45.79437531911207,0.08066513874662186,286.308210471665,6945958.289138465,3.2083508479120963,0.0718192233842012
3.21,schechter,0,237097226542.12732,0.0002370972265421273,77,10,0.12987012987012986,0.20093798151111353,85339685326945.78,2854.634520057278,0.08022923275238983,286.0991849517687,6905534.377048772,3.1701261662426954,0.08272711077667166
3.2199999999999998,schechter,0,238306574124.41812,0.00023830657412441812,36,10,0.2777777777777778,0.2004133994690982,20339184974056.074,236.5187903073746,0.07979532397297763,285.8886974911912,6865435.673682141,3.1323661805998273,0.1743800429544574
3.23,schechter,0,239517629825.5584,0.00023951762982555842,111,10,0.09009009009009009,0.19989203160726376,42888287404063.59,496.6436847284457,0.07936342457287976,285.67677214673523,6825658.865381889,3.09506592953415,0.05573684834351401
3.2399999999999998,schechter,0,240730387485.92676,0.00024073038748592676,41,10,0.24390243902439024,0.1993738434430411,37875871622929.79,306.02776880837513,0.07893354596623703,285.46343267154975,6786200.679036681,3.0582204709845873,0.14871443156009376
3.25,schechter,0,241944840982.3298,0.0002419448409823298,58,10,0.1724137931034483,0.19885895725631897,94823225378352.3,137.93110439065586,0.07850569883635809,285.2487025176296,6747057.881511198,3.021824883637576,0.1036063698916148
3.26,schechter,0,243160984227.71045,0.00024316098422771045,56,10,0.17857142857142858,0.19834724261241132,55226175419279.25,1157.7393098320788,0.07807989315489611,285.0326048408305,6708227.279078383,2.9858742682431405,0.10575712998096042
3.27,schechter,0,244378811170.86102,0.000244378811170861,79,10,0.12658227848101267,0.19783861241011924,10170761806353.809,83.89491502383774,0.0776561382006801,284.8151625034271,6669705.71686476,2.95036374884149,0.07388555318682506
3.28,schechter,0,245598315796.13895,0.00024559831579613894,60,10,0.16666666666666666,0.19733303328979301,10354797928046.287,194.95028974976105,0.07723444257820353,284.5963980788513,6631490.078299773,2.9152884739477147,0.0958804529131457
3.29,schechter,0,246819492123.1843,0.0002468194921231843,53,10,0.18867924528301888,0.19683047219979954,40605136858712.15,981.2379057001083,0.07681481423577075,284.3763338542942,6593577.284582875,2.880643617657171,0.10698083839675467
3.3,schechter,0,248042334206.63943,0.00024804233420663944,49,10,0.20408163265306123,0.1963310438959308,29259420880391.836,175.77685372066713,0.07639726048330328,284.15499183505216,6555964.294144623,2.846424380703678,0.11404927959885339
3.31,schechter,0,249266836135.87592,0.0002492668361358759,51,10,0.19607843137254902,0.19583467188380177,12586327425510.53,329.249152525912,0.0759817880098082,283.93239374740466,6518648.1021335395,2.812625991453221,0.10800189964080278
3.32,schechter,0,250492992034.71536,0.0002504929920347154,90,10,0.1111111111111111,0.19534122632387174,39199950595610.7,67.46643272155038,0.07556840290051019,283.70856104312014,6481625.739898744,2.7792437068533515,0.06032231932773741
3.33,schechter,0,251720796061.16263,0.0002517207960611626,100,10,0.1,0.19485067526548672,14461035566620.402,55.1574362173865,0.07515711065365033,283.4835149012585,6444894.2744803615,2.7462728133022996,0.05351131121352011
3.34,schechter,0,252950242407.13412,0.00025295024240713413,97,10,0.10309278350515463,0.19436303048631332,7258198220655.05,81.1232885339197,0.07474791619695409,283.25727623324383,6408450.8081216905,2.7137086275048143,0.05437573532976182
3.3499999999999996,schechter,0,254181325298.19287,0.00025418132529819287,81,10,0.12345679012345678,0.19387845132722215,18456191934598.934,121.4579726034616,0.0743408239037712,283.02986568519,6372292.477769603,2.681546497242668,0.06418445457374637
3.36,schechter,0,255414038993.28433,0.00025541403899328433,62,10,0.16129032258064516,0.1933966779234062,9880887659730.578,33.73467239630959,0.07393583760889016,282.80130364149073,6336416.454597149,2.649781802115756,0.08265467705662641
3.3699999999999997,schechter,0,256648377784.47467,0.00025664837778447466,86,10,0.11627906976744186,0.19291767940734506,56679610017111.67,86.08115876351295,0.07353296062403111,282.57161022836647,6300819.9435306,2.61840995423479,0.05873692698931026
3.38,schechter,0,257884335996.69363,0.00025788433599669363,67,10,0.14925373134328357,0.19244147938105072,43765741262921.94,389.73249248915283,0.07313219575301971,282.3408053163933,6265500.18277916,2.587426398857661,0.074317636415784
3.3899999999999997,schechter,0,259121907987.47562,0.00025912190798747564,71,10,0.14084507042253522,0.1919682417075681,15911928740722.053,189.13308898635964,0.07273354530664589,282.1089085244565,6230454.443376221,2.5568266149976635,0.0691309168496077
3.4,schechter,0,260361088146.70804,0.00026036108814670806,114,10,0.08771929824561403,0.19149769296804553,25950705017771.15,47.98999842608,0.07233701111721073,281.87593922264307,6195680.028727723,2.526606115979985,0.042442038793782555
3.4099999999999997,schechter,0,261601870896.37857,0.0002616018708963786,58,10,0.1724137931034483,0.19102980335933917,22631931772175.664,284.5990400517038,0.07194259455276497,281.64191653485807,6161174.274165404,2.496760449954777,0.08223373410176488
3.42,schechter,0,262844250690.32666,0.00026284425069032666,60,10,0.16666666666666666,0.19056471693049792,63987826675781.484,479.21913307104506,0.07155029653104333,281.40685934288,6126934.5465087,2.467285200385098,0.07836291763303217
3.4299999999999997,schechter,0,264088222013.996,0.000264088222013996,49,10,0.20408163265306123,0.19010238316561323,40721413544418.45,472.64220058106366,0.07116011753309788,281.1707862885118,6092958.2436328735,2.438175986480166,0.09459246236878563
3.44,schechter,0,265333779384.19083,0.00026533377938419084,83,10,0.12048192771084337,0.18964262532805543,21604181869729.383,339.4172980860842,0.07077205761663512,280.9337157767789,6059242.794044905,2.409428463602612,0.055051848117800284
3.4499999999999997,schechter,0,266580917348.83273,0.00026658091734883273,76,10,0.13157894736842105,0.18918546681473702,128367066639572.7,1575.4299691413858,0.07038611642905952,280.695665979301,6025785.656462501,2.381038323641048,0.05927076931076454
3.46,schechter,0,267829630486.72266,0.00026782963048672264,91,10,0.10989010989010989,0.18873111829385647,70102348128059.56,313.31252906006705,0.07000229322022894,280.45665483657433,5992584.319403749,2.353001295341692,0.048800501738102235
3.4699999999999998,schechter,0,269079913407.29984,0.00026907991340729986,71,10,0.14084507042253522,0.18827926445689402,11198838628791.676,99.8152005788595,0.06962058685492503,280.2167000619543,5959636.300782556,2.32531314462216,0.061663133591747535
3.48,schechter,0,270331760750.41043,0.00027033176075041043,58,10,0.1724137931034483,0.18782987729116252,35818470083215.42,76.25666013141614,0.06924099582504298,279.9758191426875,5926939.147505195,2.2979696748276526,0.07441851069684322
3.4899999999999998,schechter,0,271585167186.0714,0.00027158516718607143,75,10,0.13333333333333333,0.18738327943812627,35106887224854.945,508.48114804793533,0.06886351826150523,279.73402934450445,5894490.435082389,2.2709667269911513,0.05673882570646265
3.5,schechter,0,272840127414.24023,0.00027284012741424023,70,10,0.14285714285714285,0.186939106836296,168491499450687.88,450.0887172025229,0.06848815194590231,279.49134771345166,5862287.767236518,2.2443001800377895,0.05993535301840038
3.51,schechter,0,274096636164.5862,0.0002740966361645862,74,10,0.13513513513513514,0.1864973223357973,6088961079363.051,97.03871321940987,0.06811489432186627,279.24779107892886,5830328.775524363,2.2179659509757905,0.055897933903912865
3.52,schechter,0,275354688196.26416,0.00027535468819626414,86,10,0.11627906976744186,0.18605826038795348,106097123071678.06,49.0069602826664,0.06774374250617998,279.0033760562331,5798611.1189587405,2.191959995054502,0.04742235622323579
3.53,schechter,0,276614278297.6885,0.0002766142782976885,73,10,0.136986301369863,0.18562155121284885,11278872888351.932,100.9297614594854,0.0673746932996273,278.7581190493929,5767132.483642135,2.1662783059020763,0.055083279383600775
3.54,schechter,0,277875401286.3121,0.0002778754012863121,93,10,0.10752688172043011,0.185187188680343,7186153208411.706,65.69137471873137,0.06700774319758737,278.51203625395897,5735890.582397208,2.1409169156353323,0.0426312241725482
3.55,schechter,0,279138052008.4048,0.0002791380520084048,78,10,0.1282051282051282,0.18475546754073735,16164181640549.615,62.12367556090912,0.06664288840037871,278.2651436586614,5704883.154414197,2.115871894942172,0.05011780784696755
3.56,schechter,0,280402225338.8348,0.0002804022253388348,86,10,0.11627906976744186,0.18432600889028183,12585776721071.797,103.59790085854733,0.06628012482335588,278.0174570496245,5674107.964892094,2.0911393531572218,0.04481992686056701
3.57,schechter,0,281667916180.8538,0.0002816679161808538,35,10,0.2857142857142857,0.18389892482885928,20003961302214.54,69.65231161575619,0.06591944810676449,277.7689920113412,5643562.804696245,2.0667154382955655,0.10859049915135975
3.58,schechter,0,282935119465.88043,0.00028293511946588044,75,10,0.13333333333333333,0.18347431979719164,58932002251842.625,49.40874203720127,0.06556085362535716,277.5197639301029,5613245.49001041,2.0425963370810707,0.049968529808824616
3.59,schechter,0,284203830153.2899,0.00028420383015328993,67,10,0.14925373134328357,0.18305190362245893,144322827137029.9,281.42831794915253,0.0652043364977763,277.2697879962525,5583153.862002588,2.018778274949572,0.055155403913609395
3.5999999999999996,schechter,0,285474043230.20197,0.00028547404323020194,70,10,0.14285714285714285,0.1826319424658227,48105253095757.625,592.0818885964752,0.06484989159570673,277.019079206481,5553285.786493722,1.995257516033144,0.05205682226752364
3.61,schechter,0,286745753711.2732,0.00028674575371127317,62,10,0.16129032258064516,0.18221424844921064,107707398153546.03,554.550297394396,0.06449751355280299,276.767652366197,5523639.15362708,1.9720303631257794,0.05795677911870772
3.6199999999999997,schechter,0,288018956638.49005,0.00028801895663849007,85,10,0.11764705882352941,0.1817987348224852,101958129038292.52,430.7553844461634,0.06414719677339552,276.51552209249127,5494211.877547617,1.9490931576382977,0.041687372954094734
3.63,schechter,0,289293647080.9647,0.00028929364708096475,62,10,0.16129032258064516,0.18138568038921976,76585003155293.66,115.5615700676286,0.06379893544097907,276.2627028155472,5465001.896084231,1.926442279525359,0.05635952316165592
3.6399999999999997,schechter,0,290569820134.7315,0.0002905698201347315,77,10,0.12987012987012986,0.18097469706079128,56126226123010.805,131.74370072994876,0.06345272352648877,276.0092087818383,5436007.170438018,1.904074147210402,0.04475184960684246
3.65,schechter,0,291847470922.5468,0.0002918474709225468,104,10,0.09615384615384616,0.1805660601072363,24616663408911.188,72.64353160953947,0.0631085547963669,275.75505405582885,5407225.684871397,1.881985217484051,0.032675255375111095
3.6599999999999997,schechter,0,293126594593.6887,0.00029312659459368874,98,10,0.10204081632653061,0.18015958960245038,32012361900888.887,367.01277729348715,0.06276642282042497,275.5002525227211,5378655.446409031,1.860171985398517,0.034196716477486955
3.67,schechter,0,294407186323.76135,0.0002944071863237613,53,10,0.18867924528301888,0.1797552499114804,39131395436443.19,88.64576679558749,0.062426320979504686,275.2448178903883,5350294.484533614,1.8386309841397828,0.0623591645375543
3.6799999999999997,schechter,0,295689241314.49884,0.00029568924131449884,57,10,0.17543859649122806,0.17935321250831315,55626884342912.54,344.5330245621596,0.06208824247294238,274.9887636910754,5322140.850894996,1.817358784888975,0.05718405900877931
3.69,schechter,0,296972754793.56995,0.00029697275479356993,75,10,0.13333333333333333,0.17895313318480022,65927762372007.31,252.59652430725,0.06175218032584041,274.7321032852075,5294192.619019311,1.7963519966843013,0.04286170908125701
3.6999999999999997,schechter,0,298257722014.38947,0.0002982577220143895,80,10,0.125,0.17855543079620795,53444738014076.734,225.10194617313215,0.061418127396149415,274.4748498614619,5266447.884021641,1.7756072662466125,0.039630540043692625
3.71,schechter,0,299544138255.92474,0.0002995441382559247,76,10,0.13157894736842105,0.1781596624340971,124214128598924.62,1680.5400815855162,0.06108607638156587,274.2170164405334,5238904.762326913,1.755121277820154,0.04114365978780786
3.7199999999999998,schechter,0,300831998822.51,0.00030083199882251,71,10,0.14084507042253522,0.17776611111236262,108693643028167.7,2440.1141347417506,0.06075601982624775,273.95861587634045,5211561.39139034,1.7348907529847413,0.04343729329054873
3.73,schechter,0,302121299043.65686,0.00030212129904365684,97,10,0.10309278350515463,0.17737457679613855,27891587791289.777,79.81950915532023,0.06042795012735299,273.6996608582778,5184415.929424091,1.714912450466046,0.031358955684932355
3.7399999999999998,schechter,0,303412034273.8723,0.0003034120342738723,77,10,0.12987012987012986,0.17698512172580128,6303599624080.615,59.63295712693845,0.060101859541404255,273.44016391373157,5157466.555130386,1.6951831659391952,0.038963921944321765
3.75,schechter,0,304704199892.4729,0.0003047041998924729,64,10,0.15625,0.17659774559314367,44473837056120.84,358.1198484377942,0.05977774019048319,273.18013740929985,5130711.467432381,1.6756997318136815,0.04623824920770806
3.76,schechter,0,305997791303.4046,0.0003059977913034046,68,10,0.14705882352941177,0.17621233252226365,7164838913446.964,61.16043970129194,0.059455584068258405,272.9195935533366,5104148.885215932,1.6564590170209226,0.04292478045835189
3.77,schechter,0,307292803935.06177,0.0003072928039350618,93,10,0.10752688172043011,0.17582903975760766,137717053746866.22,63.18478759417692,0.05913538304585055,272.658544397841,5077777.047071797,1.637457926789001,0.03095834999040786
3.78,schechter,0,308589233240.1095,0.0003085892332401095,87,10,0.11494252873563218,0.1754476149976738,32854813390797.72,79.0740882528925,0.05881712887753789,272.3970018404199,5051594.211037625,1.6186934024095134,0.03264320653623207
3.79,schechter,0,309887074695.307,0.000309887074695307,117,10,0.08547008547008547,0.17506833182556558,110882660812396.92,49.136071675383015,0.05850081320630583,272.13497762600275,5025598.654353037,1.600162420999362,0.023943398777292024
3.8,schechter,0,311186323801.3303,0.00031118632380133034,53,10,0.18867924528301888,0.17469084225117681,13086732703989.941,55.89954314516763,0.058186427569244414,271.87248334883316,4999788.673212268,1.5818619952560353,0.05213901967479319
3.81,schechter,0,312486976082.6023,0.0003124869760826023,66,10,0.15151515151515152,0.17431549592943707,81015751196123.47,125.67005095429067,0.05787396340279591,271.60953045415476,4974162.582516595,1.5637891732040965,0.04130192200850855
3.82,schechter,0,313789027087.1173,0.0003137890270871173,60,10,0.16666666666666666,0.17394188897776675,139547048892748.34,252.88758082108149,0.0575634120478575,271.346130241191,4948718.7156405095,1.5459410379469711,0.04481731739812426
3.83,schechter,0,315092472386.2725,0.0003150924723862725,57,10,0.17543859649122806,0.17357040779046973,41851351351344.55,179.70257206016416,0.057254764754740534,271.08229386266567,4923455.424194368,1.5283147073915366,0.04653863280598621
3.84,schechter,0,316397307574.6981,0.00031639730757469813,138,10,0.07246376811594203,0.17320063146052267,19187891982722.652,258.8144859030396,0.056948012687991136,270.8180323293664,4898371.077789676,1.5109073339968082,0.018963051038158117
3.8499999999999996,schechter,0,317703528270.0901,0.00031770352827009007,102,10,0.09803921568627451,0.1728329447108058,19111583383837.55,67.53907187351322,0.056643146931074334,270.553356509346,4873464.063811505,1.4937161044889027,0.025310132637330462
3.86,schechter,0,319011130113.0444,0.0003190111301130444,60,10,0.16666666666666666,0.1724669475624766,17255930017985.256,69.65880803444833,0.056340158490925135,270.28827713174445,4848732.787193777,1.4767382395980284,0.04244808942204286
3.8699999999999997,schechter,0,320320108766.8924,0.0003203201087668924,49,10,0.20408163265306123,0.172102985565187,237605865269325.7,4602.0775611551235,0.05603903830236975,270.0228047871383,4824175.670194775,1.4599709937714076,0.05127864629931271
3.88,schechter,0,321630459917.53754,0.00032163045991753753,122,10,0.08196721311475409,0.1717407167181274,145465601634112.72,189.17390802663735,0.05573977723241955,269.7569499303166,4799791.152178878,1.443411654897249,0.020319061650110812
3.8899999999999997,schechter,0,322942179273.2942,0.0003229421792732942,103,10,0.0970873786407767,0.17138041079231836,12400142205162.357,157.94080560974433,0.05544236608444147,269.49072288071693,4775577.689400512,1.4270575440126483,0.023744631856035394
3.9,schechter,0,324255262564.7274,0.0003242552625647274,80,10,0.125,0.1710218199246225,9001388711664.12,82.73369742007151,0.0551467956022065,269.2241338250129,4751533.754790982,1.4109060150203472,0.03016196430392207
3.9099999999999997,schechter,0,325569705544.4935,0.00032556970554449354,55,10,0.18181818181818182,0.1706651023859065,60339871195426.734,318.17421724913646,0.0548530564738208,268.95719281917803,4727657.837746424,1.3949544543994483,0.04328546268795603
3.92,schechter,0,326885503987.1843,0.0003268855039871843,85,10,0.11764705882352941,0.17031013973262343,18418493632103.414,46.075371460343,0.054561139335540465,268.6899097883111,4703948.4439248545,1.3792002809040844,0.027634328536476245
3.9299999999999997,schechter,0,328202653689.16943,0.00032820265368916946,64,10,0.15625,0.16995694388539317,16964443100603.072,112.64782260771786,0.054271034775474035,268.4222945304447,4680404.095037893,1.3636409452784926,0.036212538690081446
3.94,schechter,0,329521150468.4436,0.0003295211504684436,48,10,0.20833333333333334,0.16960556023687157,26134237873630.75,48.094125048574575,0.05398273333717482,268.15435671661766,4657023.328652699,1.3482739299530473,0.04764057400884482
3.9499999999999997,schechter,0,330840990164.47186,0.00033084099016447184,42,10,0.23809523809523808,0.16925582036639597,13448401292608.652,122.54537528198492,0.053696225523125696,267.8861058930119,4633804.697992794,1.3330967487483756,0.053722472342186085
3.96,schechter,0,332162168638.0386,0.0003321621686380386,52,10,0.19230769230769232,0.16890796706647015,95504106411528.52,399.4882879915277,0.05341150179811911,267.6175514820861,4610746.771740449,1.31810694657274,0.04281514706188345
3.9699999999999998,schechter,0,333484681771.09674,0.00033348468177109677,80,10,0.125,0.1685616423053483,37559770168666.58,85.16381710503813,0.05312855259253501,267.34870278488677,4587848.13384705,1.3033020991257487,0.02746084278108051
3.98,schechter,0,334808525466.6191,0.0003348085254666191,57,10,0.17543859649122806,0.16821724737490162,37489844095733.89,63.38024319138019,0.05284736830551836,267.07956898200746,4565107.3833417045,1.2886798125931358,0.03803125803895112
3.9899999999999998,schechter,0,336133695648.44946,0.00033613369564844945,45,10,0.2222222222222222,0.16787438611989902,88247716917282.53,65.35706365068464,0.05256793930805998,266.81015913459197,4542523.13414405,1.2742377233417255,0.04753597235040219
4.0,schechter,0,337460188261.1578,0.0003374601882611578,68,10,0.14705882352941177,0.16753328982979054,39914300340540.83,122.75658653636792,0.05229025594598198,266.540482186994,4520094.014880405,1.2599734976220793,0.031042280169849227
4.01,schechter,0,338787999269.89276,0.00033878799926989275,108,10,0.09259259259259259,0.1671938447099922,111488749003778.38,2519.312287814283,0.052014308542830644,266.2705469675477,4497818.66870036,1.2458848312610629,0.0192874328707775
4.02,schechter,0,340117124660.23987,0.0003401171246602399,115,10,0.08695652173913043,0.16685598460242979,19810010900945.58,124.4564109321124,0.051740087402679,266.00036218919263,4475695.7530969195,1.2319694493540974,0.017874910910616625
4.03,schechter,0,341447560438.0773,0.0003414475604380773,71,10,0.14084507042253522,0.16651990879400747,43058210510980.586,1048.526925484309,0.05146758281284127,265.7299364529912,4453723.939732424,1.2182251059718383,0.028571652610845155
4.04,schechter,0,342779302629.43445,0.00034277930262943446,78,10,0.1282051282051282,0.1661852991037729,60368124587375.75,408.8907721809115,0.05119678504650158,265.4592782472712,4431901.9142613495,1.2046495838450462,0.025666032231605705
4.05,schechter,0,344112347280.35364,0.00034411234728035366,85,10,0.11764705882352941,0.16585247058084907,28962853967892.26,59.065451595731965,0.05092768436525858,265.1883959504745,4410228.376158676,1.1912406940679419,0.02324355437266042
4.06,schechter,0,345446690456.74744,0.00034544669045674745,91,10,0.10989010989010989,0.16552116579488185,45641155691404.61,57.24605051262116,0.05066027102158882,264.9172978317243,4388702.038552683,1.1779962757920333,0.021426738117706207
4.07,schechter,0,346782328244.2645,0.0003467823282442645,81,10,0.12345679012345678,0.16519142375891638,73994766068068.97,174.81382066884402,0.05039453526123035,264.6459920529613,4367321.6280537555,1.164914195925955,0.023757263528639723
4.08,schechter,0,348119256748.15015,0.00034811925674815017,111,10,0.09009009009009009,0.1648633783242276,56328229578470.9,554.8883702785803,0.05013046732548883,264.374486669293,4346085.884590511,1.1519923488294057,0.01711003157042143
4.09,schechter,0,349457472093.1137,0.0003494574720931137,86,10,0.11627906976744186,0.16453675630679354,9148803497298.957,31.456217497667957,0.049868057453468215,264.1027896308975,4324993.5612532655,1.1392286560162304,0.021795928808448654
4.1,schechter,0,350796970423.19055,0.00035079697042319054,98,10,0.10204081632653061,0.16421183238756587,34478804461437.664,43.93120910051816,0.04960729588422757,263.83090878417204,4304043.424121051,1.1266210658501314,0.018878011186702306
4.109999999999999,schechter,0,352137747901.6133,0.0003521377479016133,62,10,0.16129032258064516,0.1638884070054506,142154994740699.4,311.95903270649376,0.04934817285886632,263.55885187354943,4283234.252119073,1.114167553251783,0.02945147507090246
4.12,schechter,0,353479800710.67566,0.0003534798007106757,32,10,0.3125,0.16356642513467656,10226352493730.896,57.41219067499203,0.04909067862253967,263.286626541644,4262564.836847282,1.1018661193918182,0.05632134441435576
4.13,schechter,0,354823125051.6042,0.0003548231250516042,46,10,0.21739130434782608,0.16324615209382698,29817008591115.168,125.08093842825232,0.04883480342640599,263.01424033106804,4242033.982438276,1.0897147913994267,0.038672118820800815
4.14,schechter,0,356167717144.4284,0.00035616771714442843,76,10,0.13157894736842105,0.16292726075309516,34291725414451.156,110.72018889313117,0.04858053752950762,262.74170068633623,4221640.505400525,1.0777116220681338,0.023103763482281048
4.1499999999999995,schechter,0,357513573227.851,0.000357513573227851,115,10,0.08695652173913043,0.16260989069688125,134688064108732.83,120.21090722506713,0.04832787120058748,262.4690149538653,4201383.234468503,1.0658546895564094,0.01507117517978487
4.16,schechter,0,358860689559.1213,0.0003588606895591213,72,10,0.1388888888888889,0.16229409065933897,89935616607343.88,453.2911371932961,0.04807679471984265,262.1961903838639,4181261.010457904,1.054142097098481,0.02376125459365647
4.17,schechter,0,360209062413.9085,0.0003602090624139085,59,10,0.1694915254237288,0.16197964862365566,21035381669114.13,165.1429396051097,0.04782729838061681,261.92323413156794,4161272.6861168793,1.042571972712454,0.028622956238107598
4.18,schechter,0,361558688086.17615,0.00036155868808617614,60,10,0.16666666666666666,0.1616667715839184,87462787464414.83,101.7974604667425,0.0475793724910331,261.65015325818536,4141417.125983926,1.0311424689101572,0.02778357899862934
4.1899999999999995,schechter,0,362909562888.05865,0.00036290956288805866,94,10,0.10638297872340426,0.16135536076727475,56406851599298.914,272.9596750142591,0.04733300737556878,261.3769547318119,4121693.2062488887,1.0198517624089503,0.017506228622620974
4.2,schechter,0,364261683149.73737,0.00036426168314973736,94,10,0.10638297872340426,0.16104528457143252,15719087483752.682,33.93302791614401,0.04708819337657378,261.1036454292045,4102099.814607074,1.008698053846537,0.017281496290251674
4.21,schechter,0,365615045219.3181,0.0003656150452193181,104,10,0.09615384615384616,0.16073678408242842,103619502199462.77,285.4648716888693,0.04684492085573398,260.83023213639154,4082635.850129579,0.9976795674966101,0.015419596656168577
4.22,schechter,0,366969645462.71106,0.00036696964546271103,85,10,0.11764705882352941,0.16042967997079727,88539395707825.11,56.55757280859295,0.046603180195481396,260.55672155017,4063300.22312007,0.9867945509860993,0.01862483929548547
4.2299999999999995,schechter,0,368325480263.5105,0.0003683254802635105,66,10,0.15151515151515152,0.16012388741623362,73069787440020.58,588.6669552133202,0.0463629618003518,260.28312027844004,4044091.8549862206,0.9760412750131137,0.023679927762696507
4.24,schechter,0,369682546022.87427,0.00036968254602287424,97,10,0.10309278350515463,0.15981964932036896,8999300306647.238,105.81906518884652,0.046124256098292224,260.0094348423849,4025009.6781047075,0.965418033071922,0.015906471287949992
4.25,schechter,0,371040839159.40784,0.0003710408391594078,55,10,0.18181818181818182,0.15951677065943493,229148396563470.6,137.9843139933548,0.04588705354191895,259.7356716767764,4006052.635690871,0.9549231411735914,0.027695682855995454
4.26,schechter,0,372400356109.0454,0.0003724003561090454,62,10,0.16129032258064516,0.1592151808090425,73696681861622.31,646.4114083603731,0.04565134460972769,259.46183713115227,3987219.681670151,0.9445549375720996,0.024256045995099305
4.27,schechter,0,373761093324.93536,0.00037376109332493536,61,10,0.16393442622950818,0.1589150932321285,27862813058144.914,54.20428148106949,0.04541711980725716,259.18793747096424,3968509.7805564064,0.9343117824936935,0.024340367872600237
4.28,schechter,0,375123047277.32465,0.0003751230472773246,56,10,0.17857142857142858,0.15861636002351565,38445872879162.63,106.42087260581904,0.0451843696682072,258.9139788787556,3949921.907314913,0.9241920578644994,0.026177139318055223
4.29,schechter,0,376486214453.4434,0.00037648621445344343,143,10,0.06993006993006994,0.1583188931957864,20779422369265.43,121.7087543865177,0.04495308475551311,258.63996745455336,3931455.0472522303,0.9141941670435288,0.010121273335131145
4.3,schechter,0,377850591357.39294,0.00037785059135739295,92,10,0.10869565217391304,0.15802284652179255,40367033468901.516,91.98025749711897,0.04472325566237682,258.3659092179909,3913108.1958865277,0.9043165345591189,0.015532899233451625
4.31,schechter,0,379216174510.0343,0.0003792161745100343,84,10,0.11904761904761904,0.15772818001679767,7126306601749.297,30.474793444528395,0.044494873013256726,258.0918101081331,3894880.358826569,0.8945576058411588,0.01679725512970355
4.32,schechter,0,380582960448.8753,0.0003805829604488753,102,10,0.09803921568627451,0.157434757779345,13123284606092.156,133.82566522189842,0.044267927464816684,257.8176759847117,3876770.551660913,0.8849158469626862,0.013658481570752395
4.33,schechter,0,381950945727.9611,0.0003819509457279611,93,10,0.10752688172043011,0.15714264462469663,15694129093100.693,106.42918224044361,0.04404240970683595,257.5435126302626,3858777.7998315697,0.8753897443828894,0.014791511775232732
4.34,schechter,0,383320126917.76434,0.00038332012691776437,76,10,0.13157894736842105,0.15685196731742557,13506635615249.227,143.67074835659008,0.04381831046308065,257.26932574904976,3840901.138524533,0.8659778046849569,0.017872410831323786
4.35,schechter,0,384690500605.0769,0.0003846905006050769,99,10,0.10101010101010101,0.15656251247992048,1819116936463.1235,19.3946620573491,0.043595620492138186,256.9951209699577,3823139.612554538,0.8566785543282532,0.013547853217504785
4.36,schechter,0,386062063392.9024,0.0003860620633929024,46,10,0.21739130434782608,0.15627427416861883,224723638854845.94,459.6719965832258,0.04337433058821551,256.7209038458377,3805492.276251821,0.8474905393909253,0.02879151498001916
4.37,schechter,0,387434811900.34863,0.00038743481190034863,84,10,0.11904761904761904,0.15598746328733515,49735662806352.17,81.45253829698392,0.0431544315819022,256.4466798557314,3787958.1933524255,0.8384123253250985,0.015569263311464056
4.38,schechter,0,388808742762.5234,0.0003888087427625234,80,10,0.125,0.1557018998938975,60609134334075.27,77.35828542370595,0.042935914340899516,256.1724544049,3770536.4368874063,0.8294424967065684,0.016143221573743816
4.39,schechter,0,390183852630.4275,0.00039018385263042747,76,10,0.13157894736842105,0.15541753162094574,272421371787075.75,962.398022639242,0.04271876977071631,255.89823282619065,3753226.089076467,0.8205796569920504,0.016780587472114052
4.3999999999999995,schechter,0,391560138170.8521,0.0003915601381708521,75,10,0.13333333333333333,0.15513441393022342,17458691092576.746,51.08041417331738,0.0425029888153329,255.62402038044323,3736026.2412209357,0.8118224282752744,0.016792212883452735
4.41,schechter,0,392937596066.27423,0.00039293759606627424,87,10,0.11494252873563218,0.15485266725130176,28544902224663.9,82.89581331335026,0.04228856245783335,255.34982225813297,3718935.9935974055,0.8031694510493449,0.014295739281581022
4.42,schechter,0,394316223014.75616,0.00039431622301475615,96,10,0.10416666666666667,0.15457209460066879,25687812481853.098,77.79317922620244,0.042075481721007855,255.0756435792396,3701954.455356704,0.7946193839667607,0.01279437318646201
4.43,schechter,0,395696015729.8421,0.0003956960157298421,53,10,0.18867924528301888,0.15429269020806102,56952840723138.77,107.45132108777196,0.041863737667925324,254.8014893946427,3685080.744418201,0.7861709036054714,0.022886872392564227
4.4399999999999995,schechter,0,397076970940.45886,0.00039707697094045884,47,10,0.2127659574468085,0.1540145663719733,141027906122090.9,175.88418664265083,0.041653321402477496,254.52736468783687,3668313.9873721073,0.777822704239716,0.02548851627824585
4.45,schechter,0,398459085390.8139,0.00039845908539081393,87,10,0.11494252873563218,0.15373771614402287,14360862324556.479,217.18257444225634,0.041444224069895445,254.25327437366715,3651653.319377335,0.7695734976029174,0.013599134704188526
4.46,schechter,0,399842355840.29956,0.0003998423558402996,110,10,0.09090909090909091,0.15346201347155852,26632042336190.05,243.00506891519163,0.041236436857238865,253.97922330087275,3635097.884063798,0.7614220126654974,0.010622668651383069
4.47,schechter,0,401226779063.39136,0.00040122677906339135,75,10,0.13333333333333333,0.15318745268033995,59125848211453.625,767.1769478910596,0.04102995099385941,253.70521625272644,3618646.833436934,0.753366995409392,0.015387516128027483
4.4799999999999995,schechter,0,402612351849.55286,0.00040261235184955286,64,10,0.15625,0.1529141538228529,59619892116056.52,67.18067832819872,0.04082475775183858,253.43125794672952,3602299.327779113,0.7454072086013634,0.01780989258698942
4.49,schechter,0,403999071003.1375,0.0004039990710031375,89,10,0.11235955056179775,0.15264208118867628,22191901113891.664,78.84664535308045,0.04062084844640118,253.15735303685003,3586054.5355572705,0.7375414315774101,0.012649422368410289
4.5,schechter,0,405386933343.29456,0.00040538693334329456,99,10,0.10101010101010101,0.15237113012120174,94373583537571.27,182.3259396838625,0.04041821443630461,252.8835061131159,3569911.633328093,0.7297684600209796,0.011231883331333908
4.51,schechter,0,406775935703.8713,0.00040677593570387127,97,10,0.10309278350515463,0.15210129504224845,43777907199212.41,76.62436976640632,0.04021684712420523,252.6097217031847,3553869.805647869,0.7220871057501925,0.011322719991537451
4.52,schechter,0,408166074933.32135,0.00040816607493332133,58,10,0.1724137931034483,0.1518326566162954,21675740244119.332,106.77818300485214,0.04001673795700224,252.33600427260527,3537928.2449801154,0.7144961965029625,0.018704113044359212
4.53,schechter,0,409557347894.61,0.00040955734789461,77,10,0.12987012987012986,0.15156524509535152,102655246675936.17,49.19404297400652,0.03981787842615967,252.06235822570437,3522086.15160432,0.7069945757263773,0.01391633846117564
4.54,schechter,0,410949751465.12134,0.00041094975146512133,75,10,0.13333333333333333,0.1512989296343783,87986433827948.6,116.91224969102878,0.03962026006800758,251.7887879068222,3506342.7335315645,0.6995811023706074,0.014112782930814844
4.55,schechter,0,412343282536.56573,0.0004123432825365657,117,10,0.08547008547008547,0.15103370475117905,2380221347344.506,28.495832979728487,0.0394238744640223,251.51529759991985,3490697.2064130404,0.692254650678992,0.008936220899425766
4.56,schechter,0,413737938014.88983,0.00041373793801488984,52,10,0.19230769230769232,0.15076956647518702,117157454557953.5,249.38355424975174,0.03922871324108732,251.24189153052717,3475148.7934561176,0.6850141099883871,0.019861400075449075
4.57,schechter,0,415133714820.18427,0.00041513371482018426,99,10,0.10101010101010101,0.15050670194556603,121849468389106.55,444.07348724498405,0.03903476807173469,250.96857386577167,3459696.7253384124,0.6778583845258989,0.010305275741529531
4.58,schechter,0,416530609886.59607,0.00041653060988659606,56,10,0.17857142857142858,0.15024490844884464,197103724062304.06,1867.7964199951361,0.03884203067436807,250.69534871510547,3444340.2401227453,0.6707863932099393,0.017996828613671075
4.59,schechter,0,417928620162.23737,0.00041792862016223735,58,10,0.1724137931034483,0.1499841805986316,41994132372630.35,149.0639039936179,0.0386504928134673,250.42222013117717,3429078.583176759,0.663797069454719,0.01716535509412741
4.6,schechter,0,419327742609.0973,0.0004193277426090973,51,10,0.19607843137254902,0.1497245130273135,64626794000606.77,100.18814156912224,0.038460146299776024,250.14919211064603,3413911.0070874332,0.656889360975717,0.01928479209508086
4.61,schechter,0,420727974202.9564,0.0004207279742029564,67,10,0.14925373134328357,0.14946595707074217,13309782115817.762,86.51967040055007,0.03827098299047199,249.87626859450162,3398836.7715838132,0.6500622295975738,0.014501816910797298
4.62,schechter,0,422129311933.2966,0.00042212931193329656,48,10,0.20833333333333334,0.14920857423226697,142170837098091.25,91.34335096248985,0.038082994789321374,249.60345346895056,3383855.1434541843,0.6433146510645488,0.01999751288918118
4.63,schechter,0,423531752803.21643,0.0004235317528032164,109,10,0.09174311926605505,0.14895223258563517,25563259578857.504,58.40568864621711,0.03789617364681675,249.33075056601234,3368965.396468138,0.6366456148532577,0.00869998033928873
4.64,schechter,0,424935293829.34656,0.0004249352938293466,55,10,0.18181818181818182,0.14869692685877656,97422028380212.8,60.509080316539475,0.03771051156030021,249.05816366424622,3354166.8113015178,0.6300541239883973,0.017034020362140592
4.6499999999999995,schechter,0,426339932041.76263,0.00042633993204176264,38,10,0.2631578947368421,0.14844265179842986,48789542687658.34,172.75314548514996,0.03752600057407135,248.78569648957958,3339458.6754533774,0.6235391948592921,0.02435784515399242
4.66,schechter,0,427745664483.902,0.000427745664483902,165,10,0.06060606060606061,0.14818944575381632,59842696880154.45,203.60991185098763,0.03734263277948092,248.5133527152208,3324840.2831766997,0.6170998570388169,0.005542283987232822
4.67,schechter,0,429152488212.47974,0.00042915248821247975,107,10,0.09345794392523364,0.1479373817929588,86890823311118.78,540.8522991241095,0.037160400315010805,248.24113596333092,3310310.935399574,0.6107351531070135,0.008443977525193776
4.68,schechter,0,430560400297.4076,0.0004305604002974076,96,10,0.10416666666666667,0.1476863298657296,14507407459217.402,45.82019052843553,0.036979295366340204,247.9690498050233,3295869.9396521407,0.604444138473619,0.009298764210418921
4.6899999999999995,schechter,0,431969397821.70844,0.00043196939782170845,67,10,0.14925373134328357,0.14743628481401083,51959102565849.484,453.0190174999149,0.03679931016639911,247.69709776036402,3281516.609994206,0.5982258812028411,0.013164209164796221
4.7,schechter,0,433379477881.4373,0.00043337947788143734,67,10,0.14925373134328357,0.14718724149849216,86861448538296.28,40.279344764369206,0.036620436995409095,247.425283301046,3267250.26694219,0.5920794618465094,0.013006946677179021
4.71,schechter,0,434790637585.59955,0.00043479063758559955,83,10,0.12048192771084337,0.1469391947986819,23194974910426.523,122.65825208311887,0.03644266818091213,247.15360984816544,3253070.2373980703,0.5860039732677198,0.010374331563950248
4.72,schechter,0,436202874056.0701,0.00043620287405607015,94,10,0.10638297872340426,0.14669225635912853,33254793510051.72,260.1847294186929,0.03626599609778732,246.88208077537567,3238975.8545814385,0.5799985204800274,0.009051201239805472
4.7299999999999995,schechter,0,437616184427.51373,0.0004376161844275137,72,10,0.1388888888888889,0.14644633602497803,325297054709408.4,172.61287984468217,0.03609041316825672,246.61069940775357,3224966.457955114,0.5740622204771498,0.011676292894339127
4.74,schechter,0,439030565847.3075,0.0004390305658473075,71,10,0.14084507042253522,0.1462013941994872,50671977702139.22,42.24569812976365,0.03591591186187994,246.33946902350016,3211041.393161196,0.5681942020732678,0.01170011049565872
4.75,schechter,0,440446015475.45984,0.0004404460154754598,66,10,0.15151515151515152,0.14595742585673888,14767090044123.176,108.73554284634201,0.035742484695538375,246.06839285331552,3197200.011952672,0.5623936057390061,0.012437200456356821
4.76,schechter,0,441862530484.5341,0.00044186253048453413,83,10,0.12048192771084337,0.14571442598959627,147699102886058.2,103.44832188594037,0.035570124233408995,245.7974740824338,3183441.672123255,0.5566595834452135,0.009772690563051451
4.77,schechter,0,443280108059.5728,0.0004432801080595728,64,10,0.15625,0.14547238960970776,84486312003676.11,96.70323799620787,0.03539882308692853,245.5267158499255,3169765.737445429,0.55099129850379,0.01252406575742221
4.78,schechter,0,444698745398.0171,0.00044469874539801706,77,10,0.12987012987012986,0.14523140987501537,13277704621659.41,58.00393650277118,0.03522857391474806,245.2561212497585,3156171.577604061,0.54538792541369,0.010286682770992196
4.79,schechter,0,446118439709.634,0.00044611843970963395,56,10,0.17857142857142858,0.14499141778261837,34789546159772.477,146.7386028825975,0.0350593694226785,244.9856933317429,3142658.568130008,0.5398486497084909,0.013977396626654679
4.8,schechter,0,447539188216.43976,0.0004475391882164398,67,10,0.14925373134328357,0.14475237159042642,29752096567914.656,84.94411652922959,0.034891202363627125,244.71543510084783,3129226.0903392765,0.5343726678031855,0.011545031489196148
4.81,schechter,0,448960988152.6259,0.0004489609881526259,68,10,0.14705882352941177,0.1445142664039305,9887477222169.262,50.24387824342328,0.034724065537525745,244.4453495194108,3115873.5312690753,0.5289591868486838,0.011241492477214288
4.82,schechter,0,450383836764.483,0.00045038383676448295,83,10,0.12048192771084337,0.14427709734733563,116698380453318.66,48.470355781977425,0.03455795179125056,244.17543950633828,3102600.2836156418,0.5236074245817973,0.009101754140744055
4.83,schechter,0,451807731310.32886,0.00045180773131032884,33,10,0.30303030303030304,0.14404085956355905,29056748910176.793,82.44502970650544,0.03439285401853435,243.9057079378325,3089405.7456736234,0.5183166091807037,0.022623869670441773
4.84,schechter,0,453232669060.4343,0.0004532326690604343,59,10,0.1694915254237288,0.1438055482142273,173577556090121.16,222.40229189182963,0.034228765159870625,243.6361576484814,3076289.321274794,0.5130859791228225,0.012505866187930691
4.85,schechter,0,454658647296.9504,0.0004546586472969504,81,10,0.12345679012345678,0.14357126808217147,40907518974386.35,411.97267151417145,0.034065678202410896,243.36679143154967,3063250.419728769,0.5079147830430795,0.009002712281379744
4.86,schechter,0,456085663313.8385,0.0004560856633138385,66,10,0.15151515151515152,0.14333790932000756,26342628684975.074,134.3375275695615,0.03390358617985464,243.09761203900743,3050288.455764161,0.5028022795934787,0.010919792054282293
4.87,schechter,0,457513714416.7961,0.00045751371441679606,58,10,0.1724137931034483,0.14310545999299784,34067173080237.04,37.73307629546677,0.033742482172332715,242.82862218235903,3037402.8494712934,0.4977477373063678,0.012281106708224417
4.88,schechter,0,458942797923.187,0.000458942797923187,66,10,0.15151515151515152,0.14287391535563732,55587971197011.06,169.81001276379882,0.03358235930628393,242.55982453355867,3024593.026241584,0.4927504344590131,0.010666846040053114
4.89,schechter,0,460372911161.97156,0.0004603729111619716,61,10,0.16393442622950818,0.14264327068102556,23692836204327.24,100.25342371759548,0.03342321075432565,242.29122172450158,3011858.4167142524,0.4878096589381759,0.011407010691924095
4.8999999999999995,schechter,0,461804051473.6359,0.0004618040514736359,98,10,0.10204081632653061,0.14241352126085782,31270488555037.79,48.83353562372676,0.03326502973511832,242.02281634825968,2999198.4567176998,0.48292470810908633,0.007017857978131319
4.91,schechter,0,463236216210.1233,0.00046323621621012327,99,10,0.10101010101010101,0.14218466240541594,246700242025064.34,123.23340443300404,0.033107809513224104,241.75461095976456,2986612.5872155535,0.47809488868567235,0.0068664404389421445
4.92,schechter,0,464669402734.7643,0.0004646694027347643,58,10,0.1724137931034483,0.1419566969407975,25763141252213.215,95.29133224211988,0.032951543398960184,241.4866080754297,2974100.254251155,0.47331951660008864,0.011584633650717855
4.93,schechter,0,466103608422.21106,0.00046610360842221104,61,10,0.16393442622950818,0.14172970234782012,34831109746440.2,177.07519935400688,0.032796224748246505,241.21881017392076,2961660.908893382,0.4685979168764098,0.010887580865524936
4.9399999999999995,schechter,0,467538830658.366,0.000467538830658366,98,10,0.10204081632653061,0.14150358189906154,111295876297779.84,78.49475233045688,0.03264184696244863,240.95121969712943,2949294.0071838005,0.46392942350651495,0.0066987423647488316
4.95,schechter,0,468975066840.3174,0.0004689750668403174,50,10,0.2,0.14127833099652398,40265686752244.43,69.01533095154664,0.03248840348821557,240.6838390500863,2936999.0100829303,0.4593133793253475,0.012978205527091684
4.96,schechter,0,470412314376.27155,0.00047041231437627156,51,10,0.19607843137254902,0.1410539450606617,118937409282391.03,244.33970133756984,0.03233588781731316,240.41667060135322,2924775.38341962,0.4547491358892122,0.012577286201980455
4.97,schechter,0,471850570685.4863,0.00047185057068548634,61,10,0.16393442622950818,0.14083041953036635,46844305016656.3,79.33977211383117,0.032184293486452624,240.1497166838954,2912622.597837311,0.45023605335604655,0.010394579062594826
4.9799999999999995,schechter,0,473289833198.2069,0.00047328983319820694,64,10,0.15625,0.14060774986295144,36201239475813.02,99.71248106515446,0.03203361407711513,239.88297959503794,2900540.12874541,0.44577350036629315,0.009793626380474381
4.99,schechter,0,474730099355.59875,0.00047473009935559876,60,10,0.16666666666666666,0.14038593153413714,32349262698357.82,103.06039048605888,0.03188384321537219,239.616461597425,2888527.4562673313,0.4413608539266757,0.010326809103533098
