z,luminosity_function,alpha_intrinsic,L_min_Jy_kpc2,L_min_over_L_star,n_generated,n_detected,detection_rate_10_per_n,N_ratio_detectable_L,mean_detected_L,mean_SNR,SFR_psi,comoving_volume_Mpc3,time_Gyr,nfrb_sfr_base,n_total_population_scaled
0.01,schechter,0,10000000000.0,1e-05,15,10,0.6666666666666666,1.0,1217397476088.4177,99914.49884170754,0.015366633837018974,1.7453389020902994,137678720.05218962,0.07385082091049362,0.049233880606995746
0.02,schechter,0,10000000000.0,1e-05,24,10,0.4166666666666667,1.0,3335989182683.3247,45760.447801351766,0.015778461234561884,6.523119000082581,135706863.92550436,0.2793519830166242,0.11639665959026008
0.03,schechter,0,10000000000.0,1e-05,30,10,0.3333333333333333,1.0,412834720653.07214,935.4541633244731,0.016197006898133106,14.381262109893749,133769703.76805276,0.6231886425884764,0.20772954752949213
0.04,schechter,0,10000000000.0,1e-05,32,10,0.3125,1.0,2963797432745.1143,498.7391510594633,0.0166223021408091,25.232233508486132,131866423.28089881,1.1061425268355793,0.3456695396361186
0.05,schechter,0,10000000000.0,1e-05,38,10,0.2631578947368421,1.0,1037495506550.3207,213.781075125384,0.01705437728000787,38.988790146858406,129996236.70924087,1.7287667493608692,0.4549386182528603
0.060000000000000005,schechter,0,10000000000.0,1e-05,44,10,0.22727272727272727,1.0,1033113345057.7578,1813.602539314107,0.017493261604641853,55.564060916962646,128158387.20751494,2.4913904695109443,0.5662251067070327
0.06999999999999999,schechter,0,10000000000.0,1e-05,45,10,0.2222222222222222,1.0,704983871880.4529,195.11647649848337,0.017938983341287663,74.8716242550843,126352145.30294725,3.394123940785522,0.7542497646190048
0.08,schechter,0,10000000000.0,1e-05,32,10,0.3125,1.0,3066311940492.31,2265.859451295333,0.018391569619367408,96.82558297291524,124576807.45144194,4.436863915895922,1.3865199737174758
0.09,schechter,0,10000000000.0,1e-05,37,10,0.2702702702702703,1.0,9689775372862.635,1437.0657631079118,0.018851046435337065,121.34063622003376,122831694.67989907,5.619299376034273,1.5187295610903442
0.09999999999999999,schechter,0,10000000000.0,1e-05,68,10,0.14705882352941177,1.0,2172164655129.9302,163.33177572450032,0.019317438615878545,148.33214849671555,121116151.30983643,6.940917552196691,1.02072316944069
0.11,schechter,0,10000000000.0,1e-05,47,10,0.2127659574468085,1.0,5256813071912.029,83.32446236261855,0.019790769780093035,177.71621564694476,119429543.75708403,8.401010206633993,1.787448980134892
0.12,schechter,0,10171277496.429777,1.0171277496429777e-05,71,10,0.14084507042253522,0.9914974536327545,18901348593349.99,6006.86966157894,0.020271062300694323,209.40972777784543,117771259.40308331,9.998680143167741,1.3962909720618593
0.13,schechter,0,11985683164.737633,1.1985683164737633e-05,61,10,0.16393442622950818,0.9129304210228454,191076893350.9761,31.299861837699144,0.02075833726420218,243.33042905962452,116140705.53330435,11.732847915503001,1.7559465225077326
0.14,schechter,0,13955690910.792873,1.3955690910792873e-05,41,10,0.24390243902439024,0.8456335832210484,5188783598192.922,276.0393656497812,0.021252614430137,279.3969743771759,114537308.33873443,13.6022587036481,2.805494333528204
0.15000000000000002,schechter,0,16082512652.160141,1.608251265216014e-05,91,10,0.10989010989010989,0.7873518369676072,8488291104233.328,679.5025042502803,0.021753912189218152,317.52898281206063,112960511.97664525,15.605489329214603,1.3502209549599462
0.16,schechter,0,18367295039.97364,1.8367295039973642e-05,41,10,0.24390243902439024,0.7363945265242666,27931811647986.5,428.24652714994255,0.02226224752057046,357.64708794759656,111409777.68701176,17.74095538144925,3.1864249849293804
0.17,schechter,0,20811120701.243053,2.0811120701243052e-05,58,10,0.1724137931034483,0.6914684687251849,13187541860541.213,240.65334781239943,0.02277763594794393,399.67298499930166,109884582.96125181,20.006918426839555,2.385198835951109
0.18000000000000002,schechter,0,23415009497.633324,2.3415009497633323e-05,78,10,0.1282051282051282,0.651566954688714,5008124681064.256,1044.5965068507735,0.023300091494954225,443.52947478103675,108384420.7601139,22.401493276140744,1.8712913787711187
0.19,schechter,0,26179919798.416637,2.6179919798416636e-05,47,10,0.2127659574468085,0.6158963929338788,2497845055510.3125,151.09745453013042,0.023829626639352574,489.14050453093006,106908798.77780546,24.92265528406707,3.2659092535726346
0.2,schechter,0,29106749765.345516,2.9106749765345518e-05,37,10,0.2702702702702703,0.5838213620718482,26144883388851.9,675.488602153257,0.024366252266335785,536.4312056280551,105457238.74949963,27.568247657997972,4.3499815939530855
0.21000000000000002,schechter,0,32196338647.247746,3.2196338647247744e-05,32,10,0.3125,0.5548272330523221,4881469318909.471,122.51107632411967,0.02490997762090884,585.3279282350002,104029275.79969656,30.335988753136164,5.259760219315281
0.22,schechter,0,35449468082.26494,3.544946808226494e-05,58,10,0.1724137931034483,0.5284939103999345,10023346989889.113,478.1657914746139,0.025460810259314456,635.7582729176938,102624457.82893437,33.2234793332634,3.0273114672289285
0.23,schechter,0,38866863405.65557,3.886686340565557e-05,53,10,0.18867924528301888,0.5044737137018235,8911206671353.908,70.46359259037185,0.026018755999546127,687.6511192927018,101242344.93655138,36.22820977715566,3.4483357598208353
0.24000000000000002,schechter,0,42449194961.23057,4.244919496123057e-05,65,10,0.15384615384615385,0.48247665368319337,4959123498027.027,73.41423206884949,0.02658381887096318,740.9366517647519,99882508.87732875,39.34756721236425,2.920658855260929
0.25,schechter,0,46197079414.526215,4.6197079414526216e-05,53,10,0.18867924528301888,0.46225991572373604,14420024207444.938,88.22274433455358,0.027156001063028613,795.5463824177597,98544532.5499974,42.57884255914434,3.713677768491375
0.26,schechter,0,50111081065.87138,5.0111081065871384e-05,44,10,0.22727272727272727,0.44361725630046067,8821138859151.418,378.80124579055564,0.02773530287319293,851.4131711344745,97228009.51565525,45.919237468976995,4.629674122135656
0.27,schechter,0,54191713161.69698,5.4191713161696984e-05,68,10,0.14705882352941177,0.42637377512101415,6542268071827.627,112.78655824429907,0.0283217226539493,908.471243014044,95932543.54423486,49.36587114288024,3.0953401237246148
0.28,schechter,0,58439439202.33557,5.843943920233557e-05,45,10,0.2222222222222222,0.4103787331391556,14098886064625.738,204.0269716869863,0.028915256759088154,966.6562031779675,94657748.18751705,52.91578701704839,4.82566969758171
0.29000000000000004,schechter,0,62854674244.84308,6.285467424484308e-05,51,10,0.19607843137254902,0.39550291154410533,9540557260916.072,82.66476888056303,0.029515899489181725,1025.9050490388506,93403246.37677355,56.56595930335748,4.386666980149657
0.3,schechter,0,67437786199.281235,6.743778619928124e-05,60,10,0.16666666666666666,0.38163416165814945,59600107811433.65,7658.349476715023,0.03012364303633178,1086.1561801200935,92168670.04385954,60.31329937440423,3.8362692405979577
0.31,schechter,0,72189097117.08748,7.218909711708748e-05,48,10,0.20833333333333334,0.368674375686628,2740550854804.832,30.617394553158352,0.030738477428216556,1147.3494055258361,90953659.76403436,64.1546619841399,4.927537490497797
0.32,schechter,0,77108884470.21324,7.710888447021324e-05,58,10,0.1724137931034483,0.35653815975056535,9143396004196.918,156.3907378018357,0.03136039047147566,1209.425949132814,89757864.41943079,68.08685131501184,4.185441495011153
0.33,schechter,0,82197382419.74617,8.219738241974616e-05,65,10,0.15384615384615385,0.34515057884545797,5365750966516.983,127.53093815889704,0.031989367694474906,1272.3284526209814,88580940.88171776,72.1066268458205,3.8288683068351363
0.34,schechter,0,87454783072.88661,8.745478307288661e-05,36,10,0.2777777777777778,0.3344451028292782,8698549796326.25,60.501340617491756,0.032625392289495694,1336.000976417664,87422553.71285346,76.21070903336748,7.080082894265774
0.35000000000000003,schechter,0,92881237727.1764,9.288123772717641e-05,76,10,0.13157894736842105,0.3243630212037013,13073056035820.254,508.08834813430684,0.03326844505439697,1400.3889986591191,86282374.8828454,80.39578480358468,3.431239427754387
0.36000000000000004,schechter,0,98476858100.93832,9.847685810093833e-05,78,10,0.1282051282051282,0.3148521337407426,4758308958492.889,57.356061772009035,0.03391850433380093,1465.4394122657488,85160083.50335014,84.65851284827541,3.417296590974049
0.37,schechter,0,104241717549.02654,0.00010424171754902654,90,10,0.1111111111111111,0.30586586576339503,95396652045516.45,267.0123068507276,0.03457554595985672,1531.1005202177907,84055365.5762477,88.99552872420495,3.0245216047000034
0.38,schechter,0,110175852262.98553,0.00011017585226298553,93,10,0.10752688172043011,0.2973627257621876,11764934812724.312,323.6597479402916,0.035239543192639965,1597.3220291404734,82967913.75619605,93.40344975332532,2.9865273563699293
0.39,schechter,0,116279262454.83861,0.00011627926245483861,47,10,0.2127659574468085,0.28930525546505537,147303725276610.7,324.41553491156094,0.03591046666024937,1664.0550412762013,81897427.12626469,97.87887972201193,6.024866872895763
0.4,schechter,0,122551913523.77287,0.00012255191352377286,60,10,0.16666666666666666,0.28165981973127563,12394363875637.873,115.96417265262471,0.03658828429866464,1731.252044953707,80843610.98588744,102.41841338000793,4.807858641629384
0.41000000000000003,schechter,0,128993737205.05037,0.00012899373720505036,42,10,0.23809523809523808,0.2743961162988189,10426014665151.004,60.27387053895294,0.03727296129143468,1798.866903626389,79806176.65031886,107.01864073828725,6.9917855690868045
0.42000000000000004,schechter,0,135604632700.56424,0.00013560463270056425,53,10,0.18867924528301888,0.2674866876535089,33690424840506.445,123.68156486551463,0.037964460009266905,1866.8548435949021,78784841.26087493,111.67615116837467,5.636204484136054
0.43,schechter,0,142384467790.49155,0.00014238446779049155,70,10,0.14285714285714285,0.26090645733426365,51098691817402.336,931.2083868096404,0.038662739949594106,1935.1724404815163,77779327.60525452,116.38753730357466,4.33803714796216
0.44,schechter,0,149333079925.5649,0.00014933307992556492,62,10,0.16129032258064516,0.2546332750286603,3409356457360.034,64.0341681483706,0.03936775767619714,2003.7776045541445,76789363.94735558,121.1493987451369,4.975591640359238
0.45,schechter,0,156450277299.5615,0.0001564502772995615,65,10,0.15384615384615385,0.24864604591699047,16936692129885.166,717.4981092801161,0.04007946675896711,2072.6295649796957,75814683.86589663,125.95834557577271,4.8183145504094975
0.46,schechter,0,163735839901.64304,0.00016373583990164303,64,10,0.15625,0.2429263284824561,15202129214463.1,133.60918558482075,0.04079781771389325,2141.6888530976994,74855026.10136408,130.8110016844693,4.965224431925079
0.47000000000000003,schechter,0,171189520548.2148,0.0001711895205482148,69,10,0.14492753623188406,0.23745662065876993,59687726097872.3,52.80367610470863,0.04152275794336715,2210.917284784877,73910134.4107027,135.7040079057119,4.670118134368312
0.48000000000000004,schechter,0,178811045894.08728,0.00017881104589408727,97,10,0.10309278350515463,0.23222132111581217,68269452120696.875,1752.764429279739,0.04225423167689769,2280.277941992551,72979757.42922702,140.6340249774478,3.3668267086698
0.49,schechter,0,186600117422.69394,0.00018660011742269395,34,10,0.29411764705882354,0.22720578603084196,77817389242264.56,86.03886144479536,0.042992179912334685,2349.735153537398,72063648.53939462,145.5977363228015,9.72960238986276
0.5,schechter,0,194556412415.2182,0.0001945564124152182,54,10,0.18518518518518517,0.22239685254648878,21963465586872.426,216.34328187857946,0.04373654035770323,2419.254475206169,71161565.7458431,150.59185065929725,6.20206548255159
0.51,schechter,0,202679584898.4961,0.0002026795848984961,98,10,0.10204081632653061,0.21778237638450737,17231350621626.645,200.07271133233598,0.04448724737375437,2488.802669263789,70273271.55644336,155.61310444214286,3.4581420083653485
0.52,schechter,0,210969266571.6622,0.0002109692665716622,52,10,0.19230769230769232,0.21335079585413264,4636786325754.195,38.95944775255011,0.04524423191734168,2558.3476834074536,69398532.8688438,160.65826414504238,6.591647791516973
0.53,schechter,0,219425067711.4018,0.0002194250677114018,61,10,0.16393442622950818,0.20909171754823674,34717475225972.176,63.136663465385865,0.04600742148573693,2627.8586292545106,68537120.86228469,165.72412838572487,5.680580761205854
0.54,schechter,0,228046578055.9258,0.0002280465780559258,61,10,0.16393442622950818,0.20499542659244196,149542660122129.75,163.93203074174406,0.046776740062001616,2697.305760413712,67688810.89416112,170.80752990062294,5.740124992980243
0.55,schechter,0,236833367667.57928,0.00023683336766757928,79,10,0.12658227848101267,0.20105289284904904,27764052609477.742,107.23506534306914,0.04755210806153499,2766.660450202185,66853382.401291125,175.9053373752607,4.476743917327103
0.56,schechter,0,245784987774.26205,0.00024578498777426205,69,10,0.14492753623188406,0.19725600294212653,2353892210685.1704,40.74007716471897,0.04833344227992233,2835.8951690617687,66030618.80524841,181.01445713515727,5.174809896988409
0.5700000000000001,schechter,0,254900971589.65317,0.00025490097158965315,35,10,0.2857142857142857,0.1935967503472975,20022788605039.16,62.890891292064396,0.049120655842211244,2904.9834617378083,65220307.42184981,186.13183470461436,10.295576667141049
0.5800000000000001,schechter,0,264180835112.42178,0.0002641808351124218,67,10,0.14925373134328357,0.19006807181374252,115280641242158.16,199.52359141940784,0.04991365815374634,2973.899924251815,64422239.37422575,191.25445623724264,5.425576973552015
0.59,schechter,0,273624077904.55307,0.00027362407790455307,76,10,0.13157894736842105,0.18666319437759893,39413058272262.266,172.80648214381662,0.050712354852696435,3042.6201807542616,63636209.50946025,196.37934982714768,4.823262730069916
0.6,schechter,0,283230183848.9608,0.00028323018384896083,74,10,0.13513513513513514,0.1833757678975223,9870689100866.758,46.60545057062116,0.051516647764411366,3111.1208602401907,62862016.318445235,201.50358670227055,4.993361479139707
0.61,schechter,0,292998621886.5644,0.00029299862188656437,45,10,0.2222222222222222,0.18020008973008128,201552436320842.94,5443.906474683243,0.05232643485774771,3179.3795732585745,62099461.8588071,206.62428231155664,8.274158713990255
0.62,schechter,0,302928846733.0935,0.0003029288467330935,92,10,0.10869565217391304,0.1771306160816728,40390787308431.7,93.81138749572764,0.05314161020350689,3247.374888553419,61348351.680681646,211.7385973050456,4.07667262922956
0.63,schechter,0,313020299575.7779,0.0003130202995757779,67,10,0.14925373134328357,0.1741621279045814,12792510855880.277,113.8931860814373,0.05396206393512963,3315.086309772395,60608494.75515795,216.84373841889135,5.63671147848038
0.64,schechter,0,323272408750.23804,0.000323272408750238,48,10,0.20833333333333334,0.17129001893027196,12195408772435.832,58.198627258055254,0.054787682211795266,3382.494252209344,59879703.405252725,221.93695926654857,7.919913740436272
0.65,schechter,0,333684590397.81586,0.00033368459039781587,74,10,0.13513513513513514,0.16850955461685868,7144310514219.433,59.08669650377851,0.055618347184074164,3449.5800196446853,59161793.23922499,227.01556104349777,5.1694987949373115
0.66,schechter,0,344256249103.62756,0.00034425624910362757,73,10,0.136986301369863,0.16581666404530437,214968871267429.56,118.09336616786088,0.056453936962285574,3516.325781321978,58454583.086089864,232.07689315138165,5.2715364690905
0.67,schechter,0,354986778515.5987,0.0003549867785155987,78,10,0.1282051282051282,0.16320724644766005,12965969708717.379,72.49732651236843,0.05729432558771266,3582.714549047098,57757894.933217816,237.11835374408733,4.961465845740345
0.68,schechter,0,365875561944.8689,0.0003658755619448689,75,10,0.13333333333333333,0.16067761234479983,14753653597341.754,181.83604722206115,0.05813938300682973,3648.730154510461,57071553.86587637,242.13739020566808,5.187474362353049
0.6900000000000001,schechter,0,376921972947.7761,0.0003769219729477761,81,10,0.12345679012345678,0.15822420153806482,34877465320683.918,137.21454812822225,0.05898897504869533,3714.3572267660757,56395388.00860588,247.13149955908668,4.827430147239642
0.7000000000000001,schechter,0,388125375889.8229,0.00038812537588982286,73,10,0.136986301369863,0.15584369417746324,39545564008660.75,295.8992356945129,0.059842963405668255,3779.5811699778064,55729228.46830064,252.09822881627076,5.381906749907268
0.7100000000000001,schechter,0,399485126491.8994,0.0003994851264918994,110,10,0.09090909090909091,0.1535330692872494,9902217688246.832,123.11719515600419,0.06070120561760056,3844.3881413860654,55072909.27894104,257.0351752698164,3.587581761269184
0.72,schechter,0,411000572359.14026,0.00041100057235914024,82,10,0.12195121951219512,0.15128923154161678,121511839418789.6,339.660717758625,0.061563555059664696,3908.7650295650355,54426267.3478233,261.9399867339167,4.832768207682384
0.73,schechter,0,422671053492.7339,0.0004226710534927339,41,10,0.24390243902439024,0.1491093934371771,39272304674680.61,181.42636345450768,0.062429860933968816,3972.6994329360036,53789142.40325106,266.8103617355468,9.703397853936876
0.74,schechter,0,434495902785.0129,0.0004344959027850129,64,10,0.15625,0.14699096240791842,85410250302138.22,782.8295691123997,0.06329996826511489,4036.1796386097753,53161376.94359302,271.6440496637527,6.238940670696781
0.75,schechter,0,446474446498.2401,0.0004464744464982401,79,10,0.12658227848101267,0.14493142816620985,31593285393326.637,89.29116687196027,0.06417371789985252,4099.19460152656,52542816.187593825,276.43885087768786,5.071478159282179
0.76,schechter,0,458606004727.3381,0.00045860600472733806,52,10,0.19230769230769232,0.1429283621206544,45548840283059.89,90.52814439598049,0.06505094651097904,4161.733923924941,51933308.025967404,281.19261677886084,7.7289231070429665
0.77,schechter,0,470889891847.0234,0.00047088989184702337,63,10,0.15873015873015872,0.1409795670868611,101669256396571.4,638.4206179866408,0.06593148660563516,4223.787835158841,51332702.97407133,285.9032498509387,6.397859744874924
0.78,schechter,0,483325416943.6233,0.0004833254169436233,56,10,0.17857142857142858,0.13908294224942974,8493400723380.023,64.3279823643932,0.06681516653814157,4285.347171849054,50740854.125752576,290.56870366963324,7.216633969995583
0.79,schechter,0,495911884231.9593,0.0004959118842319593,52,10,0.19230769230769232,0.1372364373785152,72123686148109.9,208.74663974051433,0.0677018105275198,4346.403358395726,50157617.108157024,295.18698288618475,7.790463440733219
0.8,schechter,0,508648593457.65265,0.0005086485934576527,43,10,0.23255813953488372,0.13543808205591312,42179827843133.31,58.59067924516329,0.06859123867983588,4406.948387867639,49582850.03763585,299.7561431889898,9.441487701859174
0.81,schechter,0,521534840285.1967,0.0005215348402851967,73,10,0.136986301369863,0.13368610663286074,80239831406147.72,201.9027235245122,0.06948326701550157,4466.974803243024,49016413.47646635,304.27429124264665,5.572225389685285
0.8200000000000001,schechter,0,534569916672.15125,0.0005345699166721512,100,10,0.1,0.13197879163443593,22399525209809.05,88.45401585548412,0.0703777075016633,4526.475679034474,48458170.39061373,308.73958461040854,4.0747077306599415
0.8300000000000001,schechter,0,547753111229.8056,0.0005477531112298056,83,10,0.12048192771084337,0.13031446752266873,40666600444450.13,258.29315261312814,0.0712743680898028,4585.444603296922,47907986.10823188,313.1502316605237,4.916627191980904
0.8400000000000001,schechter,0,561083709570.6588,0.0005610837095706588,112,10,0.08928571428571429,0.12869151436867432,40733617254720.96,128.15007741164374,0.07217305275866856,4643.8756600139905,47365728.279101126,317.50449145955236,3.648226234355859
0.85,schechter,0,574560994643.0706,0.0005745609946430706,99,10,0.10101010101010101,0.12710849797026957,16158985669658.396,49.64119151690936,0.0730735615626498,4701.763411863961,46831266.83476413,321.8006736533223,4.131676795342899
0.86,schechter,0,588184247053.3987,0.0005881842470533986,93,10,0.10752688172043011,0.12556401170816,66295525067522.86,380.04942105625184,0.07397569068569808,4759.102883388285,46304473.94949488,326.03713833988905,4.401992586645679
0.87,schechter,0,601952745375.9823,0.0006019527453759823,54,10,0.18518518518518517,0.12405664171223518,40271904380378.4,160.62269798869923,0.07487923250089422,4815.889544524155,45785224.0019454,330.21229593265906,7.586116386202307
0.88,schechter,0,615865766451.3014,0.0006158657664513014,65,10,0.15384615384615385,0.1225850466222792,81820275873495.98,130.68991617888975,0.07578397563574907,4872.11929455199,45273393.53755888,334.32460701943717,6.3051073136081355
0.89,schechter,0,629922585672.6263,0.0006299225856726264,85,10,0.11764705882352941,0.1211481276954236,75773498110962.02,145.39132664154096,0.07668970504331966,4927.788446395977,44768861.231587745,338.3725822135794,4.822729976310698
0.9,schechter,0,644122477261.4913,0.0006441224772614913,64,10,0.15625,0.11974463084428255,195645569550094.6,82.64537466745438,0.07759620207921059,4982.893711344549,44271507.85283817,342.35478200411063,6.405491717008915
0.91,schechter,0,658464714532.3195,0.0006584647145323195,63,10,0.15873015873015872,0.11837339841097372,62527220743005.75,532.5367721869067,0.07850324458452297,5037.432184121645,43781216.22801512,346.2698166004598,6.506211898117623
0.92,schechter,0,672948570146.4885,0.0006729485701464885,63,10,0.15873015873015872,0.11703334548246569,17765608449640.223,78.33983040810378,0.07941060697480082,5091.4013283618015,43297871.206686266,350.1163457767325,6.504013849896309
0.93,schechter,0,687573316356.172,0.000687573316356172,38,10,0.2631578947368421,0.11572355954440028,183840641084066.2,329.9192094358083,0.08031806033501555,5144.798962454905,42821359.6268634,353.8930787142272,10.777307043930792
0.9400000000000001,schechter,0,702338225238.244,0.000702338225238244,54,10,0.18518518518518517,0.11444293796946547,31493004343426.195,39.35804826893007,0.08122537252061583,5197.6232457555625,42351570.28113079,357.59877384220533,7.578639683848225
0.9500000000000001,schechter,0,717242568918.5347,0.0007172425689185347,78,10,0.1282051282051282,0.11319046829726953,77564719504402.42,139.5420802381526,0.08213230826466011,5249.872665176605,41888393.88338472,361.2322386795925,5.242057212847963
0.9600000000000001,schechter,0,732285619786.7748,0.0007322856197867748,78,10,0.1282051282051282,0.11196545158212756,101121506131273.69,146.12453965355,0.0830386292910345,5301.54602214258,41431723.03608367,364.7923296758244,5.236427939211542
0.97,schechter,0,747466650702.4418,0.0007474666507024418,72,10,0.1388888888888889,0.11076676812899144,26374405644645.48,135.85151935591423,0.08394409443374791,5352.6424199059675,40981452.198053606,368.27795205197475,5.665688683605683
0.98,schechter,0,762784935191.8584,0.0007627849351918584,65,10,0.15384615384615385,0.10959386629207213,14890462880212.822,52.01849200513868,0.08484845976228053,5403.16125121182,40537477.652815565,371.6880596413887,6.266881770876628
0.99,schechter,0,778239747636.7748,0.0007782397476367748,74,10,0.13513513513513514,0.10844573128044477,232585465273160.94,173.4303492939477,0.08575147871295036,5453.102186336082,40099697.47744613,375.0216547320515,5.495878053164837
1.0,schechter,0,793830363454.7196,0.0007938303634547196,88,10,0.11363636363636363,0.1073216398594562,15723112996889.215,32.808269888278055,0.08665290222624604,5502.465161429505,39668011.51188104,378.27778790546444,4.6133400591388645
1.01,schechter,0,809556059271.3722,0.0008095560592713722,35,10,0.2857142857142857,0.10622088450705214,44806722407297.86,63.15587597711395,0.08755247889006164,5551.250367259979,39242321.32879002,381.45555787979004,11.576727645177805
1.02,schechter,0,825416113085.2322,0.0008254161130852322,68,10,0.14705882352941177,0.10514277340746714,76273410694066.47,110.37797783488847,0.08844995508875261,5599.458238228461,38822530.203856505,384.5541113472461,5.9460420282784385
1.03,schechter,0,841409804424.7999,0.0008414098044247999,107,10,0.09345794392523364,0.10408663042278354,16143543623730.916,48.2199250517629,0.08934507515791797,5647.089441758476,38408543.086599246,387.57264281393907,3.770199106033268
1.04,schechter,0,857536414498.5745,0.0008575364144985745,109,10,0.09174311926605505,0.10305179504382933,197571710319823.75,682.0043436208209,0.09023758154479809,5694.1448679907935,38000266.571585506,390.51039443593515,3.6919997366877926
1.05,schechter,0,873795226338.0214,0.0008737952263380214,80,10,0.125,0.10203762232183056,73885280641111.64,222.03906099457976,0.09112721497416236,5740.625619794386,37597608.87017283,393.3666558535534,5.017274782998298
1.06,schechter,0,890185524933.8276,0.0008901855249338277,105,10,0.09523809523809523,0.1010434827821598,91291739533133.48,251.2099396875993,0.09201371461954395,5786.533003088872,37200479.78263619,396.1407640219371,3.812137377977355
1.07,schechter,0,906706597365.6194,0.0009067065973656194,73,10,0.136986301369863,0.10006882515953408,131099918653506.34,359.2841281581533,0.09289681827966537,5831.868517476991,36808790.67077036,398.83210303845016,5.467213696844376
1.08,schechter,0,923357732925.3748,0.0009233577329253748,80,10,0.125,0.09911317282328913,199971793867399.66,297.7580252481717,0.09377626255988103,5876.6338471688905,36422454.43092041,401.4401039648757,4.973500300308735
1.09,schechter,0,940138223234.7566,0.0009401382232347566,64,10,0.15625,0.09817579353530803,81323049119841.84,69.14393238880214,0.09465178305844799,5920.83085220028,36041385.46742419,403.9642446440194,6.196798480909049
1.1,schechter,0,957047362356.5619,0.0009570473623565619,108,10,0.09259259259259259,0.09725643683741836,8339408879443.869,27.403916950602657,0.09552311455742028,5964.461559930274,35665499.66649557,406.4040495096624,3.659760164037734
1.11,schechter,0,974084446900.5098,0.0009740844469005097,71,10,0.14084507042253522,0.09635435419178462,59985545654865.734,255.98651313344803,0.09638999121794681,6007.52815683386,35294714.37049736,408.7590893898855,5.547284236363997
1.12,schechter,0,991248776123.529,0.000991248776123529,88,10,0.11363636363636363,0.09546919821013589,183856600229954.6,204.67107890860993,0.09725214677973788,6050.032980537053,34928948.352648705,411.0289813002551,4.459159918848215
1.1300000000000001,schechter,0,1008539652024.7871,0.0010085396520247872,102,10,0.09803921568627451,0.09460051243623568,203575233817328.1,130.57913112128796,0.09810931476444977,6091.9785121542345,34568121.792101,413.21338822967994,3.832372379611855
1.1400000000000001,schechter,0,1025956379435.621,0.001025956379435621,64,10,0.15625,0.09374778185891575,35493743812478.69,42.26481151338599,0.09896122868272254,6133.367368852673,34212156.24944995,415.3120189140972,6.083528211335106
1.1500000000000001,schechter,0,1043498266104.5443,0.0010434982661045443,123,10,0.08130081300813008,0.09291059701804172,40555529518227.04,24.481286956472154,0.09980762224459194,6174.202296689583,33860974.64260373,417.32462759961635,3.152347991919698
1.1600000000000001,schechter,0,1061164622777.5084,0.0010611646227775085,101,10,0.09900990099009901,0.09208855626900858,48417786084239.16,213.50256466678852,0.10064822957298275,6214.486163688694,33514501.22304822,419.2510137928082,3.8225960964849417
1.17,schechter,0,1078954763273.6443,0.0010789547632736442,43,10,0.23255813953488372,0.09128126577951579,78182960435784.53,152.72074481029733,0.10148278541997709,6254.221953153333,33172661.552509196,421.09102199741824,8.93900499914285
1.18,schechter,0,1096868004556.5474,0.0010968680045565474,70,10,0.14285714285714285,0.09048833951784208,68762471971744.61,200.41290358773665,0.1023110253855389,6293.412757220165,32835382.47995832,422.8445414365857,5.4660714898257154
1.19,schechter,0,1114903666801.3708,0.0011149036668013708,61,10,0.16393442622950818,0.08970939923311883,68826168463678.54,275.76805583349034,0.10313268613836393,6332.061770640839,32502592.119014297,424.5115057598126,6.24306100807532
1.2,schechter,0,1133061073457.81,0.00113306107345781,75,10,0.13333333333333333,0.08894407442808794,92866561150584.1,182.4347652719851,0.1039475056385125,6370.1722847770225,32174219.82570734,426.09189273280623,5.0531132027242105
1.21,schechter,0,1151339551309.1838,0.0011513395513091838,63,10,0.15873015873015872,0.08819200232480262,32225113982478.875,43.334673034864,0.1047552233614732,6407.747681820565,31850196.176586464,427.58572391022017,5.985657326530562
1.22,schechter,0,1169738430527.719,0.001169738430527719,69,10,0.14492753623188406,0.08745282782372121,82840291931184.81,101.29981453338311,0.10555558052329424,6444.791429211706,31530452.947203357,428.99306428944675,5.437196607083413
1.23,schechter,0,1188257044726.2031,0.001188257044726203,55,10,0.18181818181818182,0.08672633744279012,154922948093939.84,495.8794742720687,0.10634832030641155,6481.307074283209,31214923.090939093,430.31402194645005,6.7853743770349135
1.24,schechter,0,1206894731006.1362,0.0012068947310061363,64,10,0.15625,0.08601211503154649,108322573519902.1,29.00696003986406,0.10713318808579403,6517.298239071649,30903540.718176357,431.5487476493456,5.7997532069586475
1.25,schechter,0,1225650830002.523,0.0012256508300025229,100,10,0.1,0.08530981577623176,55564708017999.41,47.03134105943737,0.1079099316550206,6552.768615344551,30596241.075822484,432.69743445269364,3.6913338420007413
1.26,schechter,0,1244524685925.432,0.0012445246859254318,113,10,0.08849557522123894,0.08461931180489446,215479116780259.9,244.10339357802386,0.10867830145189603,6587.721959809077,30292960.52715669,433.76031726952647,3.24818579961239
1.27,schechter,0,1263515646598.4292,0.0012635156465984293,45,10,0.2222222222222222,0.08394010222274895,57061930432115.016,92.30706526806317,0.10943805078320944,6622.162089499528,29993636.532022804,434.73767242096454,8.109316591799047
1.28,schechter,0,1282623063494.059,0.001282623063494059,58,10,0.1724137931034483,0.08327212947793416,29802484635163.293,90.95233533582366,0.11018893604823399,6656.092877335061,29698207.62734887,435.62981716238335,6.254452161930134
1.29,schechter,0,1301846291766.4092,0.0013018462917664092,79,10,0.12658227848101267,0.08261494631139676,235001461096255.44,699.0626935705825,0.11093071696056572,6689.518247858445,29406613.407992665,436.4371091866747,4.5640795371846
1.3,schechter,0,1321184690280.9697,0.0013211846902809697,52,10,0.19230769230769232,0.0819683636784111,30913826354540.086,71.14504546188954,0.11166315676789583,6722.442173138133,29118794.50790167,437.1599461031624,6.891016432272809
1.31,schechter,0,1340637621641.8,0.0013406376216418,103,10,0.0970873786407767,0.0813321817845778,70797811868940.34,102.3847431229575,0.11238602246931209,6754.868668831887,28834692.581594545,437.79876489212756,3.4570027894437043
1.32,schechter,0,1360204452216.1995,0.0013602044522161994,70,10,0.14285714285714285,0.08070606743809683,75068840942959.05,62.18366953833278,0.11309908502972522,6786.80179038837,28554250.285959702,438.3540413333863,5.053975831659223
1.33,schechter,0,1379884552156.9153,0.0013798845521569153,71,10,0.14084507042253522,0.0800898015312207,35334251832646.74,38.72505640400064,0.11380211959101888,6818.2456294343365,28277411.26235228,438.8262894118322,4.950071890940233
1.34,schechter,0,1399677295422.0217,0.0013996772954220217,50,10,0.2,0.07948316842600023,31108081158677.477,57.48952930371678,0.11449490567952506,6849.204310270294,28004120.11900111,439.21606069528184,6.982056825529486
1.35,schechter,0,1419582059792.5642,0.0014195820597925643,83,10,0.12048192771084337,0.07888600835568782,59502473000120.77,118.43416066909538,0.11517722740943068,6879.681986537383,27734322.413720313,439.52394368885797,4.177384276429411
1.36,schechter,0,1439598226888.051,0.001439598226888051,85,10,0.11764705882352941,0.07829803932333057,190834517769798.8,66.08648876729553,0.11584887368172872,6909.68283799951,27467964.636896268,439.75056316215836,4.050777280814993
1.37,schechter,0,1459725182179.9036,0.0014597251821799036,64,10,0.15625,0.07771905632660281,124978175545860.34,391.16845995714687,0.11650963837833293,6939.211067476068,27204994.194798715,439.89657945264423,5.341929224431245
1.3800000000000001,schechter,0,1479962315002.899,0.001479962315002899,108,10,0.09259259259259259,0.07714885834142282,41877914106886.21,190.62199264853828,0.1171593205509839,6968.270897884622,26945359.393152125,439.9626877421172,3.1428350992711334
1.3900000000000001,schechter,0,1500309018564.7786,0.0015003090185647786,112,10,0.08928571428571429,0.07658724779266668,39829117646172.2,98.54897695879384,0.11779772460458442,6996.86656942478,26689009.4209975,439.949617309295,3.008440210460344
1.4000000000000001,schechter,0,1520764689954.011,0.001520764689954011,92,10,0.10869565217391304,0.07603403054465951,38545252710636.17,139.50572911329942,0.11842466047461185,7025.002336868749,26435894.334847275,439.858130756969,3.635237668401328
1.4100000000000001,schechter,0,1541328730145.8423,0.0015413287301458422,88,10,0.11363636363636363,0.07548907086775114,43172473673732.89,36.03127264358832,0.1190399437982678,7052.682466976818,26185965.04308979,439.6890232148928,3.771785890141059
1.42,schechter,0,1562000544006.7065,0.0015620005440067065,87,10,0.11494252873563218,0.07495215368431596,134960095792931.83,34.766537713990246,0.1196433960790384,7079.91123601984,25939173.29070372,439.44312151904273,3.7858860206449223
1.43,schechter,0,1582779540297.0273,0.0015827795402970273,76,10,0.13157894736842105,0.07442308447963242,107440150032828.53,172.04253595369553,0.12023484484435139,7106.69292741223,25695471.644191947,439.1212833668207,4.300100048528092
1.44,schechter,0,1603665131672.5374,0.0016036651316725375,62,10,0.16129032258064516,0.07390168209528869,107507912894098.34,288.28487508469414,0.12081412379603326,7133.031829447247,25454813.47682177,438.724396450065,5.22943078611292
1.45,schechter,0,1624656734684.157,0.001624656734684157,102,10,0.09803921568627451,0.07338779905493775,115209708046394.75,100.0104461665827,0.12138107295328354,7158.932233138658,25217152.95410143,438.2533775659451,3.1531814517605237
1.46,schechter,0,1645753769776.4575,0.0016457537697764574,105,10,0.09523809523809523,0.07288134871964003,206980099182605.28,363.0117953032292,0.12193553878790152,7184.398430151999,24982445.019521292,437.70917170624557,3.038174741038826
1.47,schechter,0,1666955661284.8845,0.0016669556612848846,133,10,0.07518796992481203,0.07238205600677128,72176780801549.17,141.01297309450425,0.12247737435151856,7209.434710841115,24750645.38054905,437.092751126965,2.3787723302425356
1.48,schechter,0,1688261837431.65,0.00168826183743165,98,10,0.10204081632653061,0.07188982843140779,14386794339145.027,17.49058479876255,0.12300643939460665,7234.045362356082,24521710.494854964,436.40511439692904,3.2013355918963384
1.49,schechter,0,1709671730320.4817,0.0017096717303204817,66,10,0.15151515151515152,0.07140454196047308,100303005144987.78,63.766036813226265,0.12352260047705375,7258.234666872606,24295597.556820426,435.64728543066735,4.713211344318224
1.5,schechter,0,1731184775930.2153,0.0017311847759302152,90,10,0.1111111111111111,0.07092596818814756,64481219000695.75,93.93544485115865,0.1240257310701164,7282.006899864522,24072264.484238382,434.8203125005028,3.42667240577456
1.51,schechter,0,1752800414107.3035,0.0017528004141073035,60,10,0.16666666666666666,0.0704540930708405,171256732868588.6,43.02362618410099,0.12451571164958056,7305.36632848952,23851669.90529175,433.9252672350041,5.095301860594052
1.52,schechter,0,1774518088557.311,0.0017745180885573111,58,10,0.1724137931034483,0.06998864985803654,88936983146906.7,47.9035305135848,0.12499242977998155,7328.317210051985,23633773.145745885,432.96324360188623,5.22457118238831
1.53,schechter,0,1796337246835.3987,0.0017963372468353988,106,10,0.09433962264150944,0.06952961059910279,397367988956802.56,107.71893062414703,0.12545578018975678,7350.863790505795,23418534.21637197,431.93535687494494,2.833235581839568
1.54,schechter,0,1818257340335.8955,0.0018182573403358955,73,10,0.136986301369863,0.06907679010638201,63710138244829.31,214.93951407303038,0.12590566483722512,7373.01030308576,23205913.800602216,430.84274259181853,4.0768813286127425
1.55,schechter,0,1840277824280.9834,0.0018402778242809835,68,10,0.14705882352941177,0.06863003044671312,112437543298666.39,205.21234810111565,0.12634199296731044,7394.760966970671,22995873.24240182,429.68655549809097,4.336676674467245
1.56,schechter,0,1862398157708.5464,0.0018623981577085464,96,10,0.10416666666666667,0.06818934019798262,105359927682118.16,338.29331328188607,0.12676468115894596,7416.119986015599,22788374.534365553,428.46796848172335,3.0434320902852843
1.57,schechter,0,1884617803459.1924,0.0018846178034591923,91,10,0.10989010989010989,0.06775447365109522,241564524065961.8,81.18726048332802,0.12717365336312167,7437.091547577209,22583380.306024913,427.1881715005352,3.1806494186805008
1.58,schechter,0,1906936228162.563,0.001906936228162563,129,10,0.07751937984496124,0.06732532736546293,244869231499604.66,334.3400055620978,0.1275688409315561,7457.679821370268,22380853.81236754,425.848370500806,2.2225101513190473
1.59,schechter,0,1929352902222.8843,0.0019293529022228844,68,10,0.14705882352941177,0.06690185261445747,106049149614369.06,65.97217035143095,0.12795018263599814,7477.888958398753,22180758.922575094,424.4497863313159,4.175952506967009
1.6,schechter,0,1951867299803.885,0.001951867299803885,64,10,0.15625,0.06648392312592288,141591391756640.88,114.31873487789794,0.12831762467818383,7497.723089961134,21983060.10894857,422.99365365384966,4.394105867543092
1.61,schechter,0,1974478898813.0237,0.0019744788988130236,91,10,0.10989010989010989,0.06607139809537832,45888225940659.65,45.6061683246764,0.12867112069049735,7517.1863266687515,21787722.43604854,421.48121984890787,3.0602036776222925
1.62,schechter,0,1997187180885.1516,0.0019971871808851516,78,10,0.1282051282051282,0.06566417966547622,83142730192507.58,62.79678333280767,0.12901063172740435,7536.282757578638,21594711.550035674,419.91374392378845,3.535037375001848
1.6300000000000001,schechter,0,2019991631365.589,0.002019991631365589,92,10,0.10869565217391304,0.06526217128506406,43585302952575.3,91.74704852810507,0.1293361262477481,7555.016449309631,21403993.66818979,418.29249541689614,2.967247443821125
1.6400000000000001,schechter,0,2042891739292.6606,0.0020428917392926607,70,10,0.14285714285714285,0.06486527770937123,131325784704727.08,133.447406394226,0.12964758008801838,7573.391445274547,21215535.568644308,416.61875330814746,3.8605844474664295
1.6500000000000001,schechter,0,2065886997379.7307,0.0020658869973797307,118,10,0.0847457627118644,0.06447340499943399,47183681115740.8,27.670760626364405,0.12994497642672279,7591.411764917388,21029304.58028762,414.8938049299759,2.266916637034449
1.6600000000000001,schechter,0,2088976901996.758,0.002088976901996758,78,10,0.1282051282051282,0.06408646052080025,300646312315075.2,76.5147292869707,0.13022830574001035,7609.081403005204,20845268.57286173,413.11894488398536,3.3942731989361765
1.6700000000000002,schechter,0,2112160953151.408,0.002112160953151408,81,10,0.12345679012345678,0.06370435294153787,42089738628495.36,55.84912054515686,0.13049756574871402,7626.404328974719,20663395.94724198,411.2954739645613,3.2347298810735197
1.68,schechter,0,2135438654469.7468,0.002135438654469747,42,10,0.23809523809523808,0.06332699222958327,107395427073269.28,68.03266555670768,0.13075276135699798,7643.38448631881,20483655.625891827,409.424698090115,6.173246351083853
1.69,schechter,0,2158809513176.5303,0.00215880951317653,68,10,0.14705882352941177,0.06295428964945737,32552165309639.25,18.24289971872765,0.13099390458281196,7660.0257920051035,20306017.043500546,407.5079272432981,3.7727017773712634
1.7,schechter,0,2182273040075.155,0.002182273040075155,75,10,0.13333333333333333,0.06258615775837884,24711372630772.945,45.050398481225386,0.13122101448037002,7676.332135937048,20130450.13778125,405.54647442186507,3.384212750202826
1.71,schechter,0,2205828749527.2275,0.0022058287495272276,52,10,0.19230769230769232,0.06222251040180282,86132912097719.61,153.83881217740628,0.13143411705488842,7692.307380471052,19956925.34045368,403.5416546028979,4.8287259232864495
1.72,schechter,0,2229476159431.8623,0.0022294761594318624,54,10,0.18518518518518517,0.06186326270841114,55902433108801.14,71.25895525647488,0.13163324516982902,7707.9553599278825,19785413.568385925,401.4947837180905,4.599588385409064
1.73,schechter,0,2253214791204.6475,0.0022532147912046473,54,10,0.18518518518518517,0.0615083310845822,161039936166425.38,289.4153036963121,0.1318184384469108,7723.279880196276,19615886.214899182,399.40717764678834,4.549420170417999
1.74,schechter,0,2277044169756.3535,0.0022770441697563537,67,10,0.14925373134328357,0.061157633208366535,310425371261911.1,40.230412201813635,0.13198974315916043,7738.2847183154,19448315.141239457,397.2801512222771,3.626375189465136
1.75,schechter,0,2300963823471.3887,0.002300963823471389,92,10,0.10869565217391304,0.06081113941915661,91344633285670.47,145.3762253885277,0.13214721211728916,7752.973622124057,19282672.668198943,395.1150172569422,2.611673304458085
1.76,schechter,0,2324973284186.027,0.002324973284186027,81,10,0.12345679012345678,0.06046875881563307,77219859109983.34,93.93171660064179,0.13229090454968861,7767.350309919655,19118931.567901675,392.91308558490135,2.933205754041925
1.77,schechter,0,2349072087166.421,0.002349072087166421,63,10,0.15873015873015872,0.060130380780518244,182528890233725.12,131.49987462180263,0.13242088597635046,7781.4184701775675,18957065.055737577,390.67566212562133,3.7288057659197933
1.78,schechter,0,2373259771086.405,0.0023732597710864048,85,10,0.11764705882352941,0.05979592773415432,147208416192814.03,308.8528336476536,0.1325372280770222,7795.181761248553,18797046.782446537,388.4040479655401,2.7323506333882874
1.79,schechter,0,2397535878005.1484,0.0023975358780051483,100,10,0.1,0.059465419559392996,158612032372642.06,121.46605855291344,0.13264000855391733,7808.64381113811,18638850.826349083,386.099538464005,2.295957104645005
1.8,schechter,0,2421899953344.6357,0.002421899953344636,137,10,0.072992700729927,0.05913871422152128,90990171916448.61,91.80055162723485,0.1327293109893057,7821.8082172689265,18482451.68572671,383.763422379649,1.6565894426848926
1.81,schechter,0,2446351545866.9985,0.0024463515458669986,93,10,0.10752688172043011,0.05881571570890143,38974416822641.55,17.80078563304688,0.13280522469831382,7834.678546288109,18327824.271332726,381.3969810209134,2.4120576782751955
1.82,schechter,0,2470890207651.737,0.002470890207651737,140,10,0.07142857142857142,0.05849648068674562,96014224256604.62,40.786788906536415,0.132867844577269,7847.258333903621,18174943.89906127,379.0014874214078,1.5835895135138742
1.83,schechter,0,2495515494072.809,0.002495515494072809,106,10,0.09433962264150944,0.058180827142010894,61202503363666.58,30.46677610584163,0.13291727094792347,7859.551084727451,18023786.282729935,376.578205538946,2.0669463662179313
1.84,schechter,0,2520226963775.621,0.002520226963775621,115,10,0.08695652173913043,0.05786874434272771,358229232508710.25,280.59645292638965,0.13295360939789763,7871.560272137207,17874327.527015675,374.12838948047363,1.8826382714958247
1.85,schechter,0,2545024178653.973,0.002545024178653973,63,10,0.15873015873015872,0.057560181575066816,134389262892554.62,140.1762775737156,0.13297697061768127,7883.289338196698,17726544.12051855,371.6532827549996,3.395623879102766
1.86,schechter,0,2569906703826.8687,0.0025699067038268686,97,10,0.10309278350515463,0.0572550341150474,159022867021850.28,55.108951798288196,0.1329874702345315,7894.74169353494,17580412.92894541,369.1541175502176,2.178962020004941
1.87,schechter,0,2594874107615.3066,0.0025948741076153065,41,10,0.24390243902439024,0.05695331462608266,191956055391285.47,66.67710040263893,0.13298522864360543,7905.920717301165,17435911.18843124,366.63211403938834,5.092905888514903
1.8800000000000001,schechter,0,2619925961519.041,0.002619925961519041,82,10,0.12195121951219512,0.056654890615723374,180581546191989.25,27.679497368842867,0.13297037083666333,7916.829757106836,17293016.49898085,364.0884797143982,2.5155357308127133
1.8900000000000001,schechter,0,2645061840193.2456,0.0026450618401932455,146,10,0.0684931506849315,0.05635977355612154,77396239726401.27,74.66004474657488,0.13294302622867502,7927.47212898106,17151706.818034906,361.5244087468119,1.395577658354866
1.9000000000000001,schechter,0,2670281321425.2026,0.0026702813214252025,44,10,0.22727272727272727,0.056067866097855634,103934542161314.5,26.22965737847167,0.13290332848265865,7937.851117375821,17011960.454154097,358.94108137883524,4.573877383583644
1.9100000000000001,schechter,0,2695583986110.9634,0.0026955839861109634,129,10,0.07751937984496124,0.055779117215066565,245829660883705.44,32.048132286523874,0.13285141533307546,7947.96997514524,16873756.06082675,356.3396633411262,1.5407993682079097
1.9200000000000002,schechter,0,2720969418232.0024,0.0027209694182320026,85,10,0.11764705882352941,0.05549352439269739,126678352821871.75,48.733954185833845,0.13278742840810062,7957.83192356189,16737072.630372385,353.72130530004694,2.309322574574696
1.93,schechter,0,2746437204831.8696,0.00274643720483187,49,10,0.20408163265306123,0.05521095013395094,102516012964591.58,206.06432915265418,0.13271151305108214,7967.440152351012,16601889.488000676,351.0871423348948,3.955888715943513
1.94,schechter,0,2771986935992.868,0.002771986935992868,96,10,0.10416666666666667,0.054931440830616074,152996935839390.7,44.755112913852,0.1326238181414942,7976.79781972404,16468186.28592861,348.43829344236883,1.9937726561823257
1.95,schechter,0,2797618204812.738,0.002797618204812738,103,10,0.0970873786407767,0.05465489508639976,42664243161845.15,21.538098132725278,0.13252449591568408,7985.908052436979,16335942.997650843,345.77586107148966,1.834790622356486
1.96,schechter,0,2823330607381.371,0.002823330607381371,70,10,0.14285714285714285,0.05438123878981216,100766752258526.81,178.517171402666,0.13241370178770218,7994.773945857045,16205139.912292665,343.1009306867439,2.6654648058118013
1.97,schechter,0,2849123742757.6,0.0028491237427576,84,10,0.11904761904761904,0.054110495012293036,51551834195602.69,25.70991080680331,0.13229159417049882,8003.398564023762,16075757.62908553,340.41457035967704,2.192857251376093
1.98,schechter,0,2874997212945.97,0.00287499721294597,68,10,0.14705882352941177,0.05384259116325041,161115458005105.1,50.99702457784811,0.13215833429775978,8011.78493977036,15947777.051919853,337.71783039068976,2.674059275039096
1.99,schechter,0,2900950622873.6035,0.0029009506228736036,36,10,0.2777777777777778,0.05357745192231245,159018290795914.72,51.543765594939444,0.1320140860466449,8019.936074781951,15821179.384035045,335.0117429568631,4.985854319911508
2.0,schechter,0,2926983580367.12,0.00292698358036712,89,10,0.11235955056179775,0.05331503898819934,70347702370920.92,139.30253003378058,0.13185901576168338,8027.854939739276,15695946.122775251,332.297321790444,1.9906117603294093
2.01,schechter,0,2953095696129.6167,0.002953095696129617,94,10,0.10638297872340426,0.05305536565891422,119843230432294.67,63.25491610188287,0.13169329208006922,8035.54447440748,15572059.054465903,329.57556188293745,1.8601863774405702
2.02,schechter,0,2979286583717.707,0.0029792865837177072,70,10,0.14285714285714285,0.05279835682227452,233317274474371.1,266.6485421662319,0.13151708575859106,8043.007587795562,15449500.249373306,326.8474392189818,2.465286817475783
2.03,schechter,0,3005555859518.6494,0.0030055558595186494,104,10,0.09615384615384616,0.05254395498894049,180578865124898.97,82.18153519397552,0.13133056950241706,8050.247158249983,15328252.056764135,324.113910534356,1.6375218006160277
2.04,schechter,0,3031903142727.5586,0.003031903142727559,71,10,0.14084507042253522,0.052292123506401444,107418244225591.44,170.22099569990223,0.13113391779594796,8057.26603363384,15208297.100052891,321.37591310371795,2.366961822535515
2.05,schechter,0,3058328055324.6914,0.0030583280553246914,50,10,0.2,0.05204282610010447,127871206564885.38,51.219069570395334,0.13092730673593825,8064.067031462357,15089618.27204791,318.6343645525584,3.316526564785218
2.0599999999999996,schechter,0,3084830222052.8423,0.0030848302220528425,85,10,0.11764705882352941,0.051796026873570544,120892262196162.72,97.73003193990006,0.1307109138670736,8070.652939056685,14972198.730271557,315.8901626949553,1.9249241595346442
2.07,schechter,0,3111409270394.8154,0.0031114092703948154,83,10,0.12048192771084337,0.051551706228238015,49141981531997.89,41.56946365962496,0.1304849180201844,8077.026513711605,14856021.89238433,313.14418539706213,1.9449538617674997
2.0799999999999996,schechter,0,3138064830551.009,0.003138064830551009,58,10,0.1724137931034483,0.05130982529166661,337421398734917.6,343.3940623466549,0.1302494991532604,8083.1904828664465,14741071.431683572,310.39729046475463,2.7459363353022854
2.09,schechter,0,3164796535417.101,0.003164796535417101,115,10,0.08695652173913043,0.05107033125217564,54163412086069.25,49.905283578997704,0.13000483819542183,8089.147544287279,14627331.272682121,307.6503155553067,1.366243784803989
2.0999999999999996,schechter,0,3191604020561.8438,0.0031916040205618437,81,10,0.12345679012345678,0.0508331898495763,97543368383962.92,81.27851449005156,0.12975111689399202,8094.900366229776,14514785.586787315,304.9040781117828,1.9134872701933696
2.11,schechter,0,3218486924204.9727,0.0032184869242049725,80,10,0.125,0.05059836719884214,77025478895190.97,67.81006282170117,0.12948851766480282,8100.451587648188,14403418.788036415,302.15937532111633,1.9110963781338255
2.1199999999999997,schechter,0,3245444887195.2153,0.0032454448871952154,95,10,0.10526315789473684,0.05036582978945958,37978132556647.79,24.61745461006072,0.1292172234458553,8105.803818369079,14293215.5289337,299.4169840930949,1.58740893230591
2.13,schechter,0,3272477552988.4473,0.0032724775529884473,70,10,0.14285714285714285,0.05013554448466928,370327571875488.4,19.003859120209093,0.12893741755444604,8110.959639300287,14184160.69634576,296.6776610613724,2.1248708676785815
2.1399999999999997,schechter,0,3299584567625.943,0.0032995845676259427,131,10,0.07633587786259542,0.04990747852059929,66288010847475.586,47.94638311106398,0.12864928354785926,8115.921602615544,14076239.407488255,293.9421426043126,1.11984054720028
2.15,schechter,0,3326765579712.7485,0.0033267655797127485,66,10,0.15151515151515152,0.04968159950529649,102392655817671.6,68.00882673722057,0.12835300508771263,8120.692231975514,13969437.005973084,291.2111448865869,2.1920962835961033
2.1599999999999997,schechter,0,3354020240396.232,0.003354020240396232,63,10,0.15873015873015872,0.04945787541765867,219454199163428.3,63.065933537763996,0.12804876580803742,8125.274022722677,13863739.057946578,288.48536391918105,2.264741775957584
2.17,schechter,0,3381348203344.661,0.003381348203344661,149,10,0.06711409395973154,0.04923627460627,176879771192371.66,44.61097930701439,0.12773674918715994,8129.669442100756,13759131.34827611,285.76547563808026,0.9442971430542202
2.1799999999999997,schechter,0,3408749124726.043,0.003408749124726043,100,10,0.1,0.04901676578814762,114177748264778.47,102.3317378403972,0.1274171384234439,8133.880929452016,13655599.876833957,283.0521360002719,1.3874300256160237
2.19,schechter,0,3436222663186.98,0.00343622266318698,99,10,0.10101010101010101,0.04879932475130355,54316871717349.2,32.856532964853486,0.12709011631494216,8137.910896463472,13553130.854817575,280.345981097602,1.3818883408388574
2.1999999999999997,schechter,0,3463768479831.7163,0.0034637684798317163,136,10,0.07352941176470588,0.04858394179688075,53954178125610.445,43.534293806039685,0.12675586514299808,8141.761727353113,13451710.70117912,277.64762728546043,0.99185412971168
2.21,schechter,0,3491386238201.3477,0.0034913862382013475,67,10,0.14925373134328357,0.04837056363486736,30720866059623.344,41.23239553792412,0.12641456655982633,8145.435779112481,13351326.039074074,274.95767132779145,1.9850533638590864
2.2199999999999998,schechter,0,3519075604253.089,0.003519075604253089,43,10,0.23255813953488372,0.04815916033379486,177739929256597.44,60.374855196002365,0.1260664014800965,8148.935381723904,13251963.692418212,272.27669055670856,3.0494457664361803
2.23,schechter,0,3546836246339.7734,0.0035468362463397735,46,10,0.21739130434782608,0.04794970232453932,113904396341207.17,66.45388198614464,0.1257115499765309,8152.262838384554,13153610.682476113,269.60524304553996,2.810324162862764
2.2399999999999998,schechter,0,3574667835189.4175,0.0035746678351894173,112,10,0.08928571428571429,0.04774216039858603,93678468614270.9,51.41203811832855,0.12535019117952442,8155.420425733137,13056254.22453316,266.9438677955284,1.1378997280100946
2.25,schechter,0,3602570043884.9863,0.003602570043884986,81,10,0.12345679012345678,0.04753650570622536,183847731918826.84,86.51075373665394,0.12498250318078254,8158.41039408684,12959881.724614153,264.2930849349637,1.5510579926082475
2.26,schechter,0,3630542547844.252,0.003630542547844252,98,10,0.10204081632653061,0.047332745088841444,327862478249649.4,105.27933184799076,0.12460866294096873,8161.234967652517,12864480.776277887,261.6533959294854,1.2637523970571465
2.27,schechter,0,3658585024799.8535,0.0036585850247998534,67,10,0.14925373134328357,0.04713084445797644,100287314653764.02,57.088523711199514,0.12422884620134438,8163.896344785379,12770039.157449897,259.02528380448047,1.8221015465182346
2.28,schechter,0,3686697154779.443,0.003686697154779443,90,10,0.1111111111111111,0.046930750381108166,61919204138676.42,57.23895848943262,0.12384322739937846,8166.396698193336,12676544.827336488,256.4092133764762,1.3370529764875227
2.29,schechter,0,3714878620086.0264,0.0037148786200860264,75,10,0.13333333333333333,0.046732435325962274,296564523992570.1,74.33377864874927,0.12345197958829715,8168.738175187836,12583985.923375618,253.80563149521603,1.581460701228693
2.3,schechter,0,3743129105278.423,0.0037431291052784227,65,10,0.15384615384615385,0.04653589189230711,56821874550462.64,38.226875868740066,0.12305527436053831,8170.922897902495,12492350.758259717,251.2149672939513,1.7985403938031976
2.31,schechter,0,3771448297151.8833,0.003771448297151883,60,10,0.16666666666666666,0.046341134321388644,174804715972729.72,92.50226677870194,0.12265328177506969,8172.952963557432,12401627.816991834,248.63763244897095,1.9203583204449703
2.32,schechter,0,3799835884718.8696,0.0037998358847188695,85,10,0.11764705882352941,0.046148078627060385,54529715821787.31,40.85792225848068,0.12224617028852493,8174.830444648505,12311805.754026573,246.0740214450396,1.33598156349678
2.3299999999999996,schechter,0,3828291559189.9517,0.0038282915591899514,98,10,0.10204081632653061,0.04595669857152307,177281325349209.56,58.842824090618045,0.12183410669010708,8176.557389219494,12222873.3904306,243.52451184969246,1.1419982230462873
2.34,schechter,0,3856815013954.8726,0.0038568150139548724,66,10,0.15151515151515152,0.0457670386271235,92082069947738.34,41.810467969655576,0.12141725604020252,8178.135821085562,12134819.711121293,240.98946459289755,1.671117293144387
2.3499999999999996,schechter,0,3885405944563.7783,0.0038854059445637785,112,10,0.08928571428571429,0.045579027628844915,241063553616779.34,193.3441224889814,0.12099578161264772,8179.567740055109,12047633.862132035,238.4692242519542,0.9704638715008067
2.36,schechter,0,3914064048708.567,0.003914064048708567,116,10,0.08620689655172414,0.04539261860353749,130675095271359.83,69.17444998508125,0.12056984484058411,8180.855122189271,11961305.147949908,235.96411934310666,0.9233645925397626
2.3699999999999997,schechter,0,3942789026204.4097,0.00394278902620441,86,10,0.11627906976744186,0.04520786272995192,94692429987906.6,46.27368524523414,0.12013960526583477,8181.999920010484,11875823.028886234,233.47446261592302,1.2273117973127836
2.38,schechter,0,3971580578971.4116,0.003971580578971411,110,10,0.09090909090909091,0.045024688574560545,56875473850093.625,32.011365269975315,0.11970522049173256,8183.004062760777,11791177.118503083,231.00055135331584,0.9455207168395298
2.3899999999999997,schechter,0,4000438411016.421,0.004000438411016421,79,10,0.12658227848101267,0.04484304830576902,424243631193530.1,56.46914145413183,0.1192668461393275,8183.869456617582,11707357.181081956,228.54266767373238,1.2972847957496831
2.4,schechter,0,4029362228415.0,0.004029362228415,139,10,0.07194244604316546,0.04466302427543645,106721402043374.25,24.562671497123393,0.11882463580689664,8184.597984933508,11624353.129135568,226.10107883695775,0.7265005735825478
2.4099999999999997,schechter,0,4058351739293.536,0.004058351739293536,79,10,0.12658227848101267,0.04448448585003373,100802299067089.16,59.94401326382946,0.11837874103268001,8185.191508474697,11542155.020976886,223.67603755258156,1.259508041455624
2.42,schechter,0,4087406653811.5005,0.004087406653811501,82,10,0.12195121951219512,0.0443074745760601,47865055690983.47,50.927919272025,0.11792931126076286,8185.6518656384505,11460753.05831884,221.26778228962453,1.1955873949144804
2.4299999999999997,schechter,0,4116526684143.8745,0.004116526684143875,41,10,0.24390243902439024,0.04413195896978672,240828248578023.7,196.22861816165957,0.1174764938100209,8185.980872704676,11380137.583922423,218.87653758872273,2.3559635064181688
2.44,schechter,0,4145711544463.6934,0.004145711544463694,133,10,0.07518796992481203,0.043957891109265734,262478518051872.06,226.5263083199788,0.11702043384604897,8186.180324052504,11300299.079290532,216.50251437450956,0.7155634550193181
2.4499999999999997,schechter,0,4174960950924.7583,0.004174960950924758,96,10,0.10416666666666667,0.0437853178715345,80660496643427.22,99.6234759704543,0.11656127435598546,8186.251992388184,11221228.162397789,214.14591026886464,0.9767132033345148
2.46,schechter,0,4204274621644.515,0.004204274621644515,69,10,0.14492753623188406,0.043614128263970486,96744227973731.34,60.38724534166191,0.11609915612615085,8186.197628982833,11142915.58546343,211.8069099047235,1.3388077877941815
2.4699999999999998,schechter,0,4233652276687.031,0.004233652276687031,64,10,0.15625,0.04344441858388637,106207749049437.66,45.25854330345017,0.11563421772241134,8186.018963893289,11065352.232765501,209.48568523932477,1.422028718260858
2.48,schechter,0,4263093638046.178,0.004263093638046178,43,10,0.23255813953488372,0.04327604317587053,189951618154752.16,84.1250774971163,0.11516659547318477,8185.717706200267,10988529.118494129,207.18239586740376,2.0851242578693174
2.4899999999999998,schechter,0,4292598429628.9053,0.004292598429628905,98,10,0.10204081632653061,0.0431091198712692,206092396724053.94,58.23853349932658,0.11469642345499854,8185.295544211889,10912437.38464076,204.89718933259152,0.9013201526760029
2.5,schechter,0,4322166377238.711,0.004322166377238711,92,10,0.10869565217391304,0.042943495715847546,48344451711495.7,51.96135782197376,0.11422383348051643,8184.754145709701,10837068.298925612,202.63020143872407,0.9458314334114317
2.51,schechter,0,4351797208559.2285,0.004351797208559228,89,10,0.11235955056179775,0.04277928322127311,355062450493589.0,219.82038092099393,0.11374895508894493,8184.095158162064,10762413.25276639,200.38155655888795,0.9631662202642948
2.52,schechter,0,4381490653137.9487,0.004381490653137949,93,10,0.10752688172043011,0.042616348476235966,97511635669520.61,32.84239006607778,0.11327191553873434,8183.320208946209,10688463.759278566,198.1513679427959,0.9080094351928002
2.53,schechter,0,4411246442370.136,0.004411246442370136,88,10,0.11363636363636363,0.042454772829931375,79449875983613.42,42.35296729980691,0.112792839802488,8182.43090556808,10615211.451314276,195.93973802207677,0.9452928484185835
2.54,schechter,0,4441064309482.81,0.00444106430948281,78,10,0.1282051282051282,0.04229446675509552,223661601017661.44,50.83618848740897,0.11231185056399447,8181.42883588418,10542648.079530537,193.74675871315574,1.0505661340129586
2.55,schechter,0,4470943989518.965,0.004470943989518965,76,10,0.13157894736842105,0.042135455585080916,58196506463664.46,39.35804083044423,0.11182906821729809,8180.3155683188,10470765.510502744,191.5725117176226,1.062104613000037
2.56,schechter,0,4500885219321.846,0.004500885219321846,104,10,0.09615384615384616,0.041977718538627196,147749823234011.44,166.27947014124305,0.1113446108677235,8179.092652077408,10399555.724859066,189.41706881943998,0.764547730895599
2.57,schechter,0,4530887737519.411,0.004530887737519411,137,10,0.072992700729927,0.041821201047934076,144449373475736.28,59.56233506514533,0.11085859433477233,8177.7616173592505,10329010.815461004,187.28049217932633,0.571700373415157
2.5799999999999996,schechter,0,4560951284508.948,0.004560951284508948,169,10,0.05917159763313609,0.04166597448185916,62836102536792.77,32.0878265291018,0.11037113215680884,8176.323975580807,10259122.985599501,185.1628346258241,0.45650828062179255
2.59,schechter,0,4591075602441.787,0.0045910756024417874,64,10,0.15625,0.04151193016071475,354902018717605.8,143.53147955287312,0.10988233559745512,8174.781219582145,10189884.547240347,183.0641399428449,1.187397780037295
2.5999999999999996,schechter,0,4621260435208.174,0.004621260435208174,81,10,0.12345679012345678,0.04135910788773289,259114407306315.1,169.08391290359035,0.109392313653616,8173.134823829445,10121287.9192909,180.98444315334152,0.9241179148617669
2.61,schechter,0,4651505528422.305,0.004651505528422304,85,10,0.11764705882352941,0.04120749143883695,65531962422420.8,39.018426933177636,0.108901173065055,8171.386244625981,10053325.625898778,178.9237707994234,0.8674117356966665
2.6199999999999997,schechter,0,4681810629407.444,0.004681810629407444,75,10,0.13333333333333333,0.041057021311829645,125974452644092.95,45.06795789032824,0.1084090183254463,8169.536920340821,9985990.294780755,176.8821412189342,0.9683005122277123
2.63,schechter,0,4712175487181.261,0.0047121754871812605,40,10,0.25,0.04090775016629611,69935781692836.984,60.84298153884983,0.10791595169482557,8167.588271572089,9919274.6555814,174.85956481654333,1.7882778479256038
2.6399999999999997,schechter,0,4742599852441.197,0.004742599852441198,67,10,0.14925373134328357,0.04075962742815298,53554936189657.02,56.461943964039484,0.10742207321336858,8165.541701395198,9853171.53826193,172.85604433254562,1.0515743232386348
2.65,schechter,0,4773083477550.065,0.0047730834775500655,95,10,0.10526315789473684,0.04061261593316012,164949373166072.7,161.3567761265094,0.10692748071642302,8163.398595533564,9787673.871516135,170.87157510566223,0.7304780688063564
2.6599999999999997,schechter,0,4803626116521.736,0.004803626116521736,111,10,0.09009009009009009,0.04046675616393247,217648845136666.66,28.6683421799272,0.10643226985072582,8161.160322564751,9722774.681209411,168.9061453321565,0.6157733151122629
2.67,schechter,0,4834227525006.946,0.004834227525006946,101,10,0.09900990099009901,0.04032201368779598,131231557649407.58,42.16464900474292,0.10593653409173551,8158.828234135892,9658467.088857314,166.9597363208739,0.6665497795288203
2.6799999999999997,schechter,0,4864887460279.265,0.004864887460279264,85,10,0.11764705882352941,0.04017834821972521,213201610716834.2,125.79368729310004,0.10544036476201399,8156.403665138019,9594744.310116976,165.03232274263988,0.7800854271369249
2.69,schechter,0,4895605681221.206,0.004895605681221206,68,10,0.14705882352941177,0.04003576436040013,130490651104903.25,26.517759578061664,0.1049438510505919,8153.887933914032,9531599.653310519,163.12387287585125,0.9604101376490363
2.6999999999999997,schechter,0,4926381948310.398,0.004926381948310399,62,10,0.16129032258064516,0.03989429163987401,126579092815299.12,154.82209227473527,0.10444708003325524,8151.282342453574,9469026.51798176,161.23434884725535,1.0374726024641274
2.71,schechter,0,4957216023606.004,0.004957216023606004,72,10,0.1388888888888889,0.03975386253372448,506038319774560.6,69.92827322363381,0.10395013669369071,8148.5881765689755,9407018.393461363,159.36370686735418,0.8799059577318836
2.7199999999999998,schechter,0,4988107670735.122,0.004988107670735122,113,10,0.08849557522123894,0.03961446704808136,119262369064255.55,35.223984692005146,0.10345310394543139,8145.806706108662,9345568.857473286,157.51189746208908,0.5521902541320971
2.73,schechter,0,5019056654879.439,0.00501905665487944,74,10,0.13513513513513514,0.03947611279494645,227971050212635.34,362.7914317079382,0.10295606265454338,8142.939185121425,9284671.574754989,155.67886569859417,0.830486008392841
2.7399999999999998,schechter,0,5050062742761.964,0.005050062742761964,132,10,0.07575757575757576,0.039338813304405584,105793651208390.11,140.20328894547075,0.10245909166299956,8139.9868520635755,9224320.295706078,153.86455140707258,0.45854915620976844
2.75,schechter,0,5081125702633.854,0.005081125702633854,49,10,0.20408163265306123,0.039202515116463554,174074831655765.06,88.19844714624494,0.10196226781268383,8136.950929967651,9164508.855059594,152.06888939709992,1.2166291704762517
2.76,schechter,0,5112245304261.412,0.005112245304261412,81,10,0.12345679012345678,0.03906720854247936,236849336915649.94,134.73295461621439,0.10146566596997589,8133.83262663387,9105231.170576822,150.29180966956082,0.7248742556280677
2.77,schechter,0,5143421318913.212,0.005143421318913212,95,10,0.10526315789473684,0.038932883961015685,191120357609021.8,127.68795868446662,0.10096935905086413,8130.633134808498,9046481.241760328,148.53323762344576,0.6087186636576403
2.78,schechter,0,5174653519347.288,0.005174653519347288,65,10,0.15384615384615385,0.038799561004254635,65388269731519.48,84.98353514507208,0.1004734180465394,8127.353632358389,8988253.148596747,146.79309425790012,0.8762319408711842
2.79,schechter,0,5205941679798.508,0.005205941679798508,57,10,0.17543859649122806,0.038667217457701186,195170518867765.6,166.37918870993843,0.09997791204942123,8123.995282464456,8930541.050315544,145.07129636972448,0.9841233971225882
2.8,schechter,0,5237285575966.029,0.00523728557596603,52,10,0.19230769230769232,0.03853582489180252,163112863275743.56,61.26998826404989,0.09948290827957305,8120.559233771649,8873339.184167327,143.36775674528434,1.0624605325128493
2.81,schechter,0,5268684985000.913,0.005268684985000913,83,10,0.12048192771084337,0.038405373989344294,70383075385287.72,103.08008639954929,0.09898847211146117,8117.04662058967,8816641.86423281,141.68238434874146,0.6555861395922212
2.82,schechter,0,5300139685493.79,0.00530013968549379,75,10,0.13333333333333333,0.038275855500259026,167650183425807.0,37.73980302761116,0.09849466710101733,8113.458563050608,8760443.480241075,140.0150845046054,0.7145596189806444
2.8299999999999996,schechter,0,5331649457462.727,0.0053316494574627265,136,10,0.07352941176470588,0.03814726024162829,94259800341328.95,38.223079205451,0.09800155501296365,8109.796167270189,8704738.496411402,138.3657590757317,0.38810842794061606
2.84,schechter,0,5363214082341.132,0.005363214082341132,96,10,0.10416666666666667,0.038019595498287484,60063775217233.67,46.994227110904184,0.09750919584836228,8106.060525543663,8649521.450322606,136.73430663738898,0.5415190655304515
2.8499999999999996,schechter,0,5394833342965.839,0.005394833342965839,75,10,0.13333333333333333,0.03789285083345417,78720382371334.8,47.099254377799966,0.097017647872353,8102.252716487128,8594786.951786837,135.12062264553907,0.6826807464574483
2.86,schechter,0,5426507023565.263,0.005426507023565262,127,10,0.07874015748031496,0.037766999914585986,197116754984012.38,45.14828901389149,0.09652696764204288,8098.373805214487,8540529.681758447,133.5245996014282,0.39707271982222575
2.8699999999999997,schechter,0,5458234909747.674,0.005458234909747674,62,10,0.16129032258064516,0.03764203386026421,142860186885882.53,153.42037584711983,0.09603721003451575,8094.424843498908,8486744.391249523,131.9461272112111,0.8010839658411512
2.88,schechter,0,5490016788489.638,0.005490016788489638,144,10,0.06944444444444445,0.03751794385578977,85896485731837.22,32.826251195181406,0.0955484282749277,8090.406869934277,8433425.9002663,130.38509254116008,0.33970698483272205
2.8899999999999997,schechter,0,5521852448124.447,0.005521852448124447,72,10,0.1388888888888889,0.03739472115311926,156495969066174.7,106.02092922941829,0.09506067396466021,8086.320910096659,8380569.09677265,128.8413801686144,0.6691649283872729
2.9,schechter,0,5553741678330.834,0.005553741678330834,71,10,0.14084507042253522,0.03727235707078791,217772689451930.3,96.7476434695134,0.09457399710949974,8082.167976697497,8328168.935656688,127.31487232822776,0.6683556875830253
2.9099999999999997,schechter,0,5585684270121.605,0.005585684270121605,62,10,0.16129032258064516,0.03715084299382465,161392927752822.72,115.8167162582951,0.0940884461478178,8077.949069743866,8276220.437724468,125.80544905420145,0.7538352396097167
2.92,schechter,0,5617680015832.56,0.00561768001583256,73,10,0.136986301369863,0.037030170373655524,135360716437700.45,99.47681727317423,0.09360406797872392,8073.665176698919,8224718.688710108,124.31298831828656,0.6305933064499178
2.9299999999999997,schechter,0,5649728709111.357,0.005649728709111357,108,10,0.09259259259259259,0.036910330727998986,526362692825062.5,296.16713709718164,0.09312090799016796,8069.317272620999,8173658.8382961275,122.8373661632044,0.4198118343370542
2.94,schechter,0,5681830144906.623,0.005681830144906623,76,10,0.13157894736842105,0.03679131564075189,69333321041669.5,20.004687033619913,0.09263901008696694,8064.906320324895,8123036.099160874,121.37845683248919,0.5875885680673009
2.9499999999999997,schechter,0,5713984119457.085,0.005713984119457085,68,10,0.14705882352941177,0.03667311676186491,196390237040317.22,49.76052185259493,0.09215841671873516,8060.433270537262,8072845.746031287,119.93613289605301,0.6468282067152205
2.96,schechter,0,5746190430280.825,0.005746190430280825,102,10,0.09803921568627451,0.036555731431777816,151729750510893.7,95.3838616882699,0.09167916890769558,8055.899062026464,8023083.114753859,118.51026537145735,0.4247283757674229
2.9699999999999998,schechter,0,5778448876164.639,0.0057784488761646385,84,10,0.11904761904761904,0.03643914630227163,196419393662312.06,105.94171315011779,0.0912013062763538,8051.304621771086,7973743.601392691,117.10072384206022,0.5079821914503262
2.98,schechter,0,5810759257153.536,0.005810759257153536,112,10,0.08928571428571429,0.036323350773594165,64556726961570.27,24.94360845174909,0.09072486707501438,8046.650865078102,7924822.661321773,115.70737657029875,0.37525710948708146
2.9899999999999998,schechter,0,5843121374540.249,0.005843121374540249,68,10,0.14705882352941177,0.036208336788331574,128674498709853.83,29.083838138913613,0.09024988820912404,8041.938695759833,7876315.808353685,114.3300906084204,0.6087797684985516
3.0,schechter,0,5875535030854.961,0.005875535030854961,74,10,0.13513513513513514,0.03609409635412131,76861098396336.11,37.228889812648745,0.0897764052664229,8037.16900623783,7828218.613865179,112.96873190423113,0.5510140938316509
3.01,schechter,0,5908000029855.025,0.005908000029855026,110,10,0.09090909090909091,0.03598062154348192,83807137293360.75,40.68233707408077,0.08930445254389056,8032.34267772245,7780526.705950752,111.62316540454644,0.3651155336278608
3.02,schechter,0,5940516176514.852,0.005940516176514851,92,10,0.10869565217391304,0.03586790449363342,96708042691088.9,38.494536636239104,0.08883406307447111,8027.460580311902,7733235.768582869,110.29325515387661,0.42999868936425956
3.03,schechter,0,5973083277015.874,0.005973083277015874,61,10,0.16393442622950818,0.03575593740631222,127620400666867.53,39.54892778981562,0.08836526865356453,8022.523573160346,7686341.540784624,108.9788643906313,0.6387936809446558
3.04,schechter,0,6005701138736.6,0.0060057011387366,88,10,0.11363636363636363,0.03564471254757806,122857902311740.9,52.133065291727895,0.08789809986527143,8017.53250459104,7639839.815826388,107.67985563934191,0.436161079707846
3.05,schechter,0,6038369570242.763,0.006038369570242763,119,10,0.08403361344537816,0.03553422936191741,168024787799912.22,87.89934141889066,0.08743258610838046,8012.488212251349,7593726.440420668,106.39609079995762,0.3177061423274862
3.06,schechter,0,6071088381277.586,0.0060710883812775856,73,10,0.136986301369863,0.035424476414873785,215937408375338.84,210.27600580261037,0.08696875562208634,8007.391523218437,7547997.313944066,105.12743123345915,0.5101485216830054
3.07,schechter,0,6103857382752.113,0.006103857382752113,98,10,0.10204081632653061,0.03531544457176661,443068624316279.8,82.3412952497985,0.08650663551143015,8002.243254159925,7502648.387664568,103.87373784496461,0.37432114605367994
3.08,schechter,0,6136676386735.652,0.006136676386735652,137,10,0.072992700729927,0.03520712632638723,161659549281888.4,29.95423422703496,0.08604625177245216,7997.044211431119,7457675.663981256,102.63487116292762,0.2637575820821657
3.09,schechter,0,6169545206446.309,0.006169545206446308,115,10,0.08695652173913043,0.03509951423604629,165684547135457.97,115.30971213612861,0.08558762931704852,7991.7951912300305,7413075.195680463,101.41069141616138,0.3095187832216395
3.0999999999999996,schechter,0,6202463656241.599,0.0062024636562415985,123,10,0.08130081300813008,0.034992600921343486,149897952033627.56,28.132229616121446,0.08513079199752545,7986.496979703672,7368843.085202581,100.2010586072885,0.28506468745861757
3.11,schechter,0,6235431551609.164,0.006235431551609164,58,10,0.1724137931034483,0.03488637906593206,269533094466045.5,100.36223385504384,0.08467576263084305,7981.150353096224,7324975.48391775,99.00583258383992,0.5955094836651806
3.1199999999999997,schechter,0,6268448709157.563,0.006268448709157564,93,10,0.10752688172043011,0.03478084141627802,200663071569834.94,53.36830033422134,0.08422256302254322,7975.756077829968,7281468.591418872,97.82487310581246,0.36585283850115957
3.13,schechter,0,6301514946607.172,0.006301514946607172,115,10,0.08695652173913043,0.03467598078141476,401351151018470.44,193.63642270132345,0.08377121399035611,7970.314910679625,7238318.654820386,96.65803991161434,0.2914532464647269
3.1399999999999997,schechter,0,6334630082781.153,0.006334630082781153,53,10,0.18867924528301888,0.03457179003269206,309993581661009.75,251.51478772442132,0.08332173538748046,7964.827598857317,7195521.968076602,95.50519278037474,0.622978390912244
3.15,schechter,0,6367793937596.526,0.0063677939375965265,138,10,0.07246376811594203,0.034468262103520275,176597489664692.9,40.820333039316495,0.08287414612553251,7959.294880126503,7153074.871296239,94.36619159186499,0.2356984511231459
3.1599999999999997,schechter,0,6401006332055.304,0.006401006332055304,78,10,0.1282051282051282,0.034365389989111206,85170209954231.28,33.297243475443864,0.08242846419716175,7953.717482954588,7110973.750088734,93.24089638466315,0.4108025342555459
3.17,schechter,0,6434267088235.734,0.006434267088235734,66,10,0.15151515151515152,0.034263178568907704,190704626568107.3,88.75141470968727,0.0819847066983287,7948.0961265982805,7069215.034901877,92.12916741082833,0.4782785021821217
3.1799999999999997,schechter,0,6467576029283.613,0.006467576029283613,135,10,0.07407407407407407,0.0341616270234959,256074090469522.9,31.106095060912555,0.0815428898502426,7942.431521219946,7027795.200383879,91.03086518878132,0.23035277512631733
3.19,schechter,0,6500932979403.687,0.006500932979403687,152,10,0.06578947368421052,0.03406071203023697,142923432282598.0,41.540676764293096,0.08110302902095701,7936.7243680204865,6986710.76474544,89.94585055394427,0.20155392855477805
3.1999999999999997,schechter,0,6534337763851.154,0.0065343377638511545,100,10,0.1,0.03396042680422062,106429318404742.67,38.437462503140885,0.08066513874662186,7930.975359325901,6945958.289138465,88.87398470670628,0.3018198452431522
3.21,schechter,0,6567790208923.194,0.006567790208923194,87,10,0.11494252873563218,0.03386076462121601,250677880064399.5,28.965235224037094,0.08022923275238983,7925.185178719356,6905534.377048772,87.81512925880047,0.3417801634498738
3.2199999999999998,schechter,0,6601290141950.64,0.00660129014195064,94,10,0.10638297872340426,0.03376171881738621,316400078827496.2,50.580725983991286,0.07979532397297763,7919.3545011410315,6865435.673682141,86.76914627700354,0.3116463317690263
3.23,schechter,0,6634837391289.706,0.006634837391289706,68,10,0.14705882352941177,0.03366328278899955,142838010845352.53,86.6642170014172,0.07936342457287976,7913.483992984357,6825658.865381889,85.73589832504572,0.4244340868360187
3.2399999999999998,schechter,0,6668431786313.761,0.0066684317863137605,174,10,0.05747126436781609,0.03356547615367389,107437430952721.47,52.980508067404365,0.07893354596623703,7907.574312231296,6786200.679036681,84.71524850372819,0.1634199800864624
3.25,schechter,0,6702073157405.257,0.006702073157405257,79,10,0.12658227848101267,0.03346827976775757,116856290291611.58,46.09989579355535,0.07850569883635809,7901.626108521597,6747057.881511198,83.70706048857552,0.3546242175909179
3.26,schechter,0,6735761335947.657,0.0067357613359476575,103,10,0.0970873786407767,0.03337167492331439,485692600499456.1,383.63878261609136,0.07807989315489611,7895.640023291706,6708227.279078383,82.711198566292,0.267981672919612
3.27,schechter,0,6769496154317.4795,0.00676949615431748,140,10,0.07142857142857142,0.03327565523101483,81359800045567.48,45.69377320476319,0.0776561382006801,7889.616689845628,6669705.71686476,81.72752766873938,0.1942526452562998
3.28,schechter,0,6803277445876.425,0.006803277445876425,90,10,0.1111111111111111,0.03318021436037666,97429592784428.39,58.56868691487811,0.07723444257820353,7883.556733486187,6631490.078299773,80.75591340575389,0.2977220575189921
3.29,schechter,0,6837105044963.554,0.006837105044963553,72,10,0.1388888888888889,0.03308536338588708,187357936738360.88,72.33115106868559,0.07681481423577075,7877.460771587099,6593577.284582875,79.79622209576652,0.36667875067491495
3.3,schechter,0,6870978786887.519,0.0068709787868875185,80,10,0.125,0.03299110773377534,78183109670089.44,30.581311621336294,0.07639726048330328,7871.329413713358,6555964.294144623,78.84832079511575,0.3251616807473678
3.31,schechter,0,6904898507919.0,0.006904898507919,86,10,0.11627906976744186,0.03289741337132979,150347534730306.88,45.54185431646488,0.0759817880098082,7865.163261700962,6518648.1021335395,77.912077325574,0.2980355598137696
3.32,schechter,0,6938864045282.973,0.006938864045282973,51,10,0.19607843137254902,0.032804274178356185,117787580539196.4,26.490749339604132,0.07556840290051019,7858.962909781723,6481625.739898744,76.98736030064688,0.4951989167784931
3.33,schechter,0,6972875237151.318,0.0069728752371513185,54,10,0.18518518518518517,0.03271168409216951,105190055812251.5,55.75437023526189,0.07515711065365033,7852.7289446332015,6444894.2744803615,76.07403914964819,0.4608351733849309
3.34,schechter,0,7006931922635.294,0.007006931922635294,90,10,0.1111111111111111,0.03261968072375043,229390168514724.84,77.91171756609936,0.07474791619695409,7846.461945519221,6408450.8081216905,75.1719841414076,0.27245401356261634
3.3499999999999996,schechter,0,7041033941778.195,0.007041033941778196,59,10,0.1694915254237288,0.03252822337160899,135685618585818.9,40.18918152419542,0.0743408239037712,7840.162484354294,6372292.477769603,74.28106640561407,0.40953069835985334
3.36,schechter,0,7075181135548.041,0.007075181135548041,73,10,0.136986301369863,0.032437298284316185,326818645023128.8,28.323355082136498,0.07393583760889016,7833.831125803069,6336416.454597149,73.40115795334505,0.3261555143762822
3.3699999999999997,schechter,0,7109373345830.322,0.007109373345830322,95,10,0.10526315789473684,0.03234689960504833,211232558322727.66,46.25258539356189,0.07353296062403111,7827.468427378575,6300819.9435306,72.5321316962546,0.24696732443356748
3.38,schechter,0,7143610415420.875,0.007143610415420875,142,10,0.07042253521126761,0.03225706684274632,287753110396922.56,269.92001140390187,0.07313219575301971,7821.074939512282,6265500.18277916,71.67386146420117,0.16281609437524483
3.3899999999999997,schechter,0,7177892188018.714,0.007177892188018714,54,10,0.18518518518518517,0.03216776083703499,123507545088943.75,46.18878784135525,0.07273354530664589,7814.651205663617,6230454.443376221,70.82622202209593,0.42191129092546714
3.4,schechter,0,7212218508219.059,0.007212218508219058,83,10,0.12048192771084337,0.03207896492821294,229473586446354.1,231.274052748095,0.07233701111721073,7808.1977624000865,6195680.028727723,69.98908908531816,0.2705033173645171
3.4099999999999997,schechter,0,7246589221506.33,0.00724658922150633,144,10,0.06944444444444445,0.03199068028928953,175889385690877.34,30.405932035629167,0.07194259455276497,7801.715139469755,6161174.274165404,69.16233933392738,0.15364932539521003
3.42,schechter,0,7281004174247.276,0.007281004174247276,107,10,0.09345794392523364,0.03190294842349661,85924542341386.58,39.35189810391956,0.07155029653104333,7795.203859913575,6126934.5465087,68.34585042618001,0.20377889169219016
3.4299999999999997,schechter,0,7315463213684.099,0.0073154632136840985,87,10,0.11494252873563218,0.03181571072184275,160174548265646.53,133.50531474565656,0.07116011753309788,7788.664440124983,6092958.2436328735,67.53950101053096,0.24699048579869642
3.44,schechter,0,7349966187927.723,0.007349966187927722,128,10,0.078125,0.03172896167418071,131785806986003.55,27.46295332202623,0.07077205761663512,7782.097389938475,6059242.794044905,66.74317073691445,0.16544464893162955
3.4499999999999997,schechter,0,7384512945951.045,0.007384512945951045,126,10,0.07936507936507936,0.03164274017179802,48631643961371.0,23.18021140112268,0.07038611642905952,7775.503212723021,6025785.656462501,65.95674026706504,0.16563904721027836
3.46,schechter,0,7419103337582.344,0.007419103337582344,73,10,0.136986301369863,0.031557017078150285,171331482981655.22,56.2183693401153,0.07000229322022894,7768.882405445273,5992584.319403749,65.18009128370339,0.281765651204825
3.4699999999999998,schechter,0,7453737213498.61,0.0074537372134986105,52,10,0.19230769230769232,0.03147176722270062,86363485001162.08,58.94243301030184,0.06962058685492503,7762.2354587799,5959636.300782556,64.41310649922882,0.3898450565066834
3.48,schechter,0,7488414425219.125,0.007488414425219125,71,10,0.14084507042253522,0.03138701765072971,133349891587003.78,24.629108827679758,0.06924099582504298,7755.562857138159,5926939.147505195,63.655669662815875,0.2814030460951861
3.4899999999999998,schechter,0,7523134825098.931,0.007523134825098931,86,10,0.11627906976744186,0.031302766521629444,317197129930473.4,59.34917471819483,0.06886351826150523,7748.865078795139,5894490.435082389,62.90766556762194,0.22897487996325783
3.5,schechter,0,7557898266322.443,0.007557898266322444,128,10,0.078125,0.031218973583301723,275326087743529.3,94.3798659999517,0.06848815194590231,7742.1425959404905,5862287.767236518,62.16898005644849,0.1516290426627404
3.51,schechter,0,7592704602897.124,0.007592704602897124,77,10,0.12987012987012986,0.031135664853657374,138370721744482.7,52.21010544047452,0.06811489432186627,7735.395874762574,5830328.775524363,61.43950002703022,0.24843632228803716
3.52,schechter,0,7627553689647.206,0.007627553689647206,92,10,0.10869565217391304,0.031052843992359747,243372513075201.34,65.47720000608444,0.06774374250617998,7728.625375518925,5798611.1189587405,60.71911343641281,0.20494577792340452
3.53,schechter,0,7662445382207.436,0.007662445382207435,115,10,0.08695652173913043,0.03097046663840708,91305997771836.6,28.187081626727213,0.0673746932996273,7721.8315526147635,5767132.483642135,60.007709304766664,0.16160580513656572
3.54,schechter,0,7697379537016.954,0.007697379537016954,144,10,0.06944444444444445,0.030888568180654996,295369686789807.6,51.294221342514696,0.06700774319758737,7715.014854680306,5735890.582397208,59.305177718430265,0.12721194620983298
3.55,schechter,0,7732356011313.151,0.007732356011313151,94,10,0.10638297872340426,0.030807136827616044,195450602428973.06,44.8011058616964,0.06664288840037871,7708.175724616659,5704883.154414197,58.61140983219314,0.1920903959957292
3.56,schechter,0,7767374663125.616,0.0077673746631256166,100,10,0.1,0.030726134657968585,165433849518649.7,125.077244284009,0.06628012482335588,7701.314599712592,5674107.964892094,57.92629787139119,0.1779851228633965
3.57,schechter,0,7802435351270.189,0.007802435351270189,89,10,0.11235955056179775,0.03064561641903374,492257431608267.0,42.18054408004604,0.06591944810676449,7694.431911671503,5643562.804696245,57.24973513284115,0.1971295980867786
3.58,schechter,0,7837537935342.947,0.007837537935342948,77,10,0.12987012987012986,0.030565534741914036,303146483577668.9,138.37870077913507,0.06556085362535716,7687.528086706453,5613245.49001041,56.58161598562525,0.22460355183925546
3.59,schechter,0,7872682275714.401,0.007872682275714402,65,10,0.15384615384615385,0.03048587791886348,131647463962591.45,26.18204381345414,0.0652043364977763,7680.603545602564,5583153.862002588,55.9218358711793,0.2622809632873066
3.5999999999999996,schechter,0,7907868233523.6,0.0079078682335236,129,10,0.07751937984496124,0.0304067007223896,172265226306704.62,43.33952989029384,0.06484989159570673,7673.65870378064,5553285.786493722,55.27029130285718,0.13027807802211405
3.61,schechter,0,7943095670672.387,0.007943095670672386,159,10,0.06289308176100629,0.030327929805623155,152389432525012.2,60.341565685031924,0.06449751355280299,7666.693971362799,5523639.15362708,54.62687986498005,0.10419623761291345
3.6199999999999997,schechter,0,7978364449819.669,0.00797836444981967,121,10,0.08264462809917356,0.03024960562964074,60047415145899.46,28.923631767621014,0.06414719677339552,7659.709753254607,5494211.877547617,53.9915002115872,0.13497699080604775
3.63,schechter,0,8013674434375.754,0.008013674434375754,105,10,0.09523809523809523,0.03017171458829404,129485250618524.75,49.22613024409868,0.06379893544097907,7652.706449184134,5465001.896084231,53.36405206441439,0.15334142363451184
3.6399999999999997,schechter,0,8049025488496.717,0.008049025488496717,119,10,0.08403361344537816,0.03009422280818186,93708655292195.64,68.95242566401461,0.06345272352648877,7645.684453790535,5436007.170438018,52.74443621081447,0.13338679119497363
3.65,schechter,0,8084417477078.858,0.008084417477078859,108,10,0.09259259259259259,0.030017196178106276,55547231489129.766,23.525776328020466,0.0631085547963669,7638.644156671161,5407225.684871397,52.13255450094325,0.14489565886302136
3.6599999999999997,schechter,0,8119850265753.148,0.008119850265753148,68,10,0.14705882352941177,0.02994055383474481,407914950559405.75,72.12926306207717,0.06276642282042497,7631.585942457649,5378655.446409031,51.52830984483427,0.22688031395921637
3.67,schechter,0,8155323720879.816,0.008155323720879817,122,10,0.08196721311475409,0.029864348438701005,247896779939142.8,34.291870002126586,0.062426320979504686,7624.510190869482,5350294.484533614,50.93160620885826,0.12467534707902053
3.6799999999999997,schechter,0,8190837709542.904,0.008190837709542905,92,10,0.10869565217391304,0.029788546789695447,560558150669319.6,190.58594722626725,0.06208824247294238,7617.4172767610935,5322140.850894996,50.342348611882976,0.16300276164437344
3.69,schechter,0,8226392099544.873,0.008226392099544873,83,10,0.12048192771084337,0.029713145545481434,168475588001181.06,35.87719729393855,0.06175218032584041,7610.3075702273545,5294192.619019311,49.760443121448795,0.17813726371991065
3.6999999999999997,schechter,0,8261986759401.371,0.00826198675940137,95,10,0.10526315789473684,0.029638169666038827,80590508745825.78,49.54450144402442,0.061418127396149415,7603.181436605594,5266447.884021641,49.18579684893663,0.15345020970190543
3.71,schechter,0,8297621558335.865,0.008297621558335865,100,10,0.1,0.02956356198468102,167264060592469.0,32.72179579334839,0.06108607638156587,7596.039236579875,5238904.762326913,48.618317945156626,0.14373306561625676
3.7199999999999998,schechter,0,8333296366274.514,0.008333296366274513,66,10,0.15151515151515152,0.02948939715240806,315838577511860.0,45.52638415581326,0.06075601982624775,7588.881326214419,5211561.39139034,48.0579155951452,0.21472711504577904
3.73,schechter,0,8369011053840.91,0.00836901105384091,86,10,0.11627906976744186,0.02941558738295391,258019397918184.2,87.0497007300903,0.06042795012735299,7581.708057016008,5184415.929424091,47.50450001290988,0.1624852059550332
3.7399999999999998,schechter,0,8404765492351.034,0.008404765492351035,136,10,0.07352941176470588,0.029342204246068482,156647381908972.94,78.74293916434337,0.060101859541404255,7574.519776003646,5157466.555130386,46.9579824359888,0.10131255232500587
3.75,schechter,0,8440559553808.113,0.008440559553808112,104,10,0.09615384615384616,0.02926918300707637,336670905697181.9,123.88724043885402,0.05977774019048319,7567.3168257423795,5130711.467432381,46.41827511949257,0.13063701820627385
3.76,schechter,0,8476393110897.634,0.008476393110897634,70,10,0.14285714285714285,0.029196566251754152,114539365113477.3,27.455838923497005,0.059455584068258405,7560.099544413758,5104148.885215932,45.88529133021947,0.19138470690054185
3.77,schechter,0,8512266036982.318,0.00851226603698232,127,10,0.07874015748031496,0.02912431934769244,274217888371803.84,53.7413307667641,0.05913538304585055,7552.868265868174,5077777.047071797,45.358945340415545,0.10401955979281796
3.78,schechter,0,8548178206097.216,0.008548178206097216,84,10,0.11904761904761904,0.02905245878041751,110698168413491.7,25.286276238221138,0.05881712887753789,7545.623319679223,5051594.211037625,44.83915242131618,0.1550818604129936
3.79,schechter,0,8584129492944.79,0.00858412949294479,77,10,0.12987012987012986,0.028980972213491052,187376161036506.06,33.27235334968566,0.05850081320630583,7538.365031191213,5025598.654353037,44.32582883654742,0.1668318979028495
3.8,schechter,0,8620119772890.034,0.008620119772890034,96,10,0.10416666666666667,0.028909857747898227,201687634609323.44,34.160260550395336,0.058186427569244414,7531.093721574327,4999788.673212268,43.818891835347245,0.13195811766983626
3.81,schechter,0,8656148921955.741,0.008656148921955742,124,10,0.08064516129032258,0.0288391177167453,134770280892229.67,42.73879223161493,0.05787396340279591,7523.8097078713245,4974162.582516595,43.31825964554285,0.1007468055808345
3.82,schechter,0,8692216816817.653,0.008692216816817653,95,10,0.10526315789473684,0.028768739373513874,208259481673179.25,51.5322433945773,0.0575634120478575,7516.513303080085,4948718.7156405095,42.82385146667511,0.12968297071735221
3.83,schechter,0,8728323334799.792,0.008728323334799792,107,10,0.09345794392523364,0.028698732271868144,378198774081906.5,57.76029102686313,0.057254764754740534,7509.204816140324,4923455.424194368,42.33558746236943,0.113549316836897
3.84,schechter,0,8764468353869.753,0.008764468353869752,58,10,0.1724137931034483,0.02862908017857746,322563459054223.6,60.836924429032784,0.056948012687991136,7501.884552060013,4898371.077789676,41.853388753374205,0.20659034868371073
3.8499999999999996,schechter,0,8800651752634.074,0.008800651752634074,67,10,0.14925373134328357,0.028559792593898625,355425455442431.8,190.8710448211993,0.056643146931074334,7494.552811893242,4873464.063811505,41.3771774096649,0.17637665745387718
3.86,schechter,0,8836873410333.639,0.008836873410333639,62,10,0.16129032258064516,0.028490856984843882,264898521041706.56,34.5421718014018,0.056340158490925135,7487.209892846108,4848732.787193777,40.90687644315869,0.1879793494255989
3.8699999999999997,schechter,0,8873133206839.123,0.008873133206839122,79,10,0.12658227848101267,0.028422275696916022,91923320828475.33,42.25676210289352,0.05603903830236975,7479.85608828638,4824175.670194775,40.44240979976199,0.14550193938942957
3.88,schechter,0,8909431022646.469,0.008909431022646469,95,10,0.10526315789473684,0.028354046912889785,285387937381226.4,30.036948743061327,0.05573977723241955,7472.491687820405,4799791.152178878,39.983702351724354,0.11933681812966462
3.8899999999999997,schechter,0,8945766738872.414,0.008945766738872414,89,10,0.11235955056179775,0.028286158892393054,208869157961105.75,27.218398541129158,0.05544236608444147,7465.11697730518,4775577.689400512,39.530679889547045,0.1256372014022533
3.9,schechter,0,8982140237250.066,0.008982140237250066,37,10,0.2702702702702703,0.028218627380431904,231305307696399.8,45.515144758957355,0.0551467956022065,7457.732238920028,4751533.754790982,39.08326911413706,0.29807465079485856
3.9099999999999997,schechter,0,9018551400124.475,0.009018551400124475,145,10,0.06896551724137931,0.028151419787485477,236013794394294.75,73.4999752969562,0.0548530564738208,7450.33775122377,4727657.837746424,38.64139762879359,0.07502139350505616
3.92,schechter,0,9055000110448.32,0.009055000110448321,154,10,0.06493506493506493,0.028084576100583014,249808231049483.9,93.38007464123393,0.054561139335540465,7442.9337891498935,4703948.4439248545,38.20499393086107,0.06967344542036233
3.9299999999999997,schechter,0,9091486251777.547,0.009091486251777546,88,10,0.11363636363636363,0.028018036283263936,148892481570260.8,67.32693843550808,0.054271034775474035,7435.520624112043,4680404.095037893,37.77398740383637,0.12026738064139117
3.94,schechter,0,9128009708267.133,0.009128009708267134,73,10,0.136986301369863,0.027951871080053148,139245092611533.7,45.117311756997914,0.05398273333717482,7428.098524006031,4657023.328652699,37.34830830894869,0.14300754779586458
3.9499999999999997,schechter,0,9164570364666.81,0.009164570364666811,108,10,0.09259259259259259,0.027885999266808015,262673311731938.94,40.01243883813609,0.053696225523125696,7420.66775326903,4633804.697992794,36.92788777696332,0.09534917143270072
3.96,schechter,0,9201168106316.857,0.009201168106316857,99,10,0.10101010101010101,0.027820490617295968,171013121629263.94,64.51088882906899,0.05341150179811911,7413.228572910975,4610746.771740449,36.5126577997989,0.10260606603351957
3.9699999999999998,schechter,0,9237802819143.951,0.00923780281914395,48,10,0.20833333333333334,0.02775528445824238,497479631569099.8,22.714881989513017,0.05312855259253501,7405.781240578583,4587848.13384705,36.10255122231992,0.20875762059244907
3.98,schechter,0,9274474389657.037,0.009274474389657037,111,10,0.09009009009009009,0.02769041330060673,230939366226213.3,37.86957411103871,0.05284736830551836,7398.326010581926,4565107.3833417045,35.697501733881886,0.08905212403696529
3.9899999999999998,schechter,0,9311182704943.197,0.009311182704943197,74,10,0.13513513513513514,0.027625863699674014,126664169924048.75,46.97594764354442,0.05256793930805998,7390.863133922217,4542523.13414405,35.2974438598816,0.13177329365134924
4.0,schechter,0,9347927652663.648,0.009347927652663648,109,10,0.09174311926605505,0.027561618006168853,315972736861736.4,43.254775335460295,0.05229025594598198,7383.392858365486,4520094.014880405,34.90231295352021,0.08825359790428286
4.01,schechter,0,9384709121049.66,0.00938470912104966,70,10,0.14285714285714285,0.027497715971794068,111551123943138.36,37.576821491285706,0.052014308542830644,7375.915428463927,4497818.66870036,34.512045187287065,0.13557177373796317
4.02,schechter,0,9421526998898.61,0.00942152699889861,84,10,0.11904761904761904,0.027434095357152688,151650219760492.72,40.73641663430083,0.051740087402679,7368.431085573205,4475695.7530969195,34.12657754443483,0.11145616459134412
4.03,schechter,0,9458381175570.006,0.009458381175570007,115,10,0.08695652173913043,0.027370820540743024,178851639466581.44,41.78095356963798,0.05146758281284127,7360.940067949897,4453723.939732424,33.74584781085426,0.0803175256022711
4.04,schechter,0,9495271540981.562,0.009495271540981563,102,10,0.09803921568627451,0.027307835127849844,90622008162681.67,26.815116925331104,0.05119678504650158,7353.442610727735,4431901.9142613495,33.36979456634477,0.08933890669293751
4.05,schechter,0,9532197985605.363,0.009532197985605364,39,10,0.2564102564102564,0.027245156956048344,208049964447759.2,37.63454701463258,0.05092768436525858,7345.938945996525,4410228.376158676,32.998357176397285,0.23052446681094568
4.06,schechter,0,9569160400463.918,0.009569160400463917,121,10,0.08264462809917356,0.02718279799609391,386150122309809.06,50.79653525476794,0.05066027102158882,7338.429302817848,4388702.038552683,32.63147578371284,0.07330700946637159
4.07,schechter,0,9606158677126.441,0.009606158677126442,76,10,0.13157894736842105,0.027120712265911062,191390755248599.56,111.90902147147389,0.05039453526123035,7330.913907284248,4367321.6280537555,32.26909129988796,0.11515272897719411
4.08,schechter,0,9643192707704.99,0.00964319270770499,81,10,0.12345679012345678,0.027058963895754018,85738126011673.78,19.922027689888868,0.05013046732548883,7323.392982528893,4346085.884590511,31.91114539693645,0.10660278162566178
4.09,schechter,0,9680262384850.795,0.009680262384850796,65,10,0.15384615384615385,0.026997492576588678,237659852346595.7,60.11640528631548,0.049868057453468215,7315.866748778327,4324993.5612532655,31.557580499064564,0.13107316080901465
4.1,schechter,0,9717367601750.432,0.009717367601750432,67,10,0.14925373134328357,0.02693631303932209,180808431871150.47,28.207109252024235,0.04960729588422757,7308.335423384267,4304043.424121051,31.208339774241864,0.1254682999397769
4.109999999999999,schechter,0,9754508252122.25,0.00975450825212225,147,10,0.06802721088435375,0.026875447622977888,505715285753094.6,30.45258961350539,0.04934817285886632,7300.799220873947,4283234.252119073,30.863367126088175,0.05642631337863404
4.12,schechter,0,9791684230212.621,0.009791684230212622,95,10,0.10526315789473684,0.02681484743382012,161543883997061.1,40.06307791743333,0.04909067862253967,7293.258352954129,4262564.836847282,30.52260718536893,0.08615358473243048
4.13,schechter,0,9828895430792.357,0.009828895430792357,88,10,0.11363636363636363,0.026754557995912975,198798986699647.4,50.75822191844658,0.04883480342640599,7285.713028561444,4242033.982438276,30.186005301923185,0.09177423062673186
4.14,schechter,0,9866141749153.143,0.009866141749153142,119,10,0.08403361344537816,0.02669455198819748,289299051308038.4,36.482696094647046,0.04858053752950762,7278.163453915133,4221640.505400525,29.853507536513405,0.06696857218180692
4.1499999999999995,schechter,0,9903423081103.904,0.009903423081103905,78,10,0.1282051282051282,0.026634806661592347,285559203884470.7,58.99833311175397,0.04832787120058748,7270.609832517046,4201383.234468503,29.52506065253212,0.10081977976307442
4.16,schechter,0,9940739322967.348,0.009940739322967348,78,10,0.1282051282051282,0.026575384463524587,263648880025704.94,40.19808627918865,0.04807679471984265,7263.052365203988,4181261.010457904,29.200612107991173,0.09948942222309186
4.17,schechter,0,9978090371576.41,0.00997809037157641,99,10,0.10101010101010101,0.02651622177924673,163891660481564.2,45.50847740386335,0.04782729838061681,7255.491250181939,4161272.6861168793,28.88011004743641,0.07735266697241168
4.18,schechter,0,10015476124270.807,0.010015476124270806,183,10,0.0546448087431694,0.026457326096279266,116947791393645.9,33.74895688155192,0.0475793724910331,7247.926683052227,4141417.125983926,28.563503293910173,0.04129584268301248
4.1899999999999995,schechter,0,10052896478893.592,0.010052896478893592,47,10,0.2127659574468085,0.02639873791970393,340206318092960.7,32.67374283341602,0.04733300737556878,7240.358856836897,4121693.2062488887,28.250741340968162,0.158677429084588
4.2,schechter,0,10090351333787.738,0.010090351333787738,85,10,0.11764705882352941,0.026340402715554934,268056451273981.8,53.16262918096438,0.04708819337657378,7232.787962027827,4102099.814607074,27.94177434477943,0.08658795162690014
4.21,schechter,0,10127840587792.746,0.010127840587792746,121,10,0.08264462809917356,0.026282336687802332,218958252896294.5,26.32279629304626,0.04684492085573398,7225.2141866036445,4082635.850129579,27.63655311624959,0.060029189577818554
4.22,schechter,0,10165364140241.303,0.010165364140241303,69,10,0.14492753623188406,0.026224564768280945,311085324236975.0,84.18503156281155,0.046603180195481396,7217.637716071193,4063300.22312007,27.33502911318836,0.10389119440893527
4.2299999999999995,schechter,0,10202921890955.969,0.010202921890955969,97,10,0.10309278350515463,0.02616704144196913,234119819706239.44,70.80992367796065,0.0463629618003518,7210.058733474794,4044091.8549862206,27.03715443249623,0.07293632376371631
4.24,schechter,0,10240513740245.822,0.010240513740245823,63,10,0.15873015873015872,0.02610978341807313,217903032515474.12,60.05472131388289,0.046124256098292224,7202.477419456646,4025009.6781047075,26.742881802546314,0.11083346854597037
4.25,schechter,0,10278139588903.264,0.010278139588903263,96,10,0.10416666666666667,0.02605281233294121,197180811433298.56,38.88263098497016,0.04588705354191895,7194.893952265276,4006052.635690871,26.452164575445753,0.07178679994626706
4.26,schechter,0,10315799338200.701,0.0103157993382007,97,10,0.10309278350515463,0.02599608552219357,206039713455172.3,50.282534582104624,0.04565134460972769,7187.308507788153,3987219.681670151,26.16495671944875,0.07012231469724566
4.27,schechter,0,10353492889887.404,0.010353492889887404,90,10,0.1111111111111111,0.025939614284877455,153725693280169.06,54.9872609187197,0.04541711980725716,7179.721259583499,3968509.7805564064,25.881212811459665,0.07459429750601028
4.28,schechter,0,10391220146186.277,0.010391220146186278,71,10,0.14084507042253522,0.02588342885043282,133639731845135.8,52.538060905224675,0.0451843696682072,7172.132378912898,3949921.907314913,25.600888029487525,0.09332940335480813
4.29,schechter,0,10428981009790.676,0.010428981009790676,60,10,0.16666666666666666,0.025827483431870357,43093323736029.05,19.762168949791814,0.04495308475551311,7164.542034752173,3931455.0472522303,25.32393814525012,0.1090089321460262
4.3,schechter,0,10466775383861.299,0.010466775383861298,59,10,0.1694915254237288,0.02577177819312948,422125196034643.94,48.233919816443155,0.04472325566237682,7156.950393850166,3913108.1958865277,25.050319516873106,0.10942225055184342
4.31,schechter,0,10504603172023.111,0.01050460317202311,63,10,0.15873015873015872,0.02571636346342998,196296139739915.3,59.486084006240205,0.044494873013256726,7149.357620723908,3894880.358826569,24.779989081472547,0.10115098505380547
4.32,schechter,0,10542464278362.193,0.010542464278362194,164,10,0.06097560975609756,0.025661184551323712,164262429872573.56,42.38090892887759,0.044267927464816684,7141.763877692847,3876770.551660913,24.51290434799685,0.038355497705054434
4.33,schechter,0,10580358607422.744,0.010580358607422744,92,10,0.10869565217391304,0.02560624031330372,105780747993781.12,34.36759345808097,0.04404240970683595,7134.169324938025,3858777.7998315697,24.24902339010775,0.06749199133587194
4.34,schechter,0,10618286064203.998,0.010618286064203997,98,10,0.10204081632653061,0.025551566213079413,355142259827648.75,57.761060273629866,0.04381831046308065,7126.574120472294,3840901.138524533,23.988304838918477,0.0625447713705264
4.35,schechter,0,10656246554157.254,0.010656246554157254,55,10,0.18181818181818182,0.025497139157998783,130141673531188.7,50.65859078378652,0.043595620492138186,7118.978420220437,3823139.612554538,23.730707876128907,0.11001184746099572
4.36,schechter,0,10694239983182.89,0.01069423998318289,107,10,0.09345794392523364,0.02544294265352076,211512818078307.03,87.15611564374076,0.04337433058821551,7111.382378001046,3805492.276251821,23.476192226895442,0.05582274883662902
4.37,schechter,0,10732266257627.387,0.010732266257627387,96,10,0.10416666666666667,0.025388988031256,244757532964341.16,72.90236840295543,0.0431544315819022,7103.786145588128,3787958.1933524255,23.22471815304982,0.06142209283511207
4.38,schechter,0,10770325284280.424,0.010770325284280425,128,10,0.078125,0.025335298418610264,122776681394160.75,46.486837291686115,0.042935914340899516,7096.189872711913,3770536.4368874063,22.976246446165334,0.04547734845727596
4.39,schechter,0,10808416970371.951,0.01080841697037195,123,10,0.08130081300813008,0.025281835292980892,393706645669266.44,128.27496029178494,0.04271876977071631,7088.593707096696,3753226.089076467,22.730738420832424,0.04672152722303397
4.3999999999999995,schechter,0,10846541223569.309,0.010846541223569308,100,10,0.1,0.025228597543841658,430805559137135.56,63.568068933554926,0.0425029888153329,7080.997794472113,3736026.2412209357,22.488155907902343,0.05673446349036333
4.41,schechter,0,10884697951974.355,0.010884697951974356,129,10,0.07751937984496124,0.02517561438103033,128439183714460.83,56.8339475874191,0.04228856245783335,7073.402278618643,3718935.9935974055,22.24846124790429,0.043420052786708165
4.42,schechter,0,10922887064120.668,0.010922887064120668,78,10,0.1282051282051282,0.025122870512616968,204546776689871.25,80.78312977059156,0.042075481721007855,7065.80730136398,3701954.455356704,22.011617284397808,0.07089679625759071
4.43,schechter,0,10961108468970.695,0.010961108468970695,84,10,0.11904761904761904,0.02507034803154562,229381122730770.44,37.860245089903046,0.041863737667925324,7058.213002621683,3685080.744418201,21.777587357492287,0.06499663027853803
4.4399999999999995,schechter,0,10999362075912.986,0.010999362075912986,83,10,0.12048192771084337,0.025018045845580206,412374576701234.5,65.15518483981859,0.041653321402477496,7050.619520438696,3668313.9873721073,21.546335297499063,0.06494544629844272
4.45,schechter,0,11037647794759.387,0.011037647794759386,103,10,0.0970873786407767,0.02496600146448613,165120347596948.16,40.4383419967638,0.041444224069895445,7043.02699096031,3651653.319377335,21.317825418363366,0.05167192821500189
4.46,schechter,0,11075965535742.37,0.011075965535742369,114,10,0.08771929824561403,0.0249141804206362,122805642784893.42,29.31432538545339,0.041236436857238865,7035.435548500631,3635097.884063798,21.092022511509622,0.046095653884900965
4.47,schechter,0,11114315209512.225,0.011114315209512225,66,10,0.15151515151515152,0.024862575756911975,403744696491585.1,64.14763121261186,0.04102995099385941,7027.845325560291,3618646.833436934,20.86889183959535,0.07861430368556689
4.4799999999999995,schechter,0,11152696727134.426,0.011152696727134426,152,10,0.06578947368421052,0.024811186399389284,421446684656326.56,88.85938226011011,0.04082475775183858,7020.256452817994,3602299.327779113,20.64839913023168,0.0337046894519188
4.49,schechter,0,11191110000086.912,0.011191110000086912,98,10,0.10204081632653061,0.02476004895496553,389251085650450.56,58.58400668857625,0.04062084844640118,7012.6690591925235,3586054.5355572705,20.430510570011364,0.05161841243759409
4.5,schechter,0,11229554940257.467,0.011229554940257467,114,10,0.08771929824561403,0.024709128271047875,172963991226758.06,26.029415249977205,0.04041821443630461,7005.083271831467,3569911.633328093,20.21519279836509,0.04381577121743564
4.51,schechter,0,11268031459941.031,0.011268031459941031,154,10,0.06493506493506493,0.024658419052180913,151688395101727.28,46.15060605366084,0.04021684712420523,6997.4992161547025,3553869.805647869,20.00241290166739,0.0320277843755886
4.52,schechter,0,11306539471837.156,0.011306539471837157,68,10,0.14705882352941177,0.024607920242752046,125518150908440.55,62.943165951786625,0.04001673795700224,6989.917015861643,3537928.2449801154,19.792138407284284,0.0716240240235237
4.53,schechter,0,11345078889047.37,0.011345078889047368,113,10,0.08849557522123894,0.024557658710722796,269643392121751.1,35.42091784743877,0.03981787842615967,6982.336792955801,3522086.15160432,19.58433727773898,0.04256154610109734
4.54,schechter,0,11383649625072.611,0.011383649625072611,47,10,0.2127659574468085,0.024507616373927843,214229721027454.94,34.21497670567901,0.03962026006800758,6974.75866777901,3506342.7335315645,19.37897790500298,0.10104948004566744
4.55,schechter,0,11422251593810.682,0.011422251593810683,83,10,0.12048192771084337,0.02445778067884785,190099112880609.16,65.00585295983112,0.0394238744640223,6967.182759000551,3490697.2064130404,19.176029104681223,0.056506399293192344
4.56,schechter,0,11460884709553.734,0.011460884709553735,64,10,0.15625,0.024408150588160593,205163567323915.3,42.92698638293905,0.03922871324108732,6959.609183671114,3475148.7934561176,18.97546011048164,0.07236810747754224
4.57,schechter,0,11499548886985.713,0.011499548886985712,105,10,0.09523809523809523,0.024358734752864764,98766744106369.05,17.663575538186915,0.03903476807173469,6952.038057223594,3459696.7253384124,18.77724056858446,0.04356093546675051
4.58,schechter,0,11538244041179.947,0.011538244041179948,101,10,0.09900990099009901,0.024309549198670566,162110781455959.9,52.73293746090094,0.03884203067436807,6944.469493493228,3444340.2401227453,18.581340532131286,0.04472316948941555
4.59,schechter,0,11576970087596.6,0.011576970087596599,68,10,0.14705882352941177,0.024260565554113822,261811915197166.56,52.48230859978425,0.0386504928134673,6936.903604741751,3429078.583176759,18.387730455809393,0.06560246178154987
4.6,schechter,0,11615726942080.258,0.011615726942080257,81,10,0.12345679012345678,0.024211782800122483,242500937412504.34,45.50531607942168,0.038460146299776024,6929.340501679947,3413911.0070874332,18.19638119046308,0.05439096655947237
4.61,schechter,0,11654514520857.518,0.011654514520857518,148,10,0.06756756756756757,0.02416319992120719,123153798221383.84,46.737841368022416,0.03827098299047199,6921.7802934765,3398836.7715838132,18.00726397777213,0.029399535103301396
4.62,schechter,0,11693332740534.53,0.011693332740534529,84,10,0.11904761904761904,0.024114833350499465,368866928004852.06,130.28322610443342,0.038082994789321374,6914.223087782565,3383855.1434541843,17.82035044500135,0.05115890252722696
4.63,schechter,0,11732181518094.637,0.011732181518094636,56,10,0.17857142857142858,0.0240666807271096,212665133978645.22,47.244188207695586,0.03789617364681675,6906.668990748266,3368965.396468138,17.635612599813232,0.07579118890476721
4.64,schechter,0,11771060770896.025,0.011771060770896026,53,10,0.18867924528301888,0.024018724371103084,138520000552413.34,45.58168692496575,0.03771051156030021,6899.118107042833,3354166.8113015178,17.453022825163362,0.0790942159773905
4.6499999999999995,schechter,0,11809970416669.324,0.011809970416669324,101,10,0.09900990099009901,0.023970963285183555,186474267454176.0,49.328917348326414,0.03752600057407135,6891.570539877552,3339458.6754533774,17.272553874218623,0.04099403512477719
4.66,schechter,0,11848910373515.29,0.011848910373515289,123,10,0.08130081300813008,0.02392339647564079,397703815233633.6,59.42293350980562,0.03734263277948092,6884.026391003348,3324840.2831766997,17.09417886534119,0.033248034017973715
4.67,schechter,0,11887880559902.484,0.011887880559902484,78,10,0.1282051282051282,0.023876035354130742,277931345659986.3,59.93602797193985,0.037160400315010805,6876.48576075709,3310310.935399574,16.917871277202593,0.05178611445270796
4.68,schechter,0,11926880894665.027,0.011926880894665027,73,10,0.136986301369863,0.023828884896506475,131392957697843.25,33.768792832025774,0.036979295366340204,6868.948748061589,3295869.9396521407,16.743604943867567,0.05465499109041054
4.6899999999999995,schechter,0,11965911297000.232,0.011965911297000233,73,10,0.136986301369863,0.023781925193908426,68229815294762.23,23.804675781324523,0.03679931016639911,6861.415450425597,3281516.609994206,16.571354049940197,0.05398612361334921
4.7,schechter,0,12004971686466.406,0.012004971686466406,112,10,0.08928571428571429,0.023735155270736663,96706836576446.22,44.94645609744774,0.036620436995409095,6853.885964017896,3267250.26694219,16.401093125942094,0.03475736535303994
4.71,schechter,0,12044061982980.596,0.012044061982980596,101,10,0.09900990099009901,0.023688574154975606,170800926767496.3,23.240870323844824,0.03644266818091213,6846.360383605692,3253070.2373980703,16.232797043427144,0.03807245707979136
4.72,schechter,0,12083182106816.346,0.012083182106816345,136,10,0.07352941176470588,0.02364218087819625,114138132846470.16,24.294096942726867,0.03626599609778732,6838.838802641986,3238975.8545814385,16.066441010527075,0.027929831208805243
4.7299999999999995,schechter,0,12122331978601.486,0.012122331978601486,90,10,0.1111111111111111,0.023595997753776743,130938056270746.7,36.59319490392634,0.03609041316825672,6831.3213132341725,3224966.457955114,15.90200056723407,0.04169150774055684
4.74,schechter,0,12161511519315.998,0.012161511519315998,106,10,0.09433962264150944,0.02355000483035241,385350233088954.4,24.420167891254483,0.03591591186187994,6823.808006191141,3211041.393161196,15.739451580976947,0.03496831705274576
4.75,schechter,0,12200720650289.746,0.012200720650289746,104,10,0.09615384615384616,0.02350419632450862,140981983261611.53,44.32690840286388,0.035742484695538375,6816.298971005971,3197200.011952672,15.578770242077734,0.0352083148330969
4.76,schechter,0,12239959293200.39,0.012239959293200391,119,10,0.08403361344537816,0.023458571285810303,171732694622695.38,47.55478698246256,0.035570124233408995,6808.794295912295,3183441.672123255,15.419933059424197,0.03039744528545593
4.77,schechter,0,12279227370071.27,0.012279227370071269,101,10,0.09900990099009901,0.02341312876740076,196923666200429.28,36.071355970956006,0.03539882308692853,6801.294067864974,3169765.737445429,15.26291685606067,0.035381449278918814
4.78,schechter,0,12318524803269.17,0.01231852480326917,136,10,0.07352941176470588,0.023367867826000865,353493301884225.3,117.82332234717808,0.03522857391474806,6793.7983725694885,3156171.577604061,15.107698764922162,0.025958434403951295
4.79,schechter,0,12357851515502.326,0.012357851515502326,84,10,0.11904761904761904,0.02332280446907853,116110326661145.88,24.105063077240096,0.0350593694226785,6786.307294508115,3142658.568130008,14.954256224611939,0.041520856417514844
4.8,schechter,0,12397207429818.277,0.012397207429818277,96,10,0.10416666666666667,0.023277928386585267,62326768331911.86,23.774495022781636,0.034891202363627125,6778.820916920994,3129226.0903392765,14.8025669751575,0.03589303062347379
4.81,schechter,0,12436592469601.824,0.012436592469601824,75,10,0.13333333333333333,0.023233230558508566,199698259005081.8,69.20639105076496,0.034724065537525745,6771.339321867336,3115873.5312690753,14.652609053980163,0.0453903259246415
4.82,schechter,0,12476006558572.936,0.012476006558572936,133,10,0.07518796992481203,0.023188710059417805,244833613978750.34,22.510594620217965,0.03455795179125056,6763.862590203278,3102600.2836156418,14.504360791739543,0.025288527593747064
4.83,schechter,0,12515449620784.73,0.01251544962078473,66,10,0.15151515151515152,0.023144365967445846,235182750373626.56,26.16157845343583,0.03439285401853435,6756.39080160201,3089405.7456736234,14.357800808329742,0.05034881763570808
4.84,schechter,0,12554921580621.445,0.012554921580621445,80,10,0.125,0.023100197364288366,226910527451998.75,76.76662274975389,0.034228765159870625,6748.924034583974,3076289.321274794,14.212908008942454,0.041040122515880684
4.85,schechter,0,12594422362796.408,0.012594422362796408,128,10,0.078125,0.023056203335202863,276689158793101.84,39.80608718173044,0.034065678202410896,6741.462366524923,3063250.419728769,14.069661580140707,0.02534320142571998
4.86,schechter,0,12633951892350.096,0.012633951892350096,69,10,0.14492753623188406,0.02301239896503604,238142067395251.94,34.3077027019589,0.03390358617985464,6734.005873656717,3050288.455764161,13.928040985968941,0.046451831300071196
4.87,schechter,0,12673510094648.092,0.012673510094648092,107,10,0.09345794392523364,0.022968772485997824,235498745876748.25,66.50490913767017,0.033742482172332715,6726.554631090279,3037402.8494712934,13.788025964165314,0.02959757302821905
4.88,schechter,0,12713096895379.14,0.01271309689537914,63,10,0.15873015873015872,0.022925317370095954,169966337550569.56,49.44865118687004,0.03358235930628393,6719.108712840962,3024593.026241584,13.649596522410338,0.049670052738097624
4.89,schechter,0,12752712220553.227,0.012752712220553226,151,10,0.06622516556291391,0.022882032720243806,210910399849901.1,54.14820535909994,0.03342321075432565,6711.6681918144495,3011858.4167142524,13.512732934575512,0.020476741533037947
4.8999999999999995,schechter,0,12792355996499.607,0.012792355996499607,85,10,0.11764705882352941,0.022838917642895473,278071751422459.1,55.5909303929374,0.03326502973511832,6704.23313984099,2999198.4567176998,13.377415737093807,0.035944199564030506
4.91,schechter,0,12832028149864.908,0.012832028149864907,107,10,0.09345794392523364,0.022795971248044333,166034476375547.9,53.49706979951834,0.033107809513224104,6696.80362769431,2986612.5872155535,13.24362572536489,0.028215075818250307
4.92,schechter,0,12871728607611.2,0.0128717286076112,108,10,0.09259259259259259,0.022753192649220155,169959087994720.97,45.07623263396614,0.032951543398960184,6689.379725081157,2974100.254251155,13.111343950140963,0.02762267914701338
4.93,schechter,0,12911457297014.156,0.012911457297014156,87,10,0.11494252873563218,0.02271058096348777,108367337343616.19,23.12792059953673,0.032796224748246505,6681.961500662626,2961660.908893382,12.980551714027976,0.033884582833583025
4.9399999999999995,schechter,0,12951214145661.107,0.012951214145661107,64,10,0.15625,0.022668147004270445,116337050600287.08,31.883507647997106,0.03264184696244863,6674.549022081149,2949294.0071838005,12.851230568047507,0.045517747453480445
4.95,schechter,0,12990999081449.232,0.012990999081449232,156,10,0.0641025641025641,0.02262588398218357,249368654967950.1,67.42949593736435,0.03248840348821557,6667.142355958071,2936999.0100829303,12.723362308181372,0.018453674323602502
4.96,schechter,0,13030812032583.697,0.013030812032583697,134,10,0.07462686567164178,0.02258378478606582,181077157892649.97,66.13604319069418,0.03233588781731316,6659.7415679045225,2924775.38341962,12.596928972000342,0.02123032334843381
4.97,schechter,0,13070652927575.797,0.013070652927575798,116,10,0.08620689655172414,0.022541848550388655,187133578318600.1,57.23163834669409,0.032184293486452624,6652.346722545581,2912622.597837311,12.47191283534755,0.024236204333452832
4.9799999999999995,schechter,0,13110521695241.188,0.013110521695241188,84,10,0.11904761904761904,0.02250007441313051,131832026125184.75,27.486289937558844,0.03203361407711513,6644.957883519058,2900540.12874541,12.348296409038594,0.0330759033427096
4.99,schechter,0,13150418264698.025,0.013150418264698026,58,10,0.1724137931034483,0.022458461515774353,309911096010256.06,115.91639458362951,0.03188384321537219,6637.575113502079,2888527.4562673313,12.226062435641987,0.04734112977591725
