z,luminosity_function,alpha_intrinsic,L_min_Jy_kpc2,L_min_over_L_star,n_generated,n_detected,detection_rate_10_per_n,N_ratio_detectable_L,mean_detected_L,mean_SNR,SFR_psi,comoving_volume_Mpc3,time_Gyr,nfrb_sfr_base,n_total_population_scaled
0.01,std,-2,10000000000.0,1e-05,11,10,0.9090909090909091,1.0,100000000000000.0,191410313.29885057,0.015366633837018974,0.021547393852966668,137678720.05218962,0.0009117385297591808,0.0008288532088719825
0.02,std,-2,10000000000.0,1e-05,13,10,0.7692307692307693,1.0,100000000000000.0,50534826.93635844,0.015778461234561884,0.08053233333435288,135706863.92550436,0.0034487899137854846,0.0026529153182965268
0.03,std,-2,10000000000.0,1e-05,13,10,0.7692307692307693,1.0,100000000000000.0,12187466.53870875,0.016197006898133106,0.17754644580115744,133769703.76805276,0.007693686945536748,0.00591822072733596
0.04,std,-2,10000000000.0,1e-05,12,10,0.8333333333333334,1.0,100000000000000.0,12817708.579831745,0.0166223021408091,0.3115090556603227,131866423.28089881,0.013656080578217034,0.011380067148514196
0.05,std,-2,10000000000.0,1e-05,10,10,1.0,1.0,100000000000000.0,1281396.6450428807,0.01705437728000787,0.48134308823281996,129996236.70924087,0.021342799374825548,0.021342799374825548
0.060000000000000005,std,-2,10000000000.0,1e-05,15,10,0.6666666666666666,1.0,100000000000000.0,5388572.670515608,0.017493261604641853,0.6859760607032427,128158387.20751494,0.030757907030999315,0.020505271353999543
0.06999999999999999,std,-2,10000000000.0,1e-05,13,10,0.7692307692307693,1.0,100000000000000.0,1751045.3011633344,0.017938983341287663,0.9243410401862262,126352145.30294725,0.04190276470105585,0.032232895923889116
0.08,std,-2,10000000000.0,1e-05,11,10,0.9090909090909091,1.0,100000000000000.0,992556.0644254492,0.018391569619367408,1.1953775675668552,124576807.45144194,0.054776097727110167,0.04979645247919106
0.09,std,-2,10000000000.0,1e-05,18,10,0.5555555555555556,1.0,100000000000000.0,1002766.990338634,0.018851046435337065,1.498032545926343,122831694.67989907,0.06937406637079352,0.03854114798377418
0.09999999999999999,std,-2,10000000000.0,1e-05,10,10,1.0,1.0,100000000000000.0,1551863.6325999866,0.019317438615878545,1.8312610925520443,121116151.30983643,0.08569034015057646,0.08569034015057646
0.11,std,-2,10000000000.0,1e-05,16,10,0.625,1.0,100000000000000.0,705653.8967580763,0.019790769780093035,2.1940273536659856,119429543.75708403,0.10371617539054316,0.06482260961908948
0.12,std,-2,10000000000.0,1e-05,17,10,0.5882352941176471,1.0,100000000000000.0,311167.097293765,0.020271062300694323,2.585305281207969,117771259.40308331,0.1234404955946635,0.072612056232155
0.13,std,-2,10000000000.0,1e-05,10,10,1.0,1.0,100000000000000.0,892672.0219977356,0.02075833726420218,3.004079371106476,116140705.53330435,0.14484997426546917,0.14484997426546917
0.14,std,-2,10000000000.0,1e-05,12,10,0.8333333333333334,1.0,100000000000000.0,556098.2188454748,0.021252614430137,3.4493453626811856,114537308.33873443,0.16792911979812478,0.13994093316510398
0.15000000000000002,std,-2,10000000000.0,1e-05,10,10,1.0,1.0,100000000000000.0,453094.16972553765,0.021753912189218152,3.92011089891433,112960511.97664525,0.19266036208906923,0.19266036208906923
0.16,std,-2,10000000000.0,1e-05,12,10,0.8333333333333334,1.0,100000000000000.0,571786.8838145642,0.02226224752057046,4.415396147501193,111409777.68701176,0.21902414051171915,0.1825201170930993
0.17,std,-2,10000000000.0,1e-05,13,10,0.7692307692307693,1.0,100000000000000.0,531845.9204386144,0.02277763594794393,4.934234382707429,109884582.96125181,0.2469989929239452,0.18999922532611171
0.18000000000000002,std,-2,10000000000.0,1e-05,15,10,0.6666666666666666,1.0,100000000000000.0,91481.67727558543,0.023300091494954225,5.475672528160949,108384420.7601139,0.2765616453844537,0.18437443025630246
0.19,std,-2,10000000000.0,1e-05,13,10,0.7692307692307693,1.0,100000000000000.0,40800.7351492897,0.023829626639352574,6.038771660875682,106908798.77780546,0.30768710227243307,0.23668238636341007
0.2,std,-2,10000000000.0,1e-05,14,10,0.7142857142857143,1.0,100000000000000.0,500417.780999472,0.024366252266335785,6.622607476889571,105457238.74949963,0.3403487365184936,0.24310624037035258
0.21000000000000002,std,-2,10000000000.0,1e-05,13,10,0.7692307692307693,1.0,100000000000000.0,459958.44261866406,0.02490997762090884,7.226270718950622,104029275.79969656,0.37451837966834783,0.2880910612833445
0.22,std,-2,10000000000.0,1e-05,15,10,0.6666666666666666,1.0,100000000000000.0,96389.33969400226,0.025460810259314456,7.848867566885111,102624457.82893437,0.41016641152177047,0.27344427434784696
0.23,std,-2,10000000000.0,1e-05,23,10,0.43478260869565216,1.0,100000000000000.0,111493.65521394133,0.026018755999546127,8.489519991267926,101242344.93655138,0.44726184910068734,0.19446167352203797
0.24000000000000002,std,-2,10000000000.0,1e-05,12,10,0.8333333333333334,1.0,100000000000000.0,115054.18359118179,0.02658381887096318,9.14736607116978,99882508.87732875,0.4857724347205465,0.4048103622671221
0.25,std,-2,10000000000.0,1e-05,11,10,0.9090909090909091,1.0,100000000000000.0,124226.72986141968,0.027156001063028613,9.821560276762469,98544532.5499974,0.5256647229523994,0.4778770208658176
0.26,std,-2,10000000000.0,1e-05,11,10,0.9090909090909091,1.0,100000000000000.0,160629.83253695312,0.02773530287319293,10.511273717709564,97228009.51565525,0.5669041662836667,0.5153674238942424
0.27,std,-2,10000000000.0,1e-05,14,10,0.7142857142857143,1.0,100000000000000.0,80989.9187037738,0.0283217226539493,11.215694358198077,95932543.54423486,0.6094551992948178,0.43532514235344133
0.28,std,-2,10000000000.0,1e-05,11,10,0.9090909090909091,1.0,100000000000000.0,119161.08892280501,0.028915256759088154,11.934027199727998,94657748.18751705,0.6532813211981285,0.5938921101801168
0.29000000000000004,std,-2,10000000000.0,1e-05,10,10,1.0,1.0,100000000000000.0,52453.18311961746,0.029515899489181725,12.665494432578406,93403246.37677355,0.6983451765846604,0.6983451765846604
0.3,std,-2,10000000000.0,1e-05,13,10,0.7692307692307693,1.0,100000000000000.0,66663.48911281071,0.03012364303633178,13.409335557038197,92168670.04385954,0.7446086342519044,0.5727758725014649
0.31,std,-2,10000000000.0,1e-05,11,10,0.9090909090909091,1.0,100000000000000.0,52416.29725519193,0.030738477428216556,14.16480747562761,90953659.76403436,0.7920328640017276,0.7200298763652069
0.32,std,-2,10000000000.0,1e-05,14,10,0.7142857142857143,1.0,100000000000000.0,40139.86178772694,0.03136039047147566,14.931184557195238,89757864.41943079,0.8405784112964427,0.6004131509260305
0.33,std,-2,10000000000.0,1e-05,12,10,0.8333333333333334,1.0,100000000000000.0,12869.273893497524,0.031989367694474906,15.707758674333109,88580940.88171776,0.8902052697014881,0.7418377247512401
0.34,std,-2,10000000000.0,1e-05,13,10,0.7692307692307693,1.0,100000000000000.0,30990.48372713714,0.032625392289495694,16.493839215032892,87422553.71285346,0.9408729510292283,0.7237484238686372
0.35000000000000003,std,-2,10000000000.0,1e-05,13,10,0.7692307692307693,1.0,100000000000000.0,47256.69840659029,0.03326844505439697,17.288753069865674,86282374.8828454,0.9925405531306755,0.7634927331774427
0.36000000000000004,std,-2,10000000000.0,1e-05,16,10,0.625,1.0,100000000000000.0,55344.66432010406,0.03391850433380093,18.091844595873447,85160083.50335014,1.045166825287351,0.6532292658045944
0.37,std,-2,10000000000.0,1e-05,12,10,0.8333333333333334,1.0,100000000000000.0,46871.87860611073,0.03457554595985672,18.902475558244337,84055365.5762477,1.0987102311630244,0.9155918593025203
0.38,std,-2,10000000000.0,1e-05,12,10,0.8333333333333334,1.0,100000000000000.0,35816.27100681432,0.035239543192639965,19.720025051116963,82967913.75619605,1.1531290093003133,0.9609408410835945
0.39,std,-2,10000000000.0,1e-05,13,10,0.7692307692307693,1.0,100000000000000.0,94189.8897313185,0.03591046666024937,20.543889398471627,81897427.12626469,1.20838123113595,0.9295240239507309
0.4,std,-2,10000000000.0,1e-05,13,10,0.7692307692307693,1.0,100000000000000.0,37569.52542778486,0.03658828429866464,21.373482036465525,80843610.98588744,1.2644248565433083,0.9726345050333141
0.41000000000000003,std,-2,10000000000.0,1e-05,14,10,0.7142857142857143,1.0,100000000000000.0,14932.937437878722,0.03727296129143468,22.208233378103575,79806176.65031886,1.3212177868924353,0.9437269906374538
0.42000000000000004,std,-2,10000000000.0,1e-05,12,10,0.8333333333333334,1.0,100000000000000.0,22641.544839488957,0.037964460009266905,23.047590661665467,78784841.26087493,1.3787179156589473,1.1489315963824562
0.43,std,-2,10000000000.0,1e-05,10,10,1.0,1.0,100000000000000.0,26816.318220931793,0.038662739949594106,23.891017783722432,77779327.60525452,1.436883176587342,1.436883176587342
0.44,std,-2,10000000000.0,1e-05,11,10,0.9090909090909091,1.0,100000000000000.0,13607.974483765798,0.03936775767619714,24.73799511795241,76789363.94735558,1.4956715894461352,1.359701444951032
0.45,std,-2,10000000000.0,1e-05,17,10,0.5882352941176471,1.0,100000000000000.0,54423.04850339375,0.04007946675896711,25.58801932073699,75814683.86589663,1.5550413034046016,0.9147301784732951
0.46,std,-2,10000000000.0,1e-05,13,10,0.7692307692307693,1.0,100000000000000.0,55973.346167086755,0.04079781771389325,26.440603124662964,74855026.10136408,1.6149506380798686,1.242269721599899
0.47000000000000003,std,-2,10000000000.0,1e-05,12,10,0.8333333333333334,1.0,100000000000000.0,15071.845940732708,0.04152275794336715,27.295275120800962,73910134.4107027,1.6753581222927398,1.3961317685772832
0.48000000000000004,std,-2,10000000000.0,1e-05,17,10,0.5882352941176471,1.0,100000000000000.0,9679.62568430737,0.04225423167689769,28.151579530772242,72979757.42922702,1.736222530585776,1.0213073709328093
0.49,std,-2,10000000000.0,1e-05,15,10,0.6666666666666666,1.0,100000000000000.0,10827.908543349513,0.042992179912334685,29.009075969597518,72063648.53939462,1.797502917565451,1.1983352783769674
0.5,std,-2,10000000000.0,1e-05,14,10,0.7142857142857143,1.0,100000000000000.0,6814.619227887512,0.04373654035770323,29.86733920007617,71161565.7458431,1.8591586501147817,1.3279704643677013
0.51,std,-2,10000000000.0,1e-05,16,10,0.625,1.0,100000000000000.0,18620.97865900182,0.04448724737375437,30.725958879799872,70273271.55644336,1.9211494375573195,1.2007183984733247
0.52,std,-2,10000000000.0,1e-05,13,10,0.7692307692307693,1.0,100000000000000.0,34540.39241164016,0.04524423191734168,31.584539301326597,69398532.8688438,1.9834353598153387,1.5257195075502605
0.53,std,-2,10000000000.0,1e-05,12,10,0.8333333333333334,1.0,100000000000000.0,10177.666470203952,0.04600742148573693,32.44269912659891,68537120.86228469,2.0459768936509253,1.7049807447091045
0.54,std,-2,10000000000.0,1e-05,15,10,0.6666666666666666,1.0,100000000000000.0,18349.489065968333,0.046776740062001616,33.300071116218675,67688810.89416112,2.1087349370447277,1.4058232913631517
0.55,std,-2,10000000000.0,1e-05,12,10,0.8333333333333334,1.0,100000000000000.0,13962.888050165031,0.04755210806153499,34.15630185434797,66853382.401291125,2.1716708317933424,1.8097256931611188
0.56,std,-2,10000000000.0,1e-05,11,10,0.9090909090909091,1.0,100000000000000.0,20362.357077792916,0.04833344227992233,35.01105146989839,66030618.80524841,2.2347463843846582,2.031587622167871
0.5700000000000001,std,-2,10000000000.0,1e-05,11,10,0.9090909090909091,1.0,100000000000000.0,16082.572929210122,0.049120655842211244,35.86399335478777,65220307.42184981,2.297923885242154,2.089021713856504
0.5800000000000001,std,-2,10000000000.0,1e-05,14,10,0.7142857142857143,1.0,100000000000000.0,9963.896291041612,0.04991365815374634,36.71481387965204,64422239.37422575,2.361166126385712,1.6865472331326514
0.59,std,-2,10000000000.0,1e-05,12,10,0.8333333333333334,1.0,100000000000000.0,10233.960586897414,0.050712354852696435,37.563212108077316,63636209.50946025,2.4244364176191078,2.0203636813492567
0.6,std,-2,10000000000.0,1e-05,14,10,0.7142857142857143,1.0,100000000000000.0,6159.341063256123,0.051516647764411366,38.408899509138166,62862016.318445235,2.4876986012625997,1.7769275723304283
0.61,std,-2,10000000000.0,1e-05,13,10,0.7692307692307693,1.0,100000000000000.0,13306.367278128473,0.05232643485774771,39.251599669858955,62099461.8588071,2.5509170655747737,1.9622438965959799
0.62,std,-2,10000000000.0,1e-05,12,10,0.8333333333333334,1.0,100000000000000.0,24437.46559771464,0.05314161020350689,40.091048006832345,61348351.680681646,2.614056756852415,2.178380630710346
0.63,std,-2,10267452270.899805,1.0267452270899805e-05,14,10,0.7142857142857143,1.0,100000000000000.0,5321.750390857525,0.05396206393512963,40.92699147867155,60608494.75515795,2.6770831903566843,1.9122022788262032
0.64,std,-2,10734240377.464695,1.0734240377464696e-05,14,10,0.7142857142857143,1.0,100000000000000.0,18779.59915958898,0.054787682211795266,41.7591882988808,59879703.405252725,2.739962460080848,1.9571160429148913
0.65,std,-2,11215509843.926586,1.1215509843926587e-05,11,10,0.9090909090909091,1.0,100000000000000.0,10346.147880913713,0.055618347184074164,42.5874076499344,59161793.23922499,2.8026612474505903,2.547873861318718
0.66,std,-2,11711512592.962423,1.1711512592962424e-05,14,10,0.7142857142857143,1.0,100000000000000.0,19863.22810449232,0.056453936962285574,43.41142939903678,58454583.086089864,2.865146829029404,2.0465334493067173
0.67,std,-2,12222501562.989544,1.2222501562989544e-05,10,10,1.0,1.0,100000000000000.0,4253.366236812877,0.05729432558771266,44.23104381539628,57757894.933217816,2.9273870832603386,2.9273870832603386
0.68,std,-2,12748730691.767876,1.2748730691767875e-05,16,10,0.625,1.0,100000000000000.0,10136.783731344582,0.05813938300682973,45.04605129025262,57071553.86587637,2.989350496366274,1.8683440602289212
0.6900000000000001,std,-2,13290454900.446213,1.3290454900446213e-05,14,10,0.7142857142857143,1.0,100000000000000.0,9845.416269257083,0.05898897504869533,45.85626205884046,56395388.00860588,3.051006167396133,2.1792901195686665
0.7000000000000001,std,-2,13847930078.0443,1.38479300780443e-05,13,10,0.7692307692307693,1.0,100000000000000.0,10153.33542252212,0.059842963405668255,46.66149592565194,55729228.46830064,3.112323812546553,2.3940952404204254
0.7100000000000001,std,-2,14421413066.357569,1.4421413066357568e-05,14,10,0.7142857142857143,1.0,100000000000000.0,11692.862124147221,0.06070120561760056,47.46158199242058,55072909.27894104,3.173273768763166,2.2666241205451185
0.72,std,-2,15011161645.275066,1.5011161645275066e-05,15,10,0.6666666666666666,1.0,100000000000000.0,5093.19513099208,0.061563555059664696,48.25635838969181,54426267.3478233,3.2338269967150217,2.155884664476681
0.73,std,-2,15617434518.498804,1.5617434518498805e-05,12,10,0.8333333333333334,1.0,100000000000000.0,5896.24290559405,0.062429860933968816,49.04567201155562,53789142.40325106,3.2939550831548994,2.7449625692957498
0.74,std,-2,16240491299.653147,1.6240491299653145e-05,12,10,0.8333333333333334,1.0,100000000000000.0,13680.114633980731,0.06329996826511489,49.829378254441686,53161376.94359302,3.35363024276238,2.79469186896865
0.75,std,-2,16880592498.776056,1.6880592498776056e-05,15,10,0.6666666666666666,1.0,100000000000000.0,7020.247111330075,0.06417371789985252,50.60734075958718,52542816.187593825,3.412825319477629,2.2752168796517527
0.76,std,-2,17537999509.177807,1.7537999509177808e-05,18,10,0.5555555555555556,1.0,100000000000000.0,6482.294035412987,0.06505094651097904,51.3794311595672,51933308.025967404,3.4715137873933446,1.9286187707740805
0.77,std,-2,18212974594.660976,1.8212974594660977e-05,14,10,0.7142857142857143,1.0,100000000000000.0,10718.706471741907,0.06593148660563516,52.1455288291215,51332702.97407133,3.529669751246158,2.5211926794615414
0.78,std,-2,18905780877.088593,1.8905780877088593e-05,14,10,0.7142857142857143,1.0,100000000000000.0,7933.356986242472,0.06681516653814157,52.90552064011179,50740854.125752576,3.587267946538683,2.5623342475276307
0.79,std,-2,19616682324.291615,1.9616682324291614e-05,15,10,0.6666666666666666,1.0,100000000000000.0,1147.0503204178708,0.0677018105275198,53.65930072093491,50157617.108157024,3.644283739335615,2.42952249289041
0.8,std,-2,20345943738.306107,2.0345943738306106e-05,16,10,0.625,1.0,100000000000000.0,10675.133502580133,0.06859123867983588,54.40677022058815,49582850.03763585,3.700693125789998,2.3129332036187487
0.81,std,-2,21093830743.930035,2.1093830743930033e-05,16,10,0.625,1.0,100000000000000.0,9576.390021768839,0.06948326701550157,55.1478370770744,49016413.47646635,3.756472731390702,2.347795457119189
0.8200000000000001,std,-2,21860609777.590546,2.1860609777590547e-05,11,10,0.9090909090909091,1.0,100000000000000.0,10352.199746602879,0.0703777075016633,55.882415790549075,48458170.39061373,3.811599810005045,3.4650907363682224
0.8300000000000001,std,-2,22646548076.512295,2.2646548076512295e-05,15,10,0.6666666666666666,1.0,100000000000000.0,2487.180107006745,0.0712743680898028,56.610427201196586,47907986.10823188,3.8660522427225157,2.57736816181501
0.8400000000000001,std,-2,23451913668.178055,2.3451913668178055e-05,17,10,0.5882352941176471,1.0,100000000000000.0,6383.977330898504,0.07217305275866856,57.33179827177768,47365728.279101126,3.9198085365376842,2.3057697273751083
0.85,std,-2,24276975360.072956,2.4276975360072957e-05,14,10,0.7142857142857143,1.0,100000000000000.0,8311.062893472099,0.0730735615626498,58.04646187486373,46831266.83476413,3.972847822880523,2.8377484449146593
0.86,std,-2,25122002729.70293,2.512200272970293e-05,14,10,0.7142857142857143,1.0,100000000000000.0,3944.373129739529,0.07397569068569808,58.75435658504057,46304473.94949488,4.025149856048015,2.875107040034296
0.87,std,-2,25987266114.879913,2.5987266114879912e-05,19,10,0.5263157894736842,1.0,100000000000000.0,2064.570764702633,0.07487923250089422,59.45542647560687,45785224.0019454,4.076695011514311,2.145628953428585
0.88,std,-2,26873036604.26517,2.687303660426517e-05,16,10,0.625,1.0,100000000000000.0,1494.250133127377,0.07578397563574907,60.14962092039495,45273393.53755888,4.127464284190583,2.5796651776191144
0.89,std,-2,27779586028.162827,2.7779586028162828e-05,13,10,0.7692307692307693,1.0,100000000000000.0,5752.439248308909,0.07668970504331966,60.83689439995035,44768861.231587745,4.1774392865874015,3.213414835836463
0.9,std,-2,28707186949.555347,2.870718694955535e-05,14,10,0.7142857142857143,1.0,100000000000000.0,3146.1539769744186,0.07759620207921059,61.51720631289568,44271507.85283817,4.2266022469643305,3.019001604974522
0.91,std,-2,29656112655.374752,2.9656112655374753e-05,20,10,0.5,1.0,100000000000000.0,3751.303509481292,0.07850324458452297,62.19052079162526,43781216.22801512,4.2749360074130855,2.1374680037065428
0.92,std,-2,30626637148.00018,3.062663714800018e-05,15,10,0.6666666666666666,1.0,100000000000000.0,6513.056895211181,0.07941060697480082,62.856806522985224,43297871.206686266,4.322424021934971,2.881616014623314
0.93,std,-2,31619035136.976612,3.161903513697661e-05,16,10,0.625,1.0,100000000000000.0,5215.439178750199,0.08031806033501555,63.51603657351737,42821359.6268634,4.3690503544966335,2.730656471560396
0.9400000000000001,std,-2,32633582030.946358,3.263358203094636e-05,15,10,0.6666666666666666,1.0,100000000000000.0,1293.2883243859333,0.08122537252061583,64.1681882192045,42351570.28113079,4.4147996770642655,2.94319978470951
0.9500000000000001,std,-2,33670553929.78677,3.367055392978677e-05,10,10,1.0,1.0,100000000000000.0,6861.932353370357,0.08213230826466011,64.8132427799581,41888393.88338472,4.459657267649292,4.459657267649292
0.9600000000000001,std,-2,34730227616.949066,3.473022761694907e-05,13,10,0.7692307692307693,1.0,100000000000000.0,709.7717374442169,0.0830386292910345,65.45118545855038,41431723.03608367,4.503609008343513,3.464314621802703
0.97,std,-2,35812880551.98897,3.5812880551988965e-05,14,10,0.7142857142857143,1.0,100000000000000.0,9416.8510228013,0.08394409443374791,66.08200518402431,40981452.198053606,4.546641383357714,3.247600988112653
0.98,std,-2,36918790863.28594,3.691879086328594e-05,20,10,0.5,1.0,100000000000000.0,3222.7627140346763,0.08484845976228053,66.70569445940521,40537477.652815565,4.5887414770541834,2.2943707385270917
0.99,std,-2,38048237340.94311,3.804823734094311e-05,12,10,0.8333333333333334,1.0,100000000000000.0,3911.3375018709203,0.08575147871295036,67.32224921402572,40099697.47744613,4.629896972000636,3.858247476667197
1.0,std,-2,39201499429.86269,3.920149942986269e-05,12,10,0.8333333333333334,1.0,100000000000000.0,4985.9626468110355,0.08665290222624604,67.93166865962355,39668011.51188104,4.670096146981044,3.8917467891508704
1.01,std,-2,40378857222.99099,4.037885722299099e-05,12,10,0.8333333333333334,1.0,100000000000000.0,1776.9854672206577,0.08755247889006164,68.53395515135777,39242321.32879002,4.709327875059137,3.9244398958826143
1.02,std,-2,41580591454.72816,4.1580591454728155e-05,18,10,0.5555555555555556,1.0,100000000000000.0,1454.0282867717194,0.08844995508875261,69.12911405220324,38822530.203856505,4.74758162157094,2.637545345317189
1.03,std,-2,42806983494.49578,4.280698349449578e-05,17,10,0.5882352941176471,1.0,100000000000000.0,1305.2795372720807,0.08934507515791797,69.71715360195651,38408543.086599246,4.784847442147397,2.8146161424396454
1.04,std,-2,44058315340.4601,4.40583153404601e-05,23,10,0.43478260869565216,1.0,100000000000000.0,6499.287854044972,0.09023758154479809,70.29808479000982,38000266.571585506,4.821115980690559,2.0961373829089385
1.05,std,-2,45334869613.40165,4.533486961340165e-05,17,10,0.5882352941176471,1.0,100000000000000.0,2258.8392078902457,0.09112721497416236,70.87192123202948,37597608.87017283,4.856378467327822,2.8566932160751897
1.06,std,-2,46636929550.73075,4.663692955073075e-05,17,10,0.5882352941176471,1.0,100000000000000.0,7509.010278438851,0.09201371461954395,71.43867905047992,37200479.78263619,4.890626716320213,2.876839244894243
1.07,std,-2,47964779000.64128,4.796477900064128e-05,17,10,0.5882352941176471,1.0,100000000000000.0,3376.826585003638,0.09289681827966537,71.99837675897523,36808790.67077036,4.923853123931486,2.896384190547933
1.08,std,-2,49318702416.39928,4.9318702416399274e-05,16,10,0.625,1.0,100000000000000.0,2664.1110028822636,0.09377626255988103,72.55103515023323,36422454.43092041,4.956050666233034,3.0975316663956463
1.09,std,-2,50698984850.76221,5.069898485076221e-05,14,10,0.7142857142857143,1.0,100000000000000.0,4326.562429494156,0.09465178305844799,73.0966771876578,36041385.46742419,4.987212896839748,3.5622949263141055
1.1,std,-2,52105911950.52393,5.2105911950523936e-05,15,10,0.6666666666666666,1.0,100000000000000.0,5573.444633292886,0.09552311455742028,73.63532790037378,35665499.66649557,5.0173339445637355,3.3448892963758237
1.11,std,-2,53539769951.18223,5.353976995118223e-05,19,10,0.5263157894736842,1.0,100000000000000.0,2009.441904496048,0.09638999121794681,74.16701428189953,35294714.37049736,5.046408510986242,2.6560044794664432
1.12,std,-2,55000845671.72333,5.5000845671723324e-05,16,10,0.625,1.0,100000000000000.0,1227.1843090313648,0.09725214677973788,74.69176519181549,34928948.352648705,5.074431867904385,3.171519917440241
1.1300000000000001,std,-2,56489426509.52168,5.6489426509521684e-05,17,10,0.5882352941176471,1.0,100000000000000.0,2728.8441824750394,0.09810931476444977,75.20961126116342,34568121.792101,5.101399854687409,3.0008234439337698
1.1400000000000001,std,-2,58005800435.35024,5.800580043535024e-05,17,10,0.5882352941176471,1.0,100000000000000.0,1967.5921544287935,0.09896122868272254,75.72058480065031,34212156.24944995,5.127308875482684,3.016064044401579
1.1500000000000001,std,-2,59550255988.496994,5.955025598849699e-05,17,10,0.5882352941176471,1.0,100000000000000.0,2288.3297110210297,0.09980762224459194,76.2247197122171,33860974.64260373,5.152155896291561,3.0306799389950356
1.1600000000000001,std,-2,61123082271.9845,6.11230822719845e-05,14,10,0.7142857142857143,1.0,100000000000000.0,2385.3037407696493,0.10064822957298275,76.72205140356415,33514501.22304822,5.175938441886522,3.697098887061802
1.17,std,-2,62724568947.89214,6.272456894789214e-05,26,10,0.38461538461538464,1.0,100000000000000.0,3823.187153770565,0.10148278541997709,77.21261670559673,33172661.552509196,5.19865459256072,1.999482535600277
1.18,std,-2,64355006232.77202,6.435500623277202e-05,17,10,0.5882352941176471,1.0,100000000000000.0,2913.6058500780505,0.1023110253855389,77.69645379284157,32835382.47995832,5.22030298069859,3.070766459234465
1.19,std,-2,66014684893.161156,6.601468489316115e-05,14,10,0.7142857142857143,1.0,100000000000000.0,3631.1800981693486,0.10313268613836393,78.17360210667705,32502592.119014297,5.240882787158183,3.743487705112988
1.2,std,-2,67703896241.182724,6.770389624118272e-05,14,10,0.7142857142857143,1.0,100000000000000.0,1128.4706034448202,0.1039475056385125,78.64410228119783,32174219.82570734,5.260393737442054,3.7574240981728955
1.21,std,-2,69422932130.23685,6.942293213023685e-05,15,10,0.6666666666666666,1.0,100000000000000.0,2457.1827469700315,0.1047552233614732,79.10799607185885,31850196.176586464,5.278836097657041,3.5192240651046935
1.22,std,-2,71172084950.7754,7.117208495077541e-05,19,10,0.5263157894736842,1.0,100000000000000.0,983.7658718181617,0.10555558052329424,79.56532628656429,31530452.947203357,5.296210670240084,2.78747930012636
1.23,std,-2,72951647626.1597,7.29516476261597e-05,24,10,0.4166666666666667,1.0,100000000000000.0,3048.783388071157,0.10634832030641155,80.01613671954581,31214923.090939093,5.312518789462348,2.213549495609312
1.24,std,-2,74761913608.59741,7.476191360859741e-05,13,10,0.7692307692307693,1.0,100000000000000.0,2054.125698904714,0.10713318808579403,80.46047208730434,30903540.718176357,5.32776231665859,4.098278705121992
1.25,std,-2,76603176875.15768,7.660317687515768e-05,17,10,0.5882352941176471,1.0,100000000000000.0,763.1067396650199,0.1079099316550206,80.8983779672167,30596241.075822484,5.341943635218442,3.142319785422613
1.26,std,-2,78475731923.86092,7.847573192386091e-05,18,10,0.5555555555555556,1.0,100000000000000.0,3265.910525277001,0.10867830145189603,81.32990073838369,30292960.52715669,5.355065645302797,2.975036469612665
1.27,std,-2,80379873769.84007,8.037987376984008e-05,15,10,0.6666666666666666,1.0,100000000000000.0,977.4495742025483,0.10943805078320944,81.75508752468555,29993636.532022804,5.367131758283514,3.5780878388556756
1.28,std,-2,82315897941.57431,8.231589794157431e-05,21,10,0.47619047619047616,1.0,100000000000000.0,774.4287742044722,0.11018893604823399,82.17398613993905,29698207.62734887,5.378145890893624,2.5610218528064874
1.29,std,-2,84284100477.18796,8.428410047718795e-05,20,10,0.5,1.0,100000000000000.0,1202.0317082602155,0.11093071696056572,82.58664503528946,29406613.407992665,5.388112459094751,2.6940562295473756
1.3,std,-2,86284777920.81886,8.628477792081887e-05,17,10,0.5882352941176471,1.0,100000000000000.0,815.3864370856691,0.11166315676789583,82.99311324861894,29118794.50790167,5.397036371643982,3.1747272774376367
1.31,std,-2,88318227319.04703,8.831822731904703e-05,21,10,0.47619047619047616,1.0,100000000000000.0,1439.0792483199123,0.11238602246931209,83.39344035594925,28834692.581594545,5.4049230233596015,2.573772868266477
1.32,std,-2,90384746217.38855,9.038474621738855e-05,29,10,0.3448275862068966,1.0,100000000000000.0,1671.1001785332835,0.11309908502972522,83.7876764245478,28554250.285959702,5.411778288066498,1.8661304441608615
1.33,std,-2,92484632656.84785,9.248463265684785e-05,27,10,0.37037037037037035,1.0,100000000000000.0,1581.5356726575403,0.11380211959101888,84.17587196832517,28277411.26235228,5.41760851125719,2.0065216708359963
1.34,std,-2,94618185170.52866,9.461818517052866e-05,17,10,0.5882352941176471,1.0,100000000000000.0,2614.1587053368735,0.11449490567952506,84.55807790457155,28004120.11900111,5.422420502410889,3.1896591190652286
1.35,std,-2,96785702780.30168,9.678570278030168e-05,15,10,0.6666666666666666,1.0,100000000000000.0,617.801189674506,0.11517722740943068,84.93434551280723,27734322.413720313,5.42622152702294,3.617481018015293
1.36,std,-2,98987484993.52707,9.898748499352708e-05,17,10,0.5882352941176471,1.0,100000000000000.0,534.1835498087557,0.11584887368172872,85.30472639505571,27467964.636896268,5.429019298298253,3.193540763704855
1.37,std,-2,101223831799.83087,0.00010122383179983087,21,10,0.47619047619047616,1.0,100000000000000.0,1549.6634831843398,0.11650963837833293,85.66927243797618,27204994.194798715,5.430821968551165,2.5861056993100786
1.3800000000000001,std,-2,103495043667.9311,0.00010349504366793111,19,10,0.5263157894736842,1.0,100000000000000.0,1102.0486777742994,0.1171593205509839,86.02803577635339,26945359.393152125,5.431638120273054,2.8587569054068704
1.3900000000000001,std,-2,105801421542.51694,0.00010580142154251694,12,10,0.8333333333333334,1.0,100000000000000.0,1587.0401636959757,0.11779772460458442,86.38106875833064,26689009.4209975,5.431476756904877,4.526230630754065
1.4000000000000001,std,-2,108143266841.17413,0.00010814326684117413,19,10,0.5263157894736842,1.0,100000000000000.0,2660.7603566859166,0.11842466047461185,86.7284239119599,26435894.334847275,5.430347293295915,2.8580775227873234
1.4100000000000001,std,-2,110520881451.35887,0.00011052088145135888,21,10,0.47619047619047616,1.0,100000000000000.0,1656.6666543510935,0.1190399437982678,87.07015391329408,26185965.04308979,5.4282595458628755,2.5848854980299407
1.42,std,-2,112934567727.41823,0.00011293456772741823,18,10,0.5555555555555556,1.0,100000000000000.0,1422.9402685272794,0.1196433960790384,87.40631155580051,25939173.29070372,5.425223722457319,3.014013179142955
1.43,std,-2,115384628487.65326,0.00011538462848765326,16,10,0.625,1.0,100000000000000.0,1298.2671911599014,0.12023484484435139,87.73694972113867,25695471.644191947,5.421250411936059,3.3882815074600368
1.44,std,-2,117871367011.42738,0.00011787136701142739,13,10,0.7692307692307693,1.0,100000000000000.0,553.5975024202902,0.12081412379603326,88.0621213512006,25454813.47682177,5.416350573457594,4.166423518044303
1.45,std,-2,120395087036.31671,0.00012039508703631671,18,10,0.5555555555555556,1.0,100000000000000.0,1533.395142200809,0.12138107295328354,88.38187942146494,25217152.95410143,5.410535525505496,3.005853069725276
1.46,std,-2,122956092755.29887,0.00012295609275529888,20,10,0.5,1.0,100000000000000.0,769.618353247662,0.12193553878790152,88.6962769154568,24982445.019521292,5.403816934645009,2.7019084673225047
1.47,std,-2,125554688813.98705,0.00012555468881398705,15,10,0.6666666666666666,1.0,100000000000000.0,906.1749426424142,0.12247737435151856,89.00536680050762,24750645.38054905,5.3962068040366065,3.5974712026910707
1.48,std,-2,128191180307.89653,0.00012819118030789654,16,10,0.625,1.0,100000000000000.0,1889.2434384248143,0.12300643939460665,89.3092020043961,24521710.494854964,5.3877174616904835,3.3673234135565524
1.49,std,-2,130865872779.75333,0.00013086587277975334,20,10,0.5,1.0,100000000000000.0,1394.8074930621374,0.12352260047705375,89.60783539348898,24295597.556820426,5.378361548526758,2.689180774263379
1.5,std,-2,133579072216.83759,0.0001335790722168376,25,10,0.4,1.0,100000000000000.0,996.7153031725026,0.1240257310701164,89.90131975141388,24072264.484238382,5.368152006179049,2.1472608024716195
1.51,std,-2,136331085048.36322,0.00013633108504836322,24,10,0.4166666666666667,1.0,100000000000000.0,1493.7493567141437,0.12451571164958056,90.1897077591299,23851669.90529175,5.357102064629682,2.232125860262368
1.52,std,-2,139122218142.89316,0.00013912221814289317,16,10,0.625,1.0,100000000000000.0,1685.0981253965354,0.12499242977998155,90.47305197595045,23633773.145745885,5.345225229652918,3.340765768533074
1.53,std,-2,141952778805.7865,0.0001419527788057865,25,10,0.4,1.0,100000000000000.0,1835.2262370522044,0.12545578018975678,90.75140482105923,23418534.21637197,5.33253527006105,2.1330141080244203
1.54,std,-2,144823074776.6798,0.0001448230747766798,17,10,0.5882352941176471,1.0,100000000000000.0,661.381938754524,0.12590566483722512,91.02481855661435,23205913.800602216,5.319046204837268,3.128850708727805
1.55,std,-2,147733414227.0011,0.0001477334142270011,20,10,0.5,1.0,100000000000000.0,1514.5594685098993,0.12634199296731044,91.29334527124287,22995873.24240182,5.304772290099891,2.6523861450499453
1.56,std,-2,150684105757.51517,0.00015068410575751515,16,10,0.625,1.0,100000000000000.0,964.3079289049477,0.12676468115894596,91.55703686439014,22788374.534365553,5.289728005947203,3.306080003717002
1.57,std,-2,153675458395.89658,0.00015367545839589658,23,10,0.43478260869565216,1.0,100000000000000.0,661.5006234582754,0.12717365336312167,91.81594503181742,22583380.306024913,5.273928043216485,2.2930121927028195
1.58,std,-2,156707781594.33685,0.00015670778159433685,22,10,0.45454545454545453,1.0,100000000000000.0,1511.4992357342494,0.1275688409315561,92.07012125148482,22380853.81236754,5.257387290133409,2.389721495515186
1.59,std,-2,159781385227.1769,0.0001597813852271769,22,10,0.45454545454545453,1.0,100000000000000.0,1108.266214607064,0.12795018263599814,92.319616770355,22180758.922575094,5.240120818905137,2.381873099502335
1.6,std,-2,162896579588.57114,0.00016289657958857114,18,10,0.5555555555555556,1.0,100000000000000.0,2208.8115148163643,0.12831762467818383,92.5644825921128,21983060.10894857,5.222143872269751,2.9011910401498615
1.61,std,-2,166053675390.17532,0.00016605367539017534,15,10,0.6666666666666666,1.0,100000000000000.0,865.9106620734316,0.12867112069049735,92.80476946504633,21787722.43604854,5.203471849986517,3.4689812333243446
1.62,std,-2,169252983758.86462,0.00016925298375886462,16,10,0.625,1.0,100000000000000.0,635.6568114315202,0.12901063172740435,93.04052787134124,21594711.550035674,5.184120295355415,3.240075184597134
1.6300000000000001,std,-2,172494816234.47708,0.0001724948162344771,23,10,0.43478260869565216,1.0,100000000000000.0,678.4681767672779,0.1293361262477481,93.27180801616831,21403993.66818979,5.1641048816900765,2.2452629920391636
1.6400000000000001,std,-2,175779484767.58182,0.00017577948476758183,18,10,0.5555555555555556,1.0,100000000000000.0,545.2377722357287,0.12964758008801838,93.49865981820432,21215535.568644308,5.14344139886602,2.857467443814456
1.6500000000000001,std,-2,179107301717.2736,0.00017910730171727358,25,10,0.4,1.0,100000000000000.0,1364.641337087964,0.12994497642672279,93.7211329002147,21029304.58028762,5.122145739876248,2.0488582959504993
1.6600000000000001,std,-2,182478579848.9909,0.0001824785798489909,18,10,0.5555555555555556,1.0,100000000000000.0,492.6186832298499,0.13022830574001035,93.93927658031119,20845268.57286173,5.100233887456611,2.8334632708092284
1.6700000000000002,std,-2,185893632332.3589,0.00018589363233235888,32,10,0.3125,1.0,100000000000000.0,293.7877256854977,0.13049756574871402,94.15313986388544,20663395.94724198,5.077721900797054,1.5867880939990795
1.68,std,-2,189352772739.05563,0.00018935277273905563,14,10,0.7142857142857143,1.0,100000000000000.0,904.5222097234239,0.13075276135699798,94.36277143603472,20483655.625891827,5.054625902347101,3.610447073105072
1.69,std,-2,192856315040.69986,0.00019285631504069987,21,10,0.47619047619047616,1.0,100000000000000.0,193.06829731093785,0.13099390458281196,94.56821965438402,20306017.043500546,5.030962064732077,2.395696221300989
1.7,std,-2,196404573606.76395,0.00019640457360676393,18,10,0.5555555555555556,1.0,100000000000000.0,1008.9715496416344,0.13122101448037002,94.76953254243273,20130450.13778125,5.006746597800805,2.781525887667114
1.71,std,-2,199997863202.5051,0.0001999978632025051,15,10,0.6666666666666666,1.0,100000000000000.0,1262.7495860374333,0.13143411705488842,94.96675778359325,19956925.34045368,4.981995735838247,3.321330490558831
1.72,std,-2,203636498986.9221,0.00020363649898692208,17,10,0.5882352941176471,1.0,100000000000000.0,791.8424719798297,0.13163324516982902,95.15994271515908,19785413.568385925,4.9567257249147,2.915721014655706
1.73,std,-2,207320796510.72983,0.00020732079651072984,14,10,0.7142857142857143,1.0,100000000000000.0,475.8375022264593,0.1318184384469108,95.34913432341085,19615886.214899182,4.930952810454179,3.5221091503244137
1.74,std,-2,211051071714.35553,0.00021105107171435553,17,10,0.5882352941176471,1.0,100000000000000.0,367.94708640656165,0.13198974315916043,95.53437923846175,19448315.141239457,4.904693224966386,2.885113661744933
1.75,std,-2,214827640925.95526,0.00021482764092595525,13,10,0.7692307692307693,1.0,100000000000000.0,1184.750125103643,0.13214721211728916,95.71572372992667,19282672.668198943,4.877963176011633,3.752279366162795
1.76,std,-2,218650820859.45032,0.00021865082085945032,26,10,0.38461538461538464,1.0,100000000000000.0,301.8238668011985,0.13229090454968861,95.89321370271182,19118931.567901675,4.850778834381499,1.8656841670698074
1.77,std,-2,222520928612.5831,0.0002225209286125831,17,10,0.5882352941176471,1.0,100000000000000.0,638.5703305904066,0.13242088597635046,96.06689469355024,18957065.055737577,4.823156322538536,2.837150777963845
1.78,std,-2,226438281664.98975,0.00022643828166498976,30,10,0.3333333333333333,1.0,100000000000000.0,928.8796244830173,0.1325372280770222,96.23681186726611,18797046.782446537,4.795111703278275,1.5983705677594249
1.79,std,-2,230403197876.29477,0.00023040319787629476,24,10,0.4166666666666667,1.0,100000000000000.0,653.6622451136308,0.13264000855391733,96.40301001405078,18638850.826349083,4.766660968691421,1.986108736954759
1.8,std,-2,234415995484.22147,0.00023441599548422147,12,10,0.8333333333333334,1.0,100000000000000.0,980.7315147856864,0.1327293109893057,96.56553354652998,18482451.68572671,4.737820029378383,3.94818335781532
1.81,std,-2,238476993102.72107,0.00023847699310272107,20,10,0.5,1.0,100000000000000.0,711.1693565076997,0.13280522469831382,96.72442649738409,18327824.271332726,4.708604703961894,2.354302351980947
1.82,std,-2,242586509720.11948,0.00024258650972011948,20,10,0.5,1.0,100000000000000.0,660.0254426030574,0.132867844577269,96.87973251732869,18174943.89906127,4.679030708906271,2.3395153544531353
1.83,std,-2,246744864697.28052,0.00024674486469728054,20,10,0.5,1.0,100000000000000.0,289.2294919932007,0.13291727094792347,97.03149487317843,18023786.282729935,4.6491136486289655,2.3245568243144827
1.84,std,-2,250952377765.78577,0.00025095237776578575,29,10,0.3448275862068966,1.0,100000000000000.0,729.1435363715842,0.13295360939789763,97.17975644613838,17874327.527015675,4.618869005931774,1.5927134503213016
1.85,std,-2,255209369026.13452,0.0002552093690261345,21,10,0.47619047619047616,1.0,100000000000000.0,990.8693464752498,0.13297697061768127,97.32455973082345,17726544.12051855,4.588312132777774,2.1849105394179875
1.86,std,-2,259516158945.95377,0.0002595161589459538,17,10,0.5882352941176471,1.0,100000000000000.0,749.2412891704082,0.1329874702345315,97.46594683376472,17580412.92894541,4.557458241360712,2.6808577890357133
1.87,std,-2,263873068358.22867,0.00026387306835822866,25,10,0.4,1.0,100000000000000.0,693.2539649236771,0.13298522864360543,97.60395947285392,17435911.18843124,4.526322395548005,1.8105289582192023
1.8800000000000001,std,-2,268280418459.5498,0.0002682804184595498,25,10,0.4,1.0,100000000000000.0,649.6605280451186,0.13297037083666333,97.73863897662764,17293016.49898085,4.494919502646892,1.797967801058757
1.8900000000000001,std,-2,272738530808.37048,0.0002727385308083705,15,10,0.6666666666666666,1.0,100000000000000.0,620.8925993033096,0.13294302622867502,97.87002628371683,17151706.818034906,4.463264305516198,2.9755095370107982
1.9000000000000001,std,-2,277247727323.28345,0.00027724772732328347,19,10,0.5263157894736842,1.0,100000000000000.0,205.87502736276255,0.13290332848265865,97.9981619429114,17011960.454154097,4.431371375047349,2.332300723709131
1.9100000000000001,std,-2,281808330281.3117,0.0002818083302813117,27,10,0.37037037037037035,1.0,100000000000000.0,521.3097413080716,0.13285141533307546,98.12308611290423,16873756.06082675,4.399255102976868,1.6293537418432844
1.9200000000000002,std,-2,286420662316.2142,0.00028642066231621415,26,10,0.38461538461538464,1.0,100000000000000.0,757.3522749875076,0.13278742840810062,98.2448385624925,16737072.630372385,4.366929695062309,1.6795883442547344
1.93,std,-2,291085046416.80383,0.00029108504641680384,22,10,0.45454545454545453,1.0,100000000000000.0,646.0929485790424,0.13271151305108214,98.36345867100017,16601889.488000676,4.334409164628331,1.9701859839219686
1.94,std,-2,295801805925.2834,0.0002958018059252834,24,10,0.4166666666666667,1.0,100000000000000.0,656.2979932423985,0.1326238181414942,98.47898542869189,16468186.28592861,4.301707326449,1.7923780526870834
1.95,std,-2,300571264535.59076,0.00030057126453559077,20,10,0.5,1.0,100000000000000.0,670.9272497184492,0.13252449591568408,98.5914574374936,16335942.997650843,4.268837791006046,2.134418895503023
1.96,std,-2,305393746291.76074,0.00030539374629176075,17,10,0.5882352941176471,1.0,100000000000000.0,368.88084768069405,0.13241370178770218,98.7009129118154,16205139.912292665,4.235813959095605,2.4916552700562384
1.97,std,-2,310269575586.3026,0.0003102695755863026,22,10,0.45454545454545453,1.0,100000000000000.0,252.06693752987684,0.13229159417049882,98.80738967930574,16075757.62908553,4.202649016786138,1.9102950076300627
1.98,std,-2,315199077158.585,0.000315199077158585,22,10,0.45454545454545453,1.0,100000000000000.0,568.374167814319,0.13215833429775978,98.91092518235016,15947777.051919853,4.169355930749258,1.8951617867042079
1.99,std,-2,320182576093.2383,0.0003201825760932383,20,10,0.5,1.0,100000000000000.0,441.8236992789095,0.1320140860466449,99.01155647878956,15821179.384035045,4.135947443911892,2.067973721955946
2.0,std,-2,325220397818.5689,0.0003252203978185689,23,10,0.43478260869565216,1.0,100000000000000.0,902.4269552426236,0.13185901576168338,99.1093202436948,15695946.122775251,4.102436071486964,1.7836678571682452
2.01,std,-2,330312868104.9869,0.00033031286810498685,33,10,0.30303030303030304,1.0,100000000000000.0,237.27014273305954,0.13169329208006922,99.20425277046274,15572059.054465903,4.068834097320217,1.2329800294909747
2.02,std,-2,335460313063.44403,0.00033546031306344403,15,10,0.6666666666666666,1.0,100000000000000.0,748.9238059647898,0.13151708575859106,99.29638997278475,15449500.249373306,4.035153570604714,2.6901023804031423
2.03,std,-2,340663059143.886,0.00034066305914388597,38,10,0.2631578947368421,1.0,100000000000000.0,1210.3177412505927,0.13133056950241706,99.38576738580228,15328252.056764135,4.001406302893285,1.0530016586561275
2.04,std,-2,345921433133.716,0.000345921433133716,22,10,0.45454545454545453,1.0,100000000000000.0,295.94588350274796,0.13113391779594796,99.47242016831905,15208297.100052891,3.967603865478001,1.8034563024900003
2.05,std,-2,351235762156.2709,0.00035123576215627086,17,10,0.5882352941176471,1.0,100000000000000.0,439.0055807305528,0.13092730673593825,99.55638310447357,15089618.27204791,3.9337575870686234,2.3139750512168376
2.0599999999999996,std,-2,356606373669.3085,0.0003566063736693085,17,10,0.5882352941176471,1.0,100000000000000.0,532.3594496551799,0.1307109138670736,99.63769060563811,14972198.730271557,3.899878551789573,2.294046206935043
2.07,std,-2,362033595463.50726,0.0003620335954635073,19,10,0.5263157894736842,1.0,100000000000000.0,509.01086245672104,0.1304849180201844,99.71637671248898,14856021.89238433,3.8659775974945956,2.034725051312945
2.0799999999999996,std,-2,367517755660.97626,0.00036751775566097627,17,10,0.5882352941176471,1.0,100000000000000.0,760.1050947919493,0.1302494991532604,99.79247509711665,14741071.431683572,3.8320653143796872,2.254156067282169
2.09,std,-2,373059182713.77795,0.00037305918271377794,32,10,0.3125,1.0,100000000000000.0,133.47810185009467,0.13000483819542183,99.86601906527507,14627331.272682121,3.7981520438926757,1.1869225137164612
2.0999999999999996,std,-2,378658205402.46063,0.00037865820540246064,28,10,0.35714285714285715,1.0,100000000000000.0,270.93637781076274,0.12975111689399202,99.93704155839232,14514785.586787315,3.764247877923245,1.3443742421154445
2.11,std,-2,384315152834.6038,0.00038431515283460384,22,10,0.45454545454545453,1.0,100000000000000.0,266.3137710758613,0.12948851766480282,100.00557515615051,14403418.788036415,3.730362658285389,1.695619390129722
2.1199999999999997,std,-2,390030354443.3716,0.0003900303544433716,33,10,0.30303030303030304,1.0,100000000000000.0,735.7823771419555,0.1292172234458553,100.07165207863062,14293215.5289337,3.6965059764579626,1.1201533261993826
2.13,std,-2,395804139986.08044,0.00039580413998608043,30,10,0.3333333333333333,1.0,100000000000000.0,731.9906928418037,0.12893741755444604,100.13530418889246,14184160.69634576,3.6626871735971918,1.2208957245323973
2.1399999999999997,std,-2,401636839542.77454,0.0004016368395427745,21,10,0.47619047619047616,1.0,100000000000000.0,312.77522865199614,0.12864928354785926,100.19656299525366,14076239.407488255,3.6289153407939847,1.7280549241876118
2.15,std,-2,407528783514.8117,0.0004075287835148117,23,10,0.43478260869565216,1.0,100000000000000.0,963.4733390608299,0.12835300508771263,100.25545965401872,13969437.005973084,3.595199319587494,1.5631301389510843
2.1599999999999997,std,-2,413480302623.46423,0.00041348030262346424,20,10,0.5,1.0,100000000000000.0,595.8956930974031,0.12804876580803742,100.31202497188494,13863739.057946578,3.5615477027059406,1.7807738513529703
2.17,std,-2,419491727908.52057,0.0004194917279085206,27,10,0.37037037037037035,1.0,100000000000000.0,361.57647307924793,0.12773674918715994,100.36628940865134,13759131.34827611,3.5279688350380285,1.3066551240881585
2.1799999999999997,std,-2,425563390726.90894,0.00042556339072690895,22,10,0.45454545454545453,1.0,100000000000000.0,206.6848390108173,0.1274171384234439,100.41828307965454,13655599.876833957,3.4944708148181727,1.588395824917351
2.19,std,-2,431695622751.3212,0.0004316956227513212,23,10,0.43478260869565216,1.0,100000000000000.0,398.07703992016724,0.12709011631494216,100.46803575880834,13553130.854817575,3.461061495032125,1.5048093456661413
2.1999999999999997,std,-2,437888755968.849,0.000437888755968849,27,10,0.37037037037037035,1.0,100000000000000.0,540.9812926425717,0.12675586514299808,100.51557688090266,13451710.70117912,3.427748485005685,1.2695364759280314
2.21,std,-2,444143122679.6358,0.0004441431226796358,26,10,0.38461538461538464,1.0,100000000000000.0,243.1826800830973,0.12641456655982633,100.56093554459856,13351326.039074074,3.394539152194957,1.3055919816134451
2.2199999999999998,std,-2,450459055495.52747,0.00045045905549552745,24,10,0.4166666666666667,1.0,100000000000000.0,388.89930999396455,0.1260664014800965,100.60414051510996,13251963.692418212,3.3614406241568964,1.4006002600653735
2.23,std,-2,456836887338.74335,0.00045683688733874335,25,10,0.4,1.0,100000000000000.0,324.3428986380472,0.1257115499765309,100.64522022696984,13153610.682476113,3.32845979068568,1.3313839162742722
2.2399999999999998,std,-2,463276951440.54834,0.00046327695144054835,22,10,0.45454545454545453,1.0,100000000000000.0,420.3221253385115,0.12535019117952442,100.68420278682888,13056254.22453316,3.2956033061176346,1.498001502780743
2.25,std,-2,469779581339.9403,0.0004697795813399403,22,10,0.45454545454545453,1.0,100000000000000.0,747.058747089899,0.12498250318078254,100.72111597638077,12959881.724614153,3.2628775917896764,1.4831261780862166
2.26,std,-2,476345110882.34033,0.00047634511088234034,29,10,0.3448275862068966,1.0,100000000000000.0,410.87868051108853,0.12460866294096873,100.75598725496937,12864480.776277887,3.230288838635623,1.1138927029778012
2.27,std,-2,482973874218.3007,0.0004829738742183007,27,10,0.37037037037037035,1.0,100000000000000.0,453.23916584093683,0.12422884620134438,100.78884376278249,12770039.157449897,3.1978430099318578,1.184386299974762
2.28,std,-2,489666205802.2118,0.0004896662058022118,28,10,0.35714285714285715,1.0,100000000000000.0,736.021113292523,0.12384322739937846,100.81971232337456,12676544.827336488,3.1655458441540283,1.1305520871978674
2.29,std,-2,496422440391.0267,0.0004964224403910266,23,10,0.43478260869565216,1.0,100000000000000.0,308.0089860854897,0.12345197958829715,100.84861944676344,12583985.923375618,3.133402857965631,1.362349068680709
2.3,std,-2,503242913042.9879,0.0005032429130429879,42,10,0.23809523809523808,1.0,100000000000000.0,170.2151111537852,0.12305527436053831,100.8755913321296,12492350.758259717,3.101419349308042,0.7384331784066767
2.31,std,-2,510127959116.3673,0.0005101279591163674,26,10,0.38461538461538464,1.0,100000000000000.0,300.99326721990167,0.12265328177506969,100.90065387107944,12401627.816991834,3.0696004006045814,1.1806155386940698
2.32,std,-2,517077914268.21313,0.0005170779142682131,19,10,0.5263157894736842,1.0,100000000000000.0,178.5206870151597,0.12224617028852493,100.92383264998158,12311805.754026573,3.0379508820375265,1.598921516861856
2.3299999999999996,std,-2,524093114453.10425,0.0005240931144531042,15,10,0.6666666666666666,1.0,100000000000000.0,477.3144760588484,0.12183410669010708,100.94515295332712,12222873.3904306,3.006475454934476,2.0043169699563173
2.34,std,-2,531173895921.9132,0.0005311738959219132,24,10,0.4166666666666667,1.0,100000000000000.0,132.89094732383404,0.12141725604020252,100.96463976648846,12134819.711121293,2.9751785752209585,1.2396577396753994
2.3499999999999996,std,-2,538320595220.5802,0.0005383205952205802,25,10,0.4,1.0,100000000000000.0,293.18379740965486,0.12099578161264772,100.98231777845817,12047633.862132035,2.9440644969377066,1.1776257987750827
2.36,std,-2,545533549188.8918,0.0005455335491888918,13,10,0.7692307692307693,1.0,100000000000000.0,266.90858381634206,0.12056984484058411,100.99821138505276,11961305.147949908,2.913137275840823,2.240874827569864
2.3699999999999997,std,-2,552813094959.2697,0.0005528130949592697,26,10,0.38461538461538464,1.0,100000000000000.0,358.4032085455621,0.12013960526583477,101.01234469148748,11875823.028886234,2.8824007730360877,1.1086156819369568
2.38,std,-2,560159569955.5677,0.0005601595699555677,25,10,0.4,1.0,100000000000000.0,318.3154620760588,0.11970522049173256,101.02474151556517,11791177.118503083,2.851858658682912,1.140743463473165
2.3899999999999997,std,-2,567573311891.874,0.000567573311891874,28,10,0.35714285714285715,1.0,100000000000000.0,452.3041778883777,0.1192668461393275,101.03542539034055,11707357.181081956,2.8215144157250918,1.0076837199018185
2.4,std,-2,575054658771.3258,0.0005750546587713258,27,10,0.37037037037037035,1.0,100000000000000.0,174.95560937937685,0.11882463580689664,101.04441956708038,11624353.129135568,2.791371343666146,1.0338412383948687
2.4099999999999997,std,-2,582603948884.9279,0.0005826039488849279,28,10,0.35714285714285715,1.0,100000000000000.0,393.9668042837962,0.11837874103268001,101.05174701820617,11542155.020976886,2.7614325623775513,0.9862259151348398
2.42,std,-2,590221520810.3806,0.0005902215208103806,19,10,0.5263157894736842,1.0,100000000000000.0,504.6552072171905,0.11792931126076286,101.05743043998089,11460753.05831884,2.731701015921291,1.4377373768006794
2.4299999999999997,std,-2,597907713410.9167,0.0005979077134109168,26,10,0.38461538461538464,1.0,100000000000000.0,237.08610361851407,0.1174764938100209,101.06149225561332,11380137.583922423,2.7021794764039857,1.0392997986169177
2.44,std,-2,605662865834.1426,0.0006056628658341425,20,10,0.5,1.0,100000000000000.0,597.0725942409365,0.11702043384604897,101.06395461793218,11300299.079290532,2.6728705478334516,1.3364352739167258
2.4499999999999997,std,-2,613487317510.8881,0.000613487317510888,19,10,0.5263157894736842,1.0,100000000000000.0,199.98663053877388,0.11656127435598546,101.06483941219983,11221228.162397789,2.6437766699859844,1.3914614052557812
2.46,std,-2,621381408154.0675,0.0006213814081540675,23,10,0.43478260869565216,1.0,100000000000000.0,410.4886235073697,0.11609915612615085,101.06416825904735,11142915.58546343,2.6149001222805377,1.136913096643712
2.4699999999999998,std,-2,629345477757.5415,0.0006293454777575415,18,10,0.5555555555555556,1.0,100000000000000.0,281.63189392931827,0.11563421772241134,101.06196251720112,11065352.232765501,2.5862430276459856,1.4368016820255476
2.48,std,-2,637379866594.9929,0.0006373798665949929,22,10,0.45454545454545453,1.0,100000000000000.0,301.00927528049505,0.11516659547318477,101.05824328642308,10988529.118494129,2.5578073563877015,1.1626397074489552
2.4899999999999998,std,-2,645484915218.8026,0.0006454849152188026,32,10,0.3125,1.0,100000000000000.0,319.0049296578855,0.11469642345499854,101.05303141002335,10912437.38464076,2.5295949300319944,0.7904984156349982
2.5,std,-2,653660964458.9409,0.0006536609644589409,21,10,0.47619047619047616,1.0,100000000000000.0,206.47779203496026,0.11422383348051643,101.04634747789757,10837068.298925612,2.501607425169433,1.1912416310330631
2.51,std,-2,661908355421.8585,0.0006619083554218585,33,10,0.30303030303030304,1.0,100000000000000.0,274.0990933357797,0.11374895508894493,101.03821182916131,10762413.25276639,2.473846377270222,0.7496504173546128
2.52,std,-2,670227429489.3881,0.0006702274294893881,23,10,0.43478260869565216,1.0,100000000000000.0,417.4510391555685,0.11327191553873434,101.0286445548915,10688463.759278566,2.4463131844789623,1.0636144280343314
2.53,std,-2,678618528317.6545,0.0006786185283176546,22,10,0.45454545454545453,1.0,100000000000000.0,348.610065965113,0.112792839802488,101.01766550084052,10615211.451314276,2.4190091113836645,1.0995495960834838
2.54,std,-2,687081993835.9849,0.0006870819938359848,16,10,0.625,1.0,100000000000000.0,172.3396805452026,0.11231185056399447,101.0052942701751,10542648.079530537,2.39193529275501,1.4949595579718813
2.55,std,-2,695618168245.8363,0.0006956181682458363,23,10,0.43478260869565216,1.0,100000000000000.0,466.34182374285183,0.11182906821729809,100.99155022615805,10470765.510502744,2.3650927372546007,1.028301190110696
2.56,std,-2,704227394019.7202,0.0007042273940197203,26,10,0.38461538461538464,1.0,100000000000000.0,495.9877271836998,0.1113446108677235,100.97645249478285,10399555.724859066,2.338482331104198,0.8994162811939223
2.57,std,-2,712910013900.1376,0.0007129100139001375,38,10,0.2631578947368421,1.0,100000000000000.0,291.4949730611702,0.11085859433477233,100.96001996739818,10329010.815461004,2.312104841720079,0.6084486425579155
2.5799999999999996,std,-2,721666370898.5243,0.0007216663708985243,23,10,0.43478260869565216,1.0,100000000000000.0,307.89408417316776,0.11037113215680884,100.94227130346678,10259122.985599501,2.285960921306471,0.9938960527419438
2.59,std,-2,730496808294.1973,0.0007304968082941973,21,10,0.47619047619047616,1.0,100000000000000.0,245.70885481467855,0.10988233559745512,100.92322493311293,10189884.547240347,2.2600511104054934,1.0762148144788064
2.5999999999999996,std,-2,739401669633.3076,0.0007394016696333077,21,10,0.47619047619047616,1.0,100000000000000.0,347.0308689921933,0.109392313653616,100.90289905962281,10121287.9192909,2.2343758413992787,1.0639884959044184
2.61,std,-2,748381298727.8063,0.0007483812987278063,33,10,0.30303030303030304,1.0,100000000000000.0,377.5386794942375,0.108901173065055,100.88131166204919,10053325.625898778,2.2089354419681912,0.6693743763539973
2.6199999999999997,std,-2,757436039654.4062,0.0007574360396544063,33,10,0.30303030303030304,1.0,100000000000000.0,342.2683634861188,0.1084090183254463,100.85848049803485,9985990.294780755,2.183730138505361,0.6617364056076852
2.63,std,-2,766566236753.5648,0.0007665662367535648,17,10,0.5882352941176471,1.0,100000000000000.0,270.8913230916466,0.10791595169482557,100.8344231058283,9919274.6555814,2.1587600594634986,1.2698588585079404
2.6399999999999997,std,-2,775772234628.4551,0.0007757722346284551,20,10,0.5,1.0,100000000000000.0,159.48685276184727,0.10742207321336858,100.80915680734816,9853171.53826193,2.1340252386734035,1.0670126193367018
2.65,std,-2,785054378143.9597,0.0007850543781439597,33,10,0.30303030303030304,1.0,100000000000000.0,137.04715134018198,0.10692748071642302,100.78269871029094,9787673.871516135,2.1095256185884232,0.6392501874510373
2.6599999999999997,std,-2,794413012425.6611,0.0007944130124256611,18,10,0.5555555555555556,1.0,100000000000000.0,190.04384416953454,0.10643226985072582,100.75506571067598,9722774.681209411,2.085261053483414,1.1584783630463413
2.67,std,-2,803848482858.8401,0.0008038484828588401,24,10,0.4166666666666667,1.0,100000000000000.0,211.06305266098207,0.10593653409173551,100.72627449550487,9658467.088857314,2.061231312603382,0.8588463802514092
2.6799999999999997,std,-2,813361135087.4802,0.0008133611350874802,19,10,0.5263157894736842,1.0,100000000000000.0,389.0837907761545,0.10544036476201399,100.69634154491385,9594744.310116976,2.037436083242468,1.0723347806539305
2.69,std,-2,822951315013.2845,0.0008229513150132846,24,10,0.4166666666666667,1.0,100000000000000.0,228.2228029048997,0.1049438510505919,100.66528313474117,9531599.653310519,2.0138749737759416,0.8391145724066423
2.6999999999999997,std,-2,832619368794.6832,0.0008326193687946832,29,10,0.3448275862068966,1.0,100000000000000.0,219.86791504311174,0.10444708003325524,100.63311533893304,9469026.51798176,1.9905475166327826,0.6863956953906147
2.71,std,-2,842365642845.8691,0.0008423656428458692,32,10,0.3125,1.0,100000000000000.0,278.5757454311035,0.10395013669369071,100.59985403171578,9407018.393461363,1.967453171201904,0.614829116000595
2.7199999999999998,std,-2,852190483835.8136,0.0008521904838358136,29,10,0.3448275862068966,1.0,100000000000000.0,221.97946394594965,0.10345310394543139,100.56551489023043,9345568.857473286,1.9445913266924584,0.6705487333422271
2.73,std,-2,862094238687.3105,0.0008620942386873106,57,10,0.17543859649122806,1.0,100000000000000.0,158.8638818293379,0.10295606265454338,100.53011339656084,9284671.574754989,1.921961304920916,0.33718619384577475
2.7399999999999998,std,-2,872077254576.0153,0.0008720772545760153,28,10,0.35714285714285715,1.0,100000000000000.0,415.4282619101944,0.10245909166299956,100.49366484029109,9224320.295706078,1.8995623630502794,0.6784151296608141
2.75,std,-2,882139878929.4884,0.0008821398789294884,30,10,0.3333333333333333,1.0,100000000000000.0,203.76555101931712,0.10196226781268383,100.45618432058832,9164508.855059594,1.8773936962604938,0.6257978987534979
2.76,std,-2,892282459426.2487,0.0008922824594262487,39,10,0.2564102564102564,1.0,100000000000000.0,132.6283991463577,0.10146566596997589,100.41768674856633,9105231.170576822,1.855454440364949,0.4757575488115254
2.77,std,-2,902505343994.8344,0.0009025053439948343,31,10,0.3225806451612903,1.0,100000000000000.0,157.77945312693933,0.10096935905086413,100.37818684948766,9046481.241760328,1.8337436743635285,0.591530217536622
2.78,std,-2,912808880812.8615,0.0009128088808128614,26,10,0.38461538461538464,1.0,100000000000000.0,182.5638104096251,0.1004734180465394,100.33769916491842,8988253.148596747,1.8122604229370392,0.697023239591169
2.79,std,-2,923193418306.0956,0.0009231934183060956,31,10,0.3225806451612903,1.0,100000000000000.0,188.4011128744124,0.09997791204942123,100.29623805511677,8930541.050315544,1.7910036588854883,0.5777431157695123
2.8,std,-2,933659305147.5243,0.0009336593051475243,26,10,0.38461538461538464,1.0,100000000000000.0,229.22683330655582,0.09948290827957305,100.25381770088458,8873339.184167327,1.769972305497338,0.6807585790374377
2.81,std,-2,944206890256.4415,0.0009442068902564415,21,10,0.47619047619047616,1.0,100000000000000.0,225.39227851677842,0.09898847211146117,100.21045210604534,8816641.86423281,1.7491652388733518,0.8329358280349294
2.82,std,-2,954836522797.5255,0.0009548365227975255,27,10,0.37037037037037035,1.0,100000000000000.0,234.19523871052706,0.09849466710101733,100.16615509939025,8760443.480241075,1.7285812901803141,0.6402152926593756
2.8299999999999996,std,-2,965548552179.938,0.0009655485521799379,17,10,0.5882352941176471,1.0,100000000000000.0,218.1531860447667,0.09800155501296365,100.12094033666902,8704738.496411402,1.7082192478485403,1.004834851675612
2.84,std,-2,976343328056.412,0.000976343328056412,26,10,0.38461538461538464,1.0,100000000000000.0,293.61411842144247,0.09750919584836228,100.0748213030082,8649521.450322606,1.6880778597208521,0.6492607152772508
2.8499999999999996,std,-2,987221200322.3596,0.0009872212003223595,22,10,0.45454545454545453,1.0,100000000000000.0,212.66835657521665,0.097017647872353,100.02781131465593,8594786.951786837,1.6681558351301125,0.7582526523318692
2.86,std,-2,998182519114.9749,0.0009981825191149748,27,10,0.37037037037037035,1.0,100000000000000.0,176.26241875993952,0.09652696764204288,99.97992352116654,8540529.681758447,1.6484518469312128,0.6105377210856343
2.8699999999999997,std,-2,1009227634812.3447,0.0010092276348123447,40,10,0.25,1.0,100000000000000.0,138.8629331837817,0.09603721003451575,99.93117090739395,8486744.391249523,1.6289645334717424,0.4072411333679356
2.88,std,-2,1020356898032.5728,0.0010203568980325728,26,10,0.38461538461538464,1.0,100000000000000.0,386.145737981901,0.0955484282749277,99.88156629548493,8433425.9002663,1.6096925005081493,0.6191125001954421
2.8899999999999997,std,-2,1031570659632.888,0.001031570659632888,23,10,0.43478260869565216,1.0,100000000000000.0,272.19113025510734,0.09506067396466021,99.83112234687236,8380569.09677265,1.590634323069314,0.6915801404649191
2.9,std,-2,1042869270708.7898,0.0010428692707087899,33,10,0.30303030303030304,1.0,100000000000000.0,263.3303779326092,0.09457399710949974,99.77985156416666,8328168.935656688,1.5717885472620716,0.47629955977638533
2.9099999999999997,std,-2,1054253082593.1617,0.0010542530825931617,18,10,0.5555555555555556,1.0,100000000000000.0,399.01036391524264,0.0940884461478178,99.72776629313418,8276220.437724468,1.5531536920271791,0.8628631622373217
2.92,std,-2,1065722446855.4252,0.0010657224468554251,35,10,0.2857142857142857,1.0,100000000000000.0,158.4018358202647,0.09360406797872392,99.67487872467804,8224718.688710108,1.5347282508430442,0.4384937859551555
2.9299999999999997,std,-2,1077277715300.6667,0.0010772777153006668,31,10,0.3225806451612903,1.0,100000000000000.0,225.44327464648086,0.09312090799016796,99.62120089655556,8173658.8382961275,1.5165106933728942,0.4891969978622239
2.94,std,-2,1088919239968.7958,0.0010889192399687957,21,10,0.47619047619047616,1.0,100000000000000.0,225.7788015243188,0.09263901008696694,99.56674469536911,8123036.099160874,1.4984994670677683,0.7135711747941753
2.9499999999999997,std,-2,1100647373133.693,0.0011006473731336932,18,10,0.5555555555555556,1.0,100000000000000.0,46.5477325029806,0.09215841671873516,99.51152185848474,8072845.746031287,1.480692998716704,0.82260722150928
2.96,std,-2,1112462467302.3677,0.0011124624673023676,35,10,0.2857142857142857,1.0,100000000000000.0,309.07304330097566,0.09167916890769558,99.4555439756354,8023083.114753859,1.4630896959439186,0.4180256274125481
2.9699999999999998,std,-2,1124364875214.1143,0.0011243648752141142,12,10,0.8333333333333334,1.0,100000000000000.0,133.85339463677664,0.0912013062763538,99.3988224910011,7973743.601392691,1.4456879486674106,1.204739957222842
2.98,std,-2,1136354949839.6897,0.0011363549498396898,36,10,0.2777777777777778,1.0,100000000000000.0,211.05680108659732,0.09072486707501438,99.34136870466796,7924822.661321773,1.428486130497516,0.3968017029159767
2.9899999999999998,std,-2,1148433044380.4714,0.0011484330443804714,33,10,0.30303030303030304,1.0,100000000000000.0,77.05384858098459,0.09024988820912404,99.28319377481279,7876315.808353685,1.4114826001039562,0.4277220000315019
3.0,std,-2,1160599512267.6465,0.0011605995122676465,37,10,0.2702702702702703,1.0,100000000000000.0,227.8624093982765,0.0897764052664229,99.2243087189856,7828218.613865179,1.3946757025213727,0.3769393790598305
3.01,std,-2,1172854707161.3801,0.00117285470716138,27,10,0.37037037037037035,1.0,100000000000000.0,225.61371184670617,0.08930445254389056,99.16472441632658,7780526.705950752,1.3780637704264993,0.5103939890468515
3.02,std,-2,1185198982950.0068,0.001185198982950007,47,10,0.2127659574468085,1.0,100000000000000.0,146.80855960897424,0.08883406307447111,99.10445160878895,7733235.768582869,1.3616451253565016,0.28971172879925566
3.03,std,-2,1197632693749.2231,0.0011976326937492231,29,10,0.3448275862068966,1.0,100000000000000.0,98.98639656566067,0.08836526865356453,99.04350090321418,7686341.540784624,1.3454180788966832,0.4639372685850632
3.04,std,-2,1210156193901.2751,0.0012101561939012752,34,10,0.29411764705882354,1.0,100000000000000.0,122.17175889927361,0.08789809986527143,98.98188277272892,7639839.815826388,1.3293809338190365,0.39099439229971666
3.05,std,-2,1222769837974.1594,0.0012227698379741593,27,10,0.37037037037037035,1.0,100000000000000.0,252.46754745463923,0.08743258610838046,98.91960755865865,7593726.440420668,1.3135319851846623,0.4864933278461712
3.06,std,-2,1235473980760.83,0.0012354739807608301,40,10,0.25,1.0,100000000000000.0,210.82542531354926,0.08696875562208634,98.85668547183259,7547997.313944066,1.2978695214007305,0.32446738035018263
3.07,std,-2,1248268977278.4011,0.001248268977278401,26,10,0.38461538461538464,1.0,100000000000000.0,198.0953076941015,0.08650663551143015,98.793126594567,7502648.387664568,1.2823918252464768,0.4932276250947988
3.08,std,-2,1261155182767.3625,0.0012611551827673626,24,10,0.4166666666666667,1.0,100000000000000.0,104.97976567664827,0.08604625177245216,98.7289408818657,7457675.663981256,1.267097174850959,0.5279571561878996
3.09,std,-2,1274132952690.7961,0.0012741329526907961,46,10,0.21739130434782608,1.0,100000000000000.0,225.02294357601355,0.08558762931704852,98.66413816333375,7413075.195680463,1.2519838446439682,0.2721704010095583
3.0999999999999996,std,-2,1287202642733.5957,0.0012872026427335956,29,10,0.3448275862068966,1.0,100000000000000.0,133.66459733652238,0.08513079199752545,98.59872814448981,7368843.085202581,1.2370501062628214,0.42656900215959365
3.11,std,-2,1300364608801.693,0.0013003646088016931,31,10,0.3225806451612903,1.0,100000000000000.0,190.74273923574913,0.08467576263084305,98.53272040859538,7324975.48391775,1.2222942294301227,0.3942884611064912
3.1199999999999997,std,-2,1313619207021.2852,0.0013136192070212851,28,10,0.35714285714285715,1.0,100000000000000.0,133.00347214945964,0.08422256302254322,98.46612441765396,7281468.591418872,1.2077144827878088,0.431326600995646
3.13,std,-2,1326966793738.0725,0.0013269667937380726,28,10,0.35714285714285715,1.0,100000000000000.0,113.86519664142813,0.08377121399035611,98.39894951456331,7238318.654820386,1.1933091347112887,0.42618183382546027
3.1399999999999997,std,-2,1340407725516.4917,0.0013404077255164918,19,10,0.5263157894736842,1.0,100000000000000.0,186.23745420519768,0.08332173538748046,98.33120492416442,7195521.968076602,1.1790764540787009,0.6205665547782636
3.15,std,-2,1353942359138.9653,0.0013539423591389654,18,10,0.5555555555555556,1.0,100000000000000.0,136.80654153303723,0.08287414612553251,98.26289975464822,7153074.871296239,1.1650147110106792,0.6472303950059329
3.1599999999999997,std,-2,1367571051605.1392,0.0013675710516051391,29,10,0.3448275862068966,1.0,100000000000000.0,112.4102049993543,0.08242846419716175,98.1940429994394,7110973.750088734,1.1511221775884342,0.3969386819270463
3.17,std,-2,1381294160131.1401,0.00138129416013114,45,10,0.2222222222222222,1.0,100000000000000.0,115.62672482524752,0.0819847066983287,98.12464353825041,7069215.034901877,1.137397128528745,0.25275491745083223
3.1799999999999997,std,-2,1395112042148.827,0.001395112042148827,34,10,0.29411764705882354,1.0,100000000000000.0,89.34042506677942,0.0815428898502426,98.05471013851788,7027795.200383879,1.1238378418368067,0.3305405417167079
3.19,std,-2,1409025055305.0496,0.0014090250553050496,33,10,0.30303030303030304,1.0,100000000000000.0,116.3586606718271,0.08110302902095701,97.98425145704307,6986710.76474544,1.110442599431411,0.33649775740345794
3.1999999999999997,std,-2,1423033557460.9175,0.0014230335574609175,27,10,0.37037037037037035,1.0,100000000000000.0,227.55451191725084,0.08066513874662186,97.91327604106054,6945958.289138465,1.097209687737115,0.40637395842115365
3.21,std,-2,1437137906691.0562,0.0014371379066910562,42,10,0.23809523809523808,1.0,100000000000000.0,163.51470155225317,0.08022923275238983,97.84179232986862,6905534.377048772,1.0841373982567961,0.2581279519659038
3.2199999999999998,std,-2,1451338461282.886,0.001451338461282886,35,10,0.2857142857142857,1.0,100000000000000.0,112.8960312296075,0.07979532397297763,97.76980865606215,6865435.673682141,1.0712240281111551,0.3060640080317586
3.23,std,-2,1465635579735.8962,0.0014656355797358963,20,10,0.5,1.0,100000000000000.0,193.71918789423097,0.07936342457287976,97.69733324672049,6825658.865381889,1.0584678805561205,0.5292339402780603
3.2399999999999998,std,-2,1480029620760.917,0.001480029620760917,23,10,0.43478260869565216,1.0,100000000000000.0,165.79775891741966,0.07893354596623703,97.62437422507776,6786200.679036681,1.045867265478126,0.4547248980339678
3.25,std,-2,1494520943279.413,0.0014945209432794132,32,10,0.3125,1.0,100000000000000.0,172.79205072583684,0.07850569883635809,97.55093961137777,6747057.881511198,1.0334204998589573,0.32294390620592417
3.26,std,-2,1509109906422.7615,0.0015091099064227615,33,10,0.30303030303030304,1.0,100000000000000.0,174.9779390175427,0.07807989315489611,97.47703732458899,6708227.279078383,1.0211259082258275,0.3094320934017659
3.27,std,-2,1523796869531.5452,0.001523796869531545,28,10,0.35714285714285715,1.0,100000000000000.0,174.3033765538275,0.0776561382006801,97.40267518327938,6669705.71686476,1.0089818230708567,0.36035065109673453
3.28,std,-2,1538582192154.8477,0.0015385821921548477,51,10,0.19607843137254902,1.0,100000000000000.0,172.10696245919488,0.07723444257820353,97.3278609072369,6631490.078299773,0.9969865852562209,0.19548756573651388
3.29,std,-2,1553466234049.5525,0.0015534662340495524,26,10,0.38461538461538464,1.0,100000000000000.0,90.90229481698425,0.07681481423577075,97.25260211835928,6593577.284582875,0.9851385443921797,0.3788994401508384
3.3,std,-2,1568449355179.632,0.001568449355179632,35,10,0.2857142857142857,1.0,100000000000000.0,283.7918990224401,0.07639726048330328,97.17690634214026,6555964.294144623,0.9734360591989604,0.2781245883425601
3.31,std,-2,1583531915715.4834,0.0015835319157154835,32,10,0.3125,1.0,100000000000000.0,157.1738683054969,0.0759817880098082,97.10078100865388,6518648.1021335395,0.9618774978465929,0.3005867180770603
3.32,std,-2,1598714276033.1973,0.0015987142760331972,32,10,0.3125,1.0,100000000000000.0,152.59336835264781,0.07556840290051019,97.02423345409538,6481625.739898744,0.9504612382795914,0.2970191369623723
3.33,std,-2,1613996796713.9055,0.0016139967967139055,38,10,0.2631578947368421,1.0,100000000000000.0,123.73550175127396,0.07515711065365033,96.94727092139757,6444894.2744803615,0.9391856685141756,0.2471541232932041
3.34,std,-2,1629379838543.0781,0.001629379838543078,24,10,0.4166666666666667,1.0,100000000000000.0,99.2620529230649,0.07474791619695409,96.86990056196574,6408450.8081216905,0.9280491869309585,0.3866871612212327
3.3499999999999996,std,-2,1644863762509.8503,0.0016448637625098503,29,10,0.3448275862068966,1.0,100000000000000.0,109.43029719811982,0.0743408239037712,96.7921294364728,6372292.477769603,0.9170502025384457,0.3162242077718779
3.36,std,-2,1660448929806.3455,0.0016604489298063455,26,10,0.38461538461538464,1.0,100000000000000.0,211.65195831432487,0.07393583760889016,96.7139645160873,6336416.454597149,0.9061871352264824,0.3485335135486471
3.3699999999999997,std,-2,1676135701827.0005,0.0016761357018270004,26,10,0.38461538461538464,1.0,100000000000000.0,133.8177919306971,0.07353296062403111,96.63541268368614,6300819.9435306,0.8954584160031435,0.3444070830781321
3.38,std,-2,1691924440167.9038,0.001691924440167904,40,10,0.25,1.0,100000000000000.0,97.31103852560231,0.07313219575301971,96.55648073471956,6265500.18277916,0.8848624872123603,0.22121562180309007
3.3899999999999997,std,-2,1707815506626.1165,0.0017078155066261164,28,10,0.35714285714285715,1.0,100000000000000.0,88.0487776382081,0.07273354530664589,96.4771753785632,6230454.443376221,0.8743978027419256,0.3122849295506877
3.4,std,-2,1723809263199.0244,0.0017238092631990244,26,10,0.38461538461538464,1.0,100000000000000.0,62.08825644379361,0.07233701111721073,96.39750323950727,6195680.028727723,0.8640628282138046,0.3323318570053095
3.4099999999999997,std,-2,1739906072083.67,0.00173990607208367,23,10,0.43478260869565216,1.0,100000000000000.0,105.91175411816876,0.07194259455276497,96.31747085765133,6161174.274165404,0.8538560411595975,0.37124175702591194
3.42,std,-2,1756106295676.1045,0.0017561062956761046,20,10,0.5,1.0,100000000000000.0,177.71897108115098,0.07155029653104333,96.23708469029108,6126934.5465087,0.8437759311874077,0.42188796559370384
3.4299999999999997,std,-2,1772410296570.729,0.001772410296570729,28,10,0.35714285714285715,1.0,100000000000000.0,60.465703168242236,0.07116011753309788,96.15635111265414,6092958.2436328735,0.8338210001300119,0.2977932143321471
3.44,std,-2,1788818437559.6533,0.0017888184375596534,40,10,0.25,1.0,100000000000000.0,148.50477139196897,0.07077205761663512,96.07527641899355,6059242.794044905,0.8239897621841296,0.2059974405460324
3.4499999999999997,std,-2,1805331081632.0432,0.0018053310816320432,35,10,0.2857142857142857,1.0,100000000000000.0,252.93345063616303,0.07038611642905952,95.99386682374102,6025785.656462501,0.8142807440378403,0.23265164115366865
3.46,std,-2,1821948591973.493,0.001821948591973493,42,10,0.23809523809523808,1.0,100000000000000.0,123.47956781255645,0.07000229322022894,95.91212846228736,5992584.319403749,0.8046924849839927,0.19159344880571255
3.4699999999999998,std,-2,1838671331965.3623,0.0018386713319653624,24,10,0.4166666666666667,1.0,100000000000000.0,106.00155568503521,0.06962058685492503,95.83006739234447,5959636.300782556,0.7952235370275164,0.33134314042813184
3.48,std,-2,1855499665184.1724,0.0018554996651841723,18,10,0.5555555555555556,1.0,100000000000000.0,170.76845247628637,0.06924099582504298,95.7476895942983,5926939.147505195,0.7858724649730358,0.4365958138739088
3.4899999999999998,std,-2,1872433955400.9502,0.0018724339554009501,28,10,0.35714285714285715,1.0,100000000000000.0,90.8463411534049,0.06886351826150523,95.66500097277952,5894490.435082389,0.7766378465138513,0.2773706594692326
3.5,std,-2,1889474566580.6108,0.001889474566580611,27,10,0.37037037037037035,1.0,100000000000000.0,147.89963714759827,0.06848815194590231,95.58200735729004,5862287.767236518,0.7675182723018333,0.28426602677845675
3.51,std,-2,1906621862881.3306,0.0019066218628813305,24,10,0.4166666666666667,1.0,100000000000000.0,170.02544014623672,0.06811489432186627,95.49871450324169,5830328.775524363,0.758512346012719,0.31604681083863295
3.52,std,-2,1923876208653.929,0.001923876208653929,44,10,0.22727272727272727,1.0,100000000000000.0,99.22840869966444,0.06774374250617998,95.41512809282625,5798611.1189587405,0.7496186844001584,0.17036788281821783
3.53,std,-2,1941237968441.241,0.001941237968441241,39,10,0.2564102564102564,1.0,100000000000000.0,131.18811408693844,0.0673746932996273,95.33125373598476,5767132.483642135,0.7408359173427984,0.18995792752379445
3.54,std,-2,1958707506977.5142,0.0019587075069775143,23,10,0.43478260869565216,1.0,100000000000000.0,83.74025727915875,0.06700774319758737,95.24709697136183,5735890.582397208,0.7321626878818553,0.3183316034268936
3.55,std,-2,1976285189187.784,0.001976285189187784,29,10,0.3448275862068966,1.0,100000000000000.0,123.63922079336469,0.06664288840037871,95.16266326687237,5704883.154414197,0.7235976522492983,0.24951643181010288
3.56,std,-2,1993971380187.2698,0.00199397138018727,32,10,0.3125,1.0,100000000000000.0,145.46792693907778,0.06628012482335588,95.07795802114313,5674107.964892094,0.7151394798937185,0.22348108746678702
3.57,std,-2,2011766445280.775,0.002011766445280775,36,10,0.2777777777777778,1.0,100000000000000.0,167.5742912377959,0.06591944810676449,94.99298656384575,5643562.804696245,0.7067868534918663,0.19632968152551844
3.58,std,-2,2029670749962.0715,0.0020296707499620715,27,10,0.37037037037037035,1.0,100000000000000.0,63.34549964508069,0.06556085362535716,94.90775415686981,5613245.49001041,0.6985384689583366,0.2587179514660506
3.59,std,-2,2047684659913.3154,0.0020476846599133155,23,10,0.43478260869565216,1.0,100000000000000.0,41.60327660232551,0.0652043364977763,94.8222659950934,5583153.862002588,0.6903930354466582,0.3001708849768079
3.5999999999999996,std,-2,2065808541004.4363,0.0020658085410044363,27,10,0.37037037037037035,1.0,100000000000000.0,191.48043456379258,0.06484989159570673,94.73652720716842,5553285.786493722,0.682349275343916,0.25272195383108
3.61,std,-2,2084042759292.5505,0.0020840427592925506,13,10,0.7692307692307693,1.0,100000000000000.0,98.45442651749275,0.06449751355280299,94.65054285633089,5523639.15362708,0.6744059242590132,0.5187737878915487
3.6199999999999997,std,-2,2102387681021.369,0.002102387681021369,43,10,0.23255813953488372,1.0,100000000000000.0,93.1638047139888,0.06414719677339552,94.56431794141493,5494211.877547617,0.6665617310072496,0.15501435604819758
3.63,std,-2,2120843672620.6123,0.0021208436726206123,20,10,0.5,1.0,100000000000000.0,114.82733014117142,0.06379893544097907,94.47785739733501,5465001.896084231,0.6588154575853631,0.32940772879268154
3.6399999999999997,std,-2,2139411100705.4185,0.0021394111007054183,37,10,0.2702702702702703,1.0,100000000000000.0,131.14149196269284,0.06345272352648877,94.39116609617948,5436007.170438018,0.6511658791458579,0.17599077814752917
3.65,std,-2,2158090332075.7732,0.0021580903320757732,16,10,0.625,1.0,100000000000000.0,113.18989337708622,0.0631085547963669,94.30424884779214,5407225.684871397,0.6436117839622626,0.4022573649764141
3.6599999999999997,std,-2,2176881733715.9146,0.0021768817337159147,37,10,0.2702702702702703,1.0,100000000000000.0,87.92720603102893,0.06276642282042497,94.21711040071175,5378655.446409031,0.6361519733930159,0.17193296578189618
3.67,std,-2,2195785672793.7754,0.0021957856727937756,31,10,0.3225806451612903,1.0,100000000000000.0,159.72664706169843,0.062426320979504686,94.12975544283314,5350294.484533614,0.6287852618377564,0.20283395543153432
3.6799999999999997,std,-2,2214802516660.401,0.0022148025166604008,35,10,0.2857142857142857,1.0,100000000000000.0,154.2450467385028,0.06208824247294238,94.04218860198884,5322140.850894996,0.6215104766899135,0.17757442191140385
3.69,std,-2,2233932632849.37,0.0022339326328493702,39,10,0.2564102564102564,1.0,100000000000000.0,106.63232211961126,0.06175218032584041,93.95441444725132,5294192.619019311,0.6143264582894915,0.15751960468961318
3.6999999999999997,std,-2,2253176389076.2495,0.0022531763890762495,25,10,0.4,1.0,100000000000000.0,128.7664093645895,0.061418127396149415,93.86643748895798,5266447.884021641,0.6072320598634156,0.24289282394536624
3.71,std,-2,2272534153238.0083,0.0022725341532380083,47,10,0.2127659574468085,1.0,100000000000000.0,184.6860492323694,0.06108607638156587,93.77826217999849,5238904.762326913,0.6002261474710697,0.12770769095129142
3.7199999999999998,std,-2,2292006293412.47,0.00229200629341247,35,10,0.2857142857142857,1.0,100000000000000.0,162.89631261094584,0.06075601982624775,93.68989291622742,5211561.39139034,0.5933075999400644,0.16951645712573268
3.73,std,-2,2311593177857.7446,0.002311593177857745,37,10,0.2702702702702703,1.0,100000000000000.0,131.4354885328524,0.06042795012735299,93.6013340372347,5184415.929424091,0.5864753088013567,0.1585068402165829
3.7399999999999998,std,-2,2331295175011.68,0.00233129517501168,48,10,0.20833333333333334,1.0,100000000000000.0,71.99062923176731,0.060101859541404255,93.51258982720553,5157466.555130386,0.5797281782220841,0.12077670379626752
3.75,std,-2,2351112653491.3027,0.0023511126534913026,44,10,0.22727272727272727,1.0,100000000000000.0,111.76788831014426,0.05977774019048319,93.42366451533805,5130711.467432381,0.5730651249320072,0.13024207384818345
3.76,std,-2,2371045982092.274,0.002371045982092274,61,10,0.16393442622950818,1.0,100000000000000.0,157.8410479720482,0.059455584068258405,93.33456227671309,5104148.885215932,0.5664850781508578,0.09286640625423898
3.77,std,-2,2391095529788.3325,0.0023910955297883323,45,10,0.2222222222222222,1.0,100000000000000.0,128.2558544522546,0.05913538304585055,93.24528723294044,5077777.047071797,0.5599869795113032,0.12444155100251181
3.78,std,-2,2411261665730.7603,0.00241126166573076,41,10,0.24390243902439024,1.0,100000000000000.0,97.92162121497202,0.05881712887753789,93.15584345282994,5051594.211037625,0.5535697829792122,0.13501702023883225
3.79,std,-2,2431544759247.834,0.002431544759247834,25,10,0.4,1.0,100000000000000.0,73.1800224390854,0.05850081320630583,93.06623495297798,5025598.654353037,0.5472324547721907,0.2188929819088763
3.8,std,-2,2451945179844.2764,0.0024519451798442763,25,10,0.4,1.0,100000000000000.0,154.43634743647624,0.058186427569244414,92.97646569844851,4999788.673212268,0.540973973275892,0.21638958931035682
3.81,std,-2,2472463297200.7437,0.0024724632972007434,28,10,0.35714285714285715,1.0,100000000000000.0,174.9274204372158,0.05787396340279591,92.8865396033497,4974162.582516595,0.5347933289573192,0.19099761748475688
3.82,std,-2,2493099481173.2646,0.002493099481173265,32,10,0.3125,1.0,100000000000000.0,83.49286736707337,0.0575634120478575,92.79646053185293,4948718.7156405095,0.5286895242799399,0.1652154763374812
3.83,std,-2,2513854101792.727,0.002513854101792727,33,10,0.30303030303030304,1.0,100000000000000.0,132.60465340395461,0.057254764754740534,92.70623229802872,4923455.424194368,0.5226615736094994,0.15838229503318163
3.84,std,-2,2534727529264.3364,0.0025347275292643364,43,10,0.23255813953488372,1.0,100000000000000.0,118.26466170353476,0.056948012687991136,92.6158586674076,4898371.077789676,0.5167085031280767,0.12016476816932016
3.8499999999999996,std,-2,2555720133967.098,0.0025557201339670983,28,10,0.35714285714285715,1.0,100000000000000.0,180.77863356516986,0.056643146931074334,92.52534335670671,4873464.063811505,0.5108293507366038,0.18243905383450137
3.86,std,-2,2576832286453.288,0.002576832286453288,47,10,0.2127659574468085,1.0,100000000000000.0,88.46688900522247,0.056340158490925135,92.43469003513717,4848732.787193777,0.5050231659649222,0.10745173743934516
3.8699999999999997,std,-2,2598064357447.9346,0.0025980643574479347,52,10,0.19230769230769232,1.0,100000000000000.0,130.71439921603337,0.05603903830236975,92.34390232452324,4824175.670194775,0.499289009873605,0.09601711728338559
3.88,std,-2,2619416717848.297,0.0026194167178482967,52,10,0.19230769230769232,1.0,100000000000000.0,108.28589830534585,0.05573977723241955,92.25298380025194,4799791.152178878,0.49362595495956,0.09492806826145385
3.8899999999999997,std,-2,2640889738723.3457,0.0026408897387233455,38,10,0.2631578947368421,1.0,100000000000000.0,123.05588602279252,0.05544236608444147,92.161937991422,4775577.689400512,0.4880330850561366,0.1284297592252991
3.9,std,-2,2662483791313.2607,0.002662483791313261,31,10,0.3225806451612903,1.0,100000000000000.0,174.99772447803448,0.0551467956022065,92.07076838172877,4751533.754790982,0.48250949523626013,0.15564822426976133
3.9099999999999997,std,-2,2684199247028.8994,0.0026841992470288995,28,10,0.35714285714285715,1.0,100000000000000.0,56.745470297145744,0.0548530564738208,91.97947841017003,4727657.837746424,0.4770542917135013,0.1703765327548219
3.92,std,-2,2706036477451.311,0.002706036477451311,34,10,0.29411764705882354,1.0,100000000000000.0,101.450357083235,0.054561139335540465,91.88807147098638,4703948.4439248545,0.4716665917390257,0.13872546815853698
3.9299999999999997,std,-2,2727995854331.21,0.00272799585433121,23,10,0.43478260869565216,1.0,100000000000000.0,104.19522458811961,0.054271034775474035,91.79655091496352,4680404.095037893,0.4663455235041528,0.20275892326267514
3.94,std,-2,2750077749588.491,0.002750077749588491,21,10,0.47619047619047616,1.0,100000000000000.0,121.9651241961802,0.05398273333717482,91.7049200494572,4657023.328652699,0.4610902260364037,0.21956677430304938
3.9499999999999997,std,-2,2772282535311.709,0.002772282535311709,52,10,0.19230769230769232,1.0,100000000000000.0,163.92624238269804,0.053696225523125696,91.61318213912386,4633804.697992794,0.4558998490983127,0.08767304790352168
3.96,std,-2,2794610583757.5894,0.0027946105837575895,22,10,0.45454545454545453,1.0,100000000000000.0,85.39307575159941,0.05341150179811911,91.52134040630837,4610746.771740449,0.4507735530839372,0.20489706958360782
3.9699999999999998,std,-2,2817062267350.5283,0.0028170622673505284,59,10,0.1694915254237288,1.0,100000000000000.0,92.55759195068309,0.05312855259253501,91.42939803183438,4587848.13384705,0.44571050891752995,0.07554415405381863
3.98,std,-2,2839637958682.104,0.002839637958682104,40,10,0.25,1.0,100000000000000.0,122.0639822687702,0.05284736830551836,91.33735815533245,4565107.3833417045,0.4407098979491592,0.1101774744872898
3.9899999999999998,std,-2,2862338030510.5693,0.002862338030510569,37,10,0.2702702702702703,1.0,100000000000000.0,96.27924306332318,0.05256793930805998,91.24522387558295,4542523.13414405,0.43577091185039024,0.11777592212172709
4.0,std,-2,2885162855760.3853,0.0028851628557603854,31,10,0.3225806451612903,1.0,100000000000000.0,130.93109333205777,0.05229025594598198,91.15299825142579,4520094.014880405,0.43089275251259535,0.1389976621008372
4.01,std,-2,2908112807521.7104,0.0029081128075217105,42,10,0.23809523809523808,1.0,100000000000000.0,79.16192539795777,0.052014308542830644,91.06068430202382,4497818.66870036,0.4260746319418157,0.10144634093852754
4.02,std,-2,2931188259049.932,0.002931188259049932,47,10,0.2127659574468085,1.0,100000000000000.0,65.75452985737635,0.051740087402679,90.96828500707663,4475695.7530969195,0.4213157721535166,0.08964165364968439
4.03,std,-2,2954389583765.1753,0.0029543895837651755,37,10,0.2702702702702703,1.0,100000000000000.0,65.24799249255297,0.05146758281284127,90.87580330802344,4453723.939732424,0.4166154050722748,0.11259875812764185
4.04,std,-2,2977717155251.8184,0.0029777171552518183,50,10,0.2,1.0,100000000000000.0,152.39975458615103,0.05119678504650158,90.78324210774984,4431901.9142613495,0.41197277242400976,0.08239455448480196
4.05,std,-2,3001171347258.0337,0.0030011713472580335,36,10,0.2777777777777778,1.0,100000000000000.0,56.92681515752313,0.05092768436525858,90.69060427156207,4410228.376158676,0.4073871256345345,0.11316309045403737
4.06,std,-2,3024752533695.2827,0.0030247525336952828,48,10,0.20833333333333334,1.0,100000000000000.0,121.97558517139615,0.05066027102158882,90.59789262738087,4388702.038552683,0.40285772572485,0.08392869285934376
4.07,std,-2,3048461088637.87,0.00304846108863787,45,10,0.2222222222222222,1.0,100000000000000.0,95.81444557721008,0.05039453526123035,90.50510996647222,4367321.6280537555,0.39838384320849346,0.08852974293522077
4.08,std,-2,3072297386322.445,0.003072297386322445,26,10,0.38461538461538464,1.0,100000000000000.0,61.80354716169029,0.05013046732548883,90.41225904356662,4346085.884590511,0.39396475798687,0.15152490691802692
4.09,std,-2,3096261801147.5654,0.0030962618011475653,64,10,0.15625,1.0,100000000000000.0,82.84896532066674,0.049868057453468215,90.31934257751023,4324993.5612532655,0.38959975924771073,0.0608749623824548
4.1,std,-2,3120354707673.1934,0.003120354707673193,55,10,0.18181818181818182,1.0,100000000000000.0,42.98206312905502,0.04960729588422757,90.22636325165766,4304043.424121051,0.3852881453610108,0.07005239006563833
4.109999999999999,std,-2,3144576480620.2637,0.0031445764806202637,27,10,0.37037037037037035,1.0,100000000000000.0,97.19456793552733,0.04934817285886632,90.1333237144932,4283234.252119073,0.38102922377886644,0.14112193473291348
4.12,std,-2,3168927494870.1943,0.0031689274948701945,38,10,0.2631578947368421,1.0,100000000000000.0,104.5396916581523,0.04909067862253967,90.04022657968062,4262564.836847282,0.3768223109304807,0.09916376603433702
4.13,std,-2,3193408125464.4365,0.0031934081254644366,35,10,0.2857142857142857,1.0,100000000000000.0,122.4512242928887,0.04883480342640599,89.94707442668452,4242033.982438276,0.3726667321225086,0.1064762091778596
4.14,std,-2,3218018747604.029,0.0032180187476040286,30,10,0.3333333333333333,1.0,100000000000000.0,49.088812318205854,0.04858053752950762,89.85386980142141,4221640.505400525,0.3685618214384372,0.12285394047947906
4.1499999999999995,std,-2,3242759736649.1143,0.003242759736649114,36,10,0.2777777777777778,1.0,100000000000000.0,123.02514517683062,0.04832787120058748,89.76061521625985,4201383.234468503,0.36450692163619913,0.10125192267672199
4.16,std,-2,3267631468118.5117,0.003267631468118512,39,10,0.2564102564102564,1.0,100000000000000.0,62.2638927109187,0.04807679471984265,89.66731315066654,4181261.010457904,0.36050138404927373,0.0924362523203266
4.17,std,-2,3292634317689.243,0.003292634317689243,53,10,0.18867924528301888,1.0,100000000000000.0,102.69612430586399,0.04782729838061681,89.5739660516289,4161272.6861168793,0.35654456848686933,0.06727256009186214
4.18,std,-2,3317768661196.0977,0.0033177686611960975,65,10,0.15384615384615385,1.0,100000000000000.0,106.34085910007909,0.0475793724910331,89.48057633397814,4141417.125983926,0.3526358431346936,0.05425166817456825
4.1899999999999995,std,-2,3343034874631.18,0.0033430348746311804,33,10,0.30303030303030304,1.0,100000000000000.0,90.46573953936525,0.04733300737556878,89.38714638070246,4121693.2062488887,0.34877458445639725,0.10568926801709008
4.2,std,-2,3368433334143.4624,0.0033684333341434626,41,10,0.24390243902439024,1.0,100000000000000.0,78.83888267312742,0.04708819337657378,89.29367854355345,4102099.814607074,0.34496017709604243,0.08413662856001035
4.21,std,-2,3393964416038.334,0.003393964416038334,65,10,0.15384615384615385,1.0,100000000000000.0,73.71708645042398,0.04684492085573398,89.2001751432549,4082635.850129579,0.34119201378085917,0.052491079043209106
4.22,std,-2,3419628496777.174,0.0034196284967771737,43,10,0.23255813953488372,1.0,100000000000000.0,66.05032917751704,0.046603180195481396,89.10663847001474,4063300.22312007,0.33746949522454767,0.07848127795919713
4.2299999999999995,std,-2,3445425952976.9067,0.003445425952976907,55,10,0.18181818181818182,1.0,100000000000000.0,67.48227594772368,0.0463629618003518,89.01307078363946,4044091.8549862206,0.3337920300308177,0.06068946000560322
4.24,std,-2,3471357161409.5522,0.0034713571614095524,24,10,0.4166666666666667,1.0,100000000000000.0,75.9596659687234,0.046124256098292224,88.91947431427961,4025009.6781047075,0.3301590345993374,0.13756626441639058
4.25,std,-2,3497422499001.805,0.003497422499001805,43,10,0.23255813953488372,1.0,100000000000000.0,59.68856985348236,0.04588705354191895,88.8258512625343,4006052.635690871,0.32656993303019455,0.07594649605353361
4.26,std,-2,3523622342834.589,0.003523622342834589,40,10,0.25,1.0,100000000000000.0,104.17041703399885,0.04565134460972769,88.73220379985378,3987219.681670151,0.3230241570302316,0.0807560392575579
4.27,std,-2,3549957070142.64,0.0035499570701426402,51,10,0.19607843137254902,1.0,100000000000000.0,69.58084363804568,0.04541711980725716,88.6385340689321,3968509.7805564064,0.31952114582048974,0.06265120506284112
4.28,std,-2,3576427058314.0684,0.0035764270583140685,43,10,0.23255813953488372,1.0,100000000000000.0,65.2645958284271,0.0451843696682072,88.54484418410988,3949921.907314913,0.3160603460430559,0.07350240605652462
4.29,std,-2,3603032684889.916,0.003603032684889916,30,10,0.3333333333333333,1.0,100000000000000.0,47.385954939740905,0.04495308475551311,88.45113623150833,3931455.0472522303,0.3126412116697546,0.10421373722325153
4.3,std,-2,3629774327563.752,0.003629774327563752,59,10,0.1694915254237288,1.0,100000000000000.0,86.48339820006181,0.04472325566237682,88.35741226975516,3913108.1958865277,0.30926320391201373,0.052417492188476904
4.31,std,-2,3656652364181.2437,0.0036566523641812436,53,10,0.18867924528301888,1.0,100000000000000.0,101.77804934128437,0.044494873013256726,88.26367432992483,3894880.358826569,0.30592579112929075,0.05772184738288505
4.32,std,-2,3683667172739.7305,0.0036836671727397303,62,10,0.16129032258064516,1.0,100000000000000.0,128.38490553888514,0.044267927464816684,88.16992441596109,3876770.551660913,0.302628448740702,0.04881104011946806
4.33,std,-2,3710819131387.803,0.003710819131387803,36,10,0.2777777777777778,1.0,100000000000000.0,106.91152381268925,0.04404240970683595,88.07616450540773,3858777.7998315697,0.29937065913713273,0.08315851642698131
4.34,std,-2,3738108618424.882,0.003738108618424882,29,10,0.3448275862068966,1.0,100000000000000.0,124.25214521762908,0.04381831046308065,87.9823965490407,3840901.138524533,0.29615191159158627,0.10212134882468493
4.35,std,-2,3765536012300.8135,0.0037655360123008135,28,10,0.35714285714285715,1.0,100000000000000.0,52.60513845451582,0.043595620492138186,87.88862247185727,3823139.612554538,0.292971702174431,0.10463275077658252
4.36,std,-2,3793101691615.447,0.003793101691615447,34,10,0.29411764705882354,1.0,100000000000000.0,55.90248904419891,0.04337433058821551,87.79484417285245,3805492.276251821,0.28982953366537595,0.08524398048981646
4.37,std,-2,3820806035118.2114,0.0038208060351182112,54,10,0.18518518518518517,1.0,100000000000000.0,88.80582317495679,0.0431544315819022,87.70106352577939,3787958.1933524255,0.286724915469751,0.0530972065684724
4.38,std,-2,3848649421707.732,0.003848649421707732,43,10,0.23255813953488372,1.0,100000000000000.0,102.05641984144094,0.042935914340899516,87.60728237915944,3770536.4368874063,0.28365736353290544,0.06596682872858266
4.39,std,-2,3876632230431.394,0.003876632230431394,56,10,0.17857142857142858,1.0,100000000000000.0,106.66252095934351,0.04271876977071631,87.51350255674936,3753226.089076467,0.2806264002571905,0.05011185718878402
4.3999999999999995,std,-2,3904754840484.9507,0.0039047548404849506,30,10,0.3333333333333333,1.0,100000000000000.0,59.75385480479535,0.0425029888153329,87.41972585768043,3736026.2412209357,0.2776315544185475,0.09254385147284916
4.41,std,-2,3933017631212.106,0.003933017631212106,39,10,0.2564102564102564,1.0,100000000000000.0,77.83561973475489,0.04228856245783335,87.32595405702031,3718935.9935974055,0.2746723610852383,0.07042881053467648
4.42,std,-2,3961420982104.128,0.003961420982104128,31,10,0.3225806451612903,1.0,100000000000000.0,53.52937872402997,0.042075481721007855,87.23218890572817,3701954.455356704,0.2717483615357755,0.08766076178573402
4.43,std,-2,3989965272799.432,0.003989965272799432,45,10,0.2222222222222222,1.0,100000000000000.0,47.83911987923087,0.041863737667925324,87.1384321311319,3685080.744418201,0.2688591031789172,0.05974646737309271
4.4399999999999995,std,-2,4018650883083.191,0.004018650883083191,52,10,0.19230769230769232,1.0,100000000000000.0,94.3234958967939,0.041653321402477496,87.04468543751479,3668313.9873721073,0.26600413947529716,0.05115464220678792
4.45,std,-2,4047478192886.9224,0.004047478192886923,51,10,0.19607843137254902,1.0,100000000000000.0,97.20490389536134,0.041444224069895445,86.95095050568287,3651653.319377335,0.26318302985633796,0.05160451565810548
4.46,std,-2,4076447582288.1143,0.004076447582288114,46,10,0.21739130434782608,1.0,100000000000000.0,56.697268972855326,0.041236436857238865,86.85722899383498,3635097.884063798,0.26039533964826705,0.056607682532231966
4.47,std,-2,4105559431509.806,0.004105559431509806,35,10,0.2857142857142857,1.0,100000000000000.0,73.86555568129839,0.04102995099385941,86.7635225377814,3618646.833436934,0.2576406399950044,0.07361161142714412
4.4799999999999995,std,-2,4134814120920.2173,0.004134814120920217,48,10,0.20833333333333334,1.0,100000000000000.0,76.00854692127237,0.04082475775183858,86.66983275083946,3602299.327779113,0.2549185077806381,0.05310802245429961
4.49,std,-2,4164212031032.3394,0.0041642120310323395,28,10,0.35714285714285715,1.0,100000000000000.0,56.68166448121455,0.04062084844640118,86.57616122459908,3586054.5355572705,0.2522285255556959,0.0900816162698914
4.5,std,-2,4193753542503.5596,0.004193753542503559,30,10,0.3333333333333333,1.0,100000000000000.0,66.9061082597297,0.04041821443630461,86.48250952878357,3569911.633328093,0.2495702814612975,0.08319009382043249
4.51,std,-2,4223439036135.2554,0.004223439036135255,56,10,0.17857142857142858,1.0,100000000000000.0,80.33038553471998,0.04021684712420523,86.38887921178647,3553869.805647869,0.2469433691563876,0.044097030206497786
4.52,std,-2,4253268892872.429,0.004253268892872429,50,10,0.2,1.0,100000000000000.0,86.15467178863898,0.04001673795700224,86.29527180076106,3537928.2449801154,0.2443473877442505,0.0488694775488501
4.53,std,-2,4283243493803.3174,0.004283243493803318,36,10,0.2777777777777778,1.0,100000000000000.0,58.29465856107792,0.03981787842615967,86.2016888019235,3522086.15160432,0.24178194170048137,0.06716165047235594
4.54,std,-2,4313363220158.994,0.004313363220158994,36,10,0.2777777777777778,1.0,100000000000000.0,61.95601838010382,0.03962026006800758,86.10813170097545,3506342.7335315645,0.239246640802506,0.06645740022291834
4.55,std,-2,4343628453313.0063,0.0043436284533130065,40,10,0.25,1.0,100000000000000.0,73.47624318452128,0.0394238744640223,86.01460196296979,3490697.2064130404,0.23674110005779292,0.05918527501444823
4.56,std,-2,4374039574780.9907,0.004374039574780991,57,10,0.17543859649122806,1.0,100000000000000.0,72.77330347477925,0.03922871324108732,85.92110103297674,3475148.7934561176,0.23426493963557588,0.041099112216767694
4.57,std,-2,4404596966220.284,0.0044045969662202845,44,10,0.22727272727272727,1.0,100000000000000.0,60.097476083117314,0.03903476807173469,85.82763033609378,3459696.7253384124,0.2318177847973391,0.052685860181213434
4.58,std,-2,4435301009429.571,0.004435301009429572,63,10,0.15873015873015872,1.0,100000000000000.0,82.91380395875508,0.03884203067436807,85.7341912776942,3444340.2401227453,0.22939926582878137,0.036412581877584345
4.59,std,-2,4466152086348.485,0.004466152086348485,52,10,0.19230769230769232,1.0,100000000000000.0,76.29811090587354,0.0386504928134673,85.64078524372535,3429078.583176759,0.22700901797295553,0.04365558037941453
4.6,std,-2,4497150579057.245,0.004497150579057245,44,10,0.22727272727272727,1.0,100000000000000.0,71.88942206500886,0.038460146299776024,85.54741360098701,3413911.0070874332,0.22464668136374177,0.05105606394630495
4.61,std,-2,4528296869776.295,0.004528296869776295,31,10,0.3225806451612903,1.0,100000000000000.0,92.39919520313559,0.03827098299047199,85.45407769724078,3398836.7715838132,0.22231190096014986,0.07171351643875802
4.62,std,-2,4559591340865.91,0.00455959134086591,24,10,0.4166666666666667,1.0,100000000000000.0,74.45194392715426,0.038082994789321374,85.36077886151318,3383855.1434541843,0.22000432648149826,0.09166846936729095
4.63,std,-2,4591034374825.851,0.004591034374825851,46,10,0.21739130434782608,1.0,100000000000000.0,75.03056087222177,0.03789617364681675,85.26751840429961,3368965.396468138,0.21772361234337334,0.04733122007464638
4.64,std,-2,4622626354294.99,0.00462262635429499,37,10,0.2702702702702703,1.0,100000000000000.0,48.965872287706176,0.03771051156030021,85.17429761781277,3354166.8113015178,0.2154694175946095,0.05823497772827284
4.6499999999999995,std,-2,4654367662050.943,0.004654367662050943,40,10,0.25,1.0,100000000000000.0,56.94672770875495,0.03752600057407135,85.0811177762661,3339458.6754533774,0.21324140585455095,0.05331035146363774
4.66,std,-2,4686258681009.709,0.004686258681009709,49,10,0.20408163265306123,1.0,100000000000000.0,97.2784320291627,0.03734263277948092,84.98798013584383,3324840.2831766997,0.21103924525112586,0.04306923372471956
4.67,std,-2,4718299794225.296,0.004718299794225296,29,10,0.3448275862068966,1.0,100000000000000.0,65.39568390024832,0.037160400315010805,84.89488593527274,3310310.935399574,0.20886260836052586,0.07202158908983651
4.68,std,-2,4750491384889.394,0.004750491384889394,31,10,0.3225806451612903,1.0,100000000000000.0,47.476160893659355,0.036979295366340204,84.80183639582211,3295869.9396521407,0.20671117214651324,0.06668102327306878
4.6899999999999995,std,-2,4782833836330.978,0.004782833836330978,34,10,0.29411764705882354,1.0,100000000000000.0,82.3525265982406,0.03679931016639911,84.7088327213037,3281516.609994206,0.20458461790049634,0.060171946441322455
4.7,std,-2,4815327532015.97,0.00481532753201597,56,10,0.17857142857142858,1.0,100000000000000.0,76.74341581525023,0.036620436995409095,84.6158760989864,3267250.26694219,0.20248263118447035,0.03615761271151256
4.71,std,-2,4847972855546.885,0.004847972855546885,56,10,0.17857142857142858,1.0,100000000000000.0,122.07942889026253,0.03644266818091213,84.52296769883573,3253070.2373980703,0.20040490177070555,0.03578658960191171
4.72,std,-2,4880770190662.468,0.004880770190662468,41,10,0.24390243902439024,1.0,100000000000000.0,64.25103279659479,0.03626599609778732,84.43010867459245,3238975.8545814385,0.1983511235867541,0.04837832282603759
4.7299999999999995,std,-2,4913719921237.342,0.004913719921237342,68,10,0.14705882352941177,1.0,100000000000000.0,83.42534350221236,0.03609041316825672,84.33730016338487,3224966.457955114,0.1963209946572108,0.028870734508413355
4.74,std,-2,4946822431281.676,0.004946822431281676,46,10,0.21739130434782608,1.0,100000000000000.0,56.5537140117051,0.03591591186187994,84.2445432863104,3211041.393161196,0.19431421704909813,0.042242221097630026
4.75,std,-2,4980078104940.799,0.004980078104940799,41,10,0.24390243902439024,1.0,100000000000000.0,30.367026470792702,0.035742484695538375,84.1518391482219,3197200.011952672,0.1923304968157746,0.046909877272140146
4.76,std,-2,5013487326494.88,0.00501348732649488,36,10,0.2777777777777778,1.0,100000000000000.0,86.55560614642752,0.035570124233408995,84.05918883842342,3183441.672123255,0.1903695439435087,0.05288042887319686
4.77,std,-2,5047050480358.589,0.005047050480358589,51,10,0.19607843137254902,1.0,100000000000000.0,48.44769644868642,0.03539882308692853,83.9665934304318,3169765.737445429,0.18843107229704537,0.036947269077852035
4.78,std,-2,5080767951080.713,0.005080767951080713,37,10,0.2702702702702703,1.0,100000000000000.0,73.8171710368305,0.03522857391474806,83.87405398233939,3156171.577604061,0.18651479956694034,0.050409405288362255
4.79,std,-2,5114640123343.845,0.005114640123343845,64,10,0.15625,1.0,100000000000000.0,76.67355439586473,0.0350593694226785,83.78157153713724,3142658.568130008,0.18462044721743137,0.02884694487772365
4.8,std,-2,5148667381964.034,0.005148667381964034,73,10,0.136986301369863,1.0,100000000000000.0,54.79826181654903,0.034891202363627125,83.68914712248143,3129226.0903392765,0.18274774043404324,0.025033937045759347
4.81,std,-2,5182850111890.445,0.005182850111890445,43,10,0.23255813953488372,1.0,100000000000000.0,56.788169365693605,0.034724065537525745,83.59678175144862,3115873.5312690753,0.18089640807382923,0.042068932110192844
4.82,std,-2,5217188698205.011,0.0052171886982050105,63,10,0.15873015873015872,1.0,100000000000000.0,78.52145466508077,0.03455795179125056,83.50447642226271,3102600.2836156418,0.17906618261406848,0.02842320358953468
4.83,std,-2,5251683526122.101,0.005251683526122101,59,10,0.1694915254237288,1.0,100000000000000.0,46.01945955589586,0.03439285401853435,83.41223211854334,3089405.7456736234,0.17725680010283637,0.030043525441158705
4.84,std,-2,5286334980988.183,0.005286334980988182,48,10,0.20833333333333334,1.0,100000000000000.0,69.71910638162623,0.034228765159870625,83.32004980967872,3076289.321274794,0.17546800011040076,0.03655583335633349
4.85,std,-2,5321143448281.482,0.005321143448281483,44,10,0.22727272727272727,1.0,100000000000000.0,49.618710399194924,0.034065678202410896,83.227930450925,3063250.419728769,0.17369952568074953,0.039477164927443076
4.86,std,-2,5356109313611.671,0.005356109313611671,57,10,0.17543859649122806,1.0,100000000000000.0,56.26649836775757,0.03390358617985464,83.13587498341629,3050288.455764161,0.1719511232835672,0.03016686373395916
4.87,std,-2,5391232962719.503,0.005391232962719503,39,10,0.2564102564102564,1.0,100000000000000.0,43.24386777542291,0.033742482172332715,83.04388433444792,3037402.8494712934,0.17022254276747306,0.0436468058378136
4.88,std,-2,5426514781476.5,0.0054265147814765,44,10,0.22727272727272727,1.0,100000000000000.0,57.04316635452748,0.03358235930628393,82.95195941778968,3024593.026241584,0.1685135373137079,0.038298531207660885
4.89,std,-2,5461955155884.624,0.005461955155884624,54,10,0.18518518518518517,1.0,100000000000000.0,64.2604393560182,0.03342321075432565,82.86010113351175,3011858.4167142524,0.1668238633898212,0.03089330803515207
4.8999999999999995,std,-2,5497554472075.941,0.005497554472075942,72,10,0.1388888888888889,1.0,100000000000000.0,62.77533033050232,0.03326502973511832,82.7683103684073,2999198.4567176998,0.16515328070486185,0.022937955653453034
4.91,std,-2,5533313116312.303,0.0055333131163123024,47,10,0.2127659574468085,1.0,100000000000000.0,51.48591040982437,0.033107809513224104,82.67658799622608,2986612.5872155535,0.1635015521649987,0.03478756429042525
4.92,std,-2,5569231474985.001,0.005569231474985001,43,10,0.23255813953488372,1.0,100000000000000.0,51.2685705874931,0.032951543398960184,82.58493487754517,2974100.254251155,0.16186844382890078,0.03764382414625599
4.93,std,-2,5605309934614.481,0.0056053099346144815,56,10,0.17857142857142858,1.0,100000000000000.0,41.7163706937216,0.032796224748246505,82.49335186003245,2961660.908893382,0.16025372486454295,0.0286167365829541
4.9399999999999995,std,-2,5641548881849.977,0.005641548881849976,45,10,0.2222222222222222,1.0,100000000000000.0,58.37583847051062,0.03264184696244863,82.40183977877965,2949294.0071838005,0.1586571675067594,0.03525714833483542
4.95,std,-2,5677948703469.216,0.0056779487034692155,30,10,0.3333333333333333,1.0,100000000000000.0,34.48738635543056,0.03248840348821557,82.3103994562725,2936999.0100829303,0.1570785470145849,0.0523595156715283
4.96,std,-2,5714509786378.087,0.005714509786378087,39,10,0.2564102564102564,1.0,100000000000000.0,56.34219956274221,0.03233588781731316,82.21903170252499,2924775.38341962,0.15551764162963388,0.03987631836657279
4.97,std,-2,5751232517610.322,0.005751232517610322,34,10,0.29411764705882354,1.0,100000000000000.0,54.76578491348137,0.032184293486452624,82.12773731537756,2912622.597837311,0.153974232535155,0.04528653898092794
4.9799999999999995,std,-2,5788117284327.196,0.005788117284327196,69,10,0.14492753623188406,1.0,100000000000000.0,37.008473345066996,0.03203361407711513,82.03651708048223,2900540.12874541,0.15244810381529134,0.022093928089172658
4.99,std,-2,5825164473817.181,0.005825164473817181,47,10,0.2127659574468085,1.0,100000000000000.0,50.001214517743044,0.03188384321537219,81.94537177163063,2888527.4562673313,0.15093904241533324,0.032114689875602814
