z,luminosity_function,alpha_intrinsic,L_min_Jy_kpc2,L_min_over_L_star,n_generated,n_detected,detection_rate_10_per_n,N_ratio_detectable_L,mean_detected_L,mean_SNR,SFR_psi,comoving_volume_Mpc3,time_Gyr,nfrb_sfr_base,n_total_population_scaled
0.01,schechter,0,10000000000.0,1e-05,16,10,0.625,1.0,1217856323510.3796,47022.11741661839,0.015366633837018974,3.7282091340508763,137678720.05218962,0.15775234525851003,0.09859521578656877
0.02,schechter,0,10000000000.0,1e-05,25,10,0.4,1.0,3357584607884.2583,21838.47672954495,0.015778461234561884,13.93399975757285,135706863.92550436,0.5967222832485286,0.23868891329941144
0.03,schechter,0,10000000000.0,1e-05,33,10,0.30303030303030304,1.0,388398667994.66504,260.0269495763768,0.016197006898133106,30.719737406341086,133769703.76805276,1.3311899406771597,0.40339089111429083
0.04,schechter,0,10000000000.0,1e-05,43,10,0.23255813953488372,1.0,2972014881467.327,226.7178180227438,0.0166223021408091,53.89843962463606,131866423.28089881,2.3628251608736344,0.5494942234589847
0.05,schechter,0,10000000000.0,1e-05,45,10,0.2222222222222222,1.0,1046595710212.5115,103.98907555584904,0.01705437728000787,83.283747000094,129996236.70924087,3.692809446859608,0.8206243215243573
0.060000000000000005,schechter,0,10000000000.0,1e-05,43,10,0.23255813953488372,1.0,1564296321279.4087,914.419304863102,0.017493261604641853,118.69009462144092,128158387.20751494,5.321845914162432,1.2376385846889375
0.06999999999999999,schechter,0,10000000000.0,1e-05,52,10,0.19230769230769232,1.0,3174505238053.569,1419.6335628799811,0.017938983341287663,159.93287784665935,126352145.30294725,7.250170074695702,1.3942634759030197
0.08,schechter,0,10000000000.0,1e-05,53,10,0.18867924528301888,1.0,9886188768224.525,930.6669787446108,0.018391569619367408,206.828612149245,124576807.45144194,9.477561382475905,1.7882191287690388
0.09,schechter,0,12065835960.648142,1.2065835960648143e-05,70,10,0.14285714285714285,0.9098738824407334,5646934365944.099,92.98184354667607,0.018851046435337065,259.19508683687684,122831694.67989907,12.003355471883863,1.5602199493598845
0.09999999999999999,schechter,0,14961401637.27533,1.496140163727533e-05,56,10,0.17857142857142858,0.8165252203347309,3241066936828.101,38.01203885307856,0.019317438615878545,316.8515124693155,121116151.30983643,14.826457019781099,2.1618171580107464
0.11,schechter,0,18180719378.279186,1.8180719378279187e-05,63,10,0.15873015873015872,0.7401925689869961,24924882597095.84,4461.69029118911,0.019790769780093035,379.61866182572226,119429543.75708403,17.94535316328326,2.1084154062396117
0.12,schechter,0,21726811693.557102,2.1726811693557103e-05,64,10,0.15625,0.6766210235329558,1317791866994.5967,113.79100815102174,0.020271062300694323,447.3190043065219,117771259.40308331,21.358127406411562,2.258024691636479
0.13,schechter,0,25602553979.114117,2.5602553979114118e-05,53,10,0.18867924528301888,0.6228650112842922,17598267438865.24,662.964529660104,0.02075833726420218,519.7768336717423,116140705.53330435,25.062473949683923,2.9453845508456897
0.14,schechter,0,29810677034.297207,2.9810677034297207e-05,72,10,0.1388888888888889,0.576820575064271,33806278195980.594,406.5005799003178,0.021252614430137,596.8183890542042,114537308.33873443,29.05571237879861,2.327768433783427
0.15000000000000002,schechter,0,34353769629.7622,3.43537696297622e-05,53,10,0.18867924528301888,0.5369446519219744,9683716473292.361,129.54516954920825,0.021753912189218152,678.271969202094,112960511.97664525,33.334802649979125,3.3771592463737266
0.16,schechter,0,39234281120.89045,3.923428112089045e-05,73,10,0.136986301369863,0.5020798584534878,16021959261607.605,514.0505740744964,0.02226224752057046,763.9680399353986,111409777.68701176,37.89636031185312,2.606438249490081
0.17,schechter,0,44454524101.47185,4.445452410147185e-05,54,10,0.18518518518518517,0.4713413141541024,5628630371126.468,600.288823491387,0.02277763594794393,853.7393348209936,109884582.96125181,42.736671905852546,3.730288721977268
0.18000000000000002,schechter,0,50016677092.5777,5.0016677092577695e-05,53,10,0.18867924528301888,0.44404113310512705,19952091263396.473,509.0083689627666,0.023300091494954225,947.4209490884867,108384420.7601139,47.85171048927105,4.0090807069197
0.19,schechter,0,55922787261.70656,5.592278726170656e-05,33,10,0.30303030303030304,0.419635409409701,26586774069732.13,173.53235447876492,0.023829626639352574,1044.850426838259,106908798.77780546,53.23715122809593,6.76975568224491
0.2,schechter,0,62174773167.39488,6.217477316739489e-05,47,10,0.2127659574468085,0.3976900156700295,5861941586058.463,106.21300919238493,0.024366252266335785,1145.8678416078574,105457238.74949963,58.88838700909626,4.9828347983894155
0.21000000000000002,schechter,0,68774427524.59431,6.877442752459432e-05,58,10,0.1724137931034483,0.37785284023581145,20977451267352.633,338.75135522642773,0.02490997762090884,1250.3158703718052,104029275.79969656,64.80054402297134,4.221563725500941
0.22,schechter,0,75723419986.37659,7.572341998637659e-05,63,10,0.15873015873015872,0.359836038859212,5113757890969.369,67.1032227089925,0.025460810259314456,1358.0398610845411,102624457.82893437,70.96849727401234,4.05349570521768
0.23,schechter,0,83023299937.52463,8.302329993752463e-05,63,10,0.15873015873015872,0.3434016405649065,16110811639633.996,96.05158528411891,0.026018755999546127,1468.8878938737594,101242344.93655138,77.38688597368754,4.218219619297406
0.24000000000000002,schechter,0,90675499295.88307,9.067549929588308e-05,37,10,0.2702702702702703,0.32835183478150387,20146562582224.715,50.78506892426065,0.02658381887096318,1582.7108360181978,99882508.87732875,84.05012877907393,7.458922702224489
0.25,schechter,0,98681335317.41992,9.868133531741992e-05,62,10,0.16129032258064516,0.3145199798592624,12245947836768.926,402.28662148025103,0.027156001063028613,1699.362390845037,98544532.5499974,90.95243883935566,4.613928908371764
0.26,schechter,0,107042013401.06255,0.00010704201340106255,61,10,0.16393442622950818,0.3017651668390767,20250551733551.32,119.14383495497509,0.02773530287319293,1818.6991407073685,97228009.51565525,98.08783861716387,4.852375899211948
0.27,schechter,0,115758629889.7788,0.00011575862988977879,39,10,0.2564102564102564,0.28996754316377105,17354138292879.574,108.81808851412066,0.0283217226539493,1940.5805841897627,95932543.54423486,105.45017445313471,7.840289233940134
0.28,schechter,0,124832174864.16063,0.00012483217486416063,71,10,0.14084507042253522,0.2790244561672157,71555668217187.81,5101.829019513101,0.028915256759088154,2064.8691677351853,94657748.18751705,113.03313084706787,4.442113783588852
0.29000000000000004,schechter,0,134263534925.37488,0.00013426353492537488,42,10,0.23809523809523808,0.26884693482519695,9184061576274.496,28.05078342995634,0.029515899489181725,2191.4303118522193,93403246.37677355,120.83024442906539,7.734485916412752
0.3,schechter,0,144053495964.14514,0.00014405349596414513,57,10,0.17543859649122806,0.25935841488526623,14593391200612.037,139.95111837276596,0.03012364303633178,2320.1324320908507,92168670.04385954,128.83491759857944,5.862178949165167
0.31,schechter,0,154202745912.83185,0.00015420274591283184,64,10,0.15625,0.2504918766385019,9126446957803.81,104.82879170066178,0.030738477428216556,2450.8469549989754,90953659.76403436,137.04043181227522,5.3636742093761685
0.32,schechter,0,164711877477.79282,0.00016471187747779282,49,10,0.20408163265306123,0.24218898427181623,11949047799848.018,63.264444061075984,0.03136039047147566,2583.4483292126974,89757864.41943079,145.43996050129752,7.188562511498432
0.33,schechter,0,175581390849.2803,0.0001755813908492803,63,10,0.15873015873015872,0.2343980773832227,21721493260846.184,433.57090669696737,0.031989367694474906,2717.8140319300255,88580940.88171776,154.02658160556922,5.730719776865949
0.34,schechter,0,186811696386.46194,0.00018681169638646195,80,10,0.125,0.22707400964972257,7134177963685.961,50.8538183333222,0.032625392289495694,2853.824570927673,87422553.71285346,162.79328971032933,4.6207656298241755
0.35000000000000003,schechter,0,198403117275.21118,0.00019840311727521118,90,10,0.1111111111111111,0.22017634566186328,71273292508666.16,44.29829691703683,0.03326844505439697,2991.3634823428524,86282374.8828454,171.73300777570455,4.201282897952775
0.36000000000000004,schechter,0,210355892156.44223,0.00021035589215644224,109,10,0.09174311926605505,0.21366968474949133,66534040633209.81,402.0043844328865,0.03391850433380093,3130.3173244256527,85160083.50335014,180.83859845104982,3.544929020328043
0.37,schechter,0,222670177723.06857,0.00022267017772306858,45,10,0.2222222222222222,0.20752191761746208,166401879198464.25,88.17538312317852,0.03457554595985672,3270.57566744747,84055365.5762477,190.10287496708867,8.766780701725082
0.38,schechter,0,235346051283.65552,0.0002353460512836555,60,10,0.16666666666666666,0.2017046633674302,22815548715303.36,285.62096249369205,0.035239543192639965,3412.0310799982894,82967913.75619605,199.51861160325706,6.707305731495336
0.39,schechter,0,248383513291.10498,0.00024838351329110496,44,10,0.22727272727272727,0.19619242422389738,19006719141180.227,50.25762828019892,0.03591046666024937,3554.5791118385127,81897427.12626469,209.07855372571777,9.322642797426123
0.4,schechter,0,261782489834.8048,0.00026178248983480483,53,10,0.18867924528301888,0.19096205001640176,38728348242692.08,105.330775373019,0.03658828429866464,3698.118273540167,80843610.98588744,218.7754273975318,7.882604548876819
0.41000000000000003,schechter,0,275542835094.81177,0.00027554283509481176,67,10,0.14925373134328357,0.18599275874030285,81284379650326.47,660.7693083949055,0.03727296129143468,3842.550013071754,79806176.65031886,228.60194855929993,6.346015979992984
0.42000000000000004,schechter,0,289664333756.82666,0.00028966433375682667,66,10,0.15151515151515152,0.18126591233194278,3560948480160.331,59.796388785291356,0.037964460009266905,3987.7786895725426,78784841.26087493,238.55083178569978,6.551686994117983
0.43,schechter,0,304146703386.7897,0.00030414670338678966,65,10,0.15384615384615385,0.17676458861683197,25471029264546.895,541.706880732449,0.038662739949594106,4133.711544460517,77779327.60525452,248.6147986188784,6.7609680926034725
0.44,schechter,0,318989596764.07654,0.0003189895967640765,64,10,0.15625,0.17247296523847122,23501744144849.742,114.99537956397171,0.03936775767619714,4280.258670083113,76789363.94735558,258.7865854851741,6.974014025401108
0.45,schechter,0,334192604172.43616,0.0003341926041724362,69,10,0.14492753623188406,0.16837724849723612,76366897854534.36,46.34213514016553,0.04007946675896711,4427.332976080888,75814683.86589663,269.0589512003192,6.565710998066938
0.46,schechter,0,349755255647.8884,0.0003497552556478884,97,10,0.10309278350515463,0.16446438782659167,94603952047298.14,1196.1812705997113,0.04079781771389325,4574.850153658399,74855026.10136408,279.42468407155866,4.7376710937595545
0.47000000000000003,schechter,0,365677023182.87317,0.00036567702318287317,37,10,0.2702702702702703,0.1607227068910677,67796131886386.08,73.43342053674385,0.04152275794336715,4722.728637913258,73910134.4107027,289.87660860332545,12.591825188953793
0.48000000000000004,schechter,0,381957322886.1865,0.0003819573228861865,54,10,0.18518518518518517,0.15714128914517755,42344234694040.5,196.56884368099145,0.04225423167689769,4870.889568398289,72979757.42922702,300.4075918157317,8.741932638318955
0.49,schechter,0,398595517098.1806,0.0003985955170981806,99,10,0.10101010101010101,0.1537104660094618,17482778799411.777,134.70303908684537,0.042992179912334685,5019.256748088762,72063648.53939462,311.010549186576,4.82884610599265
0.5,schechter,0,415590916460.91,0.00041559091646090995,56,10,0.17857142857142858,0.1504208898733731,11315444750653.855,49.111141745535136,0.04373654035770323,5167.756600884184,71161565.7458431,321.67845022488945,8.640564059984897
0.51,schechter,0,432942781942.94147,0.00043294278194294146,62,10,0.16129032258064516,0.14726426206772747,79634033689885.34,51.7265241799076,0.04448724737375437,5316.318127835668,70273271.55644336,332.4043236900211,7.895367328440803
0.52,schechter,0,450650326818.7578,0.0004506503268187578,74,10,0.13513513513513514,0.14423274709282563,181306015416890.66,127.95554483068182,0.04524423191734168,5464.872862189886,69398532.8688438,343.1812624636704,6.688915707556648
0.53,schechter,0,468712718602.4619,0.0004687127186024619,64,10,0.15625,0.14131935892478054,16054743150724.426,78.67111859366614,0.04600742148573693,5613.35482343715,68537120.86228469,354.00242809021705,7.8167806555508115
0.54,schechter,0,487129080936.03094,0.0004871290809360309,74,10,0.13513513513513514,0.13851732990166832,5307624563216.785,46.80524001837607,0.046776740062001616,5761.700470469526,67688810.89416112,364.8610549948217,6.829672854457901
0.55,schechter,0,505898495431.9298,0.0005058984954319298,46,10,0.21739130434782608,0.13582061134252565,35419229406367.69,54.09083360864473,0.04755210806153499,5909.848653982182,66853382.401291125,375.75045439330836,11.094490527811075
0.56,schechter,0,525020003470.46515,0.0005250200034704652,81,10,0.12345679012345678,0.13322339219705315,154151130685221.75,173.59501117952496,0.04833344227992233,6057.740568232535,66030618.80524841,386.6640179040933,6.359591617990791
0.5700000000000001,schechter,0,544492607951.86273,0.0005444926079518627,55,10,0.18181818181818182,0.13072045697053802,60814582766095.8,117.61439157434602,0.049120655842211244,6205.319702292005,65220307.42184981,397.5952208779041,9.449787084083933
0.5800000000000001,schechter,0,564315275003.4573,0.0005643152750034573,83,10,0.12048192771084337,0.12830679198923278,195834660164324.8,3168.033872497092,0.04991365815374634,6352.531790857427,64422239.37422575,408.53762545351833,6.315440015522852
0.59,schechter,0,584486935642.2703,0.0005844869356422703,71,10,0.14084507042253522,0.1259777690155236,71637993075806.44,133.29278693605258,0.050712354852696435,6499.32476480644,63636209.50946025,419.4848833585817,7.443066160739615
0.6,schechter,0,605006487393.3424,0.0006050064873933424,85,10,0.11764705882352941,0.12372932321021335,44164783505592.78,63.15199442648983,0.051516647764411366,6645.648701459815,62862016.318445235,430.4307384586962,6.265518112749039
0.61,schechter,0,625872795864.1997,0.0006258727958641997,56,10,0.17857142857142858,0.12155716928755977,24032020023101.445,87.31092645240452,0.05232643485774771,6791.455774830447,62099461.8588071,441.3690290797157,9.580637461808731
0.62,schechter,0,647084696276.0165,0.0006470846962760165,57,10,0.17543859649122806,0.1194576864375404,9531001253717.03,45.968566253899205,0.05314161020350689,6936.7002057265345,61348351.680681646,452.29369010131046,9.478939966631652
0.63,schechter,0,668640994951.8097,0.0006686409949518097,77,10,0.12987012987012986,0.1174273892119998,246392198518315.6,95.56467790340653,0.05396206393512963,7081.338211999021,60608494.75515795,463.1987548474542,7.063924736102036
0.64,schechter,0,690540470762.3429,0.0006905404707623429,65,10,0.15384615384615385,0.11546292632376298,31694449417768.74,50.55217729501812,0.054787682211795266,7225.32795886138,59879703.405252725,474.0783567764737,8.421303750795786
0.65,schechter,0,712781876530.2457,0.0007127818765302457,96,10,0.10416666666666667,0.113561200635794,28583037614169.75,175.47301481829362,0.055618347184074164,7368.629509418529,59161793.23922499,484.9267309864065,5.736339769917397
0.66,schechter,0,735363940392.956,0.000735363940392956,52,10,0.19230769230769232,0.11171935737910343,28153186849256.418,45.22137260349943,0.056453936962285574,7511.204775486593,58454583.086089864,495.7382155482176,10.650683628713528
0.67,schechter,0,758285367125.0365,0.0007582853671250365,99,10,0.10101010101010101,0.1099347022112298,83398130236419.73,297.8583683073139,0.05729432558771266,7653.01746867457,57757894.933217816,506.50725267228125,5.62451757478337
0.68,schechter,0,781544839420.6963,0.0007815448394206963,83,10,0.12048192771084337,0.1082045924189401,19591412812928.953,78.51162728341453,0.05813938300682973,7794.033051942464,57071553.86587637,517.2283897292673,6.7429502527903695
0.6900000000000001,schechter,0,805141019136.9657,0.0008051410191369657,124,10,0.08064516129032258,0.1065266535874545,147355203915627.84,220.8406607239959,0.05898897504869533,7934.218691494399,56395388.00860588,527.8962801232561,4.535082593773867
0.7000000000000001,schechter,0,829072548498.379,0.000829072548498379,41,10,0.24390243902439024,0.10489867638631167,56082883642867.11,81.25603287497032,0.059842963405668255,8073.543209242533,55729228.46830064,538.5056840394896,13.777691093231175
0.7100000000000001,schechter,0,853338051263.7616,0.0008533380512637616,59,10,0.1694915254237288,0.10331833288603509,68827304243728.04,286.1789838251339,0.06070120561760056,8211.977035741833,55072909.27894104,549.0514690674777,9.614759737742416
0.72,schechter,0,877936133855.915,0.000877936133855915,47,10,0.2127659574468085,0.10178381388674607,86871613057254.28,431.45805268261256,0.061563555059664696,8349.492163745432,54426267.3478233,559.5286107156445,12.117224676040586
0.73,schechter,0,902865386454.8932,0.0009028653864548932,81,10,0.12345679012345678,0.10029308159889339,89805235756826.16,76.52661939497825,0.062429860933968816,8486.062102307085,53789142.40325106,569.9321928197182,7.056821718556078
0.74,schechter,0,928124384055.5602,0.0009281243840555601,66,10,0.15151515151515152,0.09884433061056574,103859890054080.31,394.85997052668665,0.06329996826511489,8621.661831586562,53161376.94359302,580.2574078616256,8.690175009379455
0.75,schechter,0,953711687490.3237,0.0009537116874903238,52,10,0.19230769230769232,0.09743584555385698,40653305851986.22,57.010033473403574,0.06417371789985252,8756.267758290463,52542816.187593825,590.4995572002682,11.064581472112744
0.76,schechter,0,979625844417.5685,0.0009796258444175684,64,10,0.15625,0.09606603376304335,63401139930929.69,169.49618972440058,0.06505094651097904,8889.857671816,51933308.025967404,600.6540512258507,9.016008182026772
0.77,schechter,0,1005865390276.7778,0.0010058653902767778,48,10,0.20833333333333334,0.09473340600051416,62342007124775.92,46.504284089733176,0.06593148660563516,9022.410701138115,51332702.97407133,610.7164094449047,12.05317615981675
0.78,schechter,0,1032428849210.9352,0.0010324288492109352,73,10,0.136986301369863,0.09343636598574467,102033617287014.86,136.52349762220518,0.06681516653814157,9153.907272411292,50740854.125752576,620.6822605014061,7.944423952475162
0.79,schechter,0,1059314734957.0256,0.0010593147349570256,100,10,0.1,0.09217366691968476,34166347090473.742,70.69952393410996,0.0677018105275198,9284.32906734235,50157617.108157024,630.5473421414953,5.81198606916427
0.8,schechter,0,1086521551705.4003,0.0010865215517054003,83,10,0.12048192771084337,0.09094395157114166,61177824587559.15,204.38082826403266,0.06859123867983588,9413.658982368152,49582850.03763585,640.3075011315107,7.015914984764197
0.81,schechter,0,1114047794928.7341,0.0011140477949287341,118,10,0.0847457627118644,0.0897459433360347,47226447589768.24,105.27417254926426,0.06948326701550157,9541.881088584212,49016413.47646635,649.9586931277837,4.943318308831291
0.8200000000000001,schechter,0,1141891952181.341,0.001141891952181341,107,10,0.09345794392523364,0.08857846724072294,26790724584808.305,44.772142578369184,0.0703777075016633,9668.980592493757,48458170.39061373,659.496982510991,5.459554379505181
0.8300000000000001,schechter,0,1170052503869.5847,0.0011700525038695847,85,10,0.11764705882352941,0.08744038243509245,104766274282357.31,287.89549097814285,0.0712743680898028,9794.943797575082,47907986.10823188,668.9185421860891,6.881234487844253
0.8400000000000001,schechter,0,1198527923994.1294,0.0011985279239941295,68,10,0.14705882352941177,0.08633065538978446,47199696986479.55,99.17567946688969,0.07217305275866856,9919.758066657105,47365728.279101126,678.2196533544285,8.61046281945886
0.85,schechter,0,1227316680864.7842,0.0012273166808647843,62,10,0.16129032258064516,0.08524827844522687,112141715528416.66,98.08475337902084,0.0730735615626498,10043.411785105856,46831266.83476413,687.3967052594637,9.451513827788759
0.86,schechter,0,1256417237788.6208,0.001256417237788621,73,10,0.136986301369863,0.08419215966325899,94886285865581.53,96.3983894653431,0.07397569068569808,10165.894324870833,46304473.94949488,696.4461949153844,8.03223414235414
0.87,schechter,0,1285828053732.1282,0.0012858280537321283,63,10,0.15873015873015872,0.08316153241428414,271433765368222.75,376.87273789542803,0.07487923250089422,10287.196009308995,45785224.0019454,705.3647268147334,9.31098596712637
0.88,schechter,0,1315547583958.1055,0.0013155475839581054,70,10,0.14285714285714285,0.08215539781015557,50350753281589.33,72.79573457591667,0.07578397563574907,10407.30807889508,45273393.53755888,714.1490126273185,8.381599461161024
0.89,schechter,0,1345574280637.9773,0.0013455742806379773,58,10,0.1724137931034483,0.08117291563434081,23316410115510.24,63.21124426137644,0.07668970504331966,10526.222657686081,44768861.231587745,722.7958708822614,10.115766939306155
0.9,schechter,0,1375906593440.227,0.001375906593440227,39,10,0.2564102564102564,0.080213302323626,207008284142284.47,204.98631639392306,0.07759620207921059,10643.932720682735,44271507.85283817,731.302226647834,15.041068357959889
0.91,schechter,0,1406542970095.665,0.001406542970095665,82,10,0.12195121951219512,0.07927579415217101,123831681437339.05,35.0014429951611,0.07850324458452297,10760.432061940319,43781216.22801512,739.6651111997987,7.150919402075356
0.92,schechter,0,1437481856940.1326,0.0014374818569401326,47,10,0.2127659574468085,0.07835964716534338,67923000717556.85,137.8048801954183,0.07941060697480082,10875.715263542073,43297871.206686266,747.8816616887599,12.468881517311049
0.93,schechter,0,1468721699435.3738,0.0014687216994353739,101,10,0.09900990099009901,0.07746413708279931,102635474423595.6,86.92707285875764,0.08031806033501555,10989.777665362253,42821359.6268634,755.9491208037634,5.797915477382609
0.9400000000000001,schechter,0,1500260942668.6753,0.0015002609426686753,83,10,0.12048192771084337,0.07658855917321028,41789371156552.28,121.80753478835587,0.08122537252061583,11102.615335608036,42351570.28113079,763.8648364321665,7.048591231978262
0.9500000000000001,schechter,0,1532098031831.9,0.0015320980318319,77,10,0.12987012987012986,0.07573236385914617,270658450554698.6,124.24106867726474,0.08213230826466011,11214.225042181977,41888393.88338472,771.6262613214965,7.589231270866515
0.9600000000000001,schechter,0,1564231412680.6257,0.0015642314126806257,77,10,0.12987012987012986,0.07489483676983666,31654608967824.273,29.72832505199772,0.0830386292910345,11324.60422481344,41431723.03608367,779.2309527394831,7.579269482003621
0.97,schechter,0,1596659531973.855,0.001596659531973855,62,10,0.16129032258064516,0.07407543950585604,50579449549349.125,18.523855103213712,0.08394409443374791,11433.750967964817,40981452.198053606,786.6765721346915,9.398937553199604
0.98,schechter,0,1629380837895.035,0.001629380837895035,30,10,0.3333333333333333,0.07327351883799382,57116308680399.336,122.17846062699236,0.08484845976228053,11541.663974482053,40537477.652815565,793.9608847961025,19.39210261624582
0.99,schechter,0,1662393780454.8857,0.0016623937804548857,124,10,0.08064516129032258,0.07248867592737496,48307192251243.96,36.077857522530316,0.08575147871295036,11648.342540043346,40099697.47744613,801.081759516394,4.683012585235097
1.0,schechter,0,1695696811876.65,0.00169569681187665,132,10,0.07575757575757576,0.07172027641480949,182655405306001.84,449.10817071544795,0.08665290222624604,11753.78652826066,39668011.51188104,808.0371682477672,4.390352201528015
1.01,schechter,0,1729288386964.2925,0.0017292883869642925,78,10,0.1282051282051282,0.07096782938841328,178451646251737.53,168.8836548417941,0.08755247889006164,11857.996346632262,39242321.32879002,814.8251857668887,7.413637790370092
1.02,schechter,0,1763166963454.2537,0.0017631669634542537,107,10,0.09345794392523364,0.07023086211183627,74468449914287.47,176.6700654794995,0.08844995508875261,11960.97292307973,38822530.203856505,821.4439893275493,5.391656032435496
1.03,schechter,0,1797331002351.2002,0.0017973310023512003,79,10,0.12658227848101267,0.06950891256290825,226286968614619.84,254.94721390027303,0.08934507515791797,12062.717683282899,38408543.086599246,827.8918583185326,7.2842864292919645
1.04,schechter,0,1831778968248.4346,0.0018317789682484346,83,10,0.12048192771084337,0.06880152940003481,275167026234342.25,219.22531022773902,0.09023758154479809,12163.232528666726,38000266.571585506,834.1671739134473,6.914696065126505
1.05,schechter,0,1866509329633.2883,0.0018665093296332882,63,10,0.15873015873015872,0.06810827191544855,84199109654926.33,51.66257201512127,0.09112721497416236,12262.519815063748,37597608.87017283,840.2684187167621,9.084004753004
1.06,schechter,0,1901520559178.1765,0.0019015205591781765,122,10,0.08196721311475409,0.06742876381064244,21281887877198.23,24.429215614135693,0.09201371461954395,12360.58233204191,37200479.78263619,846.1941764018893,4.676871086765909
1.07,schechter,0,1936811134017.6843,0.0019368111340176844,84,10,0.11904761904761904,0.0667626202332352,85666060373634.12,204.37681151988824,0.09289681827966537,12457.423282894637,36808790.67077036,851.9431313424881,6.771185206920446
1.08,schechter,0,1972379536012.1914,0.0019723795360121915,88,10,0.11363636363636363,0.06610936873726136,392517526023913.4,133.9287944075732,0.09377626255988103,12553.046265254257,36422454.43092041,857.5140682326635,6.442012924338892
1.09,schechter,0,2008224251998.5042,0.002008224251998504,89,10,0.11235955056179775,0.0654687606855554,96103032889501.69,105.35534735633696,0.09465178305844799,12647.455252333142,36041385.46742419,862.905871695213,6.347570562716233
1.1,schechter,0,2044343774027.9224,0.002044343774027922,71,10,0.14084507042253522,0.06484032209182278,38148855432818.266,31.061955579435903,0.09552311455742028,12740.654574762302,35665499.66649557,868.1175258756695,7.928030984695029
1.11,schechter,0,2080736599592.2136,0.0020807365995922137,112,10,0.08928571428571429,0.06422384158902372,77113765557814.66,50.57573540191072,0.09638999121794681,12832.64890305931,35294714.37049736,873.1481140221814,5.006868407028161
1.12,schechter,0,2117401231837.8347,0.0021174012318378346,106,10,0.09433962264150944,0.06361887072340378,121256936325757.1,148.4062539382889,0.09725214677973788,12923.443230614652,34928948.352648705,877.9968180437401,5.26954396817779
1.1300000000000001,schechter,0,2154336179768.9243,0.0021543361797689243,48,10,0.20833333333333334,0.06302513329422366,110145045246615.78,211.4695235165287,0.09810931476444977,13013.042857323542,34568121.792101,882.6629180527483,11.5895725133631
1.1400000000000001,schechter,0,2191539958439.4038,0.002191539958439404,86,10,0.11627906976744186,0.062442388436244056,96104173511682.28,126.55953447304844,0.09896122868272254,13101.453373703049,34212156.24944995,887.1457918815925,6.441337457703456
1.1500000000000001,schechter,0,2229011089134.559,0.002229011089134559,76,10,0.13157894736842105,0.06187027003439782,157308397390839.4,217.86836944522355,0.09980762224459194,13188.680645591357,33860974.64260373,891.4449145766952,7.25709705074353
1.1600000000000001,schechter,0,2266748099542.489,0.0022667480995424887,63,10,0.15873015873015872,0.061308503635654654,20493648483888.01,20.99135191192383,0.10064822957298275,13274.73079935869,33514501.22304822,895.5598578651108,8.715148381249127
1.17,schechter,0,2304749523915.8916,0.0023047495239158916,74,10,0.13513513513513514,0.06075682012631756,87011786837669.53,62.26432759840528,0.10148278541997709,13359.610207623391,33172661.552509196,899.4902895921181,7.385158071637514
1.18,schechter,0,2343013903224.341,0.002343013903224341,64,10,0.15625,0.06021495572397639,213563313779909.78,356.49900889412686,0.1023110253855389,13443.325475482128,32835382.47995832,903.2359731278548,8.498174082843205
1.19,schechter,0,2381539785297.603,0.002381539785297603,61,10,0.16393442622950818,0.05968265196399847,30406991885024.836,33.39353799096042,0.10313268613836393,13525.883427226881,32502592.119014297,906.796766741375,8.872137021558128
1.2,schechter,0,2420325724960.1743,0.0024203257249601744,73,10,0.136986301369863,0.059159655680882106,194408093874712.8,37.84749872776051,0.1039475056385125,13607.291093517782,32174219.82570734,910.1726229381247,7.376095751121205
1.21,schechter,0,2459370284157.488,0.0024593702841574877,131,10,0.07633587786259542,0.05864573557337838,196590750765012.66,158.95857572447267,0.1047552233614732,13687.55569903683,31850196.176586464,913.3635877608846,4.08892209543336
1.22,schechter,0,2498672032074.0034,0.0024986720320740036,62,10,0.16129032258064516,0.058140711495987984,148161683713178.7,70.30864418457736,0.10555558052329424,13766.68465056465,31530452.947203357,916.3698000502384,8.593289059412436
1.23,schechter,0,2538229545243.547,0.002538229545243547,40,10,0.25,0.05764428440787872,45681356831764.586,74.88375793397766,0.10634832030641155,13844.685525539873,31214923.090939093,919.1914906666773,13.246533928322986
1.24,schechter,0,2578041407652.161,0.0025780414076521613,97,10,0.10309278350515463,0.057156221246716155,190104487752078.97,303.5613868103202,0.10713318808579403,13921.566060975534,30903540.718176357,921.8289816651703,5.431779508009229
1.25,schechter,0,2618106210833.792,0.002618106210833792,47,10,0.2127659574468085,0.05667644106688996,122144838778409.08,189.81654977123108,0.1079099316550206,13997.334142836586,30596241.075822484,924.282685428535,11.145755989327055
1.26,schechter,0,2658422553959.0586,0.0026584225539590584,88,10,0.11363636363636363,0.05620459152867918,112070782730677.67,85.1302752060098,0.10867830145189603,14071.997795805188,30292960.52715669,926.5531037532486,5.917788491600141
1.27,schechter,0,2698989043917.355,0.002698989043917355,93,10,0.10752688172043011,0.055740593344481115,57996151120580.086,55.42494937004699,0.10943805078320944,14145.565173427985,29993636.532022804,928.6408268873859,5.5659129779153185
1.28,schechter,0,2739804295392.6357,0.002739804295392636,75,10,0.13333333333333333,0.055284146199944484,40491173461314.8,37.41301993927308,0.11018893604823399,14218.044548626964,29698207.62734887,930.5465325184638,6.859262739946953
1.29,schechter,0,2780866930932.981,0.0027808669309329808,47,10,0.2127659574468085,0.05483520346745696,40558318384618.59,45.881026954277985,0.11093071696056572,14289.444304597035,29406613.407992665,932.2709847123643,10.876865773087012
1.3,schechter,0,2822175581014.3794,0.0028221755810143795,100,10,0.1,0.05439346631548991,241827610446177.44,99.27443607087966,0.11166315676789583,14359.772926052461,29118794.50790167,933.8150328002464,5.079343653151831
1.31,schechter,0,2863728884098.757,0.0028637288840987567,71,10,0.14084507042253522,0.05395879122031666,99733182150975.47,57.16646206256313,0.11238602246931209,14429.03899081841,28834692.581594545,935.1796102133612,7.107205822676039
1.32,schechter,0,2905525486686.6753,0.0029055254866866753,61,10,0.16393442622950818,0.053531084588718914,170062891551283.84,314.593898759375,0.11309908502972522,14497.25116171717,28554250.285959702,936.3657332624405,8.217159552991722
1.33,schechter,0,2947564043364.772,0.002947564043364772,121,10,0.08264462809917356,0.053110109377593195,47372949215035.14,66.21663035313541,0.11380211959101888,14564.41817885086,28277411.26235228,937.3744998678782,4.114385307086755
1.34,schechter,0,2989843216848.2246,0.0029898432168482245,99,10,0.10101010101010101,0.052695718237201095,57119198310903.125,75.66735540304335,0.11449490567952506,14630.548852115835,28004120.11900111,938.20708823075,4.993888522177017
1.35,schechter,0,3032361678018.4365,0.0030323616780184364,108,10,0.09259259259259259,0.05228776619256836,59647383945807.8,114.61231243448762,0.11517722740943068,14695.652054082813,27734322.413720313,938.8647554537145,4.545476001815435
1.36,schechter,0,3075118105956.134,0.0030751181059561336,94,10,0.10638297872340426,0.05188611064436954,53688832306673.17,37.54118392945837,0.11584887368172872,14759.736713123215,27467964.636896268,939.3488361037821,5.185016770610701
1.37,schechter,0,3118111187970.09,0.00311811118797009,103,10,0.0970873786407767,0.0514906113678093,199109767590393.22,108.37711635687386,0.11650963837833293,14822.811806857162,27204994.194798715,939.6607407242873,4.697447186235155
1.3800000000000001,schechter,0,3161339619621.5776,0.0031613396196215776,60,10,0.16666666666666666,0.05110113050959986,157393501704044.34,58.77587772618152,0.1171593205509839,14884.886355836383,26945359.393152125,939.8019542893747,8.004157053219723
1.3900000000000001,schechter,0,3204802104744.8823,0.003204802104744882,76,10,0.13157894736842105,0.05071753258313261,113632645173468.62,212.43152096937,0.11779772460458442,14945.969417528673,26689009.4209975,939.7740346074289,6.271450029076877
1.4000000000000001,schechter,0,3248497355463.8936,0.0032484973554638935,124,10,0.08064516129032258,0.05033968446194137,153131962832514.2,62.51703470409855,0.11842466047461185,15006.070080530288,26435894.334847275,939.578610670212,3.81436216034901
1.4100000000000001,schechter,0,3292424092205.025,0.003292424092205025,83,10,0.12048192771084337,0.04996745537154512,261227630192055.75,241.8518467314665,0.1190399437982678,15065.197459045157,26185965.04308979,939.2173809501556,5.654253321301975
1.42,schechter,0,3336581043706.6343,0.003336581043706634,126,10,0.07936507936507936,0.049600716879759754,94334441852525.7,77.74957063893817,0.1196433960790384,15123.360687592676,25939173.29070372,938.6921116471858,3.695222354529833
1.43,schechter,0,3380966947025.0117,0.003380966947025012,87,10,0.11494252873563218,0.049239342885567194,39798051826311.84,25.745244680662232,0.12023484484435139,15180.56891595157,25695471.644191947,938.0046348841554,5.308819752334735
1.44,schechter,0,3425580547537.196,0.003425580547537196,75,10,0.13333333333333333,0.04888325434685503,126149160068568.42,62.76784819347707,0.12081412379603326,15236.831304322226,25454813.47682177,937.1568468548726,6.108170201027121
1.45,schechter,0,3470420598940.7144,0.0034704205989407144,79,10,0.12658227848101267,0.04853233077869534,193963361927854.8,56.82685432771584,0.12138107295328354,15292.157018716307,25217152.95410143,936.1507059248886,5.7510855340070695
1.46,schechter,0,3515485863250.303,0.0035154858632503033,81,10,0.12345679012345678,0.04818641732576745,210192138141844.8,29.290597925887745,0.12193553878790152,15346.555226537701,24982445.019521292,934.9882306861223,5.562189268953384
1.47,schechter,0,3560775110791.973,0.003560775110791973,90,10,0.1111111111111111,0.04784543876561753,122693884588223.6,91.07058474198531,0.12247737435151856,15400.035092388418,24750645.38054905,933.6714979694344,4.963546942588774
1.48,schechter,0,3606287120194.2354,0.0036062871201942353,76,10,0.13157894736842105,0.047509317874876,42206245971137.125,54.92095833353456,0.12300643939460665,15452.605774026897,24521710.494854964,932.2026408123751,5.827409419230787
1.49,schechter,0,3652020678376.8877,0.003652020678376888,78,10,0.1282051282051282,0.047177870777168285,197541559587156.2,250.94142431895867,0.12352260047705375,15504.276418585863,24295597.556820426,930.5838463933189,5.628585186213361
1.5,schechter,0,3697974580537.324,0.003697974580537324,98,10,0.10204081632653061,0.04685112337318387,139563320009200.62,220.79600752738529,0.1240257310701164,15555.056158882204,24072264.484238382,928.8173539211923,4.440422085685303
1.51,schechter,0,3744147630134.5366,0.0037441476301345368,103,10,0.0970873786407767,0.04652884336387497,282693527987831.1,70.59871099367392,0.12451571164958056,15604.954109968738,23851669.90529175,926.905452496074,4.187168797311794
1.52,schechter,0,3790538638870.9424,0.0037905386388709422,135,10,0.07407407407407407,0.04621106980418754,225347930025303.94,82.66679166084072,0.12499242977998155,15653.97936585069,23633773.145745885,924.8504789365735,3.1658022252277243
1.53,schechter,0,3837146426672.065,0.003837146426672065,54,10,0.18518518518518517,0.04589759019325057,204941022036681.3,185.2249134307994,0.12545578018975678,15702.140996287526,23418534.21637197,922.6548155731072,7.842154187963639
1.54,schechter,0,3883969821664.2515,0.0038839698216642515,81,10,0.12345679012345678,0.04558841693766946,181422172259127.94,73.19230385954614,0.12590566483722512,15749.448043869581,23205913.800602216,920.3208880215768,5.179749674021463
1.55,schechter,0,3931007660150.503,0.003931007660150503,91,10,0.10989010989010989,0.045283404844081776,73604467934125.47,38.172215407367524,0.12634199296731044,15795.9095211622,22995873.24240182,917.8511629278747,4.567409428293869
1.56,schechter,0,3978258786584.5293,0.003978258786584529,82,10,0.12195121951219512,0.0449824546614217,112213242212912.33,46.30192832801276,0.12676468115894596,15841.534407997819,22788374.534365553,915.2481456917285,5.020744904576642
1.57,schechter,0,4025722053543.0093,0.004025722053543009,92,10,0.10869565217391304,0.0446855717468414,106003001904348.95,75.513891632707,0.12717365336312167,15886.331648966701,22583380.306024913,912.5143781756993,4.432198556086368
1.58,schechter,0,4073396321696.363,0.004073396321696363,90,10,0.1111111111111111,0.044392604563560534,144408889520101.44,99.06881246948039,0.1275688409315561,15930.31015097436,22380853.81236754,909.6524363952129,4.48687121101912
1.59,schechter,0,4121280459777.878,0.004121280459777878,99,10,0.10101010101010101,0.04410347685141114,51409006834235.875,28.91603320455688,0.12795018263599814,15973.478780958283,22180758.922575094,906.6649281988466,4.039098552808502
1.6,schechter,0,4169373344551.4946,0.004169373344551495,92,10,0.10869565217391304,0.043818119710206216,389886071432289.94,60.056011869453606,0.12831762467818383,16015.846363763132,21983060.10894857,903.5544909410634,4.303484657472821
1.61,schechter,0,4217673860778.116,0.004217673860778116,70,10,0.14285714285714285,0.04353649968737161,30365090667765.01,37.20917025550439,0.12867112069049735,16057.4216800439,21787722.43604854,900.3237891447086,5.599563766375975
1.62,schechter,0,4266180901180.7085,0.004266180901180709,65,10,0.15384615384615385,0.04325851876933584,153957571921529.7,49.17939105327072,0.12901063172740435,16098.21346441354,21594711.550035674,896.975512168566,5.969512619812083
1.6300000000000001,schechter,0,4314893366408.153,0.004314893366408153,88,10,0.11363636363636363,0.04298409848778195,33530425544557.75,17.193642376984847,0.1293361262477481,16138.230403554893,21403993.66818979,893.512371866861,4.364411794588274
1.6400000000000001,schechter,0,4363810164997.932,0.004363810164997932,63,10,0.15873015873015872,0.04271317376249184,69181282707778.67,43.333365830520265,0.12964758008801838,16177.481134580541,21215535.568644308,889.9371002617826,6.033656825582482
1.6500000000000001,schechter,0,4412930213337.769,0.004412930213337768,48,10,0.20833333333333334,0.04244568040596519,146913626181282.34,133.9409445400654,0.12994497642672279,16215.974243403414,21029304.58028762,886.2524472172857,7.836997527831135
1.6600000000000001,schechter,0,4462252435626.212,0.004462252435626212,57,10,0.17543859649122806,0.042181555122524306,176953215873580.6,149.2168313267917,0.13022830574001035,16253.718263224135,20845268.57286173,882.4611781249629,6.530453478695764
1.6700000000000002,schechter,0,4511775763832.298,0.004511775763832298,74,10,0.13513513513513514,0.04192073550694475,134417523626891.9,83.58948834589248,0.13049756574871402,16290.721673135347,20663395.94724198,878.566071604773,4.977045393664754
1.68,schechter,0,4561499137654.312,0.004561499137654312,61,10,0.16393442622950818,0.041663160042634706,406867746270170.1,114.20083829415307,0.13075276135699798,16326.992896811185,20483655.625891827,874.56991722208,5.973335480278246
1.69,schechter,0,4611421504477.678,0.004611421504477678,109,10,0.09174311926605505,0.04140876809938221,98095602905502.78,73.33561978012307,0.13099390458281196,16362.540301265339,20306017.043500546,870.4755132238498,3.3069099691079917
1.7,schechter,0,4661541819332.137,0.004661541819332137,75,10,0.13333333333333333,0.041157499930691954,221515137505238.97,92.08691660534417,0.13122101448037002,16397.37219569985,20130450.13778125,866.2856642975934,4.753886955771684
1.71,schechter,0,4711859044848.104,0.004711859044848103,85,10,0.11764705882352941,0.04090929667072718,207348413646279.3,215.21457878343253,0.13143411705488842,16431.496830473665,19956925.34045368,862.0031793588529,4.148699270058985
1.72,schechter,0,4762372151212.44,0.00476237215121244,103,10,0.0970873786407767,0.04066410033087964,230658267425921.2,93.3589642069392,0.13163324516982902,16464.92239605897,19785413.568385925,857.6308693623118,3.3859017202532598
1.73,schechter,0,4813080116123.537,0.004813080116123537,139,10,0.07194244604316546,0.04042187856163837,81394790119344.72,70.8360174126685,0.1318184384469108,16497.657022194413,19615886.214899182,853.1715451508319,2.481064502901604
1.74,schechter,0,4863981924745.82,0.004863981924745821,141,10,0.07092198581560284,0.040182575829689426,33575171284489.355,25.113706547852626,0.13198974315916043,16529.70877699325,19448315.141239457,848.6280153327931,2.4184439416531065
1.75,schechter,0,4915076569663.736,0.004915076569663736,114,10,0.08771929824561403,0.03994611727665054,151707538014209.2,29.92591050666048,0.13214721211728916,16561.08566619399,19282672.668198943,844.0030841997404,2.9574251037980344
1.76,schechter,0,4966363050835.242,0.004966363050835242,137,10,0.072992700729927,0.03971244818697939,260209021529410.3,130.29141649683427,0.13229090454968861,16591.795632431928,19118931.567901675,839.2995496813572,2.4328934219033598
1.77,schechter,0,5017840375544.841,0.005017840375544841,95,10,0.10526315789473684,0.039481519679984256,303122013403634.4,148.7220670447362,0.13242088597635046,16621.846554639655,18957065.055737577,834.520201345262,3.468223763448145
1.78,schechter,0,5069507558356.167,0.005069507558356167,96,10,0.10416666666666667,0.03925334361706845,226245023086170.8,46.33626134705821,0.1325372280770222,16651.246247400755,18797046.782446537,829.6678184352661,3.392420413027402
1.79,schechter,0,5121363621064.252,0.0051213636210642515,59,10,0.1694915254237288,0.039027803256215465,247134684607785.4,41.81690798070851,0.13264000855391733,16680.00246047845,18638850.826349083,824.7451679615729,5.455591890121804
1.8,schechter,0,5173407592647.417,0.005173407592647417,90,10,0.1111111111111111,0.03880484710062615,203579527613251.22,38.82689775219586,0.1327293109893057,16708.12287830818,18482451.68572671,819.7550028346349,3.534496393885707
1.81,schechter,0,5225638509218.855,0.005225638509218856,146,10,0.0684931506849315,0.0385845091597915,113400932169870.75,56.58066659474863,0.13280522469831382,16735.615119585844,18327824.271332726,814.7000600505902,2.15306862530854
1.82,schechter,0,5278055413977.972,0.005278055413977972,44,10,0.22727272727272727,0.03836666682450485,149946968057860.4,20.7176240506315,0.132867844577269,16762.486736918385,18174943.89906127,809.5830589297527,7.059318974709385
1.83,schechter,0,5330657357161.445,0.005330657357161445,133,10,0.07518796992481203,0.03815129791815719,280381041164559.56,26.679486290154717,0.13291727094792347,16788.745216488816,18023786.282729935,804.4066994056778,2.3074556117584613
1.84,schechter,0,5383443395994.079,0.0053834433959940795,93,10,0.10752688172043011,0.0379383931145284,170603113821351.84,117.84514014779015,0.13295360939789763,16814.397977760542,17874327.527015675,799.1736603695323,3.2601467197716048
1.85,schechter,0,5436412594639.553,0.005436412594639553,91,10,0.10989010989010989,0.037727843063212085,174510057887983.1,86.43728838934945,0.13297697061768127,16839.45237330774,17726544.12051855,793.8865980742893,3.291387800234518
1.86,schechter,0,5489564024150.886,0.005489564024150886,106,10,0.09433962264150944,0.03751970409952099,80493322237995.89,21.146488874050725,0.1329874702345315,16863.915688556885,17580412.92894541,788.5481445895182,2.791140854077832
1.87,schechter,0,5542896762420.863,0.005542896762420864,81,10,0.12345679012345678,0.03731382614372514,141573948007948.8,91.15708884920038,0.13298522864360543,16887.795141690654,17435911.18843124,783.1609063208236,3.607744432224373
1.8800000000000001,schechter,0,5596409894132.391,0.005596409894132391,94,10,0.10638297872340426,0.03711028589862597,104339726020542.7,61.67213843585224,0.13297037083666333,16911.09788352407,17293016.49898085,777.7274625851938,3.0703923923137744
1.8900000000000001,schechter,0,5650102510708.65,0.0056501025107086504,77,10,0.12987012987012986,0.036908936700511985,196316035606543.5,33.95803693105146,0.13294302622867502,16933.830997409248,17151706.818034906,772.2503642461486,3.7016804949231714
1.9000000000000001,schechter,0,5703973710263.304,0.005703973710263304,33,10,0.30303030303030304,0.036709832590133606,101903464290617.97,47.25294566969512,0.13290332848265865,16956.001499246577,17011960.454154097,766.7321324127781,8.529275218893709
1.9100000000000001,schechter,0,5758022597550.639,0.005758022597550639,100,10,0.1,0.03651287222906652,109438280961221.75,98.9421189032102,0.13285141533307546,16977.616337440424,16873756.06082675,761.1752571961334,2.7792694909929265
1.9200000000000002,schechter,0,5812248283915.699,0.005812248283915699,77,10,0.12987012987012986,0.0363180461683108,165460119764483.4,52.359009881022715,0.13278742840810062,16998.682392933977,16737072.630372385,755.5821965285025,3.5638011814903687
1.93,schechter,0,5866649887244.408,0.005866649887244408,88,10,0.11363636363636363,0.03612533813067442,246387441844787.0,171.55711338559348,0.13271151305108214,17019.20647928234,16601889.488000676,749.9553750467279,3.0786808530090672
1.94,schechter,0,5921226531913.76,0.0059212265319137595,104,10,0.09615384615384616,0.035934664596655175,236395638318274.25,57.193647921584855,0.1326238181414942,17039.19534272413,16468186.28592861,744.2971830336991,2.571737464668389
1.95,schechter,0,5975977348742.003,0.005975977348742003,71,10,0.14084507042253522,0.03574604765298395,154378711652099.6,119.51367606673459,0.13252449591568408,17058.65566230621,16335942.997650843,738.6099754248979,3.7186461096489727
1.96,schechter,0,6030901474938.906,0.006030901474938906,50,10,0.2,0.03555943300471953,175141988438228.16,39.06353548885322,0.13241370178770218,17077.594050025997,16205139.912292665,732.896070875234,5.212273746342013
1.97,schechter,0,6085998054056.177,0.006085998054056177,85,10,0.11764705882352941,0.035374765502836136,157356016807437.28,68.8946895491587,0.13229159417049882,17096.017050962,16075757.62908553,727.1577508866475,3.0262394024923402
1.98,schechter,0,6141266235937.843,0.0061412662359378424,83,10,0.12048192771084337,0.035192037751540894,77875669149631.31,35.649022294103816,0.13215833429775978,17113.931143533136,15947777.051919853,721.3972590002307,3.0587276593487043
1.99,schechter,0,6196705176670.834,0.006196705176670834,58,10,0.1724137931034483,0.035011242569374046,406421625134353.44,213.22479015265102,0.1320140860466449,17131.342739622985,15821179.384035045,715.6168000439501,4.319764374665169
2.0,schechter,0,6252314038535.684,0.0062523140385356835,135,10,0.07407407407407407,0.03483231010309418,92210936906617.16,40.5034444665359,0.13185901576168338,17148.258184886858,15695946.122775251,709.8185394458596,1.8314532950298938
2.01,schechter,0,6308091989957.348,0.006308091989957348,95,10,0.10526315789473684,0.03465521443952857,132828311075905.72,65.40571781472293,0.13169329208006922,17164.68375894142,15572059.054465903,704.0046026020143,2.5681505757460945
2.02,schechter,0,6364038205456.168,0.006364038205456168,69,10,0.14492753623188406,0.03447992992417892,104449388992056.4,47.077987752452984,0.13151708575859106,17180.625675705312,15449500.249373306,698.1770743080025,3.488854579247563
2.03,schechter,0,6420151865599.01,0.00642015186559901,92,10,0.10869565217391304,0.03430646592239883,71393158835027.1,22.960841294239792,0.13133056950241706,17196.090083599076,15328252.056764135,692.3379982420269,2.581703254725208
2.04,schechter,0,6476432156950.584,0.006476432156950584,116,10,0.08620689655172414,0.03413476338804833,441471620086859.9,19.05775809907688,0.13113391779594796,17211.083065927905,15208297.100052891,686.489376511492,2.0200993478990172
2.05,schechter,0,6532878272024.934,0.006532878272024934,86,10,0.11627906976744186,0.03396479222533144,91391086870546.17,46.36601886790061,0.13092730673593825,17225.610641171068,15089618.27204791,680.6331692513229,2.688088857591864
2.0599999999999996,schechter,0,6589489409237.138,0.006589489409237138,67,10,0.14925373134328357,0.03379652790746501,328664383261700.56,54.142575797135876,0.1307109138670736,17239.678763310432,14972198.730271557,674.7712942773896,3.4037204295824006
2.07,schechter,0,6646264772855.198,0.006646264772855198,139,10,0.07194244604316546,0.033629946166200964,178169370548940.88,50.88287988145286,0.1304849180201844,17253.293322188696,14856021.89238433,668.9056267949079,1.6183640445598322
2.0799999999999996,schechter,0,6703203572952.156,0.006703203572952157,86,10,0.11627906976744186,0.03346502299171383,172976919673187.3,49.89228318128352,0.1302494991532604,17266.46014387448,14741071.431683572,663.0379991584402,2.5800676611880395
2.09,schechter,0,6760305025358.424,0.006760305025358424,141,10,0.07092198581560284,0.03330173463239894,129820797697485.0,54.21280358340398,0.13000483819542183,17279.184991051523,14627331.272682121,657.170200683229,1.552121108615124
2.0999999999999996,schechter,0,6817568351614.3545,0.006817568351614354,137,10,0.072992700729927,0.03314005759458727,92491568655158.03,36.98855508116938,0.12975111689399202,17291.473563366562,14514785.586787315,651.3039775050507,1.5754927975256314
2.11,schechter,0,6874992778923.048,0.0068749927789230475,61,10,0.16393442622950818,0.032979968642174895,48661088313603.35,34.80222743821685,0.12948851766480282,17303.331497875715,14403418.788036415,645.4410324906687,3.4896106576910233
2.1199999999999997,schechter,0,6932577540103.39,0.00693257754010339,64,10,0.15625,0.032821444796177324,221755446003899.34,44.64835139867101,0.1292172234458553,17314.764369415607,14293215.5289337,639.5830251929424,3.2800060865534766
2.13,schechter,0,6990321873543.37,0.00699032187354337,38,10,0.2631578947368421,0.0326644633342037,144363303146730.06,36.28154301772054,0.12893741755444604,17325.777691049723,14184160.69634576,633.7315718529908,5.447500445399814
2.1399999999999997,schechter,0,7048225023153.643,0.007048225023153642,112,10,0.08928571428571429,0.0325090017898606,143088412548217.25,53.63957159170585,0.12864928354785926,17336.376914462788,14076239.407488255,627.888245444715,1.8225017941959532
2.15,schechter,0,7106286238321.316,0.0071062862383213165,101,10,0.09900990099009901,0.032355037952084276,211493613037260.16,72.55885459694989,0.12835300508771263,17346.567430432904,13969437.005973084,622.0545757636561,1.9927326145644335
2.1599999999999997,schechter,0,7164504773864.143,0.007164504773864142,105,10,0.09523809523809523,0.03220254986440363,277201852950241.56,75.27450724579688,0.12804876580803742,17356.354569247847,13863739.057946578,616.2320495551736,1.8899279336994406
2.17,schechter,0,7222879889984.75,0.00722287988998475,102,10,0.09803921568627451,0.0320515158241399,111308985462549.14,68.62335625046215,0.12773674918715994,17365.743601173803,13759131.34827611,610.4221106825263,1.9181327392103793
2.1799999999999997,schechter,0,7281410852225.453,0.007281410852225453,108,10,0.09259259259259259,0.03190191438154388,111761080001926.62,40.74020252309016,0.1274171384234439,17374.739736876792,13655599.876833957,604.6261603319417,1.7859937036806692
2.19,schechter,0,7340096931423.077,0.0073400969314230775,65,10,0.15384615384615385,0.03175372433887069,357298267556581.25,45.67468009319133,0.12709011631494216,17383.3481279486,13553130.854817575,598.8455572558245,2.925473345639824
2.1999999999999997,schechter,0,7398937403664.199,0.007398937403664199,59,10,0.1694915254237288,0.03160692474939908,203407645341095.56,51.50587173592946,0.12675586514299808,17391.573867304578,13451710.70117912,593.0816180476404,3.1772010291328163
2.21,schechter,0,7457931550240.75,0.00745793155024075,96,10,0.10416666666666667,0.031461494916394384,94549176394700.9,54.979179334964705,0.12641456655982633,17399.42198970181,13351326.039074074,587.3356174516728,1.9248392231951208
2.2199999999999998,schechter,0,7517078657605.712,0.007517078657605712,109,10,0.09174311926605505,0.031317414392019516,220449267864782.97,54.0709778414442,0.1260664014800965,17406.89747220313,13251963.692418212,581.6087887039749,1.671053527512193
2.23,schechter,0,7576378017329.339,0.007576378017329339,85,10,0.11764705882352941,0.03117466297619287,294135597238804.9,60.14894213029057,0.1257115499765309,17414.005234655764,13153610.682476113,575.9023239020114,2.1121836299825256
2.2399999999999998,schechter,0,7635828926055.502,0.007635828926055502,142,10,0.07042253521126761,0.031033241569145775,186771732340329.88,117.11529590534178,0.12535019117952442,17420.750140175518,13056254.22453316,570.217374403466,1.2461756004779438
2.25,schechter,0,7695430685458.463,0.007695430685458463,117,10,0.08547008547008547,0.030893127284180033,198281982766317.1,54.49105547359879,0.12498250318078254,17427.136995652956,12959881.724614153,564.555051251609,1.490672739935277
2.26,schechter,0,7755182602199.853,0.007755182602199853,64,10,0.15625,0.030754285668129877,66799610744065.5,25.138541877238023,0.12460866294096873,17433.17055220449,12864480.776277887,558.916425624522,2.685793034104159
2.27,schechter,0,7815083987886.079,0.007815083987886079,126,10,0.07936507936507936,0.03061669743039286,337518161074963.94,44.4841960733481,0.12422884620134438,17438.855505724983,12770039.157449897,553.3025293101624,1.3444679466158982
2.28,schechter,0,7875134159025.911,0.007875134159025911,126,10,0.07936507936507936,0.0304803435226908,128616496722042.16,18.874405999429857,0.12384322739937846,17444.19649732423,12676544.827336488,547.7143552006385,1.3249620395892499
2.29,schechter,0,7935332436988.496,0.007935332436988496,109,10,0.09174311926605505,0.030345241624886055,140910039698865.75,47.980645980471294,0.12345197958829715,17449.198113862774,12583985.923375618,542.1528578093078,1.5093357309950401
2.3,schechter,0,7995678147961.603,0.007995678147961602,77,10,0.12987012987012986,0.030211352534746383,72763858074433.5,38.89093360088147,0.12305527436053831,17453.86488841894,12492350.758259717,536.6189538054226,2.1054525182132995
2.31,schechter,0,8056170622910.237,0.008056170622910237,53,10,0.18867924528301888,0.030078644425492906,295731310161643.75,135.09038042618363,0.12265328177506969,17458.20130085345,12401627.816991834,531.1135225685119,3.014183923567787
2.32,schechter,0,8116809197535.574,0.008116809197535574,133,10,0.07518796992481203,0.02994709913898752,345574560920114.1,149.37994605959244,0.12224617028852493,17462.211778213674,12311805.754026573,525.6374067553805,1.1835575587416307
2.3299999999999996,schechter,0,8177593212234.158,0.008177593212234158,96,10,0.10416666666666667,0.02981675847276999,122322877406491.2,75.68545802984515,0.12183410669010708,17465.900695315016,12222873.3904306,520.1914128860295,1.6156689289199702
2.34,schechter,0,8238522012057.451,0.00823852201205745,69,10,0.14492753623188406,0.029687547770648748,143923268965992.3,47.99600082012502,0.12141725604020252,17469.272375218272,12134819.711121293,514.7763119410415,2.2148472973837756
2.3499999999999996,schechter,0,8299594946671.742,0.008299594946671741,69,10,0.14492753623188406,0.02955944893371021,173467746481442.84,55.72293119881242,0.12099578161264772,17472.33108970352,12047633.862132035,509.39283997015076,2.182227773955839
2.36,schechter,0,8360811370318.301,0.008360811370318301,51,10,0.19607843137254902,0.02943250026390154,114329619263214.55,42.853348067281644,0.12056984484058411,17475.08105982442,11961305.147949908,504.0416987151569,2.908864202049262
2.3699999999999997,schechter,0,8422170641773.917,0.008422170641773917,105,10,0.09523809523809523,0.02930664325636201,138546219782637.33,65.68045061063388,0.12013960526583477,17477.526456353757,11875823.028886234,498.7235562387468,1.3919917472602998
2.38,schechter,0,8483672124311.715,0.008483672124311715,94,10,0.10638297872340426,0.029181849180692554,415187215793650.0,133.4174005233432,0.11970522049173256,17479.67140033515,11791177.118503083,493.439047565367,1.5318578580762892
2.3899999999999997,schechter,0,8545315185662.296,0.008545315185662296,102,10,0.09803921568627451,0.029058175430407673,120060965873581.66,23.433481055593557,0.1192668461393275,17481.519963544066,11707357.181081956,488.18877532673014,1.3907720663333336
2.4,schechter,0,8607099197975.238,0.008607099197975239,124,10,0.08064516129032258,0.028935533037347083,117034093670413.08,41.83137625830412,0.11882463580689664,17483.076168999978,11624353.129135568,482.97331041503986,1.127023401586393
2.4099999999999997,schechter,0,8669023537780.868,0.008669023537780868,65,10,0.15384615384615385,0.028813941062709514,291385041615295.6,34.59500164074855,0.11837874103268001,17484.343991475536,11542155.020976886,477.79319264190497,2.1180161373765634
2.42,schechter,0,8731087585952.378,0.008731087585952377,89,10,0.11235955056179775,0.028693393899846376,86969034317184.84,43.24910052367166,0.11792931126076286,17485.327357961425,11460753.05831884,472.64893139973054,1.5238092095498805
2.4299999999999997,schechter,0,8793290727668.276,0.008793290727668277,107,10,0.09345794392523364,0.028573837655477163,191477173450766.06,108.69229259688356,0.1174764938100209,17486.030148203477,11380137.583922423,467.5410063285734,1.248545870290755
2.44,schechter,0,8855632352375.107,0.008855632352375107,156,10,0.0641025641025641,0.028455330101193055,163063486779846.7,44.15551735557301,0.11702043384604897,17486.45619516541,11300299.079290532,462.4698679834198,0.8435726125207297
2.4499999999999997,schechter,0,8918111853750.521,0.008918111853750521,171,10,0.05847953216374269,0.02833777788490821,232397269224349.1,29.161880335450256,0.11656127435598546,17486.609285515588,11221228.162397789,457.43593850331445,0.7580536854901436
2.46,schechter,0,8980728629666.688,0.008980728629666687,65,10,0.15384615384615385,0.028221242162113747,304760004203017.06,88.92742112371664,0.11609915612615085,17486.493160134927,11142915.58546343,452.43961228168746,1.964370440297593
2.4699999999999998,schechter,0,9043482082153.953,0.009043482082153952,92,10,0.10869565217391304,0.02810564617402711,336027313385564.56,108.41383991699131,0.11563421772241134,17486.111514588625,11065352.232765501,447.48125663548075,1.3670380291854176
2.48,schechter,0,9106371617364.914,0.009106371617364915,98,10,0.10204081632653061,0.027991032482063694,88473200564551.95,30.213229812775815,0.11516659547318477,17485.46799963489,10988529.118494129,442.5612124741584,1.2640556401699654
2.4899999999999998,schechter,0,9169396645538.668,0.009169396645538667,54,10,0.18518518518518517,0.027877340000239115,175209385874512.8,37.511133442265255,0.11469642345499854,17484.566221659716,10912437.38464076,437.6797949648848,2.2595089732353775
2.5,schechter,0,9232556580965.531,0.009232556580965532,61,10,0.16393442622950818,0.02776460533124947,125266162754786.8,48.980374005828125,0.11422383348051643,17483.40974320238,10837068.298925612,432.83729419751114,1.9700912534491495
2.51,schechter,0,9295850841951.963,0.009295850841951963,71,10,0.14084507042253522,0.027652764739330427,165452264304850.25,100.04294437406699,0.11374895508894493,17482.002083411273,10762413.25276639,428.03397584472515,1.6670877231654124
2.52,schechter,0,9359278850785.797,0.009359278850785796,98,10,0.10204081632653061,0.02754186684119564,207046701152803.25,59.8886232627259,0.11327191553873434,17480.346718518234,10688463.759278566,423.27008181863505,1.1895559419704929
2.53,schechter,0,9422840033701.89,0.00942284003370189,121,10,0.08264462809917356,0.027431829648810413,287058802132276.3,21.599967098607216,0.112792839802488,17478.447082308146,10615211.451314276,418.5458309228977,0.9488824738922923
2.54,schechter,0,9486533820847.896,0.009486533820847897,94,10,0.10638297872340426,0.027322724993946057,252359720450281.66,85.96701910901068,0.11231185056399447,17476.306566592833,10542648.079530537,413.8614194996995,1.2029597607015354
2.55,schechter,0,9550359646250.572,0.009550359646250572,85,10,0.11764705882352941,0.02721446499358271,228908513787508.0,38.240029821494545,0.11182906821729809,17473.92852167507,10470765.510502744,409.21702207137133,1.3101908614046467
2.56,schechter,0,9614316947782.168,0.009614316947782168,52,10,0.19230769230769232,0.027107089610000856,163689022192157.06,60.077906068191474,0.1113446108677235,17471.316256804406,10399555.724859066,404.61279197525346,2.1092067710434295
2.57,schechter,0,9678405167127.266,0.009678405167127266,75,10,0.13333333333333333,0.027000566354363098,352348779607512.5,68.47752071130779,0.11085859433477233,17468.4730406313,10329010.815461004,400.0488619925256,1.4402061124288843
2.5799999999999996,schechter,0,9742623749749.885,0.009742623749749884,110,10,0.09090909090909091,0.026894872335072262,334921348851527.44,54.209367361333534,0.11037113215680884,17465.402101684445,10259122.985599501,395.5253449699556,0.967054878022943
2.59,schechter,0,9806972144860.86,0.00980697214486086,101,10,0.09900990099009901,0.02679004612476832,310779207491866.4,234.040851270747,0.10988233559745512,17462.106628811565,10189884.547240347,391.04233443412437,1.0372318986363636
2.5999999999999996,schechter,0,9871449805385.508,0.009871449805385507,134,10,0.07462686567164178,0.026686019797102722,139620705186081.22,100.01837135140389,0.109392313653616,17458.58977161201,10121287.9192909,386.5999051973745,0.7699113972876993
2.61,schechter,0,9936056187931.67,0.00993605618793167,67,10,0.14925373134328357,0.026582818505320627,221184970135840.0,82.32824198831013,0.108901173065055,17454.85464088745,10053325.625898778,382.1981139561649,1.5164034472197883
2.6199999999999997,schechter,0,10000790752757.916,0.010000790752757916,94,10,0.10638297872340426,0.0264804332019547,283363940229771.06,76.49225140277034,0.1084090183254463,17450.904309130394,9985990.294780755,377.8369998818654,1.0643922804892236
2.63,schechter,0,10065652963742.223,0.010065652963742223,78,10,0.1282051282051282,0.02637882339776354,256505876458098.6,84.80014519270786,0.10791595169482557,17446.741810872925,9919274.6555814,373.5165851998352,1.2631959021951475
2.6399999999999997,schechter,0,10130642288350.725,0.010130642288350724,67,10,0.14925373134328357,0.026278017290556677,107693892683478.45,66.91541034737244,0.10742207321336858,17442.370143216962,9853171.53826193,369.2368757636034,1.4481810456159845
2.65,schechter,0,10195758197606.945,0.010195758197606946,65,10,0.15384615384615385,0.026177993942708033,260143290204594.66,125.36574265769136,0.10692748071642302,17437.792266198914,9787673.871516135,364.99786161623706,1.4699864323832676
2.6599999999999997,schechter,0,10261000166061.225,0.010261000166061225,61,10,0.16393442622950818,0.026078722289026635,216754155166874.28,77.97966556780248,0.10643226985072582,17433.01110323003,9722774.681209411,360.7995175438372,1.5424902327935284
2.67,schechter,0,10326367671760.402,0.010326367671760402,93,10,0.10752688172043011,0.025980216782684362,94225285306900.16,30.608039910752417,0.10593653409173551,17428.02954155655,9658467.088857314,356.64180362032823,0.9963044485831907
2.6799999999999997,schechter,0,10391860196217.838,0.010391860196217838,119,10,0.08403361344537816,0.025882478461839553,215300942594018.25,31.13608755896474,0.10544036476201399,17422.8504326321,9594744.310116976,352.52466574019525,0.7667405099401506
2.69,schechter,0,10457477224383.762,0.010457477224383761,102,10,0.09803921568627451,0.02578546860775688,130697859511481.88,37.467904845438795,0.1049438510505919,17417.47659256193,9531599.653310519,348.4480361430905,0.8808721468041367
2.6999999999999997,schechter,0,10523218244615.703,0.010523218244615704,99,10,0.10101010101010101,0.02568918027438505,106313284572251.19,52.71293172996782,0.10444708003325524,17411.91080251917,9469026.51798176,344.4118339281608,0.8937027970113219
2.71,schechter,0,10589082748649.514,0.010589082748649514,77,10,0.12987012987012986,0.025593643828322854,93398886930092.55,22.578916702282353,0.10395013669369071,17406.15580912071,9407018.393461363,340.4159655568927,1.1314915553165883
2.7199999999999998,schechter,0,10655070231570.293,0.010655070231570293,109,10,0.09174311926605505,0.025498821432245466,290207056436357.2,76.84487083979329,0.10345310394543139,17400.214324883,9345568.857473286,336.46032534801276,0.787095573860935
2.73,schechter,0,10721180191783.895,0.010721180191783895,97,10,0.10309278350515463,0.025404698068540177,165233986811948.84,77.25175658885095,0.10295606265454338,17394.089028572987,9284671.574754989,332.5447959597189,0.8709484675897894
2.7399999999999998,schechter,0,10787412130988.574,0.010787412130988574,131,10,0.07633587786259542,0.025311267000517335,234816294785757.9,58.613877440758415,0.10245909166299956,17387.782565650596,9224320.295706078,328.6692488636284,0.6350408483089143
2.75,schechter,0,10853765554146.873,0.010853765554146874,79,10,0.12658227848101267,0.025218546710555345,231042972339738.5,74.75251545026076,0.10196226781268383,17381.297548629125,9164508.855059594,324.83354480682294,1.0369404965653337
2.76,schechter,0,10920239969457.812,0.010920239969457813,76,10,0.13157894736842105,0.025126516540940225,235854672137364.44,97.38106094856008,0.10146566596997589,17374.636557484184,9105231.170576822,321.03753426456484,1.0613888046001647
2.77,schechter,0,10986834888329.408,0.010986834888329407,73,10,0.136986301369863,0.02503515691405167,192526747535884.2,71.80471732919662,0.10096935905086413,17367.80214003472,9046481.241760328,317.281057882035,1.0881069958812404
2.78,schechter,0,11053549825351.31,0.011053549825351311,108,10,0.09259259259259259,0.02494446130223693,642376219328176.8,190.3946646581693,0.1004734180465394,17360.79681231585,8988253.148596747,313.5639469059287,0.724229975867742
2.79,schechter,0,11120384298267.82,0.01112038429826782,82,10,0.12195121951219512,0.02485442322392073,94455838952165.88,17.803517064424767,0.09997791204942123,17353.62305899212,8930541.050315544,309.88602360633456,0.9392729734011865
2.8,schechter,0,11187337827951.105,0.011187337827951106,86,10,0.11627906976744186,0.024765052978438118,266859602719260.06,37.11443200030881,0.09948290827957305,17346.2833336779,8873339.184167327,306.24710168667247,0.8818867090422754
2.81,schechter,0,11254409938374.734,0.011254409938374734,108,10,0.09259259259259259,0.024676338547677257,200515420487004.7,65.9505576793956,0.09898847211146117,17338.7800593661,8816641.86423281,302.6469866857732,0.6915018059159732
2.82,schechter,0,11321600156587.328,0.011321600156587328,90,10,0.1111111111111111,0.024588260789130567,262899442087221.66,75.3407951403469,0.09849466710101733,17331.115628764906,8760443.480241075,299.0854763678257,0.8171101879081606
2.8299999999999996,schechter,0,11388908012686.654,0.011388908012686653,116,10,0.08620689655172414,0.02450081342916799,109866708824048.7,21.95148848143355,0.09800155501296365,17323.292404642238,8704738.496411402,295.5623611025985,0.6242688160395815
2.84,schechter,0,11456333039793.78,0.011456333039793778,53,10,0.18867924528301888,0.02441399024010371,169713125555772.84,33.760861616640376,0.09750919584836228,17315.312720244157,8649521.450322606,292.0774242372629,1.3454293178647487
2.8499999999999996,schechter,0,11523874774027.623,0.011523874774027623,106,10,0.09433962264150944,0.024327785040180627,107077629388377.34,29.34193230056588,0.097017647872353,17307.178879596766,8594786.951786837,288.6304424558557,0.6624282415205927
2.86,schechter,0,11591532754479.645,0.011591532754479645,143,10,0.06993006993006994,0.02424219169354669,141661613340039.56,40.048607458550876,0.09652696764204288,17298.893157884202,8540529.681758447,285.2211861308615,0.48352354330385355
2.8699999999999997,schechter,0,11659306523188.82,0.01165930652318882,62,10,0.16129032258064516,0.02415721242762081,164823894602604.0,31.36608842108661,0.09603721003451575,17290.457801793524,8486744.391249523,281.84941966418467,1.098176823133767
2.88,schechter,0,11727195625116.922,0.011727195625116921,89,10,0.11235955056179775,0.02407284143606292,176607533558644.3,39.591820922790205,0.0955484282749277,17281.87502985961,8433425.9002663,278.51490181869104,0.7533309066361777
2.8899999999999997,schechter,0,11795199608123.82,0.01179519960812382,124,10,0.08064516129032258,0.023989062637451486,250895139565766.6,66.7445915154681,0.09506067396466021,17273.147032810022,8380569.09677265,275.21738604064967,0.5324360574713557
2.9,schechter,0,11863318022943.38,0.011863318022943381,70,10,0.14285714285714285,0.023905870101253557,401506326342151.5,152.20526251588856,0.09457399710949974,17264.275973892287,8328168.935656688,271.9566207721315,0.9287656641934928
2.9099999999999997,schechter,0,11931550423159.172,0.011931550423159172,124,10,0.08064516129032258,0.023823257942432896,339633489661748.94,45.01315924282072,0.0940884461478178,17255.263989216186,8276220.437724468,268.7323497548327,0.5162967811036672
2.92,schechter,0,11999896365180.793,0.011999896365180793,165,10,0.06060606060606061,0.023741220321382706,204174317377349.28,31.167899751129216,0.09360406797872392,17246.113188096508,8224718.688710108,265.54431232486064,0.3820815772117926
2.9299999999999997,schechter,0,12068355408220.121,0.01206835540822012,135,10,0.07407407407407407,0.023659751443854127,355351912155203.0,77.59749860344941,0.09312090799016796,17236.82565335018,8173658.8382961275,262.39224369773245,0.4598618716061888
2.94,schechter,0,12136927114267.996,0.012136927114267997,70,10,0.14285714285714285,0.023578845560876305,84689419102854.3,29.963590495652703,0.09263901008696694,17227.403441640752,8123036.099160874,259.27587524573136,0.873346545725733
2.9499999999999997,schechter,0,12205611048071.053,0.012205611048071052,82,10,0.12195121951219512,0.023498496968672344,495826410807813.2,81.92801894704978,0.09215841671873516,17217.848583810362,8072845.746031287,256.194934766125,0.7341702314623167
2.96,schechter,0,12274406777108.746,0.012274406777108745,102,10,0.09803921568627451,0.023418700008567495,238725152098100.0,36.27717691955326,0.09167916890769558,17208.16308515712,8023083.114753859,253.14914674021364,0.5812180318562643
2.9699999999999998,schechter,0,12343313871570.62,0.01234331387157062,88,10,0.11363636363636363,0.023339449066892448,381109098671771.7,108.89041755340602,0.0912013062763538,17198.348925795042,7973743.601392691,250.1382325857026,0.6634191521723298
2.98,schechter,0,12412331904333.887,0.012412331904333886,120,10,0.08333333333333333,0.023260738574881756,382869422462548.9,159.58800600848892,0.09072486707501438,17188.408060906477,7924822.661321773,247.1619108986855,0.47909738292354515
2.9899999999999998,schechter,0,12481460450941.008,0.012481460450941008,123,10,0.08130081300813008,0.023182563008564916,86511546951476.8,30.490425041823947,0.09024988820912404,17178.342421120116,7876315.808353685,244.21989769017614,0.4602961923697387
3.0,schechter,0,12550699089577.758,0.012550699089577759,87,10,0.11494252873563218,0.023104916888653793,282535513079463.5,72.59962197131902,0.0897764052664229,17168.15391273288,7828218.613865179,241.3119066119967,0.6408610973003183
3.01,schechter,0,12620047401051.271,0.012620047401051271,135,10,0.07407407407407407,0.02302779478042416,172622037498050.1,16.932194884511613,0.08930445254389056,17157.84441809352,7780526.705950752,238.43764917775894,0.40671801875497804
3.02,schechter,0,12689504968768.412,0.012689504968768412,203,10,0.04926108374384237,0.0229511912935928,153068789812007.56,41.33755341290847,0.08883406307447111,17147.41579581418,7733235.768582869,235.5968349736654,0.2663659126919019
3.03,schechter,0,12759071378714.385,0.012759071378714385,77,10,0.12987012987012986,0.022875101082189486,206204594992555.16,26.339372921874627,0.08836526865356453,17136.869881129496,7686341.540784624,232.78917186401122,0.6915682905491477
3.04,schechter,0,12828746219431.438,0.012828746219431437,120,10,0.08333333333333333,0.022799518844423994,531585077244577.4,34.34393745840407,0.08789809986527143,17126.208486138257,7639839.815826388,230.01436618818008,0.437018073032971
3.05,schechter,0,12898529081997.855,0.012898529081997855,77,10,0.12987012987012986,0.02272443932254886,194343698411599.78,71.11887146580439,0.08743258610838046,17115.433400134538,7593726.440420668,227.27212295138878,0.6707313724306102
3.06,schechter,0,12968419560007.152,0.012968419560007152,174,10,0.05747126436781609,0.022649857302717846,156364170627532.75,40.660451262807484,0.08696875562208634,17104.546389833467,7547997.313944066,224.56214600756658,0.2923161242910042
3.07,schechter,0,13038417249547.416,0.013038417249547416,79,10,0.12658227848101267,0.02257576761484026,167112466675806.06,36.180382188581916,0.08650663551143015,17093.549199714394,7502648.387664568,221.88413823687702,0.6340765496525098
3.08,schechter,0,13108521749180.89,0.01310852174918089,104,10,0.09615384615384616,0.022502165132430862,564089638595591.1,225.04792649062693,0.08604625177245216,17082.443552228604,7457675.663981256,219.23780171489278,0.47435819398650503
3.09,schechter,0,13178732659923.775,0.013178732659923776,149,10,0.06711409395973154,0.02242904477245633,149340582443048.88,48.876679595650145,0.08558762931704852,17071.23114813042,7413075.195680463,216.6228378771258,0.32608344493171837
3.0999999999999996,schechter,0,13249049585226.139,0.013249049585226139,94,10,0.10638297872340426,0.022356401495176592,135611840354342.8,42.352781752033266,0.08513079199752545,17059.913666704295,7368843.085202581,214.03894767592396,0.509057515941282
3.11,schechter,0,13319472130952.123,0.013319472130952123,86,10,0.11627906976744186,0.022284230303983965,267309890402481.75,44.56274698387424,0.08467576263084305,17048.492766081283,7324975.48391775,211.48583173234445,0.5479998814364144
3.1199999999999997,schechter,0,13389999905360.24,0.01338999990536024,91,10,0.10989010989010989,0.022212526245238506,122212510378460.55,25.935024010782097,0.08422256302254322,17036.970083411943,7281468.591418872,208.96319048046334,0.510065972839128
3.13,schechter,0,13460632519083.963,0.013460632519083963,81,10,0.12345679012345678,0.022141284408098594,164143409267472.66,37.1609131334638,0.08377121399035611,17025.34723523873,7238318.654820386,206.4707243082413,0.5643860529450477
3.1399999999999997,schechter,0,13531369585112.406,0.013531369585112406,57,10,0.17543859649122806,0.022070510901043727,176578701373181.5,47.32200569516396,0.08332173538748046,17013.625817677465,7195521.968076602,204.00813369062297,0.7899234628983298
3.15,schechter,0,13602210718771.28,0.013602210718771279,95,10,0.10526315789473684,0.022000196098982516,308048939051819.0,57.92011947141989,0.08287414612553251,17001.807406660755,7153074.871296239,201.5751193175341,0.4668097003854262
3.1599999999999997,schechter,0,13673155537703.936,0.013673155537703936,64,10,0.15625,0.02193033003530187,173013349771425.25,26.635635779652034,0.08242846419716175,16989.893558263946,7110973.750088734,199.17138221812664,0.682483460254808
3.17,schechter,0,13744203661852.664,0.013744203661852665,85,10,0.11764705882352941,0.02186090795126916,278219105507866.3,29.641175921271753,0.0819847066983287,16977.88580888745,7069215.034901877,196.7966238775682,0.5061356329068303
3.1799999999999997,schechter,0,13815354713440.146,0.013815354713440146,114,10,0.08771929824561403,0.021791925130226986,215526423190641.03,38.45812306843292,0.0815428898502426,16965.78567550533,7027795.200383879,194.45054635000034,0.371706293648328
3.19,schechter,0,13886608316951.072,0.013886608316951073,128,10,0.078125,0.021723376897405777,396822869678780.3,178.775632132671,0.08110302902095701,16953.594655949088,6986710.76474544,192.13285236670936,0.3260761223699726
3.1999999999999997,schechter,0,13957964099114.008,0.013957964099114008,64,10,0.15625,0.02165525861973361,248477260731155.0,100.7012897182464,0.08066513874662186,16941.314229092608,6945958.289138465,189.84324543858563,0.6423600901847085
3.21,schechter,0,14029421688883.273,0.014029421688883274,96,10,0.10416666666666667,0.021587565705642353,285903068359404.9,74.37560666275223,0.08022923275238983,16928.945855134247,6905534.377048772,187.58142995518918,0.4218152546162495
3.2199999999999998,schechter,0,14100980717421.191,0.014100980717421191,132,10,0.07575757575757576,0.021520316564784148,162138107961567.8,29.769202498243054,0.07979532397297763,16916.49097581013,6865435.673682141,185.3471112780963,0.3021764022024929
3.23,schechter,0,14172640818080.38,0.014172640818080381,98,10,0.10204081632653061,0.021453485928681904,121179248813626.67,28.246618757511026,0.07936342457287976,16903.951014599723,6825658.865381889,183.13999583042312,0.4009174819925352
3.2399999999999998,schechter,0,14244401626386.201,0.014244401626386202,99,10,0.10101010101010101,0.02138706799113932,281375343329179.9,91.8832093269806,0.07893354596623703,16891.327377014783,6786200.679036681,180.95979118251998,0.3909292280487806
3.25,schechter,0,14316262780019.516,0.014316262780019516,139,10,0.07194244604316546,0.02132105830854525,89342670768037.66,21.030952199658554,0.07850569883635809,16878.621450747316,6747057.881511198,178.80620613240094,0.27426888826465334
3.26,schechter,0,14388223918799.436,0.014388223918799436,113,10,0.08849557522123894,0.021255452477954462,86684073021977.12,25.5872216679138,0.07807989315489611,16865.83460596631,6708227.279078383,176.67895078361784,0.3323354904633667
3.27,schechter,0,14460284684666.334,0.014460284684666334,69,10,0.14492753623188406,0.021190253069623632,215985536896383.9,46.837158682710324,0.0776561382006801,16852.968195469064,6669705.71686476,174.57773661783975,0.5361371622107427
3.28,schechter,0,14532444721665.027,0.014532444721665027,89,10,0.11235955056179775,0.02112547175310553,197417832649192.8,43.61331705208336,0.07723444257820353,16840.02355496162,6631490.078299773,172.50227656495358,0.4094597720134072
3.29,schechter,0,14604703675928.066,0.014604703675928067,90,10,0.1111111111111111,0.021061082107604934,398163676313498.6,44.03251793819299,0.07681481423577075,16827.002003212678,6593577.284582875,170.4522850684717,0.39887884125066275
3.3,schechter,0,14677061195659.139,0.014677061195659138,147,10,0.06802721088435375,0.020997079875404445,348832466964931.56,66.09011263051694,0.07639726048330328,16813.904842310785,6555964.294144623,168.4274781481467,0.24057722529861042
3.31,schechter,0,14749516931116.918,0.014749516931116919,96,10,0.10416666666666667,0.020933460838555407,251788764219527.4,40.592712744195055,0.0759817880098082,16800.7333578346,6518648.1021335395,166.42757345877055,0.36290678035989343
3.32,schechter,0,14822070534598.543,0.014822070534598542,89,10,0.11235955056179775,0.020870236360760908,275823076102379.4,47.31731889781125,0.07556840290051019,16787.48881911954,6481625.739898744,164.45229034635219,0.3856357493929044
3.33,schechter,0,14894721660423.824,0.014894721660423825,124,10,0.08064516129032258,0.020807405409617563,151992225642105.44,19.897564682999626,0.07515711065365033,16774.172479364413,6444894.2744803615,162.50134989954438,0.2726799570137045
3.34,schechter,0,14967469964919.18,0.01496746996491918,129,10,0.07751937984496124,0.02074494594903642,362063724791547.6,38.466675476503646,0.07474791619695409,16760.785575931593,6408450.8081216905,160.57447500028493,0.25822548873455897
3.3499999999999996,schechter,0,15040315106401.947,0.015040315106401947,107,10,0.09345794392523364,0.02068285390333857,230068331378290.4,90.51695161380266,0.0743408239037712,16747.329330484616,6372292.477769603,158.67139036938863,0.30670814819155773
3.36,schechter,0,15113256745164.754,0.015113256745164753,116,10,0.08620689655172414,0.02062113479352734,131630309633156.03,42.379396012865776,0.07393583760889016,16733.80494920064,6336416.454597149,156.7918226103998,0.2787263197044726
3.3699999999999997,schechter,0,15186294543460.04,0.015186294543460039,90,10,0.1111111111111111,0.0205598030255153,722597421891109.6,71.52029135593475,0.07353296062403111,16720.21362298027,6300819.9435306,154.93550025057937,0.35393815186795424
3.38,schechter,0,15259428165484.83,0.015259428165484831,67,10,0.14925373134328357,0.020498827334064385,337310985775831.8,51.87018887062466,0.07313219575301971,16706.55652759724,6265500.18277916,153.10215377855985,0.4684200917582196
3.3899999999999997,schechter,0,15332657277365.422,0.015332657277365422,133,10,0.07518796992481203,0.020438203783371578,223423050326084.97,27.606183075685855,0.07273354530664589,16692.834823932342,6230454.443376221,151.29151568033512,0.23249073896013875
3.4,schechter,0,15405981547142.488,0.015405981547142488,175,10,0.05714285714285714,0.020377946496838217,217892689434717.9,54.01802787532173,0.07233701111721073,16679.049658144566,6195680.028727723,149.5033204721885,0.17408975232468085
3.4099999999999997,schechter,0,15479400644756.127,0.015479400644756128,107,10,0.09345794392523364,0.02031805620978888,115699974727989.25,21.99715300702264,0.07194259455276497,16665.202161825928,6161174.274165404,147.73730473105198,0.28053596839329187
3.42,schechter,0,15552914242031.166,0.015552914242031165,124,10,0.08064516129032258,0.02025850708629795,191556266269914.3,39.36016667120339,0.07155029653104333,16651.293452241425,6126934.5465087,145.9932071233786,0.23851648556938143
3.4299999999999997,schechter,0,15626522012662.486,0.015626522012662486,119,10,0.08403361344537816,0.020199295327935185,140775261603206.2,53.15167513891318,0.07116011753309788,16637.324632456326,6092958.2436328735,144.27076843077913,0.24488805535474423
3.44,schechter,0,15700223632200.64,0.015700223632200642,108,10,0.09259259259259259,0.020140457314810623,86510105578971.3,20.47152991646031,0.07077205761663512,16623.296791525383,6059242.794044905,142.5697315741191,0.2658721845511624
3.4499999999999997,schechter,0,15774018778037.441,0.01577401877803744,68,10,0.14705882352941177,0.020081952591121333,487763950359548.3,51.048120915673636,0.07038611642905952,16609.21100469237,6025785.656462501,140.889841635565,0.41607987063176605
3.46,schechter,0,15847907129391.873,0.015847907129391874,128,10,0.078125,0.02002377461080218,292913333114812.8,36.48494617198075,0.07000229322022894,16595.068333525112,5992584.319403749,139.23084587820665,0.21780680287004264
3.4699999999999998,schechter,0,15921888367295.85,0.01592188836729585,90,10,0.1111111111111111,0.019965949109403303,675128531524268.6,120.43677464392105,0.06962058685492503,16580.86982615115,5959636.300782556,137.59249376462486,0.30524052537115454
3.48,schechter,0,15995962174580.498,0.0159959621745805,99,10,0.10101010101010101,0.019908459414843094,110682882158196.4,29.32182313676723,0.06924099582504298,16566.61651731879,5926939.147505195,135.9745369720505,0.2734387425010252
3.4899999999999998,schechter,0,16070128235862.213,0.01607012823586221,130,10,0.07692307692307693,0.019851286095188936,139668075150210.78,48.08106019490076,0.06886351826150523,16552.30942866891,5894490.435082389,134.37672940776048,0.205196223077634
3.5,schechter,0,16144386237529.006,0.016144386237529007,87,10,0.11494252873563218,0.019794451719120087,279540444166719.7,24.928299971726517,0.06848815194590231,16537.949568843294,5862287.767236518,132.79882722117102,0.30214712342359085
3.51,schechter,0,16218735867726.996,0.016218735867726996,78,10,0.1282051282051282,0.0197379483336928,486623438365198.9,59.07326438084685,0.06811489432186627,16523.537933664433,5830328.775524363,131.24058881513557,0.3321051232457137
3.52,schechter,0,16293176816346.994,0.016293176816346993,161,10,0.062111801242236024,0.019681751205038234,235864972369353.4,70.39440367546858,0.06774374250617998,16509.075506285986,5798611.1189587405,129.701774855296,0.15855640146297018
3.53,schechter,0,16367708775011.15,0.01636770877501115,115,10,0.08695652173913043,0.019625886922874036,396560076179019.56,91.74003242426363,0.0673746932996273,16494.56325736053,5767132.483642135,128.18214827822936,0.21875550849040018
3.54,schechter,0,16442331437059.887,0.016442331437059886,91,10,0.10989010989010989,0.01957034177083894,122980714748920.47,33.01498511314303,0.06700774319758737,16480.002145204675,5735890.582397208,126.68147429794865,0.2724395327521543
3.55,schechter,0,16517044497538.746,0.016517044497538744,121,10,0.08264462809917356,0.019515093004703554,350908828155877.44,34.47058579351376,0.06664288840037871,16465.393115897125,5704883.154414197,125.19952041077943,0.201923990492615
3.56,schechter,0,16591847653185.49,0.01659184765318549,116,10,0.08620689655172414,0.019460178139892204,228071149001794.56,21.228884293070255,0.06628012482335588,16450.73710352808,5674107.964892094,123.73605639983563,0.20757980171280607
3.57,schechter,0,16666740602417.389,0.01666674060241739,91,10,0.10989010989010989,0.019405563783004065,240709508950111.44,30.195792402041555,0.06591944810676449,16436.03503025688,5643562.804696245,122.29085433701573,0.2607827443862657
3.58,schechter,0,16741723045318.37,0.01674172304531837,99,10,0.10101010101010101,0.0193512413886745,227103561031434.3,39.3867467239339,0.06556085362535716,16421.287806514967,5613245.49001041,120.86368858467878,0.23624872857855572
3.59,schechter,0,16816794683626.621,0.01681679468362662,122,10,0.08196721311475409,0.019297250415628908,108399908876813.48,23.216947503057803,0.0652043364977763,16406.496331139202,5583153.862002588,119.45433579583268,0.1889459205807219
3.5999999999999996,schechter,0,16891955220722.012,0.01689195522072201,136,10,0.07352941176470588,0.01924354004607276,473490699060226.0,54.70327379937369,0.06484989159570673,16391.66149150776,5553285.786493722,118.06257491320382,0.16705455060916932
3.61,schechter,0,16967204361613.8,0.0169672043616138,58,10,0.1724137931034483,0.01919013433894501,418906838559691.4,43.992131446763665,0.06449751355280299,16376.784163680299,5523639.15362708,116.68818716720591,0.3860796530183863
3.6199999999999997,schechter,0,17042541812928.408,0.017042541812928406,76,10,0.13157894736842105,0.019137030406730093,428976241342961.7,117.44283798149827,0.06414719677339552,16361.865212573452,5494211.877547617,115.33095607327208,0.2904068438436132
3.63,schechter,0,17117967282897.324,0.017117967282897325,63,10,0.15873015873015872,0.01908419783977444,349461608666089.44,28.238677856700924,0.06379893544097907,16346.905492044216,5465001.896084231,113.99066742753607,0.3453048331865128
3.6399999999999997,schechter,0,17193480481345.06,0.01719348048134506,71,10,0.14084507042253522,0.019031689061314472,141797886942549.7,33.68857841642241,0.06345272352648877,16331.905845079193,5436007.170438018,112.6671093023907,0.30200639319439876
3.65,schechter,0,17269081119677.326,0.017269081119677326,125,10,0.08,0.01897944636512061,355231793937853.75,23.59741874604954,0.0631085547963669,16316.867103895202,5407225.684871397,111.3600720404764,0.16908420116065515
3.6599999999999997,schechter,0,17344768910869.156,0.017344768910869158,62,10,0.16129032258064516,0.018927498018622035,291155908309788.44,22.58183303799538,0.06276642282042497,16301.790090101842,5378655.446409031,110.06934824843295,0.33602215659406987
3.67,schechter,0,17420543569453.336,0.017420543569453335,69,10,0.14492753623188406,0.018875834775175515,253436951404092.06,59.410278298705485,0.062426320979504686,16286.675614815877,5350294.484533614,108.79473278933628,0.29762194210737414
3.6799999999999997,schechter,0,17496404811508.809,0.017496404811508808,212,10,0.04716981132075472,0.018824439501597845,192358213943829.12,32.57638080352616,0.06208824247294238,16271.524478761863,5322140.850894996,107.53602277449558,0.09548610164910094
3.69,schechter,0,17572352354649.111,0.01757235235464911,98,10,0.10204081632653061,0.01877334543280107,389171944275406.1,63.665809258432816,0.06175218032584041,16256.337472497486,5294192.619019311,106.2930175552841,0.20361995261838128
3.6999999999999997,schechter,0,17648385918011.21,0.01764838591801121,94,10,0.10638297872340426,0.018722502269033492,239242054288783.6,63.351806362017385,0.061418127396149415,16241.115376417867,5266447.884021641,105.06551871281731,0.20926483111679817
3.71,schechter,0,17724505222244.07,0.017724505222244072,119,10,0.08403361344537816,0.018671960913638097,171239942540642.7,29.4642577421983,0.06108607638156587,16225.858960978314,5238904.762326913,103.85333004852984,0.16295338818632826
3.7199999999999998,schechter,0,17800709989497.633,0.017800709989497635,103,10,0.0970873786407767,0.018621671188858713,255676643185181.9,48.69106269189142,0.06075601982624775,16210.568986765711,5211561.39139034,102.65625757306164,0.18559524990333406
3.73,schechter,0,17876999943411.65,0.01787699994341165,52,10,0.19230769230769232,0.018571664005395117,565404140409217.9,19.40126379116777,0.06042795012735299,16195.246204631827,5184415.929424091,101.47410949503234,0.36241212822854135
3.7399999999999998,schechter,0,17953374809104.875,0.017953374809104874,113,10,0.08849557522123894,0.01852191780617307,208852551151714.5,28.974777890757515,0.060101859541404255,16179.891355842108,5157466.555130386,100.30669620941987,0.16441348518580945
3.75,schechter,0,18029834313164.08,0.01802983431316408,112,10,0.08928571428571429,0.018472437707073297,166992281830219.56,40.20473018468739,0.05977774019048319,16164.505172147925,5130711.467432381,99.15383028483326,0.16353687083520538
3.76,schechter,0,18106378183633.406,0.018106378183633406,81,10,0.12345679012345678,0.01842322525683704,397526742746550.1,31.782520814107926,0.059455584068258405,16149.08837593708,5104148.885215932,98.0153264509422,0.22293314047260812
3.77,schechter,0,18183006150003.652,0.018183006150003653,72,10,0.1388888888888889,0.01837426522813268,162188261912288.0,32.10272809944746,0.05913538304585055,16133.641680345625,5077777.047071797,96.89100158514799,0.24726402240901849
3.78,schechter,0,18259717943201.746,0.018259717943201748,85,10,0.11764705882352941,0.018325576886312422,208273939032132.94,26.924638620760465,0.05881712887753789,16118.165789373961,5051594.211037625,95.78067469878779,0.20649836687241346
3.79,schechter,0,18336513295580.297,0.0183365132955803,120,10,0.08333333333333333,0.01827712998760067,272191906685544.9,37.7032321330894,0.05850081320630583,16102.661397988331,5025598.654353037,94.68416692303917,0.1442129022183389
3.8,schechter,0,18413391940907.12,0.01841339194090712,99,10,0.10101010101010101,0.018228956248744654,256328211673441.3,21.298373416620507,0.058186427569244414,16087.129192238652,4999788.673212268,93.60130149443998,0.17234889189572766
3.81,schechter,0,18490353614355.168,0.01849035361435517,79,10,0.12658227848101267,0.018181015613125462,364751315030976.1,35.95160177754327,0.05787396340279591,16071.569849358273,4974162.582516595,92.5319037398874,0.21295240336798926
3.82,schechter,0,18567398052492.152,0.018567398052492152,115,10,0.08695652173913043,0.018133347105992348,326449492940665.1,72.91592391935072,0.0575634120478575,16055.984037940301,4948718.7156405095,91.47580106195099,0.1442402132569618
3.83,schechter,0,18644524993270.562,0.018644524993270562,55,10,0.18181818181818182,0.018085905939980162,170311844943090.75,35.93934084219616,0.057254764754740534,16040.372417909213,4923455.424194368,90.43282292257614,0.29737445986628985
3.84,schechter,0,18721734176017.64,0.01872173417601764,116,10,0.08620689655172414,0.018038733426607556,243048419711810.75,47.36721743976494,0.056948012687991136,16024.735640790916,4898371.077789676,89.40280082821353,0.13902700790795114
3.8499999999999996,schechter,0,18799025341425.45,0.01879902534142545,109,10,0.09174311926605505,0.017991785010014416,260291817876612.9,24.690128174777147,0.056643146931074334,16009.074349665447,4873464.063811505,88.38556831295284,0.14589120578665965
3.86,schechter,0,18876398231541.09,0.01887639823154109,143,10,0.06993006993006994,0.017945099384767293,568834538924650.8,22.27288539197971,0.056340158490925135,15993.389179393165,4848732.787193777,87.38096092296027,0.10965454741950974
3.8699999999999997,schechter,0,18953852589756.945,0.018953852589756945,82,10,0.12195121951219512,0.017898637070562606,320743232355861.4,42.67502551079071,0.05603903830236975,15977.680756635405,4824175.670194775,86.3888161994916,0.1885661058671024
3.88,schechter,0,19031388160801.04,0.01903138816080104,104,10,0.09615384615384616,0.017852429359160427,343909316833889.1,27.604784500002914,0.05573977723241955,15961.949700018735,4799791.152178878,85.40897366255913,0.1466113143220414
3.8899999999999997,schechter,0,19109004690727.47,0.019109004690727467,118,10,0.0847457627118644,0.017806446573305434,395420589235016.8,48.8888270913981,0.05544236608444147,15946.196620160768,4775577.689400512,84.44127479364785,0.12742364815210958
3.9,schechter,0,19186701926906.945,0.019186701926906944,72,10,0.1388888888888889,0.017760707931831043,265533384779432.7,25.85792717489154,0.0551467956022065,15930.422119823255,4751533.754790982,83.48556301895549,0.2059392640700199
3.9099999999999997,schechter,0,19264479618017.37,0.01926447961801737,105,10,0.09523809523809523,0.017715198173090307,249092461927772.94,44.69031810548613,0.0548530564738208,15914.626794034208,4727657.837746424,82.54168369227507,0.13926116991897042
3.92,schechter,0,19342337514034.58,0.019342337514034576,199,10,0.05025125628140704,0.017669919886980967,273393560795551.3,29.58759027811763,0.054561139335540465,15898.811230077585,4703948.4439248545,81.60948407716478,0.07246397214378647
3.9299999999999997,schechter,0,19420275366223.047,0.019420275366223046,69,10,0.14492753623188406,0.017624876726712757,340842751034318.3,26.603481197008687,0.054271034775474035,15882.976007718624,4680404.095037893,80.68881333008834,0.20610585335761508
3.94,schechter,0,19498292927126.84,0.01949829292712684,92,10,0.10869565217391304,0.017580050209733855,348626184167240.94,40.13720459576312,0.05398273333717482,15867.12169920815,4657023.328652699,79.77952248242887,0.15244869684235765
3.9499999999999997,schechter,0,19576389950560.465,0.019576389950560463,120,10,0.08333333333333333,0.017535467291659,252022830960746.75,34.399542661891836,0.053696225523125696,15851.248869408993,4633804.697992794,78.88146442298081,0.11526861160894528
3.96,schechter,0,19654566191599.918,0.01965456619159992,78,10,0.1282051282051282,0.01749108408486355,400780705531079.4,60.86320995690979,0.05341150179811911,15835.358075863089,4610746.771740449,77.9944938800438,0.17489849366823357
3.9699999999999998,schechter,0,19732821406573.773,0.019732821406573772,116,10,0.08620689655172414,0.01744695512481398,308583990759313.0,42.34560301456302,0.05312855259253501,15819.449868928215,4587848.13384705,77.11846740389048,0.1159898655250092
3.98,schechter,0,19811155353054.383,0.01981115535305438,57,10,0.17543859649122806,0.01740302291474105,272923821458415.5,40.89192403197356,0.05284736830551836,15803.524791834765,4565107.3833417045,76.25324334870628,0.232813498477344
3.9899999999999998,schechter,0,19889567789849.082,0.019889567789849082,121,10,0.08264462809917356,0.017359325681135407,340559850133078.4,45.53068857067313,0.05256793930805998,15787.58338074509,4542523.13414405,75.39868185453997,0.10817109704473339
4.0,schechter,0,19968058476991.586,0.019968058476991585,86,10,0.11627906976744186,0.017315838792642646,204351775842706.44,21.96098654257186,0.05229025594598198,15771.626164910891,4520094.014880405,74.55464482970885,0.15011351292022873
4.01,schechter,0,20046627175733.3,0.0200466271757333,66,10,0.15151515151515152,0.017272564612296315,277268058404917.66,60.19839189296495,0.052014308542830644,15755.653666718803,4497818.66870036,73.72099593260728,0.19293191901951412
4.02,schechter,0,20125273648534.902,0.020125273648534902,68,10,0.14705882352941177,0.017229516928698008,112113102963161.27,20.786895562362382,0.051740087402679,15739.66640172738,4475695.7530969195,72.8976005534969,0.18470447688205002
4.03,schechter,0,20203997659057.83,0.020203997659057827,82,10,0.12195121951219512,0.017186660287339506,120784397681599.33,24.50105514840946,0.05146758281284127,15723.664878875223,4453723.939732424,72.08432579715023,0.1510840023801859
4.04,schechter,0,20282798972155.887,0.020282798972155888,70,10,0.14285714285714285,0.017144043241137275,512356808489612.0,48.8385331728314,0.05119678504650158,15707.64960043025,4431901.9142613495,71.28104046420393,0.17457789142736685
4.05,schechter,0,20361677353867.08,0.02036167735386708,179,10,0.055865921787709494,0.017101617390748114,217932736974837.56,46.58551781639933,0.05092768436525858,15691.621062158258,4410228.376158676,70.48761503360603,0.06734369961402653
4.06,schechter,0,20440632571405.18,0.02044063257140518,115,10,0.08695652173913043,0.01705940384177307,160391823193108.7,31.901848083620138,0.05066027102158882,15675.57975335647,4388702.038552683,69.70392164449902,0.10340063901641874
4.07,schechter,0,20519664393151.75,0.02051966439315175,101,10,0.09900990099009901,0.017017402831874473,318236131077984.3,49.50875942829795,0.05039453526123035,15659.52615697996,4367321.6280537555,68.9298340784589,0.11613928253934692
4.08,schechter,0,20598772588647.938,0.020598772588647937,62,10,0.16129032258064516,0.016975587284872695,212061758872137.56,44.42844873677224,0.05013046732548883,15643.460749662312,4346085.884590511,68.16522774138497,0.18663625376082357
4.09,schechter,0,20677956928586.613,0.020677956928586615,126,10,0.07936507936507936,0.016934002985170338,339813828716160.6,86.89195696754747,0.049868057453468215,15627.38400182826,4324993.5612532655,67.40997964593082,0.09059688861543366
4.1,schechter,0,20757217184804.18,0.02075721718480418,172,10,0.05813953488372093,0.016892604085921747,201362847494841.5,38.08369395852294,0.04960729588422757,15611.29637776166,4304043.424121051,66.6639683934989,0.06547255958533592
4.109999999999999,schechter,0,20836553130272.973,0.020836553130272974,165,10,0.06060606060606061,0.01685140441536348,506848763212856.5,86.38319655128197,0.04934817285886632,15595.198335712987,4283234.252119073,65.92707415691025,0.06733113869937897
4.12,schechter,0,20915964539093.234,0.020915964539093234,99,10,0.10101010101010101,0.01681041637806624,395864578195196.0,40.37601571251498,0.04909067862253967,15579.090327907932,4262564.836847282,65.19917866223777,0.1107096303858736
4.13,schechter,0,20995451186485.453,0.020995451186485454,163,10,0.06134969325153374,0.0167696083529969,324808174053779.2,83.90490344548968,0.04883480342640599,15562.972800654918,4242033.982438276,64.48016517156373,0.06633785990574693
4.14,schechter,0,21075012848782.75,0.02107501284878275,86,10,0.11627906976744186,0.01672901098449986,284097356627207.0,25.03142057923363,0.04858053752950762,15546.846194457768,4221640.505400525,63.76991846557005,0.12404740308036998
4.1499999999999995,schechter,0,21154649303423.137,0.02115464930342314,104,10,0.09615384615384616,0.016688605848133586,515779205027361.1,53.15752419504976,0.04832787120058748,15530.710944015702,4201383.234468503,63.06832482582305,0.10120407831925185
4.16,schechter,0,21234360328942.09,0.02123436032894209,131,10,0.07633587786259542,0.016648377627547006,251540032140354.0,31.925114637709328,0.04807679471984265,15514.567478335146,4181261.010457904,62.37527201766161,0.07927076970770965
4.17,schechter,0,21314145704965.0,0.021314145704965,82,10,0.12195121951219512,0.016608367044692374,436085579164795.3,44.97772767673992,0.04782729838061681,15498.41622080284,4161272.6861168793,61.69064927292629,0.12494889589635909
4.18,schechter,0,21394005212199.77,0.02139400521219977,77,10,0.12987012987012986,0.01656853386436119,229136909895567.34,33.278277885790956,0.0475793724910331,15482.25758924174,4141417.125983926,61.014347272790374,0.13128808818196377
4.1899999999999995,schechter,0,21473938632429.51,0.021473938632429513,161,10,0.062111801242236024,0.016528879206758496,742501418919780.2,65.33580158302165,0.04733300737556878,15466.091995965206,4121693.2062488887,60.34625813070714,0.061953789516914666
4.2,schechter,0,21553945748505.168,0.02155394574850517,118,10,0.0847457627118644,0.016489435536462427,315076953930790.3,30.104485302570236,0.04708819337657378,15449.919847881927,4102099.814607074,59.686275375534755,0.08340618561156145
4.21,schechter,0,21634026344338.35,0.02163402634433835,164,10,0.06097560975609756,0.01645016353298112,202247313765989.1,33.35490672212991,0.04684492085573398,15433.741546532046,4082635.850129579,59.03429393471067,0.059214865200004026
4.22,schechter,0,21714180204894.15,0.02171418020489415,111,10,0.09009009009009009,0.01641107015947696,193551227882133.9,47.296337750614654,0.046603180195481396,15417.557488175742,4063300.22312007,58.39021011752069,0.08632845359146246
4.2299999999999995,schechter,0,21794407116184.055,0.021794407116184054,118,10,0.0847457627118644,0.01637218003385832,170573895031209.84,30.896594693373856,0.0463629618003518,15401.36806381302,4044091.8549862206,57.75392159840909,0.08013200017546543
4.24,schechter,0,21874706865258.832,0.02187470686525883,59,10,0.1694915254237288,0.016333458593118855,333248686155887.1,32.36206603264503,0.046124256098292224,15385.173659312719,4025009.6781047075,57.12532740070545,0.15814477452843734
4.25,schechter,0,21955079240201.65,0.02195507924020165,89,10,0.11235955056179775,0.01629491181206677,197397365101688.62,47.164980330271746,0.04588705354191895,15368.97465543056,4006052.635690871,56.50432788009417,0.103453150540027
4.26,schechter,0,22035524030121.03,0.02203552403012103,109,10,0.09174311926605505,0.016256564739940083,276821494891775.8,30.212431670235578,0.04565134460972769,15352.771427878837,3987219.681670151,55.89082470840828,0.08335713855420936
4.27,schechter,0,22116041025144.1,0.0221160410251441,127,10,0.07874015748031496,0.016218383412188175,182648892504666.16,41.31296047256099,0.04541711980725716,15336.564347394338,3968509.7805564064,55.28472085761502,0.07060069289012576
4.28,schechter,0,22196630016409.746,0.022196630016409747,73,10,0.136986301369863,0.016180368828232594,197345946646567.25,42.29110700276298,0.0451843696682072,15320.353779808025,3949921.907314913,54.68592058369819,0.12121073489803745
4.29,schechter,0,22277290796061.742,0.022277290796061743,92,10,0.10869565217391304,0.016142554482017957,303979592896300.06,33.08536900859426,0.04495308475551311,15304.140086068252,3931455.0472522303,54.09432941085972,0.09491528909598146
4.3,schechter,0,22358023157242.188,0.02235802315724219,177,10,0.05649717514124294,0.016104902981045832,240517599313333.16,54.2813204110607,0.04472325566237682,15287.92362236633,3913108.1958865277,53.5098541159242,0.0486876276308969
4.31,schechter,0,22438826894084.87,0.02243882689408487,77,10,0.12987012987012986,0.016067413536086983,396232835011494.9,84.12313713231342,0.044494873013256726,15271.704740126219,3894880.358826569,52.9324027124946,0.11045283166757701
4.32,schechter,0,22519701801708.594,0.022519701801708595,52,10,0.19230769230769232,0.0160301147066656,283960819532239.9,30.74817610015313,0.044267927464816684,15255.483786077619,3876770.551660913,52.36188443566192,0.16141673341554397
4.33,schechter,0,22600647676210.72,0.022600647676210717,109,10,0.09174311926605505,0.015992982908926368,245094182492369.75,31.60832568312343,0.04404240970683595,15239.261102382408,3858777.7998315697,51.79820972679821,0.07600072319941903
4.34,schechter,0,22681664314660.613,0.022681664314660614,113,10,0.08849557522123894,0.015956010319465253,519359646973598.2,40.523886109078646,0.04381831046308065,15223.037026570995,3840901.138524533,51.241290218044796,0.07235456243379086
4.35,schechter,0,22762751515093.31,0.02276275151509331,94,10,0.10638297872340426,0.015919211474522466,412365794398741.9,56.57356477773244,0.043595620492138186,15206.811891713478,3823139.612554538,50.691038717648134,0.08584695374568582
4.36,schechter,0,22843909076503.1,0.0228439090765031,69,10,0.14492753623188406,0.015882589418169557,162519525540045.28,26.215046609185606,0.04337433058821551,15190.586026380932,3805492.276251821,50.14736919472932,0.11543044569873188
4.37,schechter,0,22925136798837.2,0.0229251367988372,88,10,0.11363636363636363,0.015846123763546327,147831852587389.56,25.758299361714478,0.0431544315819022,15174.359754777008,3787958.1933524255,49.61019676479874,0.08933287703055527
4.38,schechter,0,23006434482989.55,0.02300643448298955,64,10,0.15625,0.015809813744051993,121202228952188.7,35.14716165312113,0.042935914340899516,15158.13339673965,3770536.4368874063,49.07943767494489,0.12124012004745108
4.39,schechter,0,23087801930794.527,0.023087801930794526,148,10,0.06756756756756757,0.015773689338759334,195228507611644.94,22.804793149416305,0.04271876977071631,15141.907267821935,3753226.089076467,48.55500928947045,0.05174943461977571
4.3999999999999995,schechter,0,23169238945020.836,0.023169238945020838,106,10,0.09433962264150944,0.015737720858843285,237682296471437.84,20.218083051114455,0.0425029888153329,15125.68167931617,3736026.2412209357,48.03683007546003,0.07131983232747904
4.41,schechter,0,23250745329365.34,0.02325074532936534,128,10,0.078125,0.01570190525869264,186273013538464.2,31.24467162547304,0.04228856245783335,15109.456938351066,3718935.9935974055,47.524819588718636,0.05829923551707188
4.42,schechter,0,23332320888447.113,0.023332320888447115,180,10,0.05555555555555555,0.015666250102687518,317468001669247.5,38.51045937408945,0.042075481721007855,15093.233347884003,3701954.455356704,47.01889845957165,0.04092276793447324
4.43,schechter,0,23413965427801.312,0.023413965427801314,110,10,0.09090909090909091,0.01563076919676165,236968417071268.25,35.361846625762006,0.041863737667925324,15077.011206783594,3685080.744418201,46.51898837902198,0.06610250641993909
4.4399999999999995,schechter,0,23495678753873.305,0.023495678753873303,119,10,0.08403361344537816,0.01559543845611111,229353056283825.8,29.90195879915397,0.041653321402477496,15060.790809931179,3668313.9873721073,46.025012085190305,0.060317667513979455
4.45,schechter,0,23577460674012.66,0.02357746067401266,155,10,0.06451612903225806,0.015560257136838063,319841351432176.1,52.20783216399705,0.041444224069895445,15044.57244814599,3651653.319377335,45.53689334928507,0.04571392062759012
4.46,schechter,0,23659310996467.434,0.023659310996467432,89,10,0.11235955056179775,0.015525236963743305,281665853949064.4,48.755115053345826,0.041236436857238865,15028.356408335669,3635097.884063798,45.054556962455464,0.07859355877961706
4.47,schechter,0,23741229530378.188,0.02374122953037819,98,10,0.10204081632653061,0.015490381680796972,93528471013367.69,21.483377268416724,0.04102995099385941,15012.142973534113,3618646.833436934,44.57792872244924,0.07046215616837764
4.4799999999999995,schechter,0,23823216085772.36,0.02382321608577236,123,10,0.08130081300813008,0.015455673155550853,278595092221468.94,50.9636934106506,0.04082475775183858,14995.932422883407,3602299.327779113,44.10693542019903,0.055422957540454086
4.49,schechter,0,23905270473558.434,0.023905270473558435,91,10,0.10989010989010989,0.01542111065667795,125824166460336.47,21.75169055457901,0.04062084844640118,14979.725031766278,3586054.5355572705,43.641504827065695,0.07395609617166209
4.5,schechter,0,23987392505520.39,0.02398739250552039,71,10,0.14084507042253522,0.015386703865028495,317016923792432.94,20.825258371912966,0.04041821443630461,14963.52107178201,3569911.633328093,43.18156568171479,0.09358055824969334
4.51,schechter,0,24069581994311.91,0.02406958199431191,117,10,0.08547008547008547,0.015352458929263069,477415384539431.8,62.345192607056376,0.04021684712420523,14947.320810839336,3553869.805647869,42.7270476775262,0.05606540552460564
4.52,schechter,0,24151838753450.97,0.02415183875345097,119,10,0.08403361344537816,0.015318357406759464,191796207219738.7,30.295218745974807,0.04001673795700224,14931.124513171913,3537928.2449801154,42.277881449879445,0.05442249566805541
4.53,schechter,0,24234162597314.207,0.02423416259731421,101,10,0.09900990099009901,0.015284398578756075,342254420850273.5,47.17666851466483,0.03981787842615967,14914.932439390794,3522086.15160432,41.83399856369097,0.06330767407827347
4.54,schechter,0,24316553341131.44,0.02431655334113144,73,10,0.136986301369863,0.015250584127130762,315473351313038.06,38.25868930604717,0.03962026006800758,14898.744846557529,3506342.7335315645,41.39533150121938,0.08647986103148114
4.55,schechter,0,24399010800980.22,0.02439901080098022,160,10,0.0625,0.015216934571903873,242739573321929.4,34.85066539591685,0.0394238744640223,14882.56198816094,3490697.2064130404,40.9618136496445,0.03895707739082246
4.56,schechter,0,24481534793780.465,0.024481534793780464,70,10,0.14285714285714285,0.015183425148342145,309705435078621.6,50.41788189641877,0.03922871324108732,14866.38411423238,3475148.7934561176,40.53337928925368,0.08791936149253499
4.57,schechter,0,24564125137289.01,0.024564125137289013,137,10,0.072992700729927,0.015150055150230046,238777640340241.06,44.803198929855334,0.03903476807173469,14850.21147134744,3459696.7253384124,40.10996358141414,0.04435534017022941
4.58,schechter,0,24646781650094.445,0.024646781650094447,124,10,0.08064516129032258,0.01511682387380997,239654023957130.8,36.36789363989384,0.03884203067436807,14834.044302668966,3444340.2401227453,39.691502556801154,0.04838785914822913
4.59,schechter,0,24729504151611.676,0.024729504151611677,98,10,0.10204081632653061,0.015083743714206399,184629348475040.9,21.273904063840916,0.0386504928134673,14817.882847998651,3429078.583176759,39.277933103829525,0.06045492617978654
4.6,schechter,0,24812292462076.766,0.024812292462076765,109,10,0.09174311926605505,0.015050811792101326,249084208092653.2,40.95383962202013,0.038460146299776024,14801.727343825212,3413911.0070874332,38.86919295714303,0.053670908964112855
4.61,schechter,0,24895146402541.8,0.024895146402541802,141,10,0.07092198581560284,0.015018016088857,332791941455431.9,54.96864574820122,0.03827098299047199,14785.578023343294,3398836.7715838132,38.46522068624698,0.04096959596648882
4.62,schechter,0,24978065794869.617,0.02497806579486962,163,10,0.06134969325153374,0.014985355913232357,273554076466972.5,53.10821931285327,0.038082994789321374,14769.435116505952,3383855.1434541843,38.065955684292824,0.03499582172432259
4.63,schechter,0,25061050461728.785,0.025061050461728785,101,10,0.09900990099009901,0.014952830576449583,154036367189266.38,16.35505215115507,0.03789617364681675,14753.298850059906,3368965.396468138,37.67133815699749,0.05577159772769545
4.64,schechter,0,25144100226588.56,0.02514410022658856,61,10,0.16393442622950818,0.014920454206503897,456791108468647.3,84.02816225207653,0.03771051156030021,14737.169447588536,3354166.8113015178,37.28130911173949,0.0911891910426599
4.6499999999999995,schechter,0,25227214913713.766,0.025227214913713766,154,10,0.06493506493506493,0.01488821856627498,181603927310161.25,35.08654205465429,0.03752600057407135,14721.047129560924,3339458.6754533774,36.89581034670368,0.03566966809230872
4.66,schechter,0,25310394348159.883,0.025310394348159883,98,10,0.10204081632653061,0.014856115321599916,304800666114987.8,21.470838284487314,0.03734263277948092,14704.932113326679,3324840.2831766997,36.514784440166686,0.05535386210066107
4.67,schechter,0,25393638355768.03,0.025393638355768033,73,10,0.136986301369863,0.014824143796169142,191050140729946.2,59.924370390624595,0.037160400315010805,14688.82461321485,3310310.935399574,36.13817474005998,0.07338595875037487
4.68,schechter,0,25476946763160.215,0.025476946763160216,90,10,0.1111111111111111,0.014792303316137012,285254052459624.3,44.089088861884235,0.036979295366340204,14672.724840533927,3295869.9396521407,35.76592535346859,0.058784490690091354
4.6899999999999995,schechter,0,25560319397734.227,0.025560319397734226,94,10,0.10638297872340426,0.01476060119064726,476666592903632.5,56.82102683950988,0.03679931016639911,14656.633003571838,3281516.609994206,35.39798113626279,0.055584625798556365
4.7,schechter,0,25643756087659.01,0.025643756087659012,84,10,0.11904761904761904,0.014729041006829036,293249444095396.7,31.20039540670364,0.036620436995409095,14640.549307754205,3267250.26694219,35.03428768322542,0.06143112618229436
4.71,schechter,0,25727256661869.8,0.025727256661869802,138,10,0.07246376811594203,0.014697609484140006,370709818226440.1,28.422612364013624,0.03644266818091213,14624.47395551275,3253070.2373980703,34.67479131761657,0.03693018418336064
4.72,schechter,0,25810820950063.324,0.025810820950063325,221,10,0.04524886877828054,0.01466630596113827,405736162919295.9,83.69977000633779,0.03626599609778732,14608.407146471936,3238975.8545814385,34.31943908165843,0.02277553818942302
4.7299999999999995,schechter,0,25894448782693.12,0.025894448782693123,131,10,0.07633587786259542,0.014635129778842515,302562611274546.06,36.707010475349065,0.03609041316825672,14592.34907738187,3224966.457955114,33.968178726458575,0.03794875603149914
4.74,schechter,0,25978139990964.95,0.02597813999096495,123,10,0.08130081300813008,0.0146040802807329,266954159204103.5,36.613794551464494,0.03591591186187994,14576.299942218946,3211041.393161196,33.620958702560216,0.039918957724178444
4.75,schechter,0,26061894406831.945,0.026061894406831945,140,10,0.07142857142857142,0.014573168259818137,447098817242170.4,46.753354966323755,0.035742484695538375,14560.25993214885,3197200.011952672,33.27772815023705,0.03464013797413508
4.76,schechter,0,26145711862990.184,0.026145711862990185,146,10,0.0684931506849315,0.01454238824222509,120281928722175.1,22.76572656908591,0.035570124233408995,14544.229235646973,3183441.672123255,32.93843689024932,0.03280846146233116
4.77,schechter,0,26229592192874.137,0.026229592192874136,74,10,0.13513513513513514,0.014511732592846549,484948977208658.5,62.655657412666685,0.03539882308692853,14528.208038457133,3169765.737445429,32.603035414425456,0.06393601779043895
4.78,schechter,0,26313535230651.902,0.026313535230651903,142,10,0.07042253521126761,0.014481200667478378,508418609154100.6,43.1898122605424,0.03522857391474806,14512.196523654353,3156171.577604061,32.27147487654971,0.03291054250160587
4.79,schechter,0,26397540811220.945,0.026397540811220945,166,10,0.060240963855421686,0.01445079182436948,148854323273938.25,26.10662252308621,0.0350593694226785,14496.194871700767,3142658.568130008,31.943707083342662,0.027807943443374797
4.8,schechter,0,26481608770203.543,0.026481608770203544,116,10,0.08620689655172414,0.014420505424223018,368136491433572.06,25.380320005480492,0.034891202363627125,14480.2032604052,3129226.0903392765,31.619684485395602,0.03930791652016101
4.81,schechter,0,26565738943942.363,0.026565738943942364,95,10,0.10526315789473684,0.01439034424900254,334963880289117.9,31.257040376218345,0.034724065537525745,14464.221865053896,3115873.5312690753,31.29936016856118,0.04741142816832774
4.82,schechter,0,26649931169496.04,0.02664993116949604,132,10,0.07575757575757576,0.01436031685739092,325888105629446.4,29.074688248962595,0.03455795179125056,14448.250858363215,3102600.2836156418,30.982687845076775,0.03370615261734369
4.83,schechter,0,26734185284634.844,0.026734185284634844,57,10,0.17543859649122806,0.014330409660250787,314344106939678.0,62.13490680595601,0.03439285401853435,14432.290410522635,3089405.7456736234,30.669621845012056,0.07710670967789461
4.84,schechter,0,26818501127836.348,0.026818501127836347,134,10,0.07462686567164178,0.014300622030492427,441894004161489.44,39.64320368674529,0.034228765159870625,14416.340689259257,3076289.321274794,30.360117107859327,0.032400638773207695
4.85,schechter,0,26902878538281.09,0.02690287853828109,160,10,0.0625,0.014270953343468396,214792270657788.7,25.698957139986096,0.034065678202410896,14400.401859855012,3063250.419728769,30.054129174146716,0.026806317201426257
4.86,schechter,0,26987317355848.43,0.02698731735584843,83,10,0.12048192771084337,0.014241402976972073,558335845171221.3,68.70274281326778,0.03390358617985464,14384.474085148371,3050288.455764161,29.751614177128918,0.05104876225444437
4.87,schechter,0,27071817421112.195,0.027071817421112195,73,10,0.136986301369863,0.014211970311237554,278719166593394.9,34.70337943446485,0.033742482172332715,14368.557525583377,3037402.8494712934,29.452528834696324,0.057339515806790704
4.88,schechter,0,27156378575336.51,0.027156378575336513,135,10,0.07407407407407407,0.014182654728937871,433471316619692.7,101.65413522267636,0.03358235930628393,14352.65233926383,3024593.026241584,29.156830441361727,0.030631204380742117
4.89,schechter,0,27241000660471.69,0.027241000660471693,173,10,0.057803468208092484,0.014153468013813453,200323039452904.66,27.481768541508227,0.03342321075432565,14336.758681923175,3011858.4167142524,28.86447686024711,0.02361459248421769
4.8999999999999995,schechter,0,27325683519150.055,0.027325683519150056,103,10,0.0970873786407767,0.01412439818894573,300883379866651.8,50.57735132659032,0.03326502973511832,14320.876706997617,2999198.4567176998,28.57542651533056,0.03918550509917347
4.91,schechter,0,27410426994681.85,0.027410426994681852,86,10,0.11627906976744186,0.014095443284874443,325129120724531.1,42.98143581414614,0.033107809513224104,14305.006565666545,2986612.5872155535,28.289638383767606,0.04636685969627946
4.92,schechter,0,27495230931051.145,0.027495230931051145,125,10,0.08,0.014066602696325203,573349198353977.9,95.75136134493614,0.032951543398960184,14289.148406830163,2974100.254251155,28.007071988170928,0.03151714834759834
4.93,schechter,0,27580095172911.895,0.027580095172911896,139,10,0.07194244604316546,0.014037875820446577,384532507301871.9,49.73215814995034,0.032796224748246505,14273.302377155078,2961660.908893382,27.727687389136683,0.028002721752292323
4.9399999999999995,schechter,0,27665019565583.79,0.02766501956558379,142,10,0.07042253521126761,0.014009262056808414,706169223559606.6,47.24691103227505,0.03264184696244863,14257.468621131922,2949294.0071838005,27.451445177900297,0.027082710516571473
4.95,schechter,0,27750003955048.363,0.027750003955048362,79,10,0.12658227848101267,0.01398076080739974,213918604154726.4,19.555851653157525,0.03248840348821557,14241.647281070198,2936999.0100829303,27.178306468955473,0.04809789897375589
4.96,schechter,0,27835048187945.062,0.027835048187945063,142,10,0.07042253521126761,0.01395237147662709,316273492196036.3,30.985331919788457,0.03233588781731316,14225.838497121495,2924775.38341962,26.9082328928528,0.026438990218357626
4.97,schechter,0,27920152111567.24,0.027920152111567238,122,10,0.08196721311475409,0.013924096044971024,476619965252769.4,93.76854625747931,0.032184293486452624,14210.042407331091,2912622.597837311,26.641186589115183,0.030406101706461786
4.9799999999999995,schechter,0,28005315573858.4,0.028005315573858398,70,10,0.14285714285714285,0.01389593977538961,565095816368753.2,73.67452427792058,0.03203361407711513,14194.259147635385,2900540.12874541,26.377130199188947,0.05236214467079145
4.99,schechter,0,28090538423408.21,0.02809053842340821,145,10,0.06896551724137931,0.01386789334612848,212045118737949.8,30.146647076873933,0.03188384321537219,14178.488851918642,2888527.4562673313,26.116026859566613,0.02497753621469631
