z,luminosity_function,alpha_intrinsic,L_min_Jy_kpc2,L_min_over_L_star,n_generated,n_detected,detection_rate_10_per_n,N_ratio_detectable_L,mean_detected_L,mean_SNR,SFR_psi,comoving_volume_Mpc3,time_Gyr,nfrb_sfr_base,n_total_population_scaled
0.01,schechter,-2,10000000000.0,1e-05,16,10,0.625,1.0,1217856323510.3796,62522.397037083574,0.015366633837018974,2.800299305131548,137678720.05218962,0.11848953932750313,0.07405596207968945
0.02,schechter,-2,10000000000.0,1e-05,25,10,0.4,1.0,3357584607884.2583,28791.0049226162,0.015778461234561884,10.465982040132499,135706863.92550436,0.4482047371955615,0.1792818948782246
0.03,schechter,-2,10000000000.0,1e-05,31,10,0.3225806451612903,1.0,388986657827.69073,338.32202081603197,0.016197006898133106,23.07393609631842,133769703.76805276,0.9998715554419556,0.3225392114328889
0.04,schechter,-2,10000000000.0,1e-05,42,10,0.23809523809523808,1.0,2965640362760.4146,282.1410657817479,0.0166223021408091,40.48371687361554,131866423.28089881,1.7747442319450855,0.42255815046311557
0.05,schechter,-2,10000000000.0,1e-05,39,10,0.2564102564102564,1.0,1049698627868.4573,134.12571154348987,0.01705437728000787,62.555347746737276,129996236.70924087,2.7737102067523276,0.7112077453211095
0.060000000000000005,schechter,-2,10000000000.0,1e-05,47,10,0.2127659574468085,1.0,1052598957797.9109,1102.636870247442,0.017493261604641853,89.14944884899342,128158387.20751494,3.997297597748671,0.8504888505848236
0.06999999999999999,schechter,-2,10000000000.0,1e-05,48,10,0.20833333333333334,1.0,3670666597481.5195,1700.3367894707553,0.017938983341287663,120.12736158260195,126352145.30294725,5.445683300549217,1.134517354281087
0.08,schechter,-2,10000000000.0,1e-05,27,10,0.37037037037037035,1.0,8721158811666.487,1001.2307149641977,0.018391569619367408,155.35126868098848,124576807.45144194,7.118701660615237,2.6365561705982357
0.09,schechter,-2,10767493022.751038,1.0767493022751038e-05,95,10,0.10526315789473684,0.9634985269390945,3248723996433.3486,139.51452141450483,0.018851046435337065,194.68430966858753,122831694.67989907,9.015853665548324,0.9143959711425522
0.09999999999999999,schechter,-2,13597586759.139696,1.3597586759139696e-05,51,10,0.19607843137254902,0.8567696903148277,6710371029141.342,62.67707753044633,0.019317438615878545,237.99069158806367,121116151.30983643,11.136316605968915,1.8708350058321295
0.11,schechter,-2,16825237664.312202,1.6825237664312203e-05,74,10,0.13513513513513514,0.7696525076383831,24123064216672.773,4814.272192526106,0.019790769780093035,285.1357948824314,119429543.75708403,13.478954153754986,1.4019068736189628
0.12,schechter,-2,20470866788.61896,2.047086678861896e-05,63,10,0.15873015873015872,0.6972378159344461,371061377946.564,31.00432180709371,0.020271062300694323,335.98627434578765,117771259.40308331,16.042326807482468,1.7754471278977286
0.13,schechter,-2,24555250216.588024,2.4555250216588024e-05,35,10,0.2857142857142857,0.6361273148386402,8030536598337.425,342.07156403183745,0.02075833726420218,390.41015506899765,116140705.53330435,18.824702655540378,3.4214021579727767
0.14,schechter,-2,29099513522.96701,2.9099513522967012e-05,90,10,0.1111111111111111,0.5838946559826078,12404807139443.738,545.7020572487045,0.021252614430137,448.27692333404684,114537308.33873443,21.82406840896429,1.4158841017547894
0.15000000000000002,schechter,-2,34125126207.448544,3.412512620744854e-05,51,10,0.19607843137254902,0.5387589825466388,43861363295997.97,393.57132345264824,0.021753912189218152,509.45761242290627,112960511.97664525,25.038140657095433,2.6450045461326206
0.16,schechter,-2,39653896116.842926,3.965389611684293e-05,58,10,0.1724137931034483,0.49938663520379867,15251615283817.512,258.0736805289433,0.02226224752057046,573.824883329255,111409777.68701176,28.464377300903024,2.4508154488740255
0.17,schechter,-2,45707963863.03693,4.5707963863036926e-05,64,10,0.15625,0.4647563526955878,6299685159104.875,821.3687709867727,0.02277763594794393,641.2531003766575,109884582.96125181,32.09998912039591,2.3310427914317584
0.18000000000000002,schechter,-2,52309797244.64965,5.230979724464965e-05,48,10,0.20833333333333334,0.4340753120451717,3873274433248.677,143.28055783228163,0.023300091494954225,711.6184017597968,108384420.7601139,35.9419514341636,3.2503153717285356
0.19,schechter,-2,59482185679.91175,5.948218567991175e-05,40,10,0.25,0.4067165744451232,39028230679618.55,525.0524713948402,0.023829626639352574,784.7987650474035,106908798.77780546,39.98701581132539,4.065845523266311
0.2,schechter,-2,67248234657.85428,6.724823465785428e-05,41,10,0.24390243902439024,0.38217950529853817,13425922454941.826,141.48563334204277,0.024366252266335785,860.6740676965686,105457238.74949963,44.23172179794343,4.12303842810746
0.21000000000000002,schechter,-2,75631360214.44527,7.563136021444526e-05,51,10,0.19607843137254902,0.3600582060151577,13379561790627.246,388.0331333469677,0.02490997762090884,939.1261426348228,104029275.79969656,48.67240862169849,3.4362549276010688
0.22,schechter,-2,84655283440.02296,8.465528344002297e-05,52,10,0.19230769230769232,0.3400214232387345,13681940561732.691,64.68719190558974,0.025460810259314456,1020.0388289923889,102624457.82893437,53.30522684136929,3.485561364743458
0.23,schechter,-2,94344025023.80571,9.43440250238057e-05,79,10,0.12658227848101267,0.32179506633471733,9310712578497.844,69.66772671293259,0.026018755999546127,1103.2980180651796,101242344.93655138,58.12614990912533,2.367684590606166
0.24000000000000002,schechter,-2,104721899841.0316,0.0001047218998410316,46,10,0.21739130434782608,0.30515099205232143,33034107056192.22,81.38070536026133,0.02658381887096318,1188.7916946092244,99882508.87732875,63.13098561628221,4.187931063054207
0.25,schechter,-2,115813511587.8053,0.00011581351158780529,36,10,0.2777777777777778,0.2898975968864784,8152708851130.464,358.7343559793593,0.027156001063028613,1276.4099735680504,98544532.5499974,68.31538739489383,5.501240732263484
0.26,schechter,-2,127643747468.28464,0.00012764374746828463,69,10,0.14492753623188406,0.27587272214518854,11769095297446.299,67.88985780590987,0.02773530287319293,1366.0451323535349,97228009.51565525,73.67486545022531,2.945635606584661
0.27,schechter,-2,140237772938.75058,0.00014023777293875058,41,10,0.24390243902439024,0.26293836294992357,29126189946451.273,163.84086647615027,0.0283217226539493,1457.591638791422,95932543.54423486,79.20479770035452,5.079507279295387
0.28,schechter,-2,153621026512.29993,0.00015362102651229992,65,10,0.15384615384615385,0.2509763173629519,83726592276313.5,4419.142211316223,0.028915256759088154,1550.9461748766505,94657748.18751705,84.90044050290878,3.2781538307557616
0.29000000000000004,schechter,-2,167819214628.06424,0.00016781921462806425,43,10,0.23255813953488372,0.2398846995554108,10775928888660.508,122.66260778227752,0.029515899489181725,1646.0076564578894,93403246.37677355,90.75693914894245,5.0630700186773865
0.3,schechter,-2,182858306588.0866,0.00018285830658808661,50,10,0.2,0.22957525232328668,6770697146559.236,79.6083346496462,0.03012364303633178,1742.6772489926839,92168670.04385954,96.76933810737748,4.443169042631726
0.31,schechter,-2,198764529564.93692,0.00019876452956493692,66,10,0.15151515151515152,0.21997111897802124,17947137880413.242,92.18839207027595,0.030738477428216556,1840.858379532564,90953659.76403436,102.9325910056645,3.430635942851974
0.32,schechter,-2,215564363682.7766,0.00021556436368277661,58,10,0.1724137931034483,0.211005109550352,11425379250850.225,105.0397382609656,0.03136039047147566,1940.456745053093,89757864.41943079,109.2415703320857,3.97422922678866
0.33,schechter,-2,233284537174.16144,0.00023328453717416143,38,10,0.2631578947368421,0.20261840549171506,16129387679208.896,63.657168488824915,0.031989367694474906,2041.3803173163308,88580940.88171776,115.69107685040537,6.168721452907527
0.34,schechter,-2,251952021614.7944,0.00025195202161479443,82,10,0.12195121951219512,0.19475875471260573,26900493347781.895,393.3108455364855,0.032625392289495694,2143.5393443856747,87422553.71285346,122.2758487157585,2.904181954549768
0.35000000000000003,schechter,-2,271594027238.03653,0.00027159402723803654,78,10,0.1282051282051282,0.18738013027708156,81881015230058.2,52.054579595400604,0.03326844505439697,2246.846348959743,86282374.8828454,128.99057028486257,3.0987525467298194
0.36000000000000004,schechter,-2,292237998330.67505,0.00029223799833067506,103,10,0.0970873786407767,0.1804416552565783,67205130318747.05,151.11079043201795,0.03391850433380093,2351.2161236797133,85160083.50335014,135.82988061434412,2.3795503389665695
0.37,schechter,-2,313911608711.3965,0.0003139116087113965,78,10,0.1282051282051282,0.17390686214339235,22675781851361.41,278.7201410098644,0.03457554595985672,2456.5657235494336,84055365.5762477,142.78838164194661,3.1835742822928337
0.38,schechter,-2,336642757292.96124,0.00033664275729296126,46,10,0.21739130434782608,0.1677432861379744,192191508083203.84,221.87132606083088,0.035239543192639965,2562.8144556431603,82967913.75619605,149.86064604866868,5.464808093687725
0.39,schechter,-2,360459563729.0076,0.00036045956372900763,65,10,0.15384615384615385,0.16192143452712626,28378845761766.023,90.07926348436365,0.03591046666024937,2669.8838662253725,81897427.12626469,157.04122479842806,3.912052369116675
0.4,schechter,-2,385390364146.1365,0.00038539036414613647,40,10,0.25,0.1564152803546328,13840920366173.23,45.26865237385591,0.03658828429866464,2777.6977254590593,80843610.98588744,164.32465435636834,6.425721720082372
0.41000000000000003,schechter,-2,411463706961.7209,0.00041146370696172087,64,10,0.15625,0.15120085858424126,58513616281060.5,90.28083414075024,0.03727296129143468,2886.1820098183402,79806176.65031886,171.7054635845409,4.056564612123087
0.42000000000000004,schechter,-2,438708348787.76794,0.00043870834878776793,56,10,0.17857142857142858,0.1462570578499398,88513862996467.0,555.522587976944,0.037964460009266905,2995.264882390044,78784841.26087493,179.17818031903678,4.679655979351484
0.43,schechter,-2,467153250420.90735,0.00046715325042090736,67,10,0.14925373134328357,0.14156418463412357,3672829286718.697,38.77968290166066,0.038662739949594106,3104.876671172567,77779327.60525452,186.73733762929098,3.9455699913787488
0.44,schechter,-2,496827572918.4362,0.0004968275729184362,73,10,0.136986301369863,0.13710481434559763,34389865034844.832,440.7124666757616,0.03936775767619714,3214.9498455290945,76789363.94735558,194.37747976441972,3.650697024118619
0.45,schechter,-2,527760673760.2685,0.0005277606737602684,52,10,0.19230769230769232,0.13286271767513236,109597344077584.1,100.53187988469867,0.04007946675896711,3325.418990922979,75814683.86589663,202.09316779046205,5.163586056964868
0.46,schechter,-2,559982103096.4335,0.0005599821030964335,83,10,0.12048192771084337,0.12882345527092265,21840584429747.664,53.97207727519391,0.04079781771389325,3436.220782081198,74855026.10136408,209.87898492485965,3.257510364671603
0.47000000000000003,schechter,-2,593521600079.5648,0.0005935216000795648,83,10,0.12048192771084337,0.12497346677340115,180901855325834.84,893.6615030103605,0.04152275794336715,3547.293954699293,73910134.4107027,217.72954157316448,3.278363328841173
0.48000000000000004,schechter,-2,628409089281.927,0.000628409089281927,37,10,0.2702702702702703,0.12130055259640615,17797407984202.867,56.81540264438441,0.04225423167689769,3658.57927581916,72979757.42922702,225.63948007492746,7.397349627203913
0.49,schechter,-2,664674677196.1525,0.0006646746771961524,102,10,0.09803921568627451,0.11779354624563465,57714833706709.54,162.30004550917926,0.042992179912334685,3770.0195130088932,72063648.53939462,233.60347916680604,2.69774335552709
0.5,schechter,-2,702348648818.9377,0.0007023486488189377,50,10,0.2,0.1144420482265871,25384869765369.652,122.60953184435134,0.04373654035770323,3881.559402441899,71161565.7458431,241.61625816891697,5.530211893938944
0.51,schechter,-2,741461464316.751,0.000741461464316751,62,10,0.16129032258064516,0.11123652273583517,54710228061687.49,49.146424240325835,0.04448724737375437,3993.1456160187913,70273271.55644336,249.67258090494926,4.479469310056135
0.52,schechter,-2,782043755772.7456,0.0007820437557727456,61,10,0.16393442622950818,0.10816836590298984,81926251109004.17,53.63891164653205,0.04524423191734168,4104.726727600404,69398532.8688438,257.76725936160136,4.570862824333864
0.53,schechter,-2,824126324013.4622,0.0008241263240134621,69,10,0.14492753623188406,0.10522932844810151,209344789607897.12,104.37282467687024,0.04600742148573693,4216.253178492793,68537120.86228469,265.89515709887417,4.055067944799562
0.54,schechter,-2,867740135514.6378,0.0008677401355146378,76,10,0.13157894736842105,0.10241191418556173,24739796436518.61,64.2440981264283,0.046776740062001616,4327.677242263779,67688810.89416112,274.0511924183328,3.692908842157521
0.55,schechter,-2,912916319384.4918,0.0009129163193844918,58,10,0.1724137931034483,0.09970939923360733,20668084845720.65,34.70510804728286,0.04755210806153499,4438.952988991063,66853382.401291125,282.23034129986286,4.851899616638843
0.56,schechter,-2,959686164423.6769,0.0009596861644236769,67,10,0.14925373134328357,0.09711515027043904,67648140990326.14,90.1725581174697,0.04833344227992233,4550.036249027994,66030618.80524841,290.42764011463015,4.2096901361822825
0.5700000000000001,schechter,-2,1008081116260.2324,0.0010080811162602324,83,10,0.12048192771084337,0.09462324458866311,141232354011654.4,142.08494958439502,0.049120655842211244,4660.884576388218,65220307.42184981,298.63818812607025,3.4045920865744983
0.5800000000000001,schechter,-2,1058132774558.4381,0.001058132774558438,53,10,0.18867924528301888,0.09222817062956312,32886955709875.992,55.54210922319123,0.04991365815374634,4771.457211799579,64422239.37422575,306.85714978508713,5.339787465901967
0.59,schechter,-2,1109872890300.1362,0.0011098728903001362,72,10,0.1388888888888889,0.0899247198404699,268442257412964.44,1860.712503098775,0.050712354852696435,4881.715045565727,63636209.50946025,315.07975683377924,3.935202619539025
0.6,schechter,-2,1163333363137.136,0.001163333363137136,98,10,0.10204081632653061,0.08770814728744547,93701487588713.28,103.35536847322803,0.051516647764411366,4991.620580207596,62862016.318445235,323.30131022008743,2.893485605613013
0.61,schechter,-2,1218546238813.204,0.001218546238813204,80,10,0.125,0.085573931413503,53202162207747.65,90.75584627142501,0.05232643485774771,5101.1378930948695,62099461.8588071,331.51718184209756,3.546153572669182
0.62,schechter,-2,1275543706654.4238,0.0012755437066544239,44,10,0.22727272727272727,0.08351788248890646,14214572642339.36,55.314112379196864,0.05314161020350689,5210.232598967931,61348351.680681646,339.7228161205399,6.448393235353552
0.63,schechter,-2,1334358097126.1384,0.0013343580971261384,86,10,0.11627906976744186,0.08153602537009308,37444008383900.73,80.45033830480146,0.05396206393512963,5318.871812568154,60608494.75515795,347.9137314187546,3.2985468408794563
0.64,schechter,-2,1395021879455.3118,0.0013950218794553117,68,10,0.14705882352941177,0.07962472281332866,126793103905999.83,45.06910558005637,0.054787682211795266,5427.024111322548,59879703.405252725,356.08552131210695,4.169589842987669
0.65,schechter,-2,1457567659316.699,0.001457567659316699,84,10,0.11904761904761904,0.07778056159281721,45623081517748.62,121.82642745140478,0.055618347184074164,5534.659498185474,59161793.23922499,364.23385571867874,3.3726564105852366
0.66,schechter,-2,1522028176581.3965,0.0015220281765813966,71,10,0.14084507042253522,0.0760002737562332,27673250206608.695,43.548128889521394,0.056453936962285574,5641.74936469882,58454583.086089864,372.3544819006613,3.985780642086006
0.67,schechter,-2,1588436303126.121,0.0015884363031261211,105,10,0.09523809523809523,0.07428083657341988,127219693182315.42,137.68108586817343,0.05729432558771266,5748.2664542489,57757894.933217816,380.44322534051355,2.691394385426994
0.68,schechter,-2,1656825040702.153,0.001656825040702153,70,10,0.14285714285714285,0.07261938891477926,53619276530202.98,149.90490202787507,0.05813938300682973,5854.18482568123,57071553.86587637,388.49599050776084,4.03033448950221
0.6900000000000001,schechter,-2,1727227518861.9897,0.0017272275188619898,122,10,0.08196721311475409,0.07101332132804272,82292199072545.75,147.38476987275098,0.05898897504869533,5959.479817166905,56395388.00860588,396.5087615148014,2.307983941871709
0.7000000000000001,schechter,-2,1799676992942.637,0.001799676992942637,44,10,0.22727272727272727,0.06946005004350442,196852722801312.44,91.48448112028186,0.059842963405668255,6064.128010497726,55729228.46830064,404.47760267855006,6.385235118983815
0.7100000000000001,schechter,-2,1874206842103.8296,0.0018742068421038296,61,10,0.16393442622950818,0.06795726579735772,91205560437988.31,161.37283575353797,0.06070120561760056,6168.107195734978,55072909.27894104,412.3986589884611,4.594341849729957
0.72,schechter,-2,1950850567419.9473,0.0019508505674199472,56,10,0.17857142857142858,0.06650262038584043,139465582696056.78,322.3136112053124,0.061563555059664696,6271.396336324347,54426267.3478233,420.2681564930842,4.990881012770814
0.73,schechter,-2,2029641790024.1045,0.0020296417900241043,63,10,0.15873015873015872,0.06509411470741544,106059641679207.77,58.48336570393131,0.062429860933968816,6373.975534621767,53789142.40325106,428.0824026068107,4.4231182570656715
0.74,schechter,-2,2110614249302.923,0.002110614249302923,65,10,0.15384615384615385,0.06372967506721317,159140071778953.8,233.60942436896508,0.06329996826511489,6475.8259979472405,53161376.94359302,435.8377863493988,4.273200077855486
0.75,schechter,-2,2193801801140.9358,0.0021938018011409357,64,10,0.15625,0.062407449135962745,68677348058998.31,41.04420605156513,0.06417371789985252,6576.93000511595,52542816.187593825,443.53077851931266,4.324941328230931
0.76,schechter,-2,2279238416212.7476,0.0022792384162127477,70,10,0.14285714285714285,0.06112565202020359,102699721061879.8,123.59864206755806,0.06505094651097904,6677.270873497352,51933308.025967404,451.1579318096391,3.93961753513582
0.77,schechter,-2,2366958178322.1406,0.0023669581783221406,43,10,0.23255813953488372,0.05988256521978641,80123344494521.28,36.81093211595889,0.06593148660563516,6776.83292663263,51332702.97407133,458.7158808719507,6.388158989224735
0.78,schechter,-2,2456995282786.433,0.002456995282786433,71,10,0.14084507042253522,0.058676680298529016,157912720751457.72,89.88168214776849,0.06681516653814157,6875.601462388928,50740854.125752576,466.2013423321673,3.8528376223619247
0.79,schechter,-2,2549384034864.938,0.002549384034864938,113,10,0.08849557522123894,0.057506360641327636,50950840415039.66,50.25473575511611,0.0677018105275198,6973.5627216927005,50157617.108157024,473.61111476405654,2.4102346521560216
0.8,schechter,-2,2644158848230.261,0.0026441588482302614,71,10,0.14084507042253522,0.05637029109881575,93581583811358.77,137.28445511506612,0.06859123867983588,7070.703857867636,49582850.03763585,480.94207862766814,3.818428869564956
0.81,schechter,-2,2741354243481.1475,0.0027413542434811477,127,10,0.07874015748031496,0.055267042076390216,73594767580497.34,97.79656662508876,0.06948326701550157,7167.012906536588,49016413.47646635,488.1911961715355,2.1244790063098837
0.8200000000000001,schechter,-2,2841004846695.667,0.002841004846695667,99,10,0.10101010101010101,0.054195317647800834,50437896318951.016,35.87471659034229,0.0703777075016633,7262.478756139757,48458170.39061373,495.35551130825553,2.7117120488827986
0.8300000000000001,schechter,-2,2943145388023.5376,0.0029431453880235377,93,10,0.10752688172043011,0.05315390222111693,143710983840566.38,169.78976520376236,0.0712743680898028,7357.091119067508,47907986.10823188,502.4321494642181,2.87163756401792
0.8400000000000001,schechter,-2,3047810700316.4204,0.0030478107003164205,74,10,0.13513513513513514,0.05214167102484901,93922538691956.7,80.69255218426257,0.07217305275866856,7450.840503400226,47365728.279101126,509.4183174084374,3.5894489622084946
0.85,schechter,-2,3155035717795.0815,0.0031550357177950817,62,10,0.16129032258064516,0.05115741573507726,167843652957895.84,67.55128718420623,0.0730735615626498,7543.718185257289,46831266.83476413,516.3113030615527,4.260185803135374
0.86,schechter,-2,3264855474752.193,0.003264855474752193,73,10,0.136986301369863,0.05020019057234004,130109005230720.6,57.99216548613034,0.07397569068569808,7635.716181791871,46304473.94949488,523.108475292,3.5972801574883055
0.87,schechter,-2,3377305104289.793,0.003377305104289793,63,10,0.15873015873015872,0.04926890015848506,344734837430456.9,225.24875603993024,0.07487923250089422,7726.827224769869,45785224.0019454,529.8072836964,4.143336851377159
0.88,schechter,-2,3492419837090.302,0.0034924198370903017,70,10,0.14285714285714285,0.04836261704974276,89879314333286.16,56.128564858254514,0.07578397563574907,7817.044734814527,45273393.53755888,536.4052583734082,3.705994584883066
0.89,schechter,-2,3610235000220.0405,0.0036102350002200404,58,10,0.1724137931034483,0.04748044187465461,47772033057740.68,51.77419637869813,0.07668970504331966,7906.362796217547,44768861.231587745,542.9000096848986,4.4443331644126305
0.9,schechter,-2,3730786015964.2124,0.0037307860159642124,39,10,0.2564102564102564,0.04662150303451129,294101555333944.4,108.47845904849456,0.07759620207921059,7994.776132423922,44271507.85283817,549.2892280154844,6.566330618140581
0.91,schechter,-2,3854108400692.5024,0.0038541084006925024,84,10,0.11904761904761904,0.045784956367406426,88838160585023.47,27.36972754133969,0.07850324458452297,8082.280082079618,43781216.22801512,555.5706835234045,3.028188036205861
0.92,schechter,-2,3980237763754.1035,0.0039802377637541035,55,10,0.18181818181818182,0.044969984779290595,125236878069463.0,97.94297475908267,0.07941060697480082,8168.870575727159,43297871.206686266,561.7422258906687,4.593007154216036
0.93,schechter,-2,4109209806401.4805,0.00410920980640148,116,10,0.08620689655172414,0.04417588395749383,80642057358410.44,64.95806228165581,0.08031806033501555,8254.544113094316,42821359.6268634,567.8017840703825,2.1623401486164817
0.9400000000000001,schechter,-2,4241060320741.788,0.004241060320741788,76,10,0.13157894736842105,0.043401875446222093,87013280608490.92,88.23014129968189,0.08122537252061583,8339.297740967815,42351570.28113079,573.7473660312718,3.2765410155377963
0.9500000000000001,schechter,-2,4375825188715.089,0.0043758251887150885,83,10,0.12048192771084337,0.04264732616999345,332731480845255.06,62.36754464016578,0.08213230826466011,8423.129031683353,41888393.88338472,579.5770585037018,2.978001428271415
0.9600000000000001,schechter,-2,4513540381098.699,0.004513540381098699,92,10,0.10869565217391304,0.0419115182549652,40579782585555.58,26.016306832757436,0.0830386292910345,8506.036062193209,41431723.03608367,585.2890267243229,2.666342579129051
0.97,schechter,-2,4654241956536.485,0.004654241956536485,48,10,0.20833333333333334,0.04119383710429292,121496952589730.03,73.83057731545058,0.08394409443374791,8588.017393715798,40981452.198053606,590.8815141811684,5.070974342316042
0.98,schechter,-2,4797966060592.641,0.004797966060592641,113,10,0.08849557522123894,0.04049368514613416,92357741933629.33,38.06838189118612,0.08484845976228053,8669.072051944298,40537477.652815565,596.3528423579615,2.1370375428712807
0.99,schechter,-2,4944748924828.966,0.004944748924828966,120,10,0.08333333333333333,0.039810481673144826,124445032892296.12,43.408286291639236,0.08575147871295036,8749.199507854782,40099697.47744613,601.7014104812027,1.996168581222276
1.0,schechter,-2,5094626865904.956,0.005094626865904956,87,10,0.11494252873563218,0.03914366266289626,397605068305685.25,252.9001911625253,0.08665290222624604,8828.399659004675,39668011.51188104,606.9256952616563,2.7307235260650633
1.01,schechter,-2,5247636284699.909,0.0052476362846999094,126,10,0.07936507936507936,0.038492680580816785,153516498918572.06,147.62374071609412,0.08755247889006164,8906.672811470457,39242321.32879002,612.0242506426855,1.8697185704525907
1.02,schechter,-2,5403813665456.472,0.0054038136654564715,70,10,0.14285714285714285,0.03785705488333857,336249718720735.8,137.28625312725762,0.08844995508875261,8984.019662224333,38822530.203856505,616.9957075393594,3.336805766157406
1.03,schechter,-2,5563195574944.672,0.005563195574944672,89,10,0.11235955056179775,0.03723628543543667,355197925203007.9,121.64528759532841,0.08934507515791797,9060.441282110267,38408543.086599246,621.8387735814757,2.601681580663113
1.04,schechter,-2,5725818661646.193,0.005725818661646193,77,10,0.12987012987012986,0.03662988821565627,183068466410023.06,43.16089765452851,0.09023758154479809,9135.939099309675,38000266.571585506,626.5522328505448,2.980589383192895
1.05,schechter,-2,5891719654957.678,0.005891719654957678,116,10,0.08620689655172414,0.03603740843106551,51068882094133.86,22.32879959990605,0.09112721497416236,9210.51488331455,37597608.87017283,631.1349456139236,1.960729983638559
1.06,schechter,-2,6060935364412.968,0.006060935364412968,88,10,0.11363636363636363,0.03545845719425478,158167602044573.94,115.72373738479375,0.09201371461954395,9284.17072940037,37200479.78263619,635.5858480529748,2.56101063482506
1.07,schechter,-2,6233502678923.34,0.0062335026789233396,82,10,0.12195121951219512,0.03489257154280789,524477202215120.4,89.27820827058306,0.09289681827966537,9356.909043596419,36808790.67077036,639.9039519861358,2.7229139542928964
1.08,schechter,-2,6409458566035.25,0.00640945856603525,96,10,0.10416666666666667,0.03433936126527659,131817431066523.3,62.82552783266086,0.09377626255988103,9428.73252812431,36422454.43092041,644.0883445836452,2.303914828272057
1.09,schechter,-2,6588840071205.057,0.006588840071205057,137,10,0.072992700729927,0.03379844600467452,146444666424963.38,26.041598476157287,0.09465178305844799,9499.644167308006,36041385.46742419,648.1381880732935,1.5989827411067727
1.1,schechter,-2,6771684317090.089,0.006771684317090089,122,10,0.08196721311475409,0.03326945517488722,156750632300760.8,109.42168567544634,0.09552311455742028,9569.647213932574,35665499.66649557,652.0527194355029,1.7781507148297357
1.11,schechter,-2,6958028502855.643,0.006958028502855642,49,10,0.20408163265306123,0.03275202786781972,200664466898515.94,61.78566385196105,0.09638999121794681,9638.745176075661,35294714.37049736,655.8312500877719,4.383633342747296
1.12,schechter,-2,7147909903497.163,0.007147909903497163,81,10,0.12345679012345678,0.03224581275198979,234805690441914.56,128.65719687211453,0.09725214677973788,9706.94180432834,34928948.352648705,659.4731655528539,2.6253392853554676
1.1300000000000001,schechter,-2,7341365869177.437,0.0073413658691774365,96,10,0.10416666666666667,0.03175053793787097,132823517959347.42,74.25167075628104,0.09810931476444977,9774.241079500796,34568121.792101,662.9779251151755,2.192698517014621
1.1400000000000001,schechter,-2,7538433824578.117,0.007538433824578117,66,10,0.15151515151515152,0.03126581663783634,113955667337926.62,63.13147434208711,0.09896122868272254,9840.647200692514,34212156.24944995,666.3450614577295,3.156639774100782
1.1500000000000001,schechter,-2,7739151268265.069,0.0077391512682650695,84,10,0.11904761904761904,0.03079137206833482,140635624407256.25,65.80714896185036,0.09980762224459194,9906.164573799733,33860974.64260373,669.5741802820512,2.4544175848113015
1.1600000000000001,schechter,-2,7943555772067.1045,0.007943555772067104,60,10,0.16666666666666666,0.030326905953361516,311878332929195.2,152.13150347552875,0.10064822957298275,9970.797800407196,33514501.22304822,672.6649599075722,3.3999744962064393
1.17,schechter,-2,8151684980468.0625,0.008151684980468062,60,10,0.16666666666666666,0.029872147541075145,72821507987652.12,27.10188759477888,0.10148278541997709,10034.55166705935,33172661.552509196,675.617150849191,3.363689201907976
1.18,schechter,-2,8363576610011.051,0.008363576610011051,156,10,0.0641025641025641,0.02942679160699979,134210011061832.67,27.83187363291094,0.1023110253855389,10097.43113491769,32835382.47995832,678.4305753715888,1.2797458436715838
1.19,schechter,-2,8579268448715.224,0.008579268448715224,86,10,0.11627906976744186,0.028990597761057835,460008754041731.5,87.01984898023812,0.10313268613836393,10159.44132978375,32502592.119014297,681.1051270190774,2.2960052058609626
1.2,schechter,-2,8798798355504.105,0.008798798355504105,40,10,0.25,0.028563327412769013,127599433982603.72,62.688107379895555,0.1039475056385125,10220.58753246447,32174219.82570734,683.6407701179693,4.881763787399278
1.21,schechter,-2,9022204259645.58,0.00902220425964558,117,10,0.08547008547008547,0.028144709639627452,164312301990952.28,137.26780848227094,0.1047552233614732,10280.875169498777,31850196.176586464,686.0375392515091,1.6502843883861746
1.22,schechter,-2,9249524160202.771,0.009249524160202771,47,10,0.2127659574468085,0.027734510778426258,205643763484334.2,94.12860449479967,0.10555558052329424,10340.309804201894,31530452.947203357,688.2955387044012,4.061604263178707
1.23,schechter,-2,9480796125495.715,0.009480796125495714,88,10,0.11363636363636363,0.027332502546235204,207769237662550.94,58.25605708166432,0.10634832030641155,10398.897128072173,31214923.090939093,690.4149418785266,2.144405472369734
1.24,schechter,-2,9716058292573.318,0.009716058292573318,99,10,0.10101010101010101,0.02693846199694938,71159612810492.86,45.67802350959346,0.10713318808579403,10456.64295246607,30903540.718176357,692.3959906729503,1.8840487961195345
1.25,schechter,-2,9955348866695.492,0.009955348866695492,86,10,0.11627906976744186,0.02655219317011348,95809250492380.16,25.279935342421844,0.1079099316550206,10513.553200619483,30596241.075822484,694.2389948329886,2.143438127561736
1.26,schechter,-2,10198706120824.965,0.010198706120824965,63,10,0.15873015873015872,0.026173486891714837,122602918140024.5,61.20157472650934,0.10867830145189603,10569.633899960343,30292960.52715669,695.9443312635515,2.89131584629997
1.27,schechter,-2,10446168395128.414,0.010446168395128415,106,10,0.09433962264150944,0.025802121098384312,302122947854996.56,32.19153682445281,0.10943805078320944,10624.891174708133,29993636.532022804,697.5124433065255,1.6978585405495181
1.28,schechter,-2,10697774096486.996,0.010697774096486996,71,10,0.14084507042253522,0.025437909529157587,298094822616750.1,113.04802973046166,0.11018893604823399,10679.331238746478,29698207.62734887,698.9438399805351,2.5041788968150493
1.29,schechter,-2,10953561698015.348,0.010953561698015347,82,10,0.12195121951219512,0.025080699411372254,139864585115477.72,90.19161415362235,0.11093071696056572,10732.96038878622,29406613.407992665,700.2390951839541,2.141766617365858
1.3,schechter,-2,11213569738589.62,0.01121356973858962,110,10,0.09090909090909091,0.024730254699928733,105686574960726.47,38.777417995942166,0.11166315676789583,10785.784997790517,29118794.50790167,701.3988468588518,1.5768883753687013
1.31,schechter,-2,11477836822383.35,0.011477836822383349,141,10,0.07092198581560284,0.024386464861286594,159891076594443.62,75.70420032775374,0.11238602246931209,10837.811508659164,28834692.581594545,702.4237961158137,1.2148676043765838
1.32,schechter,-2,11746401618411.814,0.011746401618411815,102,10,0.09803921568627451,0.024049109973037552,111348584545836.27,28.103043131779277,0.11309908502972522,10889.046428134232,28554250.285959702,703.3147063171222,1.6582443841054
1.33,schechter,-2,12019302860083.947,0.012019302860083948,128,10,0.078125,0.02371803813175033,133698549345944.72,63.4538424008138,0.11380211959101888,10939.496321003537,28277411.26235228,704.0724021229842,1.3046262563332804
1.34,schechter,-2,12296579344761.902,0.012296579344761902,77,10,0.12987012987012986,0.02339312478438549,294360475480310.75,39.14391831802273,0.11449490567952506,10989.167804478118,28004120.11900111,704.6977684933191,2.1409198485249625
1.35,schechter,-2,12578269933328.004,0.012578269933328005,103,10,0.0970873786407767,0.023074181771379987,177698844649638.66,95.76534487660584,0.11517722740943068,11038.067542844426,27734322.413720313,705.1917496519012,1.579778894674316
1.36,schechter,-2,12864413549758.775,0.012864413549758775,103,10,0.0970873786407767,0.0227610668561552,304940507390559.4,77.88477359341998,0.11584887368172872,11086.202242301439,27467964.636896268,705.5553480068409,1.5591448977380147
1.37,schechter,-2,13155049180706.02,0.01315504918070602,134,10,0.07462686567164178,0.022453640614561787,321406319609782.9,85.56778742952409,0.11650963837833293,11133.578646039383,27204994.194798715,705.7896230329094,1.1826527272438796
1.3800000000000001,schechter,-2,13450215875084.326,0.013450215875084326,109,10,0.09174311926605505,0.022151766420208552,114282178998968.83,26.229002141765022,0.1171593205509839,11180.203529494886,26945359.393152125,705.895690110686,1.4345721508590679
1.3900000000000001,schechter,-2,13749952743665.5,0.0137499527436655,71,10,0.14084507042253522,0.02185531042784039,277382795212184.8,42.74675110067555,0.11779772460458442,11226.083695832649,26689009.4209975,705.8747193273578,2.1728325512766355
1.4000000000000001,schechter,-2,14054298958678.99,0.01405429895867899,110,10,0.09090909090909091,0.02156414155487396,232385567294934.56,35.483681671889855,0.11842466047461185,11271.225971598307,26435894.334847275,705.727934236737,1.3834924611917983
1.4100000000000001,schechter,-2,14363293753418.598,0.014363293753418598,88,10,0.11363636363636363,0.021278131461201055,215352763351589.03,29.924554923472833,0.1190399437982678,11315.6372025717,26185965.04308979,705.4566105803393,1.7057725568297475
1.42,schechter,-2,14676976421855.27,0.014676976421855269,109,10,0.09174311926605505,0.020997154527363615,223941101539890.3,38.820945444060996,0.1196433960790384,11359.324249791835,25939173.29070372,705.0620749705531,1.3581924164715904
1.43,schechter,-2,14995386318255.416,0.014995386318255416,79,10,0.12658227848101267,0.020721087831205742,185888645659656.12,81.82079326474904,0.12023484484435139,11402.293985759181,25695471.644191947,704.5457035352101,1.847968785323004
1.44,schechter,-2,15318562856805.102,0.015318562856805102,96,10,0.10416666666666667,0.020449837834720763,324358857568567.1,82.05626917923064,0.12081412379603326,11444.55329080203,25454813.47682177,703.908920526549,1.4994607578313828
1.45,schechter,-2,15646545511239.719,0.01564654551123972,96,10,0.10416666666666667,0.02018328159024152,268300182403732.5,101.73809598480396,0.12138107295328354,11486.109049613584,25217152.95410143,703.1531968946942,1.4783269764587659
1.46,schechter,-2,15979373814478.64,0.015979373814478642,90,10,0.1111111111111111,0.019921288668922066,621969768383418.6,40.990411664604636,0.12193553878790152,11526.968147932765,24982445.019521292,702.2800488264653,1.5544803976774109
1.47,schechter,-2,16317087358265.754,0.016317087358265755,130,10,0.07692307692307693,0.01966379357004111,205778753395758.22,70.22834023954954,0.12247737435151856,11567.137469393969,24750645.38054905,701.2910362525976,1.0607724745685612
1.48,schechter,-2,16659725792814.232,0.01665972579281423,77,10,0.12987012987012986,0.019410658433326677,392597835746545.7,45.68265463774458,0.12300643939460665,11606.623892491316,24521710.494854964,700.1877613212952,1.7650786330134187
1.49,schechter,-2,17007328826456.742,0.017007328826456742,108,10,0.09259259259259259,0.01916180852654592,190176322999375.94,24.6190577363768,0.12352260047705375,11645.434287737828,24295597.556820426,698.9718668465375,1.240144914625528
1.5,schechter,-2,17359936225300.213,0.017359936225300212,93,10,0.10752688172043011,0.018917121870351772,218248648703626.47,32.3029878252301,0.1240257310701164,11683.575514893746,24072264.484238382,697.6450347230289,1.419079155279713
1.51,schechter,-2,17717587812885.285,0.017717587812885287,102,10,0.09803921568627451,0.01867654212261527,284529471823877.94,44.397973671603886,0.12451571164958056,11721.05442037652,23851669.90529175,696.2089843192734,1.2747820021355005
1.52,schechter,-2,18080323469850.395,0.018080323469850394,151,10,0.06622516556291391,0.018439938598022065,170734555086162.06,47.7500750344369,0.12499242977998155,11757.87783479452,23633773.145745885,694.6654708456931,0.8483171277192496
1.53,schechter,-2,18448183133600.01,0.018448183133600013,106,10,0.09433962264150944,0.018207240526327384,514874279256874.6,36.70032937908208,0.12545578018975678,11794.052570544856,23418534.21637197,693.016283697134,1.1903692609372882
1.54,schechter,-2,18821206797977.31,0.01882120679797731,69,10,0.14492753623188406,0.017978377063258444,99819073666000.72,24.8482088256549,0.12590566483722512,11829.585419617599,23205913.800602216,691.2632447806512,1.8011291687881257
1.55,schechter,-2,19199434512941.062,0.019199434512941062,70,10,0.14285714285714285,0.017753241714010826,280948826544945.66,29.401424442921524,0.12634199296731044,11864.483151450722,22995873.24240182,689.4082068213817,1.7484615050461079
1.56,schechter,-2,19582906384246.67,0.019582906384246673,125,10,0.08,0.017531756824172073,119205707872300.83,31.710087182159715,0.12676468115894596,11898.752510896142,22788374.534365553,687.4530516528985,0.9641807783690897
1.57,schechter,-2,19971662573130.72,0.019971662573130718,46,10,0.21739130434782608,0.017313846071860928,256854797502501.0,55.89834338506991,0.12717365336312167,11932.40021633499,22583380.306024913,685.3996884964142,2.5797618922452923
1.58,schechter,-2,20365743296000.016,0.020365743296000015,64,10,0.15625,0.01709943446247908,294631033328793.8,47.66923634821925,0.1275688409315561,11965.432957842966,22380853.81236754,683.2500522257378,1.8254983577374082
1.59,schechter,-2,20765188824123.91,0.020765188824123912,90,10,0.1111111111111111,0.016888448322710303,375290444262253.44,69.88870329618452,0.12795018263599814,11997.857395475334,22180758.922575094,681.0061016249115,1.2779040394158576
1.6,schechter,-2,21170039483330.707,0.021170039483330707,63,10,0.15873015873015872,0.016680815293802165,598339589451016.4,49.78530207158944,0.12831762467818383,12029.680157670977,21983060.10894857,678.6698176401767,1.796946964053045
1.61,schechter,-2,21580335653707.184,0.021580335653707185,112,10,0.08928571428571429,0.016476464324169715,171113758924416.34,42.11581327275566,0.12867112069049735,12060.907839677422,21787722.43604854,676.2432016242478,0.9948300880378775
1.62,schechter,-2,21996117769302.047,0.021996117769302048,79,10,0.12658227848101267,0.016275325661349926,385647124864825.06,45.617203291660836,0.12901063172740435,12091.547002159507,21594711.550035674,673.7282735843896,1.387993298714557
1.6300000000000001,schechter,-2,22417426317832.637,0.022417426317832636,88,10,0.11363636363636363,0.016077330843350723,573543355139432.2,100.47858749233316,0.1293361262477481,12121.604169781232,21403993.66818979,671.1270704244424,1.226128630584375
1.6400000000000001,schechter,-2,22844301840394.93,0.022844301840394928,158,10,0.06329113924050633,0.015882412689418257,270116006199578.4,40.75546086517966,0.12964758008801838,12151.085829973832,21215535.568644308,668.4416441966279,0.6719282311344383
1.6500000000000001,schechter,-2,23276784931176.875,0.023276784931176873,134,10,0.07462686567164178,0.01569050529026117,173962321084139.8,36.82243475406484,0.12994497642672279,12179.9984317119,21029304.58028762,665.6740603543171,0.779459878028287
1.6600000000000001,schechter,-2,23714916237174.855,0.023714916237174855,172,10,0.05813953488372093,0.0155015492199162,235077451663364.8,24.668346962881937,0.13022830574001035,12208.348384377241,20845268.57286173,662.826396013861,0.5973741861667751
1.6700000000000002,schechter,-2,24158736457913.355,0.024158736457913357,164,10,0.06097560975609756,0.015315504358594523,422895176903527.56,57.10134122065166,0.13049756574871402,12236.142056710552,20663395.94724198,659.9007382275852,0.6162629654002636
1.68,schechter,-2,24608286345167.668,0.02460828634516767,124,10,0.08064516129032258,0.015132283710712402,604718832384424.0,62.513153455309975,0.13075276135699798,12263.38577582707,20483655.625891827,656.899182269029,0.8016439351153165
1.69,schechter,-2,25063606702689.355,0.025063606702689357,111,10,0.09009009009009009,0.014951829613506162,250504465141311.0,27.57370239979479,0.13099390458281196,12290.085826283746,20306017.043500546,653.8238299325807,0.8807083335497276
1.7,schechter,-2,25524738385935.043,0.025524738385935043,73,10,0.136986301369863,0.014774120775242983,356108830031849.0,25.50114165277722,0.13122101448037002,12316.248449214556,20130450.13778125,650.6767878501926,1.3168736231980684
1.71,schechter,-2,25991722301797.56,0.025991722301797558,136,10,0.07352941176470588,0.014599059619506027,442046641712191.5,31.61555842020099,0.13143411705488842,12341.87984155578,19956925.34045368,647.4601658295386,0.6950227619265216
1.72,schechter,-2,26464599408340.39,0.02646459940834039,155,10,0.06451612903225806,0.014426627225789579,265141478820854.8,16.301290050200578,0.13163324516982902,12366.986155262071,19785413.568385925,644.1760752099143,0.5995669745048791
1.73,schechter,-2,26943410714534.445,0.026943410714534446,85,10,0.11764705882352941,0.014256745419523709,455914120331553.3,21.69471014829917,0.1318184384469108,12391.573496670473,19615886.214899182,640.826627246625,1.0748355391420172
1.74,schechter,-2,27428197279997.64,0.02742819727999764,95,10,0.10526315789473684,0.014089389030202959,384533694238922.9,58.60265925882182,0.13198974315916043,12415.647925830488,19448315.141239457,637.4139315166314,0.9453445109904175
1.75,schechter,-2,27919000214737.145,0.027919000214737144,109,10,0.09174311926605505,0.01392447706229294,343980481958391.1,33.25856584443373,0.13214721211728916,12439.215455941268,19282672.668198943,633.9400943544719,0.8098425965785931
1.76,schechter,-2,28415860678894.16,0.02841586067889416,145,10,0.06896551724137931,0.013762005951825529,222553820761262.6,41.21084541272175,0.13229090454968861,12462.282052804427,19118931.567901675,630.4072173162195,0.5983219225365229
1.77,schechter,-2,28918819882491.297,0.028918819882491297,139,10,0.07194244604316546,0.013601889265538292,252096430913847.34,33.14219918852641,0.13242088597635046,12484.853634373789,18957065.055737577,626.8173956771082,0.6133741586843975
1.78,schechter,-2,29427919085182.066,0.029427919085182067,60,10,0.16666666666666666,0.013444091387913915,374489978146636.3,29.30091969894993,0.1325372280770222,12506.936070269903,18797046.782446537,623.1727169580445,1.3963318262064268
1.79,schechter,-2,29943199596003.26,0.02994319959600326,114,10,0.08771929824561403,0.01328858923494225,326854066654815.6,52.872072123068605,0.13264000855391733,12528.535181426038,18638850.826349083,619.4752594911371,0.7221010758409632
1.8,schechter,-2,30464702773129.42,0.03046470277312942,109,10,0.09174311926605505,0.0131353151592285,489140932771807.1,60.251442520727096,0.1327293109893057,12549.656739707036,18482451.68572671,615.7270910180148,0.7419971919813391
1.81,schechter,-2,30992470023629.625,0.030992470023629624,97,10,0.10309278350515463,0.012984229611172626,307513547077940.7,31.040819886993365,0.13280522469831382,12570.306467600036,18327824.271332726,611.9302673268878,0.8191178450513976
1.82,schechter,-2,31526542803226.723,0.031526542803226726,109,10,0.09174311926605505,0.01283529360792901,444974591212421.9,53.66693075885918,0.132867844577269,12590.490037952035,18174943.89906127,608.0868309294589,0.7160525701004306
1.83,schechter,-2,32066962616058.57,0.03206696261605857,66,10,0.15151515151515152,0.012688481869453483,404609063230316.9,29.987636852256237,0.13291727094792347,12610.213073718269,18023786.282729935,604.1988097758202,1.1615705520281618
1.84,schechter,-2,32613771014441.516,0.03261377101444152,95,10,0.10526315789473684,0.012543741949045839,357656476709810.8,38.023463250988584,0.13295360939789763,12629.481147740144,17874327.527015675,600.2682160108933,0.7925904844057632
1.85,schechter,-2,33167009598636.438,0.033167009598636436,87,10,0.11494252873563218,0.012401034690675328,212834358088157.56,29.505482411324937,0.13297697061768127,12648.299782617816,17726544.12051855,596.2970447757996,0.8499655561163069
1.86,schechter,-2,33726720016616.152,0.033726720016616155,153,10,0.06535947712418301,0.0122603234747789,607968756806466.8,67.91035113950082,0.1329874702345315,12666.674450516062,17580412.92894541,592.287273047238,0.47461657238913946
1.87,schechter,-2,34292943963835.395,0.03429294396383539,111,10,0.09009009009009009,0.012121572238046996,281052894984644.34,32.534872511391185,0.13298522864360543,12684.610573092094,17435911.18843124,588.2408585254188,0.6423787441429412
1.8800000000000001,schechter,-2,34865723183003.086,0.034865723183003086,79,10,0.12658227848101267,0.011984745471013136,283273618485269.1,25.821787922476357,0.13297037083666333,12702.113521402527,17293016.49898085,584.1597385639901,0.8862032634307593
1.8900000000000001,schechter,-2,35445099463855.82,0.03544509946385582,121,10,0.08264462809917356,0.011849808215427582,203354186892425.97,16.05985681158748,0.13294302622867502,12719.188615831838,17151706.818034906,580.0458291448849,0.5680522174814513
1.9000000000000001,schechter,-2,36031114642933.914,0.03603111464293392,157,10,0.06369426751592357,0.011716726061429927,233109098304109.4,30.103814263952586,0.13290332848265865,12735.841126100764,17011960.454154097,575.9010239011535,0.42978818697750476
1.9100000000000001,schechter,-2,36623810603359.266,0.036623810603359265,86,10,0.11627906976744186,0.011585465144527407,500446719873066.4,30.72206845918465,0.13285141533307546,12752.076271233032,16873756.06082675,571.7271931828737,0.7702006359068222
1.9200000000000002,schechter,-2,37223229274615.195,0.037223229274615195,213,10,0.046948356807511735,0.011455992142386795,254521021770748.6,21.996216594383494,0.13278742840810062,12767.899219581524,16737072.630372385,567.5261831702976,0.30523828615012666
1.93,schechter,-2,37829412632327.82,0.03782941263232782,173,10,0.057803468208092484,0.011328280893708742,341429269666454.6,40.5229748021729,0.13271151305108214,12783.315088883182,16601889.488000676,563.2998150350979,0.3688565625486572
1.94,schechter,-2,38442402698049.83,0.03844240269804983,140,10,0.07142857142857142,0.011202302682884802,245130049125732.7,20.79711981652383,0.1326238181414942,12798.328946312795,16468186.28592861,559.0498841453118,0.44733185835910455
1.95,schechter,-2,39062241539045.375,0.039062241539045375,71,10,0.14084507042253522,0.01107801793779184,229345441582337.2,30.704716282107718,0.13252449591568408,12812.945808576667,16335942.997650843,554.7781593191457,0.8656116056947375
1.96,schechter,-2,39688971268077.23,0.039688971268077224,37,10,0.2702702702702703,0.010955395377520882,420328680188052.1,16.44611257653208,0.13241370178770218,12827.170642019528,16205139.912292665,550.4863821240648,1.6299448557054523
1.97,schechter,-2,40322634043195.89,0.04032263404319589,96,10,0.10416666666666667,0.01083440424666382,332128773277854.9,31.251160192934094,0.13229159417049882,12841.008362722572,16075757.62908553,546.1762662215264,0.6164056727268225
1.98,schechter,-2,40963272067529.71,0.04096327206752971,144,10,0.06944444444444445,0.01071503853963196,462177173395936.5,32.1955859448082,0.13215833429775978,12854.463836698225,15947777.051919853,541.8494967601735,0.4031901555878779
1.99,schechter,-2,41610927589077.25,0.04161092758907725,134,10,0.07462686567164178,0.010597248328511166,526637762577189.7,37.53512756979641,0.1320140860466449,12867.54187998349,15821179.384035045,537.5077298107893,0.4250823053208372
2.0,schechter,-2,42265642900501.21,0.042265642900501214,106,10,0.09433962264150944,0.010481002252394789,340251522585469.9,32.57327683651594,0.13185901576168338,12880.247258870575,15695946.122775251,533.1525918504458,0.5271673128353436
2.01,schechter,-2,42927460338924.09,0.04292746033892409,103,10,0.0970873786407767,0.0103662997612598,518367490305210.8,25.658499150495963,0.13169329208006922,12892.584690049338,15572059.054465903,528.7856792877353,0.5321894039765099
2.02,schechter,-2,43596422285725.19,0.04359642228572519,88,10,0.11363636363636363,0.010253090583582258,263476887336481.25,25.059604011327778,0.13151708575859106,12904.558840863105,15449500.249373306,524.4085580357887,0.6110009600393972
2.03,schechter,-2,44272571166339.42,0.044272571166339425,91,10,0.10989010989010989,0.010141356146435188,350160440781067.4,34.45030867781468,0.13133056950241706,12916.174329458863,15328252.056764135,520.0227631240114,0.5795314335268024
2.04,schechter,-2,44955949450057.734,0.044955949450057736,135,10,0.07407407407407407,0.010031079971421386,341320168016388.9,28.85410128013578,0.13113391779594796,12927.435725074742,15208297.100052891,515.6297983575209,0.383135092072013
2.05,schechter,-2,45646599649828.95,0.04564659964982895,157,10,0.06369426751592357,0.009922220601936038,674542141124302.5,50.74560754837256,0.13092730673593825,12938.347548257383,15089618.27204791,511.23113601543827,0.3230922363136017
2.0599999999999996,schechter,-2,46344564322063.33,0.046344564322063325,160,10,0.0625,0.009814776570953088,431565453761817.1,31.538797590496227,0.1307109138670736,12948.914271108728,14972198.730271557,506.8282165905728,0.3109003566056932
2.07,schechter,-2,47049886066437.4,0.047049886066437396,151,10,0.06622516556291391,0.009708701723287194,219641483363532.9,21.454611454509834,0.1304849180201844,12959.140317555066,14856021.89238433,502.4224485703976,0.32303772796381397
2.0799999999999996,schechter,-2,47762607525700.47,0.04776260752570047,131,10,0.07633587786259542,0.009603991983149096,271129925526716.9,20.61027375770401,0.1302494991532604,12969.03006362128,14741071.431683572,498.01520825678415,0.3651094708079758
2.09,schechter,-2,48482771385482.586,0.048482771385482584,155,10,0.06451612903225806,0.009500613537593683,373396319812486.9,25.64848131870344,0.13000483819542183,12978.587837723147,14627331.272682121,493.6078396242922,0.3025533757030272
2.0999999999999996,schechter,-2,49210420374103.78,0.04921042037410378,81,10,0.12345679012345678,0.00939854320551703,234362844218001.34,22.513395619388913,0.12975111689399202,12987.817920928666,14514785.586787315,489.2016542149049,0.5676275164628625
2.11,schechter,-2,49945597262385.12,0.049945597262385115,143,10,0.06993006993006994,0.009297775450779255,688964114783673.2,71.85617922298182,0.12948851766480282,12996.72454729332,14403418.788036415,484.79793107076915,0.3152127483984875
2.1199999999999997,schechter,-2,50688344863460.56,0.05068834486346056,138,10,0.07246376811594203,0.009198267997866605,505623533359207.4,48.050577300064575,0.1292172234458553,13005.311904138835,14293215.5289337,480.39791670047686,0.32020498430636113
2.13,schechter,-2,51438706032591.01,0.05143870603259101,74,10,0.13513513513513514,0.009100012188670847,319347659471901.1,33.37585721273041,0.12893741755444604,13013.584132388462,14184160.69634576,476.0028250806909,0.5853556094697359
2.1399999999999997,schechter,-2,52196723666978.98,0.05219672366697898,98,10,0.10204081632653061,0.009002993338586673,397847517717394.9,29.72260794035149,0.12864928354785926,13021.545326863163,14076239.407488255,471.6138376895861,0.43325879990863675
2.15,schechter,-2,52962440705584.92,0.05296244070558492,134,10,0.07462686567164178,0.008907178116134062,379646005492880.0,31.367767572368184,0.12835300508771263,13029.199536636273,13969437.005973084,467.23210357359073,0.31057608717208735
2.1599999999999997,schechter,-2,53735900128945.414,0.05373590012894541,150,10,0.06666666666666667,0.008812548817586086,685511352356793.1,43.43617113357642,0.12804876580803742,13036.550765346165,13863739.057946578,462.858739443664,0.27193101579957646
2.17,schechter,-2,54517144958991.33,0.05451714495899133,131,10,0.07633587786259542,0.008719099805046815,264507039208363.2,23.593794261085083,0.12773674918715994,13043.602971548327,13759131.34827611,458.49482980154215,0.3051650519952365
2.1799999999999997,schechter,-2,55306218258869.086,0.05530621825886908,128,10,0.078125,0.008626805175328767,532436990670689.8,23.780845366256337,0.1274171384234439,13050.360069031904,13655599.876833957,454.1414270937696,0.3060773135612284
2.19,schechter,-2,56103163132761.7,0.0561031631327617,128,10,0.078125,0.008535642655099762,495497393895292.1,43.82360190987894,0.12709011631494216,13056.82592721473,13553130.854817575,449.79955189437493,0.2999475188589364
2.1999999999999997,schechter,-2,56908022725711.61,0.05690802272571161,112,10,0.08928571428571429,0.00844559541549017,357971020441423.9,20.94209696093683,0.12675586514299808,13063.004371442108,13451710.70117912,445.4701931113388,0.3359161625605932
2.21,schechter,-2,57720840223445.47,0.057720840223445466,281,10,0.03558718861209965,0.008356646832024417,571419218168591.1,31.27143575994761,0.12641456655982633,13068.899183376028,13351326.039074074,441.1543082192566,0.131194688690903
2.2199999999999998,schechter,-2,58541658852198.74,0.058541658852198745,155,10,0.06451612903225806,0.008268780484198324,617990184636865.5,39.54633624783355,0.1260664014800965,13074.514101343688,13251963.692418212,436.85282351543015,0.23304774848718215
2.23,schechter,-2,59370521878543.08,0.05937052187854308,84,10,0.11904761904761904,0.00818198114087254,229203244948834.94,18.77730686564392,0.1257115499765309,13079.852820696999,13153610.682476113,432.5666343975108,0.4213395291441834
2.2399999999999998,schechter,-2,60207472609213.664,0.060207472609213664,71,10,0.14084507042253522,0.008096235555356324,438033072616872.56,29.54423006463381,0.12535019117952442,13084.91899417628,13056254.22453316,428.2966056630479,0.4883929869024781
2.25,schechter,-2,61052554390938.64,0.06105255439093864,71,10,0.14084507042253522,0.008011522525566916,372542743946217.7,41.617065573668675,0.12498250318078254,13089.716232290444,12959881.724614153,424.0435718289864,0.47848375035630664
2.26,schechter,-2,61905810610268.945,0.061905810610268945,207,10,0.04830917874396135,0.007927826488549616,400832417319278.25,27.803173423307044,0.12460866294096873,13094.248103655818,12864480.776277887,419.8083374690855,0.16078104627542958
2.27,schechter,-2,62767284693410.35,0.06276728469341035,100,10,0.1,0.007845132081584882,437765002658726.7,28.502291826575874,0.12422884620134438,13098.518135411212,12770039.157449897,415.5916775707442,0.3260371602549926
2.28,schechter,-2,63637020106055.445,0.06363702010605544,146,10,0.0684931506849315,0.007763424141414399,477041475327099.3,26.934232770177495,0.12384322739937846,13102.529813545756,12676544.827336488,411.3943379062575,0.2187553927768926
2.29,schechter,-2,64515060353217.81,0.06451506035321782,99,10,0.10101010101010101,0.0076826877034137375,730474579575604.2,40.15108143355341,0.12345197958829715,13106.286583301375,12583985.923375618,407.2170354212134,0.3160122536011265
2.3,schechter,-2,65401448979066.71,0.06540144897906672,163,10,0.06134969325153374,0.007602908000719166,373671910185222.75,27.622372220801708,0.12305527436053831,13109.79184952356,12492350.758259717,403.06045863607307,0.18800193777532126
2.31,schechter,-2,66296229566763.09,0.06629622956676309,94,10,0.10638297872340426,0.007524074810572934,558161143496395.8,72.87090167307517,0.12265328177506969,13113.048977085484,12401627.816991834,398.92526806257126,0.3193131447585795
2.32,schechter,-2,67199445738296.97,0.06719944573829698,142,10,0.07042253521126761,0.007446172140583629,572787455006206.2,42.40159003438644,0.12224617028852493,13116.061291191605,12311805.754026573,394.81209662959697,0.2070309038513181
2.3299999999999996,schechter,-2,68111141154325.414,0.06811114115432541,113,10,0.08849557522123894,0.007369184361773806,552213189248316.4,50.40187869998448,0.12183410669010708,13118.832077814392,12222873.3904306,390.7215501232845,0.2548052333607547
2.34,schechter,-2,69031359514011.836,0.06903135951401183,106,10,0.09433962264150944,0.007293097447015562,412348894670913.8,27.866749229321226,0.12141725604020252,13121.364584052839,12134819.711121293,386.65420763571575,0.2660289447722513
2.3499999999999996,schechter,-2,69960144554866.59,0.0699601445548666,88,10,0.11363636363636363,0.007217897562559639,510757140105130.4,45.667931489215974,0.12099578161264772,13123.662018488423,12047633.862132035,382.6106220220243,0.31382321319343137
2.36,schechter,-2,70897540052588.38,0.07089754005258837,72,10,0.1388888888888889,0.007143571066896781,475304903441019.4,34.26885001328646,0.12056984484058411,13125.727551601456,11961305.147949908,378.5913203682734,0.37562416699459
2.3699999999999997,schechter,-2,71843589820906.69,0.07184358982090669,125,10,0.08,0.007070104509584563,397635895315308.7,23.53060923253988,0.12013960526583477,13127.564316105712,11875823.028886234,374.5968044637699,0.21187508452122128
2.38,schechter,-2,72798337711425.58,0.07279833771142558,156,10,0.0641025641025641,0.006997498387528833,363554293373148.4,19.55283605102235,0.11970522049173256,13129.175407362849,11791177.118503083,370.6275512824313,0.1662478007995239
2.3899999999999997,schechter,-2,73761827613467.94,0.07376182761346793,129,10,0.07751937984496124,0.006925727837307161,337760099559339.3,29.585971237549654,0.1192668461393275,13130.563883728657,11707357.181081956,366.6840134676329,0.19686462632312396
2.4,schechter,-2,74734103453921.5,0.0747341034539215,106,10,0.09433962264150944,0.0068547790114692475,325793573967843.1,16.068290340245408,0.11882463580689664,13131.732766937765,11624353.129135568,362.76661982285225,0.2345929256248426
2.4099999999999997,schechter,-2,75715209197085.22,0.07571520919708521,102,10,0.09803921568627451,0.0067846391742896195,483776916236313.2,41.729476538611365,0.11837874103268001,13132.685042486071,11542155.020976886,358.8757758065865,0.23871006345499465
2.42,schechter,-2,76705188844517.06,0.07670518884451706,207,10,0.04830917874396135,0.006715314554380458,516113347333294.5,34.466393111792954,0.11792931126076286,13133.423659979917,11460753.05831884,355.01186402913095,0.11516987137645214
2.4299999999999997,schechter,-2,77704086434882.73,0.07770408643488273,94,10,0.10638297872340426,0.006646775292631468,592072948331326.8,36.24486242489532,0.1174764938100209,13133.951533539504,11380137.583922423,351.17524475346187,0.24831733406501266
2.44,schechter,-2,78711946043805.17,0.07871194604380517,106,10,0.09433962264150944,0.006579008778212492,738932532449371.8,46.01831400287695,0.11702043384604897,13134.271542146465,11300299.079290532,347.36625639643535,0.21559675944216597
2.4499999999999997,schechter,-2,79728811783715.0,0.079728811783715,77,10,0.12987012987012986,0.0065120220413941166,854487526639771.6,40.983280785012454,0.11656127435598546,13134.38653000949,11221228.162397789,343.58521603137854,0.2905759090770774
2.46,schechter,-2,80754727803702.61,0.0807547278037026,144,10,0.06944444444444445,0.006445788183126022,615710841394205.1,30.147072154263622,0.11609915612615085,13134.299306945793,11142915.58546343,339.8324198915787,0.15211720808196239
2.4699999999999998,schechter,-2,81789738289370.08,0.08178973828937008,142,10,0.07042253521126761,0.006380296574525546,709302965514383.2,27.41934742803802,0.11563421772241134,13134.012648735457,11065352.232765501,336.1081438728723,0.15101898866353708
2.48,schechter,-2,82833887462685.3,0.0828338874626853,140,10,0.07142857142857142,0.0063155521791314895,599082520270110.4,27.883003301583425,0.11516659547318477,13133.52929750354,10988529.118494129,332.41264403614565,0.14995495702952427
2.4899999999999998,schechter,-2,83887219581835.6,0.08388721958183559,144,10,0.06944444444444445,0.006251523517455837,296678387587518.3,16.17477288551142,0.11469642345499854,13132.851962046634,10912437.38464076,328.746157106958,0.1427197453074569
2.5,schechter,-2,84949778941083.94,0.08494977894108394,106,10,0.09433962264150944,0.00618822076649872,391609153535701.1,21.67294327889195,0.11422383348051643,13131.983318227567,10837068.298925612,325.1089009750195,0.189796759659169
2.51,schechter,-2,86021609870624.73,0.08602160987062474,189,10,0.05291005291005291,0.006125617777774761,403595558868785.6,22.560119045817164,0.11374895508894493,13130.926009317804,10762413.25276639,321.501075190038,0.10420067205067708
2.52,schechter,-2,87102756736440.88,0.08710275673644087,116,10,0.08620689655172414,0.006063715748167886,421440383978847.9,13.341544102918567,0.11327191553873434,13129.682646353698,10688463.759278566,317.9228614548859,0.16618912600918867
2.53,schechter,-2,88193263940162.38,0.08819326394016237,81,10,0.12345679012345678,0.006002497855758682,606389042220955.8,30.591840797581092,0.112792839802488,13128.255808489233,10615211.451314276,314.37442411542105,0.23296688971088705
2.54,schechter,-2,89293175918924.6,0.08929317591892459,120,10,0.08333333333333333,0.005941960719455408,840469854137279.0,43.10841012675919,0.11231185056399447,13126.648043351954,10542648.079530537,310.85591064644103,0.15392446753930772
2.55,schechter,-2,90402537145228.89,0.09040253714522889,131,10,0.07633587786259542,0.005882088352589965,875993832887881.6,20.745628546888415,0.11182906821729809,13124.861867391499,10470765.510502744,307.3674521336079,0.1380124053557518
2.56,schechter,-2,91521392126802.83,0.09152139212680283,176,10,0.056818181818181816,0.005822881056158136,529655010360999.8,17.157899466925745,0.1113446108677235,13122.899766221977,10399555.724859066,303.9091637503015,0.10054698365877791
2.57,schechter,-2,92649785406461.88,0.09264978540646188,177,10,0.05649717514124294,0.005764315640340412,688689304366651.2,26.765952228831587,0.11085859433477233,13120.764194963067,10329010.815461004,300.48114522994143,0.09785695847888984
2.5799999999999996,schechter,-2,93787761561972.2,0.0937877615619722,127,10,0.07874015748031496,0.005706403901170609,946840439084089.8,33.308612972514,0.11037113215680884,13118.457578598542,10259122.985599501,297.0834813329889,0.13348648321668613
2.59,schechter,-2,94935365205913.88,0.09493536520591388,148,10,0.06756756756756757,0.005649115822897954,791020699613507.5,34.34088241095161,0.10988233559745512,13115.982312307355,10189884.547240347,293.71624230829786,0.11211061296391453
2.5999999999999996,schechter,-2,96092640985544.66,0.09609264098554465,191,10,0.05235602094240838,0.005592458149713209,671641993862630.9,46.90853911951105,0.109392313653616,13113.340761788579,10121287.9192909,290.37948434825023,0.0850227808247587
2.61,schechter,-2,97259633582665.69,0.09725963358266569,153,10,0.06535947712418301,0.005536416687677681,612093478774722.2,27.401387089118735,0.108901173065055,13110.53526359991,10053325.625898778,287.0732500381861,0.10387955111746934
2.6199999999999997,schechter,-2,98436387713486.62,0.09843638771348663,334,10,0.029940119760479042,0.005480976440556895,424509110047406.3,17.45682538787487,0.1084090183254463,13107.568125524609,9985990.294780755,283.79756880015674,0.046571490673083346
2.63,schechter,-2,99622948128493.28,0.09962294812849327,181,10,0.055248618784530384,0.005426147161544992,959721613810518.6,20.420570119446825,0.10791595169482557,13104.441626833444,9919274.6555814,280.5524573278763,0.08410601767923362
2.6399999999999997,schechter,-2,100819359612314.02,0.10081935961231402,179,10,0.055865921787709494,0.00537190615007388,697988463492354.0,32.70650726831251,0.10742207321336858,13101.158018682965,9853171.53826193,277.3379200179955,0.08323090939627752
2.65,schechter,-2,102025666983589.02,0.10202566698358902,127,10,0.07874015748031496,0.005318244578211506,472352887930132.6,20.14242827170947,0.10692748071642302,13097.71952438941,9787673.871516135,274.15394939175144,0.11480454763369714
2.6599999999999997,schechter,-2,103241915094838.92,0.10324191509483892,154,10,0.06493506493506493,0.005265167227403333,917528519875720.6,50.794801704837234,0.10643226985072582,13094.128339759449,9722774.681209411,271.00052651070445,0.09265344745410449
2.67,schechter,-2,104468148832334.86,0.10446814883233486,173,10,0.057803468208092484,0.005212659058539959,510081484196638.2,26.046211324364844,0.10593653409173551,13090.386633435812,9658467.088857314,267.8776213859355,0.08071414506922164
2.6799999999999997,schechter,-2,105704413115968.92,0.10570441311596893,87,10,0.11494252873563218,0.005160709221518789,432509637448221.5,17.507353379647785,0.10544036476201399,13086.496547177003,9594744.310116976,264.78519337819114,0.15706659645844445
2.69,schechter,-2,106950752899126.45,0.10695075289912645,172,10,0.05813953488372093,0.0051093111556291815,609282942231878.1,21.396494113956912,0.1049438510505919,13082.460196190961,9531599.653310519,261.7231915919214,0.07774565247020218
2.6999999999999997,schechter,-2,108207213168557.02,0.10820721316855701,73,10,0.136986301369863,0.0050584694389832485,491866077322160.9,17.50826345075668,0.10444708003325524,13078.279669447737,9469026.51798176,258.6915552615964,0.17925798991970296
2.71,schechter,-2,109473838944249.16,0.10947383894424915,73,10,0.136986301369863,0.005008166592022523,534727334384123.6,22.126681970268386,0.10395013669369071,13073.95702996178,9407018.393461363,255.69021412939946,0.1754163271657457
2.7199999999999998,schechter,-2,110750675279302.33,0.11075067527930232,133,10,0.07518796992481203,0.004958395270568627,795053373311725.1,20.89216179286855,0.10345310394543139,13069.494315134345,9345568.857473286,252.71908881695188,0.09421662667461557
2.73,schechter,-2,112037767259802.86,0.11203776725980286,100,10,0.1,0.004909149172626304,367822079747757.3,18.96000854110047,0.10295606265454338,13064.893537017046,9284671.574754989,249.77809118752225,0.12261979096934024
2.7399999999999998,schechter,-2,113335160004698.94,0.11333516000469894,146,10,0.0684931506849315,0.004860422055771529,766026450546360.2,45.247091861901374,0.10245909166299956,13060.156682644229,9224320.295706078,246.86712470201428,0.08218345327031305
2.75,schechter,-2,114642898665676.3,0.1146428986656763,153,10,0.06535947712418301,0.004812213560969725,611327418010505.6,36.74146052636304,0.10196226781268383,13055.285714303656,9164508.855059594,243.98608476601376,0.07673942129404708
2.76,schechter,-2,115961028427035.27,0.11596102842703526,159,10,0.06289308176100629,0.004764512898089102,482816120017617.2,26.196180722102078,0.10146566596997589,13050.282569843679,9105231.170576822,241.13485906982876,0.07225724190044636
2.77,schechter,-2,117289594505568.66,0.11728959450556865,165,10,0.06060606060606061,0.004717312020868447,485841102118434.8,19.23086518816095,0.10096935905086413,13045.149162959415,9046481.241760328,238.3133279202841,0.06813323191100124
2.78,schechter,-2,118628642150439.47,0.11862864215043947,185,10,0.05405405405405406,0.0046706049429996455,556696032598364.4,31.319632824372082,0.1004734180465394,13039.887383472797,8988253.148596747,235.52136456489762,0.05946093240642338
2.79,schechter,-2,119978216643060.17,0.11997821664306017,154,10,0.06493506493506493,0.0046243857372033625,322135567995152.8,15.318097952408177,0.09997791204942123,13034.499097642974,8930541.050315544,232.758835508758,0.0698939376061535
2.8,schechter,-2,121338363296972.23,0.12133836329697223,81,10,0.12345679012345678,0.00457864853512524,536355312647978.1,20.695552410703442,0.09948290827957305,13028.986148406959,8873339.184167327,230.025600822434,0.13002547904283218
2.81,schechter,-2,122709127457727.12,0.12270912745772712,132,10,0.07575757575757576,0.0045333875272191015,498275093232503.7,25.042020906987243,0.09898847211146117,13023.350355701652,8816641.86423281,227.3215144439808,0.07807094835218935
2.82,schechter,-2,124090554502766.4,0.1240905545027664,160,10,0.0625,0.004488596962618829,1085445621564826.2,23.3823852782786,0.09849466710101733,13017.593516716755,8760443.480241075,224.64642447183357,0.06302170365921578
2.8299999999999996,schechter,-2,125482689841304.73,0.12548268984130473,145,10,0.06896551724137931,0.004444271149001255,595910190420823.2,18.908151432905676,0.09800155501296365,13011.717406153506,8704738.496411402,222.0001734503963,0.06804337696130143
2.84,schechter,-2,126885578914211.31,0.12688557891421132,157,10,0.06369426751592357,0.004400404452436835,589419231906471.8,18.10033464397815,0.09750919584836228,13005.723776538945,8649521.450322606,219.3825986493219,0.061488672858830515
2.8499999999999996,schechter,-2,128299267193893.84,0.12829926719389384,185,10,0.05405405405405406,0.004356991297231216,750003568318024.0,16.71698653604278,0.097017647872353,12999.614358452684,8594786.951786837,216.7935323335094,0.051057704522871075
2.86,schechter,-2,129723800184182.12,0.12972380018418211,127,10,0.07874015748031496,0.00431402616575427,707850084613229.8,34.00652882850915,0.09652696764204288,12993.390860810801,8540529.681758447,214.2328020271804,0.07277211917386699
2.8699999999999997,schechter,-2,131159223420212.31,0.1311592234202123,166,10,0.060240963855421686,0.0042715035982632266,767596163429350.4,27.034171140306245,0.09603721003451575,12987.054971124917,8486744.391249523,211.7002307699876,0.05447459623416612
2.88,schechter,-2,132605582468313.14,0.13260558246831314,140,10,0.07142857142857142,0.0042294181927131635,481028759185790.4,22.370635550037406,0.0955484282749277,12980.60835576122,8433425.9002663,209.19563736603905,0.06319827389372508
2.8899999999999997,schechter,-2,134062922925890.12,0.13406292292589012,214,10,0.04672897196261682,0.0041877646045604955,711964793913867.8,23.38054943162344,0.09506067396466021,12974.05266019953,8380569.09677265,206.718836626088,0.04045279565975024
2.9,schechter,-2,135531290421314.3,0.1355312904213143,195,10,0.05128205128205128,0.00414653754655725,460593049829769.8,18.211308099065796,0.09457399710949974,12967.389509279097,8328168.935656688,204.2696396021788,0.043436498986264206
2.9099999999999997,schechter,-2,137010730613807.3,0.1370107306138073,177,10,0.05649717514124294,0.0041057317885352385,628976907671613.4,25.86767934798104,0.0940884461478178,12960.620507455717,8276220.437724468,201.84785381585218,0.046821081912958085
2.92,schechter,-2,138501289193331.03,0.13850128919333102,125,10,0.08,0.004065342157185126,338523680997109.25,18.154293473148176,0.09360406797872392,12953.747239059157,8224718.688710108,199.45328347956203,0.06486766733747673
2.9299999999999997,schechter,-2,140003011880474.62,0.14000301188047462,177,10,0.05649717514124294,0.004025363535823723,941696027979586.2,20.095539714279973,0.09312090799016796,12946.77126851636,8173658.8382961275,197.0857297107413,0.044821565525922494
2.94,schechter,-2,141515944426344.7,0.1415159444263447,162,10,0.06172839506172839,0.003985790864156957,785192768006615.5,36.47986782025655,0.09263901008696694,12939.694140610169,8123036.099160874,194.74499074012715,0.04791437067483518
2.9499999999999997,schechter,-2,143040132612454.75,0.14304013261245474,144,10,0.06944444444444445,0.003946619138033736,480874288259867.0,25.07408090557211,0.09215841671873516,12932.517380728676,8072845.746031287,192.43086211322284,0.05273967521974835
2.96,schechter,-2,144575622250615.7,0.14457562225061568,163,10,0.06134969325153374,0.003907843409192813,734681838709073.1,17.976876268510672,0.09167916890769558,12925.242495073575,8023083.114753859,190.14313688487164,0.045585865293177444
2.9699999999999998,schechter,-2,146122459182826.25,0.14612245918282624,170,10,0.058823529411764705,0.003869463150792063,797564067373658.5,32.61462873599693,0.0912013062763538,12917.870970930502,7973743.601392691,187.88160580881666,0.04276476178757977
2.98,schechter,-2,147680689281166.06,0.14768068928116607,169,10,0.05917159763313609,0.0038314720297677463,688934960600544.6,30.403549384087817,0.09072486707501438,12910.404276858646,7924822.661321773,185.64605751945714,0.042088619930322736
2.9899999999999998,schechter,-2,149250358447686.06,0.14925035844768605,151,10,0.06622516556291391,0.00379386286096961,650569022786374.2,18.917059944758876,0.09024988820912404,12902.843862974667,7876315.808353685,183.43627870951008,0.04608821755963449
3.0,schechter,-2,150831512614303.34,0.15083151261430333,140,10,0.07142857142857142,0.0037566309029997136,513323932775857.5,14.841904236290542,0.0897764052664229,12895.191161119366,7828218.613865179,181.25205429967755,0.04863550488673934
3.01,schechter,-2,152424197742692.94,0.15242419774269295,127,10,0.07874015748031496,0.0037197714691733497,628508276877500.1,18.933747544129048,0.08930445254389056,12887.447585145801,7780526.705950752,179.0931676046279,0.05245556339996659
3.02,schechter,-2,154028459824182.9,0.1540284598241829,203,10,0.04926108374384237,0.0036832812633927903,694564921990276.2,16.698686928556153,0.08883406307447111,12879.61453107821,7733235.768582869,176.95940049133094,0.032107943064578336
3.03,schechter,-2,155644344879649.03,0.15564434487964904,150,10,0.06666666666666667,0.003647162780291313,1150461951454400.5,19.387394736689906,0.08836526865356453,12871.693377381715,7686341.540784624,174.85053353341294,0.04251389053447612
3.04,schechter,-2,157271898959409.7,0.15727189895940968,96,10,0.10416666666666667,0.003611403485807463,1002358583892519.8,28.061679542525024,0.08789809986527143,12863.68548514385,7639839.815826388,172.76634615912192,0.06499260257804913
3.05,schechter,-2,158911168143121.75,0.15891116814312176,129,10,0.07751937984496124,0.0035759988959925826,709652011559606.6,19.726633577005288,0.08743258610838046,12855.592198323278,7593726.440420668,170.70661679459872,0.04732144753458247
3.06,schechter,-2,160562198539677.44,0.16056219853967743,174,10,0.05747126436781609,0.0035409445802822015,483113035521909.7,16.425362251706538,0.08696875562208634,12847.414843919361,7547997.313944066,168.67112300123893,0.034325005680537334
3.07,schechter,-2,162225036287101.0,0.162225036287101,66,10,0.15151515151515152,0.0035062476629069694,652625336988683.2,22.106460800415626,0.08650663551143015,12839.154732229927,7502648.387664568,166.65964160903215,0.08853787558978517
3.08,schechter,-2,163899727552446.4,0.16389972755244642,278,10,0.03597122302158273,0.0034718927431360846,981252251284577.4,23.211453816465642,0.08604625177245216,12830.813157007264,7457675.663981256,164.6719488436306,0.02056558792044164
3.09,schechter,-2,165586318531695.84,0.16558631853169584,160,10,0.0625,0.0034378754583872517,712368758142646.8,22.886249461679945,0.08558762931704852,12822.39139570685,7413075.195680463,162.70782044993007,0.034960576425780876
3.0999999999999996,schechter,-2,167284855449658.1,0.1672848554496581,123,10,0.08130081300813008,0.003404198136567116,639510708844713.1,15.523051704806425,0.08513079199752545,12813.890709657893,7368843.085202581,160.76703180991623,0.04449453903323115
3.11,schechter,-2,168995384559868.0,0.168995384559868,246,10,0.04065040650406504,0.0033708566917721727,644145055911958.2,21.094045398203548,0.08467576263084305,12805.312344301055,7324975.48391775,158.84935805673874,0.021766602503628926
3.1199999999999997,schechter,-2,170717952144486.2,0.17071795214448618,116,10,0.08620689655172414,0.0033378406391206816,547253842916796.0,20.6305808502754,0.08422256302254322,12796.657529318307,7281468.591418872,156.95457418310357,0.0451628755348487
3.13,schechter,-2,172452604514199.9,0.17245260451419991,116,10,0.08620689655172414,0.00330515197755743,479850234803651.6,15.236911321898571,0.08377121399035611,12787.927478912647,7238318.654820386,155.08245514707906,0.044187162354640507
3.1399999999999997,schechter,-2,174199388008123.25,0.17419938800812326,186,10,0.053763440860215055,0.0032727888899087842,785227571708664.6,19.864636301806478,0.08332173538748046,12779.123391944408,7195521.968076602,153.23277597206794,0.026962286385551915
3.15,schechter,-2,175958348993699.9,0.17595834899369991,160,10,0.0625,0.003240739342963983,474537397451111.5,15.67650666763117,0.08287414612553251,12770.246452114081,7153074.871296239,151.40531184294784,0.030666571926448234
3.1599999999999997,schechter,-2,177729533866603.88,0.17772953386660387,159,10,0.06289308176100629,0.003209009170702659,840244463499107.4,27.569830159994005,0.08242846419716175,12761.297828207144,7110973.750088734,149.5998381993929,0.030192908975942505
3.17,schechter,-2,179512989050642.97,0.17951298905064297,90,10,0.1111111111111111,0.0031775903885901124,592465217125771.2,16.279801803783087,0.0819847066983287,12752.278674231022,7069215.034901877,147.8161308235957,0.052188790731515146
3.1799999999999997,schechter,-2,181308760997661.53,0.18130876099766152,156,10,0.0641025641025641,0.003146474778433994,745417786337239.6,20.210918292722642,0.0815428898502426,12743.190129601782,7027795.200383879,146.05396592511138,0.029458661543180827
3.19,schechter,-2,183116896187444.25,0.18311689618744426,232,10,0.04310344827586207,0.003115672590566776,717866212287666.0,13.675815534430154,0.08110302902095701,12734.033319357317,6986710.76474544,144.31312022210616,0.01938070832479242
3.1999999999999997,schechter,-2,184937441127620.84,0.18493744112762084,235,10,0.0425531914893617,0.0030851651164487404,693064133105028.6,22.314939667835525,0.08066513874662186,12724.809354296227,6945958.289138465,142.59337101831542,0.018720174217129345
3.21,schechter,-2,186770442353569.7,0.18677044235356968,127,10,0.07874015748031496,0.003054959966149906,888959016855935.9,18.82800699970912,0.08022923275238983,12715.519331189726,6905534.377048772,140.89449627745321,0.03389189335263595
3.2199999999999998,schechter,-2,188615946428323.84,0.18861594642832386,289,10,0.03460207612456748,0.0030250479737564673,822121161088958.2,20.893832726978452,0.07979532397297763,12706.164332941835,6865435.673682141,139.2162746933257,0.014572176805362238
3.23,schechter,-2,190473999942477.06,0.19047399994247707,130,10,0.07692307692307693,0.002995426983951166,826490272976213.6,18.2215734307925,0.07936342457287976,12696.745428743794,6825658.865381889,137.5584857570734,0.03169587693139999
3.2399999999999998,schechter,-2,192344649514088.75,0.19234464951408875,166,10,0.060240963855421686,0.0029660969863652964,746418631449803.6,17.95806617938036,0.07893354596623703,12687.263674291105,6786200.679036681,135.92090982153726,0.024286421747330776
3.25,schechter,-2,194227941788592.5,0.1942279417885925,145,10,0.06896551724137931,0.002937048562426159,1043473666486029.4,25.629015919984045,0.07850569883635809,12677.720111894654,6747057.881511198,134.30332816167007,0.02720382047629529
3.26,schechter,-2,196123923438702.1,0.19612392343870208,74,10,0.13513513513513514,0.0029082873349075555,788125391867695.8,15.555426465477215,0.07807989315489611,12668.115770703584,6708227.279078383,132.70552303302853,0.05215483674449186
3.27,schechter,-2,198032641164319.6,0.1980326411643196,239,10,0.04184100418410042,0.0028798000681071745,862220655991728.5,22.845302703841913,0.0776561382006801,12658.451666818988,6669705.71686476,131.12727772628855,0.015800014365141175
3.28,schechter,-2,199954141692444.0,0.199954141692444,145,10,0.06896551724137931,0.00285159464635798,703687581030012.8,21.35034016639128,0.07723444257820353,12648.728803504506,6631490.078299773,129.56837661989846,0.025481137179765304
3.29,schechter,-2,201888471777079.8,0.2018884717770798,115,10,0.08695652173913043,0.0028236573135954623,720905957204356.4,21.121133971629312,0.07681481423577075,12638.94817130197,6593577.284582875,128.02860522920764,0.031435557174337256
3.3,schechter,-2,203835678199144.97,0.20383567819914497,222,10,0.04504504504504504,0.002795994991915518,836154721297515.4,21.368742019118564,0.07639726048330328,12629.110748224546,6555964.294144623,126.50775025349687,0.0159331097363638
3.31,schechter,-2,205795807766384.25,0.20579580776638426,181,10,0.055248618784530384,0.0027685965553249092,897423204718478.8,17.587094745735026,0.0759817880098082,12619.217499884657,6518648.1021335395,125.0055996201432,0.019120998480920068
3.32,schechter,-2,207768907313274.3,0.20776890731327433,95,10,0.10526315789473684,0.0027414648846614265,860238064768504.9,24.878612024875885,0.07556840290051019,12609.269379694235,6481625.739898744,123.52194252681568,0.035645375570782324
3.33,schechter,-2,209755023700939.2,0.20975502370093918,216,10,0.046296296296296294,0.002714594491112332,880057756264803.2,27.683080422653852,0.07515711065365033,12599.267328944828,6444894.2744803615,122.05656948010225,0.015339541255312738
3.34,schechter,-2,211754203817058.4,0.2117542038170584,269,10,0.03717472118959108,0.0026879812770094214,1283240045711685.5,25.473795064271307,0.07474791619695409,12589.212277033064,6408450.8081216905,120.60927233354735,0.012051876054509506
3.3499999999999996,schechter,-2,213766494575780.16,0.21376649457578015,210,10,0.047619047619047616,0.0026616282574999373,831945285092197.5,26.006993215246165,0.0743408239037712,12579.105141564003,6372292.477769603,119.1798443218964,0.01510535435102871
3.36,schechter,-2,215791942917632.66,0.21579194291763265,140,10,0.07142857142857142,0.002635522509273236,830372529225922.8,18.957219386893446,0.07393583760889016,12568.946828510705,6336416.454597149,117.76808009403366,0.02217003042583707
3.3699999999999997,schechter,-2,217830595809436.94,0.21783059580943695,263,10,0.03802281368821293,0.0026096754269070432,1066556519856839.4,18.707253867644248,0.07353296062403111,12558.73823237185,6300819.9435306,116.3737757437685,0.011547444216536256
3.38,schechter,-2,219882500244220.78,0.2198825002442208,198,10,0.050505050505050504,0.0025840718198023582,1059986384817763.6,18.710944088481106,0.07313219575301971,12548.480236284153,6265500.18277916,114.99672883811833,0.015008071028284584
3.3899999999999997,schechter,-2,221947703241130.06,0.22194770324113006,249,10,0.040160642570281124,0.002558714004598839,1159818505284728.0,17.974543234566433,0.07273354530664589,12538.173712198073,6230454.443376221,113.63673844434064,0.011677265626283921
3.4,schechter,-2,224026251845345.22,0.22402625184534522,166,10,0.060240963855421686,0.0025336023109400196,796950585832378.8,20.317885055638747,0.07233701111721073,12527.819521006364,6195680.028727723,112.29360515466604,0.017138996236364334
3.4099999999999997,schechter,-2,226118193127993.72,0.22611819312799372,183,10,0.0546448087431694,0.00250872639044164,838675824140055.5,17.252183695198074,0.07194259455276497,12517.418512660364,6161174.274165404,110.96713110910126,0.015212359031967205
3.42,schechter,-2,228223574186066.53,0.22822357418606654,246,10,0.04065040650406504,0.002484092599154053,911837107484541.0,23.831916634187834,0.07155029653104333,12506.971526350228,6126934.5465087,109.6571200171155,0.01107310732841725
3.4299999999999997,schechter,-2,230342442142331.9,0.2303424421423319,138,10,0.07246376811594203,0.0024596939794427897,794878731799263.8,18.490547831241674,0.07116011753309788,12496.47939060053,6092958.2436328735,108.36337717689632,0.019314546843050732
3.44,schechter,-2,232474844145252.53,0.23247484414525252,218,10,0.045871559633027525,0.002435524530058686,855911263877099.2,21.539860545115825,0.07077205761663512,12485.9429234124,6059242.794044905,107.08570949344944,0.011963755609634606
3.4499999999999997,schechter,-2,234620827368900.34,0.23462082736890033,132,10,0.07575757575757576,0.0024115906165717016,1187459532832050.5,27.849338825891255,0.07038611642905952,12475.362932413382,6025785.656462501,105.82392549515772,0.01933363528279585
3.46,schechter,-2,236780439012875.12,0.23678043901287513,79,10,0.12658227848101267,0.002387884216107361,734496202158671.0,19.8542297064953,0.07000229322022894,12464.740214958865,5992584.319403749,104.57783534851968,0.03161009650422843
3.4699999999999998,schechter,-2,238953726302218.47,0.23895372630221848,224,10,0.044642857142857144,0.0023644005310573535,932464399428278.6,20.18677149607758,0.06962058685492503,12454.075558309087,5959636.300782556,103.34725087209603,0.010908673877022384
3.48,schechter,-2,241140736487335.0,0.241140736487335,138,10,0.07246376811594203,0.002341143055937911,883608196728145.6,17.56331602767731,0.06924099582504298,12443.369739675005,5926939.147505195,102.1319855478957,0.017326491938739644
3.4899999999999998,schechter,-2,243341516843907.44,0.24334151684390742,113,10,0.08849557522123894,0.002318108526762952,579915803137917.0,13.753714957972988,0.06886351826150523,12432.623526422425,5894490.435082389,100.93185453294011,0.020705397576531538
3.5,schechter,-2,245556114672816.12,0.24555611467281613,115,10,0.08695652173913043,0.0022952904057808032,671954964513564.8,17.757439782797594,0.06848815194590231,12421.837676153411,5862287.767236518,99.74667466834626,0.019908485684764717
3.51,schechter,-2,247784577300057.7,0.24778457730005768,237,10,0.04219409282700422,0.002272686754115405,511919378586317.8,13.716059613475014,0.06811489432186627,12411.012936841287,5830328.775524363,98.57626448781294,0.009452867956608829
3.52,schechter,-2,250026952076664.6,0.2500269520766646,263,10,0.03802281368821293,0.002250304126425684,863141466634738.6,18.902216530167387,0.06774374250617998,12400.1500469437,5798611.1189587405,97.42044422464458,0.008335575195320946
3.53,schechter,-2,252283286378623.66,0.2522832863786237,237,10,0.04219409282700422,0.0022281318729964195,863678200817940.6,18.910959864713895,0.0673746932996273,12389.249735528578,5767132.483642135,96.27903581787008,0.009051577569922371
3.54,schechter,-2,254553627606797.75,0.2545536276067977,235,10,0.0425531914893617,0.002206167971615769,973573145375903.8,22.47887505373121,0.06700774319758737,12378.312722398181,5735890.582397208,95.15186291712591,0.00893280818754627
3.55,schechter,-2,256838023186844.38,0.2568380231868444,118,10,0.0847457627118644,0.0021844105383541645,585099485300405.1,15.362431073022899,0.06664288840037871,12367.339718162732,5704883.154414197,94.0387508863188,0.017408410038113286
3.56,schechter,-2,259136520569137.53,0.25913652056913755,191,10,0.05235602094240838,0.0021628643428215355,877869434065545.5,17.317573798902963,0.06628012482335588,12356.33142442776,5674107.964892094,92.93952680698767,0.010524376364897376
3.57,schechter,-2,261449167228689.5,0.2614491672286895,196,10,0.05102040816326531,0.0021415211422929348,823175472429510.4,21.24312970469137,0.06591944810676449,12345.288533837393,5643562.804696245,91.85401947980293,0.010036087995948217
3.58,schechter,-2,263776010665070.78,0.2637760106650708,220,10,0.045454545454545456,0.002120378481852536,874755577308242.0,21.414745003186418,0.06556085362535716,12334.2117302268,5613245.49001041,90.78205942582541,0.008749651152035381
3.59,schechter,-2,266117098402334.47,0.2661170984023345,141,10,0.07092198581560284,0.0020994345324868435,806874014482262.8,18.806815846773276,0.0652043364977763,12323.101688722338,5583153.862002588,89.72347888664768,0.01335947304606258
3.5999999999999996,schechter,-2,268472477988936.5,0.2684724779889365,194,10,0.05154639175257732,0.0020786878469953862,913059519324545.4,20.775622907024193,0.06484989159570673,12311.959075843608,5553285.786493722,88.67811182369533,0.009501758419712028
3.61,schechter,-2,270842196997659.84,0.2708421969976598,205,10,0.04878048780487805,0.002058141551509296,794088338200907.0,17.606260654127958,0.06449751355280299,12300.784549608761,5523639.15362708,87.64579391670135,0.00879938781829189
3.6199999999999997,schechter,-2,273226303025537.1,0.2732263030255371,231,10,0.04329004329004329,0.0020377882272143433,931520163761594.8,21.737613272325472,0.06414719677339552,12289.578759666283,5494211.877547617,86.62636256170215,0.00764182605171593
3.63,schechter,-2,275624843693774.75,0.27562484369377477,342,10,0.029239766081871343,0.002017626099860892,1095181978775387.2,26.128104712895656,0.06379893544097907,12278.342347357657,5465001.896084231,85.61965686779376,0.005051124396420893
3.6399999999999997,schechter,-2,278037866647676.16,0.27803786664767616,118,10,0.0847457627118644,0.001997653407496469,1219827505765350.5,22.964530021990775,0.06345272352648877,12267.075945859484,5436007.170438018,84.62551765379567,0.014326479127309959
3.65,schechter,-2,280465419556567.5,0.2804654195565675,267,10,0.03745318352059925,0.001977868400468652,900582731228695.9,19.390910303303343,0.0631085547963669,12255.780180259066,5407225.684871397,83.64378744373565,0.006196120003014283
3.6599999999999997,schechter,-2,282907550113720.25,0.28290755011372026,81,10,0.12345679012345678,0.001958269341427288,919259466574603.6,20.886309022162727,0.06276642282042497,12244.455667676497,5378655.446409031,82.67431046215633,0.019987477469343456
3.67,schechter,-2,285364306036279.06,0.28536430603627905,150,10,0.06666666666666667,0.0019388572666624304,1031455493077802.8,19.239390462361037,0.062426320979504686,12233.103017350595,5350294.484533614,81.71693262843482,0.010562497909067006
3.6799999999999997,schechter,-2,287835735065185.6,0.2878357350651856,237,10,0.04219409282700422,0.0019196285789185863,1395875809664331.5,15.269281147126751,0.06208824247294238,12221.722830714469,5322140.850894996,80.77150155062115,0.006542248216824441
3.69,schechter,-2,290321884965104.06,0.2903218849651041,271,10,0.03690036900369004,0.0019005804124884174,1236651630184845.5,23.88852305940018,0.06175218032584041,12210.315701564781,5294192.619019311,79.83786651930231,0.005599198718872723
3.6999999999999997,schechter,-2,292822803524349.3,0.2928228035243493,217,10,0.04608294930875576,0.0018817110843977192,822748391480641.6,19.264653739704926,0.061418127396149415,12198.882216064978,5266447.884021641,78.91587849984947,0.0068431743459977145
3.71,schechter,-2,295338538554811.5,0.2953385385548115,289,10,0.03460207612456748,0.0018630189239203787,920197082578024.0,19.740026336677055,0.06108607638156587,12187.422952912602,5238904.762326913,78.0053901253402,0.0050285646356851435
3.7199999999999998,schechter,-2,297869137891884.6,0.29786913789188463,176,10,0.056818181818181816,0.001844502272571269,1309079926514531.5,18.75344018332405,0.06075601982624775,12175.938483392914,5211561.39139034,77.10625568821075,0.00808083317308898
3.73,schechter,-2,300414649394392.5,0.3004146493943925,308,10,0.032467532467532464,0.0018261594840982553,944662526092164.4,17.649437262622087,0.06042795012735299,12164.429371479018,5184415.929424091,76.2183311318243,0.004519052865536436
3.7399999999999998,schechter,-2,302975120944517.94,0.30297512094451795,231,10,0.04329004329004329,0.0018079889244718705,919219231575220.0,18.103334214571497,0.060101859541404255,12152.89617394363,5157466.555130386,75.34147404174205,0.005896820373197166
3.75,schechter,-2,305550600447729.7,0.3055506004477297,96,10,0.10416666666666667,0.0017899889718735462,1037629129533908.0,20.098418109794284,0.05977774019048319,12141.339440413332,5130711.467432381,74.47554363616365,0.013886500185731251
3.76,schechter,-2,308141135832711.9,0.30814113583271185,302,10,0.033112582781456956,0.001772158016685288,1404666511225226.5,23.315844149853973,0.059455584068258405,12129.759713481631,5104148.885215932,73.62040075648548,0.00432009878782084
3.77,schechter,-2,310746775051291.7,0.31074677505129167,179,10,0.055865921787709494,0.0017544944614729108,1113327903136603.4,19.59780236922054,0.05913538304585055,12118.157528792939,5077777.047071797,72.77590785728896,0.0071332361600154395
3.78,schechter,-2,313367566078369.56,0.3133675660783696,278,10,0.03597122302158273,0.0017369967209736048,1024483026798255.4,23.8544895317197,0.05881712887753789,12106.533415129777,5051594.211037625,71.9419289959784,0.004495068157069439
3.79,schechter,-2,316003556911848.5,0.3160035569118485,146,10,0.0684931506849315,0.0017196632220786157,1015731760177157.8,20.89668006812162,0.05850081320630583,12094.887894489017,5025598.654353037,71.11832982219389,0.008376683302115316
3.8,schechter,-2,318654795572562.1,0.3186547955725621,229,10,0.043668122270742356,0.0017024928731301792,1504521631271309.0,31.15452430770776,0.058186427569244414,12083.221482170367,4999788.673212268,70.30497756693494,0.005226800142064797
3.81,schechter,-2,321321330104208.6,0.3213213301042086,240,10,0.041666666666666664,0.0016854836174633459,1046776161142799.6,16.268767033360906,0.05787396340279591,12071.534686851328,4974162.582516595,69.50174103129322,0.004881001912226031
3.82,schechter,-2,324003208573277.5,0.3240032085732775,164,10,0.06097560975609756,0.0016686337330971135,1023917912580193.0,13.957183274332973,0.0575634120478575,12059.828010719606,4948718.7156405095,68.70849057542097,0.006990811288069056
3.83,schechter,-2,326700479068982.75,0.32670047906898275,172,10,0.05813953488372093,0.0016519416999910552,1632150931017630.5,30.384073534442393,0.057254764754740534,12048.101949451811,4923455.424194368,67.92509810629055,0.006523738490567721
3.84,schechter,-2,329413189703193.1,0.3294131897031931,273,10,0.03663003663003663,0.0016354060101194667,1100351470173399.8,20.338246632573366,0.056948012687991136,12036.356992416291,4898371.077789676,67.15143706652485,0.004022705632481827
3.8499999999999996,schechter,-2,332141388610364.06,0.3321413886103641,121,10,0.08264462809917356,0.001619025167449606,1175600081890894.5,18.743005002140315,0.056643146931074334,12024.593622637603,4873464.063811505,66.38738242172903,0.008882879581973625
3.86,schechter,-2,334885123947469.3,0.33488512394746933,207,10,0.04830917874396135,0.0016027978973522927,822950381900694.8,18.837149584435977,0.056340158490925135,12012.812316966425,4848732.787193777,65.6328106488013,0.0050819386910734244
3.8699999999999997,schechter,-2,337644443893933.56,0.33764444389393355,269,10,0.03717472118959108,0.0015867231515759306,1085877110812202.4,23.416988402194008,0.05603903830236975,12001.01354609504,4824175.670194775,64.8875997231737,0.003827459358027942
3.88,schechter,-2,340419396651564.6,0.3404193966515646,112,10,0.08928571428571429,0.0015707990331039756,1110023692223816.8,14.224959625795032,0.05573977723241955,11989.19777468074,4799791.152178878,64.15162910654442,0.008997260443982575
3.8899999999999997,schechter,-2,343210030444486.0,0.343210030444486,160,10,0.0625,0.001555024089223811,1115833881226126.4,23.049043009255612,0.05544236608444147,11977.365461365202,4775577.689400512,63.42477973389549,0.006164191271245104
3.9,schechter,-2,346016393519071.4,0.3460163935190714,224,10,0.044642857142857144,0.0015393968791233004,1055554832270019.4,19.245128123586813,0.0551467956022065,11965.517058889469,4751533.754790982,62.706934000904354,0.0043094133259099525
3.9099999999999997,schechter,-2,348838534143875.75,0.3488385341438757,293,10,0.034129692832764506,0.0015239159738641428,1242786342866675.0,20.190271887452102,0.0548530564738208,11953.653014185697,4727657.837746424,61.99797575108662,0.003224563330864255
3.92,schechter,-2,351676500609572.4,0.3516765006095724,109,10,0.09174311926605505,0.001508579956349898,1135982227354972.5,20.410689857254713,0.054561139335540465,11941.773768369389,4703948.4439248545,61.29779026240379,0.008483726399853423
3.9299999999999997,schechter,-2,354530341228884.06,0.35453034122888405,299,10,0.033444816053511704,0.0014933874212955667,1162991511986069.5,23.137743051718235,0.054271034775474035,11929.879756908658,4680404.095037893,60.606264234599706,0.0030270445705574108
3.94,schechter,-2,357400104336520.25,0.35740010433652025,178,10,0.056179775280898875,0.0014783369751966147,1514327536503790.5,18.18516867174663,0.05398273333717482,11917.971409627457,4657023.328652699,59.92328577569102,0.004976787024577381
3.9499999999999997,schechter,-2,360285838289109.7,0.3602858382891097,190,10,0.05263157894736842,0.0014634272362952228,869233904613552.4,15.66601427462351,0.053696225523125696,11906.049150800536,4633804.697992794,59.24874438881672,0.004563485592362533
3.96,schechter,-2,363187591465136.25,0.36318759146513624,247,10,0.04048582995951417,0.0014486568345475348,1184212825736957.5,16.2418615053381,0.05341150179811911,11894.113399203834,4610746.771740449,58.582530958788475,0.0034358697918437844
3.9699999999999998,schechter,-2,366105412264874.7,0.3661054122648747,269,10,0.03717472118959108,0.001434024411589574,1435727902302286.2,24.4414680080516,0.05312855259253501,11882.164568217195,4587848.13384705,57.92453773892219,0.0030879256932214113
3.98,schechter,-2,369039349110326.2,0.3690393491103262,129,10,0.07751937984496124,0.0014195286207017155,1443047249805672.0,16.848940969796985,0.05284736830551836,11870.203065867003,4565107.3833417045,57.27465833747273,0.006302559438058502
3.9899999999999998,schechter,-2,371989450445153.56,0.3719894504451536,170,10,0.058823529411764705,0.0014051681267731597,911420884020265.8,16.086640667776013,0.05256793930805998,11858.229294870758,4542523.13414405,56.63278770407671,0.00468109342423997
4.0,schechter,-2,374955764734619.6,0.3749557647346196,259,10,0.03861003861003861,0.0013909444754528488,1147294191098286.0,20.546788725458686,0.05229025594598198,11846.243652755295,4520094.014880405,55.998822116536886,0.0030073842569445478
4.01,schechter,-2,377938340465521.44,0.37793834046552144,165,10,0.06060606060606061,0.0013768539818533876,928029529041651.4,17.487493723503462,0.052014308542830644,11834.246531891014,4497818.66870036,55.37265916715837,0.004620610076370454
4.02,schechter,-2,380937226146129.06,0.38093722614612907,190,10,0.05263157894736842,0.001362894987852581,1525636998200879.5,22.68108927402131,0.051740087402679,11822.238319519678,4475695.7530969195,54.75419774907102,0.003927590614531471
4.03,schechter,-2,383952470306122.1,0.3839524703061221,89,10,0.11235955056179775,0.001349066200528215,947489086941088.0,18.31895968923701,0.05146758281284127,11810.219397910725,4453723.939732424,54.143338043192834,0.008207072734589316
4.04,schechter,-2,386984121496526.25,0.3869841214965262,131,10,0.07633587786259542,0.0013353663384146897,1318794678554563.5,26.11138139206265,0.05119678504650158,11798.190144323167,4431901.9142613495,53.53998150422428,0.005457670920617267
4.05,schechter,-2,390032228289654.0,0.390032228289654,131,10,0.07633587786259542,0.0013217941314618287,1524189958036876.5,24.23443766301891,0.05092768436525858,11786.150931132204,4410228.376158676,52.9440308474641,0.00534206940993222
4.06,schechter,-2,393096839279038.9,0.3930968392790389,298,10,0.03355704697986577,0.0013083487200297172,1045156237558471.6,17.14445626039282,0.05066027102158882,11774.102125854417,4388702.038552683,52.355390035201495,0.0022986277697722313
4.07,schechter,-2,396178003079377.56,0.39617800307937756,169,10,0.05917159763313609,0.0012950323591409685,1332923343719235.5,20.313274532177545,0.05039453526123035,11762.04409124273,4367321.6280537555,51.77396426337581,0.003967394028525429
4.08,schechter,-2,399275768326464.94,0.39927576832646494,174,10,0.05747126436781609,0.0012818400275462771,1325623333923857.5,20.08646325780183,0.05013046732548883,11749.977185301916,4346085.884590511,51.19965994797359,0.003771826064256925
4.09,schechter,-2,402390183677137.7,0.4023901836771377,166,10,0.060240963855421686,0.0012687704967846436,1362301031364342.5,19.119401996806015,0.049868057453468215,11737.901761373229,4324993.5612532655,50.632384711832486,0.0038699322833869215
4.1,schechter,-2,405521297809208.2,0.4055212978092082,255,10,0.0392156862745098,0.0012558225496370756,1118189433232113.6,14.16618896007402,0.04960729588422757,11725.818168185428,4304043.424121051,50.07204737111695,0.0024659453409860595
4.109999999999999,schechter,-2,408669159421409.44,0.4086691594214094,341,10,0.02932551319648094,0.0012429949800827345,1124670395268026.2,16.312989562294057,0.04934817285886632,11713.726749935535,4283234.252119073,49.51855792230148,0.001805024015201081
4.12,schechter,-2,411833817233330.44,0.41183381723333046,258,10,0.03875968992248062,0.0012302906042245265,1172418370655050.0,17.580827235545645,0.04909067862253967,11701.627846295292,4262564.836847282,48.97182752852526,0.0023352550108545985
4.13,schechter,-2,415015319985358.1,0.4150153199853581,146,10,0.0684931506849315,0.0012177053216091416,828409963381051.4,15.245914495037866,0.04883480342640599,11689.521792491918,4242033.982438276,48.4317685066412,0.004039426181197192
4.14,schechter,-2,418213716438619.5,0.4182137164386195,296,10,0.033783783783783786,0.0012052369601657231,1432901439285050.2,15.073895380217115,0.04858053752950762,11677.408919392727,4221640.505400525,47.89829431413929,0.001950297116091094
4.1499999999999995,schechter,-2,421429055374918.9,0.42142905537491887,260,10,0.038461538461538464,0.0011928843547636125,1842287697976234.0,18.7277677421525,0.04832787120058748,11665.28955350513,4201383.234468503,47.371319535840435,0.0021734040745696897
4.16,schechter,-2,424661385596681.75,0.42466138559668176,187,10,0.053475935828877004,0.0011806479701713668,1397472542578651.5,17.29833165622111,0.04807679471984265,11653.164017060622,4181261.010457904,46.850759871043614,0.002957981526349399
4.17,schechter,-2,427910755926894.0,0.427910755926894,164,10,0.06097560975609756,0.0011685290526055603,1226805761626031.8,17.514683522599373,0.04782729838061681,11641.03262806969,4161272.6861168793,46.33653212055352,0.0033015599987717996
4.18,schechter,-2,431177215209044.9,0.4311772152090449,160,10,0.0625,0.0011565225429096548,1771576069524779.5,17.603799694664758,0.0475793724910331,11628.895700363799,4141417.125983926,45.82855417378478,0.003312609750683653
4.1899999999999995,schechter,-2,434460812307068.2,0.4344608123070682,160,10,0.0625,0.0011446273163733256,1334127876180763.8,17.976799830167632,0.04733300737556878,11616.75354363609,4121693.2062488887,45.32674499595337,0.0032426394052910107
4.2,schechter,-2,437761596105284.4,0.43776159610528437,255,10,0.0392156862745098,0.001132843991822563,1148167569256982.8,17.4612688984019,0.04708819337657378,11604.606463520206,4102099.814607074,44.83102461540167,0.001991629681678714
4.21,schechter,-2,441079615508341.8,0.4410796155083418,337,10,0.02967359050445104,0.001121174097536426,1589032495231406.0,16.176980684420425,0.04684492085573398,11592.454761617406,4082635.850129579,44.34131411096047,0.0014752027546568337
4.22,schechter,-2,444414919441161.5,0.4444149194411615,254,10,0.03937007874015748,0.0011096122455118707,823362587104191.2,12.929299451415625,0.046603180195481396,11580.298735563116,4063300.22312007,43.85753559938221,0.0019159393133483188
4.2299999999999995,schechter,-2,447767556848878.75,0.44776755684887876,217,10,0.04608294930875576,0.0010981573509528664,1188477528668910.5,15.661532377365447,0.0463629618003518,11568.138679041784,4044091.8549862206,43.37961222280507,0.0021952829513344793
4.24,schechter,-2,451137576696785.4,0.4511375766967854,251,10,0.0398406374501992,0.001086812491271738,1407113345521594.0,22.48857146128821,0.046124256098292224,11555.974881883778,4025009.6781047075,42.90746813652988,0.0018578634398256873
4.25,schechter,-2,454525027970274.5,0.4545250279702745,241,10,0.04149377593360996,0.0010755748155808487,1020344092243522.6,14.50339435108092,0.04588705354191895,11543.807630078956,4006052.635690871,42.441028496604076,0.0018941286887259946
4.26,schechter,-2,457929959674783.1,0.4579299596747831,173,10,0.057803468208092484,0.0010644409626463514,1716757741418313.2,19.133651915733488,0.04565134460972769,11531.637205828994,3987219.681670151,41.980219447648885,0.0025829748671075408
4.27,schechter,-2,461352420835737.44,0.46135242083573746,279,10,0.035842293906810034,0.0010534117289191514,1489474687690679.5,17.09239968182173,0.04541711980725716,11519.463887598416,3968509.7805564064,41.52496811083085,0.0015678454641915036
4.28,schechter,-2,464792460498496.3,0.4647924604984963,148,10,0.06756756756756757,0.0010424892347794534,1140287571909635.2,14.750318600444047,0.0451843696682072,11507.28795016692,3949921.907314913,41.07520257175554,0.002893274087664897
4.29,schechter,-2,468250127728293.5,0.4682501277282935,284,10,0.035211267605633804,0.0010316675052731705,1391046184728542.2,18.986316231452374,0.04495308475551311,11495.109664646821,3931455.0472522303,40.630851868601304,0.0014759693515635087
4.3,schechter,-2,471725471610185.1,0.47172547161018513,241,10,0.04149377593360996,0.0010209463464513346,1368486540782434.0,17.92269792696377,0.04472325566237682,11482.929298577379,3913108.1958865277,40.1918459804053,0.0017026439133124294
4.31,schechter,-2,475218541248994.4,0.4752185412489944,134,10,0.07462686567164178,0.0010103302414818938,1575667673298090.5,20.37260785535566,0.044494873013256726,11470.747115917029,3894880.358826569,39.75811581516262,0.0029976736382386826
4.32,schechter,-2,478729385769255.4,0.4787293857692554,277,10,0.036101083032490974,0.0009998119190290922,1284699151126499.5,18.529479735295862,0.044267927464816684,11458.563377098302,3876770.551660913,39.32959319834163,0.0014195738646305947
4.33,schechter,-2,482258054315158.8,0.48225805431515884,323,10,0.030959752321981424,0.0009893914096154033,1288588218765358.0,23.539412278364246,0.04404240970683595,11446.378339122788,3858777.7998315697,38.906210861461766,0.0011917483221986307
4.34,schechter,-2,485804596050497.6,0.48580459605049764,191,10,0.05235602094240838,0.0009790731027203847,1832108755745016.0,16.011363435224006,0.04381831046308065,11434.192255513328,3840901.138524533,38.487902430442546,0.001972904191087582
4.35,schechter,-2,489369060158613.75,0.48936906015861376,239,10,0.04184100418410042,0.0009688496716155903,875739074024721.0,14.469494972154148,0.043595620492138186,11422.00537644257,3823139.612554538,38.07460241458905,0.001543454646287396
4.36,schechter,-2,492951495842343.44,0.49295149584234343,248,10,0.04032258064516129,0.0009587225121813203,1290657904644515.5,21.11382983665055,0.04337433058821551,11409.817948703903,3805492.276251821,37.66624619515225,0.0014561079909942121
4.37,schechter,-2,496551952323962.75,0.49655195232396276,193,10,0.05181347150259067,0.0009486936123179746,1196137827021528.5,13.246817004746342,0.0431544315819022,11397.630215810288,3787958.1933524255,37.26277001444883,0.0018316555383410035
4.38,schechter,-2,500170478845136.75,0.5001704788451368,169,10,0.05917159763313609,0.0009387567562539889,1518281171936414.5,20.860374452558187,0.042935914340899516,11385.44241799556,3770536.4368874063,36.86411096473638,0.0020477179426889366
4.39,schechter,-2,503807124666863.94,0.503807124666864,366,10,0.0273224043715847,0.0009289157738374687,1227442637569140.5,15.232013498083953,0.04271876977071631,11373.254792275146,3753226.089076467,36.47020697742448,0.000925621599356473
4.3999999999999995,schechter,-2,507461939069424.2,0.5074619390694242,266,10,0.03759398496240601,0.0009191680886740938,1128947829794726.5,17.357979523712274,0.0425029888153329,11361.067572464148,3736026.2412209357,36.080996812234424,0.0012467857472690822
4.41,schechter,-2,511134971352325.25,0.5111349713523252,331,10,0.030211480362537766,0.0009095097937188434,1549628623400976.8,19.08142279140268,0.04228856245783335,11348.88098925036,3718935.9935974055,35.69642004663756,0.000980853281967327
4.42,schechter,-2,514826270834252.5,0.5148262708342525,493,10,0.02028397565922921,0.0008999478377637038,1406820396208855.2,15.733347677541326,0.042075481721007855,11336.695270188431,3701954.455356704,35.31641706518937,0.0006446842429082829
4.43,schechter,-2,518535886853014.1,0.5185358868530141,289,10,0.03460207612456748,0.0008904733722309155,1428947034525723.0,19.899551597846695,0.041863737667925324,11324.510639761902,3685080.744418201,34.94092904913207,0.001076607851877571
4.4399999999999995,schechter,-2,522263868765491.44,0.5222638687654915,275,10,0.03636363636363636,0.0008810897648312555,1338414292588240.0,18.34366472928423,0.041653321402477496,11312.32731945942,3668313.9873721073,34.56989796620961,0.0011076066643377499
4.45,schechter,-2,526010265947584.44,0.5260102659475845,239,10,0.04184100418410042,0.000871795867881886,1159714547483480.0,14.372822269101936,0.041444224069895445,11300.145527718545,3651653.319377335,34.20326656012968,0.001247626211513964
4.46,schechter,-2,529775127794163.25,0.5297751277941632,370,10,0.02702702702702703,0.0008625877073288324,1221988465164577.5,13.987660113890817,0.041236436857238865,11287.965480038793,3635097.884063798,33.840978340688785,0.0007889408627205248
4.47,schechter,-2,533558503719014.4,0.5335585037190144,152,10,0.06578947368421052,0.0008534710611745044,1032754778192618.8,14.933394751846183,0.04102995099385941,11275.78738901007,3618646.833436934,33.48297757375077,0.0018800495000757373
4.4799999999999995,schechter,-2,537360443154791.4,0.5373604431547914,255,10,0.0392156862745098,0.0008444375458138698,1224939224929133.5,13.208738468723103,0.04082475775183858,11263.611464299094,3602299.327779113,33.129209271171725,0.0010970803204589158
4.49,schechter,-2,541180995552962.9,0.5411809955529628,257,10,0.038910505836575876,0.0008354929130447442,1536980069836840.5,18.119329998901375,0.04062084844640118,11251.437912748896,3586054.5355572705,32.779619181218244,0.0010656474520705605
4.5,schechter,-2,545020210383762.5,0.5450202103837625,435,10,0.022988505747126436,0.0008266316855962685,1242359390345808.8,15.527656230756829,0.04041821443630461,11239.266938360712,3569911.633328093,32.43415377871022,0.0006163471082525014
4.51,schechter,-2,548878137136137.7,0.5488781371361376,215,10,0.046511627906976744,0.0008178554605190458,1229617088574031.0,16.215782323954453,0.04021684712420523,11227.098742363769,3553869.805647869,32.09276025556413,0.0012208018240996152
4.52,schechter,-2,552754825317700.94,0.5527548253177009,203,10,0.04926108374384237,0.0008091633260347564,1444093477498962.5,16.570804397925322,0.04001673795700224,11214.933523226906,3537928.2449801154,31.755386511242786,0.0012657780378796282
4.53,schechter,-2,556650324454679.0,0.556650324454679,198,10,0.050505050505050504,0.0008005528166996623,1761854782416230.2,18.511964460026515,0.03981787842615967,11202.771476697977,3522086.15160432,31.421981143394557,0.001270452298516575
4.54,schechter,-2,560564684091862.8,0.5605646840918628,221,10,0.04524886877828054,0.0007920266271280729,1197918406488216.0,15.841444385117871,0.03962026006800758,11190.612795858768,3506342.7335315645,31.092493438693673,0.0011143023849434519
4.55,schechter,-2,564497953792558.2,0.5644979537925583,276,10,0.036231884057971016,0.0007835791707258011,1751958209985268.5,18.80667526971809,0.0394238744640223,11178.457671107553,3490697.2064130404,30.766873363510765,0.0008734884462320835
4.56,schechter,-2,568450183138537.5,0.5684501831385375,221,10,0.04524886877828054,0.0007752158247641416,1330103444252612.8,14.181592460937221,0.03922871324108732,11166.306290245657,3475148.7934561176,30.44507155503944,0.0010679412332824981
4.57,schechter,-2,572421421729988.1,0.5724214217299881,244,10,0.040983606557377046,0.0007669287877146713,1331717114919369.5,15.723538512575297,0.03903476807173469,11154.158838478746,3459696.7253384124,30.127039312262188,0.0009469382679174377
4.58,schechter,-2,576411719185467.0,0.576411719185467,134,10,0.07462686567164178,0.0007587252306486825,1479605295649189.5,14.223215466411048,0.03884203067436807,11142.015498449136,3444340.2401227453,29.812728587108428,0.0016880350278746573
4.59,schechter,-2,580421125141849.1,0.5804211251418491,274,10,0.0364963503649635,0.000750596008677884,1487508167513079.0,16.450718178370416,0.0386504928134673,11129.876450274545,3429078.583176759,29.5020919757653,0.0008081807476152285
4.6,schechter,-2,584449689254279.5,0.5844496892542795,135,10,0.07407407407407407,0.0007425492322107319,1766044931923872.5,18.6522239880228,0.038460146299776024,11117.741871584272,3413911.0070874332,29.195082710031876,0.0016058360185676281
4.61,schechter,-2,588497461196127.2,0.5884974611961272,300,10,0.03333333333333333,0.0007345752504182013,2053303501777240.8,18.247302325541987,0.03827098299047199,11105.61193753341,3398836.7715838132,28.89165464878107,0.0007074364816208181
4.62,schechter,-2,592564490658933.6,0.5925644906589336,219,10,0.045662100456621,0.0007266822924897332,2005280103840941.5,23.892060145002283,0.038082994789321374,11093.486820842252,3383855.1434541843,28.591762269535515,0.0009487272763629005
4.63,schechter,-2,596650827352367.5,0.5966508273523675,228,10,0.043859649122807015,0.0007188610054051914,1462242329604866.5,13.525623276042074,0.03789617364681675,11081.366691822775,3368965.396468138,28.29536066014479,0.0008921241847567623
4.64,schechter,-2,600756521004176.9,0.6007565210041769,382,10,0.02617801047120419,0.0007111189500003112,1828630612376009.2,17.969021111283144,0.03771051156030021,11069.251718410947,3354166.8113015178,28.002405510595445,0.0005212838011564807
4.6499999999999995,schechter,-2,604881621360140.5,0.6048816213601405,322,10,0.031055900621118012,0.0007034478416312329,1931981328085123.5,23.465348396759353,0.03752600057407135,11057.142066203542,3339458.6754533774,27.71285310485744,0.0006054207050327756
4.66,schechter,-2,609026178184021.6,0.6090261781840216,265,10,0.03773584905660377,0.0006958538185781737,1528174013793302.8,17.8608375344094,0.03734263277948092,11045.037898454264,3324840.2831766997,27.42666031283632,0.0007201866531899472
4.67,schechter,-2,613190241257519.4,0.6131902412575194,214,10,0.04672897196261682,0.0006883304024455361,1327691962596090.8,14.174401863193367,0.037160400315010805,11032.939376148044,3310310.935399574,27.143784582533943,0.0008730790731584358
4.68,schechter,-2,617373860380225.6,0.6173738603802256,488,10,0.020491803278688523,0.0006808815872050289,1305729420604649.5,14.596955435865777,0.036979295366340204,11020.84665800104,3295869.9396521407,26.86418393216086,0.0003748222990716705
4.6899999999999995,schechter,-2,621577085369573.8,0.6215770853695738,302,10,0.033112582781456956,0.0006735034063720668,1545200536190985.5,17.237699216889645,0.03679931016639911,11008.759900460627,3281516.609994206,26.5878169423485,0.0005929465324062472
4.7,schechter,-2,625799966060795.4,0.6257999660607954,242,10,0.04132231404958678,0.0006661970198157396,1236539539185080.8,12.118193851401708,0.036620436995409095,10996.679257824271,3267250.26694219,26.314642748733764,0.0007244106023438966
4.71,schechter,-2,630042552306873.0,0.630042552306873,220,10,0.045454545454545456,0.0006589616469047099,1494257917022198.2,18.25426254732568,0.03644266818091213,10984.604882140691,3253070.2373980703,26.044621034120894,0.0007801093804387888
4.72,schechter,-2,634304893978494.2,0.6343048939784942,304,10,0.03289473684210526,0.0006517949550858271,1358795925845707.5,15.048641393691673,0.03626599609778732,10972.536923350033,3238975.8545814385,25.77771202133456,0.000552690218722406
4.7299999999999995,schechter,-2,638587040964004.8,0.6385870409640048,304,10,0.03289473684210526,0.0006446999922883334,1368857720056503.8,14.835494629532349,0.03609041316825672,10960.475529233496,3224966.457955114,25.513876465651112,0.0005410788144950908
4.74,schechter,-2,642889043169366.6,0.6428890431693666,244,10,0.040983606557377046,0.0006376706702683199,1421204264276612.0,13.730052584668684,0.03591591186187994,10948.4208454889,3211041.393161196,25.253075647700793,0.0006599649866641783
4.75,schechter,-2,647210950518106.1,0.6472109505181062,280,10,0.03571428571428571,0.0006307133852782032,1391399909414969.0,15.798112017263335,0.035742484695538375,10936.373015702917,3197200.011952672,24.99527136617806,0.0005630304364039108
4.76,schechter,-2,651552812951274.5,0.6515528129512745,158,10,0.06329113924050633,0.00062382105587655,1459464832920347.5,14.662916054057996,0.035570124233408995,10924.332181441507,3183441.672123255,24.740425930898386,0.000976810039686621
4.77,schechter,-2,655914680427402.1,0.6559146804274021,261,10,0.038314176245210725,0.0006169968428823003,1441072287503965.5,15.882635285164824,0.03539882308692853,10912.298482218916,3169765.737445429,24.488502155724017,0.0005789014757470544
4.78,schechter,-2,660296602922449.5,0.6602966029224495,190,10,0.05263157894736842,0.0006102391786484418,1715050179355936.2,16.679252528951515,0.03522857391474806,10900.272055544827,3156171.577604061,24.23946335171956,0.0007785194845595974
4.79,schechter,-2,664698630429766.1,0.6646986304297662,306,10,0.032679738562091505,0.0006035454560894271,1505947314401093.2,16.067591598803894,0.0350593694226785,10888.253036966356,3142658.568130008,23.993273320377384,0.0004732363101054069
4.8,schechter,-2,669120812960045.8,0.6691208129600458,377,10,0.026525198938992044,0.0005969201591494722,1830416039510972.0,20.88913247048447,0.034891202363627125,10876.241560037686,3129226.0903392765,23.749896346808256,0.0003760422256530571
4.81,schechter,-2,673563200541282.2,0.6735632005412823,292,10,0.03424657534246575,0.0005903569480990578,1304592454041744.0,15.69241997475144,0.034724065537525745,10864.237756418263,3115873.5312690753,23.509297193274847,0.00047530400489642063
4.82,schechter,-2,678025843218723.2,0.6780258432187233,373,10,0.02680965147453083,0.0005838591916034197,1321260008433628.5,16.541134805433096,0.03455795179125056,10852.241755837262,3102600.2836156418,23.271441092524338,0.00036426929715088107
4.83,schechter,-2,682508791054828.2,0.6825087910548282,322,10,0.031055900621118012,0.0005774250681812587,1378692583600800.5,14.454356701336996,0.03439285401853435,10840.253686125892,3089405.7456736234,23.036293741364613,0.0004130973131754958
4.84,schechter,-2,687012094129224.1,0.6870120941292241,265,10,0.03773584905660377,0.0005710515840182673,1579317413583948.8,16.52961657685081,0.034228765159870625,10828.273673265845,3076289.321274794,22.803821294347678,0.0004914021989361032
4.85,schechter,-2,691535802538661.4,0.6915358025386614,211,10,0.04739336492890995,0.0005647442803173863,1490499025940746.5,14.686752791482798,0.034065678202410896,10816.301841402212,3063250.419728769,22.57399035747021,0.0006041958264607171
4.86,schechter,-2,696079966396972.8,0.6960799663969728,322,10,0.031055900621118012,0.0005584966605040043,1471324600141198.5,16.225212810819972,0.03390358617985464,10804.338312844779,3050288.455764161,22.346767981932388,0.000387596127048666
4.87,schechter,-2,700644635835026.5,0.7006446358350265,247,10,0.04048582995951417,0.0005523099545680088,1189971586409740.5,12.978680882349106,0.033742482172332715,10792.383208104851,3037402.8494712934,22.1221216580608,0.0004946667209680779
4.88,schechter,-2,705229861000685.9,0.7052298610006859,272,10,0.03676470588235294,0.0005461860125217655,2301476874366329.0,15.352076896010905,0.03358235930628393,10780.436645935944,3024593.026241584,21.900019309289476,0.0004397604492900915
4.89,schechter,-2,709835692058765.8,0.7098356920587657,451,10,0.022172949002217297,0.0005401203040722447,1697466913603006.0,13.473832157210945,0.03342321075432565,10768.498743311186,3011858.4167142524,21.680429286141162,0.000259646121029875
4.8999999999999995,schechter,-2,714462179190989.2,0.7144621791909892,273,10,0.03663003663003663,0.0005341151121800447,1850162863052346.0,18.301197174651907,0.03326502973511832,10756.569615478213,2999198.4567176998,21.463320360403845,0.00041992248212649593
4.91,schechter,-2,719109372595946.8,0.7191093725959468,297,10,0.03367003367003367,0.0005281699556032304,1546617009030772.8,14.062871883704648,0.033107809513224104,10744.64937598954,2986612.5872155535,21.24866171936323,0.00037787557969508887
4.92,schechter,-2,723777322489050.8,0.7237773224890508,310,10,0.03225806451612903,0.000522281644182887,1710295228796797.8,15.911575874939942,0.032951543398960184,10732.738136685768,2974100.254251155,21.036422960003947,0.00035441734100895143
4.93,schechter,-2,728466079102498.0,0.728466079102498,291,10,0.03436426116838488,0.0005164527827284937,1882824040871702.0,17.198177814173288,0.032796224748246505,10720.836007729815,2961660.908893382,20.826574083396,0.0003696200048134362
4.9399999999999995,schechter,-2,733175692685222.9,0.7331756926852229,142,10,0.07042253521126761,0.0005106819538391871,2059545266943354.0,16.456719350617128,0.03264184696244863,10708.9430976502,2949294.0071838005,20.61908548917845,0.0007415348495768227
4.95,schechter,-2,737906213502859.2,0.7379062135028592,205,10,0.04878048780487805,0.0005049666032130862,2109085824378966.5,16.86122642861455,0.03248840348821557,10697.059513337173,2936999.0100829303,20.413927970015454,0.0005028464324514789
4.96,schechter,-2,742657691837696.0,0.742657691837696,244,10,0.040983606557377046,0.0004993090088947216,2001405911959738.5,14.788705843906403,0.03233588781731316,10685.185360060146,2924775.38341962,20.211072706187217,0.00041358896236170074
4.97,schechter,-2,747430177988637.5,0.7474301779886375,385,10,0.025974025974025976,0.0004937081280297351,1478398012442040.5,13.730501576500055,0.032184293486452624,10673.320741506466,2912622.597837311,20.01049126026874,0.0002566062904172118
4.9799999999999995,schechter,-2,752223722271162.4,0.7522237222711624,151,10,0.06622516556291391,0.0004881613802025786,1971549482646696.0,14.884403505448137,0.03203361407711513,10661.465759779468,2900540.12874541,19.81215557183526,0.0006404986230950535
4.99,schechter,-2,757038375017280.8,0.7570383750172808,375,10,0.02666666666666667,0.0004826701092516261,1661152112951834.0,13.71254260028318,0.03188384321537219,10649.620515441116,2888527.4562673313,19.616037952296708,0.0002524820048405093
