z,luminosity_function,alpha_intrinsic,L_min_Jy_kpc2,L_min_over_L_star,n_generated,n_detected,detection_rate_10_per_n,N_ratio_detectable_L,mean_detected_L,mean_SNR,SFR_psi,comoving_volume_Mpc3,time_Gyr,nfrb_sfr_base,n_total_population_scaled
0.01,std,0,10000000000.0,1e-05,11,10,0.9090909090909091,1.0,100000000000000.0,2596947.1971179126,0.015366633837018974,1.575168359136495,137678720.05218962,0.06665036587172049,0.06059124170156408
0.02,std,0,10000000000.0,1e-05,13,10,0.7692307692307693,1.0,100000000000000.0,698142.4812058975,0.015778461234561884,5.887114897574529,135706863.92550436,0.2521151646725033,0.19393474205577177
0.03,std,0,10000000000.0,1e-05,13,10,0.7692307692307693,1.0,100000000000000.0,171456.90441986843,0.016197006898133106,12.979089054179108,133769703.76805276,0.5624277499360999,0.43263673072007686
0.04,std,0,10000000000.0,1e-05,12,10,0.8333333333333334,1.0,100000000000000.0,185518.39044341663,0.0166223021408091,22.772090741408732,131866423.28089881,0.9982936304691101,0.8319113587242585
0.05,std,0,10000000000.0,1e-05,10,10,1.0,1.0,100000000000000.0,18479.207186298412,0.01705437728000787,35.18738310753971,129996236.70924087,1.5602119912981842,1.5602119912981842
0.060000000000000005,std,0,10000000000.0,1e-05,15,10,0.6666666666666666,1.0,100000000000000.0,80575.6870888795,0.017493261604641853,50.14656497755878,128158387.20751494,2.2484798987336267,1.4989865991557512
0.06999999999999999,std,0,10000000000.0,1e-05,13,10,0.7692307692307693,1.0,100000000000000.0,26536.020144878712,0.017938983341287663,67.57164089021357,126352145.30294725,3.063196856558933,2.3563052742761026
0.08,std,0,10000000000.0,1e-05,11,10,0.9090909090909091,1.0,100000000000000.0,15451.2013432131,0.018391569619367408,87.385088633056,124576807.45144194,4.0042696840960685,3.640245167360062
0.09,std,0,10000000000.0,1e-05,19,10,0.5263157894736842,1.0,100000000000000.0,20766.834277305996,0.018851046435337065,109.50992418858046,122831694.67989907,5.071417686870932,2.6691672036162797
0.09999999999999999,std,0,10000000000.0,1e-05,11,10,0.9090909090909091,1.0,100000000000000.0,21036.340776746423,0.019317438615878545,133.86976401828576,121116151.30983643,6.264178090857513,5.694707355325011
0.11,std,0,10000000000.0,1e-05,16,10,0.625,1.0,100000000000000.0,11711.719279588138,0.019790769780093035,160.38888462136762,119429543.75708403,7.5819117114871775,4.738694819679486
0.12,std,0,10000000000.0,1e-05,18,10,0.5555555555555556,1.0,100000000000000.0,8230.598467582264,0.020271062300694323,188.99227931950549,117771259.40308331,9.023808829208884,5.0132271273382685
0.13,std,0,10817079056.175714,1.0817079056175714e-05,10,10,1.0,1.0,100000000000000.0,15426.851902952298,0.02075833726420218,219.60571222631108,116140705.53330435,10.588895243741455,10.588895243741455
0.14,std,0,12595011046.990572,1.2595011046990571e-05,16,10,0.625,1.0,100000000000000.0,9206.751324703408,0.021252614430137,252.15576937540126,114537308.33873443,12.276038480042411,7.672524050026507
0.15000000000000002,std,0,14514467668.57453,1.451446766857453e-05,12,10,0.8333333333333334,1.0,100000000000000.0,17776.181373043324,0.021753912189218152,286.5699069878847,112960511.97664525,14.083954119616177,11.73662843301348
0.16,std,0,16576483773.576214,1.6576483773576214e-05,13,10,0.7692307692307693,1.0,100000000000000.0,10967.391481005929,0.02226224752057046,322.7764968727059,111409777.68701176,16.011212231757945,12.316317101352267
0.17,std,0,18782036432.871853,1.8782036432871853e-05,23,10,0.43478260869565216,1.0,100000000000000.0,1964.3883248002523,0.02277763594794393,360.70486896186975,109884582.96125181,18.0562438802227,7.850540817488129
0.18000000000000002,std,0,21132046071.614075,2.1132046071614074e-05,18,10,0.5555555555555556,1.0,100000000000000.0,7323.809818254379,0.023300091494954225,400.2853509898856,108384420.7601139,20.21734768171702,11.231859823176123
0.19,std,0,23627377618.07102,2.3627377618071018e-05,14,10,0.7142857142857143,1.0,100000000000000.0,14236.272455807319,0.023829626639352574,441.44930533916437,106908798.77780546,22.49269639387053,16.066211709907524
0.2,std,0,26268841663.224335,2.6268841663224335e-05,23,10,0.43478260869565216,1.0,100000000000000.0,3793.5961613172067,0.024366252266335785,484.12916307931965,105457238.74949963,24.880343511343163,10.817540657105722
0.21000000000000002,std,0,29057195629.14109,2.905719562914109e-05,20,10,0.5,1.0,100000000000000.0,3297.7800545393716,0.02490997762090884,528.2584552320876,104029275.79969656,27.378229849705388,13.689114924852694
0.22,std,0,31993144944.24411,3.199314494424411e-05,19,10,0.5263157894736842,1.0,100000000000000.0,5627.785870809037,0.025460810259314456,573.7718413082185,102624457.82893437,29.98419009827021,15.78115268330011
0.23,std,0,35077344223.60416,3.507734422360416e-05,12,10,0.8333333333333334,1.0,100000000000000.0,4289.388081489637,0.026018755999546127,620.6051351616633,101242344.93655138,32.69595932388298,27.246632769902487
0.24000000000000002,std,0,38310398452.5106,3.8310398452510594e-05,19,10,0.5263157894736842,1.0,100000000000000.0,2362.35915019451,0.02658381887096318,668.6953282176885,99882508.87732875,35.51117940915873,18.690094425873014
0.25,std,0,41692864171.609924,4.169286417160992e-05,11,10,0.9090909090909091,1.0,100000000000000.0,3969.227085606994,0.027156001063028613,717.9806101320281,98544532.5499974,38.42740540962777,34.934004917843424
0.26,std,0,45225250661.94893,4.522525066194893e-05,15,10,0.6666666666666666,1.0,100000000000000.0,2478.272600027518,0.02773530287319293,768.4003869488631,97228009.51565525,41.44211181575173,27.628074543834487
0.27,std,0,48908021128.43153,4.890802112843153e-05,13,10,0.7692307692307693,1.0,100000000000000.0,1732.8136665384172,0.0283217226539493,819.8952968201746,95932543.54423486,44.552698706449405,34.27130669726878
0.28,std,0,52741593880.107864,5.274159388010787e-05,17,10,0.5882352941176471,1.0,100000000000000.0,1275.8521601776072,0.028915256759088154,872.4072233681156,94657748.18751705,47.75649778288617,28.092057519344806
0.29000000000000004,std,0,56726343505.97089,5.6726343505970886e-05,20,10,0.5,1.0,100000000000000.0,1150.0302867918474,0.029515899489181725,925.8793067575625,93403246.37677355,51.050778271280116,25.525389135640058
0.3,std,0,60862602044.85132,6.086260204485132e-05,21,10,0.47619047619047616,1.0,100000000000000.0,1818.283525362132,0.03012364303633178,980.2559525583844,92168670.04385954,54.43275268539981,25.920358421618957
0.31,std,0,65150660148.171455,6.515066014817145e-05,15,10,0.6666666666666666,1.0,100000000000000.0,2175.4609125531824,0.030738477428216556,1035.4828384870668,90953659.76403436,57.89958244068625,38.59972162712417
0.32,std,0,69590768234.36746,6.959076823436747e-05,16,10,0.625,1.0,100000000000000.0,2377.188318953616,0.03136039047147566,1091.5069190923643,89757864.41943079,61.44838331179818,38.405239569873864
0.33,std,0,74183137633.82092,7.418313763382092e-05,17,10,0.5882352941176471,1.0,100000000000000.0,3536.840475936316,0.031989367694474906,1148.2764284904356,88580940.88171776,65.076230728353,38.28013572256059
0.34,std,0,78927941723.28017,7.892794172328017e-05,12,10,0.8333333333333334,1.0,100000000000000.0,1459.8977782666354,0.032625392289495694,1205.7408812169417,87422553.71285346,68.78016490261413,57.31680408551178
0.35000000000000003,std,0,83825317048.77672,8.382531704877672e-05,18,10,0.5555555555555556,1.0,100000000000000.0,804.3992388726214,0.03326844505439697,1263.8510712898549,86282374.8828454,72.55719578523517,40.30955321401954
0.36000000000000004,std,0,88875364436.09685,8.887536443609685e-05,19,10,0.5263157894736842,1.0,100000000000000.0,1628.4274476389924,0.03391850433380093,1322.5590695698381,85160083.50335014,76.40430784556854,40.21279360293081
0.37,std,0,94078150087.99646,9.407815008799646e-05,22,10,0.45454545454545453,1.0,100000000000000.0,2085.0772445158714,0.03457554595985672,1381.818219496556,84055365.5762477,80.31846467359495,36.50839303345224
0.38,std,0,99433706667.34445,9.943370666734445e-05,16,10,0.625,1.0,100000000000000.0,3059.838733340731,0.035239543192639965,1441.583131299277,82967913.75619605,84.2966134023761,52.68538337648506
0.39,std,0,104942034365.49187,0.00010494203436549187,21,10,0.47619047619047616,1.0,100000000000000.0,652.5385961518426,0.03591046666024937,1501.8096747517716,81897427.12626469,88.33568894911575,42.06461378529321
0.4,std,0,110603101955.20503,0.00011060310195520503,19,10,0.5263157894736842,1.0,100000000000000.0,581.4729982973147,0.03658828429866464,1562.4549705707204,80843610.98588744,92.43261807545716,48.64874635550376
0.41000000000000003,std,0,116416847827.55797,0.00011641684782755797,31,10,0.3225806451612903,1.0,100000000000000.0,1461.3281058129394,0.03727296129143468,1623.477380522816,79806176.65031886,96.58432326630421,31.156233311711034
0.42000000000000004,std,0,122383181012.25925,0.00012238318101225924,23,10,0.43478260869565216,1.0,100000000000000.0,1693.1281878465918,0.037964460009266905,1684.8364963443992,78784841.26087493,100.78772642945815,43.82075062150354
0.43,std,0,128501982180.91862,0.00012850198218091862,15,10,0.6666666666666666,1.0,100000000000000.0,1037.5243833920883,0.038662739949594106,1746.4931275345684,77779327.60525452,105.03975241647613,70.02650161098408
0.44,std,0,134773104632.82236,0.00013477310463282235,20,10,0.5,1.0,100000000000000.0,1016.3958262359298,0.03936775767619714,1808.409288110115,76789363.94735558,109.33733236748604,54.66866618374302
0.45,std,0,141196375262.85428,0.00014119637526285427,18,10,0.5555555555555556,1.0,100000000000000.0,1431.4631843192712,0.04007946675896711,1870.5481823941752,75814683.86589663,113.67740688213486,63.15411493451937
0.46,std,0,147771595511.23285,0.00014777159551123285,21,10,0.47619047619047616,1.0,100000000000000.0,1009.0735398675539,0.04079781771389325,1932.8741899206734,74855026.10136408,118.05692902023353,56.21758524773025
0.47000000000000003,std,0,154498542294.76392,0.00015449854229476393,19,10,0.5263157894736842,1.0,100000000000000.0,738.6017828525929,0.04152275794336715,1995.3528495183516,73910134.4107027,122.47286713490497,64.45940375521315
0.48000000000000004,std,0,161376968919.4138,0.0001613769689194138,18,10,0.5555555555555556,1.0,100000000000000.0,888.2917779204115,0.04225423167689769,2057.950842648277,72979757.42922702,126.92220754214665,70.51233752341481
0.49,std,0,168406605973.9813,0.0001684066059739813,16,10,0.625,1.0,100000000000000.0,1617.7350157739152,0.042992179912334685,2120.635976067502,72063648.53939462,131.40195703132835,82.12622314458022
0.5,std,0,175587162204.73447,0.00017558716220473448,22,10,0.45454545454545453,1.0,100000000000000.0,654.8376803239696,0.04373654035770323,2183.3771638735675,71161565.7458431,135.90914522001574,61.77688419091625
0.51,std,0,182918325370.89276,0.00018291832537089276,18,10,0.5555555555555556,1.0,100000000000000.0,2117.178530084234,0.04448724737375437,2246.1444090105692,70273271.55644336,140.44082675903388,78.02268153279661
0.52,std,0,190399763080.92517,0.00019039976308092517,25,10,0.4,1.0,100000000000000.0,565.631025364163,0.04524423191734168,2308.9087842752265,69398532.8688438,144.99408339090076,57.9976333563603
0.53,std,0,198031123609.54016,0.00019803112360954015,18,10,0.5555555555555556,1.0,100000000000000.0,804.0586154160744,0.04600742148573693,2371.6424129021957,68537120.86228469,149.5660258681167,83.09223659339817
0.54,std,0,205812036695.47308,0.0002058120366954731,17,10,0.5882352941176471,1.0,100000000000000.0,919.2108582333929,0.046776740062001616,2434.3184487733747,67688810.89416112,154.15379573531217,90.67870337371305
0.55,std,0,213742114319.99036,0.00021374211431999035,18,10,0.5555555555555556,1.0,100000000000000.0,928.9698152440781,0.04755210806153499,2496.911056307472,66853382.401291125,158.7545669811728,88.1969816562071
0.56,std,0,221820951466.2715,0.0002218209514662715,22,10,0.45454545454545453,1.0,100000000000000.0,725.908953913455,0.04833344227992233,2559.395390078246,66030618.80524841,163.3655475644794,74.25706707476337
0.5700000000000001,std,0,230048126859.66202,0.00023004812685966202,15,10,0.6666666666666666,1.0,100000000000000.0,940.3728793058654,0.049120655842211244,2621.747574218372,65220307.42184981,167.98398082091447,111.98932054727631
0.5800000000000001,std,0,238423203688.96072,0.00023842320368896072,23,10,0.43478260869565216,1.0,100000000000000.0,672.3313886469994,0.04991365815374634,2683.9446816372624,64422239.37422575,172.60714675411145,75.04658554526584
0.59,std,0,246945730308.8592,0.00024694573030885916,24,10,0.4166666666666667,1.0,100000000000000.0,1034.1466974324699,0.050712354852696435,2745.9647131307206,63636209.50946025,177.23236321900075,73.84681800791698
0.6,std,0,255615240923.68716,0.00025561524092368714,20,10,0.5,1.0,100000000000000.0,643.5189657406544,0.051516647764411366,2807.786576366772,62862016.318445235,181.8569869987992,90.9284934993996
0.61,std,0,264431256252.6244,0.0002644312562526244,29,10,0.3448275862068966,1.0,100000000000000.0,871.3973444370646,0.05232643485774771,2869.390064865863,62099461.8588071,186.47841478617983,64.30290165040684
0.62,std,0,273393284176.6169,0.0002733932841766169,15,10,0.6666666666666666,1.0,100000000000000.0,1147.0691120278966,0.05314161020350689,2930.7558369194603,61348351.680681646,191.0940840678036,127.3960560452024
0.63,std,0,282500820367.1396,0.0002825008203671396,24,10,0.4166666666666667,1.0,100000000000000.0,774.4131131204234,0.05396206393512963,2991.865394569586,60608494.75515795,195.7014739230494,81.54228080127059
0.64,std,0,291753348897.0899,0.0002917533488970899,19,10,0.5263157894736842,1.0,100000000000000.0,283.0432546169851,0.054787682211795266,3052.7010626189326,59879703.405252725,200.29810573806012,105.42005565161058
0.65,std,0,301150342834.0289,0.0003011503428340289,19,10,0.5263157894736842,1.0,100000000000000.0,755.6053671128274,0.055618347184074164,3113.245967729328,59161793.23922499,204.88154384175672,107.83239149566143
0.66,std,0,310691264816.0239,0.0003106912648160239,32,10,0.3125,1.0,100000000000000.0,444.4419390115454,0.056453936962285574,3173.484017643085,58454583.086089864,209.4493960691219,65.45293627160059
0.67,std,0,320375567610.3279,0.0003203755676103279,20,10,0.5,1.0,100000000000000.0,233.05770496033173,0.05729432558771266,3233.3998805150054,57757894.933217816,213.9993142540388,106.9996571270194
0.68,std,0,330202694655.2442,0.0003302026946552442,24,10,0.4166666666666667,1.0,100000000000000.0,573.747471653662,0.05813938300682973,3292.9789644456905,57071553.86587637,218.52899466061538,91.05374777525641
0.6900000000000001,std,0,340172080585.368,0.000340172080585368,24,10,0.4166666666666667,1.0,100000000000000.0,769.1493307882305,0.05898897504869533,3352.2073971563827,56395388.00860588,223.0361783520757,92.93174098003155
0.7000000000000001,std,0,350283151740.5652,0.00035028315174056516,34,10,0.29411764705882354,1.0,100000000000000.0,646.8304331470708,0.059842963405668255,3411.07200590497,55729228.46830064,227.51865150668434,66.91725044314245
0.7100000000000001,std,0,360535326658.93933,0.0003605353266589393,12,10,0.8333333333333334,1.0,100000000000000.0,635.4797800596865,0.06070120561760056,3469.5602976009236,55072909.27894104,231.97424568100925,193.31187140084106
0.72,std,0,370928016554.1241,0.0003709280165541241,18,10,0.5555555555555556,1.0,100000000000000.0,596.2115169455953,0.061563555059664696,3527.6604391824444,54426267.3478233,236.40083802735978,131.33379890408878
0.73,std,0,381460625777.1924,0.0003814606257771924,22,10,0.45454545454545453,1.0,100000000000000.0,648.8070003733112,0.062429860933968816,3585.361238224743,53789142.40325106,240.79635146633095,109.45288703015042
0.74,std,0,392132552263.4742,0.00039213255226347416,22,10,0.45454545454545453,1.0,100000000000000.0,591.8610243485471,0.06329996826511489,3642.6521238453215,53161376.94359302,245.15875482153675,111.43579764615306
0.75,std,0,402943187964.66174,0.00040294318796466175,16,10,0.625,1.0,100000000000000.0,306.78341921320833,0.06417371789985252,3699.5231278777205,52542816.187593825,249.48606291711326,155.9287893231958
0.76,std,0,413891919266.42267,0.0004138919192664227,30,10,0.3333333333333333,1.0,100000000000000.0,264.57448118344274,0.06505094651097904,3755.9648663422595,51933308.025967404,253.7763366429219,84.59211221430729
0.77,std,0,424978127391.9386,0.0004249781273919386,29,10,0.3448275862068966,1.0,100000000000000.0,691.203347692422,0.06593148660563516,3811.9685212308527,51332702.97407133,258.02768299047216,88.97506310016281
0.78,std,0,436201188791.6201,0.00043620118879162013,21,10,0.47619047619047616,1.0,100000000000000.0,413.23545026247876,0.06681516653814157,3867.5258225937705,50740854.125752576,262.238255061844,124.87535955325903
0.79,std,0,447560475519.34326,0.00044756047551934325,20,10,0.5,1.0,100000000000000.0,686.5322322488566,0.0677018105275198,3922.629030952143,50157617.108157024,266.4062520547817,133.20312602739085
0.8,std,0,459055355595.5316,0.00045905535559553163,27,10,0.37037037037037035,1.0,100000000000000.0,510.0503012774596,0.06859123867983588,3977.2709200505437,49582850.03763585,270.52991922806325,100.19626638076416
0.81,std,0,470685193357.39014,0.00047068519335739014,20,10,0.5,1.0,100000000000000.0,774.7100899228002,0.06948326701550157,4031.444759926829,49016413.47646635,274.6075478464886,137.3037739232443
0.8200000000000001,std,0,482449349796.6166,0.00048244934979661656,23,10,0.43478260869565216,1.0,100000000000000.0,532.8085003779064,0.0703777075016633,4085.144300328612,48458170.39061373,278.6374751108937,121.14672830908422
0.8300000000000001,std,0,494347182884.8996,0.0004943471828848996,32,10,0.3125,1.0,100000000000000.0,290.1507556873793,0.0712743680898028,4138.363754475472,47907986.10823188,282.61808407362264,88.31815127300708
0.8400000000000001,std,0,506378047887.51965,0.0005063780478875196,25,10,0.4,1.0,100000000000000.0,428.8574270150587,0.07217305275866856,4191.097783162626,47365728.279101126,286.54780354224596,114.6191214168984
0.85,std,0,518541297665.37134,0.0005185412976653714,25,10,0.4,1.0,100000000000000.0,306.88666715370584,0.0730735615626498,4243.341479207224,46831266.83476413,290.4251079721234,116.17004318884936
0.86,std,0,530836282965.6923,0.0005308362829656924,26,10,0.38461538461538464,1.0,100000000000000.0,651.0378575232645,0.07397569068569808,4295.0903522579265,46304473.94949488,294.2485173517499,113.17250667374998
0.87,std,0,543262352701.8241,0.0005432623527018241,28,10,0.35714285714285715,1.0,100000000000000.0,502.20336751904216,0.07487923250089422,4346.340313933049,45785224.0019454,298.01659707922477,106.434498956866
0.88,std,0,555818854222.2996,0.0005558188542222996,19,10,0.5263157894736842,1.0,100000000000000.0,316.22272390020487,0.07578397563574907,4397.08766333317,45273393.53755888,301.727957835042,158.8041883342326
0.89,std,0,568505133569.5454,0.0005685051335695454,18,10,0.5555555555555556,1.0,100000000000000.0,367.9680585486088,0.07668970504331966,4447.329072872369,44768861.231587745,305.38125544775534,169.65625302653075
0.9,std,0,581320535728.496,0.0005813205357284959,28,10,0.35714285714285715,1.0,100000000000000.0,338.42902660319294,0.07759620207921059,4497.061574488454,44271507.85283817,308.9751907587098,110.34828241382493
0.91,std,0,594264404865.4185,0.0005942644048654185,30,10,0.3333333333333333,1.0,100000000000000.0,421.4868096184884,0.07850324458452297,4546.282546169784,43781216.22801512,312.5085094819149,104.1695031606383
0.92,std,0,607336084557.2059,0.000607336084557206,27,10,0.37037037037037035,1.0,100000000000000.0,299.01318353817976,0.07941060697480082,4594.989698846525,43297871.206686266,315.98000206350105,117.02963039388926
0.93,std,0,620534918011.4453,0.0006205349180114453,21,10,0.47619047619047616,1.0,100000000000000.0,299.4182712400765,0.08031806033501555,4643.1810636155515,42821359.6268634,319.38850353959003,152.08976359028097
0.9400000000000001,std,0,633860248277.5154,0.0006338602482775154,35,10,0.2857142857142857,1.0,100000000000000.0,236.81751213864146,0.08122537252061583,4690.854979294394,42351570.28113079,322.73289339259026,92.20939811216864
0.9500000000000001,std,0,647311418448.9777,0.0006473114184489776,31,10,0.3225806451612903,1.0,100000000000000.0,131.20498568780664,0.08213230826466011,4738.010080321885,41888393.88338472,326.01209540833224,105.16519206720395
0.9600000000000001,std,0,660887771857.5643,0.0006608877718575644,21,10,0.47619047619047616,1.0,100000000000000.0,293.4385621495145,0.0830386292910345,4784.645284983678,41431723.03608367,329.22507753243156,156.77384644401502
0.97,std,0,674588652258.9537,0.0006745886522589537,39,10,0.2564102564102564,1.0,100000000000000.0,147.93830307556047,0.08394409443374791,4830.759783965135,40981452.198053606,332.3708517269071,85.22329531459157
0.98,std,0,688413404010.6523,0.0006884134040106523,21,10,0.47619047619047616,1.0,100000000000000.0,488.8212606700792,0.08484845976228053,4876.353029218667,40537477.652815565,335.4484738263533,159.73736848873963
0.99,std,0,702361372242.1893,0.0007023613722421893,23,10,0.43478260869565216,1.0,100000000000000.0,166.50956147730855,0.08575147871295036,4921.424723168313,40099697.47744613,338.4570433956764,147.15523625898973
1.0,std,0,716431903017.8846,0.0007164319030178847,33,10,0.30303030303030304,1.0,100000000000000.0,69.65553401320466,0.08665290222624604,4965.974808190128,39668011.51188104,341.39570358468154,103.45324351050957
1.01,std,0,730624343492.4137,0.0007306243434924137,27,10,0.37037037037037035,1.0,100000000000000.0,454.00193093665365,0.08755247889006164,5010.00345645213,39242321.32879002,344.2636409865105,127.50505221722611
1.02,std,0,744938042059.4221,0.0007449380420594221,21,10,0.47619047619047616,1.0,100000000000000.0,394.61483338372227,0.08844995508875261,5053.511060001185,38822530.203856505,347.0600854908895,165.26670737661402
1.03,std,0,759372348493.3821,0.0007593723484933821,25,10,0.4,1.0,100000000000000.0,283.2385916017942,0.08934507515791797,5096.498221187024,38408543.086599246,349.78431013958,139.913724055832
1.04,std,0,773926614084.9635,0.0007739266140849635,25,10,0.4,1.0,100000000000000.0,307.0761600880558,0.09023758154479809,5138.96574336169,38000266.571585506,352.43563097843133,140.97425239137254
1.05,std,0,788600191770.0643,0.0007886001917700643,17,10,0.5882352941176471,1.0,100000000000000.0,132.71799313724296,0.09112721497416236,5180.914621864433,37597608.87017283,355.01340690783195,208.83141582813644
1.06,std,0,803392436252.7795,0.0008033924362527796,23,10,0.43478260869565216,1.0,100000000000000.0,250.80464005010487,0.09201371461954395,5222.346035287706,37200479.78263619,357.5170395297982,155.44219109991224
1.07,std,0,818302704122.4717,0.0008183027041224717,31,10,0.3225806451612903,1.0,100000000000000.0,122.15344227886344,0.09289681827966537,5263.261337022984,36808790.67077036,359.94597299220123,116.11160419103265
1.08,std,0,833330353965.1509,0.0008333303539651509,16,10,0.625,1.0,100000000000000.0,332.5003920726708,0.09377626255988103,5303.662047069923,36422454.43092041,362.29969382830024,226.43730864268764
1.09,std,0,848474746469.3679,0.0008484747464693679,32,10,0.3125,1.0,100000000000000.0,371.2423903507931,0.09465178305844799,5343.549844110752,36041385.46742419,364.5777307912275,113.9305408722586
1.1,std,0,863735244526.7971,0.0008637352445267972,33,10,0.30303030303030304,1.0,100000000000000.0,262.14708326691823,0.09552311455742028,5382.926557837071,35665499.66649557,366.77965468247027,111.14534990377886
1.11,std,0,879111213327.7102,0.0008791112133277102,23,10,0.43478260869565216,1.0,100000000000000.0,286.30344681092197,0.09638999121794681,5421.794161542558,35294714.37049736,368.9050781743716,160.3935122497268
1.12,std,0,894602020451.4851,0.0008946020204514851,30,10,0.3333333333333333,1.0,100000000000000.0,348.17366855088073,0.09725214677973788,5460.154764934689,34928948.352648705,370.95365562348013,123.65121854116003
1.1300000000000001,std,0,910207035952.3705,0.0009102070359523704,28,10,0.35714285714285715,1.0,100000000000000.0,278.4727682175861,0.09810931476444977,5498.010607219197,34568121.792101,372.9250828772862,133.18752959903077
1.1400000000000001,std,0,925925632440.6481,0.0009259256324406481,42,10,0.23809523809523808,1.0,100000000000000.0,218.66464093776426,0.09896122868272254,5535.364050389538,34212156.24944995,374.81909706997277,89.24264215951732
1.1500000000000001,std,0,941757185159.3512,0.0009417571851593512,37,10,0.2702702702702703,1.0,100000000000000.0,334.4135493135219,0.09980762224459194,5572.217572762348,33860974.64260373,376.63547640865363,101.79337200233883
1.1600000000000001,std,0,957701072056.7015,0.0009577010720567016,17,10,0.5882352941176471,1.0,100000000000000.0,342.8754378043829,0.10064822957298275,5608.5737627290455,33514501.22304822,378.3740399480093,222.57296467529957
1.17,std,0,973756673854.4642,0.0009737566738544642,18,10,0.5555555555555556,1.0,100000000000000.0,241.6881281461036,0.10148278541997709,5644.435312720882,33172661.552509196,380.03464735266994,211.1303596403722
1.18,std,0,989923374112.2842,0.000989923374112284,23,10,0.43478260869565216,1.0,100000000000000.0,154.93102066639227,0.1023110253855389,5679.805013391198,32835382.47995832,381.61719864651855,165.92052115066022
1.19,std,0,1006200559288.2374,0.0010062005592882375,27,10,0.37037037037037035,1.0,100000000000000.0,148.87162995692046,0.10313268613836393,5714.685748003357,32502592.119014297,383.12163394823085,141.8969014623077
1.2,std,0,1022587618795.6736,0.0010225876187956735,29,10,0.3448275862068966,1.0,100000000000000.0,282.6696170480629,0.1039475056385125,5749.080487011262,32174219.82570734,384.5479331913577,132.6027355832268
1.21,std,0,1039083945056.5386,0.0010390839450565386,37,10,0.2702702702702703,1.0,100000000000000.0,103.77521803783574,0.1047552233614732,5782.99228284306,31850196.176586464,385.8961158289738,104.29624752134427
1.22,std,0,1055688933551.2664,0.0010556889335512664,36,10,0.2777777777777778,1.0,100000000000000.0,185.27232798924857,0.10555558052329424,5816.424264863564,31530452.947203357,387.1662405212256,107.54617792256266
1.23,std,0,1072401982865.3987,0.0010724019828653986,38,10,0.2631578947368421,1.0,100000000000000.0,212.42364984123725,0.10634832030641155,5849.379634540595,31214923.090939093,388.35840480667116,102.19958021228187
1.24,std,0,1089222494733.0382,0.001089222494733038,18,10,0.5555555555555556,1.0,100000000000000.0,244.57025597024935,0.10713318808579403,5881.8616607621625,30903540.718176357,389.47274475353447,216.37374708529694
1.25,std,0,1106149874077.2773,0.0011061498740772774,20,10,0.5,1.0,100000000000000.0,163.6759030411535,0.1079099316550206,5913.873675348456,30596241.075822484,390.5094345935559,195.25471729677795
1.26,std,0,1123183529047.7024,0.0011231835290477024,25,10,0.4,1.0,100000000000000.0,100.70506505102895,0.10867830145189603,5945.419068727691,30292960.52715669,391.46868633574763,156.58747453429908
1.27,std,0,1140322871055.0825,0.0011403228710550825,18,10,0.5555555555555556,1.0,100000000000000.0,231.90994225020805,0.10943805078320944,5976.501285773323,29993636.532022804,392.3507493599204,217.97263853328914
1.28,std,0,1157567314803.3887,0.0011575673148033886,54,10,0.18518518518518517,1.0,100000000000000.0,208.42841653373074,0.11018893604823399,6007.123821794891,29698207.62734887,393.1559099890509,72.80664999797239
1.29,std,0,1174916278319.1843,0.0011749162783191843,35,10,0.2857142857142857,1.0,100000000000000.0,223.7098428772071,0.11093071696056572,6037.290218692246,29406613.407992665,393.8844910409739,112.53842601170682
1.3,std,0,1192369182978.5752,0.0011923691829785752,15,10,0.6666666666666666,1.0,100000000000000.0,217.27721764526467,0.11166315676789583,6067.004061257164,29118794.50790167,394.536851358104,263.0245675720693
1.31,std,0,1209925453531.7249,0.001209925453531725,32,10,0.3125,1.0,100000000000000.0,138.55837096833176,0.11238602246931209,6096.268973620778,28834692.581594545,395.11338531514514,123.47293291098285
1.32,std,0,1227584518125.1204,0.0012275845181251204,25,10,0.4,1.0,100000000000000.0,171.65849182616094,0.11309908502972522,6125.088615825503,28554250.285959702,395.61452230338114,158.24580892135248
1.33,std,0,1245345808321.616,0.001245345808321616,42,10,0.23809523809523808,1.0,100000000000000.0,168.2506309633163,0.11380211959101888,6153.466680564487,28277411.26235228,396.0407261941785,94.29541099861392
1.34,std,0,1263208759118.375,0.001263208759118375,28,10,0.35714285714285715,1.0,100000000000000.0,299.56228612626,0.11449490567952506,6181.4068900189395,28004120.11900111,396.3924947774918,141.5687481348185
1.35,std,0,1281172808962.7896,0.0012811728089627895,32,10,0.3125,1.0,100000000000000.0,167.47285697406215,0.11517722740943068,6208.912992849988,27734322.413720313,396.67035917919435,123.95948724349823
1.36,std,0,1299237399766.4666,0.0012992373997664666,27,10,0.37037037037037035,1.0,100000000000000.0,134.0945919462344,0.11584887368172872,6235.988761294558,27467964.636896268,396.8748832538479,146.99069750142513
1.37,std,0,1317401976917.3628,0.0013174019769173627,25,10,0.4,1.0,100000000000000.0,158.23672140662907,0.11650963837833293,6262.63798839715,27204994.194798715,397.0066629560114,158.80266518240455
1.3800000000000001,std,0,1335665989290.1165,0.0013356659892901164,29,10,0.3448275862068966,1.0,100000000000000.0,107.13519626374504,0.1171593205509839,6288.8644853408705,26945359.393152125,397.06632568726076,136.91942265077958
1.3900000000000001,std,0,1354028889254.713,0.0013540288892547128,26,10,0.38461538461538464,1.0,100000000000000.0,156.49362269780372,0.11779772460458442,6314.672078905864,26689009.4209975,397.05452962163866,152.7132806237072
1.4000000000000001,std,0,1372490132683.495,0.0013724901326834951,36,10,0.2777777777777778,1.0,100000000000000.0,148.67036445578123,0.11842466047461185,6340.064609024045,26435894.334847275,396.97196300816444,110.26998972449013
1.4100000000000001,std,0,1391049178956.6228,0.0013910491789566228,23,10,0.43478260869565216,1.0,100000000000000.0,232.55654661493182,0.1190399437982678,6365.045926446578,26185965.04308979,396.81934345144066,172.5301493267133
1.42,std,0,1409705490966.0527,0.0014097054909660528,19,10,0.5263157894736842,1.0,100000000000000.0,61.41184648706261,0.1196433960790384,6389.6198905079045,25939173.29070372,396.59741717093596,208.73548272154522
1.43,std,0,1428458535118.0674,0.0014284585351180673,27,10,0.37037037037037035,1.0,100000000000000.0,93.68413100670938,0.12023484484435139,6413.790366989537,25695471.644191947,396.3069582385555,146.7803549031687
1.44,std,0,1447307781334.4653,0.0014473077813344653,24,10,0.4166666666666667,1.0,100000000000000.0,128.0020477482693,0.12081412379603326,6437.56122607614,25454813.47682177,395.94876779618363,164.97865324840984
1.45,std,0,1466252703052.452,0.001466252703052452,32,10,0.3125,1.0,100000000000000.0,215.353755752911,0.12138107295328354,6460.936340407638,25217152.95410143,395.5236732532654,123.60114789164543
1.46,std,0,1485292777223.2532,0.0014852927772232532,44,10,0.22727272727272727,1.0,100000000000000.0,116.98360879443824,0.12193553878790152,6483.919583212178,24982445.019521292,395.0325274648866,89.78011987838332
1.47,std,0,1504427484309.6086,0.0015044274843096087,27,10,0.37037037037037035,1.0,100000000000000.0,309.3989897771881,0.12247737435151856,6506.514826534106,24750645.38054905,394.47620789208594,146.10229921929107
1.48,std,0,1523656308282.0642,0.0015236563082820641,31,10,0.3225806451612903,1.0,100000000000000.0,164.85203412742607,0.12300643939460665,6528.725939526363,24521710.494854964,393.8556157432284,127.05019862684786
1.49,std,0,1542978736614.2349,0.0015429787366142349,36,10,0.2777777777777778,1.0,100000000000000.0,130.01442495442728,0.12352260047705375,6550.556786852526,24295597.556820426,393.17167510117724,109.21435419477146
1.5,std,0,1562394260277.0195,0.0015623942602770195,26,10,0.38461538461538464,1.0,100000000000000.0,188.9041500709856,0.1240257310701164,6572.01122712773,24072264.484238382,392.4253320317037,150.93282001219373
1.51,std,0,1581902373731.8418,0.0015819023737318417,15,10,0.6666666666666666,1.0,100000000000000.0,135.94013825256107,0.12451571164958056,6593.093111461791,23851669.90529175,391.61755367959125,261.0783691197275
1.52,std,0,1601502574922.9731,0.0016015025749229733,48,10,0.20833333333333334,1.0,100000000000000.0,117.75722261413337,0.12499242977998155,6613.806282071916,23633773.145745885,390.7493273507023,81.40610986472964
1.53,std,0,1621194365268.9475,0.0016211943652689475,44,10,0.22727272727272727,1.0,100000000000000.0,149.0412624067123,0.12545578018975678,6634.15457093148,23418534.21637197,389.82165957963775,88.59583172264495
1.54,std,0,1640977249653.146,0.001640977249653146,35,10,0.2857142857142857,1.0,100000000000000.0,174.4554499715086,0.12590566483722512,6654.141798534897,23205913.800602216,388.83557518911624,111.09587862546178
1.55,std,0,1660850736413.5874,0.0016608507364135874,41,10,0.24390243902439024,1.0,100000000000000.0,169.3950022689642,0.12634199296731044,6673.77177269103,22995873.24240182,387.79211633702704,94.58344300903099
1.56,std,0,1680814337331.9634,0.0016808143373319635,24,10,0.4166666666666667,1.0,100000000000000.0,188.71647585443307,0.12676468115894596,6693.048287379077,22788374.534365553,386.69234155475516,161.12180898114798
1.57,std,0,1700867567621.9216,0.0017008675676219217,21,10,0.47619047619047616,1.0,100000000000000.0,176.49050146841023,0.12717365336312167,6711.975121688431,22583380.306024913,385.53732477923296,183.58920227582522
1.58,std,0,1721009945916.7134,0.0017210099459167134,43,10,0.23255813953488372,1.0,100000000000000.0,120.25445816998754,0.1275688409315561,6730.556038786666,22380853.81236754,384.32815437697747,89.37864055278546
1.59,std,0,1741240994256.153,0.0017412409942561531,26,10,0.38461538461538464,1.0,100000000000000.0,123.73078844630675,0.12795018263599814,6748.794784954874,22180758.922575094,383.0659321640126,147.33305083231255
1.6,std,0,1761560238073.0066,0.0017615602380730065,39,10,0.2564102564102564,1.0,100000000000000.0,150.83870089968283,0.12831762467818383,6766.695088689922,21983060.10894857,381.7517724225992,97.8850698519485
1.61,std,0,1781967206178.7542,0.0017819672061787542,39,10,0.2564102564102564,1.0,100000000000000.0,108.11970449940854,0.12867112069049735,6784.2606598185475,21787722.43604854,380.3868009136392,97.53507715734338
1.62,std,0,1802461430748.8496,0.0018024614307488496,31,10,0.3225806451612903,1.0,100000000000000.0,101.35368673267926,0.12901063172740435,6801.49518871472,21594711.550035674,378.97215389121914,122.24908190039326
1.6300000000000001,std,0,1823042447307.4446,0.0018230424473074445,26,10,0.38461538461538464,1.0,100000000000000.0,133.1562098401048,0.1293361262477481,6818.402345501941,21403993.66818979,377.5089771137487,145.1957604283649
1.6400000000000001,std,0,1843709794711.6262,0.0018437097947116262,39,10,0.2564102564102564,1.0,100000000000000.0,209.38468799088682,0.12964758008801838,6834.985779360278,21215535.568644308,375.99842486060305,96.40985252835975
1.6500000000000001,std,0,1864463015135.2073,0.0018644630151352073,36,10,0.2777777777777778,1.0,100000000000000.0,166.00438451514896,0.12994497642672279,6851.249117837941,21029304.58028762,374.4416589493032,104.011571930362
1.6600000000000001,std,0,1885301654052.0745,0.0018853016540520745,34,10,0.29411764705882354,1.0,100000000000000.0,209.55400978745325,0.13022830574001035,6867.195966212196,20845268.57286173,372.8398477577968,109.65877875229319
1.6700000000000002,std,0,1906225260219.146,0.001906225260219146,28,10,0.35714285714285715,1.0,100000000000000.0,69.86131320824961,0.13049756574871402,6882.829906899683,20663395.94724198,371.1941652530166,132.56934473322022
1.68,std,0,1927233385658.9465,0.0019272333856589466,51,10,0.19607843137254902,1.0,100000000000000.0,81.78337816282726,0.13075276135699798,6898.154498902725,20483655.625891827,369.5057900263287,72.452115691437
1.69,std,0,1948325585641.8188,0.0019483255856418188,26,10,0.38461538461538464,1.0,100000000000000.0,93.85138896577624,0.13099390458281196,6913.173277284605,20306017.043500546,367.7759043370765,141.45227089887558
1.7,std,0,1969501418667.8276,0.0019695014186678276,22,10,0.45454545454545453,1.0,100000000000000.0,100.21162175626975,0.13122101448037002,6927.889752683185,20130450.13778125,366.0056931657332,166.36622416624235
1.71,std,0,1990760446448.3232,0.001990760446448323,37,10,0.2702702702702703,1.0,100000000000000.0,85.1243849590318,0.13143411705488842,6942.307410875123,19956925.34045368,364.1963432791153,98.43144412949063
1.72,std,0,2012102233887.256,0.002012102233887256,20,10,0.5,1.0,100000000000000.0,86.63863355130209,0.13163324516982902,6956.429712334913,19785413.568385925,362.3490423055767,181.17452115278834
1.73,std,0,2033526349062.1943,0.0020335263490621944,36,10,0.2777777777777778,1.0,100000000000000.0,159.1528003512521,0.1318184384469108,6970.260091877139,19615886.214899182,360.46497782622646,100.12916050728514
1.74,std,0,2055032363205.1091,0.0020550323632051093,39,10,0.2564102564102564,1.0,100000000000000.0,139.41910454002527,0.13198974315916043,6983.801958279648,19448315.141239457,358.545336478105,91.93470166105256
1.75,std,0,2076619850682.9287,0.0020766198506829286,38,10,0.2631578947368421,1.0,100000000000000.0,114.370145885741,0.13214721211728916,6997.058693966961,19282672.668198943,356.59130307439034,93.83981659852377
1.76,std,0,2098288388977.8896,0.0020982883889778896,34,10,0.29411764705882354,1.0,100000000000000.0,167.72012518184465,0.13229090454968861,7010.033654702488,19118931.567901675,354.6040597403734,104.29531168834511
1.77,std,0,2120037558667.6953,0.0021200375586676954,33,10,0.30303030303030304,1.0,100000000000000.0,135.21331714450818,0.13242088597635046,7022.730169335254,18957065.055737577,352.5847850683732,106.8438742631434
1.78,std,0,2141866943405.4802,0.00214186694340548,18,10,0.5555555555555556,1.0,100000000000000.0,117.09712263109445,0.1325372280770222,7035.151539526818,18797046.782446537,350.5346532888999,194.74147404938884
1.79,std,0,2163776129899.6467,0.0021637761298996467,32,10,0.3125,1.0,100000000000000.0,119.2734881357919,0.13264000855391733,7047.301039552144,18638850.826349083,348.4548334637645,108.8921354574264
1.8,std,0,2185764707893.5337,0.0021857647078935335,24,10,0.4166666666666667,1.0,100000000000000.0,102.67976285811532,0.1327293109893057,7059.181916085205,18482451.68572671,346.34648869763316,144.31103695734717
1.81,std,0,2207832270144.9663,0.002207832270144966,23,10,0.43478260869565216,1.0,100000000000000.0,92.77797600227652,0.13280522469831382,7070.797388025017,18327824.271332726,344.21077537137427,149.65685885711923
1.82,std,0,2229978412405.693,0.002229978412405693,40,10,0.25,1.0,100000000000000.0,91.73797291085944,0.132867844577269,7082.150646348017,18174943.89906127,342.04884239782047,85.51221059945512
1.83,std,0,2252202733400.7104,0.0022522027334007104,19,10,0.5263157894736842,1.0,100000000000000.0,63.167915583509874,0.13291727094792347,7093.244853966524,18023786.282729935,339.8618304988988,178.87464763099936
1.84,std,0,2274504834807.4985,0.0022745048348074984,40,10,0.25,1.0,100000000000000.0,137.01385666617276,0.13295360939789763,7104.083145603829,17874327.527015675,337.65087150612743,84.41271787653186
1.85,std,0,2296884321235.211,0.002296884321235211,28,10,0.35714285714285715,1.0,100000000000000.0,149.07546009990983,0.13297697061768127,7114.668627722519,17726544.12051855,335.41708768638716,119.79181703085256
1.86,std,0,2319340800203.749,0.002319340800203749,31,10,0.3225806451612903,1.0,100000000000000.0,97.35961027610233,0.1329874702345315,7125.004378415283,17580412.92894541,333.1615910890713,107.47148099647461
1.87,std,0,2341873882122.8145,0.0023418738821228144,34,10,0.29411764705882354,1.0,100000000000000.0,201.26134223397952,0.13298522864360543,7135.0934473643,17435911.18843124,330.88548292054793,97.3192596825141
1.8800000000000001,std,0,2364483180270.935,0.002364483180270935,40,10,0.25,1.0,100000000000000.0,116.3273607899833,0.13297037083666333,7144.938855788919,17293016.49898085,328.5898529422443,82.14746323556108
1.8900000000000001,std,0,2387168310774.4043,0.0023871683107744043,27,10,0.37037037037037035,1.0,100000000000000.0,111.3494950327431,0.13294302622867502,7154.543596405406,17151706.818034906,326.2757788939977,120.842881071851
1.9000000000000001,std,0,2409928892586.2456,0.002409928892586246,27,10,0.37037037037037035,1.0,100000000000000.0,130.88980539536675,0.13290332848265865,7163.9106334316775,17011960.454154097,323.9443259443987,119.97937997940693
1.9100000000000001,std,0,2432764547465.145,0.002432764547465145,40,10,0.25,1.0,100000000000000.0,120.35432206105766,0.13285141533307546,7173.042902568579,16873756.06082675,321.59654616536636,80.39913654134159
1.9200000000000002,std,0,2455674899954.383,0.002455674899954383,36,10,0.2777777777777778,1.0,100000000000000.0,107.5683473243794,0.13278742840810062,7181.943311014605,16737072.630372385,319.2334780332923,88.67596612035896
1.93,std,0,2478659577360.762,0.0024786595773607623,27,10,0.37037037037037035,1.0,100000000000000.0,117.69630332005127,0.13271151305108214,7190.614737496788,16601889.488000676,316.85614595724246,117.35412813231201
1.94,std,0,2501718209733.564,0.002501718209733564,36,10,0.2777777777777778,1.0,100000000000000.0,41.50825060451211,0.1326238181414942,7199.060032300945,16468186.28592861,314.46555983173783,87.35154439770496
1.95,std,0,2524850429843.496,0.0025248504298434962,26,10,0.38461538461538464,1.0,100000000000000.0,72.95195314708063,0.13252449591568408,7207.282017324373,16335942.997650843,312.06271461701937,120.02412100654591
1.96,std,0,2548055873161.688,0.002548055873161688,35,10,0.2857142857142857,1.0,100000000000000.0,108.71860115234139,0.13241370178770218,7215.2834861359825,16205139.912292665,309.64858994478635,88.47102569851039
1.97,std,0,2571334177838.735,0.002571334177838735,27,10,0.37037037037037035,1.0,100000000000000.0,140.6313065298831,0.13229159417049882,7223.067204031445,16075757.62908553,307.2241497496085,113.78672212948463
1.98,std,0,2594684984683.7383,0.002594684984683738,44,10,0.22727272727272727,1.0,100000000000000.0,81.76081677900711,0.13215833429775978,7230.635908142749,15947777.051919853,304.7903419275974,69.27053225627213
1.99,std,0,2618107937143.4277,0.0026181079371434277,41,10,0.24390243902439024,1.0,100000000000000.0,140.78201208959877,0.1320140860466449,7237.99230749071,15821179.384035045,302.34809801856886,73.74343854111436
2.0,std,0,2641602681281.326,0.0026416026812813263,62,10,0.16129032258064516,1.0,100000000000000.0,50.64715079311948,0.13185901576168338,7245.1390831146955,15695946.122775251,299.89833291587564,48.3706988573993
2.01,std,0,2665168865756.9795,0.0026651688657569794,38,10,0.2631578947368421,1.0,100000000000000.0,142.1674780425857,0.13169329208006922,7252.078888152751,15572059.054465903,297.441944599351,78.27419594719763
2.02,std,0,2688806141805.2305,0.0026888061418052305,49,10,0.20408163265306123,1.0,100000000000000.0,84.94468499810212,0.13151708575859106,7258.814347985494,15449500.249373306,294.97981389513103,60.1999620194145
2.03,std,0,2712514163215.5815,0.0027125141632155817,50,10,0.2,1.0,100000000000000.0,94.43802045988845,0.13133056950241706,7265.348060320608,15328252.056764135,292.5128042572562,58.50256085145125
2.04,std,0,2736292586311.622,0.002736292586311622,31,10,0.3225806451612903,1.0,100000000000000.0,49.37039402772889,0.13113391779594796,7271.682595354539,15208297.100052891,290.0417615761054,93.56185857293723
2.05,std,0,2760141069930.535,0.002760141069930535,44,10,0.22727272727272727,1.0,100000000000000.0,84.50740151009174,0.13092730673593825,7277.820495894776,15089618.27204791,287.56751400868393,65.3562531837918
2.0599999999999996,std,0,2784059275402.6904,0.0027840592754026904,30,10,0.3333333333333333,1.0,100000000000000.0,101.61937699177678,0.1307109138670736,7283.764277498657,14972198.730271557,285.09087183219714,95.03029061073238
2.07,std,0,2808046866531.3213,0.0028080468665313213,27,10,0.37037037037037035,1.0,100000000000000.0,102.77754212624409,0.1304849180201844,7289.516428624723,14856021.89238433,282.61262732084856,104.67134345216613
2.0799999999999996,std,0,2832103509572.2856,0.0028321035095722857,23,10,0.43478260869565216,1.0,100000000000000.0,102.01968732654578,0.1302494991532604,7295.079410786967,14741071.431683572,280.133554644441,121.7971976714961
2.09,std,0,2856228873213.9346,0.0028562288732139345,30,10,0.3333333333333333,1.0,100000000000000.0,86.5084331347683,0.13000483819542183,7300.455658719268,14627331.272682121,277.6544097886642,92.55146992955474
2.0999999999999996,std,0,2880422628557.0645,0.0028804226285570646,30,10,0.3333333333333333,1.0,100000000000000.0,77.45344357714312,0.12975111689399202,7305.647580522372,14514785.586787315,275.1759304958839,91.72531016529463
2.11,std,0,2904684449094.988,0.0029046844490949876,46,10,0.21739130434782608,1.0,100000000000000.0,51.8096881253021,0.12948851766480282,7310.65755785249,14403418.788036415,272.69883622730754,59.28235570158859
2.1199999999999997,std,0,2929014010693.682,0.0029290140106936822,26,10,0.38461538461538464,1.0,100000000000000.0,132.22802796412924,0.1292172234458553,7315.487946078092,14293215.5289337,270.2238281440181,103.93224159385312
2.13,std,0,2953410991572.0737,0.0029534109915720736,28,10,0.35714285714285715,1.0,100000000000000.0,104.689576781638,0.12893741755444604,7320.141074468508,14184160.69634576,267.75158910788855,95.62556753853163
2.1399999999999997,std,0,2977875072282.414,0.002977875072282414,32,10,0.3125,1.0,100000000000000.0,132.2902388849981,0.12864928354785926,7324.619246360527,14076239.407488255,265.2827837003921,82.90086990637252
2.15,std,0,3002405935690.7563,0.0030024059356907563,44,10,0.22727272727272727,1.0,100000000000000.0,130.75655448097385,0.12835300508771263,7328.924739357901,13969437.005973084,262.81805826014465,59.7313768773056
2.1599999999999997,std,0,3027003266957.6,0.0030270032669576,30,10,0.3333333333333333,1.0,100000000000000.0,77.44037561151018,0.12804876580803742,7333.059805507215,13863739.057946578,260.3580409370609,86.78601364568695
2.17,std,0,3051666753518.557,0.003051666753518557,27,10,0.37037037037037035,1.0,100000000000000.0,84.32278464199673,0.12773674918715994,7337.026671495932,13759131.34827611,257.9033417633674,95.51975620865458
2.1799999999999997,std,0,3076396085065.254,0.003076396085065254,42,10,0.23809523809523808,1.0,100000000000000.0,114.80908624307851,0.1274171384234439,7340.827538830444,13655599.876833957,255.45455274024533,60.822512557201264
2.19,std,0,3101190953526.25,0.00310119095352625,27,10,0.37037037037037035,1.0,100000000000000.0,61.76921014873888,0.12709011631494216,7344.464584058283,13553130.854817575,253.01224794058584,93.70823997799475
2.1999999999999997,std,0,3126051053048.1245,0.0031260510530481244,44,10,0.22727272727272727,1.0,100000000000000.0,70.37827751205583,0.12675586514299808,7347.939958936184,13451710.70117912,250.57698362512804,56.94931446025637
2.21,std,0,3150976079976.717,0.003150976079976717,48,10,0.20833333333333334,1.0,100000000000000.0,73.28668833254389,0.12641456655982633,7351.255790649014,13351326.039074074,248.14929837333173,51.697770494444114
2.2199999999999998,std,0,3175965732838.413,0.003175965732838413,37,10,0.2702702702702703,1.0,100000000000000.0,106.35656441385922,0.1260664014800965,7354.414182005822,13251963.692418212,245.7297132274294,66.41343600741335
2.23,std,0,3201019712321.6455,0.0032010197123216455,61,10,0.16393442622950818,1.0,100000000000000.0,56.88811102066376,0.1257115499765309,7357.41721164206,13153610.682476113,243.31873184859978,39.88831669649176
2.2399999999999998,std,0,3226137721258.4497,0.0032261377212584497,28,10,0.35714285714285715,1.0,100000000000000.0,57.16979367850034,0.12535019117952442,7360.266934224155,13056254.22453316,240.91684068546434,86.04172881623727
2.25,std,0,3251319464606.2007,0.0032513194646062006,24,10,0.4166666666666667,1.0,100000000000000.0,35.95141165754153,0.12498250318078254,7362.965380663372,12959881.724614153,238.5245091538047,99.38521214741863
2.26,std,0,3276564649429.4375,0.0032765646494294373,39,10,0.2564102564102564,1.0,100000000000000.0,98.78410357327684,0.12460866294096873,7365.514558306396,12864480.776277887,236.14218982636052,60.54927944265654
2.27,std,0,3301872984881.8687,0.0033018729848818687,43,10,0.23255813953488372,1.0,100000000000000.0,89.54874529911487,0.12422884620134438,7367.916451168804,12770039.157449897,233.77031863354355,54.365190379893846
2.28,std,0,3327244182188.4473,0.003327244182188447,32,10,0.3125,1.0,100000000000000.0,69.86945279939263,0.12384322739937846,7370.173020119485,12676544.827336488,231.40931507226975,72.3154109600843
2.29,std,0,3352677954627.639,0.003352677954627639,52,10,0.19230769230769232,1.0,100000000000000.0,90.68613936401854,0.12345197958829715,7372.286203107021,12583985.923375618,229.05958242443245,44.049919697006246
2.3,std,0,3378174017513.7773,0.003378174017513777,59,10,0.1694915254237288,1.0,100000000000000.0,111.11546374570814,0.12305527436053831,7374.2579153570005,12492350.758259717,226.721507982791,38.42737423437136
2.31,std,0,3403732088179.575,0.003403732088179575,37,10,0.2702702702702703,1.0,100000000000000.0,61.04168719680018,0.12265328177506969,7376.090049610581,12401627.816991834,224.39546328519626,60.6474225095125
2.32,std,0,3429351885958.78,0.0034293518859587796,33,10,0.30303030303030304,1.0,100000000000000.0,96.73853898214279,0.12224617028852493,7377.784476295275,12311805.754026573,222.08180435414823,67.29751647095401
2.3299999999999996,std,0,3455033132168.932,0.003455033132168932,19,10,0.5263157894736842,1.0,100000000000000.0,71.63675446740527,0.12183410669010708,7379.343043770593,12222873.3904306,219.78087194434747,115.67414312860393
2.34,std,0,3480775550094.273,0.003480775550094273,46,10,0.21739130434782608,1.0,100000000000000.0,32.641680996384856,0.12141725604020252,7380.76757852972,12134819.711121293,217.49299179509003,47.28108517284566
2.3499999999999996,std,0,3506578864968.8105,0.0035065788649688103,53,10,0.18867924528301888,1.0,100000000000000.0,59.082807171503774,0.12099578161264772,7382.059885399735,12047633.862132035,215.21847488738862,40.60725941271484
2.36,std,0,3532442803959.4824,0.0035324428039594825,41,10,0.24390243902439024,1.0,100000000000000.0,49.10963323008168,0.12056984484058411,7383.221747775817,11961305.147949908,212.95761770715373,51.94088236759847
2.3699999999999997,std,0,3558367096149.48,0.00355836709614948,42,10,0.23809523809523808,1.0,100000000000000.0,121.11150123015031,0.12013960526583477,7384.254927809461,11875823.028886234,210.7107025108705,50.16921488354059
2.38,std,0,3584351472521.6997,0.0035843514725216997,54,10,0.18518518518518517,1.0,100000000000000.0,66.27710247740359,0.11970522049173256,7385.1611666416,11791177.118503083,208.4779975963675,38.6070365919199
2.3899999999999997,std,0,3610395665942.32,0.0036103956659423197,29,10,0.3448275862068966,1.0,100000000000000.0,84.36041756536461,0.1192668461393275,7385.9421845973675,11707357.181081956,206.25975757554343,71.1240543363943
2.4,std,0,3636499411144.5376,0.0036364994111445378,31,10,0.3225806451612903,1.0,100000000000000.0,79.93494086851966,0.11882463580689664,7386.59968140249,11624353.129135568,204.05622365035435,65.82458827430786
2.4099999999999997,std,0,3662662444712.4165,0.0036626624447124163,45,10,0.2222222222222222,1.0,100000000000000.0,99.20620006078897,0.11837874103268001,7387.1353363984135,11542155.020976886,201.86762389120483,44.85947197582329
2.42,std,0,3688884505064.8794,0.0036888845050648796,39,10,0.2564102564102564,1.0,100000000000000.0,89.71559025551667,0.11792931126076286,7387.550808738701,11460753.05831884,199.69417351638612,51.20363423497079
2.4299999999999997,std,0,3715165332439.8467,0.003715165332439847,52,10,0.19230769230769232,1.0,100000000000000.0,73.14007031849273,0.1174764938100209,7387.847737615969,11380137.583922423,197.53607517382224,37.98770676419659
2.44,std,0,3741504668878.4834,0.0037415046688784835,43,10,0.23255813953488372,1.0,100000000000000.0,94.82052612419446,0.11702043384604897,7388.027742457384,11300299.079290532,195.3935192229948,45.440353307673206
2.4499999999999997,std,0,3767902258209.5947,0.003767902258209595,35,10,0.2857142857142857,1.0,100000000000000.0,82.57827581530594,0.11656127435598546,7388.092423130335,11221228.162397789,193.26668401765033,55.21905257647152
2.46,std,0,3794357846034.1753,0.0037943578460341754,39,10,0.2564102564102564,1.0,100000000000000.0,66.76754463027667,0.11609915612615085,7388.043360157006,11142915.58546343,191.15573618901294,49.01429133051614
2.4699999999999998,std,0,3820871179710.0454,0.0038208711797100454,34,10,0.29411764705882354,1.0,100000000000000.0,76.75005018023977,0.11563421772241134,7387.882114913693,11065352.232765501,189.06083092849062,55.60612674367371
2.48,std,0,3847442008336.6763,0.0038474420083366764,42,10,0.23809523809523808,1.0,100000000000000.0,42.731886998205866,0.11516659547318477,7387.61022984574,10988529.118494129,186.9821122703319,44.51955054055521
2.4899999999999998,std,0,3874070082740.087,0.0038740700827400868,33,10,0.30303030303030304,1.0,100000000000000.0,68.35993682063422,0.11469642345499854,7387.229228651229,10912437.38464076,184.91971337266384,56.036276779595106
2.5,std,0,3900755155457.9375,0.0039007551554579374,22,10,0.45454545454545453,1.0,100000000000000.0,86.94267880964102,0.11422383348051643,7386.740616503004,10837068.298925612,182.87375679844843,83.12443490838565
2.51,std,0,3927496980724.704,0.0039274969807247045,59,10,0.1694915254237288,1.0,100000000000000.0,66.35409257320576,0.11374895508894493,7386.145880241262,10762413.25276639,180.84435479439634,30.651585558372258
2.52,std,0,3954295314456.9995,0.0039542953144569995,37,10,0.2702702702702703,1.0,100000000000000.0,53.472652888194226,0.11327191553873434,7385.4464885739535,10688463.759278566,178.8316095683733,48.332867450911706
2.53,std,0,3981149914239.0483,0.003981149914239048,36,10,0.2777777777777778,1.0,100000000000000.0,33.12476415367845,0.112792839802488,7384.643892275191,10615211.451314276,176.83561356492427,49.12100376803452
2.54,std,0,4008060539308.2363,0.004008060539308236,25,10,0.4,1.0,100000000000000.0,96.33550342862227,0.11231185056399447,7383.739524385472,10542648.079530537,174.85644973862304,69.94257989544921
2.55,std,0,4035026950540.866,0.004035026950540866,48,10,0.20833333333333334,1.0,100000000000000.0,50.66304129425531,0.11182906821729809,7382.734800407716,10470765.510502744,172.8941918251544,36.01962329690717
2.56,std,0,4062048910437.9663,0.004062048910437967,45,10,0.2222222222222222,1.0,100000000000000.0,117.39008284581277,0.1113446108677235,7381.63111849986,10399555.724859066,170.94890460954454,37.988645468787674
2.57,std,0,4089126183111.269,0.004089126183111269,56,10,0.17857142857142858,1.0,100000000000000.0,76.62967847092771,0.11085859433477233,7380.429859666723,10329010.815461004,169.020644191842,30.182257891400358
2.5799999999999996,std,0,4116258534269.326,0.004116258534269326,22,10,0.45454545454545453,1.0,100000000000000.0,46.88953670468133,0.11037113215680884,7379.1323879616775,10259122.985599501,167.10945824980624,75.95884465900284
2.59,std,0,4143445731203.713,0.004143445731203713,19,10,0.5263157894736842,1.0,100000000000000.0,90.93610983140783,0.10988233559745512,7377.7400506728845,10189884.547240347,165.2153862984175,86.95546647285131
2.5999999999999996,std,0,4170687542775.3774,0.004170687542775378,38,10,0.2631578947368421,1.0,100000000000000.0,70.77244485489204,0.109392313653616,7376.254178506073,10121287.9192909,163.33845994589072,42.98380524891861
2.61,std,0,4197983739401.1304,0.00419798373940113,34,10,0.29411764705882354,1.0,100000000000000.0,77.91220217862401,0.108901173065055,7374.676085774948,10053325.625898778,161.47870314647963,47.49373621955284
2.6199999999999997,std,0,4225334093040.2197,0.0042253340930402195,53,10,0.18867924528301888,1.0,100000000000000.0,60.49253185419143,0.1084090183254463,7373.007070607589,9985990.294780755,159.6361324500881,30.120024990582664
2.63,std,0,4252738377181.089,0.004252738377181089,40,10,0.25,1.0,100000000000000.0,69.64339010293286,0.10791595169482557,7371.24841509381,9919274.6555814,157.81075724693034,39.452689311732584
2.6399999999999997,std,0,4280196366828.1807,0.004280196366828181,45,10,0.2222222222222222,1.0,100000000000000.0,65.536880254128,0.10742207321336858,7369.401385509166,9853171.53826193,156.00258001012244,34.66724000224943
2.65,std,0,4307707838488.9346,0.0043077078384889346,34,10,0.29411764705882354,1.0,100000000000000.0,66.09823584774625,0.10692748071642302,7367.46723246904,9787673.871516135,154.21159653286014,45.35635192142946
2.6599999999999997,std,0,4335272570160.8677,0.0043352725701608676,43,10,0.23255813953488372,1.0,100000000000000.0,77.37056244384539,0.10643226985072582,7365.4471911146875,9722774.681209411,152.4377961622712,35.45065027029563
2.67,std,0,4362890341318.77,0.00436289034131877,30,10,0.3333333333333333,1.0,100000000000000.0,31.92104653613429,0.10593653409173551,7363.342481307642,9658467.088857314,150.6811620295887,50.2270540098629
2.6799999999999997,std,0,4390560932902.037,0.004390560932902037,36,10,0.2777777777777778,1.0,100000000000000.0,92.78373628384325,0.10544036476201399,7361.154307787061,9594744.310116976,148.94167127523247,41.372686465342355
2.69,std,0,4418284127302.139,0.004418284127302139,28,10,0.35714285714285715,1.0,100000000000000.0,59.698011514270966,0.1049438510505919,7358.883860357414,9531599.653310519,147.21929527045572,52.578319739448474
2.6999999999999997,std,0,4446059708350.135,0.004446059708350135,44,10,0.22727272727272727,1.0,100000000000000.0,70.09741737854421,0.10444708003325524,7356.532314064349,9469026.51798176,145.51399983464788,33.071363598783606
2.71,std,0,4473887461304.419,0.004473887461304419,46,10,0.21739130434782608,1.0,100000000000000.0,85.90531326304793,0.10395013669369071,7354.1008293535,9407018.393461363,143.82574544778714,31.266466401692856
2.7199999999999998,std,0,4501767172838.449,0.0045017671728384496,28,10,0.35714285714285715,1.0,100000000000000.0,62.220718983115795,0.10345310394543139,7351.590552263067,9345568.857473286,142.1544874595354,50.76945980697693
2.73,std,0,4529698631028.695,0.004529698631028695,42,10,0.23809523809523808,1.0,100000000000000.0,53.21978749971947,0.10295606265454338,7349.002614572086,9284671.574754989,140.50017629298122,33.45242292690029
2.7399999999999998,std,0,4557681625342.673,0.004557681625342673,39,10,0.2564102564102564,1.0,100000000000000.0,79.84947655045518,0.10245909166299956,7346.338133987376,9224320.295706078,138.86275764488298,35.605835293559736
2.75,std,0,4585715946627.054,0.004585715946627053,43,10,0.23255813953488372,1.0,100000000000000.0,56.492278906101845,0.10196226781268383,7343.598214295805,9164508.855059594,137.24217268088267,31.91678434439132
2.76,std,0,4613801387095.926,0.0046138013870959255,28,10,0.35714285714285715,1.0,100000000000000.0,81.21549941171648,0.10146566596997589,7340.783945537067,9105231.170576822,135.63835822677865,48.44227079527809
2.77,std,0,4641937740319.175,0.0046419377403191745,47,10,0.2127659574468085,1.0,100000000000000.0,88.74072437432932,0.10096935905086413,7337.896404164669,9046481.241760328,134.05124695515977,28.521541905353143
2.78,std,0,4670124801210.929,0.004670124801210929,36,10,0.2777777777777778,1.0,100000000000000.0,90.27415762209117,0.1004734180465394,7334.9366532034455,8988253.148596747,132.48076756775487,36.800213213265245
2.79,std,0,4698362366018.153,0.0046983623660181535,52,10,0.19230769230769232,1.0,100000000000000.0,52.844360858368916,0.09997791204942123,7331.905742424171,8930541.050315544,130.92684497367634,25.17823941801468
2.8,std,0,4726650232309.343,0.0047266502323093425,54,10,0.18518518518518517,1.0,100000000000000.0,39.94004017209189,0.09948290827957305,7328.804708478912,8873339.184167327,129.3894004626191,23.961000085670204
2.81,std,0,4754988198963.325,0.004754988198963325,52,10,0.19230769230769232,1.0,100000000000000.0,82.71803749840078,0.09898847211146117,7325.6345750821765,8816641.86423281,127.86835187473915,24.590067668219067
2.82,std,0,4783376066158.1455,0.004783376066158146,65,10,0.15384615384615385,1.0,100000000000000.0,64.9965573727209,0.09849466710101733,7322.396353153173,8760443.480241075,126.36361376540637,19.440555963908672
2.8299999999999996,std,0,4811813635360.112,0.0048118136353601125,45,10,0.2222222222222222,1.0,100000000000000.0,78.32493266836846,0.09800155501296365,7319.091040961344,8704738.496411402,124.87509756584785,27.750021681299522
2.84,std,0,4840300709312.872,0.004840300709312872,32,10,0.3125,1.0,100000000000000.0,37.984282601810015,0.09750919584836228,7315.719624303155,8649521.450322606,123.40271174024353,38.563347418826105
2.8499999999999996,std,0,4868837092026.671,0.004868837092026671,31,10,0.3225806451612903,1.0,100000000000000.0,92.65595192807794,0.097017647872353,7312.283076629632,8594786.951786837,121.946361937599,39.3375361089029
2.86,std,0,4897422588767.649,0.0048974225887676495,29,10,0.3448275862068966,1.0,100000000000000.0,87.07852842555506,0.09652696764204288,7308.782359206074,8540529.681758447,120.50595114028894,41.553776255272055
2.8699999999999997,std,0,4926057006047.276,0.004926057006047277,39,10,0.2564102564102564,1.0,100000000000000.0,34.39288055698305,0.09603721003451575,7305.218421257763,8486744.391249523,119.08137980811799,30.533687130286662
2.88,std,0,4954740151611.898,0.004954740151611898,53,10,0.18867924528301888,1.0,100000000000000.0,78.7218957999114,0.0955484282749277,7301.592200115684,8433425.9002663,117.67254601839696,22.202367173282447
2.8899999999999997,std,0,4983471834432.314,0.004983471834432315,37,10,0.2702702702702703,1.0,100000000000000.0,121.04777475571397,0.09506067396466021,7297.904621362233,8380569.09677265,116.27934560217447,31.426850162749858
2.9,std,0,5012251864693.578,0.005012251864693578,63,10,0.15873015873015872,1.0,100000000000000.0,68.25735562363337,0.09457399710949974,7294.15659896949,8328168.935656688,114.90167227622555,18.23836067876596
2.9099999999999997,std,0,5041080053784.75,0.00504108005378475,49,10,0.20408163265306123,1.0,100000000000000.0,60.82402043566086,0.0940884461478178,7290.349035443838,8276220.437724468,113.5394177714168,23.171309749268733
2.92,std,0,5069956214288.885,0.005069956214288885,68,10,0.14705882352941177,1.0,100000000000000.0,75.64937903263254,0.09360406797872392,7286.482821970773,8224718.688710108,112.19247195725359,16.498892934890232
2.9299999999999997,std,0,5098880159973.001,0.005098880159973001,32,10,0.3125,1.0,100000000000000.0,88.6238621762345,0.09312090799016796,7282.558838540451,8173658.8382961275,110.86072296229194,34.643975925716234
2.94,std,0,5127851705778.228,0.005127851705778228,40,10,0.25,1.0,100000000000000.0,53.75644667150162,0.09263901008696694,7278.577954093217,8123036.099160874,109.54405729132147,27.386014322830366
2.9499999999999997,std,0,5156870667810.0205,0.005156870667810021,35,10,0.2857142857142857,1.0,100000000000000.0,63.951004996050266,0.09215841671873516,7274.541026659877,8072845.746031287,108.2423599386878,30.926388553910797
2.96,std,0,5185936863328.446,0.005185936863328446,30,10,0.3333333333333333,1.0,100000000000000.0,86.82643649118076,0.09167916890769558,7270.448903478883,8023083.114753859,106.95551449774025,35.65183816591342
2.9699999999999998,std,0,5215050110738.587,0.005215050110738587,60,10,0.16666666666666666,1.0,100000000000000.0,78.90150885645463,0.0912013062763538,7266.302421148404,7973743.601392691,105.68340326745934,17.613900544576556
2.98,std,0,5244210229581.067,0.005244210229581068,38,10,0.2631578947368421,1.0,100000000000000.0,64.93502481423836,0.09072486707501438,7262.102405732986,7924822.661321773,104.42590735469462,27.48050193544595
2.9899999999999998,std,0,5273417040522.575,0.005273417040522576,56,10,0.17857142857142858,1.0,100000000000000.0,52.87568377884378,0.09024988820912404,7257.849672923248,7876315.808353685,103.18290677409941,18.425519066803467
3.0,std,0,5302670365346.603,0.005302670365346603,44,10,0.22727272727272727,1.0,100000000000000.0,65.26434523901969,0.0897764052664229,7253.545028129642,7828218.613865179,101.95428054356861,23.171427396265592
3.01,std,0,5331970026944.162,0.005331970026944162,43,10,0.23255813953488372,1.0,100000000000000.0,91.216283644826,0.08930445254389056,7249.189266644511,7780526.705950752,100.73990677760315,23.42788529711701
3.02,std,0,5361315849304.654,0.0053613158493046546,59,10,0.1694915254237288,1.0,100000000000000.0,51.552918988396854,0.08883406307447111,7244.783173731491,7733235.768582869,99.53966277637362,16.871129284131122
3.03,std,0,5390707657506.827,0.005390707657506827,61,10,0.16393442622950818,1.0,100000000000000.0,48.161977758789,0.08836526865356453,7240.327524777212,7686341.540784624,98.35342511254473,16.123512313531922
3.04,std,0,5420145277709.782,0.005420145277709783,40,10,0.25,1.0,100000000000000.0,77.08670782402187,0.08789809986527143,7235.823085393413,7639839.815826388,97.18106971450608,24.29526742862652
3.05,std,0,5449628537144.094,0.005449628537144094,69,10,0.14492753623188406,1.0,100000000000000.0,53.054752096625734,0.08743258610838046,7231.270611556842,7593726.440420668,96.02247194696174,13.916300282168368
3.06,std,0,5479157264103.022,0.0054791572641030226,52,10,0.19230769230769232,1.0,100000000000000.0,74.18780937737502,0.08696875562208634,7226.670849704639,7547997.313944066,94.87750668819687,18.245674363114784
3.07,std,0,5508731287933.782,0.005508731287933782,40,10,0.25,1.0,100000000000000.0,52.10585056795882,0.08650663551143015,7222.024536879331,7502648.387664568,93.74604840508053,23.436512101270132
3.08,std,0,5538350439028.927,0.005538350439028927,69,10,0.14492753623188406,1.0,100000000000000.0,46.94762591245872,0.08604625177245216,7217.332400816584,7457675.663981256,92.62797122454218,13.424343655730752
3.09,std,0,5568014548817.794,0.005568014548817794,71,10,0.14084507042253522,1.0,100000000000000.0,49.897190399380136,0.08558762931704852,7212.595160085101,7413075.195680463,91.52314900308563,12.89058436663178
3.0999999999999996,std,0,5597723449758.044,0.005597723449758044,30,10,0.3333333333333333,1.0,100000000000000.0,56.46662599055973,0.08513079199752545,7207.813524182563,7368843.085202581,90.43145539307785,30.143818464359285
3.11,std,0,5627476975327.271,0.005627476975327271,48,10,0.20833333333333334,1.0,100000000000000.0,66.61303129782756,0.08467576263084305,7202.988193669341,7324975.48391775,89.3527639069155,18.615159147274063
3.1199999999999997,std,0,5657274960014.702,0.005657274960014702,43,10,0.23255813953488372,1.0,100000000000000.0,56.84813582965133,0.08422256302254322,7198.119860241545,7281468.591418872,88.28694797799574,20.53184836697575
3.13,std,0,5687117239312.974,0.005687117239312973,33,10,0.30303030303030304,1.0,100000000000000.0,56.14803031731249,0.08377121399035611,7193.209206888361,7238318.654820386,87.23388102023195,26.434509400070286
3.1399999999999997,std,0,5717003649709.991,0.0057170036497099916,60,10,0.16666666666666666,1.0,100000000000000.0,61.031858949871,0.08332173538748046,7188.256907968727,7195521.968076602,86.1934364842882,14.365572747381366
3.15,std,0,5746934028680.865,0.005746934028680865,50,10,0.2,1.0,100000000000000.0,64.14709551781274,0.08287414612553251,7183.263629314168,7153074.871296239,85.16548791165813,17.033097582331628
3.1599999999999997,std,0,5776908214679.912,0.005776908214679912,66,10,0.15151515151515152,1.0,100000000000000.0,66.77614867558549,0.08242846419716175,7178.230028366515,7110973.750088734,84.14990898715847,12.749986210175527
3.17,std,0,5806926047132.751,0.005806926047132751,48,10,0.20833333333333334,1.0,100000000000000.0,40.73190141351376,0.0819847066983287,7173.156754254947,7069215.034901877,83.14657358827256,17.322202830890117
3.1799999999999997,std,0,5836987366428.462,0.005836987366428462,50,10,0.2,1.0,100000000000000.0,52.31217846076337,0.0815428898502426,7168.044447901,7027795.200383879,82.15535583287512,16.431071166575023
3.19,std,0,5867092013911.828,0.005867092013911828,73,10,0.136986301369863,1.0,100000000000000.0,47.756763975126304,0.08110302902095701,7162.893742138488,6986710.76474544,81.17613012493469,11.120017825333518
3.1999999999999997,std,0,5897239831875.668,0.005897239831875668,68,10,0.14705882352941177,1.0,100000000000000.0,52.96900717824826,0.08066513874662186,7157.705261791625,6945958.289138465,80.20877119780242,11.795407529088592
3.21,std,0,5927430663553.183,0.005927430663553183,24,10,0.4166666666666667,1.0,100000000000000.0,40.67861221627514,0.08022923275238983,7152.479623794218,6905534.377048772,79.2531541560674,33.022147565028085
3.2199999999999998,std,0,5957664353110.453,0.005957664353110453,50,10,0.2,1.0,100000000000000.0,47.71797575357461,0.07979532397297763,7147.21743727978,6865435.673682141,78.30915451499567,15.661830902999135
3.23,std,0,5987940745638.96,0.00598794074563896,73,10,0.136986301369863,1.0,100000000000000.0,70.14472280193634,0.07936342457287976,7141.919303668382,6825658.865381889,77.37664823835377,10.599540854569009
3.2399999999999998,std,0,6018259687148.17,0.00601825968714817,44,10,0.22727272727272727,1.0,100000000000000.0,39.49964930929297,0.07893354596623703,7136.585816788744,6786200.679036681,76.45551177461468,17.37625267604879
3.25,std,0,6048621024558.246,0.006048621024558246,60,10,0.16666666666666666,1.0,100000000000000.0,28.614700810089687,0.07850569883635809,7131.217562940741,6747057.881511198,75.5456220909394,12.590937015156566
3.26,std,0,6079024605692.762,0.006079024605692762,46,10,0.21739130434782608,1.0,100000000000000.0,93.20424547917192,0.07807989315489611,7125.815121020764,6708227.279078383,74.64685670607854,16.227577544799683
3.27,std,0,6109470279271.526,0.006109470279271527,77,10,0.12987012987012986,1.0,100000000000000.0,71.92074261161898,0.0776561382006801,7120.379062585678,6669705.71686476,73.75909372103729,9.579103080654193
3.28,std,0,6139957894903.475,0.006139957894903475,56,10,0.17857142857142858,1.0,100000000000000.0,73.55809922274169,0.07723444257820353,7114.909951971283,6631490.078299773,72.88221184869286,13.014680687266583
3.29,std,0,6170487303079.608,0.006170487303079609,33,10,0.30303030303030304,1.0,100000000000000.0,76.34180623476227,0.07681481423577075,7109.408346357356,6593577.284582875,72.01609044142928,21.823057709524026
3.3,std,0,6201058355165.985,0.006201058355165986,32,10,0.3125,1.0,100000000000000.0,39.13905983392717,0.07639726048330328,7103.874795876305,6555964.294144623,71.16060951759196,22.23769047424749
3.31,std,0,6231670903396.898,0.006231670903396898,47,10,0.2127659574468085,1.0,100000000000000.0,34.837220877727624,0.0759817880098082,7098.309843685117,6518648.1021335395,70.31564978633052,14.960776550283091
3.32,std,0,6262324800867.884,0.006262324800867884,42,10,0.23809523809523808,1.0,100000000000000.0,61.32383969653647,0.07556840290051019,7092.714026078004,6481625.739898744,69.4810926713338,16.543117302698523
3.33,std,0,6293019901529.065,0.006293019901529065,56,10,0.17857142857142858,1.0,100000000000000.0,71.74830806659499,0.07515711065365033,7087.087872531464,6444894.2744803615,68.6568203325575,12.260146487956696
3.34,std,0,6323756060178.354,0.0063237560601783534,56,10,0.17857142857142858,1.0,100000000000000.0,60.629645809003286,0.07474791619695409,7081.431905831097,6408450.8081216905,67.84271568762036,12.114770658503636
3.3499999999999996,std,0,6354533132454.822,0.006354533132454822,49,10,0.20408163265306123,1.0,100000000000000.0,51.6751359680196,0.0743408239037712,7075.74664212975,6372292.477769603,67.03866243106671,13.681359679809534
3.36,std,0,6385350974832.107,0.006385350974832107,35,10,0.2857142857142857,1.0,100000000000000.0,30.944180600043115,0.07393583760889016,7070.0325910372685,6336416.454597149,66.24454505289391,18.927012872255403
3.3699999999999997,std,0,6416209444611.866,0.006416209444611866,56,10,0.17857142857142858,1.0,100000000000000.0,53.65670381867358,0.07353296062403111,7064.290255709163,6300819.9435306,65.46024885586976,11.689330152833886
3.38,std,0,6447108399917.341,0.006447108399917341,67,10,0.14925373134328357,1.0,100000000000000.0,62.8532292334191,0.07313219575301971,7058.520132909834,6265500.18277916,64.68565997144155,9.654576115140529
3.3899999999999997,std,0,6478047699686.891,0.006478047699686891,42,10,0.23809523809523808,1.0,100000000000000.0,49.31871959254913,0.07273354530664589,7052.722713111413,6230454.443376221,63.92066537494158,15.219206041652756
3.4,std,0,6509027203667.701,0.006509027203667701,57,10,0.17543859649122806,1.0,100000000000000.0,52.13697892877756,0.07233701111721073,7046.8984805660775,6195680.028727723,63.16515289949964,11.08160577184204
3.4099999999999997,std,0,6540046772409.464,0.0065400467724094635,53,10,0.18867924528301888,1.0,100000000000000.0,47.46469238584693,0.07194259455276497,7041.0479133714525,6161174.274165404,62.41901124886944,11.777171933748951
3.42,std,0,6571106267258.167,0.006571106267258167,27,10,0.37037037037037035,1.0,100000000000000.0,47.985918027083585,0.07155029653104333,7035.171483572,6126934.5465087,61.682130009627436,22.84523333689905
3.4299999999999997,std,0,6602205550349.9,0.0066022055503499,69,10,0.14492753623188406,1.0,100000000000000.0,59.394455589786915,0.07116011753309788,7029.269657212796,6092958.2436328735,60.954399662004164,8.83397096550785
3.44,std,0,6633344484604.771,0.0066333444846047715,53,10,0.18867924528301888,1.0,100000000000000.0,63.53796491401032,0.07077205761663512,7023.342894419473,6059242.794044905,60.23571159006529,11.365228601899112
3.4499999999999997,std,0,6664522933720.819,0.006664522933720819,54,10,0.18518518518518517,1.0,100000000000000.0,46.021552826854844,0.07038611642905952,7017.391649482525,6025785.656462501,59.525958091026204,11.02332557241226
3.46,std,0,6695740762168.066,0.006695740762168066,44,10,0.22727272727272727,1.0,100000000000000.0,63.12926526520023,0.07000229322022894,7011.416370914359,5992584.319403749,58.8250323835423,13.369325541714158
3.4699999999999998,std,0,6726997835182.497,0.006726997835182497,61,10,0.16393442622950818,1.0,100000000000000.0,42.36931184231411,0.06962058685492503,7005.417501548859,5959636.300782556,58.132828615554,9.529971904189178
3.48,std,0,6758294018760.262,0.006758294018760261,65,10,0.15384615384615385,1.0,100000000000000.0,48.9701379206526,0.06924099582504298,6999.395478567188,5926939.147505195,57.44924187069131,8.838344903183279
3.4899999999999998,std,0,6789629179651.785,0.006789629179651785,80,10,0.125,1.0,100000000000000.0,61.323892682621135,0.06886351826150523,6993.350733612612,5894490.435082389,56.774168174778794,7.096771021847349
3.5,std,0,6821003185356.006,0.006821003185356006,37,10,0.2702702702702703,1.0,100000000000000.0,50.527971199573166,0.06848815194590231,6987.283692836292,5862287.767236518,56.10750450094475,15.164190405660744
3.51,std,0,6852415904114.655,0.006852415904114655,58,10,0.1724137931034483,1.0,100000000000000.0,70.59012628481574,0.06811489432186627,6981.194776973222,5830328.775524363,55.44914877439477,9.560198064550823
3.52,std,0,6883867204906.6045,0.006883867204906605,33,10,0.30303030303030304,1.0,100000000000000.0,64.37226148629239,0.06774374250617998,6975.084401405828,5798611.1189587405,54.798999876362565,16.605757538291687
3.53,std,0,6915356957442.212,0.0069153569574422116,49,10,0.20408163265306123,1.0,100000000000000.0,34.998022125048024,0.0673746932996273,6968.952976234823,5767132.483642135,54.1569576475519,11.052440336235081
3.54,std,0,6946885032157.802,0.0069468850321578015,33,10,0.30303030303030304,1.0,100000000000000.0,46.69114001057433,0.06700774319758737,6962.800906348974,5735890.582397208,53.5229228908833,16.21906754269191
3.55,std,0,6978451300210.12,0.00697845130021012,51,10,0.19607843137254902,1.0,100000000000000.0,45.927351866360965,0.06664288840037871,6956.628591466534,5704883.154414197,52.8967973735543,10.371921053638097
3.56,std,0,7010055633470.87,0.00701005563347087,56,10,0.17857142857142858,1.0,100000000000000.0,59.80074504008043,0.06628012482335588,6950.436426240613,5674107.964892094,52.27848382893054,9.335443540880453
3.57,std,0,7041697904521.346,0.007041697904521345,34,10,0.29411764705882354,1.0,100000000000000.0,45.294262919472395,0.06591944810676449,6944.224800283531,5643562.804696245,51.66788595738914,15.196437046290924
3.58,std,0,7073377986647.011,0.007073377986647011,33,10,0.30303030303030304,1.0,100000000000000.0,53.608961022978384,0.06556085362535716,6937.994098252573,5613245.49001041,51.06490842702678,15.4742146748566
3.59,std,0,7105095753832.248,0.007105095753832248,45,10,0.2222222222222222,1.0,100000000000000.0,50.40890708266388,0.0652043364977763,6931.744699906313,5583153.862002588,50.46945687373931,11.215434860830957
3.5999999999999996,std,0,7136851080755.05,0.00713685108075505,63,10,0.15873015873015872,1.0,100000000000000.0,78.70195323143267,0.06484989159570673,6925.476980162027,5553285.786493722,49.8814379008286,7.9176885556870795
3.61,std,0,7168643842781.831,0.007168643842781831,46,10,0.21739130434782608,1.0,100000000000000.0,50.61786604022986,0.06449751355280299,6919.191309154926,5523639.15362708,49.300759078144495,10.71755632133576
3.6199999999999997,std,0,7200473915962.252,0.007200473915962252,75,10,0.13333333333333333,1.0,100000000000000.0,66.917972088926,0.06414719677339552,6912.8880523122825,5494211.877547617,48.72732894095745,6.49697719212766
3.63,std,0,7232341177024.119,0.007232341177024119,54,10,0.18518518518518517,1.0,100000000000000.0,39.60499282105029,0.06379893544097907,6906.56757038868,5465001.896084231,48.16105698813398,8.918714257061847
3.6399999999999997,std,0,7264245503368.288,0.007264245503368288,47,10,0.2127659574468085,1.0,100000000000000.0,21.487755229669258,0.06345272352648877,6900.230219545958,5436007.170438018,47.60185368026006,10.128053974523416
3.65,std,0,7296186773063.671,0.007296186773063671,50,10,0.2,1.0,100000000000000.0,59.061178726646155,0.0631085547963669,6893.876351395722,5407225.684871397,47.04963043710128,9.409926087420256
3.6599999999999997,std,0,7328164864842.218,0.007328164864842218,55,10,0.18181818181818182,1.0,100000000000000.0,49.69919514183913,0.06276642282042497,6887.506313068027,5378655.446409031,46.50429963496292,8.455327206356895
3.67,std,0,7360179658094.035,0.0073601796580940355,48,10,0.20833333333333334,1.0,100000000000000.0,64.95788590327187,0.062426320979504686,6881.120447259707,5350294.484533614,45.965774603494566,9.576203042394702
3.6799999999999997,std,0,7392231032862.472,0.007392231032862471,102,10,0.09803921568627451,1.0,100000000000000.0,47.873835284413424,0.06208824247294238,6874.719092276886,5322140.850894996,45.43396962222438,4.4543107472769
3.69,std,0,7424318869839.25,0.00742431886983925,62,10,0.16129032258064516,1.0,100000000000000.0,60.96422666150801,0.06175218032584041,6868.302582130187,5294192.619019311,44.90879991710754,7.243354825339925
3.6999999999999997,std,0,7456443050359.737,0.007456443050359737,55,10,0.18181818181818182,1.0,100000000000000.0,41.84910459784253,0.061418127396149415,6861.871246536548,5266447.884021641,44.39018165616532,8.070942119302785
3.71,std,0,7488603456398.119,0.007488603456398119,64,10,0.15625,1.0,100000000000000.0,40.247253306509435,0.06108607638156587,6855.425411013337,5238904.762326913,43.87803194550386,6.855942491484978
3.7199999999999998,std,0,7520799970562.751,0.007520799970562751,47,10,0.2127659574468085,1.0,100000000000000.0,38.98104129412127,0.06075601982624775,6848.965396908512,5211561.39139034,43.372268824618544,9.228142303110328
3.73,std,0,7553032476091.422,0.007553032476091422,81,10,0.12345679012345678,1.0,100000000000000.0,51.37017676958444,0.06042795012735299,6842.491521456946,5184415.929424091,42.87281126165116,5.292939661932241
3.7399999999999998,std,0,7585300856846.809,0.0075853008568468085,32,10,0.3125,1.0,100000000000000.0,21.932598266135756,0.060101859541404255,6836.00409784329,5157466.555130386,42.37957914847989,13.243618483899965
3.75,std,0,7617604997311.822,0.007617604997311823,55,10,0.18181818181818182,1.0,100000000000000.0,50.84020643855911,0.05977774019048319,6829.503435232497,5130711.467432381,41.89249329534205,7.616816962789464
3.76,std,0,7649944782585.115,0.007649944782585115,55,10,0.18181818181818182,1.0,100000000000000.0,45.655000734485114,0.059455584068258405,6822.989838833416,5104148.885215932,41.411475425523065,7.529359168276921
3.77,std,0,7682320098376.544,0.007682320098376544,78,10,0.1282051282051282,1.0,100000000000000.0,47.836743381500966,0.05913538304585055,6816.463609946026,5077777.047071797,40.936448169725026,5.248262585862182
3.78,std,0,7714730831002.738,0.007714730831002738,57,10,0.17543859649122806,1.0,100000000000000.0,47.1470727577977,0.05881712887753789,6809.925046010498,5051594.211037625,40.467335060237836,7.099532466708392
3.79,std,0,7747176867382.676,0.007747176867382676,77,10,0.12987012987012986,1.0,100000000000000.0,31.811106099875058,0.05850081320630583,6803.374440650069,5025598.654353037,40.00406052498405,5.195332535712214
3.8,std,0,7779658095033.257,0.0077796580950332565,43,10,0.23255813953488372,1.0,100000000000000.0,32.01972410317241,0.058186427569244414,6796.812083720829,4999788.673212268,39.546549881400885,9.196872065442067
3.81,std,0,7812174402065.058,0.007812174402065057,44,10,0.22727272727272727,1.0,100000000000000.0,56.85597538507402,0.05787396340279591,6790.238261353869,4974162.582516595,39.09472933010242,8.885165756841458
3.82,std,0,7844725677177.934,0.007844725677177934,37,10,0.2702702702702703,1.0,100000000000000.0,35.71625641777973,0.0575634120478575,6783.6532560297765,4948718.7156405095,38.64852594867429,10.445547553695755
3.83,std,0,7877311809656.8125,0.007877311809656812,57,10,0.17543859649122806,1.0,100000000000000.0,36.3037631347928,0.057254764754740534,6777.057346566641,4923455.424194368,38.20786768478841,6.703134681541826
3.84,std,0,7909932689367.452,0.007909932689367452,55,10,0.18181818181818182,1.0,100000000000000.0,34.04753707780689,0.056948012687991136,6770.450808234161,4898371.077789676,37.772683349920214,6.867760609076403
3.8499999999999996,std,0,7942588206752.253,0.007942588206752253,65,10,0.15384615384615385,1.0,100000000000000.0,50.50182923942037,0.056643146931074334,6763.83391273365,4873464.063811505,37.342902612222574,5.745061940341935
3.86,std,0,7975278252826.11,0.00797527825282611,59,10,0.1694915254237288,1.0,100000000000000.0,37.94306101833803,0.056340158490925135,6757.206928293612,4848732.787193777,36.918455989950715,6.257365422025544
3.8699999999999997,std,0,8008002719172.31,0.00800800271917231,67,10,0.14925373134328357,1.0,100000000000000.0,48.94452560994626,0.05603903830236975,6750.570119678458,4824175.670194775,36.499274844285196,5.447652961833611
3.88,std,0,8040761497938.438,0.00804076149793844,59,10,0.1694915254237288,1.0,100000000000000.0,51.3852779845251,0.05573977723241955,6743.923748257915,4799791.152178878,36.08529137243123,6.116151080073089
3.8899999999999997,std,0,8073554481832.3545,0.008073554481832354,67,10,0.14925373134328357,1.0,100000000000000.0,40.653485495052095,0.05544236608444147,6737.268072017924,4775577.689400512,35.67643860031621,5.324841582136747
3.9,std,0,8106381564118.185,0.008106381564118184,34,10,0.29411764705882354,1.0,100000000000000.0,52.36191674666436,0.0551467956022065,6730.603345625324,4751533.754790982,35.27265037550869,10.374308933973145
3.9099999999999997,std,0,8139242638612.339,0.008139242638612338,34,10,0.29411764705882354,1.0,100000000000000.0,41.869991493948376,0.0548530564738208,6723.929820479452,4727657.837746424,34.873861359986215,10.25701804705477
3.92,std,0,8172137599679.609,0.00817213759967961,72,10,0.1388888888888889,1.0,100000000000000.0,38.29847649491396,0.054561139335540465,6717.247744707778,4703948.4439248545,34.48000702260211,4.788889864250293
3.9299999999999997,std,0,8205066342229.237,0.008205066342229237,63,10,0.15873015873015872,1.0,100000000000000.0,56.16149550888745,0.054271034775474035,6710.557363261118,4680404.095037893,34.09102363196232,5.411273592374972
3.94,std,0,8238028761711.089,0.00823802876171109,55,10,0.18181818181818182,1.0,100000000000000.0,38.41677559251182,0.05398273333717482,6703.858917915442,4657023.328652699,33.70684824882619,6.128517863422944
3.9499999999999997,std,0,8271024754111.797,0.008271024754111797,50,10,0.2,1.0,100000000000000.0,55.27942947724775,0.053696225523125696,6697.152647325299,4633804.697992794,33.32741871870939,6.665483743741878
3.96,std,0,8304054215950.965,0.008304054215950965,54,10,0.18518518518518517,1.0,100000000000000.0,46.606327954507435,0.05341150179811911,6690.438787052154,4610746.771740449,32.9526736643185,6.102346974873797
3.9699999999999998,std,0,8337117044277.418,0.008337117044277418,51,10,0.19607843137254902,1.0,100000000000000.0,33.70692576280785,0.05312855259253501,6683.71756962217,4587848.13384705,32.58255247814372,6.38873578002818
3.98,std,0,8370213136665.478,0.008370213136665477,45,10,0.2222222222222222,1.0,100000000000000.0,39.01105681261753,0.05284736830551836,6676.989224550188,4565107.3833417045,32.2169953148284,7.159332292184089
3.9899999999999998,std,0,8403342391211.237,0.008403342391211238,33,10,0.30303030303030304,1.0,100000000000000.0,36.06054880206263,0.05256793930805998,6670.2539783648,4542523.13414405,31.85594308354314,9.653316085922164
4.0,std,0,8436504706528.944,0.008436504706528944,49,10,0.20408163265306123,1.0,100000000000000.0,43.73812973530062,0.05229025594598198,6663.51205467485,4520094.014880405,31.499337440551987,6.428436212357548
4.01,std,0,8469699981747.319,0.00846969998174732,54,10,0.18518518518518517,1.0,100000000000000.0,40.48772929629048,0.052014308542830644,6656.763674188694,4497818.66870036,31.14712078152657,5.767985329912327
4.02,std,0,8502928116505.997,0.008502928116505997,50,10,0.2,1.0,100000000000000.0,40.640883310515456,0.051740087402679,6650.009054729817,4475695.7530969195,30.799236233852433,6.159847246770487
4.03,std,0,8536189010951.932,0.008536189010951932,51,10,0.19607843137254902,1.0,100000000000000.0,56.30911588354418,0.05146758281284127,6643.248411324781,4453723.939732424,30.45562764929596,5.971691695940384
4.04,std,0,8569482565735.861,0.00856948256573586,68,10,0.14705882352941177,1.0,100000000000000.0,47.25699780833078,0.05119678504650158,6636.481956181779,4431901.9142613495,30.116239596126153,4.428858764136199
4.05,std,0,8602808682008.84,0.00860280868200884,63,10,0.15873015873015872,1.0,100000000000000.0,34.66666904795421,0.05092768436525858,6629.709898761863,4410228.376158676,29.78101735169854,4.72714561138072
4.06,std,0,8636167261418.6875,0.008636167261418687,52,10,0.19230769230769232,1.0,100000000000000.0,36.76272228080612,0.05066027102158882,6622.932445793107,4388702.038552683,29.44990689480083,5.663443633615544
4.07,std,0,8669558206106.614,0.008669558206106613,67,10,0.14925373134328357,1.0,100000000000000.0,49.24706306141199,0.05039453526123035,6616.1498013240325,4367321.6280537555,29.12285489814888,4.346694760917743
4.08,std,0,8702981418703.755,0.008702981418703754,32,10,0.3125,1.0,100000000000000.0,38.1849879271953,0.05013046732548883,6609.362166732326,4346085.884590511,28.799808720735147,8.999940225229734
4.09,std,0,8736436802327.844,0.008736436802327843,39,10,0.2564102564102564,1.0,100000000000000.0,39.53844102968981,0.049868057453468215,6602.569740772439,4324993.5612532655,28.48071640040577,7.302747794975837
4.1,std,0,8769924260579.766,0.008769924260579766,61,10,0.16393442622950818,1.0,100000000000000.0,26.640408123355172,0.04960729588422757,6595.772719604301,4304043.424121051,28.165526646253277,4.617299450205455
4.109999999999999,std,0,8803443697540.332,0.008803443697540332,36,10,0.2777777777777778,1.0,100000000000000.0,50.06935650650714,0.04934817285886632,6588.971296838736,4283234.252119073,27.854188831294575,7.737274675359605
4.12,std,0,8836995017766.89,0.00883699501776689,41,10,0.24390243902439024,1.0,100000000000000.0,49.654752544072004,0.04909067862253967,6582.1656635411,4262564.836847282,27.546652984795458,6.7186958499501115
4.13,std,0,8870578126290.105,0.008870578126290106,52,10,0.19230769230769232,1.0,100000000000000.0,49.96076818198911,0.04883480342640599,6575.356008276703,4242033.982438276,27.242869784985672,5.239013420189552
4.14,std,0,8904192928610.71,0.008904192928610711,104,10,0.09615384615384616,1.0,100000000000000.0,46.85796004357077,0.04858053752950762,6568.542517158407,4221640.505400525,26.942790551703343,2.590652937663783
4.1499999999999995,std,0,8937839330696.275,0.008937839330696275,39,10,0.2564102564102564,1.0,100000000000000.0,43.271305185891364,0.04832787120058748,6561.725373846633,4201383.234468503,26.646367238910237,6.832401856130829
4.16,std,0,8971517238978.033,0.008971517238978034,43,10,0.23255813953488372,1.0,100000000000000.0,37.62592961780706,0.04807679471984265,6554.9047595965985,4181261.010457904,26.35355242746203,6.128733122665588
4.17,std,0,9005226560347.713,0.009005226560347713,59,10,0.1694915254237288,1.0,100000000000000.0,47.84863167379876,0.04782729838061681,6548.080853289199,4161272.6861168793,26.064299317811358,4.417677850476501
4.18,std,0,9038967202154.402,0.009038967202154403,53,10,0.18867924528301888,1.0,100000000000000.0,37.31678918572974,0.0475793724910331,6541.253831454635,4141417.125983926,25.77856172275393,4.863879570330931
4.1899999999999995,std,0,9072739072201.469,0.009072739072201469,54,10,0.18518518518518517,1.0,100000000000000.0,47.18934258879661,0.04733300737556878,6534.423868295299,4121693.2062488887,25.496294060223764,4.721535937078475
4.2,std,0,9106542078743.434,0.009106542078743434,34,10,0.29411764705882354,1.0,100000000000000.0,34.69154323589464,0.04708819337657378,6527.591135730114,4102099.814607074,25.217451346163436,7.416897454753952
4.21,std,0,9140376130482.953,0.009140376130482953,51,10,0.19607843137254902,1.0,100000000000000.0,33.86103476574427,0.04684492085573398,6520.755803409788,4082635.850129579,24.941989187415253,4.890586115179461
4.22,std,0,9174241136567.777,0.009174241136567778,42,10,0.23809523809523808,1.0,100000000000000.0,30.410350238314276,0.046603180195481396,6513.91803875425,4063300.22312007,24.66986377465248,5.873777089202971
4.2299999999999995,std,0,9208137006587.762,0.009208137006587762,99,10,0.10101010101010101,1.0,100000000000000.0,46.4425462072942,0.0463629618003518,6507.078006961001,4044091.8549862206,24.401031875327842,2.46475069447756
4.24,std,0,9242063650571.855,0.009242063650571855,46,10,0.21739130434782608,1.0,100000000000000.0,41.467040193171265,0.046124256098292224,6500.235871059623,4025009.6781047075,24.13545082679805,5.246837136260445
4.25,std,0,9276020978985.195,0.009276020978985196,36,10,0.2777777777777778,1.0,100000000000000.0,38.225197700425284,0.04588705354191895,6493.391791919411,4006052.635690871,23.873078529339786,6.631410702594385
4.26,std,0,9310008902726.135,0.009310008902726135,60,10,0.16666666666666666,1.0,100000000000000.0,41.213129730740285,0.04565134460972769,6486.545928278808,3987219.681670151,23.61387343930249,3.935645573217082
4.27,std,0,9344027333123.385,0.009344027333123384,75,10,0.13333333333333333,1.0,100000000000000.0,29.810822927739395,0.04541711980725716,6479.698436774107,3968509.7805564064,23.357794562342345,3.114372608312313
4.28,std,0,9378076181933.117,0.009378076181933117,55,10,0.18181818181818182,1.0,100000000000000.0,29.98603125343263,0.0451843696682072,6472.84947196889,3949921.907314913,23.104801446612484,4.200872990293179
4.29,std,0,9412155361336.086,0.009412155361336086,53,10,0.18867924528301888,1.0,100000000000000.0,27.80725073194734,0.04495308475551311,6465.999186363835,3931455.0472522303,22.854854176088228,4.312236636997779
4.3,std,0,9446264783934.824,0.009446264783934824,43,10,0.23255813953488372,1.0,100000000000000.0,29.77729929581459,0.04472325566237682,6459.147730449774,3913108.1958865277,22.60791336397797,5.2576542706925515
4.31,std,0,9480404362750.857,0.009480404362750857,70,10,0.14285714285714285,1.0,100000000000000.0,33.971216353288426,0.044494873013256726,6452.295252703327,3894880.358826569,22.363940146028966,3.194848592289852
4.32,std,0,9514574011221.88,0.00951457401122188,67,10,0.14925373134328357,1.0,100000000000000.0,39.73764653496813,0.044267927464816684,6445.441899617794,3876770.551660913,22.122896174067158,3.3019248020995757
4.33,std,0,9548773643199.03,0.009548773643199029,67,10,0.14925373134328357,1.0,100000000000000.0,37.20807317428843,0.04404240970683595,6438.587815756567,3858777.7998315697,21.88474360957224,3.266379643219737
4.34,std,0,9583003172944.11,0.00958300317294411,57,10,0.17543859649122806,1.0,100000000000000.0,37.26617307069765,0.04381831046308065,6431.733143726245,3840901.138524533,21.649445117123918,3.7981482661620904
4.35,std,0,9617262515126.922,0.009617262515126922,33,10,0.30303030303030304,1.0,100000000000000.0,57.4738394607535,0.043595620492138186,6424.878024248944,3823139.612554538,21.416963858206334,6.489989047941314
4.36,std,0,9651551584822.56,0.00965155158482256,48,10,0.20833333333333334,1.0,100000000000000.0,43.25434991863075,0.04337433058821551,6418.022596145944,3805492.276251821,21.187263484773133,4.414013225994403
4.37,std,0,9685870297508.717,0.009685870297508717,49,10,0.20408163265306123,1.0,100000000000000.0,49.60233877511813,0.0431544315819022,6411.166996393285,3787958.1933524255,20.960308133127466,4.277613904719891
4.38,std,0,9720218569063.084,0.009720218569063084,57,10,0.17543859649122806,1.0,100000000000000.0,40.382420471458985,0.042935914340899516,6404.3113601225,3770536.4368874063,20.73606241766421,3.6379056873095106
4.39,std,0,9754596315760.688,0.009754596315760687,80,10,0.125,1.0,100000000000000.0,27.764695102315766,0.04271876977071631,6397.455820654767,3753226.089076467,20.514491424801264,2.564311428100158
4.3999999999999995,std,0,9789003454271.303,0.009789003454271302,42,10,0.23809523809523808,1.0,100000000000000.0,35.893893272558856,0.0425029888153329,6390.600509511081,3736026.2412209357,20.295560706881858,4.832276358781394
4.41,std,0,9823439901656.857,0.009823439901656857,90,10,0.1111111111111111,1.0,100000000000000.0,33.13812056011626,0.04228856245783335,6383.745556453325,3718935.9935974055,20.079236276233623,2.231026252914847
4.42,std,0,9857905575368.906,0.009857905575368905,49,10,0.20408163265306123,1.0,100000000000000.0,41.131414284231624,0.042075481721007855,6376.891089480991,3701954.455356704,19.865484599169015,4.054180530442657
4.43,std,0,9892400393246.053,0.009892400393246053,48,10,0.20833333333333334,1.0,100000000000000.0,42.08861894323743,0.041863737667925324,6370.037234866068,3685080.744418201,19.654272590136785,4.094640122945163
4.4399999999999995,std,0,9926924273511.47,0.00992692427351147,63,10,0.15873015873015872,1.0,100000000000000.0,41.837135866059455,0.041653321402477496,6363.184117195922,3668313.9873721073,19.445567605992903,3.086598032697286
4.45,std,0,9961477134770.35,0.00996147713477035,71,10,0.14084507042253522,1.0,100000000000000.0,31.07041297014401,0.041444224069895445,6356.331859341679,3651653.319377335,19.239337440072934,2.7097658366299906
4.46,std,0,9996058896007.49,0.00999605889600749,44,10,0.22727272727272727,1.0,100000000000000.0,40.132330220161876,0.041236436857238865,6349.480582521819,3635097.884063798,19.035550316637437,4.326261435599418
4.47,std,0,10030669476584.785,0.010030669476584785,50,10,0.2,1.0,100000000000000.0,35.50269207887574,0.04102995099385941,6342.6304063181615,3618646.833436934,18.834174885234802,3.7668349770469605
4.4799999999999995,std,0,10065308796238.822,0.010065308796238822,57,10,0.17543859649122806,1.0,100000000000000.0,40.403205610753375,0.04082475775183858,6335.781448668239,3602299.327779113,18.63518021503409,3.2693298622866824
4.49,std,0,10099976775078.44,0.010099976775078439,49,10,0.20408163265306123,1.0,100000000000000.0,35.32508587960973,0.04062084844640118,6328.933825921252,3586054.5355572705,18.438535789435253,3.7629664876398476
4.5,std,0,10134673333582.363,0.010134673333582363,47,10,0.2127659574468085,1.0,100000000000000.0,41.982724631236856,0.04041821443630461,6322.087652827899,3569911.633328093,18.244211500524496,3.8817471277711695
4.51,std,0,10169398392596.781,0.010169398392596781,55,10,0.18181818181818182,1.0,100000000000000.0,35.19121592189459,0.04021684712420523,6315.243042579618,3553869.805647869,18.052177643754817,3.2822141170463306
4.52,std,0,10204151873333.035,0.010204151873333036,77,10,0.12987012987012986,1.0,100000000000000.0,36.767041586009256,0.04001673795700224,6308.400106815132,3537928.2449801154,17.86240491257406,2.3197928457888386
4.53,std,0,10238933697365.252,0.010238933697365253,70,10,0.14285714285714285,1.0,100000000000000.0,36.58580888304622,0.03981787842615967,6301.55895564261,3522086.15160432,17.67486439315943,2.5249806275942044
4.54,std,0,10273743786628.033,0.010273743786628034,69,10,0.14492753623188406,1.0,100000000000000.0,34.99177370156966,0.03962026006800758,6294.719697670555,3506342.7335315645,17.489527559265188,2.5347141390239405
4.55,std,0,10308582063414.143,0.010308582063414142,69,10,0.14492753623188406,1.0,100000000000000.0,36.1405282477699,0.0394238744640223,6287.882439997997,3490697.2064130404,17.3063662669748,2.5081690241992463
4.56,std,0,10343448450372.248,0.010343448450372248,60,10,0.16666666666666666,1.0,100000000000000.0,41.61347967612336,0.03922871324108732,6281.047288263179,3475148.7934561176,17.125352749709677,2.854225458284946
4.57,std,0,10378342870504.607,0.010378342870504608,60,10,0.16666666666666666,1.0,100000000000000.0,41.34882668363919,0.03903476807173469,6274.214346644293,3459696.7253384124,16.946459613147475,2.824409935524579
4.58,std,0,10413265247164.902,0.010413265247164903,41,10,0.24390243902439024,1.0,100000000000000.0,38.50348264363023,0.03884203067436807,6267.3837178776375,3444340.2401227453,16.769659830248486,4.090160934206947
4.59,std,0,10448215504055.934,0.010448215504055934,99,10,0.10101010101010101,1.0,100000000000000.0,37.04656000495949,0.0386504928134673,6260.55550327943,3429078.583176759,16.594926736367974,1.6762552258957548
4.6,std,0,10483193565227.434,0.010483193565227434,54,10,0.18518518518518517,1.0,100000000000000.0,23.181774695382828,0.038460146299776024,6253.729802766151,3413911.0070874332,16.422234024392928,3.0411544489616533
4.61,std,0,10518199355073.91,0.01051819935507391,70,10,0.14285714285714285,1.0,100000000000000.0,48.75735030856229,0.03827098299047199,6246.906714862541,3398836.7715838132,16.251555739939345,2.321650819991335
4.62,std,0,10553232798332.414,0.010553232798332413,57,10,0.17543859649122806,1.0,100000000000000.0,38.98274047055275,0.038082994789321374,6240.086336723764,3383855.1434541843,16.082866276613718,2.8215554871252135
4.63,std,0,10588293820080.412,0.010588293820080412,73,10,0.136986301369863,1.0,100000000000000.0,37.9041273400227,0.03789617364681675,6233.268764150309,3368965.396468138,15.916140371331439,2.1802932015522516
4.64,std,0,10623382345733.664,0.010623382345733665,82,10,0.12195121951219512,1.0,100000000000000.0,28.290846682399298,0.03771051156030021,6226.454091606156,3354166.8113015178,15.751353099709936,1.9208967194768214
4.6499999999999995,std,0,10658498301044.066,0.010658498301044067,45,10,0.2222222222222222,1.0,100000000000000.0,56.851050703199704,0.03752600057407135,6219.64241223949,3339458.6754533774,15.588479871482303,3.4641066381071783
4.66,std,0,10693641612097.55,0.01069364161209755,62,10,0.16129032258064516,1.0,100000000000000.0,34.52540955693045,0.03734263277948092,6212.833817880521,3324840.2831766997,15.427496425970421,2.4883058751565197
4.67,std,0,10728812205311.994,0.010728812205311994,77,10,0.12987012987012986,1.0,100000000000000.0,29.211603628617734,0.037160400315010805,6206.028399083273,3310310.935399574,15.268378827675338,1.9829063412565373
4.68,std,0,10764010007435.19,0.010764010007435189,38,10,0.2631578947368421,1.0,100000000000000.0,33.78935463419088,0.036979295366340204,6199.226245125583,3295869.9396521407,15.111103461840477,3.9766061741685466
4.6899999999999995,std,0,10799234945542.71,0.010799234945542711,99,10,0.10101010101010101,1.0,100000000000000.0,33.560103529056185,0.03679931016639911,6192.4274440091,3281516.609994206,14.955647030071027,1.5106714171788915
4.7,std,0,10834486947035.934,0.010834486947035933,35,10,0.2857142857142857,1.0,100000000000000.0,28.435379088076182,0.036620436995409095,6185.632082526151,3267250.26694219,14.80198654616274,4.229139013189354
4.71,std,0,10869765939639.99,0.01086976593963999,48,10,0.20833333333333334,1.0,100000000000000.0,53.45556778280839,0.03644266818091213,6178.840246204137,3253070.2373980703,14.650099331692996,3.052104027436041
4.72,std,0,10905071851401.754,0.010905071851401753,61,10,0.16393442622950818,1.0,100000000000000.0,38.78889414980356,0.03626599609778732,6172.052019384392,3238975.8545814385,14.499963012000688,2.377043116721424
4.7299999999999995,std,0,10940404610687.842,0.010940404610687841,62,10,0.16129032258064516,1.0,100000000000000.0,32.48896539835962,0.03609041316825672,6165.26748519384,3224966.457955114,14.35155551192875,2.314767018053024
4.74,std,0,10975764146182.69,0.01097576414618269,39,10,0.2564102564102564,1.0,100000000000000.0,22.783743458864038,0.03591591186187994,6158.486725587504,3211041.393161196,14.204855051831691,3.6422705261106896
4.75,std,0,11011150386886.496,0.011011150386886496,50,10,0.2,1.0,100000000000000.0,40.6379085199364,0.035742484695538375,6151.709821332888,3197200.011952672,14.059840143475153,2.8119680286950306
4.76,std,0,11046563262113.354,0.011046563262113354,62,10,0.16129032258064516,1.0,100000000000000.0,28.934673220326534,0.035570124233408995,6144.936852060846,3183441.672123255,13.916489586130337,2.2445950945371513
4.77,std,0,11082002701489.322,0.011082002701489322,49,10,0.20408163265306123,1.0,100000000000000.0,40.98571034139176,0.03539882308692853,6138.167896248138,3169765.737445429,13.774782462594752,2.811180094407092
4.78,std,0,11117468634950.428,0.011117468634950427,59,10,0.1694915254237288,1.0,100000000000000.0,37.46703151055852,0.03522857391474806,6131.403031243963,3156171.577604061,13.63469813534225,2.3109657856512285
4.79,std,0,11152960992740.85,0.01115296099274085,72,10,0.1388888888888889,1.0,100000000000000.0,24.80195603986112,0.0350593694226785,6124.642333293573,3142658.568130008,13.496216242712274,1.8744744781544826
4.8,std,0,11188479705410.996,0.011188479705410996,76,10,0.13157894736842105,1.0,100000000000000.0,30.51462419590494,0.034891202363627125,6117.885877521197,3129226.0903392765,13.359316695079642,1.7578048282999528
4.81,std,0,11224024703815.648,0.011224024703815649,42,10,0.23809523809523808,1.0,100000000000000.0,29.078378975987313,0.034724065537525745,6111.13373798527,3115873.5312690753,13.223979671217096,3.1485665883850227
4.82,std,0,11259595919112.076,0.011259595919112075,62,10,0.16129032258064516,1.0,100000000000000.0,43.64944484767263,0.03455795179125056,6104.385987658457,3102600.2836156418,13.090185614544936,2.1113202604104733
4.83,std,0,11295193282758.223,0.011295193282758223,26,10,0.38461538461538464,1.0,100000000000000.0,32.291102951503824,0.03439285401853435,6097.642698445813,3089405.7456736234,12.957915229517594,4.983813549814459
4.84,std,0,11330816726510.857,0.011330816726510857,61,10,0.16393442622950818,1.0,100000000000000.0,32.979758806373766,0.034228765159870625,6090.9039412120355,3076289.321274794,12.827149478070561,2.102811389847633
4.85,std,0,11366466182423.76,0.01136646618242376,49,10,0.20408163265306123,1.0,100000000000000.0,33.33825234475697,0.034065678202410896,6084.169785788742,3063250.419728769,12.697869576076988,2.591401954301426
4.86,std,0,11402141582845.963,0.011402141582845964,54,10,0.18518518518518517,1.0,100000000000000.0,36.88207433926708,0.03390358617985464,6077.440300975186,3050288.455764161,12.570056989836965,2.32778833145129
4.87,std,0,11437842860419.902,0.011437842860419902,52,10,0.19230769230769232,1.0,100000000000000.0,33.55557624581143,0.033742482172332715,6070.715554558977,3037402.8494712934,12.443693432659195,2.393017967819076
4.88,std,0,11473569948079.676,0.011473569948079675,141,10,0.07092198581560284,1.0,100000000000000.0,29.92933272145235,0.03358235930628393,6063.995613338967,3024593.026241584,12.318760861475328,0.8736709830833567
4.89,std,0,11509322779049.29,0.01150932277904929,38,10,0.2631578947368421,1.0,100000000000000.0,21.697373312175227,0.03342321075432565,6057.280543112541,3011858.4167142524,12.195241473454402,3.209274071961685
4.8999999999999995,std,0,11545101286840.898,0.011545101286840899,84,10,0.11904761904761904,1.0,100000000000000.0,34.064958694038296,0.03326502973511832,6050.570408706492,2999198.4567176998,12.07311770272716,1.4372759169913285
4.91,std,0,11580905405253.082,0.011580905405253082,37,10,0.2702702702702703,1.0,100000000000000.0,39.44119288209005,0.033107809513224104,6043.865273994114,2986612.5872155535,11.952372217141813,3.2303708694977873
4.92,std,0,11616735068369.11,0.011616735068369109,57,10,0.17543859649122806,1.0,100000000000000.0,35.988807174944625,0.032951543398960184,6037.165201885743,2974100.254251155,11.832987915002215,2.075962792105652
4.93,std,0,11652590210555.277,0.011652590210555277,71,10,0.14084507042253522,1.0,100000000000000.0,30.384041878292795,0.032796224748246505,6030.470254348019,2961660.908893382,11.714947921910246,1.6499926650577812
4.9399999999999995,std,0,11688470766459.15,0.01168847076645915,70,10,0.14285714285714285,1.0,100000000000000.0,45.20100075871165,0.03264184696244863,6023.780492428236,2949294.0071838005,11.598235587662874,1.6568907982375534
4.95,std,0,11724376671007.936,0.011724376671007935,49,10,0.20408163265306123,1.0,100000000000000.0,33.261168364756834,0.03248840348821557,6017.095976252158,2936999.0100829303,11.482834483133686,2.343435608802793
4.96,std,0,11760307859406.787,0.011760307859406786,43,10,0.23255813953488372,1.0,100000000000000.0,30.888808311889854,0.03233588781731316,6010.41676503383,2924775.38341962,11.368728397230306,2.6438903249372805
4.97,std,0,11796264267137.158,0.011796264267137159,37,10,0.2702702702702703,1.0,100000000000000.0,43.68609791268101,0.032184293486452624,6003.7429170973855,2912622.597837311,11.255901333901162,3.042135495648963
4.9799999999999995,std,0,11832245829955.174,0.011832245829955174,66,10,0.15151515151515152,1.0,100000000000000.0,47.0644577412706,0.03203361407711513,5997.074489875949,2900540.12874541,11.144337509157332,1.6885359862359595
4.99,std,0,11868252483889.97,0.01186825248388997,102,10,0.09803921568627451,1.0,100000000000000.0,42.682167130976154,0.03188384321537219,5990.411539935626,2888527.4562673313,11.034021348166894,1.0817667988398916
