z,luminosity_function,alpha_intrinsic,L_min_Jy_kpc2,L_min_over_L_star,n_generated,n_detected,detection_rate_10_per_n,N_ratio_detectable_L,mean_detected_L,mean_SNR,SFR_psi,comoving_volume_Mpc3,time_Gyr,nfrb_sfr_base,n_total_population_scaled
0.01,std,0,10000000000.0,1e-05,11,10,0.9090909090909091,1.0,100000000000000.0,7953150.791173605,0.015366633837018974,0.514340688697631,137678720.05218962,0.02176338477443934,0.019784895249490307
0.02,std,0,10000000000.0,1e-05,13,10,0.7692307692307693,1.0,100000000000000.0,2138061.34869306,0.015778461234561884,1.9223232318610708,135706863.92550436,0.08232331907673578,0.06332563005902753
0.03,std,0,10000000000.0,1e-05,13,10,0.7692307692307693,1.0,100000000000000.0,525086.7697858469,0.016197006898133106,4.238069895242158,133769703.76805276,0.18364987753015508,0.14126913656165777
0.04,std,0,10000000000.0,1e-05,12,10,0.8333333333333334,1.0,100000000000000.0,568150.0707329635,0.0166223021408091,7.435784731888567,131866423.28089881,0.3259734303572605,0.2716445252977171
0.05,std,0,10000000000.0,1e-05,10,10,1.0,1.0,100000000000000.0,56592.57200803886,0.01705437728000787,11.489757749400722,129996236.70924087,0.5094569767504274,0.5094569767504274
0.060000000000000005,std,0,10000000000.0,1e-05,15,10,0.6666666666666666,1.0,100000000000000.0,246763.04170969338,0.017493261604641853,16.374388564100826,128158387.20751494,0.7341975179538374,0.4894650119692249
0.06999999999999999,std,0,10000000000.0,1e-05,13,10,0.7692307692307693,1.0,100000000000000.0,81266.56169369101,0.017938983341287663,22.06420927027382,126352145.30294725,1.0002275449988356,0.7694058038452581
0.08,std,0,10000000000.0,1e-05,11,10,0.9090909090909091,1.0,100000000000000.0,47319.3041135901,0.018391569619367408,28.53390649242645,124576807.45144194,1.3075166315415738,1.1886514832196124
0.09,std,0,10000000000.0,1e-05,18,10,0.5555555555555556,1.0,100000000000000.0,47885.75115993637,0.018851046435337065,35.758342592189535,122831694.67989907,1.6559731222435692,0.919985067913094
0.09999999999999999,std,0,10000000000.0,1e-05,10,10,1.0,1.0,100000000000000.0,76826.44680261814,0.019317438615878545,43.71257600597087,121116151.30983643,2.04544590721878,2.04544590721878
0.11,std,0,10000000000.0,1e-05,16,10,0.625,1.0,100000000000000.0,35496.334937575346,0.019790769780093035,52.37188069269148,119429543.75708403,2.4757262731386707,1.5473289207116692
0.12,std,0,10000000000.0,1e-05,17,10,0.5882352941176471,1.0,100000000000000.0,15664.621321913946,0.020271062300694323,61.711764675756896,117771259.40308331,2.9465498217824937,1.7332646010485258
0.13,std,0,10000000000.0,1e-05,10,10,1.0,1.0,100000000000000.0,46503.34246591983,0.02075833726420218,71.70798766573424,116140705.53330435,3.457598446935986,3.457598446935986
0.14,std,0,10000000000.0,1e-05,13,10,0.7692307692307693,1.0,100000000000000.0,29452.833902640596,0.021252614430137,82.33657775523307,114537308.33873443,4.008502360830175,3.08346335448475
0.15000000000000002,std,0,10000000000.0,1e-05,10,10,1.0,1.0,100000000000000.0,24355.848971530842,0.021753912189218152,93.57384717971745,112960511.97664525,4.598842161507323,4.598842161507323
0.16,std,0,10000000000.0,1e-05,12,10,0.8333333333333334,1.0,100000000000000.0,31457.43868412869,0.02226224752057046,105.39640714210805,111409777.68701176,5.228150932818921,4.356792444015768
0.17,std,0,10000000000.0,1e-05,13,10,0.7692307692307693,1.0,100000000000000.0,29996.176854743964,0.02277763594794393,117.78118170183502,109884582.96125181,5.89591636905231,4.535320283886393
0.18000000000000002,std,0,10000000000.0,1e-05,22,10,0.45454545454545453,1.0,100000000000000.0,5028.9375181934065,0.023300091494954225,130.70542073139123,108384420.7601139,6.6015829164790265,3.0007195074904667
0.19,std,0,10000000000.0,1e-05,15,10,0.6666666666666666,1.0,100000000000000.0,20037.579445809875,0.023829626639352574,144.14671194748226,106908798.77780546,7.344553924529153,4.896369283019435
0.2,std,0,10000000000.0,1e-05,14,10,0.7142857142857143,1.0,100000000000000.0,39205.777952050295,0.024366252266335785,158.0829920259003,105457238.74949963,8.124193799622258,5.802995571158756
0.21000000000000002,std,0,10000000000.0,1e-05,16,10,0.625,1.0,100000000000000.0,10288.717246374676,0.02490997762090884,172.49255681047762,104029275.79969656,8.939830155005843,5.587393846878652
0.22,std,0,10446741206.28379,1.044674120628379e-05,22,10,0.45454545454545453,1.0,100000000000000.0,7295.719694773315,0.025460810259314456,187.35407063125507,102624457.82893437,9.79075595045558,4.450343613843446
0.23,std,0,11453826685.2585,1.1453826685258499e-05,15,10,0.6666666666666666,1.0,100000000000000.0,8210.780260041389,0.026018755999546127,202.64657474666558,101242344.93655138,10.676231615961791,7.117487743974527
0.24000000000000002,std,0,12509517862.044275,1.2509517862044274e-05,12,10,0.8333333333333334,1.0,100000000000000.0,8650.773534335665,0.02658381887096318,218.34949492822483,99882508.87732875,11.595487154011016,9.662905961675847
0.25,std,0,13613996464.199156,1.3613996464199156e-05,11,10,0.9090909090909091,1.0,100000000000000.0,13467.626317436672,0.027156001063028613,234.44264820637653,98544532.5499974,12.547724215388659,11.407022013989689
0.26,std,0,14767428787.575161,1.4767428787575161e-05,18,10,0.5555555555555556,1.0,100000000000000.0,5493.631284084938,0.02773530287319293,250.9062487996288,97228009.51565525,13.532118143918932,7.517843413288296
0.27,std,0,15969966082.753155,1.5969966082753155e-05,11,10,0.9090909090909091,1.0,100000000000000.0,8990.21921722048,0.0283217226539493,267.720913247404,95932543.54423486,14.5478199857794,13.22529089616309
0.28,std,0,17221744940.443382,1.7221744940443383e-05,10,10,1.0,1.0,100000000000000.0,6189.745751526662,0.028915256759088154,284.8676647732623,94657748.18751705,15.593958459717934,15.593958459717934
0.29000000000000004,std,0,18522887675.419064,1.8522887675419064e-05,14,10,0.7142857142857143,1.0,100000000000000.0,3774.5571901578587,0.029515899489181725,302.3279369004286,93403246.37677355,16.669641884499633,11.906887060356881
0.3,std,0,19873502708.52288,1.987350270852288e-05,17,10,0.5882352941176471,1.0,100000000000000.0,4219.699902112434,0.03012364303633178,320.0835763455949,92168670.04385954,17.773960060538716,10.455270623846303
0.31,std,0,21273684946.341698,2.1273684946341698e-05,14,10,0.7142857142857143,1.0,100000000000000.0,1069.1687318909608,0.030738477428216556,338.1168452202668,90953659.76403436,18.905986103081233,13.504275787915166
0.32,std,0,22723516158.160805,2.2723516158160805e-05,17,10,0.5882352941176471,1.0,100000000000000.0,2579.883160328254,0.03136039047147566,356.4104225607721,89757864.41943079,20.064778224260632,11.802810720153314
0.33,std,0,24223065349.819077,2.4223065349819077e-05,18,10,0.5555555555555556,1.0,100000000000000.0,4753.081623352144,0.031989367694474906,374.94740522136675,88580940.88171776,21.249381462319345,11.805211923510749
0.34,std,0,25772389134.132298,2.5772389134132296e-05,13,10,0.7692307692307693,1.0,100000000000000.0,4787.203655212392,0.032625392289495694,393.7113081524708,87422553.71285346,22.45882935595564,17.27602258150434
0.35000000000000003,std,0,27371532097.559746,2.7371532097559745e-05,13,10,0.7692307692307693,1.0,100000000000000.0,6011.274960930102,0.03326844505439697,412.68606409464655,86282374.8828454,23.692145562525774,18.224727355789057
0.36000000000000004,std,0,29020527162.807133,2.9020527162807134e-05,17,10,0.5882352941176471,1.0,100000000000000.0,9033.52821959015,0.03391850433380093,431.8560227166819,85160083.50335014,24.948345418961157,14.67549730527127
0.37,std,0,30719395947.100887,3.071939594710089e-05,12,10,0.8333333333333334,1.0,100000000000000.0,3747.835310870236,0.03457554595985672,451.2059492233653,84055365.5762477,26.226437444439174,21.855364537032646
0.38,std,0,32468149115.867577,3.246814911586758e-05,18,10,0.5555555555555556,1.0,100000000000000.0,2075.0444260508007,0.035239543192639965,470.7210224650701,82967913.75619605,27.52542478444934,15.29190265802741
0.39,std,0,34266786731.589172,3.426678673158917e-05,16,10,0.625,1.0,100000000000000.0,3478.639771645178,0.03591046666024937,490.38683257200705,81897427.12626469,28.844306595629636,18.027691622268524
0.4,std,0,36115298597.617966,3.611529859761797e-05,17,10,0.5882352941176471,1.0,100000000000000.0,2188.153098171952,0.03658828429866464,510.18937814554135,80843610.98588744,30.182079371577846,17.754164336222264
0.41000000000000003,std,0,38013664596.753624,3.8013664596753624e-05,16,10,0.625,1.0,100000000000000.0,6527.442364987101,0.03727296129143468,530.1150630278584,79806176.65031886,31.53773820940546,19.711086380878413
0.42000000000000004,std,0,39961855024.41118,3.9961855024411176e-05,17,10,0.5882352941176471,1.0,100000000000000.0,5015.42757786298,0.037964460009266905,550.1506926838855,78784841.26087493,32.91027801778226,19.358987069283682
0.43,std,0,41959830916.21832,4.195983091621832e-05,16,10,0.625,1.0,100000000000000.0,1951.593261627949,0.038662739949594106,570.2834702153693,77779327.60525452,34.298694666604455,21.436684166627785
0.44,std,0,44007544369.90118,4.4007544369901174e-05,21,10,0.47619047619047616,1.0,100000000000000.0,1833.4930564432846,0.03936775767619714,590.500992035956,76789363.94735558,35.70198607917912,17.000945751990056
0.45,std,0,46104938861.34017,4.610493886134017e-05,25,10,0.4,1.0,100000000000000.0,3001.4999762794023,0.04007946675896711,610.7912432307511,75814683.86589663,37.11915326763587,14.84766130705435
0.46,std,0,48251949554.68827,4.825194955468827e-05,23,10,0.43478260869565216,1.0,100000000000000.0,4289.467039793286,0.04079781771389325,631.1425926271587,74855026.10136408,38.54920131272932,16.760522309882315
0.47000000000000003,std,0,50448503606.453514,5.044850360645351e-05,15,10,0.6666666666666666,1.0,100000000000000.0,2639.7688630775747,0.04152275794336715,651.5437875978291,73910134.4107027,39.99114028894857,26.66076019263238
0.48000000000000004,std,0,52694520463.482056,5.269452046348205e-05,20,10,0.5,1.0,100000000000000.0,2596.607479103555,0.04225423167689769,671.9839486198456,72979757.42922702,41.44398613621115,20.721993068105576
0.49,std,0,54989912154.7694,5.49899121547694e-05,12,10,0.8333333333333334,1.0,100000000000000.0,2724.658984099843,0.042992179912334685,692.4525636138782,72063648.53939462,42.90676147961742,35.75563456634785
0.5,std,0,57334583577.05615,5.7334583577056156e-05,15,10,0.6666666666666666,1.0,100000000000000.0,2291.3926182315113,0.04373654035770323,712.9394820811649,71161565.7458431,44.3784963983725,29.585664265581663
0.51,std,0,59728432774.16906,5.972843277416906e-05,24,10,0.4166666666666667,1.0,100000000000000.0,2724.3699505603445,0.04448724737375437,733.4349090646757,70273271.55644336,45.85822914580699,19.10759547741958
0.52,std,0,62171351210.09801,6.2171351210098e-05,13,10,0.7692307692307693,1.0,100000000000000.0,1308.5733933842266,0.04524423191734168,753.9293989470128,69398532.8688438,47.345006821518616,36.41923601655279
0.53,std,0,64663224035.76822,6.466322403576822e-05,16,10,0.625,1.0,100000000000000.0,2255.030484883346,0.04600742148573693,774.4138491109211,68537120.86228469,48.837885997752394,30.523678748595245
0.54,std,0,67203930349.54223,6.720393034954222e-05,14,10,0.7142857142857143,1.0,100000000000000.0,3263.3825423992093,0.046776740062001616,794.8794934770203,67688810.89416112,50.33593330132642,35.954238072376015
0.55,std,0,69793343451.4254,6.97933434514254e-05,22,10,0.45454545454545453,1.0,100000000000000.0,2906.56854691944,0.04755210806153499,815.3178959371337,66853382.401291125,51.838225953036,23.562829978652726
0.56,std,0,72431331091.02744,7.243133109102744e-05,18,10,0.5555555555555556,1.0,100000000000000.0,4046.337064708144,0.04833344227992233,835.7209436990191,66030618.80524841,53.343852265952464,29.635473481084702
0.5700000000000001,std,0,75117755709.27739,7.511775570927739e-05,13,10,0.7692307692307693,1.0,100000000000000.0,1310.3436644645353,0.049120655842211244,856.0808405611011,65220307.42184981,54.85191210478841,42.19377854214493
0.5800000000000001,std,0,77852474673.94635,7.785247467394635e-05,21,10,0.47619047619047616,1.0,100000000000000.0,1674.2337691669898,0.04991365815374634,876.3901001264531,64422239.37422575,56.36151730746497,26.83881776545951
0.59,std,0,80635340509.01524,8.063534050901525e-05,15,10,0.6666666666666666,1.0,100000000000000.0,2071.0936996659466,0.050712354852696435,896.6415389814598,63636209.50946025,57.87179207151045,38.5811947143403
0.6,std,0,83466201117.93866,8.346620111793866e-05,20,10,0.5,1.0,100000000000000.0,1661.7086521223737,0.051516647764411366,916.828269834048,62862016.318445235,59.381873305730345,29.690936652865172
0.61,std,0,86344900000.85693,8.634490000085693e-05,18,10,0.5555555555555556,1.0,100000000000000.0,2064.534712140324,0.05232643485774771,936.9436946500779,62099461.8588071,60.890910950589344,33.82828386143853
0.62,std,0,89271276465.83409,8.927127646583409e-05,14,10,0.7142857142857143,1.0,100000000000000.0,1114.7581531485941,0.05314161020350689,956.9814977696198,61348351.680681646,62.39806826703792,44.57004876216995
0.63,std,0,92245165834.16803,9.224516583416803e-05,17,10,0.5882352941176471,1.0,100000000000000.0,2341.5469111095113,0.05396206393512963,976.9356390431302,60608494.75515795,63.902522097322255,37.589718880777795
0.64,std,0,95266399639.86607,9.526639963986607e-05,17,10,0.5882352941176471,1.0,100000000000000.0,1539.5459830411899,0.054787682211795266,996.8003469776106,59879703.405252725,65.40346309814207,38.47262535184828
0.65,std,0,98334805823.35634,9.833480582335634e-05,17,10,0.5882352941176471,1.0,100000000000000.0,1960.2255581705947,0.055618347184074164,1016.5701119116175,59161793.23922499,66.90009594832874,39.35299761666396
0.66,std,0,101450208919.51802,0.00010145020891951802,23,10,0.43478260869565216,1.0,100000000000000.0,2208.2433558125854,0.056453936962285574,1036.239679230395,58454583.086089864,68.39163953277449,29.735495449032385
0.67,std,0,104612430240.10707,0.00010461243024010707,24,10,0.4166666666666667,1.0,100000000000000.0,975.1180879984888,0.05729432558771266,1055.8040426171447,57757894.933217816,69.8773271033596,29.11555295973317
0.68,std,0,107821288050.69199,0.00010782128805069199,16,10,0.625,1.0,100000000000000.0,3029.255029890246,0.05813938300682973,1075.2584373700215,57071553.86587637,71.35640641979279,44.597754012370494
0.6900000000000001,std,0,111076597742.16098,0.00011107659774216098,17,10,0.5882352941176471,1.0,100000000000000.0,2006.8495775775402,0.05898897504869533,1094.5983337653497,56395388.00860588,72.82813987006554,42.84008227650914
0.7000000000000001,std,0,114378171996.91924,0.00011437817199691924,20,10,0.5,1.0,100000000000000.0,1174.11424216782,0.059842963405668255,1113.819430499582,55729228.46830064,74.29180457361122,37.14590228680561
0.7100000000000001,std,0,117725820949.85773,0.00011772582094985772,19,10,0.5263157894736842,1.0,100000000000000.0,1011.5974459360252,0.06070120561760056,1132.91764819622,55072909.27894104,75.74669246726833,39.8666802459307
0.72,std,0,121119352344.20378,0.00012111935234420378,15,10,0.6666666666666666,1.0,100000000000000.0,1515.265944922841,0.061563555059664696,1151.8891229983492,54426267.3478233,77.19211037628075,51.4614069175205
0.73,std,0,124558571682.34853,0.00012455857168234852,28,10,0.35714285714285715,1.0,100000000000000.0,1052.5482019955514,0.062429860933968816,1170.730200236651,53789142.40325106,78.62738007063868,28.081207168085243
0.74,std,0,128043282371.74666,0.00012804328237174667,18,10,0.5555555555555556,1.0,100000000000000.0,550.2054926037077,0.06329996826511489,1189.4374281943908,53161376.94359302,80.05183830907323,44.473243505040685
0.75,std,0,131573285866.012,0.000131573285866012,17,10,0.5882352941176471,1.0,100000000000000.0,1093.7271080385044,0.06417371789985252,1208.007551960072,52542816.187593825,81.46483687089413,47.92049227699655
0.76,std,0,135148381801.28087,0.00013514838180128086,16,10,0.625,1.0,100000000000000.0,456.8531635260413,0.06505094651097904,1226.4375073770643,51933308.025967404,82.86574257728061,51.791089110800385
0.77,std,0,138768368127.97995,0.00013876836812797995,22,10,0.45454545454545453,1.0,100000000000000.0,2012.8791492309333,0.06593148660563516,1244.7244150957888,51332702.97407133,84.25393730301133,38.29724422864151
0.78,std,0,142433041238.08005,0.00014243304123808006,23,10,0.43478260869565216,1.0,100000000000000.0,1160.0394502173883,0.06681516653814157,1262.8655747244966,50740854.125752576,85.62881797937764,37.22992086059897
0.79,std,0,146142196087.94882,0.00014614219608794881,18,10,0.5555555555555556,1.0,100000000000000.0,1388.4358423475924,0.0677018105275198,1280.858459086414,50157617.108157024,86.98979658931648,48.32766477184249
0.8,std,0,149895626316.90826,0.00014989562631690826,15,10,0.6666666666666666,1.0,100000000000000.0,580.1815285812461,0.06859123867983588,1298.7007085879327,49582850.03763585,88.3363001561023,58.89086677073486
0.81,std,0,153693124361.59677,0.00015369312436159678,14,10,0.7142857142857143,1.0,100000000000000.0,2158.392269114585,0.06948326701550157,1316.3901256903935,49016413.47646635,89.66777072538405,64.0484076609886
0.8200000000000001,std,0,157534481566.24213,0.00015753448156624212,25,10,0.4,1.0,100000000000000.0,895.6719381744008,0.0703777075016633,1333.924669495057,48458170.39061373,90.98366534233263,36.39346613693305
0.8300000000000001,std,0,161419488288.94678,0.00016141948828894679,13,10,0.7692307692307693,1.0,100000000000000.0,1698.7643210705392,0.0712743680898028,1351.3024504409705,47907986.10823188,92.28345602404004,70.98727386464618
0.8400000000000001,std,0,165347934004.08804,0.00016534793400408803,15,10,0.6666666666666666,1.0,100000000000000.0,338.36037187801446,0.07217305275866856,1368.521725114327,47365728.279101126,93.56662972808031,62.37775315205354
0.85,std,0,169319607400.93756,0.00016931960740093757,21,10,0.47619047619047616,1.0,100000000000000.0,632.4459125294196,0.0730735615626498,1385.5808911697059,46831266.83476413,94.83268831742804,45.15842300829906
0.86,std,0,173334296478.59338,0.0001733342964785934,26,10,0.38461538461538464,1.0,100000000000000.0,1325.0285414387886,0.07397569068569808,1402.4784823699354,46304473.94949488,96.08114852302036,36.95428789346937
0.87,std,0,177391788637.33032,0.00017739178863733032,23,10,0.43478260869565216,1.0,100000000000000.0,1115.404621299157,0.07487923250089422,1419.213163733241,45785224.0019454,97.31154190342035,42.309366044965365
0.88,std,0,181491870766.46515,0.00018149187076646516,23,10,0.43478260869565216,1.0,100000000000000.0,1789.394237692925,0.07578397563574907,1435.7837268026678,45273393.53755888,98.52341480327902,42.83626730577349
0.89,std,0,185634329328.83112,0.0001856343293288311,20,10,0.5,1.0,100000000000000.0,992.1067117091104,0.07668970504331966,1452.189085019549,44768861.231587745,99.71632830947115,49.858164154735576
0.9,std,0,189818950441.95782,0.00018981895044195782,18,10,0.5555555555555556,1.0,100000000000000.0,1117.2801576036736,0.07759620207921059,1468.42826922072,44271507.85283817,100.88985820692567,56.04992122606982
0.91,std,0,194045519956.055,0.000194045519956055,20,10,0.5,1.0,100000000000000.0,2110.07305608007,0.07850324458452297,1484.5004232391132,43781216.22801512,102.04359493287018,51.02179746643509
0.92,std,0,198313823528.88358,0.00019831382352888358,22,10,0.45454545454545453,1.0,100000000000000.0,471.9850197583957,0.07941060697480082,1500.4047996233553,43297871.206686266,103.17714353093912,46.898701604972324
0.93,std,0,202623646697.6148,0.0002026236466976148,20,10,0.5,1.0,100000000000000.0,586.541617602577,0.08031806033501555,1516.1407554663026,42821359.6268634,104.2901236047641,52.14506180238205
0.9400000000000001,std,0,206974774947.7601,0.0002069747749477601,25,10,0.4,1.0,100000000000000.0,918.5974083994785,0.08122537252061583,1531.707748341027,42351570.28113079,105.3821692710499,42.15286770841996
0.9500000000000001,std,0,211366993779.25803,0.00021136699377925802,24,10,0.4166666666666667,1.0,100000000000000.0,593.1722766204676,0.08213230826466011,1547.1053323500034,41888393.88338472,106.4529291129248,44.35538713038534
0.9600000000000001,std,0,215800088769.81693,0.00021580008876981692,18,10,0.5555555555555556,1.0,100000000000000.0,1340.2782919376475,0.0830386292910345,1562.3331542803846,41431723.03608367,107.50206613303887,59.72337007391048
0.97,std,0,220273845635.57672,0.00022027384563557672,28,10,0.35714285714285715,1.0,100000000000000.0,632.2660899696797,0.08394409443374791,1577.3909498661667,40981452.198053606,108.52925770674518,38.76044918098042
0.98,std,0,224788050289.19257,0.00022478805028919256,21,10,0.47619047619047616,1.0,100000000000000.0,1187.9572126932333,0.08484845976228053,1592.278540153034,40537477.652815565,109.53419553513575,52.15914073101702
0.99,std,0,229342488895.40872,0.00022934248889540872,15,10,0.6666666666666666,1.0,100000000000000.0,633.8026070322887,0.08575147871295036,1606.9958279733269,40099697.47744613,110.51658559858822,73.67772373239214
1.0,std,0,233936947924.20718,0.0002339369479242072,14,10,0.7142857142857143,1.0,100000000000000.0,623.1217458837754,0.08665290222624604,1621.5427945110625,39668011.51188104,111.4761481092838,79.62582007805986
1.01,std,0,238571214201.6044,0.0002385712142016044,19,10,0.5263157894736842,1.0,100000000000000.0,547.1724951191084,0.08755247889006164,1635.9194959843692,39242321.32879002,112.41261746498301,59.164535507885795
1.02,std,0,243245074958.17862,0.00024324507495817861,15,10,0.6666666666666666,1.0,100000000000000.0,825.1178425386822,0.08844995508875261,1650.1260604085503,38822530.203856505,113.32574220110679,75.55049480073785
1.03,std,0,247958317875.39005,0.00024795831787539,27,10,0.37037037037037035,1.0,100000000000000.0,777.2134895517358,0.08934507515791797,1664.1626844692323,38408543.086599246,114.21528494353632,42.301957386494934
1.04,std,0,252710731129.784,0.000252710731129784,26,10,0.38461538461538464,1.0,100000000000000.0,330.3234529933731,0.09023758154479809,1678.02963048545,38000266.571585506,115.08102236030413,44.26193167704005
1.05,std,0,257502103435.12305,0.00025750210343512304,19,10,0.5263157894736842,1.0,100000000000000.0,973.1345412387867,0.09112721497416236,1691.7272234659372,37597608.87017283,115.92274511276142,61.01197111197969
1.06,std,0,262332224082.54025,0.0002623322240825403,24,10,0.4166666666666667,1.0,100000000000000.0,257.38138990051374,0.09201371461954395,1705.2558482572101,37200479.78263619,116.74025780564838,48.641774085686826
1.07,std,0,267200882978.7662,0.0002672008829787662,27,10,0.37037037037037035,1.0,100000000000000.0,565.4721722761244,0.09289681827966537,1718.6159467830153,36808790.67077036,117.53337893622898,43.53088108749221
1.08,std,0,272107870682.4982,0.0002721078706824982,19,10,0.5263157894736842,1.0,100000000000000.0,233.67379625167527,0.09377626255988103,1731.8080153697708,36422454.43092041,118.30194084189398,62.26417939047051
1.09,std,0,277052978438.97723,0.0002770529784389772,19,10,0.5263157894736842,1.0,100000000000000.0,431.6240273925315,0.09465178305844799,1744.832602158613,36041385.46742419,119.04578964611511,62.655678761113215
1.1,std,0,282035998212.8317,0.0002820359982128317,28,10,0.35714285714285715,1.0,100000000000000.0,587.6454394523987,0.09552311455742028,1757.6903045998604,35665499.66649557,119.76478520243928,42.773137572299746
1.11,std,0,287056722719.2523,0.00028705672271925233,29,10,0.3448275862068966,1.0,100000000000000.0,947.1337906392031,0.09638999121794681,1770.3817670343046,35294714.37049736,120.45880103652952,41.537517598803284
1.12,std,0,292114945453.54614,0.00029211494545354613,17,10,0.5882352941176471,1.0,100000000000000.0,353.605335890505,0.09725214677973788,1782.9076783460212,34928948.352648705,121.12772428521801,71.25160252071647
1.1300000000000001,std,0,297210460719.14136,0.00029721046071914134,29,10,0.3448275862068966,1.0,100000000000000.0,403.12123170458574,0.09810931476444977,1795.2687697042275,34568121.792101,121.77145563339954,41.99015711496536
1.1400000000000001,std,0,302343063654.0891,0.0003023430636540891,24,10,0.4166666666666667,1.0,100000000000000.0,705.4377361092232,0.09896122868272254,1807.465812372094,34212156.24944995,122.38990924733805,50.99579551972419
1.1500000000000001,std,0,307512550256.11475,0.0003075125502561147,23,10,0.43478260869565216,1.0,100000000000000.0,529.7450807184676,0.09980762224459194,1819.4996155958688,33860974.64260373,122.98301270486651,53.47087508907239
1.1600000000000001,std,0,312718717406.26984,0.00031271871740626983,20,10,0.5,1.0,100000000000000.0,865.5713739192081,0.10064822957298275,1831.3710245645866,33514501.22304822,123.55070692179898,61.77535346089949
1.17,std,0,317961362891.2536,0.00031796136289125363,22,10,0.45454545454545453,1.0,100000000000000.0,671.0055392092869,0.10148278541997709,1843.0809184394718,33172661.552509196,124.09294607434119,56.40588457924599
1.18,std,0,323240285424.41925,0.00032324028542441926,21,10,0.47619047619047616,1.0,100000000000000.0,501.94934162988704,0.1023110253855389,1854.630208454269,32835382.47995832,124.60969751723057,59.337951198681225
1.19,std,0,328555284665.5469,0.0003285552846655469,17,10,0.5882352941176471,1.0,100000000000000.0,431.6631512519674,0.10313268613836393,1866.019836082729,32502592.119014297,125.10094169738154,73.58878923375386
1.2,std,0,333906161239.4036,0.00033390616123940364,16,10,0.625,1.0,100000000000000.0,561.7524500654574,0.1039475056385125,1877.2507712689837,32174219.82570734,125.56667206248413,78.47917003905258
1.21,std,0,339292716753.15546,0.00033929271675315546,22,10,0.45454545454545453,1.0,100000000000000.0,373.5122439321677,0.1047552233614732,1888.3240107242646,31850196.176586464,126.00689496456286,57.27586134752857
1.22,std,0,344714753812.6584,0.0003447147538126584,21,10,0.47619047619047616,1.0,100000000000000.0,289.1453191076629,0.10555558052329424,1899.24057628198,31530452.947203357,126.42162955795122,60.20077597997677
1.23,std,0,350172076037.68115,0.00035017207603768114,15,10,0.6666666666666666,1.0,100000000000000.0,584.0089404845191,0.10634832030641155,1910.0015133193783,31214923.090939093,126.81090769197426,84.54060512798284
1.24,std,0,355664488076.09406,0.00035566448807609403,21,10,0.47619047619047616,1.0,100000000000000.0,577.7073064794408,0.10713318808579403,1920.6078892284613,30903540.718176357,127.17477379707248,60.559416093844035
1.25,std,0,361191795617.07007,0.0003611917956170701,24,10,0.4166666666666667,1.0,100000000000000.0,442.60612615674574,0.1079099316550206,1931.0607919505167,30596241.075822484,127.51328476524279,53.130535318851166
1.26,std,0,366753805403.3314,0.0003667538054033314,30,10,0.3333333333333333,1.0,100000000000000.0,697.0059611218389,0.10867830145189603,1941.3613285641443,30292960.52715669,127.82650982391758,42.60883660797252
1.27,std,0,372350325242.4759,0.0003723503252424759,21,10,0.47619047619047616,1.0,100000000000000.0,474.87759095997643,0.10943805078320944,1951.510623925983,29993636.532022804,128.11453040323934,61.00691923963778
1.28,std,0,377981164017.433,0.000377981164017433,20,10,0.5,1.0,100000000000000.0,675.0065337072297,0.11018893604823399,1961.5098193615975,29698207.62734887,128.3774399964248,64.1887199982124
1.29,std,0,383646131696.0602,0.00038364613169606016,24,10,0.4166666666666667,1.0,100000000000000.0,585.1487013562637,0.11093071696056572,1971.360071409713,29406613.407992665,128.61534401337926,53.58972667224136
1.3,std,0,389345039339.94293,0.00038934503933994296,22,10,0.45454545454545453,1.0,100000000000000.0,548.0692141679442,0.11166315676789583,1981.0625506145843,29118794.50790167,128.82835962713602,58.558345285061826
1.31,std,0,395077699112.39984,0.00039507769911239983,25,10,0.4,1.0,100000000000000.0,157.2320078064528,0.11238602246931209,1990.6184403659684,28834692.581594545,129.0166156131086,51.60664624524344
1.32,std,0,400843924285.75354,0.0004008439242857535,23,10,0.43478260869565216,1.0,100000000000000.0,695.1245115938007,0.11309908502972522,2000.0289357797562,28554250.285959702,129.18025218069587,56.16532703508516
1.33,std,0,406643529247.87463,0.00040664352924787463,24,10,0.4166666666666667,1.0,100000000000000.0,423.5152362151979,0.11380211959101888,2009.2952426333022,28277411.26235228,129.31942079809912,53.88309199920797
1.34,std,0,412476329508.0408,0.00041247632950804075,18,10,0.5555555555555556,1.0,100000000000000.0,854.5867140765658,0.11449490567952506,2018.418576332715,28004120.11900111,129.43428400897693,71.90793556054274
1.35,std,0,418342141702.1353,0.0004183421417021353,18,10,0.5555555555555556,1.0,100000000000000.0,346.66573738187697,0.11517722740943068,2027.4001609306083,27734322.413720313,129.5250152421859,71.95834180121439
1.36,std,0,424240783597.21344,0.0004242407835972134,23,10,0.43478260869565216,1.0,100000000000000.0,285.793224840978,0.11584887368172872,2036.2412281778147,27467964.636896268,129.59179861350134,56.34426026673971
1.37,std,0,430172074095.46545,0.00043017207409546543,28,10,0.35714285714285715,1.0,100000000000000.0,385.23720327548097,0.11650963837833293,2044.943016619478,27204994.194798715,129.63482872033023,46.298153114403654
1.3800000000000001,std,0,436135833237.58905,0.00043613583323758904,25,10,0.4,1.0,100000000000000.0,583.8585220218397,0.1171593205509839,2053.50677072355,26945359.393152125,129.65431042849332,51.86172417139733
1.3900000000000001,std,0,442131882205.6205,0.00044213188220562047,21,10,0.47619047619047616,1.0,100000000000000.0,196.77919478459404,0.11779772460458442,2061.9337400508944,26689009.4209975,129.65045865196365,61.73831364379221
1.4000000000000001,std,0,448160043325.2229,0.0004481600433252229,33,10,0.30303030303030304,1.0,100000000000000.0,234.30307451505524,0.11842466047461185,2070.225178456831,26435894.334847275,129.62349812511493,39.2798479167015
1.4100000000000001,std,0,454220140067.4687,0.00045422014006746866,24,10,0.4166666666666667,1.0,100000000000000.0,256.4919290075144,0.1190399437982678,2078.382343329495,26185965.04308979,129.5736631678174,53.989026319923916
1.42,std,0,460311997050.1397,0.0004603119970501397,20,10,0.5,1.0,100000000000000.0,429.31711203908543,0.1196433960790384,2086.4064948597243,25939173.29070372,129.50119744357096,64.75059872178548
1.43,std,0,466435440038.5526,0.0004664354400385526,21,10,0.47619047619047616,1.0,100000000000000.0,525.5507901246085,0.12023484484435139,2094.2988953435224,25695471.644191947,129.40635371054876,61.622073195499404
1.44,std,0,472590295945.94775,0.00047259029594594776,17,10,0.5882352941176471,1.0,100000000000000.0,348.7390065359683,0.12081412379603326,2102.060808514658,25454813.47682177,129.28939356610078,76.05258445064753
1.45,std,0,478776392833.4536,0.00047877639283345363,15,10,0.6666666666666666,1.0,100000000000000.0,240.75036633995745,0.12138107295328354,2109.6934989086167,25217152.95410143,129.15058718473972,86.10039145649314
1.46,std,0,484993559909.6336,0.0004849935599096336,16,10,0.625,1.0,100000000000000.0,137.93929306692766,0.12193553878790152,2117.1982312529562,24982445.019521292,128.9902130497589,80.61888315609932
1.47,std,0,491241627529.6681,0.0004912416275296681,14,10,0.7142857142857143,1.0,100000000000000.0,512.4412933312576,0.12247737435151856,2124.576269888688,24750645.38054905,128.80855767904848,92.00611262789177
1.48,std,0,497520427194.14343,0.0004975204271941434,31,10,0.3225806451612903,1.0,100000000000000.0,157.39321405884863,0.12300643939460665,2131.82887821269,24521710.494854964,128.60591534472766,41.48577914346053
1.49,std,0,503829791547.5052,0.0005038297915475052,30,10,0.3333333333333333,1.0,100000000000000.0,396.40768520714346,0.12352260047705375,2138.957318155927,24295597.556820426,128.38258778813952,42.79419592937984
1.5,std,0,510169554376.1697,0.0005101695543761696,32,10,0.3125,1.0,100000000000000.0,479.0928833688914,0.1240257310701164,2145.9628496743608,24072264.484238382,128.1388839287196,40.04340122772487
1.51,std,0,516539550606.3156,0.0005165395506063156,15,10,0.6666666666666666,1.0,100000000000000.0,499.6033642354325,0.12451571164958056,2152.846730273238,23851669.90529175,127.87511956884609,85.25007971256406
1.52,std,0,522939616301.37897,0.000522939616301379,22,10,0.45454545454545453,1.0,100000000000000.0,316.4495639871542,0.12499242977998155,2159.610214554095,23633773.145745885,127.59161709410687,57.99618958823039
1.53,std,0,529369588659.2481,0.0005293695886592481,25,10,0.4,1.0,100000000000000.0,384.2272951593496,0.12545578018975678,2166.2545537735446,23418534.21637197,127.28870516886131,50.91548206754453
1.54,std,0,535829306009.1905,0.0005358293060091905,23,10,0.43478260869565216,1.0,100000000000000.0,220.77970486739008,0.12590566483722512,2172.780995439967,23205913.800602216,126.96671842909917,55.20292105613007
1.55,std,0,542318607808.5184,0.0005423186078085183,36,10,0.2777777777777778,1.0,100000000000000.0,289.2161559626977,0.12634199296731044,2179.1907829195197,22995873.24240182,126.62599717127415,35.17388810313171
1.56,std,0,548837334639.0084,0.0005488373346390084,21,10,0.47619047619047616,1.0,100000000000000.0,595.6848513914779,0.12676468115894596,2185.485155062556,22788374.534365553,126.26688703828741,60.127089065851145
1.57,std,0,555385328203.0764,0.0005553853282030764,22,10,0.45454545454545453,1.0,100000000000000.0,379.60083851384786,0.12717365336312167,2191.665345857447,22583380.306024913,125.889738703423,57.22260850155591
1.58,std,0,561962431319.743,0.000561962431319743,31,10,0.3225806451612903,1.0,100000000000000.0,304.627628518947,0.1275688409315561,2197.7325840936055,22380853.81236754,125.49490755166612,40.48222824247294
1.59,std,0,568568487920.3765,0.0005685684879203765,16,10,0.625,1.0,100000000000000.0,356.0444496735253,0.12795018263599814,2203.6880930464895,22180758.922575094,125.0827533596776,78.1767208497985
1.6,std,0,575203343044.247,0.0005752033430442469,23,10,0.43478260869565216,1.0,100000000000000.0,42.4679445329523,0.12831762467818383,2209.5330901844645,21983060.10894857,124.65363997472627,54.19723477162012
1.61,std,0,581866842833.8789,0.0005818668428338789,25,10,0.4,1.0,100000000000000.0,303.70717047306255,0.12867112069049735,2215.268786879526,21787722.43604854,124.20793499220876,49.68317399688351
1.62,std,0,588558834530.2365,0.0005885588345302365,30,10,0.3333333333333333,1.0,100000000000000.0,398.31851377270914,0.12901063172740435,2220.896388151745,21594711.550035674,123.74600943386744,41.24866981128915
1.6300000000000001,std,0,595279166467.7369,0.0005952791664677369,28,10,0.35714285714285715,1.0,100000000000000.0,234.7275997033902,0.1293361262477481,2226.417092408797,21403993.66818979,123.26823742489752,44.02437050889197
1.6400000000000001,std,0,602027688069.1024,0.0006020276880691024,22,10,0.45454545454545453,1.0,100000000000000.0,430.439426234057,0.12964758008801838,2231.8320912196828,21215535.568644308,122.77499587284998,55.8068163058409
1.6500000000000001,std,0,608804249840.0676,0.0006088042498400676,17,10,0.5882352941176471,1.0,100000000000000.0,191.73081633407998,0.12994497642672279,2237.1425690899405,21029304.58028762,122.26666414671128,71.92156714512429
1.6600000000000001,std,0,615608703363.9427,0.0006156087033639427,17,10,0.5882352941176471,1.0,100000000000000.0,216.13913183204173,0.13022830574001035,2242.349703252962,20845268.57286173,121.74362375764794,71.6138963280282
1.6700000000000002,std,0,622440901296.0475,0.0006224409012960475,29,10,0.3448275862068966,1.0,100000000000000.0,301.91155260497766,0.13049756574871402,2247.454663477448,20663395.94724198,121.20625804180133,41.7952613937246
1.68,std,0,629300697358.0233,0.0006293006973580233,22,10,0.45454545454545453,1.0,100000000000000.0,190.64841269334335,0.13075276135699798,2252.458611886604,20483655.625891827,120.65495184533182,54.843159929696284
1.69,std,0,636187946332.0225,0.0006361879463320225,39,10,0.2564102564102564,1.0,100000000000000.0,529.4098406811837,0.13099390458281196,2257.36270278681,20306017.043500546,120.09009121210663,30.79233108002734
1.7,std,0,643102504054.8008,0.0006431025040548008,27,10,0.37037037037037035,1.0,100000000000000.0,227.57875897587928,0.13122101448037002,2262.168082508795,20130450.13778125,119.51206307452512,44.26372706463893
1.71,std,0,650044227411.6974,0.0006500442274116973,26,10,0.38461538461538464,1.0,100000000000000.0,724.2820389914107,0.13143411705488842,2266.8758892653464,19956925.34045368,118.92125494828255,45.73894421087791
1.72,std,0,657012974330.5325,0.0006570129743305325,28,10,0.35714285714285715,1.0,100000000000000.0,252.709824408779,0.13163324516982902,2271.487253007319,19785413.568385925,118.3180546303924,42.256448082283
1.73,std,0,664008603775.4104,0.0006640086037754104,32,10,0.3125,1.0,100000000000000.0,266.58489455576444,0.1318184384469108,2276.0032953068207,19615886.214899182,117.7028499024413,36.78214059451291
1.74,std,0,671030975740.4437,0.0006710309757404437,18,10,0.5555555555555556,1.0,100000000000000.0,279.1885710851506,0.13198974315916043,2280.425129234171,19448315.141239457,117.0760282377486,65.04223790986033
1.75,std,0,678079951243.4053,0.0006780799512434053,20,10,0.5,1.0,100000000000000.0,329.298552377318,0.13214721211728916,2284.753859254518,19282672.668198943,116.43797651408663,58.218988257043314
1.76,std,0,685155392319.3109,0.0006851553923193109,25,10,0.4,1.0,100000000000000.0,351.4628394670015,0.13229090454968861,2288.9905811273434,19118931.567901675,115.78908073155053,46.315632292620215
1.77,std,0,692257162013.9413,0.0006922571620139413,44,10,0.22727272727272727,1.0,100000000000000.0,182.4102087592104,0.13242088597635046,2293.1363818237564,18957065.055737577,115.12972573661168,26.165846758320836
1.78,std,0,699385124377.2997,0.0006993851243772997,31,10,0.3225806451612903,1.0,100000000000000.0,359.6760007588762,0.1325372280770222,2297.1923394373284,18797046.782446537,114.46029495147754,36.922675790799204
1.79,std,0,706539144457.0273,0.0007065391444570273,32,10,0.3125,1.0,100000000000000.0,246.71683161070814,0.13264000855391733,2301.1595231190677,18638850.826349083,113.781170110617,35.55661565956781
1.8,std,0,713719088291.7661,0.0007137190882917661,33,10,0.30303030303030304,1.0,100000000000000.0,403.810173256749,0.1327293109893057,2305.038993007414,18482451.68572671,113.09273100330877,34.2705245464572
1.81,std,0,720924822904.4789,0.0007209248229044789,31,10,0.3225806451612903,1.0,100000000000000.0,390.16066952847103,0.13280522469831382,2308.8318001714347,18327824.271332726,112.39535522330591,36.25656620106642
1.82,std,0,728156216295.7363,0.0007281562162957363,20,10,0.5,1.0,100000000000000.0,488.3636834482992,0.132867844577269,2312.538986562618,18174943.89906127,111.68941792581894,55.84470896290947
1.83,std,0,735413137436.9667,0.0007354131374369666,29,10,0.3448275862068966,1.0,100000000000000.0,194.22839380885083,0.13291727094792347,2316.161584968661,18023786.282729935,110.97529159147714,38.26734192809557
1.84,std,0,742695456263.6729,0.0007426954562636728,26,10,0.38461538461538464,1.0,100000000000000.0,195.17700027559337,0.13295360939789763,2319.700618972679,17874327.527015675,110.25334579791917,42.40513299919968
1.85,std,0,750003043668.6403,0.0007500030436686403,23,10,0.43478260869565216,1.0,100000000000000.0,222.30979049007425,0.13297697061768127,2323.1571029298025,17726544.12051855,109.52394699963662,47.61910739114636
1.86,std,0,757335771495.1017,0.0007573357714951017,31,10,0.3225806451612903,1.0,100000000000000.0,347.71257938068885,0.1329874702345315,2326.5320419315212,17580412.92894541,108.78745831479881,35.092728488644774
1.87,std,0,764693512529.8986,0.0007646935125298986,25,10,0.4,1.0,100000000000000.0,99.04422258778317,0.13298522864360543,2329.826431792425,17435911.18843124,108.04423932099527,43.21769572839811
1.8800000000000001,std,0,772076140496.6317,0.0007720761404966317,27,10,0.37037037037037035,1.0,100000000000000.0,231.61725550691995,0.13297037083666333,2333.0412590331166,17293016.49898085,107.29464585869204,39.738757725441495
1.8900000000000001,std,0,779483530048.7852,0.0007794835300487851,22,10,0.45454545454545453,1.0,100000000000000.0,173.95157842106954,0.13294302622867502,2336.1775008670716,17151706.818034906,106.53902984293805,48.42683174679002
1.9000000000000001,std,0,786915556762.8557,0.0007869155567628557,27,10,0.37037037037037035,1.0,100000000000000.0,378.4672644860715,0.13290332848265865,2339.2361252021806,17011960.454154097,105.77773908388531,39.176940401439
1.9100000000000001,std,0,794372097131.4758,0.0007943720971314758,30,10,0.3333333333333333,1.0,100000000000000.0,325.69095798233104,0.13285141533307546,2342.218090634638,16873756.06082675,105.01111711522165,35.003705705073884
1.9200000000000002,std,0,801853028556.5331,0.0008018530285565331,21,10,0.47619047619047616,1.0,100000000000000.0,346.95485905134416,0.13278742840810062,2345.124346453749,16737072.630372385,104.23950303127913,49.63785858632339
1.93,std,0,809358229342.2897,0.0008093582293422897,39,10,0.2564102564102564,1.0,100000000000000.0,329.7422483568194,0.13271151305108214,2347.9558326520123,16601889.488000676,103.46323133297714,26.529033675122342
1.94,std,0,816887578688.5106,0.0008168875786885106,24,10,0.4166666666666667,1.0,100000000000000.0,357.3213605202661,0.1326238181414942,2350.713479935003,16468186.28592861,102.68263178179197,42.78442990907999
1.95,std,0,824440956683.5906,0.0008244409566835906,42,10,0.23809523809523808,1.0,100000000000000.0,132.97708025229062,0.13252449591568408,2353.398209738571,16335942.997650843,101.89802926270022,24.261435538738148
1.96,std,0,832018244297.694,0.000832018244297694,30,10,0.3333333333333333,1.0,100000000000000.0,150.24176718256876,0.13241370178770218,2356.0109342484843,16205139.912292665,101.10974365544045,33.703247885146816
1.97,std,0,839619323375.9133,0.0008396193233759133,24,10,0.4166666666666667,1.0,100000000000000.0,148.00875379736058,0.13229159417049882,2358.5525564184313,16075757.62908553,100.31808971415789,41.79920404756579
1.98,std,0,847244076631.4247,0.0008472440766314247,16,10,0.625,1.0,100000000000000.0,294.14238400200776,0.13215833429775978,2361.023970005796,15947777.051919853,99.52337695595018,62.20211059746887
1.99,std,0,854892387638.67,0.0008548923876386701,30,10,0.3333333333333333,1.0,100000000000000.0,95.82884684890006,0.1320140860466449,2363.4260595888036,15821179.384035045,98.72590955708372,32.90863651902791
2.0,std,0,862564140826.5554,0.0008625641408265554,24,10,0.4166666666666667,1.0,100000000000000.0,192.68515102809482,0.13185901576168338,2365.7597006088804,15695946.122775251,97.9259862582451,40.802494274268795
2.01,std,0,870259221471.6667,0.0008702592214716667,22,10,0.45454545454545453,1.0,100000000000000.0,200.7971774317225,0.13169329208006922,2368.0257593968167,15572059.054465903,97.12390027733913,44.14722739879051
2.02,std,0,877977515691.5038,0.0008779775156915038,32,10,0.3125,1.0,100000000000000.0,330.8626523820351,0.13151708575859106,2370.2250932197535,15449500.249373306,96.3199392310632,30.09998100970725
2.03,std,0,885718910437.741,0.000885718910437741,32,10,0.3125,1.0,100000000000000.0,287.5241120337718,0.13133056950241706,2372.35855030877,15328252.056764135,95.5143850635939,29.848245332373097
2.04,std,0,893483293489.509,0.000893483293489509,27,10,0.37037037037037035,1.0,100000000000000.0,108.57106620105041,0.13113391779594796,2374.4269699116867,15208297.100052891,94.70751398403442,35.07685703112386
2.05,std,0,901270553446.7052,0.0009012705534467052,29,10,0.3448275862068966,1.0,100000000000000.0,250.67380033315575,0.13092730673593825,2376.431182332988,15089618.27204791,93.89959641099884,32.3791711762065
2.0599999999999996,std,0,909080579723.3274,0.0009090805797233274,23,10,0.43478260869565216,1.0,100000000000000.0,366.3984137773197,0.1307109138670736,2378.3720089791536,14972198.730271557,93.09089692479907,40.4743030107822
2.07,std,0,916913262540.8395,0.0009169132625408394,27,10,0.37037037037037035,1.0,100000000000000.0,341.92594314204734,0.1304849180201844,2380.250262408073,14856021.89238433,92.28167422721589,34.178397861931806
2.0799999999999996,std,0,924768492921.5626,0.0009247684929215626,17,10,0.5882352941176471,1.0,100000000000000.0,179.85708114916147,0.1302494991532604,2382.066746379418,14741071.431683572,91.47218110838891,53.80716535787583
2.09,std,0,932646162682.101,0.000932646162682101,26,10,0.38461538461538464,1.0,100000000000000.0,201.1318520434449,0.13000483819542183,2383.8222559083324,14627331.272682121,90.6626644207883,34.870255546457045
2.0999999999999996,std,0,940546164426.7965,0.0009405461644267965,24,10,0.4166666666666667,1.0,100000000000000.0,239.69874776907045,0.12975111689399202,2385.517577313428,14514785.586787315,89.85336505988049,37.438902108283536
2.11,std,0,948468391541.2206,0.0009484683915412206,22,10,0.45454545454545453,1.0,100000000000000.0,182.77851046189937,0.12948851766480282,2387.153488278364,14403418.788036415,89.04451795177387,40.47478088716994
2.1199999999999997,std,0,956412738185.692,0.0009564127381856921,27,10,0.37037037037037035,1.0,100000000000000.0,260.31016080430425,0.1292172234458553,2388.7307579030507,14293215.5289337,88.23635204702633,32.68013038778753
2.13,std,0,964379099288.8405,0.0009643790992888404,30,10,0.3333333333333333,1.0,100000000000000.0,98.53078583487111,0.12893741755444604,2390.2501467652273,14184160.69634576,87.4290903209432,29.143030106981065
2.1399999999999997,std,0,972367370541.1963,0.0009723673705411963,18,10,0.5555555555555556,1.0,100000000000000.0,215.1522547616283,0.12864928354785926,2391.712406974866,14076239.407488255,86.62294977971989,48.12386098873328
2.15,std,0,980377448388.8181,0.0009803774483888182,37,10,0.2702702702702703,1.0,100000000000000.0,311.5787296612092,0.12835300508771263,2393.118282239315,13969437.005973084,85.8181414727003,23.194092289919002
2.1599999999999997,std,0,988409230026.9713,0.0009884092300269714,22,10,0.45454545454545453,1.0,100000000000000.0,253.31254687407682,0.12804876580803742,2394.4685079207234,13863739.057946578,85.0148705100607,38.6431229591185
2.17,std,0,996462613393.8145,0.0009964626133938145,23,10,0.43478260869565216,1.0,100000000000000.0,125.92493727634007,0.12773674918715994,2395.7638111007127,13759131.34827611,84.21333608599753,36.614493950433705
2.1799999999999997,std,0,1004537497164.1646,0.0010045374971641644,27,10,0.37037037037037035,1.0,100000000000000.0,402.6681384679056,0.1274171384234439,2397.0049106385122,13655599.876833957,83.4137315070189,30.89397463222922
2.19,std,0,1012633780743.2651,0.0010126337807432652,40,10,0.25,1.0,100000000000000.0,376.96506728338625,0.12709011631494216,2398.1925172435213,13553130.854817575,82.61624422549743,20.654061056374356
2.1999999999999997,std,0,1020751364260.6118,0.0010207513642606118,21,10,0.47619047619047616,1.0,100000000000000.0,125.48288281472114,0.12675586514299808,2399.3273335301824,13451710.70117912,81.82105587759283,38.962407560758486
2.21,std,0,1028890148563.8257,0.0010288901485638257,24,10,0.4166666666666667,1.0,100000000000000.0,274.84661350396715,0.12641456655982633,2400.4100540894738,13351326.039074074,81.02834232598588,33.761809302494115
2.2199999999999998,std,0,1037050035212.543,0.001037050035212543,24,10,0.4166666666666667,1.0,100000000000000.0,230.81393865423598,0.1260664014800965,2401.441365552922,13251963.692418212,80.23827370691575,33.43261404454823
2.23,std,0,1045230926472.3739,0.001045230926472374,21,10,0.47619047619047616,1.0,100000000000000.0,171.00079148336843,0.1257115499765309,2402.421946658632,13153610.682476113,79.45101448117545,37.83381641960735
2.2399999999999998,std,0,1053432725308.8815,0.0010534327253088815,36,10,0.2777777777777778,1.0,100000000000000.0,238.64762269393768,0.12535019117952442,2403.3524683180917,13056254.22453316,78.66672348913123,21.851867635869787
2.25,std,0,1061655335381.6165,0.0010616553353816165,27,10,0.37037037037037035,1.0,100000000000000.0,242.9901493759803,0.12498250318078254,2404.2335936859995,12959881.724614153,77.88555400940564,28.84650148496505
2.26,std,0,1069898661038.1837,0.0010698986610381837,24,10,0.4166666666666667,1.0,100000000000000.0,178.65951837591848,0.12460866294096873,2405.0659782224966,12864480.776277887,77.10765382085242,32.12818909202184
2.27,std,0,1078162607308.3651,0.0010781626073083652,18,10,0.5555555555555556,1.0,100000000000000.0,41.20661750570138,0.12422884620134438,2405.8502697694057,12770039.157449897,76.33316526809587,42.40731403783104
2.28,std,0,1086447079898.2686,0.0010864470798982685,30,10,0.3333333333333333,1.0,100000000000000.0,113.94690962494107,0.12384322739937846,2406.5871086104444,12676544.827336488,75.56222532972075,25.187408443240248
2.29,std,0,1094751985184.5353,0.0010947519851845352,27,10,0.37037037037037035,1.0,100000000000000.0,229.7317097721454,0.12345197958829715,2407.27712754515,12583985.923375618,74.7949656896106,27.701839144300223
2.3,std,0,1103077230208.5803,0.0011030772302085803,23,10,0.43478260869565216,1.0,100000000000000.0,248.29294515176866,0.12305527436053831,2407.9209519533065,12492350.758259717,74.03151281070727,32.1876142655249
2.31,std,0,1111422722670.8816,0.0011114227226708816,25,10,0.4,1.0,100000000000000.0,217.18637365494024,0.12265328177506969,2408.5191998728433,12401627.816991834,73.27198801149267,29.308795204597068
2.32,std,0,1119788370925.316,0.0011197883709253159,35,10,0.2857142857142857,1.0,100000000000000.0,160.9335635651375,0.12224617028852493,2409.0724820556,12311805.754026573,72.51650754421166,20.719002155489047
2.3299999999999996,std,0,1128174083973.5288,0.0011281740839735289,32,10,0.3125,1.0,100000000000000.0,254.27700937454102,0.12183410669010708,2409.581402047541,12222873.3904306,71.7651826757053,22.42661958615791
2.34,std,0,1136579771459.3542,0.0011365797714593543,33,10,0.30303030303030304,1.0,100000000000000.0,171.69541024016715,0.12141725604020252,2410.0465562546024,12134819.711121293,71.01811976982532,21.520642354492523
2.3499999999999996,std,0,1145005343663.285,0.0011450053436632848,53,10,0.18867924528301888,1.0,100000000000000.0,111.0608654999387,0.12099578161264772,2410.468534008077,12047633.862132035,70.2754203713922,13.25951327762117
2.36,std,0,1153450711496.9739,0.0011534507114969738,30,10,0.3333333333333333,1.0,100000000000000.0,266.8874542534812,0.12056984484058411,2410.847917641083,11961305.147949908,69.53718129213182,23.179060430710607
2.3699999999999997,std,0,1161915786497.7893,0.0011619157864977893,44,10,0.22727272727272727,1.0,100000000000000.0,184.17628937627055,0.12013960526583477,2411.185282550028,11875823.028886234,68.8034946974271,15.637157885778885
2.38,std,0,1170400480823.4119,0.001170400480823412,40,10,0.25,1.0,100000000000000.0,151.88513973399907,0.11970522049173256,2411.4811972707266,11791177.118503083,68.07444819473224,17.01861204868306
2.3899999999999997,std,0,1178904707246.4717,0.0011789047072464716,32,10,0.3125,1.0,100000000000000.0,119.00641141451874,0.1192668461393275,2411.736223541998,11707357.181081956,67.35012492262645,21.046914038320764
2.4,std,0,1187428379149.2368,0.0011874283791492369,28,10,0.35714285714285715,1.0,100000000000000.0,90.44092733258245,0.11882463580689664,2411.9509163763237,11624353.129135568,66.63060364093204,23.79664415747573
2.4099999999999997,std,0,1195971410518.34,0.0011959714105183401,26,10,0.38461538461538464,1.0,100000000000000.0,163.30295409738514,0.11837874103268001,2412.1258241300943,11542155.020976886,65.91595882161792,25.352291854468433
2.42,std,0,1204533715939.5525,0.0012045337159395525,28,10,0.35714285714285715,1.0,100000000000000.0,245.73762681776043,0.11792931126076286,2412.261488567739,11460753.05831884,65.20626074004444,23.287950264301585
2.4299999999999997,std,0,1213115210592.603,0.001213115210592603,27,10,0.37037037037037035,1.0,100000000000000.0,171.46577381282196,0.1174764938100209,2412.358444935827,11380137.583922423,64.50157556696237,23.889472432208287
2.44,std,0,1221715810246.0354,0.0012217158102460354,17,10,0.5882352941176471,1.0,100000000000000.0,186.33431195458496,0.11702043384604897,2412.417222026901,11300299.079290532,63.80196546056975,37.530567917982204
2.4499999999999997,std,0,1230335431252.1125,0.0012303354312521125,29,10,0.3448275862068966,1.0,100000000000000.0,232.56233816653116,0.11656127435598546,2412.4383422466403,11221228.162397789,63.10748865882461,21.76120298580159
2.46,std,0,1238973990541.7715,0.0012389739905417714,22,10,0.45454545454545453,1.0,100000000000000.0,168.63124548139658,0.11609915612615085,2412.4223216839205,11142915.58546343,62.4181995719226,28.371908896328453
2.4699999999999998,std,0,1247631405619.6067,0.0012476314056196066,42,10,0.23809523809523808,1.0,100000000000000.0,144.513643269414,0.11563421772241134,2412.3696701759,11065352.232765501,61.73414887460918,14.698606874906947
2.48,std,0,1256307594558.9146,0.0012563075945589146,31,10,0.3225806451612903,1.0,100000000000000.0,156.59279201677037,0.11516659547318477,2412.280891378201,10988529.118494129,61.055383598475714,19.69528503176636
2.4899999999999998,std,0,1265002475996.7632,0.0012650024759967632,27,10,0.37037037037037035,1.0,100000000000000.0,313.75397263490714,0.11469642345499854,2412.156482824891,10912437.38464076,60.381947223726954,22.363684156935907
2.5,std,0,1273715969129.122,0.0012737159691291221,22,10,0.45454545454545453,1.0,100000000000000.0,206.28581856228053,0.11422383348051643,2411.9969360009813,10837068.298925612,59.71387977092195,27.14267262314634
2.51,std,0,1282447993706.026,0.0012824479937060258,29,10,0.3448275862068966,1.0,100000000000000.0,273.2473405207555,0.11374895508894493,2411.80273640531,10762413.25276639,59.05121789204779,20.362488928292343
2.52,std,0,1291198470026.7751,0.0012911984700267752,31,10,0.3225806451612903,1.0,100000000000000.0,245.43679982919602,0.11327191553873434,2411.574363615985,10688463.759278566,58.3939949611015,18.836772568097256
2.53,std,0,1299967318935.1995,0.0012999673189351994,32,10,0.3125,1.0,100000000000000.0,197.47353653182782,0.112792839802488,2411.3122913551647,10615211.451314276,57.742241164056914,18.044450363767787
2.54,std,0,1308754461814.9343,0.0013087544618149342,31,10,0.3225806451612903,1.0,100000000000000.0,173.40383730509183,0.11231185056399447,2411.0169875544398,10542648.079530537,57.095983588121804,18.418059221974776
2.55,std,0,1317559820584.7725,0.0013175598205847725,24,10,0.4166666666666667,1.0,100000000000000.0,99.8480140611814,0.11182906821729809,2410.6889144188463,10470765.510502744,56.4552463102545,23.523019295939378
2.56,std,0,1326383317694.0295,0.0013263833176940295,29,10,0.3448275862068966,1.0,100000000000000.0,241.53402375112782,0.1113446108677235,2410.32852848975,10399555.724859066,55.82005048474923,19.248293270603185
2.57,std,0,1335224876117.9656,0.0013352248761179656,18,10,0.5555555555555556,1.0,100000000000000.0,119.83012444969454,0.11085859433477233,2409.9362807075013,10329010.815461004,55.190414429989225,30.661341349994014
2.5799999999999996,std,0,1344084419353.2493,0.0013440844193532493,24,10,0.4166666666666667,1.0,100000000000000.0,171.25362912988146,0.11037113215680884,2409.512616477283,10259122.985599501,54.56635371422245,22.735980714259355
2.59,std,0,1352961871413.4573,0.0013529618714134572,46,10,0.21739130434782608,1.0,100000000000000.0,66.78020770088386,0.10988233559745512,2409.057975729922,10189884.547240347,53.94788124029961,11.727800269630348
2.5999999999999996,std,0,1361857156824.613,0.001361857156824613,37,10,0.2702702702702703,1.0,100000000000000.0,189.73528880045737,0.109392313653616,2408.5727929815753,10121287.9192909,53.33500732927045,14.41486684574877
2.61,std,0,1370770200620.777,0.001370770200620777,28,10,0.35714285714285715,1.0,100000000000000.0,225.70085828254983,0.108901173065055,2408.0574973959015,10053325.625898778,52.72773980293213,18.831335643904332
2.6199999999999997,std,0,1379700928339.6633,0.0013797009283396634,60,10,0.16666666666666666,1.0,100000000000000.0,94.37812280475222,0.1084090183254463,2407.5125128514583,9985990.294780755,52.126084065334894,8.687680677555814
2.63,std,0,1388649266018.3145,0.0013886492660183144,22,10,0.45454545454545453,1.0,100000000000000.0,90.59753811888814,0.10791595169482557,2406.9382579898156,9919274.6555814,51.53004318267113,23.42274690121415
2.6399999999999997,std,0,1397615140188.7935,0.0013976151401887934,28,10,0.35714285714285715,1.0,100000000000000.0,88.99110086621725,0.10742207321336858,2406.335146288707,9853171.53826193,50.93961796248896,18.192720700888916
2.65,std,0,1406598477873.9377,0.0014065984778739377,35,10,0.2857142857142857,1.0,100000000000000.0,241.65123787294183,0.10692748071642302,2405.70358611234,9787673.871516135,50.35480703113801,14.387087723182287
2.6599999999999997,std,0,1415599206583.1404,0.0014155992065831404,37,10,0.2702702702702703,1.0,100000000000000.0,179.00619844690908,0.10643226985072582,2405.0439807721427,9722774.681209411,49.775606910129376,13.452866732467399
2.67,std,0,1424617254308.1697,0.0014246172543081698,21,10,0.47619047619047616,1.0,100000000000000.0,139.951890134299,0.10593653409173551,2404.3567285902504,9658467.088857314,49.20201209129427,23.429529567282984
2.6799999999999997,std,0,1433652549519.0325,0.0014336525495190324,27,10,0.37037037037037035,1.0,100000000000000.0,92.2203480039797,0.10544036476201399,2403.6422229508776,9594744.310116976,48.63401511027999,18.012598188992587
2.69,std,0,1442705021159.882,0.001442705021159882,48,10,0.20833333333333334,1.0,100000000000000.0,205.73941159854252,0.1049438510505919,2402.9008523616044,9531599.653310519,48.071606618924314,10.014918045609232
2.6999999999999997,std,0,1451774598644.942,0.0014517745986449419,34,10,0.29411764705882354,1.0,100000000000000.0,147.39963013553432,0.10444708003325524,2402.133000510808,9469026.51798176,47.51477545621157,13.974933957709284
2.71,std,0,1460861211854.5042,0.0014608612118545041,36,10,0.2777777777777778,1.0,100000000000000.0,160.95373928330417,0.10395013669369071,2401.33904631951,9407018.393461363,46.96350871764478,13.045419088234661
2.7199999999999998,std,0,1469964791130.922,0.001469964791130922,29,10,0.3448275862068966,1.0,100000000000000.0,104.99163157499649,0.10345310394543139,2400.519364004267,9345568.857473286,46.41779182352177,16.00613511155923
2.73,std,0,1479085267274.6758,0.0014790852672746757,23,10,0.43478260869565216,1.0,100000000000000.0,102.46928381863856,0.10295606265454338,2399.674323125579,9284671.574754989,45.87760858546326,19.946786341505764
2.7399999999999998,std,0,1488222571540.4646,0.0014882225715404647,14,10,0.7142857142857143,1.0,100000000000000.0,225.57350951005947,0.10245909166299956,2398.8042886489393,9224320.295706078,45.34294127179852,32.3878151941418
2.75,std,0,1497376635633.3235,0.0014973766356333235,32,10,0.3125,1.0,100000000000000.0,109.1090018436225,0.10196226781268383,2397.9096209945487,9164508.855059594,44.81377067130863,14.004303334783948
2.76,std,0,1506547391704.792,0.001506547391704792,50,10,0.2,1.0,100000000000000.0,106.06690654771035,0.10146566596997589,2396.9906760937365,9105231.170576822,44.290076155682826,8.858015231136566
2.77,std,0,1515734772349.1182,0.0015157347723491182,29,10,0.3448275862068966,1.0,100000000000000.0,69.66961592523478,0.10096935905086413,2396.0478054415244,9046481.241760328,43.77183574046033,15.093736462227701
2.78,std,0,1524938710599.4868,0.0015249387105994868,37,10,0.2702702702702703,1.0,100000000000000.0,93.51473852667412,0.1004734180465394,2395.081356148064,8988253.148596747,43.25902614457302,11.691628687722439
2.79,std,0,1534159139924.295,0.001534159139924295,30,10,0.3333333333333333,1.0,100000000000000.0,203.79595617366914,0.09997791204942123,2394.0916709956477,8930541.050315544,42.75162284854738,14.250540949515791
2.8,std,0,1543395994223.4587,0.0015433959942234587,43,10,0.23255813953488372,1.0,100000000000000.0,172.1187112004586,0.09948290827957305,2393.0790884829103,8873339.184167327,42.249600151059305,9.825488407223094
2.81,std,0,1552649207824.759,0.001552649207824759,36,10,0.2777777777777778,1.0,100000000000000.0,103.26840601120094,0.09898847211146117,2392.0439428839763,8816641.86423281,41.752931224404634,11.59803645122351
2.82,std,0,1561918715480.2107,0.0015619187154802107,20,10,0.5,1.0,100000000000000.0,181.3748997785247,0.09849466710101733,2390.986564294914,8760443.480241075,41.261588168295965,20.630794084147983
2.8299999999999996,std,0,1571204452362.4854,0.0015712044523624855,25,10,0.4,1.0,100000000000000.0,173.1886434451862,0.09800155501296365,2389.9072786812553,8704738.496411402,40.775542062317676,16.31021682492707
2.84,std,0,1580506354061.3457,0.0015805063540613457,43,10,0.23255813953488372,1.0,100000000000000.0,159.85158155226378,0.09750919584836228,2388.806407935724,8649521.450322606,40.29476301722239,9.370875120284277
2.8499999999999996,std,0,1589824356580.1372,0.0015898243565801373,36,10,0.2777777777777778,1.0,100000000000000.0,158.9754673989329,0.097017647872353,2387.68426991988,8594786.951786837,39.81922022452213,11.060894506811703
2.86,std,0,1599158396332.2935,0.0015991583963322934,37,10,0.2702702702702703,1.0,100000000000000.0,184.91248476186192,0.09652696764204288,2386.541178516269,8540529.681758447,39.34888200499231,10.634832974322247
2.8699999999999997,std,0,1608508410137.886,0.001608508410137886,36,10,0.2777777777777778,1.0,100000000000000.0,140.9611215894013,0.09603721003451575,2385.3774436760045,8486744.391249523,38.883715855712,10.801032182142222
2.88,std,0,1617874335220.2117,0.0016178743352202117,24,10,0.4166666666666667,1.0,100000000000000.0,168.0158286796525,0.0955484282749277,2384.193371466346,8433425.9002663,38.423688495803084,16.00987020658462
2.8899999999999997,std,0,1627256109202.3884,0.0016272561092023883,35,10,0.2857142857142857,1.0,100000000000000.0,199.41662533515063,0.09506067396466021,2382.9892641182805,8380569.09677265,37.968765910914115,10.848218831689747
2.9,std,0,1636653670104.0254,0.0016366536701040253,34,10,0.29411764705882354,1.0,100000000000000.0,141.27979458961997,0.09457399710949974,2381.7654200716706,8328168.935656688,37.51891339631855,11.034974528328986
2.9099999999999997,std,0,1646066956337.8774,0.0016460669563378774,35,10,0.2857142857142857,1.0,100000000000000.0,127.15375832615094,0.0940884461478178,2380.522134022478,8276220.437724468,37.07409559882998,10.592598742522851
2.92,std,0,1655495906706.575,0.001655495906706575,33,10,0.30303030303030304,1.0,100000000000000.0,130.94621059788244,0.09360406797872392,2379.2596969700485,8224718.688710108,36.634276557470564,11.101295926506232
2.9299999999999997,std,0,1664940460399.3472,0.001664940460399347,29,10,0.3448275862068966,1.0,100000000000000.0,124.4761365431417,0.09312090799016796,2377.9783962581064,8173658.8382961275,36.19941974278921,12.48255853199628
2.94,std,0,1674400556988.809,0.0016744005569888092,26,10,0.38461538461538464,1.0,100000000000000.0,104.32605092265283,0.09263901008696694,2376.678515622275,8123036.099160874,35.76948809512538,13.757495421202071
2.9499999999999997,std,0,1683876136427.7615,0.0016838761364277614,20,10,0.5,1.0,100000000000000.0,199.34912381368432,0.09215841671873516,2375.3603352358787,8072845.746031287,35.34444406161236,17.67222203080618
2.96,std,0,1693367139046.023,0.001693367139046023,41,10,0.24390243902439024,1.0,100000000000000.0,117.42253215084297,0.09167916890769558,2374.024131748207,8023083.114753859,34.92424963191519,8.518109666320777
2.9699999999999998,std,0,1702873505547.2937,0.0017028735055472936,32,10,0.3125,1.0,100000000000000.0,65.72581904856004,0.0912013062763538,2372.670178334173,7973743.601392691,34.50886637304795,10.784020741577486
2.98,std,0,1712395177006.0627,0.0017123951770060628,24,10,0.4166666666666667,1.0,100000000000000.0,90.9748718417746,0.09072486707501438,2371.2987447291384,7924822.661321773,34.09825546275743,14.207606442815596
2.9899999999999998,std,0,1721932094864.5144,0.0017219320948645145,26,10,0.38461538461538464,1.0,100000000000000.0,82.32609040732284,0.09024988820912404,2369.9100972810606,7876315.808353685,33.69237772215491,12.958606816213427
3.0,std,0,1731484200929.503,0.001731484200929503,26,10,0.38461538461538464,1.0,100000000000000.0,113.91345186432258,0.0897764052664229,2368.5044989811076,7828218.613865179,33.29119364687954,12.804305248799825
3.01,std,0,1741051437369.522,0.001741051437369522,17,10,0.5882352941176471,1.0,100000000000000.0,145.18643360513357,0.08930445254389056,2367.082209516575,7780526.705950752,32.8946634375847,19.349802022108644
3.02,std,0,1750633746711.7236,0.0017506337467117236,41,10,0.24390243902439024,1.0,100000000000000.0,106.32817054278992,0.08883406307447111,2365.6434853000787,7733235.768582869,32.50274702901996,7.927499275370721
3.03,std,0,1760231071838.9639,0.001760231071838964,31,10,0.3225806451612903,1.0,100000000000000.0,136.30913345624091,0.08836526865356453,2364.1885795190897,7686341.540784624,32.11540411838195,10.35980778012321
3.04,std,0,1769843355986.8674,0.0017698433559868675,37,10,0.2702702702702703,1.0,100000000000000.0,265.3661391125185,0.08789809986527143,2362.717742169278,7639839.815826388,31.732594192491785,8.576376808781564
3.05,std,0,1779470542740.9287,0.0017794705427409288,37,10,0.2702702702702703,1.0,100000000000000.0,67.90170184982739,0.08743258610838046,2361.2312201001932,7593726.440420668,31.354276554109962,8.474128798408099
3.06,std,0,1789112576033.6396,0.0017891125760336397,23,10,0.43478260869565216,1.0,100000000000000.0,171.43760646817083,0.08696875562208634,2359.729257046413,7547997.313944066,30.98041034716633,13.469743629202751
3.07,std,0,1798769400141.643,0.001798769400141643,18,10,0.5555555555555556,1.0,100000000000000.0,137.5807451993371,0.08650663551143015,2358.212093674884,7502648.387664568,30.610954581250787,17.00608587847266
3.08,std,0,1808440959682.9148,0.0018084409596829149,32,10,0.3125,1.0,100000000000000.0,123.46830353870546,0.08604625177245216,2356.6799676135784,7457675.663981256,30.245868154952547,9.45183379842267
3.09,std,0,1818127199613.9736,0.0018181271996139737,24,10,0.4166666666666667,1.0,100000000000000.0,154.2807015758415,0.08558762931704852,2355.133113497176,7413075.195680463,29.885109878558573,12.452129116066073
3.0999999999999996,std,0,1827828065227.1162,0.0018278280652271161,31,10,0.3225806451612903,1.0,100000000000000.0,134.9259441433478,0.08513079199752545,2353.5717629983883,7368843.085202581,29.528638495698896,9.525367256677063
3.11,std,0,1837543502147.6804,0.0018375435021476805,43,10,0.23255813953488372,1.0,100000000000000.0,137.96193560385012,0.08467576263084305,2351.9961448716217,7324975.48391775,29.176412704298944,6.785212256813708
3.1199999999999997,std,0,1847273456331.331,0.001847273456331331,35,10,0.2857142857142857,1.0,100000000000000.0,105.52068908929145,0.08422256302254322,2350.406484976831,7281468.591418872,28.82839117648841,8.236683193282403
3.13,std,0,1857017874061.3792,0.0018570178740613791,28,10,0.35714285714285715,1.0,100000000000000.0,110.03869514062376,0.08377121399035611,2348.803006330894,7238318.654820386,28.484532578034926,10.173047349298189
3.1399999999999997,std,0,1866776701946.1196,0.0018667767019461196,35,10,0.2857142857142857,1.0,100000000000000.0,120.83174112048668,0.08332173538748046,2347.185929132646,7195521.968076602,28.14479558670635,8.041370167630385
3.15,std,0,1876549886916.201,0.001876549886916201,24,10,0.4166666666666667,1.0,100000000000000.0,170.21449714300692,0.08287414612553251,2345.555470796463,7153074.871296239,27.809138909929185,11.587141212470494
3.1599999999999997,std,0,1886337376222.0122,0.0018863373762220122,42,10,0.23809523809523808,1.0,100000000000000.0,111.5994376662862,0.08242846419716175,2343.9118459972296,7110973.750088734,27.477521301929297,6.542266976649832
3.17,std,0,1896139117431.1023,0.0018961391174311022,20,10,0.5,1.0,100000000000000.0,55.69870954962988,0.0819847066983287,2342.255266695493,7069215.034901877,27.149901579844098,13.574950789922049
3.1799999999999997,std,0,1905955058425.62,0.0019059550584256202,24,10,0.4166666666666667,1.0,100000000000000.0,153.60678452568965,0.0815428898502426,2340.5859421717555,7027795.200383879,26.82623863930617,11.177599433044238
3.19,std,0,1915785147399.7805,0.0019157851473997805,18,10,0.5555555555555556,1.0,100000000000000.0,137.965855963945,0.08110302902095701,2338.904079065629,6986710.76474544,26.50649146936643,14.725828594092462
3.1999999999999997,std,0,1925629332857.3608,0.001925629332857361,23,10,0.43478260869565216,1.0,100000000000000.0,91.17227736879964,0.08066513874662186,2337.209881401347,6945958.289138465,26.190619166629357,11.387225724621459
3.21,std,0,1935487563609.2026,0.0019354875636092026,37,10,0.2702702702702703,1.0,100000000000000.0,92.4085998820781,0.08022923275238983,2335.5035506266836,6905534.377048772,25.878580948919975,6.994211067275669
3.2199999999999998,std,0,1945359788770.76,0.00194535978877076,29,10,0.3448275862068966,1.0,100000000000000.0,175.85235167705417,0.07979532397297763,2333.7852856423774,6865435.673682141,25.570336168161855,8.817357299366158
3.23,std,0,1955245957759.6604,0.00195524595775966,24,10,0.4166666666666667,1.0,100000000000000.0,91.09452050701289,0.07936342457287976,2332.055282830492,6825658.865381889,25.265844322727762,10.5274351344699
3.2399999999999998,std,0,1965146020293.2798,0.0019651460202932797,26,10,0.38461538461538464,1.0,100000000000000.0,137.16094557838886,0.07893354596623703,2330.3137360942837,6786200.679036681,24.965065069261932,9.601948103562282
3.25,std,0,1975059926386.3657,0.0019750599263863656,31,10,0.3225806451612903,1.0,100000000000000.0,95.7282047063118,0.07850569883635809,2328.5608368786093,6747057.881511198,24.66795823377613,7.957405881863267
3.26,std,0,1984987626348.6567,0.0019849876263486567,29,10,0.3448275862068966,1.0,100000000000000.0,140.3677355221242,0.07807989315489611,2326.7967742108617,6708227.279078383,24.37448382239299,8.404994421514825
3.27,std,0,1994929070782.539,0.001994929070782539,33,10,0.30303030303030304,1.0,100000000000000.0,140.67084773413495,0.0776561382006801,2325.021734721854,6669705.71686476,24.08460203135911,7.298364251927004
3.28,std,0,2004884210580.726,0.002004884210580726,39,10,0.2564102564102564,1.0,100000000000000.0,119.57408556365363,0.07723444257820353,2323.2359026845006,6631490.078299773,23.79827325671604,6.102121347875907
3.29,std,0,2014852996923.9534,0.0020148529969239532,40,10,0.25,1.0,100000000000000.0,179.99236336102308,0.07681481423577075,2321.439460035055,6593577.284582875,23.515458103323848,5.878864525830962
3.3,std,0,2024835381278.6892,0.002024835381278689,30,10,0.3333333333333333,1.0,100000000000000.0,206.55808084152508,0.07639726048330328,2319.6325864085898,6555964.294144623,23.236117393499416,7.745372464499805
3.31,std,0,2034831315394.9055,0.0020348313153949055,34,10,0.29411764705882354,1.0,100000000000000.0,159.1126465548899,0.0759817880098082,2317.8154591624875,6518648.1021335395,22.96021217512834,6.7530035809201
3.32,std,0,2044840751303.7988,0.0020448407513037987,37,10,0.2702702702702703,1.0,100000000000000.0,116.30122884625742,0.07556840290051019,2315.988253413226,6481625.739898744,22.687703729415116,6.131811818760842
3.33,std,0,2054863641315.6133,0.002054863641315613,58,10,0.1724137931034483,1.0,100000000000000.0,79.95966620636818,0.07515711065365033,2314.1511420510906,6444894.2744803615,22.41855357797796,3.865267858272062
3.34,std,0,2064899938017.4216,0.002064899938017422,41,10,0.24390243902439024,1.0,100000000000000.0,130.04700340812866,0.07474791619695409,2312.304295781583,6408450.8081216905,22.15272348983522,5.403103290203712
3.3499999999999996,std,0,2074949594270.9624,0.0020749495942709623,71,10,0.14084507042253522,1.0,100000000000000.0,171.6226874159986,0.0743408239037712,2310.4478831444085,6372292.477769603,21.890175487695252,3.083123308126092
3.36,std,0,2085012563210.4841,0.002085012563210484,26,10,0.38461538461538464,1.0,100000000000000.0,141.21024029173665,0.07393583760889016,2308.582070542782,6336416.454597149,21.630871854006177,8.319566097694684
3.3699999999999997,std,0,2095088798240.6094,0.002095088798240609,41,10,0.24390243902439024,1.0,100000000000000.0,109.43312059963671,0.07353296062403111,2306.70702227238,6300819.9435306,21.374775136610538,5.213359789417204
3.38,std,0,2105178253034.234,0.002105178253034234,25,10,0.4,1.0,100000000000000.0,81.71020804861261,0.07313219575301971,2304.8229005419867,6265500.18277916,21.121848153940093,8.448739261576037
3.3899999999999997,std,0,2115280881530.4133,0.0021152808815304135,25,10,0.4,1.0,100000000000000.0,175.10670060306907,0.07273354530664589,2302.929865505768,6230454.443376221,20.872053999980924,8.34882159999237
3.4,std,0,2125396637932.3103,0.00212539663793231,28,10,0.35714285714285715,1.0,100000000000000.0,199.06798836305842,0.07233701111721073,2301.0280752868825,6195680.028727723,20.625356048816208,7.3661985888629316
3.4099999999999997,std,0,2135525476705.1306,0.0021355254767051308,32,10,0.3125,1.0,100000000000000.0,94.41564133125785,0.07194259455276497,2299.117685998842,6161174.274165404,20.381717958814512,6.369286862129535
3.42,std,0,2145667352574.0955,0.0021456673525740953,33,10,0.30303030303030304,1.0,100000000000000.0,151.82130799250604,0.07155029653104333,2297.1988517786126,6126934.5465087,20.141103676613046,6.103364750488802
3.4299999999999997,std,0,2155822220522.4163,0.0021558222205224162,43,10,0.23255813953488372,1.0,100000000000000.0,136.15191790978457,0.07116011753309788,2295.2717248041786,6092958.2436328735,19.903477440654427,4.628715683873122
3.44,std,0,2165990035789.3127,0.002165990035789313,28,10,0.35714285714285715,1.0,100000000000000.0,209.3353753560844,0.07077205761663512,2293.3364553206443,6059242.794044905,19.66880378451112,7.024572780182543
3.4499999999999997,std,0,2176170753868.0222,0.002176170753868022,47,10,0.2127659574468085,1.0,100000000000000.0,101.98285468670488,0.07038611642905952,2291.3931916677634,6025785.656462501,19.437047539926926,4.1355420297716865
3.46,std,0,2186364330503.8582,0.0021863643305038583,52,10,0.19230769230769232,1.0,100000000000000.0,151.40292650371117,0.07000229322022894,2289.4420802985665,5992584.319403749,19.20817383952402,3.69387958452385
3.4699999999999998,std,0,2196570721692.2437,0.002196570721692244,52,10,0.19230769230769232,1.0,100000000000000.0,126.13026196915033,0.06962058685492503,2287.4832658118726,5959636.300782556,18.98214811936457,3.6504130998778024
3.48,std,0,2206789883676.82,0.00220678988367682,38,10,0.2631578947368421,1.0,100000000000000.0,143.9112954802154,0.06924099582504298,2285.5168909607146,5926939.147505195,18.758936121042066,4.936562137116333
3.4899999999999998,std,0,2217021772947.5215,0.0022170217729475215,31,10,0.3225806451612903,1.0,100000000000000.0,205.84679365405714,0.06886351826150523,2283.543096689833,5894490.435082389,18.538503893805327,5.980162546388815
3.5,std,0,2227266346238.696,0.002227266346238696,28,10,0.35714285714285715,1.0,100000000000000.0,65.88094918786844,0.06848815194590231,2281.562022150626,5862287.767236518,18.32081779622686,6.543149212938164
3.51,std,0,2237523560527.2344,0.0022375235605272344,34,10,0.29411764705882354,1.0,100000000000000.0,119.32768760545552,0.06811489432186627,2279.57380472595,5830328.775524363,18.105844497761556,5.325248381694576
3.52,std,0,2247793373030.7275,0.0022477933730307275,23,10,0.43478260869565216,1.0,100000000000000.0,123.18611941610175,0.06774374250617998,2277.578580050883,5798611.1189587405,17.893550980036753,7.779804773929023
3.53,std,0,2258075741205.62,0.0022580757412056203,21,10,0.47619047619047616,1.0,100000000000000.0,145.32896166959114,0.0673746932996273,2275.576482035861,5767132.483642135,17.683904537976137,8.420906922845779
3.54,std,0,2268370622745.405,0.0022683706227454047,52,10,0.19230769230769232,1.0,100000000000000.0,196.66824552422963,0.06700774319758737,2273.5676428894612,5735890.582397208,17.476872780696592,3.3609370732108834
3.55,std,0,2278677975578.815,0.002278677975578815,22,10,0.45454545454545453,1.0,100000000000000.0,101.49599054504996,0.06664288840037871,2271.55219313193,5704883.154414197,17.272423632181,7.851101650991363
3.56,std,0,2288997757868.039,0.0022889977578680392,59,10,0.1694915254237288,1.0,100000000000000.0,110.62418324720579,0.06628012482335588,2269.530261629588,5674107.964892094,17.070525331895688,2.8933093782874044
3.57,std,0,2299329928006.97,0.00229932992800697,40,10,0.25,1.0,100000000000000.0,146.74789923322456,0.06591944810676449,2267.501975602786,5643562.804696245,16.871146435065842,4.217786608766461
3.58,std,0,2309674444619.432,0.0023096744446194323,37,10,0.2702702702702703,1.0,100000000000000.0,116.82870679281123,0.06556085362535716,2265.4674606539015,5613245.49001041,16.6742558129067,4.506555625109919
3.59,std,0,2320031266557.4683,0.002320031266557468,31,10,0.3225806451612903,1.0,100000000000000.0,159.44908043758903,0.0652043364977763,2263.426840785735,5583153.862002588,16.47982265264957,5.316071823435345
3.5999999999999996,std,0,2330400352899.608,0.002330400352899608,42,10,0.23809523809523808,1.0,100000000000000.0,96.35074106723457,0.06484989159570673,2261.3802384202536,5553285.786493722,16.28781645741342,3.8780515374793856
3.61,std,0,2340781662949.169,0.0023407816629491688,47,10,0.2127659574468085,1.0,100000000000000.0,79.82563466208248,0.06449751355280299,2259.327774417935,5523639.15362708,16.098207045924735,3.4251504353031352
3.6199999999999997,std,0,2351175156232.572,0.0023511751562325716,37,10,0.2702702702702703,1.0,100000000000000.0,79.39394381802597,0.06414719677339552,2257.26956810197,5494211.877547617,15.910964552149373,4.300260689770101
3.63,std,0,2361580792497.6714,0.0023615807924976715,48,10,0.20833333333333334,1.0,100000000000000.0,174.44572574401494,0.06379893544097907,2255.205737269773,5465001.896084231,15.726059424696812,3.276262380145169
3.6399999999999997,std,0,2371998531712.0938,0.002371998531712094,37,10,0.2702702702702703,1.0,100000000000000.0,82.89261764775871,0.06345272352648877,2253.1363982190883,5436007.170438018,15.543462426207366,4.200935790866856
3.65,std,0,2382428334061.607,0.0023824283340616067,41,10,0.24390243902439024,1.0,100000000000000.0,119.80707432313963,0.0631085547963669,2251.0616657618684,5407225.684871397,15.363144632522866,3.7471084469567963
3.6599999999999997,std,0,2392870159948.479,0.002392870159948479,51,10,0.19607843137254902,1.0,100000000000000.0,147.55657027729313,0.06276642282042497,2248.981653246703,5378655.446409031,15.185077431824627,2.9774661631028683
3.67,std,0,2403323969989.889,0.0024033239699898894,27,10,0.37037037037037035,1.0,100000000000000.0,79.3859681582579,0.062426320979504686,2246.896472574598,5350294.484533614,15.009232523590065,5.558975008737061
3.6799999999999997,std,0,2413789725016.3174,0.0024137897250163173,61,10,0.16393442622950818,1.0,100000000000000.0,92.49758718748028,0.06208824247294238,2244.806234212861,5322140.850894996,14.835581917461024,2.4320626094198396
3.69,std,0,2424267386069.959,0.002424267386069959,51,10,0.19607843137254902,1.0,100000000000000.0,60.73338527520067,0.06175218032584041,2242.711047226184,5294192.619019311,14.664097932116746,2.8753133200228915
3.6999999999999997,std,0,2434756914403.179,0.002434756914403179,26,10,0.38461538461538464,1.0,100000000000000.0,119.33086113881961,0.061418127396149415,2240.6110192772403,5266447.884021641,14.4947531938499,5.5749050745576545
3.71,std,0,2445258271476.937,0.002445258271476937,39,10,0.2564102564102564,1.0,100000000000000.0,105.51890977783603,0.06108607638156587,2238.506256657416,5238904.762326913,14.327520635266561,3.673723239811938
3.7199999999999998,std,0,2455771418959.265,0.002455771418959265,37,10,0.2702702702702703,1.0,100000000000000.0,150.12122211001446,0.06075601982624775,2236.396864296657,5211561.39139034,14.16237349375299,3.8276685118251326
3.73,std,0,2466296318723.7295,0.0024662963187237295,27,10,0.37037037037037035,1.0,100000000000000.0,77.73276181223557,0.06042795012735299,2234.2829457818602,5184415.929424091,13.999285309926911,5.1849204851581145
3.7399999999999998,std,0,2476832932847.9375,0.0024768329328479373,28,10,0.35714285714285715,1.0,100000000000000.0,71.75594658113975,0.060101859541404255,2232.164603377401,5157466.555130386,13.838229926034249,4.94222497358366
3.75,std,0,2487381223612.0234,0.0024873812236120233,36,10,0.2777777777777778,1.0,100000000000000.0,170.2642721775464,0.05977774019048319,2230.0419380351013,5130711.467432381,13.679181484193323,3.7997726344981455
3.76,std,0,2497941153497.18,0.0024979411534971803,41,10,0.24390243902439024,1.0,100000000000000.0,79.7976550963076,0.059455584068258405,2227.915049414993,5104148.885215932,13.522114424660595,3.298076688941608
3.77,std,0,2508512685184.1772,0.0025085126851841773,70,10,0.14285714285714285,1.0,100000000000000.0,136.7122577982623,0.05913538304585055,2225.784035900743,5077777.047071797,13.367003483991844,1.9095719262845492
3.78,std,0,2519095781551.9146,0.0025190957815519146,44,10,0.22727272727272727,1.0,100000000000000.0,137.10197481535846,0.05881712887753789,2223.648994615673,5051594.211037625,13.21382369313889,3.003141748440657
3.79,std,0,2529690405675.975,0.0025296904056759753,18,10,0.5555555555555556,1.0,100000000000000.0,60.315613792734325,0.05850081320630583,2221.5100214367576,5025598.654353037,13.062550375504994,7.256972430836108
3.8,std,0,2540296520827.186,0.002540296520827186,39,10,0.2564102564102564,1.0,100000000000000.0,101.45635586206564,0.058186427569244414,2219.3672110108832,4999788.673212268,12.913159144947228,3.3110664474223657
3.81,std,0,2550914090470.2227,0.0025509140904702225,42,10,0.23809523809523808,1.0,100000000000000.0,95.16020361770344,0.05787396340279591,2217.2206567686108,4974162.582516595,12.765625903706914,3.0394347389778362
3.82,std,0,2561543078262.182,0.0025615430782621822,64,10,0.15625,1.0,100000000000000.0,78.17386326853867,0.0575634120478575,2215.0704509484985,4948718.7156405095,12.619926840383442,1.9718635688099129
3.83,std,0,2572183448051.204,0.0025721834480512042,50,10,0.2,1.0,100000000000000.0,75.05409887387538,0.057254764754740534,2212.916684593189,4923455.424194368,12.476038427686012,2.4952076855372027
3.84,std,0,2582835163875.0864,0.0025828351638750866,30,10,0.3333333333333333,1.0,100000000000000.0,116.39080682954406,0.056948012687991136,2210.759447586665,4898371.077789676,12.333937420382112,4.111312473460703
3.8499999999999996,std,0,2593498189959.9194,0.0025934981899599194,30,10,0.3333333333333333,1.0,100000000000000.0,71.78187771884389,0.056643146931074334,2208.5988286477227,4873464.063811505,12.193600852970636,4.0645336176568785
3.86,std,0,2604172490718.7295,0.0026041724907187296,44,10,0.22727272727272727,1.0,100000000000000.0,75.48361285064414,0.056340158490925135,2206.4349153611797,4848732.787193777,12.055006037534929,2.7397740994397566
3.8699999999999997,std,0,2614858030750.1416,0.0026148580307501414,35,10,0.2857142857142857,1.0,100000000000000.0,137.53210389957468,0.05603903830236975,2204.267794180721,4824175.670194775,11.918130561399249,3.405180160399785
3.88,std,0,2625554774837.041,0.002625554774837041,51,10,0.19607843137254902,1.0,100000000000000.0,71.16711868033633,0.05573977723241955,2202.097550451564,4799791.152178878,11.782952284875503,2.310382800955981
3.8899999999999997,std,0,2636262687945.259,0.002636262687945259,28,10,0.35714285714285715,1.0,100000000000000.0,73.4624857384641,0.05544236608444147,2199.9242684140163,4775577.689400512,11.649449338878762,4.16051762102813
3.9,std,0,2646981735222.2646,0.0026469817352222647,51,10,0.19607843137254902,1.0,100000000000000.0,50.17877043244779,0.0551467956022065,2197.7480312245957,4751533.754790982,11.517600122615082,2.2583529652186436
3.9099999999999997,std,0,2657711881995.8657,0.0026577118819958658,40,10,0.25,1.0,100000000000000.0,167.2826279102234,0.0548530564738208,2195.5689209728826,4727657.837746424,11.387383301219987,2.846845825304997
3.92,std,0,2668453093772.933,0.0026684530937729333,40,10,0.25,1.0,100000000000000.0,73.84586371931402,0.054561139335540465,2193.387018680091,4703948.4439248545,11.25877780329865,2.8146944508246623
3.9299999999999997,std,0,2679205336238.118,0.002679205336238118,38,10,0.2631578947368421,1.0,100000000000000.0,140.4172722410088,0.054271034775474035,2191.2024043301612,4680404.095037893,11.131762818599942,2.929411268052616
3.94,std,0,2689968575252.6,0.0026899685752526,54,10,0.18518518518518517,1.0,100000000000000.0,120.33291343573595,0.05398273333717482,2189.0151568703486,4657023.328652699,11.006317795535082,2.0382069991731635
3.9499999999999997,std,0,2700742776852.8315,0.0027007427768528315,20,10,0.5,1.0,100000000000000.0,155.94509973170526,0.053696225523125696,2186.8253542286693,4633804.697992794,10.882422438762253,5.441211219381127
3.96,std,0,2711527907249.294,0.002711527907249294,30,10,0.3333333333333333,1.0,100000000000000.0,103.26608233003549,0.05341150179811911,2184.6330733231525,4610746.771740449,10.760056706716247,3.5866855689054153
3.9699999999999998,std,0,2722323932825.2793,0.0027223239328252793,33,10,0.30303030303030304,1.0,100000000000000.0,93.53522311189809,0.05312855259253501,2182.438390080709,4587848.13384705,10.639200809189788,3.2240002452090266
3.98,std,0,2733130820135.6655,0.0027331308201356654,36,10,0.2777777777777778,1.0,100000000000000.0,59.54943461735627,0.05284736830551836,2180.2413794449594,4565107.3833417045,10.519835204841927,2.9221764457894244
3.9899999999999998,std,0,2743948535905.7095,0.0027439485359057095,42,10,0.23809523809523808,1.0,100000000000000.0,139.3590060587763,0.05256793930805998,2178.0421153844245,4542523.13414405,10.401940598707965,2.476652523501896
4.0,std,0,2754777047029.8594,0.0027547770470298595,47,10,0.2127659574468085,1.0,100000000000000.0,134.77634419422753,0.05229025594598198,2175.8406709142373,4520094.014880405,10.28549793977208,2.188403816972783
4.01,std,0,2765616320570.553,0.0027656163205705534,50,10,0.2,1.0,100000000000000.0,129.25888747731827,0.052014308542830644,2173.6371181024306,4497818.66870036,10.170488418457657,2.0340976836915314
4.02,std,0,2776466323757.06,0.0027764663237570602,31,10,0.3225806451612903,1.0,100000000000000.0,58.14291076869547,0.051740087402679,2171.4315280750425,4475695.7530969195,10.056893464115083,3.2441591819726074
4.03,std,0,2787327023984.304,0.002787327023984304,37,10,0.2702702702702703,1.0,100000000000000.0,122.2356964283078,0.05146758281284127,2169.2239710448266,4453723.939732424,9.944694742627254,2.6877553358452038
4.04,std,0,2798198388811.7095,0.0027981983888117094,37,10,0.2702702702702703,1.0,100000000000000.0,63.53628798084641,0.05119678504650158,2167.014516304255,4431901.9142613495,9.833874153837113,2.6578038253613823
4.05,std,0,2809080385962.07,0.00280908038596207,42,10,0.23809523809523808,1.0,100000000000000.0,95.81624098252988,0.05092768436525858,2164.8032322487716,4410228.376158676,9.724413829126055,2.3153366259823938
4.06,std,0,2819972983320.387,0.0028199729833203874,51,10,0.19607843137254902,1.0,100000000000000.0,131.42957189592812,0.05066027102158882,2162.590186381423,4388702.038552683,9.616296128914557,1.8855482605714817
4.07,std,0,2830876148932.772,0.002830876148932772,47,10,0.2127659574468085,1.0,100000000000000.0,100.72853640524119,0.05039453526123035,2160.3754453302968,4367321.6280537555,9.509503640211882,2.023298646853592
4.08,std,0,2841789851005.3076,0.0028417898510053074,37,10,0.2702702702702703,1.0,100000000000000.0,72.9112075463706,0.05013046732548883,2158.1590748513718,4346085.884590511,9.404019174117598,2.5416268038155674
4.09,std,0,2852714057902.969,0.0028527140579029694,39,10,0.2564102564102564,1.0,100000000000000.0,105.52573742079892,0.049868057453468215,2155.941139844062,4324993.5612532655,9.299825763397802,2.3845707085635386
4.1,std,0,2863648738148.4946,0.0028636487381484945,41,10,0.24390243902439024,1.0,100000000000000.0,96.65380294842022,0.04960729588422757,2153.7217043605883,4304043.424121051,9.196906660001073,2.24314796585392
4.109999999999999,std,0,2874593860421.333,0.002874593860421333,26,10,0.38461538461538464,1.0,100000000000000.0,78.54133274884025,0.04934817285886632,2151.500831620812,4283234.252119073,9.095245332667618,3.498171281795238
4.12,std,0,2885549393556.536,0.002885549393556536,26,10,0.38461538461538464,1.0,100000000000000.0,87.596646668939,0.04909067862253967,2149.2785840134206,4262564.836847282,8.994825464423005,3.45954825554731
4.13,std,0,2896515306543.707,0.002896515306543707,47,10,0.2127659574468085,1.0,100000000000000.0,93.75440221695465,0.04883480342640599,2147.05502311076,4242033.982438276,8.895630950199402,1.892687436212639
4.14,std,0,2907491568525.9463,0.0029074915685259463,33,10,0.30303030303030304,1.0,100000000000000.0,84.93449745292682,0.04858053752950762,2144.8302096843777,4221640.505400525,8.797645894433746,2.6659533013435595
4.1499999999999995,std,0,2918478148798.783,0.002918478148798783,54,10,0.18518518518518517,1.0,100000000000000.0,138.57146783671988,0.04832787120058748,2142.6042037050233,4201383.234468503,8.70085460862375,1.611269371967361
4.16,std,0,2929475016809.1533,0.0029294750168091534,29,10,0.3448275862068966,1.0,100000000000000.0,51.82921082410811,0.04807679471984265,2140.3770643580733,4181261.010457904,8.605241608967194,2.9673246927473085
4.17,std,0,2940482142154.355,0.002940482142154355,37,10,0.2702702702702703,1.0,100000000000000.0,113.87750487562744,0.04782729838061681,2138.148850053616,4161272.6861168793,8.510791613979219,2.3002139497241134
4.18,std,0,2951499494581.0293,0.002951499494581029,51,10,0.19607843137254902,1.0,100000000000000.0,87.81083842282052,0.0475793724910331,2135.9196184341663,4141417.125983926,8.417489542123732,1.6504881455144573
4.1899999999999995,std,0,2962527043984.153,0.0029625270439841526,43,10,0.23255813953488372,1.0,100000000000000.0,85.29270068469127,0.04733300737556878,2133.6894263821387,4121693.2062488887,8.325320509460823,1.9361210487118194
4.2,std,0,2973564760406.019,0.002973564760406019,46,10,0.21739130434782608,1.0,100000000000000.0,110.55707541623528,0.04708819337657378,2131.458330034323,4102099.814607074,8.234269827318672,1.7900586581127547
4.21,std,0,2984612614035.25,0.00298461261403525,54,10,0.18518518518518517,1.0,100000000000000.0,83.12639232634837,0.04684492085573398,2129.22638478687,4082635.850129579,8.144322999972328,1.5082079629578384
4.22,std,0,2995670575205.8047,0.0029956705752058046,51,10,0.19607843137254902,1.0,100000000000000.0,97.76601930889548,0.046603180195481396,2126.9936453075106,4063300.22312007,8.055465722335505,1.5795030828108834
4.2299999999999995,std,0,3006738614396.004,0.003006738614396004,35,10,0.2857142857142857,1.0,100000000000000.0,112.54291021557523,0.0463629618003518,2124.760165538286,4044091.8549862206,7.967683877658071,2.2764811079023057
4.24,std,0,3017816702227.545,0.0030178167022275448,33,10,0.30303030303030304,1.0,100000000000000.0,132.59872115733032,0.046124256098292224,2122.5259987133463,4025009.6781047075,7.880963535280996,2.3881707682669684
4.25,std,0,3028904809464.5537,0.0030289048094645538,28,10,0.35714285714285715,1.0,100000000000000.0,117.36119404708138,0.04588705354191895,2120.2911973614405,4006052.635690871,7.795290948355849,2.78403248155566
4.26,std,0,3040002907012.615,0.003040002907012615,48,10,0.20833333333333334,1.0,100000000000000.0,77.51312328581717,0.04565134460972769,2118.055813315529,3987219.681670151,7.710652551608978,1.6063859482518703
4.27,std,0,3051110965917.8394,0.0030511109659178393,26,10,0.38461538461538464,1.0,100000000000000.0,96.89757326841132,0.04541711980725716,2115.8198977221573,3968509.7805564064,7.627034959132195,2.9334749842816135
4.28,std,0,3062228957365.9155,0.0030622289573659154,48,10,0.20833333333333334,1.0,100000000000000.0,57.38397973269514,0.0451843696682072,2113.583501051066,3949921.907314913,7.544424962159178,1.571755200449829
4.29,std,0,3073356852681.1704,0.00307335685268117,40,10,0.25,1.0,100000000000000.0,113.23174989042654,0.04495308475551311,2111.3466730983955,3931455.0472522303,7.462809526885953,1.8657023817214882
4.3,std,0,3084494623325.6567,0.003084494623325657,38,10,0.2631578947368421,1.0,100000000000000.0,132.4134639637623,0.04472325566237682,2109.109463004008,3913108.1958865277,7.382175792319338,1.9426778400840363
4.31,std,0,3095642240898.2393,0.0030956422408982393,26,10,0.38461538461538464,1.0,100000000000000.0,72.92185803646649,0.044494873013256726,2106.871919250066,3894880.358826569,7.302511068091092,2.8086581031119584
4.32,std,0,3106799677133.6753,0.0031067996771336755,33,10,0.30303030303030304,1.0,100000000000000.0,117.41387045462061,0.044267927464816684,2104.6340896711163,3876770.551660913,7.22380283234846,2.189031161317715
4.33,std,0,3117966903901.7236,0.0031179669039017237,33,10,0.30303030303030304,1.0,100000000000000.0,99.60316128236165,0.04404240970683595,2102.396021471532,3858777.7998315697,7.146038729656242,2.165466281714013
4.34,std,0,3129143893206.2397,0.00312914389320624,54,10,0.18518518518518517,1.0,100000000000000.0,132.71605989708246,0.04381831046308065,2100.157761216733,3840901.138524533,7.069206568856791,1.3091123275660723
4.35,std,0,3140330617184.301,0.003140330617184301,54,10,0.18518518518518517,1.0,100000000000000.0,144.47555848841267,0.043595620492138186,2097.9193548567982,3823139.612554538,6.9932943210469665,1.2950545038975863
4.36,std,0,3151527048105.3257,0.0031515270481053256,28,10,0.35714285714285715,1.0,100000000000000.0,104.6857433703477,0.04337433058821551,2095.6808477211243,3805492.276251821,6.918290117476943,2.470817899098908
4.37,std,0,3162733158370.193,0.003162733158370193,65,10,0.15384615384615385,1.0,100000000000000.0,96.5815442409839,0.0431544315819022,2093.442284536583,3787958.1933524255,6.844182247551824,1.0529511150079731
4.38,std,0,3173948920510.3945,0.0031739489205103947,44,10,0.22727272727272727,1.0,100000000000000.0,76.78500287213178,0.042935914340899516,2091.2037094277557,3770536.4368874063,6.770959156788314,1.538854353815526
4.39,std,0,3185174307187.163,0.003185174307187163,32,10,0.3125,1.0,100000000000000.0,44.51850286465244,0.04271876977071631,2088.965165928087,3753226.089076467,6.698609444833064,2.0933154515103327
4.3999999999999995,std,0,3196409291190.6294,0.0031964092911906292,40,10,0.25,1.0,100000000000000.0,87.71196942748155,0.0425029888153329,2086.7266969832103,3736026.2412209357,6.627121863471627,1.6567804658679068
4.41,std,0,3207653845438.9736,0.0032076538454389736,45,10,0.2222222222222222,1.0,100000000000000.0,115.53385156741811,0.04228856245783335,2084.488344964351,3718935.9935974055,6.55648531468853,1.456996736597451
4.42,std,0,3218907942977.6016,0.0032189079429776014,39,10,0.2564102564102564,1.0,100000000000000.0,74.16983400535528,0.042075481721007855,2082.2501516672623,3701954.455356704,6.48668884870825,1.6632535509508333
4.43,std,0,3230171556978.303,0.0032301715569783033,25,10,0.4,1.0,100000000000000.0,122.79384619936756,0.041863737667925324,2080.012158323614,3685080.744418201,6.417721662085481,2.5670886648341926
4.4399999999999995,std,0,3241444660738.4395,0.0032414446607384397,56,10,0.17857142857142858,1.0,100000000000000.0,86.35400191059652,0.041653321402477496,2077.774405614995,3668313.9873721073,6.349573095834416,1.1338523385418602
4.45,std,0,3252727227680.114,0.003252727227680114,67,10,0.14925373134328357,1.0,100000000000000.0,59.07427276860924,0.041444224069895445,2075.5369336625895,3651653.319377335,6.282232633493204,0.9376466617154036
4.46,std,0,3264019231349.3843,0.0032640192313493845,32,10,0.3125,1.0,100000000000000.0,51.9687331008133,0.041236436857238865,2073.299782047941,3635097.884063798,6.215689899310182,1.9424030935344319
4.47,std,0,3275320645415.4395,0.0032753206454154394,61,10,0.16393442622950818,1.0,100000000000000.0,134.55189464528112,0.04102995099385941,2071.0629898181755,3618646.833436934,6.149934656403202,1.0081860092464265
4.4799999999999995,std,0,3286631443669.819,0.0032866314436698187,36,10,0.2777777777777778,1.0,100000000000000.0,73.4487390116092,0.04082475775183858,2068.8265954835065,3602299.327779113,6.08495680490909,1.690265779141414
4.49,std,0,3297951600025.6123,0.0032979516000256125,45,10,0.2222222222222222,1.0,100000000000000.0,71.62428888419075,0.04062084844640118,2066.590637035511,3586054.5355572705,6.020746380223757,1.3379436400497238
4.5,std,0,3309281088516.6904,0.0033092810885166904,49,10,0.20408163265306123,1.0,100000000000000.0,78.16395102498011,0.04041821443630461,2064.355151943804,3569911.633328093,5.957293551191672,1.2157741941207494
4.51,std,0,3320619883296.908,0.003320619883296908,40,10,0.25,1.0,100000000000000.0,70.81511806013404,0.04021684712420523,2062.120177168855,3553869.805647869,5.89458861836892,1.47364715459223
4.52,std,0,3331967958639.358,0.003331967958639358,48,10,0.20833333333333334,1.0,100000000000000.0,84.24521084812018,0.04001673795700224,2059.885749164125,3537928.2449801154,5.832622012269082,1.2151295858893922
4.53,std,0,3343325288935.5923,0.0033433252889355923,29,10,0.3448275862068966,1.0,100000000000000.0,42.58899866089517,0.03981787842615967,2057.651903883301,3522086.15160432,5.771384291643896,1.9901325143599642
4.54,std,0,3354691848694.8677,0.0033546918486948678,40,10,0.25,1.0,100000000000000.0,67.19756030109882,0.03962026006800758,2055.4186767903857,3506342.7335315645,5.710866141800878,1.4277165354502195
4.55,std,0,3366067612543.3926,0.0033660676125433927,48,10,0.20833333333333334,1.0,100000000000000.0,96.43857223738307,0.0394238744640223,2053.186102856489,3490697.2064130404,5.651058372889732,1.177303827685361
4.56,std,0,3377452555223.5903,0.00337745255522359,39,10,0.2564102564102564,1.0,100000000000000.0,86.00298039735183,0.03922871324108732,2050.954216575732,3475148.7934561176,5.591951918272548,1.433833825198089
4.57,std,0,3388846651593.3413,0.0033888466515933414,36,10,0.2777777777777778,1.0,100000000000000.0,63.611149201616264,0.03903476807173469,2048.7230519654836,3459696.7253384124,5.533537832864482,1.5370938424623561
4.58,std,0,3400249876625.2744,0.0034002498766252743,52,10,0.19230769230769232,1.0,100000000000000.0,60.91069401553576,0.03884203067436807,2046.49264257229,3444340.2401227453,5.475807291509709,1.0530398637518672
4.59,std,0,3411662205406.019,0.0034116622054060192,51,10,0.19607843137254902,1.0,100000000000000.0,89.31071766522938,0.0386504928134673,2044.2630214789976,3429078.583176759,5.4187515873854615,1.0625003112520512
4.6,std,0,3423083613135.4883,0.003423083613135488,24,10,0.4166666666666667,1.0,100000000000000.0,57.22021548611534,0.038460146299776024,2042.0342213113963,3413911.0070874332,5.3623621304140165,2.2343175543391736
4.61,std,0,3434514075126.175,0.003434514075126175,51,10,0.19607843137254902,1.0,100000000000000.0,62.93498487450516,0.03827098299047199,2039.80627424083,3398836.7715838132,5.3066304456944815,1.0405157736655846
4.62,std,0,3445953566802.4204,0.0034459535668024204,42,10,0.23809523809523808,1.0,100000000000000.0,81.68132226366119,0.038082994789321374,2037.5792119914333,3383855.1434541843,5.2515481719555,1.250368612370357
4.63,std,0,3457402063699.726,0.003457402063699726,21,10,0.47619047619047616,1.0,100000000000000.0,53.78251682371926,0.03789617364681675,2035.353065844999,3368965.396468138,5.1971070600265925,2.4748128857269487
4.64,std,0,3468859541464.0537,0.0034688595414640536,36,10,0.2777777777777778,1.0,100000000000000.0,83.31742467356739,0.03771051156030021,2033.1278666469082,3354166.8113015178,5.143298971333856,1.4286941587038489
4.6499999999999995,std,0,3480325975851.123,0.0034803259758511233,36,10,0.2777777777777778,1.0,100000000000000.0,90.43761377755847,0.03752600057407135,2030.9036448128948,3339458.6754533774,5.090115876402384,1.4139210767784403
4.66,std,0,3491801342725.7305,0.0034918013427257303,56,10,0.17857142857142858,1.0,100000000000000.0,56.28253299207163,0.03734263277948092,2028.6804303283336,3324840.2831766997,5.037549853378098,0.8995624738175175
4.67,std,0,3503285618061.0586,0.0035032856180610586,38,10,0.2631578947368421,1.0,100000000000000.0,82.75465817768722,0.037160400315010805,2026.4582527618852,3310310.935399574,4.9855930865878655,1.3119981806810173
4.68,std,0,3514778777938.021,0.003514778777938021,49,10,0.20408163265306123,1.0,100000000000000.0,51.33385082161531,0.036979295366340204,2024.2371412654966,3295869.9396521407,4.934237865090768,1.0069873194062793
4.6899999999999995,std,0,3526280798544.558,0.0035262807985445583,42,10,0.23809523809523808,1.0,100000000000000.0,99.01797959410132,0.03679931016639911,2022.0171245744004,3281516.609994206,4.883476581247683,1.1627325193446862
4.7,std,0,3537791656174.9985,0.0035377916561749987,28,10,0.35714285714285715,1.0,100000000000000.0,35.317932962937064,0.036620436995409095,2019.7982310289474,3267250.26694219,4.8333017293592615,1.7261791890568792
4.71,std,0,3549311327229.3843,0.003549311327229384,41,10,0.24390243902439024,1.0,100000000000000.0,94.90452747960342,0.03644266818091213,2017.5804885564528,3253070.2373980703,4.783705904226284,1.166757537616167
4.72,std,0,3560839788212.8174,0.003560839788212817,48,10,0.20833333333333334,1.0,100000000000000.0,89.7609516023635,0.03626599609778732,2015.3639246969444,3238975.8545814385,4.7346817998369595,0.9863920416326999
4.7299999999999995,std,0,3572377015734.8057,0.0035723770157348057,48,10,0.20833333333333334,1.0,100000000000000.0,78.36892319353474,0.03609041316825672,2013.148566593907,3224966.457955114,4.686222207976734,0.9762962933284863
4.74,std,0,3583922986508.633,0.003583922986508633,64,10,0.15625,1.0,100000000000000.0,79.904070607188,0.03591591186187994,2010.9344410081649,3211041.393161196,4.638320016924634,0.7247375026444741
4.75,std,0,3595477677350.693,0.003595477677350693,20,10,0.5,1.0,100000000000000.0,106.11200909610693,0.035742484695538375,2008.72157431278,3197200.011952672,4.590968210114337,2.2954841050571684
4.76,std,0,3607041065179.8706,0.0036070410651798707,29,10,0.3448275862068966,1.0,100000000000000.0,80.84950915364871,0.035570124233408995,2006.509992509664,3183441.672123255,4.5441598648588855,1.5669516775375467
4.77,std,0,3618613127016.921,0.003618613127016921,43,10,0.23255813953488372,1.0,100000000000000.0,77.46621705809825,0.03539882308692853,2004.299721223882,3169765.737445429,4.497888151051349,1.0460205002444998
4.78,std,0,3630193839983.813,0.003630193839983813,51,10,0.19607843137254902,1.0,100000000000000.0,70.24204504887192,0.03522857391474806,2002.0907857123145,3156171.577604061,4.452146329907674,0.8729698686093478
4.79,std,0,3641783181303.1343,0.0036417831813031344,56,10,0.17857142857142858,1.0,100000000000000.0,96.94940321926215,0.0350593694226785,1999.883210871371,3142658.568130008,4.406927752722376,0.7869513844147099
4.8,std,0,3653381128297.468,0.003653381128297468,37,10,0.2702702702702703,1.0,100000000000000.0,74.928012072911,0.034891202363627125,1997.6770212314111,3129226.0903392765,4.362225859617842,1.1789799620588763
4.81,std,0,3664987658388.783,0.0036649876583887834,24,10,0.4166666666666667,1.0,100000000000000.0,72.43362173938706,0.034724065537525745,1995.4722409747824,3115873.5312690753,4.318034178356603,1.7991809076485847
4.82,std,0,3676602749097.821,0.003676602749097821,44,10,0.22727272727272727,1.0,100000000000000.0,100.91137502667286,0.03455795179125056,1993.2688939292925,3102600.2836156418,4.274346323116714,0.9714423461628896
4.83,std,0,3688226378043.5005,0.0036882263780435003,32,10,0.3125,1.0,100000000000000.0,64.37366365119496,0.03439285401853435,1991.067003574143,3089405.7456736234,4.231155993311867,1.3222362479099583
4.84,std,0,3699858522942.3203,0.0036998585229423204,49,10,0.20408163265306123,1.0,100000000000000.0,65.85491410137284,0.034228765159870625,1988.8665930488282,3076289.321274794,4.188456972431205,0.8547871372308582
4.85,std,0,3711499161607.7583,0.0037114991616077585,36,10,0.2777777777777778,1.0,100000000000000.0,84.92189608716572,0.034065678202410896,1986.6676851555078,3063250.419728769,4.146243126882282,1.151734201911745
4.86,std,0,3723148271949.7017,0.003723148271949702,36,10,0.2777777777777778,1.0,100000000000000.0,66.84850876813982,0.03390358617985464,1984.4703023592447,3050288.455764161,4.104508404844723,1.1401412235679786
4.87,std,0,3734805831973.845,0.003734805831973845,22,10,0.45454545454545453,1.0,100000000000000.0,54.95550857014872,0.033742482172332715,1982.274466794768,3037402.8494712934,4.063246835154022,1.8469303796154644
4.88,std,0,3746471819781.118,0.0037464718197811183,32,10,0.3125,1.0,100000000000000.0,64.28493881103662,0.03358235930628393,1980.0802002739485,3024593.026241584,4.022452526196026,1.2570164144362581
4.89,std,0,3758146213567.115,0.0037581462135671154,44,10,0.22727272727272727,1.0,100000000000000.0,82.35530152468056,0.03342321075432565,1977.887524281646,3011858.4167142524,3.9821196648014365,0.905027196545781
4.8999999999999995,std,0,3769828991621.517,0.003769828991621517,36,10,0.2777777777777778,1.0,100000000000000.0,68.4124883340731,0.03326502973511832,1975.6964599857936,2999198.4567176998,3.9422425151762157,1.0950673653267267
4.91,std,0,3781520132327.5366,0.0037815201323275365,39,10,0.2564102564102564,1.0,100000000000000.0,79.7986122389071,0.033107809513224104,1973.5070282429763,2986612.5872155535,3.9028154178422243,1.0007219020108267
4.92,std,0,3793219614161.3413,0.003793219614161341,45,10,0.2222222222222222,1.0,100000000000000.0,115.11686881087189,0.032951543398960184,1971.319249595345,2974100.254251155,3.863832788572153,0.8586295085715895
4.93,std,0,3804927415691.5186,0.0038049274156915186,27,10,0.37037037037037035,1.0,100000000000000.0,37.897438414437715,0.032796224748246505,1969.1331442769044,2961660.908893382,3.8252891173584485,1.4167737471697956
4.9399999999999995,std,0,3816643515578.4976,0.0038166435155784976,47,10,0.2127659574468085,1.0,100000000000000.0,94.69668713339134,0.03264184696244863,1966.948732221465,2949294.0071838005,3.787178967400122,0.8057827590213026
4.95,std,0,3828367892574.019,0.003828367892574019,49,10,0.20408163265306123,1.0,100000000000000.0,64.75055331155076,0.03248840348821557,1964.7660330619292,2936999.0100829303,3.7494969740844697,0.7652034640988714
4.96,std,0,3840100525520.5835,0.0038401005255205836,28,10,0.35714285714285715,1.0,100000000000000.0,57.513834305334946,0.03233588781731316,1962.585066133496,2924775.38341962,3.71223784399357,1.3257992299977037
4.97,std,0,3851841393350.9087,0.0038518413933509086,47,10,0.2127659574468085,1.0,100000000000000.0,79.65269549147247,0.032184293486452624,1960.405850480779,2912622.597837311,3.67539635392691,0.7819992242397681
4.9799999999999995,std,0,3863590475087.4033,0.0038635904750874035,58,10,0.1724137931034483,1.0,100000000000000.0,82.1561285741994,0.03203361407711513,1958.228404857453,2900540.12874541,3.638967349928924,0.6274081637808491
4.99,std,0,3875347749841.6226,0.0038753477498416227,25,10,0.4,1.0,100000000000000.0,57.54129614780146,0.03188384321537219,1956.052747734082,2888527.4562673313,3.6029457463402106,1.4411782985360844
