z,luminosity_function,alpha_intrinsic,L_min_Jy_kpc2,L_min_over_L_star,n_generated,n_detected,detection_rate_10_per_n,N_ratio_detectable_L,mean_detected_L,mean_SNR,SFR_psi,comoving_volume_Mpc3,time_Gyr,nfrb_sfr_base,n_total_population_scaled
0.01,schechter,-2,10000000000.0,1e-05,12,10,0.8333333333333334,1.0,1222622428101.0508,300993.3807509482,0.015366633837018974,0.5785742365974271,137678720.05218962,0.024481309778409736,0.020401091482008114
0.02,schechter,-2,10000000000.0,1e-05,19,10,0.5263157894736842,1.0,514940436918.8455,8444.377713847069,0.015778461234561884,2.16239298349845,135706863.92550436,0.0926042845445375,0.04873909712870394
0.03,schechter,-2,10000000000.0,1e-05,29,10,0.3448275862068966,1.0,3212507719272.2314,57043.18791080224,0.016197006898133106,4.76734216866083,133769703.76805276,0.20658503211610654,0.07123621797107123
0.04,schechter,-2,10000000000.0,1e-05,25,10,0.4,1.0,387502343143.532,1035.7951201402736,0.0166223021408091,8.364404312730482,131866423.28089881,0.36668269255063746,0.14667307702025498
0.05,schechter,-2,10000000000.0,1e-05,33,10,0.30303030303030304,1.0,2873024240904.9844,795.7293071736055,0.01705437728000787,12.92465862535894,129996236.70924087,0.5730806212298198,0.17366079431206663
0.060000000000000005,schechter,-2,10000000000.0,1e-05,35,10,0.2857142857142857,1.0,1265061660798.4546,403.49230281590036,0.017493261604641853,18.41930761342839,128158387.20751494,0.8258879334191469,0.2359679809768991
0.06999999999999999,schechter,-2,10000000000.0,1e-05,35,10,0.2857142857142857,1.0,1003317139524.0178,3546.819710369871,0.017938983341287663,24.819702806322713,126352145.30294725,1.125141177799425,0.32146890794269284
0.08,schechter,-2,10000000000.0,1e-05,22,10,0.45454545454545453,1.0,841577771568.3716,264.42859952118454,0.018391569619367408,32.0973695621877,124576807.45144194,1.4708061282262883,0.6685482401028583
0.09,schechter,-2,10000000000.0,1e-05,48,10,0.20833333333333334,1.0,3168297472548.6104,4769.074816051973,0.018851046435337065,40.224030923261886,122831694.67989907,1.8627796829645298,0.38807910061761036
0.09999999999999999,schechter,-2,10000000000.0,1e-05,33,10,0.30303030303030304,1.0,8914186566627.844,2930.9540619923037,0.019317438615878545,49.17163049340158,121116151.30983643,2.3008918607373787,0.6972399577992057
0.11,schechter,-2,10000000000.0,1e-05,46,10,0.21739130434782608,1.0,2977051434313.2896,353.05107604509146,0.019790769780093035,58.91235431455194,119429543.75708403,2.7849078830072282,0.6054147571754844
0.12,schechter,-2,10000000000.0,1e-05,44,10,0.22727272727272727,1.0,3121034903496.666,145.90670314203032,0.020271062300694323,69.41865172433629,117771259.40308331,3.3145303321244763,0.7533023482101082
0.13,schechter,-2,10000000000.0,1e-05,46,10,0.21739130434782608,1.0,2360870311210.04,62.19631513909307,0.02075833726420218,80.66325517954496,116140705.53330435,3.8894013751116465,0.8455220380677492
0.14,schechter,-2,10000000000.0,1e-05,58,10,0.1724137931034483,1.0,18903553406426.336,10397.366369588646,0.021252614430137,92.61919903596008,114537308.33873443,4.50910504317444,0.7774319039955931
0.15000000000000002,schechter,-2,10000000000.0,1e-05,59,10,0.1694915254237288,1.0,165020896279.99722,44.23067997008302,0.021753912189218152,105.25983727745997,112960511.97664525,5.173169557251122,0.8768083995340885
0.16,schechter,-2,10000000000.0,1e-05,41,10,0.24390243902439024,1.0,4028778200598.639,378.404157361117,0.02226224752057046,118.55886019199482,111409777.68701176,5.881069690269219,1.4344072415290776
0.17,schechter,-2,10000000000.0,1e-05,91,10,0.10989010989010989,1.0,6096094906945.489,853.2759175167421,0.02277763594794393,132.49030999517714,109884582.96125181,6.632229157106593,0.7288163908908344
0.18000000000000002,schechter,-2,10807809348.068111,1.0807809348068111e-05,41,10,0.24390243902439024,0.9616890558600859,21562749402379.23,591.4053289564746,0.023300091494954225,147.0285954049167,108384420.7601139,7.42602302358752,1.741835383011986
0.19,schechter,-2,12289707785.105736,1.2289707785105736e-05,58,10,0.1724137931034483,0.9014976999610668,8984043152136.691,283.3285975954392,0.023829626639352574,162.14850517508336,106908798.77780546,8.2617801263069,1.2841337554223662
0.2,schechter,-2,13894263359.060804,1.3894263359060804e-05,67,10,0.14925373134328357,0.8475126476672523,3283744396907.2817,1171.1904782664635,0.024366252266335785,177.82522059846457,105457238.74949963,9.138785495442855,1.1560054166725158
0.21000000000000002,schechter,-2,15626314093.893652,1.562631409389365e-05,46,10,0.21739130434782608,0.7988439687624799,1449152141503.3884,137.87468841141546,0.02490997762090884,194.03432699066585,104029275.79969656,10.056282773078198,1.7463914872703357
0.22,schechter,-2,17490761041.32706,1.749076104132706e-05,38,10,0.2631578947368421,0.7547601339145107,22374426498395.344,797.3968584945667,0.025460810259314456,210.75182417198116,102624457.82893437,11.013476620117618,2.1875087075432385
0.23,schechter,-2,19492567153.678867,1.9492567153678868e-05,32,10,0.3125,0.714659391641757,13486087785464.66,205.30090967888373,0.026018755999546127,227.95413596388005,101242344.93655138,12.009535105191182,2.682102203805079
0.24000000000000002,schechter,-2,21636756165.502403,2.1636756165502403e-05,47,10,0.2127659574468085,0.6780393621402753,2574736093568.2373,125.85555768064906,0.02658381887096318,245.61811872091408,99882508.87732875,13.043592069479795,1.881716775916603
0.25,schechter,-2,23928411485.08374,2.392841148508374e-05,62,10,0.16129032258064516,0.6444788182135939,9936420701154.773,453.6412276193484,0.027156001063028613,263.72106891901865,98544532.5499974,14.114749461754924,1.4672027504020602
0.26,schechter,-2,26372675096.753025,2.6372675096753024e-05,60,10,0.16666666666666666,0.6136208358631072,2294274446038.331,104.71304489314207,0.02773530287319293,282.24072982511046,97228009.51565525,15.222079638476304,1.556764205222769
0.27,schechter,-2,28974746474.94847,2.897474647494847e-05,61,10,0.16393442622950818,0.5851621711402959,7541390520411.977,98.11382124491146,0.0283217226539493,301.1552972709549,95932543.54423486,16.364627624040192,1.5698296771124296
0.28,schechter,-2,31739881510.80577,3.173988151080577e-05,46,10,0.21739130434782608,0.5588426451804804,9631301410821.34,46.34443163134358,0.028915256759088154,320.4434245612914,94657748.18751705,17.541413327047266,2.1310630051937447
0.29000000000000004,schechter,-2,34673391452.0794,3.46733914520794e-05,50,10,0.2,0.5344380073024294,5463311229764.467,498.1025074934772,0.029515899489181725,340.0842265408862,93403246.37677355,18.75143370845918,2.004295773042506
0.3,schechter,-2,37780641857.042694,3.7780641857042696e-05,61,10,0.16393442622950818,0.5117540152662099,10447681846009.426,174.76651285538506,0.03012364303633178,360.05728284972804,92168670.04385954,19.993664898218487,1.677350539598424
0.31,schechter,-2,41067051563.0035,4.10670515630035e-05,38,10,0.2631578947368421,0.49062193238500695,7951471381997.153,137.44808218276634,0.030738477428216556,380.3426403992901,90953659.76403436,21.2670642573687,2.7458126742385116
0.32,schechter,-2,44538091669.99517,4.453809166999517e-05,62,10,0.16129032258064516,0.4708938044864396,49277804940839.33,10181.436689282315,0.03136039047147566,400.92081509361424,89757864.41943079,22.570572382662334,1.7142488223723273
0.33,schechter,-2,48199284540.116005,4.819928454011601e-05,32,10,0.3125,0.4524393619125857,4295989469869.514,27.119740958303453,0.031989367694474906,421.77279283395256,88580940.88171776,23.90311505173664,3.3795969130408903
0.34,schechter,-2,52056202812.97406,5.205620281297406e-05,58,10,0.1724137931034483,0.43514474295426164,1352615879697.9253,86.73462665036277,0.032625392289495694,442.88002983175096,87422553.71285346,25.263605106561677,1.8954008534815092
0.35000000000000003,schechter,-2,56114468437.61086,5.611446843761086e-05,57,10,0.17543859649122806,0.4189084994277624,11412485332538.996,124.91092286724704,0.03326844505439697,464.22445226440965,86282374.8828454,26.650944273731934,1.9586503638670107
0.36000000000000004,schechter,-2,60379751721.21387,6.037975172121387e-05,62,10,0.16129032258064516,0.40364067545122717,8856869017569.848,131.11322259798501,0.03391850433380093,485.7884553057258,85160083.50335014,28.064024920319028,1.8270616088254266
0.37,schechter,-2,64857770394.91664,6.485777039491664e-05,33,10,0.30303030303030304,0.3892607769403983,2703963987159.1475,63.48716639178146,0.03457554595985672,507.5549015598003,84055365.5762477,29.501731744203845,3.479959702980606
0.38,schechter,-2,69554288696.89282,6.955428869689283e-05,77,10,0.12987012987012986,0.3756971402029423,9255284307292.58,563.4713562283393,0.035239543192639965,529.5071189345372,82967913.75619605,30.962943398485255,1.5107388684514909
0.39,schechter,-2,74475116472.93547,7.447511647293547e-05,86,10,0.11627906976744186,0.3628857586954294,50744066455010.516,76.68202883423895,0.03591046666024937,551.6288979804488,81897427.12626469,32.44653404926199,1.3691145494771535
0.4,schechter,-2,79626108294.65631,7.962610829465631e-05,73,10,0.136986301369863,0.3507684657939971,39628354028602.33,300.4091090505457,0.03658828429866464,573.9044887312106,80843610.98588744,33.951374867018245,1.6313796813288852
0.41000000000000003,schechter,-2,85013162595.39688,8.501316259539688e-05,87,10,0.11494252873563218,0.33929336642640784,8191459872396.639,357.36758776286536,0.03727296129143468,596.318597069905,79806176.65031886,35.47633545135142,1.3835500326162689
0.42000000000000004,schechter,-2,90642220823.919,9.064222082391901e-05,47,10,0.2127659574468085,0.3284131747378024,139255636394068.6,350.1127783648604,0.037964460009266905,618.8563806591,78784841.26087493,37.02028518988363,2.586797742320964
0.43,schechter,-2,96519266615.88997,9.651926661588997e-05,60,10,0.16666666666666666,0.3180852310968416,10372990667582.02,126.24717843354804,0.038662739949594106,641.5034444571419,77779327.60525452,38.582094551506394,2.0453990769360173
0.44,schechter,-2,102650324983.14798,0.00010265032498314798,42,10,0.23809523809523808,0.30827076372814466,8774800674048.65,65.95941546905416,0.03936775767619714,664.2458358531187,76789363.94735558,40.16063631496275,2.947702387767102
0.45,schechter,-2,109041461520.71664,0.00010904146152071664,53,10,0.18867924528301888,0.2989344607029475,29719054886890.6,138.09850796377197,0.04007946675896711,687.0700394468964,75814683.86589663,41.75478673356653,2.355083896974585
0.46,schechter,-2,115698781631.49454,0.00011569878163149454,70,10,0.14285714285714285,0.29004393763448366,46044232301835.24,1069.0822038017602,0.04079781771389325,709.9629715043798,74855026.10136408,43.363426637367695,1.7967570016037404
0.47000000000000003,schechter,-2,122628429768.50514,0.00012262842976850513,54,10,0.18518518518518517,0.28157006018440534,2865423938496.6367,66.42695481802956,0.04152275794336715,732.9119741114241,73910134.4107027,44.985442473794315,2.345658100883031
0.48000000000000004,schechter,-2,129836588694.613,0.000129836588694613,67,10,0.14925373134328357,0.27348595591725844,3552862461728.6016,87.68758744700672,0.04225423167689769,755.9048090535455,72979757.42922702,46.61972728820814,1.9029612958235074
0.49,schechter,-2,137329478759.53566,0.00013732947875953565,67,10,0.14925373134328357,0.26576639161746085,16208366739526.45,823.0574465083337,0.042992179912334685,778.9296514481183,72063648.53939462,48.26518164603429,1.9145168905713181
0.5,schechter,-2,145113357193.99542,0.00014511335719399543,61,10,0.16393442622950818,0.25838913376238093,65003279097980.67,53.64577712617673,0.04373654035770323,801.9750831491526,71161565.7458431,49.92071449771012,2.114585274731549
0.51,schechter,-2,153194517420.81635,0.00015319451742081634,84,10,0.11904761904761904,0.25133317767028585,26955159290391.473,388.8660204861867,0.04448724737375437,825.0300859542956,70273271.55644336,51.58524398862587,1.5434622967331368
0.52,schechter,-2,161579288382.79868,0.00016157928838279867,55,10,0.18181818181818182,0.24457898499388175,109625405075006.62,1611.8117993129104,0.04524423191734168,848.0840346281826,69398532.8688438,53.257698215206894,2.368311595015595
0.53,schechter,-2,170274033887.079,0.000170274033887079,56,10,0.17857142857142858,0.23810900409610136,20506897516304.06,234.207400957204,0.04600742148573693,871.1266897712383,68537120.86228469,54.93701592951946,2.335892526962417
0.54,schechter,-2,179285151965.83432,0.00017928515196583431,97,10,0.10309278350515463,0.23190672307590443,7754474337980.877,67.50003030591105,0.046776740062001616,894.1481905503674,67688810.89416112,56.62214719387042,1.353717176211547
0.55,schechter,-2,188619074252.9942,0.0001886190742529942,50,10,0.2,0.22595678841382416,12343466102295.361,188.42061283011077,0.04755210806153499,917.1390473122029,66853382.401291125,58.31205398757496,2.6352008889691936
0.56,schechter,-2,198282265376.7928,0.0001982822653767928,56,10,0.17857142857142858,0.220245160184377,29834365679493.113,67.68437378435212,0.04833344227992233,940.0901340966929,66030618.80524841,60.00571076748556,2.35999417499326
0.5700000000000001,schechter,-2,208281222367.81668,0.00020828122236781667,55,10,0.18181818181818182,0.21475879243905804,148092943034530.4,171.80748434606875,0.049120655842211244,962.9926810719459,65220307.42184981,61.70210498472526,2.4092853740850146
0.5800000000000001,schechter,-2,218622474082.32196,0.00021862247408232195,93,10,0.10752688172043011,0.20948527306407094,26408907135480.055,119.81062489596093,0.04991365815374634,985.8382669007394,64422239.37422575,63.40023755890229,1.4281092556294208
0.59,schechter,-2,229312580640.52405,0.00022931258064052404,49,10,0.20408163265306123,0.2044134531338938,1990075878236.9082,33.87677437169029,0.050712354852696435,1008.6188110672989,63636209.50946025,65.09912331276429,2.7157421617043505
0.6,schechter,-2,240358132879.5736,0.00024035813287957361,54,10,0.18518518518518517,0.19953258179336464,11227265334838.264,38.45278443769638,0.051516647764411366,1031.326566158594,62862016.318445235,66.79779136778666,2.4682103277238885
0.61,schechter,-2,251765751820.90997,0.00025176575182091,59,10,0.1694915254237288,0.19483280371873823,62609758986568.33,248.67951934579096,0.05232643485774771,1053.954110143568,62099461.8588071,68.4952855045656,2.2618861892152484
0.62,schechter,-2,263542088151.7405,0.0002635420881517405,79,10,0.12658227848101267,0.19030493399258608,94811029096026.72,140.1513579803845,0.05314161020350689,1076.4943386297377,61348351.680681646,70.19066448771484,1.6908392116747253
0.63,schechter,-2,275693821720.2766,0.0002756938217202766,70,10,0.14285714285714285,0.18594032117116766,12284686567989.537,72.32815263359625,0.05396206393512963,1098.9404571421805,60608494.75515795,71.8830023592468,1.9094212207751646
0.64,schechter,-2,288227661044.4859,0.0002882276610444859,51,10,0.19607843137254902,0.18173095805434192,191663784359108.75,5534.046663995493,0.054787682211795266,1121.2859734137496,59879703.405252725,73.57138870084854,2.621607638037959
0.65,schechter,-2,301150342834.02875,0.00030115034283402877,78,10,0.1282051282051282,0.17766913021633457,43284311927272.61,155.40417303578118,0.055618347184074164,1143.5246897077425,59161793.23922499,75.2549288674956,1.7141638149205216
0.66,schechter,-2,314468631525.082,0.000314468631525082,73,10,0.136986301369863,0.17374793652712894,25487294812515.29,85.54207353633345,0.056453936962285574,1165.6506951857064,58454583.086089864,76.9327441943515,1.8310829527586343
0.67,schechter,-2,328189318827.71106,0.0003281893188277111,54,10,0.18518518518518517,0.1699605042747796,15673463123785.723,94.22005509744197,0.05729432558771266,1187.6583583158883,57757894.933217816,78.60397217779203,2.4739945832107924
0.68,schechter,-2,342319223285.56885,0.00034231922328556885,73,10,0.136986301369863,0.16630073218434838,7257141263157.294,66.84024522934871,0.05813938300682973,1209.5423193556258,57071553.86587637,80.26776663383487,1.828573748220431
0.6900000000000001,schechter,-2,356865189847.51855,0.00035686518984751856,70,10,0.14285714285714285,0.1627626130360973,213349206941369.94,108.61211288708134,0.05898897504869533,1231.297482885724,56395388.00860588,81.92329783363665,1.9048642891338785
0.7000000000000001,schechter,-2,371834089450.9581,0.0003718340894509581,76,10,0.13157894736842105,0.159340637805496,11927548300840.158,56.371507060343255,0.059842963405668255,1252.9190104334143,55729228.46830064,83.56975261953511,1.7521128531110848
0.7100000000000001,schechter,-2,387232818616.4938,0.00038723281861649376,73,10,0.136986301369863,0.15602951644252794,21444073081769.0,215.21857811541423,0.06070120561760056,1274.4023131683837,55072909.27894104,85.20633450174816,1.8211922150887738
0.72,schechter,-2,403068299053.7082,0.0004030682990537082,52,10,0.19230769230769232,0.15282458341958116,28672688453899.008,110.30270178725486,0.061563555059664696,1295.743044695113,54426267.3478233,86.83226373824053,2.551943179456887
0.73,schechter,-2,419347477277.7075,0.0004193474772777075,101,10,0.09900990099009901,0.1497208548237804,47754349448173.17,327.22675433011824,0.062429860933968816,1316.937093930117,53789142.40325106,88.44677739810137,1.311121496876471
0.74,schechter,-2,436077324236.1412,0.0004360773242361412,79,10,0.12658227848101267,0.14671412596817812,12394859814241.516,123.63183865588348,0.06329996826511489,1337.9805780882728,53161376.94359302,90.04912941103281,1.6723391538905117
0.75,schechter,-2,453264834946.4744,0.0004532648349464744,121,10,0.08264462809917356,0.143800254060504,118970642516054.47,269.8537008859555,0.06417371789985252,1358.869835767758,52542816.187593825,91.63859060316378,1.0890621992133445
0.76,schechter,-2,470917028143.1297,0.0004709170281431297,41,10,0.24390243902439024,0.1409753408767812,41476295585177.02,98.80712868630265,0.06505094651097904,1379.601420144081,51933308.025967404,93.2144487209998,3.2051069958741922
0.77,schechter,-2,489040945934.32666,0.0004890409459343267,59,10,0.1694915254237288,0.13823561973513931,50765826874495.29,364.1503461577772,0.06593148660563516,1400.1720922794689,51332702.97407133,94.7760084446179,2.2205797056550085
0.78,schechter,-2,507643653468.2714,0.0005076436534682715,46,10,0.21739130434782608,0.13557743434897007,68305144210743.586,606.2256392741563,0.06681516653814157,1420.5788145431668,50740854.125752576,96.32259139094366,2.8389499588322464
0.79,schechter,-2,526732238608.4584,0.0005267322386084583,65,10,0.15384615384615385,0.1329977822834021,49660324384655.81,90.99127316886305,0.0677018105275198,1440.8187441513842,50157617.108157024,97.85353610827612,2.0022005063060817
0.8,schechter,-2,546313811617.82263,0.0005463138116178226,58,10,0.1724137931034483,0.1304932377978789,101641071917913.48,583.0067627277028,0.06859123867983588,1460.889226832156,49582850.03763585,99.36819806356779,2.235668603354463
0.81,schechter,-2,566395504851.4768,0.0005663955048514768,69,10,0.14492753623188406,0.1280608797127768,27344965082539.367,56.03747614586306,0.06948326701550157,1480.7877906067329,49016413.47646635,100.86594962221805,1.872026411838532
0.8200000000000001,schechter,-2,586984472457.7825,0.0005869844724577825,63,10,0.15873015873015872,0.12569788409153082,73710684002476.56,222.2412894457504,0.0703777075016633,1500.5121396982968,48458170.39061373,102.34618002236685,2.042015598994034
0.8300000000000001,schechter,-2,608087890087.5078,0.0006080878900875078,36,10,0.2777777777777778,0.12340152297532658,47621275216811.914,51.90283068830051,0.0712743680898028,1520.0601485676668,47907986.10823188,103.80829534384671,3.5583615952508856
0.8400000000000001,schechter,-2,629712954610.8307,0.0006297129546108306,71,10,0.14084507042253522,0.12116917338479583,95882181916952.22,194.5607846012461,0.07217305275866856,1539.4298560744269,47365728.279101126,105.25171847281766,1.7962343274197974
0.85,schechter,-2,651866883841.9591,0.0006518668838419591,92,10,0.10869565217391304,0.11899862227663793,22958301476981.79,82.14074324490461,0.0730735615626498,1558.6194597639026,46831266.83476413,106.6758890623043,1.3798134596249652
0.86,schechter,-2,674556916271.1143,0.0006745569162711143,81,10,0.12345679012345678,0.11688724727331268,42677798215739.89,227.02496564626654,0.07397569068569808,1577.6273102875766,46304473.94949488,108.08026349008261,1.5596548745592684
0.87,schechter,-2,697790310803.6764,0.0006977903108036764,105,10,0.09523809523809523,0.11483302263817352,30844022441884.96,56.581794935492084,0.07487923250089422,1596.4519059441875,45785224.0019454,109.46431481330572,1.1971541086693798
0.88,schechter,-2,721574346506.2607,0.0007215743465062608,71,10,0.14084507042253522,0.11283381129967895,31835507923434.2,112.47472904052447,0.07578397563574907,1615.0918873583732,45273393.53755888,110.82753272177852,1.7612806921039654
0.89,schechter,-2,745916322359.5126,0.0007459163223595126,136,10,0.07352941176470588,0.11088755232010994,40081719014351.47,185.05668976532667,0.07668970504331966,1633.5460322763527,44768861.231587745,112.16942348861542,0.9145730011625303
0.9,schechter,-2,770823557017.3995,0.0007708235570173996,65,10,0.15384615384615385,0.10899233169659106,94399632996585.3,339.21817832517274,0.07759620207921059,1651.8132505008102,44271507.85283817,113.48950992055462,1.902997893745331
0.91,schechter,-2,796303388572.8312,0.0007963033885728312,56,10,0.17857142857142858,0.10714635028924491,5989665733184.106,19.339061324184904,0.07850324458452297,1669.8925789420698,43781216.22801512,114.78733130648851,2.1962577873093974
0.92,schechter,-2,822363174329.3602,0.0008223631743293602,76,10,0.13157894736842105,0.10534792425163297,168380845278811.9,227.6580668758762,0.07941060697480082,1687.783176803132,43297871.206686266,116.06244336584062,1.6088075647584237
0.93,schechter,-2,849010290578.8184,0.0008490102905788184,63,10,0.15873015873015872,0.1035952154931652,201761034162067.16,28.78044810724787,0.08031806033501555,1705.4843208872553,42821359.6268634,117.31441819636,1.9290813386519388
0.9400000000000001,schechter,-2,876252132384.6671,0.0008762521323846671,55,10,0.18181818181818182,0.10188682726918408,57041301584051.23,492.6341043488493,0.08122537252061583,1722.995401026408,42351570.28113079,118.54284422133713,2.1959916896685767
0.9500000000000001,schechter,-2,904096113370.8862,0.0009040961133708862,72,10,0.1388888888888889,0.1002210555989258,44146424700804.84,92.82184419858656,0.08213230826466011,1740.3159156370564,41888393.88338472,119.74732613712848,1.6668338098072022
0.9600000000000001,schechter,-2,932549665516.2605,0.0009325496655162604,60,10,0.16666666666666666,0.09859654786648164,154884896324710.88,279.7708277392627,0.0830386292910345,1757.4454673952907,41431723.03608367,120.92748486039729,1.9871720915685656
0.97,schechter,-2,961620238953.8193,0.0009616202389538193,27,10,0.37037037037037035,0.0970119354484712,61483651589142.2,31.738627906660717,0.08394409443374791,1774.3837590321896,40981452.198053606,122.08295747544803,4.386482959246896
0.98,schechter,-2,991315301775.3391,0.000991315301775339,79,10,0.12658227848101267,0.0954658170491588,113044953518708.47,117.98626605416761,0.08484845976228053,1791.1305892446899,40537477.652815565,123.213397181397,1.4889452700410868
0.99,schechter,-2,1021642339840.6956,0.0010216423398406956,51,10,0.19607843137254902,0.09395691749124147,101115040062927.73,82.04379332121391,0.08575147871295036,1807.6858487303266,40099697.47744613,124.31847323991789,2.290309908400015
1.0,schechter,-2,1052608856591.9331,0.001052608856591933,99,10,0.10101010101010101,0.0924840624662181,36127343253109.82,96.80620278950892,0.08665290222624604,1824.04951632328,39668011.51188104,125.39787092182982,1.171444901764168
1.01,schechter,-2,1084222372871.8821,0.0010842223728718822,74,10,0.13513513513513514,0.09104608174129336,33691674923974.9,139.54475272678158,0.08755247889006164,1840.2216552624907,39242321.32879002,126.45129145510028,1.5557965700152934
1.02,schechter,-2,1116490426747.205,0.001116490426747205,77,10,0.12987012987012986,0.08964175912329408,253444947154532.8,159.67858886510197,0.08844995508875261,1856.2024095504817,38822530.203856505,127.478451970942,1.484076972076571
1.03,schechter,-2,1149420573335.6763,0.0011494205733356762,70,10,0.14285714285714285,0.08827010881494723,23757653147634.582,25.107429932779816,0.08934507515791797,1871.9920004360056,38408543.086599246,128.4790854507181,1.62012326473997
1.04,schechter,-2,1183020384637.6436,0.0011830203846376435,64,10,0.15625,0.08693003384756293,25866751647895.285,22.399142001988917,0.09023758154479809,1887.5907229978666,38000266.571585506,129.45294067160017,1.7583357053513686
1.05,schechter,-2,1217297449371.4214,0.0012172974493714214,32,10,0.3125,0.0856206233084158,63104718714439.414,141.49294669355714,0.09112721497416236,1902.9989428335846,37597608.87017283,130.3997821516371,3.489034570970251
1.06,schechter,-2,1252259372812.597,0.001252259372812597,111,10,0.09009009009009009,0.08434082499060092,71761780196399.03,35.37403630038888,0.09201371461954395,1918.2170928513158,37200479.78263619,131.31939009358982,0.9978005133113432
1.07,schechter,-2,1287913776637.054,0.001287913776637054,104,10,0.09615384615384616,0.0830897576714269,21194455047747.51,55.28673890202559,0.09289681827966537,1933.2456701645492,36808790.67077036,132.21156032771398,1.0562910104799033
1.08,schechter,-2,1324268298767.6138,0.0013242682987676137,76,10,0.13157894736842105,0.08186656198332021,274014725736245.5,561.5569450579599,0.09377626255988103,1948.085233083535,36422454.43092041,133.07610425281922,1.4334846233305536
1.09,schechter,-2,1361330593224.1853,0.0013613305932241853,133,10,0.07518796992481203,0.08067040025145988,90075972427627.78,313.05349788170986,0.09465178305844799,1962.7363982041334,36041385.46742419,133.91284877547383,0.8122408353030597
1.1,schechter,-2,1399108329977.2913,0.0013991083299772912,52,10,0.19230769230769232,0.0795004563093924,117427464348775.4,250.3737777640562,0.09552311455742028,1977.1998375893747,35665499.66649557,134.7216362470047,2.0596983762278565
1.11,schechter,-2,1437609194804.885,0.001437609194804885,80,10,0.125,0.07835593529424822,149200345487566.62,257.8323554828764,0.09638999121794681,1991.4762760486901,35294714.37049736,135.50232439829998,1.3271764203466783
1.12,schechter,-2,1476840889152.3066,0.0014768408891523066,69,10,0.14492753623188406,0.0772360634231054,219388410899979.2,84.03531820432008,0.09725214677973788,2005.5664884975909,34928948.352648705,136.2547862712508,1.525185987557681
1.1300000000000001,schechter,-2,1516811129995.3384,0.0015168111299953383,73,10,0.136986301369863,0.0761400877519981,71409520196016.66,37.15856621626138,0.09810931476444977,2019.4712974175197,34568121.792101,136.97891014776354,1.4287104436744902
1.1400000000000001,schechter,-2,1557527649706.223,0.0015575276497062228,110,10,0.09090909090909091,0.07506743060225174,27178884872680.22,31.025538391895537,0.09896122868272254,2033.1915703910151,34212156.24944995,137.6745994747375,0.9395344037966056
1.1500000000000001,schechter,-2,1598998195922.5354,0.0015989981959225355,76,10,0.13157894736842105,0.07401729170606841,73285675578429.48,227.27789562649065,0.09980762224459194,2046.7282177272173,33860974.64260373,138.34177278554776,1.3473267567634901
1.1600000000000001,schechter,-2,1641230531418.8235,0.0016412305314188235,82,10,0.12195121951219512,0.07298911701260369,373430277059508.44,155.2635227850612,0.10064822957298275,2060.082190166776,33514501.22304822,138.980363617267,1.2370797588432814
1.17,schechter,-2,1684232433981.0046,0.0016842324339810047,87,10,0.11494252873563218,0.0719821752420341,84004219118790.5,104.57715893468216,0.10148278541997709,2073.254476665155,33172661.552509196,139.59032042338657,1.154944242161828
1.18,schechter,-2,1728011696283.2754,0.0017280116962832754,98,10,0.10204081632653061,0.07099601126736099,40407239153949.49,32.79768525689203,0.1023110253855389,2086.246102255721,32835382.47995832,140.17160648173322,1.0154719339940024
1.19,schechter,-2,1772576125767.6084,0.0017725761257676084,84,10,0.11904761904761904,0.07002994538446294,63910379459683.67,54.34441563463527,0.10313268613836393,2099.0581259883775,32502592.119014297,140.72419979733,1.1732033364380083
1.2,schechter,-2,1817933544525.6418,0.001817933544525642,92,10,0.10869565217391304,0.0690834231170725,89488728854927.31,155.07753534018633,0.1039475056385125,2111.69163893894,32174219.82570734,141.24809299958042,1.0606414970836542
1.21,schechter,-2,1864091789182.9712,0.0018640917891829712,52,10,0.19230769230769232,0.06815591797982667,93461433496415.81,230.58786196742648,0.1047552233614732,2124.147762293135,31850196.176586464,141.74329323378285,1.8578162053523513
1.22,schechter,-2,1911058710785.6968,0.0019110587107856968,69,10,0.14492753623188406,0.06724691541294636,76404842558857.62,57.04103070536676,0.10555558052329424,2136.427645496259,31530452.947203357,142.2098220463639,1.3859669382669548
1.23,schechter,-2,1958842174689.1973,0.0019588421746891973,66,10,0.15151515151515152,0.06635591269580088,95791170676519.86,211.1137559576187,0.10634832030641155,2148.5324644777215,31214923.090939093,142.6477152641584,1.4341695970187816
1.24,schechter,-2,2007450060449.033,0.002007450060449033,61,10,0.16393442622950818,0.06548241885101402,112324355752893.2,132.99518518825337,0.10713318808579403,2160.4634199310062,30903540.718176357,143.05702286631205,1.5356917853952354
1.25,schechter,-2,2056890261713.945,0.0020568902617139452,87,10,0.11494252873563218,0.06462595453974584,52586103786171.875,54.618497527194826,0.1079099316550206,2172.221735665182,30596241.075822484,143.43780884979103,1.0654948636790056
1.26,schechter,-2,2107170686120.8608,0.002107170686120861,62,10,0.16129032258064516,0.0637860519487683,81918156847607.17,82.7844909125412,0.10867830145189603,2183.8086570165997,30292960.52715669,143.7901510875106,1.479323555965999
1.27,schechter,-2,2158299255191.8215,0.0021582992551918215,46,10,0.21739130434782608,0.06296237054397469,174802885991252.53,344.60261475768897,0.10943805078320944,2195.225449319862,29993636.532022804,144.1141411790342,1.9725582516393547
1.28,schechter,-2,2210283904232.8506,0.0022102839042328504,96,10,0.10416666666666667,0.06215438191749201,190311246144615.9,35.35541659674695,0.11018893604823399,2206.473396435222,29698207.62734887,144.409884293499,0.9349694896915591
1.29,schechter,-2,2263132582234.576,0.0022631325822345763,107,10,0.09345794392523364,0.06136169056283325,27946370273715.7,28.926587286903082,0.11093071696056572,2217.5537993359953,29406613.407992665,144.67749900494914,0.8296874696585331
1.3,schechter,-2,2316853251774.715,0.002316853251774715,86,10,0.11627906976744186,0.060583961998868174,307755845556612.56,195.17815011711156,0.11166315676789583,2228.467974750107,29118794.50790167,144.91711711959746,1.020889897274328
1.31,schechter,-2,2371453888922.18,0.00237145388892218,33,10,0.30303030303030304,0.059820740317581556,58711537404458.484,102.62592131969032,0.11238602246931209,2239.217253855199,28834692.581594545,145.12888349500284,2.6308234097379133
1.32,schechter,-2,2426942483142.9375,0.0024269424831429376,70,10,0.14285714285714285,0.0590716912577921,34188411756515.477,24.303301958097332,0.11309908502972522,2249.802981019469,28554250.285959702,145.31295585064504,1.2262688662523538
1.33,schechter,-2,2483327037207.4272,0.0024833270372074273,64,10,0.15625,0.0583364824400705,279955745990740.66,472.0237087409105,0.11380211959101888,2260.2265126040365,28277411.26235228,145.4695045708645,1.3259654998381238
1.34,schechter,-2,2540615567099.5674,0.0025406155670995674,64,10,0.15625,0.057614707219253214,54256091062388.29,75.67189385863267,0.11449490567952506,2270.489215801264,28004120.11900111,145.59871249861965,1.3107229987669053
1.35,schechter,-2,2598816101927.274,0.002598816101927274,111,10,0.09009009009009009,0.05690604622255113,118110230491226.66,64.29276145722712,0.11517722740943068,2280.5924675298397,27734322.413720313,145.70077472146718,0.7469599117983171
1.36,schechter,-2,2657936683834.458,0.002657936683834458,61,10,0.16393442622950818,0.056210203862614105,74543289416658.36,56.00064655841771,0.11584887368172872,2290.5376533680655,27467964.636896268,145.77589834852083,1.343293928594437
1.37,schechter,-2,2717985367914.467,0.0027179853679144667,74,10,0.13513513513513514,0.055526867090154974,63176465143325.06,33.786001051796156,0.11650963837833293,2300.3261665370624,27204994.194798715,145.8243022795267,1.0942117096202517
1.3800000000000001,schechter,-2,2778970222124.8613,0.0027789702221248614,58,10,0.1724137931034483,0.05485570403833562,98279603291830.34,97.25512906599245,0.1171593205509839,2309.9594069204304,26945359.393152125,145.84621696501776,1.3793960194730859
1.3900000000000001,schechter,-2,2840899327203.616,0.0028408993272036162,105,10,0.09523809523809523,0.05419642088297438,192418070981119.94,51.15328933655805,0.11779772460458442,2319.4387801307125,26689009.4209975,145.84188415854499,0.7527722034497617
1.4000000000000001,schechter,-2,2903780776586.5684,0.0029037807765865684,49,10,0.20408163265306123,0.05354872985403514,208935809430800.53,267.64820885771763,0.11842466047461185,2328.7656966112204,26435894.334847275,145.81155666048286,1.593474215756844
1.4100000000000001,schechter,-2,2967622676326.1567,0.0029676226763261566,59,10,0.1694915254237288,0.0529123730722989,53817375366268.05,110.23512166399455,0.1190399437982678,2337.9415707792764,26185965.04308979,145.7554980537891,1.3071642865018347
1.42,schechter,-2,3032433145011.42,0.0030324331450114197,121,10,0.08264462809917356,0.05228708706465102,47181888551759.61,65.88192717045084,0.1196433960790384,2346.9678202049245,25939173.29070372,145.67398243193244,0.6294932398737929
1.43,schechter,-2,3098220313689.136,0.0030982203136891364,108,10,0.09259259259259259,0.05167258109606521,71725191031080.44,94.9006100982987,0.12023484484435139,2355.8458648262767,25695471.644191947,145.56729411884507,0.6964664639158146
1.44,schechter,-2,3164992325786.1787,0.0031649923257861786,92,10,0.10869565217391304,0.05106859035894018,79770187826828.4,100.0562356269281,0.12081412379603326,2364.5771261987666,25454813.47682177,145.43572738151835,0.8073040853479629
1.45,schechter,-2,3232757337033.0,0.003232757337033,101,10,0.09900990099009901,0.05047489020806761,52154316486648.73,34.74415987471316,0.12138107295328354,2373.163026779666,25217152.95410143,145.2795861352674,0.7260367484803094
1.46,schechter,-2,3301523515388.1494,0.0033015235153881495,110,10,0.09090909090909091,0.04989127970365026,200205006459737.16,111.22718132792582,0.12193553878790152,2381.6049892423066,24982445.019521292,145.09918364183164,0.6581076323496307
1.47,schechter,-2,3371299040963.999,0.003371299040963999,50,10,0.2,0.049317437072708414,174377853804044.25,70.03916409566492,0.12247737435151856,2389.9044358252,24750645.38054905,144.89484220094985,1.429168452481072
1.48,schechter,-2,3442092105953.354,0.003442092105953354,94,10,0.10638297872340426,0.04875324489025412,106288082539888.38,196.0147116477098,0.12300643939460665,2398.062787704817,24521710.494854964,144.6668928349783,0.750317069563388
1.49,schechter,-2,3513910914557.178,0.003513910914557178,106,10,0.09433962264150944,0.048198375950039396,155657942172182.06,60.95352849298096,0.12352260047705375,2406.0814644086418,24295597.556820426,144.41567496829282,0.6566604712453274
1.5,schechter,-2,3586763682913.267,0.003586763682913267,98,10,0.10204081632653061,0.04765272788652497,297604859703266.06,263.6832225299312,0.1240257310701164,2413.9618832425094,24072264.484238382,144.14153609979937,0.7008915711132098
1.51,schechter,-2,3660658639025.8853,0.0036606586390258854,139,10,0.07194244604316546,0.04711598929370098,69876101787916.836,48.07452601819774,0.12451571164958056,2421.7054587554794,23851669.90529175,143.84483147092425,0.4875821251466394
1.52,schechter,-2,3735604022696.3633,0.0037356040226963635,67,10,0.14925373134328357,0.04658803805805123,44532393554322.05,26.620469084253283,0.12499242977998155,2429.313602230273,23633773.145745885,143.52592372844902,0.9979986861161104
1.53,schechter,-2,3811608085454.5483,0.003811608085454548,64,10,0.15625,0.04606865602147592,174915147247976.6,76.1434665052729,0.12545578018975678,2436.7877211869536,23418534.21637197,143.18518258205248,1.030679519335125
1.54,schechter,-2,3888679090491.1797,0.0038886790904911796,86,10,0.11627906976744186,0.045557627943657364,159967046787236.62,42.58881832753859,0.12590566483722512,2444.129218929256,23205913.800602216,142.82298445881221,0.756590277648526
1.55,schechter,-2,3966825312591.1294,0.003966825312591129,83,10,0.12048192771084337,0.04505477997798746,231451672818220.94,50.668121979929296,0.12634199296731044,2451.339494101389,22995873.24240182,142.43971215317802,0.7732036013481087
1.56,schechter,-2,4046055038067.4946,0.004046055038067494,80,10,0.125,0.04455996752944813,118077115990523.28,67.57439866334678,0.12676468115894596,2458.4199402677978,22788374.534365553,142.03575447373933,0.7911385759213114
1.57,schechter,-2,4126376564696.4297,0.0041263765646964295,84,10,0.11904761904761904,0.0440730017034936,48427163838146.984,57.163511564868045,0.12717365336312167,2465.3719455237583,22583380.306024913,141.61150588768888,0.7430052547883815
1.58,schechter,-2,4207798201652.8965,0.004207798201652896,89,10,0.11235955056179775,0.0435936994946724,208705279611598.53,232.7136482861726,0.1275688409315561,2472.196892116315,22380853.81236754,141.16736616234255,0.6914615437006232
1.59,schechter,-2,4290328269447.089,0.004290328269447089,94,10,0.10638297872340426,0.043121899228323324,157217380621876.7,213.58628064778068,0.12795018263599814,2478.8961560899447,22180758.922575094,140.70374000514695,0.6454694146329949
1.6,schechter,-2,4373975099861.717,0.0043739750998617166,95,10,0.10526315789473684,0.04265744210783118,287780358620015.6,61.13788888019501,0.12831762467818383,2485.4711069568134,21983060.10894857,140.22103670251585,0.6296285005723832
1.61,schechter,-2,4458747035889.915,0.004458747035889915,129,10,0.07751937984496124,0.04220017219830596,309338493528744.25,202.96227575754872,0.12867112069049735,2491.9231073713677,21787722.43604854,139.71966975707596,0.4570693118789959
1.62,schechter,-2,4544652431673.977,0.004544652431673977,68,10,0.14705882352941177,0.04174993640884628,145478245002811.8,48.66750790664515,0.12901063172740435,2498.253512842873,21594711.550035674,139.20005652570035,0.8546461041258525
1.6300000000000001,schechter,-2,4631699652444.761,0.004631699652444761,78,10,0.1282051282051282,0.04130658447346347,195094977068511.2,71.27758089160791,0.1293361262477481,2504.463671442403,21403993.66818979,138.66261785628973,0.7343178381785148
1.6400000000000001,schechter,-2,4719897074461.763,0.004719897074461763,83,10,0.12048192771084337,0.04087001353091935,78821639661999.81,34.69396150299649,0.12964758008801838,2510.554923548312,21215535.568644308,138.10777772657602,0.6800562342663089
1.6500000000000001,schechter,-2,4809253084953.9,0.0048092530849539,82,10,0.12195121951219512,0.040440045262509106,122403158206821.33,44.06921863525499,0.12994497642672279,2516.5286015933675,21029304.58028762,137.53596288312335,0.6782878736849123
1.6600000000000001,schechter,-2,4899776082060.922,0.004899776082060922,93,10,0.10752688172043011,0.0400165357208313,117504017208284.5,70.69713128729944,0.13022830574001035,2522.3860298300083,20845268.57286173,136.9476024822027,0.589265443721642
1.6700000000000002,schechter,-2,4991474474775.487,0.004991474474775487,100,10,0.1,0.039599345317558154,158758415204004.5,92.65693647024246,0.13049756574871402,2528.1285241137502,20663395.94724198,136.34312773297214,0.5399098596773904
1.68,schechter,-2,5084356682885.882,0.0050843566828858815,84,10,0.11904761904761904,0.0391884020134492,97730298414107.7,28.689445178660286,0.13075276135699798,2533.7573916998076,20483655.625891827,135.72297154318778,0.633186472773139
1.69,schechter,-2,5178431136919.289,0.005178431136919289,92,10,0.10869565217391304,0.03878353369659515,387915298300053.4,60.15535066159724,0.13099390458281196,2539.2739310503607,20306017.043500546,135.08756816788858,0.5694753534815653
1.7,schechter,-2,5273706278085.753,0.005273706278085753,80,10,0.125,0.03838459528904803,29949051673265.176,33.50126215004833,0.13122101448037002,2544.6794316559,20130450.13778125,134.43735286161004,0.6450404226654806
1.71,schechter,-2,5370190558222.638,0.005370190558222638,65,10,0.15384615384615385,0.03799155461407655,175012460854045.44,45.20187474645313,0.13143411705488842,2549.9751738751606,19956925.34045368,133.77276153502862,0.781882334728289
1.72,schechter,-2,5467892439739.75,0.00546789243973975,79,10,0.12658227848101267,0.037604188706343744,36134791544651.08,19.113651386607074,0.13163324516982902,2555.162428773155,19785413.568385925,133.09423041527154,0.633531715982464
1.73,schechter,-2,5566820395564.969,0.005566820395564969,61,10,0.16393442622950818,0.03722248311393561,95369062190072.33,40.91094395947501,0.1318184384469108,2560.242457989767,19615886.214899182,132.40219571211261,0.8079243433019851
1.74,schechter,-2,5666982909090.423,0.005666982909090423,50,10,0.2,0.03684622691045503,154797980296581.25,121.04034700775364,0.13198974315916043,2565.2165136013405,19448315.141239457,131.6970932885602,0.9705081965515306
1.75,schechter,-2,5768388474119.246,0.005768388474119246,62,10,0.16129032258064516,0.036475424632010256,261776908490983.0,186.00823665417693,0.13214721211728916,2570.0858380043937,19282672.668198943,130.97935833770077,0.7705689860315917
1.76,schechter,-2,5871045594812.844,0.005871045594812844,69,10,0.14492753623188406,0.03610987286989931,92618460918215.47,32.29701490904388,0.13229090454968861,2574.851663802567,19118931.567901675,130.2494250653346,0.681636258041552
1.77,schechter,-2,5974962785638.698,0.0059749627856386985,62,10,0.16129032258064516,0.03574951466409393,436470934846559.06,93.90321954506054,0.13242088597635046,2579.5152137135924,18957065.055737577,129.5077263795678,0.7467481231161005
1.78,schechter,-2,6080148571318.609,0.006080148571318609,123,10,0.08130081300813008,0.03539426161628467,236276932630671.94,93.48566714845063,0.1325372280770222,2584.077700468988,18797046.782446537,128.7546935863728,0.3705022202537113
1.79,schechter,-2,6186611486777.534,0.006186611486777534,83,10,0.12048192771084337,0.03504397717255425,89476743797057.05,57.99915451853243,0.13264000855391733,2588.5403267409165,18638850.826349083,127.99075609321011,0.5403982090154716
1.8,schechter,-2,6294360077092.856,0.006294360077092856,66,10,0.15151515151515152,0.034698573117268205,350281137187525.1,213.50139807907857,0.1327293109893057,2592.904285063437,18482451.68572671,127.21634111942454,0.6688220475823767
1.81,schechter,-2,6403402897444.139,0.006403402897444139,150,10,0.06666666666666667,0.03435800974634862,143657060357974.44,54.39427505194679,0.13280522469831382,2597.170757768602,18327824.271332726,126.43187341464623,0.2895965026019686
1.82,schechter,-2,6513748513063.373,0.006513748513063373,114,10,0.08771929824561403,0.034022147506648004,93749577798840.75,66.54808958405414,0.132867844577269,2601.3409169322385,18174943.89906127,125.63777498542538,0.374953237979052
1.83,schechter,-2,6625405499185.655,0.0066254054991856555,126,10,0.07936507936507936,0.03369090060165936,50809006653923.4,22.474521300002255,0.13291727094792347,2605.415924321956,18023786.282729935,124.83446482971493,0.3337925036697831
1.84,schechter,-2,6738382441000.313,0.006738382441000314,145,10,0.06896551724137931,0.033364186034948395,177068902623912.22,33.41965883096863,0.13295360939789763,2609.396931351269,17874327.527015675,124.02235867993662,0.2853727618958967
1.85,schechter,-2,6852687933602.571,0.006852687933602572,125,10,0.08,0.03304192203938894,353117676185163.9,155.35673793075557,0.13297697061768127,2613.2850790532675,17726544.12051855,123.2018687553305,0.32566612340165263
1.86,schechter,-2,6968330581945.486,0.006968330581945487,92,10,0.10869565217391304,0.03272402807280228,292780460249369.1,89.66587964537459,0.1329874702345315,2617.0814980405084,17580412.92894541,122.37340352215662,0.43527724915471894
1.87,schechter,-2,7085319000792.438,0.007085319000792439,99,10,0.10101010101010101,0.032410424813083205,127153680527192.08,39.56800167555131,0.13298522864360543,2620.7873084901016,17435911.18843124,121.53736746392948,0.397886637390884
1.8800000000000001,schechter,-2,7203661814670.061,0.007203661814670061,65,10,0.15384615384615385,0.03210103415283838,291643695638792.9,43.94404891479233,0.13297037083666333,2624.4036201244885,17293016.49898085,120.69416086032851,0.5960626738193192
1.8900000000000001,schechter,-2,7323367657821.453,0.0073233676578214535,107,10,0.09345794392523364,0.031795779193554474,288403606056763.0,51.642920496371815,0.13294302622867502,2627.9315321966606,17151706.818034906,119.84417957538946,0.35612514686091346
1.9000000000000001,schechter,-2,7444445174159.9,0.0074444451741599,109,10,0.09174311926605505,0.03149458423932061,70715156072964.67,20.128713703324394,0.13290332848265865,2631.3721334918932,17011960.454154097,118.98781485561022,0.3438047484791469
1.9100000000000001,schechter,-2,7566903017222.99,0.00756690301722299,123,10,0.08130081300813008,0.03119737479012319,158819387619057.44,23.34209741653678,0.13285141533307546,2634.7265023208743,16873756.06082675,118.12545313695736,0.29961008404608064
1.9200000000000002,schechter,-2,7690749850127.106,0.007690749850127106,110,10,0.09090909090909091,0.030904077534734564,404955409495289.4,36.72753942950054,0.13278742840810062,2637.995706525108,16737072.630372385,117.25747586163172,0.32943037505046663
1.93,schechter,-2,7815994345522.279,0.007815994345522279,43,10,0.23255813953488372,0.030614620343213605,169848289172002.3,124.45807772836702,0.13271151305108214,2641.1808034882606,16601889.488000676,116.3842593047723,0.8286185843120301
1.94,schechter,-2,7942645185547.485,0.007942645185547485,108,10,0.09259259259259259,0.030328932259037322,186454481626143.66,39.51891460801752,0.1326238181414942,2644.2828401472716,16468186.28592861,115.5061744101884,0.3243684202951068
1.95,schechter,-2,8070711061786.235,0.008070711061786235,103,10,0.0970873786407767,0.030046955215174087,83364459600521.06,18.083033824523,0.13252449591568408,2647.3028530117076,16335942.997650843,114.6235866361871,0.33437764798642144
1.96,schechter,-2,8200200675222.568,0.008200200675222568,80,10,0.125,0.02976864525174039,180272392243690.44,108.81749924867908,0.13241370178770218,2650.2418681858526,16205139.912292665,113.73685581075718,0.4232240140848472
1.97,schechter,-2,8331122736197.498,0.008331122736197499,102,10,0.09803921568627451,0.02949390321447931,150707678665231.5,19.847913496734286,0.13229159417049882,2653.100901388961,16075757.62908553,112.84633599618314,0.32630185411569
1.98,schechter,-2,8463485964365.645,0.008463485964365644,56,10,0.17857142857142858,0.02922266256205186,223575265214980.9,41.86835601530377,0.13215833429775978,2655.880957995501,15947777.051919853,111.95237536367219,0.5842047300487072
1.99,schechter,-2,8597299088652.325,0.008597299088652326,75,10,0.13333333333333333,0.02895489457174738,128386913220368.55,84.99273869317136,0.1320140860466449,2658.5830330544395,15821179.384035045,111.05531607660934,0.42874599581737405
2.0,schechter,-2,8732570847210.996,0.008732570847210996,97,10,0.10309278350515463,0.02869052939876926,217355542631353.0,55.85429381560982,0.13185901576168338,2661.2081113368954,15695946.122775251,110.1554941839764,0.3258164375589001
2.01,schechter,-2,8869309987381.012,0.00886930998738101,87,10,0.11494252873563218,0.028429476732977577,261654965063778.3,139.57584419679748,0.13169329208006922,2663.7571673655652,15572059.054465903,109.25323952225934,0.35701292310350546
2.02,schechter,-2,9007525265645.701,0.0090075252656457,115,10,0.08695652173913043,0.028171735737299253,281490923891829.0,47.13642260813665,0.13151708575859106,2666.231165467583,15449500.249373306,108.34887562722905,0.2654239905742435
2.03,schechter,-2,9147225447590.791,0.009147225447590791,70,10,0.14285714285714285,0.02791720360613703,183788412505060.03,94.18188930672609,0.13133056950241706,2668.63105980555,15328252.056764135,107.44271965372135,0.4285000400814343
2.04,schechter,-2,9288419307863.17,0.00928841930786317,54,10,0.18518518518518517,0.027665843500615073,224609417407280.56,37.40625112947322,0.13113391779594796,2670.95779443693,15208297.100052891,106.53508230527288,0.5458116508116343
2.05,schechter,-2,9431115630129.951,0.009431115630129952,86,10,0.11627906976744186,0.027417607102042663,202703594030913.6,58.1273937967102,0.13092730673593825,2673.2123033589633,15089618.27204791,105.62626777178477,0.3367464545839472
2.0599999999999996,schechter,-2,9575323207037.877,0.009575323207037877,83,10,0.12048192771084337,0.027172426633650604,88516885248180.2,33.43743007310188,0.1307109138670736,2675.395510559654,14972198.730271557,104.71657367573816,0.3428196886182245
2.07,schechter,-2,9721050840173.018,0.009721050840173018,106,10,0.09433962264150944,0.02693026777252061,478489294781800.5,159.29955671407043,0.1304849180201844,2677.5083300733604,14856021.89238433,103.80629102694162,0.26372935979506995
2.0799999999999996,schechter,-2,9868307340020.76,0.00986830734002076,90,10,0.1111111111111111,0.026691071008662415,163900336169230.44,41.61458404084223,0.1302494991532604,2679.551666037454,14741071.431683572,102.89570418528596,0.30515517187731
2.09,schechter,-2,10017101525926.156,0.010017101525926156,96,10,0.10416666666666667,0.02645477802262297,121551354766274.17,49.533271519644565,0.13000483819542183,2681.526412752716,14627331.272682121,101.9850908314653,0.2810409312045266
2.0999999999999996,schechter,-2,10167442226054.5,0.0101674422260545,69,10,0.14492753623188406,0.02622137431520455,118154148603516.8,39.3472304122478,0.12975111689399202,2683.4334547373273,14514785.586787315,101.07472194522828,0.3841040750624711
2.11,schechter,-2,10319338277352.297,0.010319338277352296,99,10,0.10101010101010101,0.025990764455033788,99891045991098.6,21.591197703295137,0.12948851766480282,2685.27366679614,14403418.788036415,100.16486179148119,0.2629657908579193
2.1199999999999997,schechter,-2,10472798525508.383,0.010472798525508384,128,10,0.078125,0.025762945935976944,399063607488436.7,24.44125436238718,0.1292172234458553,2687.0479140782713,14293215.5289337,99.25576791332165,0.19977507676443598
2.13,schechter,-2,10627831824915.5,0.0106278318249155,92,10,0.10869565217391304,0.025537857583663337,203777793699870.1,55.85944799279427,0.12893741755444604,2688.7570521463763,14184160.69634576,98.34769113237415,0.27299884019790005
2.1399999999999997,schechter,-2,10784447038632.021,0.010784447038632022,75,10,0.13333333333333333,0.025315437189161294,314924664321843.06,39.15215173959892,0.12864928354785926,2690.4019270378435,14076239.407488255,97.44087555569959,0.32890111530495936
2.15,schechter,-2,10942653038343.994,0.010942653038343995,157,10,0.06369426751592357,0.025095662059679058,265551424863067.44,26.844090702802863,0.12835300508771263,2691.9833753380726,13969437.005973084,96.53555858958485,0.15430724554818911
2.1599999999999997,schechter,-2,11102458704327.566,0.011102458704327566,96,10,0.10416666666666667,0.02487850245588963,205913757089199.97,60.0875862349219,0.12804876580803742,2693.502224245075,13863739.057946578,95.63197095943468,0.2478312733724856
2.17,schechter,-2,11263872925411.434,0.011263872925411434,174,10,0.05747126436781609,0.02466388972154865,94028542425328.72,33.44122827672129,0.12773674918715994,2694.959291642216,13759131.34827611,94.73033673585581,0.13427692980105269
2.1799999999999997,schechter,-2,11426904598939.896,0.011426904598939896,74,10,0.13513513513513514,0.024451786028825806,109639776571834.4,31.86107688473104,0.1274171384234439,2696.3553861636165,13655599.876833957,93.83087336648133,0.3100449241155475
2.19,schechter,-2,11591562630735.89,0.01159156263073589,67,10,0.14925373134328357,0.024242153998379257,97437283887460.84,42.95947573718446,0.12709011631494216,2697.69130727577,13553130.854817575,92.9337917137138,0.33625601348912715
2.1999999999999997,schechter,-2,11757855935064.383,0.011757855935064383,45,10,0.2222222222222222,0.024034972609320193,353181006310137.94,26.416225308565696,0.12675586514299808,2698.9678453392785,13451710.70117912,92.03929609738407,0.49159154681816375
2.21,schechter,-2,11925793434596.174,0.011925793434596174,79,10,0.12658227848101267,0.023830195326001058,160222069441894.2,46.95880511132534,0.12641456655982633,2700.1857816892616,13351326.039074074,91.1475843428216,0.27494490359273355
2.2199999999999998,schechter,-2,12095384060371.64,0.01209538406037164,118,10,0.0847457627118644,0.023627776271090584,216772720038231.94,59.30166085038078,0.1260664014800965,2701.3458887073734,13251963.692418212,90.25884783376658,0.1807301578900547
2.23,schechter,-2,12266636751765.102,0.0122666367517651,126,10,0.07936507936507936,0.023427679958834435,420510322309980.9,61.75935017967606,0.1257115499765309,2702.448929896074,13153610.682476113,89.37327156973365,0.16617527009600924
2.2399999999999998,schechter,-2,12439560456449.105,0.012439560456449105,104,10,0.09615384615384616,0.023229871345629816,106481319176680.92,41.279853025616845,0.12535019117952442,2703.495659953777,13056254.22453316,88.49103422790245,0.19765724426499023
2.25,schechter,-2,12614164130359.227,0.012614164130359226,87,10,0.11494252873563218,0.023034315828657115,143192922585499.34,36.54304922576851,0.12498250318078254,2704.486824853397,12959881.724614153,87.6123082291294,0.2319643193364852
2.26,schechter,-2,12790456737658.875,0.012790456737658875,84,10,0.11904761904761904,0.022840979244384108,420042030348855.6,42.18300925911014,0.12460866294096873,2705.423161912359,12864480.776277887,86.73725980766228,0.2358528513073293
2.27,schechter,-2,12968447250704.62,0.01296844725070462,58,10,0.1724137931034483,0.022649827866949357,252084610032650.16,36.13583341775767,0.12422884620134438,2706.3053998783494,12770039.157449897,85.8660490848645,0.33531917782538023
2.28,schechter,-2,13148144650011.455,0.013148144650011455,79,10,0.12658227848101267,0.02246082840642416,185202110982569.47,56.1340005944694,0.12384322739937846,2707.134258997057,12676544.827336488,84.99883014592096,0.24166381501953468
2.29,schechter,-2,13329557924218.56,0.01332955792421856,127,10,0.07874015748031496,0.022273948006964917,286605230999713.4,46.62201457663225,0.12345197958829715,2707.9104510953252,12583985.923375618,84.1357511200854,0.14756183826580493
2.3,schechter,-2,13512696070055.107,0.013512696070055107,72,10,0.1388888888888889,0.022089154244853804,340418284091729.1,33.805819205179546,0.12305527436053831,2708.634679653628,12492350.758259717,83.27695426365146,0.25548853996825455
2.31,schechter,-2,13697568092306.426,0.013697568092306427,152,10,0.06578947368421052,0.02190641512643554,266158153207967.7,98.58378250818461,0.12265328177506969,2709.3076398936946,12401627.816991834,82.4225760459858,0.11878836622720836
2.32,schechter,-2,13884183003780.367,0.013884183003780368,114,10,0.08771929824561403,0.021725699085952455,225716468125060.1,41.63971973036993,0.12224617028852493,2709.9300188412403,12311805.754026573,81.57274723752002,0.15545832983305433
2.3299999999999996,schechter,-2,14072549825273.85,0.01407254982527385,74,10,0.13513513513513514,0.02154697498328384,133613372181697.7,28.05370731078525,0.12183410669010708,2710.5024954161963,12222873.3904306,80.7275930006786,0.2350588414657218
2.34,schechter,-2,14262677585539.637,0.014262677585539637,112,10,0.08928571428571429,0.021370215867989928,406052661506202.2,34.798741577200076,0.12141725604020252,2711.0257405067846,12134819.711121293,79.88723298258589,0.15242923338698797
2.3499999999999996,schechter,-2,14454575321253.43,0.014454575321253429,118,10,0.0847457627118644,0.02119540861078606,163642977837143.97,16.58245047857169,0.12099578161264772,2711.5004170430625,12047633.862132035,79.05178140950916,0.14199447528687184
2.36,schechter,-2,14648252076981.07,0.01464825207698107,137,10,0.072992700729927,0.02102250501183911,107080931551956.38,39.70666453828747,0.12056984484058411,2711.927180082945,11961305.147949908,78.22134718352756,0.12002982943054853
2.3699999999999997,schechter,-2,14843716905146.012,0.014843716905146012,77,10,0.12987012987012986,0.020851475522721707,108950760267359.95,32.56941906679618,0.12013960526583477,2712.3066768813455,11875823.028886234,77.39603398011774,0.20958720884313795
2.38,schechter,-2,15040978865997.023,0.015040978865997024,68,10,0.14705882352941177,0.020682291009483933,466000031538634.4,145.44590147213148,0.11970522049173256,2712.639546975795,11791177.118503083,76.57594034760974,0.23290674744031575
2.3899999999999997,schechter,-2,15240047027576.023,0.015240047027576023,119,10,0.08403361344537816,0.020514928901582685,372177882241820.9,78.03759569700102,0.1192668461393275,2712.926422257987,11707357.181081956,75.76115980736216,0.13060796697054441
2.4,schechter,-2,15440930465686.262,0.015440930465686262,130,10,0.07692307692307693,0.020349386663284785,143269848768809.84,49.40961155359737,0.11882463580689664,2713.167927053257,11624353.129135568,74.95178095513475,0.11732482859675859
2.4099999999999997,schechter,-2,15643638263860.584,0.015643638263860584,52,10,0.19230769230769232,0.02018560665330482,153946038263574.3,35.978630363780816,0.11837874103268001,2713.3646781996013,11542155.020976886,74.14788756334431,0.28783078702445014
2.42,schechter,-2,15848179513329.975,0.015848179513329976,78,10,0.1282051282051282,0.020023561287700553,251800616406177.1,51.63642947375814,0.11792931126076286,2713.517285119817,11460753.05831884,73.34955868370473,0.1882973568883269
2.4299999999999997,schechter,-2,16054563312992.303,0.016054563312992303,89,10,0.11235955056179775,0.019863252278956356,226259878644578.4,34.91696326393654,0.1174764938100209,2713.626349904856,11380137.583922423,72.55686875071525,0.16193431332208785
2.44,schechter,-2,16262798769381.236,0.016262798769381238,115,10,0.08695652173913043,0.019704642634074232,129334768374877.45,36.23721000761673,0.11702043384604897,2713.6924673856333,11300299.079290532,71.76988768521392,0.12297391206302481
2.4499999999999997,schechter,-2,16472894996635.334,0.016472894996635335,94,10,0.10638297872340426,0.019547689164464477,448680814367741.3,86.08775498405139,0.11656127435598546,2713.716225208572,11221228.162397789,70.98868099821868,0.14762390110090476
2.46,schechter,-2,16684861116467.482,0.016684861116467484,118,10,0.0847457627118644,0.01939240338550563,237622872746776.66,31.07158607656935,0.11609915612615085,2713.6982039144195,11142915.58546343,70.21330989495426,0.11539023970461584
2.4699999999999998,schechter,-2,16898706258134.316,0.016898706258134315,81,10,0.12345679012345678,0.01923873866199277,383292940463565.1,30.87081078961496,0.11563421772241134,2713.638977011458,11065352.232765501,69.44383137869261,0.1649397189607605
2.48,schechter,-2,17114439558406.055,0.017114439558406056,84,10,0.11904761904761904,0.01908666442318263,103853171474585.67,27.4676583379027,0.11516659547318477,2713.5391110544506,10988529.118494129,68.68029835457556,0.1560568818068864
2.4899999999999998,schechter,-2,17332070161536.281,0.017332070161536282,96,10,0.10416666666666667,0.01893619500380528,291243197485643.4,80.97131809107864,0.11469642345499854,2713.399165712114,10912437.38464076,67.92275973284255,0.13397902328101247
2.5,schechter,-2,17551607219232.223,0.017551607219232223,108,10,0.09259259259259259,0.018787258328170076,74822044556397.9,20.465351255546217,0.11422383348051643,2713.219693848671,10837068.298925612,67.17126053202882,0.11684850220778151
2.51,schechter,-2,17773059890624.945,0.017773059890624946,228,10,0.043859649122807015,0.018639885250638533,266879492529403.44,35.800154926628764,0.11374895508894493,2713.001241594587,10762413.25276639,66.4258419814128,0.05430570492151676
2.52,schechter,-2,17996437342239.85,0.01799643734223985,78,10,0.1282051282051282,0.018494005856066642,533798420998910.7,58.59514053193582,0.11327191553873434,2712.7443484201854,10688463.759278566,65.68654162291031,0.15574452377421388
2.53,schechter,-2,18221748747967.438,0.018221748747967437,68,10,0.14705882352941177,0.01834964037509068,436811669868291.44,70.76050393087425,0.112792839802488,2712.449547208519,10615211.451314276,64.95339341227707,0.17527520739074534
2.54,schechter,-2,18449003289034.01,0.01844900328903401,122,10,0.08196721311475409,0.018206730489337408,146864218784235.25,26.572084321403157,0.11231185056399447,2712.1173643289158,10542648.079530537,64.22642781951261,0.09584862800022528
2.55,schechter,-2,18678210153972.91,0.01867821015397291,67,10,0.14925373134328357,0.018065295236435963,239234932023717.16,29.891297839880565,0.11182906821729809,2711.7483197089873,10470765.510502744,63.505671928431376,0.17123115113065018
2.56,schechter,-2,18909378538595.625,0.018909378538595624,61,10,0.16393442622950818,0.017925269264631782,192555798307623.7,38.16725031233319,0.1113446108677235,2711.342926905367,10399555.724859066,62.79114953518626,0.18451610866458562
2.57,schechter,-2,19142517645963.195,0.019142517645963194,86,10,0.11627906976744186,0.01778668855204435,192262249425482.25,71.22283766561407,0.11085859433477233,2710.901693174187,10329010.815461004,62.08288124585566,0.12840103175971973
2.5799999999999996,schechter,-2,19377636686357.895,0.019377636686357894,134,10,0.07462686567164178,0.017649480020018538,303981887663640.9,43.75947914850759,0.11037113215680884,2710.425119545153,10259122.985599501,61.3808845729316,0.08084632058813583
2.59,schechter,-2,19614744877254.934,0.019614744877254935,75,10,0.13333333333333333,0.017513662865635604,344453852837258.6,26.65271141544388,0.10988233559745512,2709.9137008899493,10189884.547240347,60.68517403064005,0.1417092905220073
2.5999999999999996,schechter,-2,19853851443294.35,0.01985385144329435,110,10,0.09090909090909091,0.01737920088169531,360265490164410.0,51.33414354558308,0.109392313653616,2709.3679259893756,10121287.9192909,59.99576122897732,0.09478894422260219
2.61,schechter,-2,20094965616253.246,0.020094965616253246,93,10,0.10752688172043011,0.01724606451258559,204500561652288.84,31.404929661545417,0.108901173065055,2708.788277603287,10053325.625898778,59.312654966567365,0.10999030902861838
2.6199999999999997,schechter,-2,20338096635017.902,0.020338096635017903,62,10,0.16129032258064516,0.017114277437570435,247667356458158.8,72.11643005028063,0.1084090183254463,2708.1752325464063,9985990.294780755,58.635861322346415,0.1618565158808939
2.63,schechter,-2,20583253745556.465,0.020583253745556467,77,10,0.12987012987012986,0.016983780190555908,684214101614813.9,38.40692723415315,0.10791595169482557,2707.5292617424466,9919274.6555814,57.965383745428966,0.12785342028488153
2.6399999999999997,schechter,-2,20830446200891.33,0.020830446200891327,131,10,0.07633587786259542,0.016854561421321135,158625918591209.4,22.741120533014787,0.10742207321336858,2706.8508303063977,9853171.53826193,57.30122314421394,0.07372419732831924
2.65,schechter,-2,21079683261072.11,0.02107968326107211,72,10,0.1388888888888889,0.016726636848508614,366114229380950.2,151.3873602972243,0.10692748071642302,2706.1403976011175,9787673.871516135,56.64337797350236,0.13159072406049802
2.6599999999999997,schechter,-2,21330974193148.54,0.021330974193148538,142,10,0.07042253521126761,0.01659995518108537,314434669562450.1,75.24488137867189,0.10643226985072582,2705.398417305671,9722774.681209411,55.99184432039349,0.06545507790315784
2.67,schechter,-2,21584328271143.57,0.02158432827114357,87,10,0.11494252873563218,0.016474501865874513,470990672256983.5,72.73613624981006,0.10593653409173551,2704.625337486738,9658467.088857314,55.34661598882966,0.1048055090089442
2.6799999999999997,schechter,-2,21839754776026.64,0.02183975477602664,78,10,0.1282051282051282,0.016350280831701758,346396588824837.1,49.74279359530668,0.10544036476201399,2703.8216006564053,9594744.310116976,54.70768458227088,0.11467769315029348
2.69,schechter,-2,22097262995687.29,0.02209726299568729,75,10,0.13333333333333333,0.0162272703816545,161243394351558.75,40.18392136915396,0.1049438510505919,2702.9876438411075,9531599.653310519,54.07503958510771,0.11699870509949506
2.6999999999999997,schechter,-2,22356862224908.48,0.02235686222490848,78,10,0.1282051282051282,0.016105443240568396,326401523163042.25,85.83454936243494,0.10444708003325524,2702.1238986462263,9469026.51798176,53.448668442478585,0.11036083280567922
2.71,schechter,-2,22618561765340.734,0.022618561765340734,71,10,0.14084507042253522,0.015984785418482805,297741594236171.2,61.98924941063781,0.10395013669369071,2701.2307913144173,9407018.393461363,52.82855663830566,0.11893706222978612
2.7199999999999998,schechter,-2,22882370925475.69,0.02288237092547569,102,10,0.09803921568627451,0.01586528595509673,186747907354812.16,27.37064996315015,0.10345310394543139,2700.3087427963524,9345568.857473286,52.21468777209749,0.0812157796627862
2.73,schechter,-2,23148299020620.43,0.02314829902062043,171,10,0.05847953216374269,0.015746946804428008,206917744038814.56,34.541398788831,0.10295606265454338,2699.3581688051745,9284671.574754989,51.60704363378558,0.04752358893772027
2.7399999999999998,schechter,-2,23416355372871.684,0.023416355372871685,96,10,0.10416666666666667,0.015629733791382328,159919421327446.2,31.80434734892442,0.10245909166299956,2698.379479885171,9224320.295706078,51.00560427727568,0.08304208507525111
2.75,schechter,-2,23686549311090.15,0.023686549311090148,75,10,0.13333333333333333,0.015513633485170875,184404111320125.1,29.297623868454203,0.10196226781268383,2697.3730814676974,9164508.855059594,50.410348092151594,0.10427302188820302
2.76,schechter,-2,23958890170875.06,0.023958890170875057,131,10,0.07633587786259542,0.015398632583763727,197473385351826.2,28.271457558058234,0.10146566596997589,2696.3393739346443,9105231.170576822,49.82125187393156,0.058563294081665815
2.77,schechter,-2,24233387294538.984,0.024233387294538986,65,10,0.15384615384615385,0.0152847179137231,291482890606614.56,76.00907565992688,0.10096935905086413,2695.2787526775646,9046481.241760328,49.23829089262068,0.1157835979765459
2.78,schechter,-2,24510050031082.54,0.024510050031082538,181,10,0.055248618784530384,0.015171876430005171,202287756514561.2,41.349719321818256,0.1004734180465394,2694.191608155536,8988253.148596747,48.66143895968957,0.04078924523771544
2.79,schechter,-2,24788887736169.457,0.024788887736169458,64,10,0.15625,0.015060095215739366,216247824890986.3,39.519963450223216,0.09997791204942123,2693.0783259592918,8930541.050315544,48.09066849354504,0.11316406976583523
2.8,schechter,-2,25069909772101.707,0.025069909772101707,77,10,0.12987012987012986,0.014949368417199405,519578672487396.8,82.36435049916084,0.09948290827957305,2691.9392868609416,8873339.184167327,47.52595058314752,0.09227051229156949
2.81,schechter,-2,25353125507794.863,0.025353125507794862,86,10,0.11627906976744186,0.014839676817018255,298720887059511.06,50.065490895464386,0.09898847211146117,2690.774866880506,8816641.86423281,46.96725505040925,0.08104405650355136
2.82,schechter,-2,25638544318753.39,0.02563854431875339,88,10,0.11363636363636363,0.014731005833930944,641066088365459.8,103.84306865033196,0.09849466710101733,2689.5854373381726,8760443.480241075,46.41455051070942,0.0776969334491526
2.8299999999999996,schechter,-2,25926175587046.434,0.025926175587046435,123,10,0.08130081300813008,0.01462334309849922,343010735089484.9,32.88118182829625,0.09800155501296365,2688.371364907749,8704738.496411402,45.867804431900055,0.05453175946199492
2.84,schechter,-2,26216028701283.33,0.02621602870128333,120,10,0.08333333333333333,0.014516676367519299,294796323186932.0,19.97120697437258,0.09750919584836228,2687.1330116816002,8649521.450322606,45.32698319200866,0.05483309547619805
2.8499999999999996,schechter,-2,26508113056589.64,0.02650811305658964,110,10,0.09090909090909091,0.014410993523652493,491819064218250.8,67.1764428909826,0.097017647872353,2685.8707352174965,8594786.951786837,44.7920521350226,0.05868163392990141
2.86,schechter,-2,26802438054583.086,0.026802438054583086,116,10,0.08620689655172414,0.0143062825750363,133585298291734.66,29.229997876514698,0.09652696764204288,2684.5848885972728,8540529.681758447,44.2629756254505,0.05458953766462405
2.8699999999999997,schechter,-2,27099013103349.652,0.027099013103349653,86,10,0.11627906976744186,0.014202531654871065,266020609299096.5,24.76655193675127,0.09603721003451575,2683.2758204803545,8486744.391249523,43.739717101237105,0.07223426938435176
2.88,schechter,-2,27397847617420.074,0.027397847617420073,113,10,0.08849557522123894,0.014099729020989438,169685571989919.03,25.24912263679495,0.0955484282749277,2681.9438751572766,8433425.9002663,43.222239125214685,0.05393113799521545
2.8899999999999997,schechter,-2,27698951017745.895,0.027698951017745894,145,10,0.06896551724137931,0.013997863055403958,210440738340906.44,29.639199697721438,0.09506067396466021,2680.5893926032086,8380569.09677265,42.71050343514215,0.041231432973274494
2.9,schechter,-2,28002332731676.516,0.028002332731676516,77,10,0.12987012987012986,0.01389692226383521,258971570239457.3,23.176292256382105,0.09457399710949974,2679.212708528739,8328168.935656688,42.204470992185705,0.07617042241099906
2.9099999999999997,schechter,-2,28308002192935.395,0.028308002192935396,84,10,0.11904761904761904,0.01379689527522121,270103146835153.25,47.382755124732874,0.0940884461478178,2677.814154432999,8276220.437724468,41.70410202806863,0.0684984676462385
2.92,schechter,-2,28615968841597.33,0.02861596884159733,115,10,0.08695652173913043,0.013697778204296518,424984489095417.7,58.0626172048094,0.09360406797872392,2676.3940576568502,8224718.688710108,41.209356090818595,0.04908492344990512
2.9299999999999997,schechter,-2,28926242124065.01,0.028926242124065013,85,10,0.11764705882352941,0.013599555525426466,597271688096554.2,69.65350683939016,0.09312090799016796,2674.952741429,8173658.8382961275,40.720192088996136,0.0651501780376864
2.94,schechter,-2,29238831493046.426,0.029238831493046426,153,10,0.06535947712418301,0.013502214517866151,335804365897966.8,17.836714645674107,0.09263901008696694,2673.4905249194558,8123036.099160874,40.23656833473701,0.03550867824303265
2.9499999999999997,schechter,-2,29553746407531.98,0.02955374640753198,177,10,0.05649717514124294,0.013405744265931663,475931897399821.9,56.79937549116785,0.09215841671873516,2672.0077232910485,8072845.746031287,39.75844258537662,0.030112514898942705
2.96,schechter,-2,29870996332771.844,0.029870996332771845,138,10,0.07246376811594203,0.013310133974872573,294410801323600.6,20.31232951915097,0.09167916890769558,2670.504647742474,8023083.114753859,39.28577208365116,0.03789122389418158
2.9699999999999998,schechter,-2,30190590740253.363,0.030190590740253362,116,10,0.08620689655172414,0.013215372970279748,618975659469894.8,56.76736676972439,0.0912013062763538,2668.981605564153,7973743.601392691,38.81851359686295,0.044224235804691335
2.98,schechter,-2,30512539107678.945,0.030512539107678944,99,10,0.10101010101010101,0.013121450697478387,587784543732401.8,65.21239816871812,0.09072486707501438,2667.438900177406,7924822.661321773,38.3566234544333,0.05083783268475653
2.9899999999999998,schechter,-2,30836850918943.402,0.030836850918943403,100,10,0.1,0.013028359098291697,506888994803213.1,84.21285266193291,0.09024988820912404,2665.876831193113,7876315.808353685,37.90005758460953,0.049377556005822686
3.0,schechter,-2,31163535664112.26,0.03116353566411226,142,10,0.07042253521126761,0.012936102152933282,275305134114088.06,31.91159287980934,0.0897764052664229,2664.29569444615,7828218.613865179,37.44877154952015,0.0341155728356658
3.01,schechter,-2,31492602839399.375,0.03149260283939938,127,10,0.07874015748031496,0.012844654019268487,346103706967148.56,41.406643341461425,0.08930445254389056,2662.6957820549173,7780526.705950752,37.00272057946856,0.037424184536609416
3.02,schechter,-2,31824061947145.23,0.03182406194714523,177,10,0.05649717514124294,0.012754004585807666,297971436766709.9,22.084149294351008,0.08883406307447111,2661.077382454175,7733235.768582869,36.56185960564688,0.026345204806557988
3.03,schechter,-2,32157922495795.26,0.032157922495795264,189,10,0.05291005291005291,0.0126641438579711,274997398703255.94,28.065647206750413,0.08836526865356453,2659.4407804507673,7686341.540784624,36.126143292027464,0.024206702417138275
3.04,schechter,-2,32494193999878.043,0.032494193999878046,85,10,0.11764705882352941,0.012575070000461097,505588941627143.7,20.28861577026036,0.08789809986527143,2657.7862572611257,7639839.815826388,35.69552606593429,0.05280867517440087
3.05,schechter,-2,32832885979983.832,0.03283288597998383,130,10,0.07692307692307693,0.012486781749676878,562975647916666.5,33.698252220827065,0.08743258610838046,2656.1140905626603,7593726.440420668,35.26996214764436,0.033877563050538455
3.06,schechter,-2,33174007962743.28,0.03317400796274328,156,10,0.0641025641025641,0.012399253804867172,320108735629972.7,46.355853973515366,0.08696875562208634,2654.4245545287936,7547997.313944066,34.849405578768376,0.027699142610250194
3.07,schechter,-2,33517569480805.992,0.03351756948080599,110,10,0.09090909090909091,0.012312476604642408,272792202863231.1,29.816692619310533,0.08650663551143015,2652.717919882216,7502648.387664568,34.43381024980002,0.038542316646305336
3.08,schechter,-2,33863580072819.51,0.03386358007281951,100,10,0.1,0.012226454809526888,616216305425096.4,100.16707704817581,0.08604625177245216,2650.9944539271205,7457675.663981256,34.023129926369954,0.04159822605234241
3.09,schechter,-2,34212049283408.24,0.034212049283408236,161,10,0.062111801242236024,0.012141179518998957,338732955515540.75,35.698613860489345,0.08558762931704852,2649.254420600589,7413075.195680463,33.61731827477894,0.0253511736721376
3.0999999999999996,schechter,-2,34562986663152.504,0.0345629866631525,115,10,0.08695652173913043,0.012056627750922422,238807950516660.66,32.46181218606928,0.08513079199752545,2647.498080507829,7368843.085202581,33.216328886346325,0.03482407935955558
3.11,schechter,-2,34916401768567.777,0.03491640176856778,105,10,0.09523809523809523,0.01197279671929563,376256717843347.75,38.114635361227315,0.08467576263084305,2645.7256909712924,7324975.48391775,32.820115300979076,0.037423673219282534
3.1199999999999997,schechter,-2,35272304162083.93,0.03527230416208393,116,10,0.08620689655172414,0.01188969629118286,262031254746924.5,25.67720316787266,0.08422256302254322,2643.937506057501,7281468.591418872,32.42863102956686,0.03323849776554988
3.13,schechter,-2,35630703412024.77,0.035630703412024775,69,10,0.14492753623188406,0.011807293013565312,249714959270154.44,23.807165689694862,0.08377121399035611,2642.1337766348443,7238318.654820386,32.04182957584278,0.054830039201840416
3.1399999999999997,schechter,-2,35991609092587.45,0.03599160909258745,84,10,0.11904761904761904,0.011725586746293648,450476197785505.6,44.99063418468986,0.08332173538748046,2640.314750401737,7195521.968076602,31.65966445703883,0.044193826422566494
3.15,schechter,-2,36355030783822.3,0.036355030783822295,96,10,0.10416666666666667,0.011644585701766186,409331132119684.56,23.722985204550355,0.08287414612553251,2638.4806719243966,7153074.871296239,31.28208922374955,0.03794447592669251
3.1599999999999997,schechter,-2,36720978071612.375,0.03672097807161238,89,10,0.11235955056179775,0.011564256274698703,178860598599245.6,24.06626878530252,0.08242846419716175,2636.631782687426,7110973.750088734,30.909057479213406,0.04016182717966477
3.17,schechter,-2,37089460547653.516,0.03708946054765352,129,10,0.07751937984496124,0.01148461041903559,328740140033935.6,28.88043054924959,0.0819847066983287,2634.7683211221115,7069215.034901877,30.540522897437125,0.027189612982224914
3.1799999999999997,schechter,-2,37460487809434.2,0.0374604878094342,132,10,0.07575757575757576,0.011405635565797989,574510500576037.2,92.19026593768206,0.0815428898502426,2632.890522644996,7027795.200383879,30.17643924072549,0.02607435368584551
3.19,schechter,-2,37834069460215.76,0.03783406946021576,69,10,0.14492753623188406,0.011327310129059742,350921559637297.25,64.06176360234528,0.08110302902095701,2630.998619701925,6986710.76474544,29.816760376468217,0.04894836113450951
3.1999999999999997,schechter,-2,38210215109012.58,0.038210215109012576,135,10,0.07407407407407407,0.011249659467140516,440864606549666.1,39.353263802833204,0.08066513874662186,2629.0928417967407,6945958.289138465,29.461440293040376,0.02455045708949605
3.21,schechter,-2,38588934370572.25,0.03858893437057225,157,10,0.06369426751592357,0.011172639870504875,278666978429287.75,26.321366084315635,0.08022923275238983,2627.173415535067,6905534.377048772,29.11043311517628,0.020715948131865218
3.2199999999999998,schechter,-2,38970236865356.17,0.038970236865356174,89,10,0.11235955056179775,0.011096272488619108,344257736278312.9,50.27106089922562,0.07979532397297763,2625.240564657404,6865435.673682141,28.76369311845572,0.03586177265409022
3.23,schechter,-2,39354132219520.06,0.03935413221952006,133,10,0.07518796992481203,0.01102053175397133,284137699096676.75,20.692787806601793,0.07936342457287976,2623.2945100710317,6825658.865381889,28.42117474319698,0.0235501096798925
3.2399999999999998,schechter,-2,39740630064894.38,0.03974063006489438,129,10,0.07751937984496124,0.010945420108517734,181137363246724.28,16.874253386166004,0.07893354596623703,2621.335469894856,6786200.679036681,28.082832607755627,0.023827783002253175
3.25,schechter,-2,40129740038965.41,0.040129740038965404,87,10,0.11494252873563218,0.010870929317159606,304819925667666.25,29.446279919885654,0.07850569883635809,2619.3636594823665,6747057.881511198,27.748621521006218,0.0346727934716635
3.26,schechter,-2,40521471784855.81,0.040521471784855816,67,10,0.14925373134328357,0.010797048769412787,363997896536085.8,34.046529366017445,0.07807989315489611,2617.3792914676824,6708227.279078383,27.418496494427377,0.04418490206482178
3.27,schechter,-2,40915834951305.7,0.040915834951305706,119,10,0.08403361344537816,0.010723779563329372,566839764267568.6,29.851452177324923,0.0776561382006801,2615.3825757890468,6669705.71686476,27.092412753365398,0.024414543042506214
3.28,schechter,-2,41312839192653.72,0.041312839192653716,147,10,0.06802721088435375,0.010651105873523026,528622131659843.1,38.48436422114581,0.07723444257820353,2613.3737197323358,6631490.078299773,26.770325747912903,0.019396841755763252
3.29,schechter,-2,41712494168818.15,0.04171249416881815,112,10,0.08928571428571429,0.010579030451185134,435620382983102.1,30.148496990562062,0.07681481423577075,2611.352927954952,6593577.284582875,26.45219116305943,0.02498558355487286
3.3,schechter,-2,42114809545277.89,0.04211480954527789,144,10,0.06944444444444445,0.010507539777546926,365700574895754.9,27.495935186033144,0.07639726048330328,2609.3204025257323,6555964.294144623,26.137964928408444,0.019072618485373487
3.31,schechter,-2,42519794993054.6,0.042519794993054603,157,10,0.06369426751592357,0.010436630889471998,537293711932925.6,25.074198834047333,0.0759817880098082,2607.276342951375,6518648.1021335395,25.82760322730232,0.017168991187457964
3.32,schechter,-2,42927460188693.04,0.04292746018869304,100,10,0.1,0.01036629978700776,384182381928578.5,47.107573354795605,0.07556840290051019,2605.2209462178166,6481625.739898744,25.521062505540424,0.026455898481539546
3.33,schechter,-2,43337814814243.63,0.04333781481424363,109,10,0.09174311926605505,0.010296530731094045,239616421520251.4,28.995722939596135,0.07515711065365033,2603.1544068067824,6444894.2744803615,25.218299479359967,0.023822109685794755
3.34,schechter,-2,43750868557243.484,0.043750868557243486,115,10,0.08695652173913043,0.010227336150133715,544172247022336.3,46.12930140984662,0.07474791619695409,2601.0769167423687,6408450.8081216905,24.919271143294903,0.02216154457380903
3.3499999999999996,schechter,-2,44166631110698.38,0.044166631110698386,81,10,0.12345679012345678,0.010158683238594368,449056765462569.1,33.16927281042141,0.0743408239037712,2598.988665612397,6372292.477769603,24.623934777251314,0.030882315245667147
3.36,schechter,-2,44585112173064.61,0.04458511217306461,146,10,0.0684931506849315,0.01009060005130058,401039577291137.9,22.621783622212796,0.07393583760889016,2596.889840601385,6336416.454597149,24.332247953312738,0.016816916605887394
3.3699999999999997,schechter,-2,45006321448230.77,0.045006321448230774,207,10,0.04830917874396135,0.010023050825247348,344313890298836.8,33.28680272132499,0.07353296062403111,2594.7806265231093,6300819.9435306,24.04416854210093,0.011642315137598601
3.38,schechter,-2,45430268645500.17,0.04543026864550017,123,10,0.08130081300813008,0.009956043604059772,199944344258367.12,18.168058779453816,0.07313219575301971,2592.661205843833,6265500.18277916,23.75965471861949,0.019231882796421153
3.3899999999999997,schechter,-2,45856963479572.34,0.04585696347957234,134,10,0.07462686567164178,0.009889575960516539,409378202226030.4,45.66364716106154,0.07273354530664589,2590.5317587186096,6230454.443376221,23.47866496783897,0.01732791348141508
3.4,schechter,-2,46286415670525.875,0.046286415670525875,140,10,0.07142857142857142,0.009823625366544908,200916015328541.78,17.853195716154268,0.07233701111721073,2588.3924630178435,6195680.028727723,23.201158089807034,0.01627996322458907
3.4099999999999997,schechter,-2,46718634943800.36,0.04671863494380036,84,10,0.11904761904761904,0.009758212068972427,591442801030119.8,31.65332603839005,0.07194259455276497,2586.243494351315,6161174.274165404,22.927093204359764,0.02663421876348085
3.42,schechter,-2,47153631030179.04,0.04715363103017904,157,10,0.06369426751592357,0.00969331155094344,347120272979983.9,41.00713806058866,0.07155029653104333,2584.085026105419,6126934.5465087,22.656429755602375,0.013988269570262366
3.4299999999999997,schechter,-2,47591413665771.06,0.04759141366577106,131,10,0.07633587786259542,0.009628913959249807,416786678779899.1,48.48189759130019,0.07116011753309788,2581.9172294629193,6092958.2436328735,22.389127515887672,0.016456716219324794
3.44,schechter,-2,48031992591994.33,0.04803199259199433,94,10,0.10638297872340426,0.009565041878140779,252770264600054.3,36.43689102921043,0.07077205761663512,2579.740273432314,6059242.794044905,22.12514658955567,0.02251361209458549
3.4499999999999997,schechter,-2,48475377555557.92,0.04847537755555792,116,10,0.08620689655172414,0.00950166362833027,359822312574861.25,20.468407181927688,0.07038611642905952,2577.5543248787976,6025785.656462501,21.8644474163549,0.01790936420426889
3.46,schechter,-2,48921578308445.28,0.048921578308445283,81,10,0.12345679012345678,0.009438774497963265,756946310364933.2,21.546778409902434,0.07000229322022894,2575.3595485452197,5992584.319403749,21.60699077448754,0.025178211543205
3.4699999999999998,schechter,-2,49370604607896.38,0.049370604607896384,115,10,0.08695652173913043,0.009376392439943926,390231639831018.1,44.177013550209494,0.06962058685492503,2573.156107088654,5959636.300782556,21.352737783490912,0.017409708619585147
3.48,schechter,-2,49822466216391.54,0.04982246621639154,181,10,0.055248618784530384,0.009314492685095987,484071903533164.0,62.019294420133335,0.06924099582504298,2570.9441610898766,5926939.147505195,21.10164990659002,0.01085918031482813
3.4899999999999998,schechter,-2,50277172901633.78,0.05027717290163378,104,10,0.09615384615384616,0.009253068558417565,265641877997056.75,25.720230577495197,0.06886351826150523,2568.7238690955423,5894490.435082389,20.8536889530868,0.018553905151810306
3.5,schechter,-2,50734734436532.266,0.050734734436532265,124,10,0.08064516129032258,0.009192126825027902,514542083200063.2,23.808069432020744,0.06848815194590231,2566.4953876350023,5862287.767236518,20.608817080236825,0.015277327444785332
3.51,schechter,-2,51195160599185.48,0.051195160599185476,118,10,0.0847457627118644,0.009131662869532486,336261216674629.44,17.430052014983353,0.06811489432186627,2564.2588712481997,5830328.775524363,20.366996795002674,0.01576140240650958
3.52,schechter,-2,51658461172864.59,0.05165846117286459,111,10,0.09009009009009009,0.00907166136540205,354307587957836.9,20.716436532445407,0.06774374250617998,2562.0144725090286,5798611.1189587405,20.12819095550508,0.016450102004188324
3.53,schechter,-2,52124645945996.625,0.052124645945996625,150,10,0.06666666666666667,0.009012118281246373,223609444219480.06,27.50348999038269,0.0673746932996273,2559.7623420513587,5767132.483642135,19.892362772287203,0.011951488413154285
3.54,schechter,-2,52593724712148.3,0.0525937247121483,182,10,0.054945054945054944,0.00895304195137836,735773313000036.4,30.67091926316569,0.06700774319758737,2557.5026285946656,5735890.582397208,19.65947580932353,0.00967099514631767
3.55,schechter,-2,53065707270009.18,0.05306570727000918,60,10,0.16666666666666666,0.008894421757149051,787558999066646.0,57.92543687883862,0.06664288840037871,2555.235478959242,5704883.154414197,19.42949398477661,0.028802352338098948
3.56,schechter,-2,53540603423375.54,0.05354060342337554,98,10,0.10204081632653061,0.0088362472098098,377001811472105.44,22.431070116649067,0.06628012482335588,2552.961038104909,5674107.964892094,19.202381571691664,0.017313978631077916
3.57,schechter,-2,54018422981134.2,0.054018422981134205,85,10,0.11764705882352941,0.008778514394899517,375133617163357.4,24.840838846447,0.06591944810676449,2550.679449139957,5643562.804696245,18.97810319830639,0.019599947307555432
3.58,schechter,-2,54499175757246.04,0.05449917575724604,99,10,0.10101010101010101,0.008721222146471752,288618700317412.1,22.331516035435225,0.06556085362535716,2548.3908533526446,5613245.49001041,18.756623848311037,0.016523301343326306
3.59,schechter,-2,54982871570730.266,0.054982871570730264,118,10,0.0847457627118644,0.00866437619336835,226277023049068.7,25.884649129986343,0.0652043364977763,2546.095390231888,5583153.862002588,18.53790886087762,0.013611814932967817
3.5999999999999996,schechter,-2,55469520245648.05,0.055469520245648045,154,10,0.06493506493506493,0.008607959600683612,442202847618013.94,30.04291654657378,0.06484989159570673,2543.793197488348,5553285.786493722,18.32192393051556,0.010241193571472481
3.61,schechter,-2,55959131611086.74,0.05595913161108674,172,10,0.05813953488372093,0.008551968570473467,560898278177863.3,39.22013536022171,0.06449751355280299,2541.48441107619,5523639.15362708,18.108635106756477,0.009003748737625222
3.6199999999999997,schechter,-2,56451715501144.04,0.05645171550114404,135,10,0.07407407407407407,0.00849639933090962,436804689544471.25,34.95856832671342,0.06414719677339552,2539.1691652203062,5494211.877547617,17.898008793740114,0.011264342958499853
3.63,schechter,-2,56947281754912.15,0.05694728175491215,118,10,0.0847457627118644,0.008441248136283441,296128419771175.1,21.286579526604417,0.06379893544097907,2536.847592429268,5465001.896084231,17.690011749544166,0.012654727009463717
3.6399999999999997,schechter,-2,57445840216462.016,0.05744584021646201,97,10,0.10309278350515463,0.00838651789589795,442637602667631.5,28.96247797644373,0.06345272352648877,2534.5198235246867,5436007.170438018,17.484611085494976,0.015117010698074152
3.65,schechter,-2,57947400734828.0,0.057947400734828,123,10,0.08130081300813008,0.008332202431717506,792521591033900.9,22.084920256121737,0.0631085547963669,2532.1859876568315,5407225.684871397,17.281774265234635,0.011706930207900897
3.6599999999999997,schechter,-2,58451973163991.79,0.05845197316399179,82,10,0.12195121951219512,0.008278293217465427,172490843764926.6,13.532616827422023,0.06276642282042497,2529.8462123298546,5378655.446409031,17.081469103751303,0.01724456217389386
3.67,schechter,-2,58959567362867.58,0.05895956736286758,106,10,0.09433962264150944,0.008224786623060809,406123390081149.25,32.0026102064336,0.062426320979504686,2527.500623419544,5350294.484533614,16.883663766205537,0.013100427537032432
3.6799999999999997,schechter,-2,59470193195286.3,0.0594701931952863,111,10,0.09009009009009009,0.008171679044409408,457561158696732.0,19.276846825838753,0.06208824247294238,2525.1493451889396,5322140.850894996,16.68832676665726,0.012285734245527001
3.69,schechter,-2,59983860529980.19,0.059983860529980185,113,10,0.08849557522123894,0.008118966903384539,390849861161525.6,25.996565063455932,0.06175218032584041,2522.7925003233017,5294192.619019311,16.495426966797996,0.011851842973507058
3.6999999999999997,schechter,-2,60500579240568.055,0.06050057924056806,204,10,0.049019607843137254,0.008066646647805209,334384484433908.3,24.631900616928668,0.061418127396149415,2520.43020993078,5266447.884021641,16.30493357434906,0.006447359694127915
3.71,schechter,-2,61020359205539.57,0.06102035920553957,86,10,0.11627906976744186,0.0080147147514108,307600581232784.9,24.177290378838414,0.06108607638156587,2518.062593576984,5238904.762326913,16.116816141599216,0.015019963264633831
3.7199999999999998,schechter,-2,61543210308240.625,0.06154321030824063,120,10,0.08333333333333333,0.007963169050327012,740808971492705.9,39.38894358440111,0.06075601982624775,2515.6897692960565,5211561.39139034,15.93104456367991,0.010571800084073022
3.73,schechter,-2,62069142436857.96,0.06206914243685796,58,10,0.1724137931034483,0.007912009049892643,327520722665247.7,22.24052234463257,0.06042795012735299,2513.3118536113675,5184415.929424091,15.747589076823203,0.021481908153416506
3.7399999999999998,schechter,-2,62598165484404.55,0.06259816548440454,117,10,0.08547008547008547,0.007861226358999995,426528430142659.4,28.781855879841856,0.060101859541404255,2510.9289615586013,5157466.555130386,15.566420256558272,0.010459072926164732
3.75,schechter,-2,63130289348704.49,0.06313028934870449,142,10,0.07042253521126761,0.007810817565196526,298986655625012.3,18.12507474336919,0.05977774019048319,2508.5412066969693,5130711.467432381,15.387509015736292,0.008464015894699502
3.76,schechter,-2,63665523932378.5,0.0636655239323785,160,10,0.0625,0.0077607792816893895,503187053569322.8,23.240647581955017,0.059455584068258405,2506.1487011325685,5104148.885215932,15.210826602579644,0.007377991747166869
3.77,schechter,-2,64203879142828.875,0.06420387914282888,126,10,0.07936507936507936,0.007711108147301582,695777644649414.9,22.486663973744122,0.05913538304585055,2503.751555535731,5077777.047071797,15.03634459861342,0.009202133280952545
3.78,schechter,-2,64745364892225.13,0.06474536489222513,121,10,0.08264462809917356,0.00766180082642709,585007773376539.2,27.860031801207334,0.05881712887753789,2501.3498791590446,5051594.211037625,14.86403491652446,0.009412006198964316
3.79,schechter,-2,65289991097489.375,0.06528999109748937,101,10,0.09900990099009901,0.007612854008982595,519523336857438.0,23.071288605507185,0.05850081320630583,2498.943779853102,5025598.654353037,14.693869797973939,0.011075473821680611
3.8,schechter,-2,65837767680281.445,0.06583776768028145,230,10,0.043478260869565216,0.0075642644103554035,386364758355014.0,28.74836691614624,0.058186427569244414,2496.533364084786,4999788.673212268,14.52582181135019,0.004777267693859152
3.81,schechter,-2,66388704566985.266,0.06638870456698527,110,10,0.09090909090909091,0.0075160287713510465,328458937880701.25,18.39543743404494,0.05787396340279591,2494.1187369527534,4974162.582516595,14.359863849440746,0.009811740895007312
3.82,schechter,-2,66942811688693.71,0.0669428116886937,80,10,0.125,0.007468143858136322,858933978227058.9,25.05484954771577,0.0575634120478575,2491.7000022147945,4948718.7156405095,14.195969127153093,0.013252192455905153
3.83,schechter,-2,67500098981194.79,0.06750009898119479,136,10,0.07352941176470588,0.007420606462182011,434185885328898.2,21.8338471935116,0.057254764754740534,2489.277262283432,4923455.424194368,14.034111178985649,0.00765747177248248
3.84,schechter,-2,68060576384957.266,0.06806057638495727,97,10,0.10309278350515463,0.007373413400200368,671821038914176.8,37.085498967439634,0.056948012687991136,2486.8506182678284,4898371.077789676,13.87426385672001,0.010546462168974736
3.8499999999999996,schechter,-2,68624253845116.555,0.06862425384511656,115,10,0.08695652173913043,0.007326561514083285,542686742920827.1,33.21810087142045,0.056643146931074334,2484.420169966447,4873464.063811505,13.71640132680352,0.008738613745450399
3.86,schechter,-2,69191141311460.61,0.0691911413114606,107,10,0.09345794392523364,0.0072800476708360096,329274156751863.94,20.653056854162816,0.056340158490925135,2481.9860159021537,4848732.787193777,13.560498067934146,0.009226268446246745
3.8699999999999997,schechter,-2,69761248738416.03,0.06976124873841603,149,10,0.06711409395973154,0.007233868762509421,364271463239158.1,24.210941775985287,0.05603903830236975,2479.5482533254212,4824175.670194775,13.406528868424315,0.006508796670803721
3.88,schechter,-2,70334586085034.02,0.07033458608503403,79,10,0.12658227848101267,0.007188021706129755,496716274101263.2,34.49807499166658,0.05573977723241955,2477.106978239822,4799791.152178878,13.254468823666201,0.012059925266801618
3.8899999999999997,schechter,-2,70911163314976.45,0.07091116331497645,90,10,0.1111111111111111,0.007142503443627435,257397568080119.9,16.332892670490033,0.05544236608444147,2474.6622854060333,4775577.689400512,13.104293333449483,0.010399717806718552
3.9,schechter,-2,71490990396502.34,0.07149099039650235,87,10,0.11494252873563218,0.007097310941762247,688876400936269.0,30.0686229646345,0.0551467956022065,2472.2142683655925,4751533.754790982,12.955978099360403,0.010569264956991106
3.9099999999999997,schechter,-2,72074077302453.67,0.07207407730245367,149,10,0.06711409395973154,0.007052441192046621,488622925091373.2,27.593225043642565,0.0548530564738208,2469.763019459854,4727657.837746424,12.809499122125333,0.006062969077742398
3.92,schechter,-2,72660434010242.23,0.07266043401024223,189,10,0.05291005291005291,0.00700789121066836,369427174154860.2,23.854759496188883,0.054561139335540465,2467.3086298283856,4703948.4439248545,12.664832698843753,0.004695966653693776
3.9299999999999997,schechter,-2,73250070501835.56,0.07325007050183556,95,10,0.10526315789473684,0.006963658038410814,565940558949145.2,34.142458290609454,0.054271034775474035,2464.8511894439375,4680404.095037893,12.521955420371837,0.009178801633652022
3.94,schechter,-2,73842996763743.86,0.07384299676374385,155,10,0.06451612903225806,0.00691974224327041,549854461731320.4,43.30363206892623,0.05398273333717482,2462.390787113111,4657023.328652699,12.380844168531203,0.005527241961311837
3.9499999999999997,schechter,-2,74439222787006.14,0.07443922278700614,159,10,0.06289308176100629,0.006876139756141986,363959677376550.75,34.23430345722652,0.053696225523125696,2459.9275104959784,4633804.697992794,12.241476113391883,0.005293968589758264
3.96,schechter,-2,75038758567176.94,0.07503875856717694,238,10,0.04201680672268908,0.006832845764106366,913720957646850.0,47.70143521515346,0.05341150179811911,2457.4614461164942,4610746.771740449,12.103828710493485,0.0034749409552085895
3.9699999999999998,schechter,-2,75641614104312.95,0.07564161410431296,179,10,0.055865921787709494,0.00678985739697846,424616975516491.9,32.504860075426336,0.05312855259253501,2454.9926793837176,4587848.13384705,11.967879698124419,0.00453967578181332
3.98,schechter,-2,76247799402959.97,0.07624779940295996,78,10,0.1282051282051282,0.006747171808825669,626506745565199.5,27.45040106825445,0.05284736830551836,2452.5212946006204,4565107.3833417045,11.833607094519158,0.010236330792930652
3.9899999999999998,schechter,-2,76857324472139.17,0.07685732447213917,144,10,0.06944444444444445,0.006704786177875621,503816908401978.6,28.046027239367646,0.05256793930805998,2450.047374973297,4542523.13414405,11.70098919505717,0.005448099348784119
4.0,schechter,-2,77470199325334.66,0.07747019932533465,137,10,0.072992700729927,0.006662697706424803,507483997927781.4,19.134732120919352,0.05229025594598198,2447.571002635391,4520094.014880405,11.570004569532413,0.0056268206502735835
4.01,schechter,-2,78086433980479.64,0.07808643398047964,100,10,0.1,0.0066209036207438565,700164540014409.8,24.729159156249317,0.052014308542830644,2445.0922586551683,4497818.66870036,11.44063205933024,0.007574732222521783
4.02,schechter,-2,78706038459944.05,0.07870603845994405,180,10,0.05555555555555555,0.006579401170981547,830114574682579.2,30.472437136632777,0.051740087402679,2442.6112230412555,4475695.7530969195,11.312850774601447,0.004135099090752903
4.03,schechter,-2,79329022790521.11,0.0793290227905211,121,10,0.08264462809917356,0.006538195375096478,732067093939954.9,23.16581605189288,0.05146758281284127,2440.127974774943,4453723.939732424,11.186640091568767,0.006044664339633369
4.04,schechter,-2,79955397003414.53,0.07995539700341453,249,10,0.040160642570281124,0.006497277657104283,504977303825628.4,24.658950875731307,0.05119678504650158,2437.6425918023074,4431901.9142613495,11.061979649633116,0.0028864559526467276
4.05,schechter,-2,80585171134226.05,0.08058517113422604,98,10,0.10204081632653061,0.006456643811493357,372376877804123.6,28.010216783032753,0.05092768436525858,2435.1551510603726,4410228.376158676,10.938849348649606,0.007206964688960879
4.06,schechter,-2,81218355222941.94,0.08121835522294193,130,10,0.07692307692307693,0.00641629117515552,500785411292669.2,23.717488783570545,0.05066027102158882,2432.6657284823173,4388702.038552683,10.817229346116012,0.005338961014855191
4.07,schechter,-2,81854959313921.0,0.081854959313921,104,10,0.09615384615384616,0.006376217108444382,576922123537822.8,32.36439968067688,0.05039453526123035,2430.1743990170926,4367321.6280537555,10.697100054416488,0.006558368497856899
4.08,schechter,-2,82494993455881.2,0.0824949934558812,181,10,0.055248618784530384,0.006336418995070314,388965384136318.25,25.2355860520236,0.05013046732548883,2427.681236632627,4346085.884590511,10.578442138011075,0.003703284071908597
4.09,schechter,-2,83138467701887.95,0.08313846770188796,99,10,0.10101010101010101,0.006296903541416987,394665487507000.8,19.989568585820358,0.049868057453468215,2425.1863143333117,4324993.5612532655,10.46123651070919,0.00665387850827125
4.1,schechter,-2,83785392109340.53,0.08378539210934054,85,10,0.11764705882352941,0.006257661459201924,546370450680727.6,27.402111532130892,0.04960729588422757,2422.689704170543,4304043.424121051,10.345464332875405,0.007616283933339125
4.109999999999999,schechter,-2,84435776739960.64,0.08443577673996064,210,10,0.047619047619047616,0.006218687919003596,452289872410110.1,32.59074359415924,0.04934817285886632,2420.1914772594077,4283234.252119073,10.231107008739976,0.0030297172168230616
4.12,schechter,-2,85089631659779.02,0.08508963165977902,93,10,0.10752688172043011,0.006179980389568351,778835111031078.8,40.4043311021185,0.04909067862253967,2417.691703780019,4262564.836847282,10.118146183579599,0.006723649999280407
4.13,schechter,-2,85746966939123.6,0.08574696693912359,44,10,0.22727272727272727,0.006141536362541555,424544173778624.1,24.234441643234042,0.04883480342640599,2415.190452994198,4242033.982438276,10.006563741041571,0.013967198881749241
4.14,schechter,-2,86407792652607.34,0.08640779265260734,203,10,0.04926108374384237,0.00610336508836018,781776049675862.9,23.814722749516925,0.04858053752950762,2412.68779326296,4221640.505400525,9.896341800442004,0.002975418081147648
4.1499999999999995,schechter,-2,87072118879115.47,0.08707211887911546,113,10,0.08849557522123894,0.006065454253870395,775957533488027.1,30.628471581216125,0.04832787120058748,2410.183792046514,4201383.234468503,9.787462714016618,0.005253575871976104
4.16,schechter,-2,87739955701793.75,0.08773995570179376,86,10,0.11627906976744186,0.006027799795745081,352659580365127.3,20.475514639194017,0.04807679471984265,2407.678515921616,4181261.010457904,9.67990906426521,0.006784715567489395
4.17,schechter,-2,88411313208035.97,0.08841131320803597,84,10,0.11904761904761904,0.005990399289144799,287609609076169.1,16.837601213435153,0.04782729838061681,2405.172030592911,4161272.6861168793,9.57366366127139,0.00682738904654661
4.18,schechter,-2,89086201489472.08,0.08908620148947208,110,10,0.09090909090909091,0.0059532591761625175,332918448569040.7,23.806080179369996,0.0475793724910331,2402.664400901611,4141417.125983926,9.468709540038176,0.005124516541422714
4.1899999999999995,schechter,-2,89764630641956.25,0.08976463064195625,228,10,0.043859649122807015,0.005916374342335828,352669251604034.56,17.12564964416649,0.04733300737556878,2400.155690833903,4121693.2062488887,9.365029957841607,0.002430132585867564
4.2,schechter,-2,90446610765554.62,0.09044661076555463,196,10,0.05102040816326531,0.005879736554929793,490580693484102.9,22.652328252334804,0.04708819337657378,2397.6459635372325,4102099.814607074,9.262608391611916,0.0027786580180693896
4.21,schechter,-2,91132151964533.44,0.09113215196453343,181,10,0.055248618784530384,0.0058433434713774934,544892434945657.4,28.197925431799025,0.04684492085573398,2395.13528132591,4082635.850129579,9.16142853532241,0.0029576449514015285
4.22,schechter,-2,91821264347347.44,0.09182126434734744,226,10,0.04424778761061947,0.0058072048558840406,531879374712762.2,21.318962216247513,0.046603180195481396,2392.6237056948585,4063300.22312007,9.061474297393017,0.0023283998912074846
4.2299999999999995,schechter,-2,92513958026627.86,0.09251395802662786,132,10,0.07575757575757576,0.005771310421952114,680701036811771.1,37.05178388892075,0.0463629618003518,2390.1112973226823,4044091.8549862206,8.962729798100218,0.003918689082796708
4.24,schechter,-2,93210243119170.55,0.09321024311917055,116,10,0.08620689655172414,0.005735654004924595,274164253369190.06,18.93159620211275,0.046124256098292224,2387.5981160916895,4025009.6781047075,8.865179367051626,0.004383413925948668
4.25,schechter,-2,93910129745924.5,0.0939101297459245,139,10,0.07194244604316546,0.0057002372767418485,522267590264820.8,26.760724333247055,0.04588705354191895,2385.0842210906935,4006052.635690871,8.768807540620678,0.0035959916270230934
4.26,schechter,-2,94613628031980.0,0.09461362803198,137,10,0.072992700729927,0.005665067246652056,427633306777843.94,18.417117346633315,0.04565134460972769,2382.5696706258254,3987219.681670151,8.67359905943159,0.0035866074410348886
4.27,schechter,-2,95320748106557.34,0.09532074810655734,181,10,0.055248618784530384,0.005630128703406401,702899693952588.9,31.675043327901328,0.04541711980725716,2380.0545222310775,3968509.7805564064,8.579538865874142,0.0026687242005938566
4.28,schechter,-2,96031500102995.11,0.0960315001029951,102,10,0.09803921568627451,0.005595419443667593,504167075020061.4,32.09188022717113,0.0451843696682072,2377.5388326791153,3949921.907314913,8.486612101602384,0.004655505329820654
4.29,schechter,-2,96745894158738.34,0.09674589415873834,129,10,0.07751937984496124,0.0055609544651253895,577612173469680.6,24.98477569787567,0.04495308475551311,2375.0226579848804,3931455.0472522303,8.394804105082914,0.0036188467730243236
4.3,schechter,-2,97463940415327.52,0.09746394041532752,175,10,0.05714285714285714,0.005526715414653771,520664525924983.9,24.346144384743763,0.04472325566237682,2372.5060534250783,3913108.1958865277,8.304100409174648,0.002622537127783898
4.31,schechter,-2,98185649018387.3,0.09818564901838729,96,10,0.10416666666666667,0.0054926993306017025,495331963333540.6,25.228485002787473,0.044494873013256726,2369.989073536576,3894880.358826569,8.214486738669963,0.004699969355284278
4.32,schechter,-2,98911030117614.77,0.09891103011761476,191,10,0.05235602094240838,0.005458920587757099,458524542415155.4,27.9776323993147,0.044267927464816684,2367.4717721277484,3876770.551660913,8.125949007921824,0.002322456038450723
4.33,schechter,-2,99640093866768.36,0.09964009386676836,131,10,0.07633587786259542,0.005425363057585564,364139975595184.7,20.40448940004151,0.04404240970683595,2364.954202298097,3858777.7998315697,8.038473318483836,0.0033291325329381253
4.34,schechter,-2,100372850423656.55,0.10037285042365654,188,10,0.05319148936170213,0.005392022329852808,628172329450474.2,30.29877348054318,0.04381831046308065,2362.4364164283734,3840901.138524533,7.952045956703005,0.0022807239024765077
4.35,schechter,-2,101109309950126.83,0.10110930995012683,215,10,0.046511627906976744,0.0053589151930897305,638469140926169.8,35.60910746483136,0.043595620492138186,2359.9184662071425,3823139.612554538,7.866653391444018,0.0019607780641014046
4.36,schechter,-2,101849482612054.45,0.10184948261205445,145,10,0.06896551724137931,0.005326021615835619,593836532326607.2,34.37817067674007,0.04337433058821551,2357.400402624773,3805492.276251821,7.78228227172567,0.002858524386189327
4.37,schechter,-2,102593378579331.16,0.10259337857933115,163,10,0.06134969325153374,0.005293342615750984,594666045427296.6,23.632906870341294,0.0431544315819022,2354.882275993861,3787958.1933524255,7.6989194244729,0.002500185170846346
4.38,schechter,-2,103341008025854.72,0.10334100802585472,117,10,0.08547008547008547,0.005260888920968099,495555361221085.4,33.990257390754806,0.042935914340899516,2352.364135949496,3770536.4368874063,7.6165518522182625,0.00342477207310377
4.39,schechter,-2,104092381129517.34,0.10409238112951734,97,10,0.10309278350515463,0.005228642130675865,453696041004964.4,23.554497278930594,0.04271876977071631,2349.8460314618064,3753226.089076467,7.535166730872825,0.004061720642341111
4.3999999999999995,schechter,-2,104847508072195.1,0.10484750807219509,95,10,0.10526315789473684,0.005196611371724225,717804763368294.2,28.084066805543518,0.0425029888153329,2347.3280108397,3736026.2412209357,7.454751407486452,0.004077836414475922
4.41,schechter,-2,105606399039736.64,0.10560639903973663,126,10,0.07936507936507936,0.0051647934650032035,694278538219717.8,22.882616325032696,0.04228856245783335,2344.8101217459416,3718935.9935974055,7.375293398065612,0.0030231640591119476
4.42,schechter,-2,106369064221953.0,0.106369064221953,157,10,0.06369426751592357,0.005133176693269514,662278897799993.2,15.89267709111066,0.042075481721007855,2342.2924111959564,3701954.455356704,7.296780385369704,0.002385711019750695
4.43,schechter,-2,107135513812606.25,0.10713551381260625,222,10,0.04504504504504504,0.0051017802048297645,816228567982380.8,38.08824460928976,0.041863737667925324,2339.774925570641,3685080.744418201,7.219200216762824,0.0016590438180442938
4.4399999999999995,schechter,-2,107905758009399.08,0.10790575800939908,147,10,0.06802721088435375,0.005070581564400323,658336514322222.8,25.462774666416962,0.041653321402477496,2337.2577106321114,3668313.9873721073,7.142540902109423,0.0024637303551844417
4.45,schechter,-2,108679807013963.73,0.10867980701396374,156,10,0.0641025641025641,0.005039589874690664,440330256997558.4,18.084724067027143,0.041444224069895445,2334.7408115120957,3651653.319377335,7.06679061159704,0.0022829311803053516
4.46,schechter,-2,109457671031851.92,0.10945767103185192,188,10,0.05319148936170213,0.0050088024999713765,443544485380582.3,27.51160884781463,0.041236436857238865,2332.2242727352877,3635097.884063798,6.99193767369603,0.0018628316435985491
4.47,schechter,-2,110239360272523.66,0.11023936027252365,95,10,0.10526315789473684,0.0049782101500951415,821396794532670.4,28.68338020163399,0.04102995099385941,2329.708138225221,3618646.833436934,6.9179705730890015,0.00362516961315907
4.4799999999999995,schechter,-2,111024884949337.08,0.11102488494933707,162,10,0.06172839506172839,0.004947827269712768,805013621325085.2,21.80877895857766,0.04082475775183858,2327.1924513014656,3602299.327779113,6.844877948589199,0.0020905724550546434
4.49,schechter,-2,111814255279537.8,0.1118142552795378,255,10,0.0392156862745098,0.004917632673916761,465279416643951.6,18.375754851369102,0.04062084844640118,2324.6772547001847,3586054.5355572705,6.772648591160793,0.001306094039248966
4.5,schechter,-2,112607481484248.48,0.11260748148424848,127,10,0.07874015748031496,0.004887643793687224,462035996377634.6,24.339632846494617,0.04041821443630461,2322.162590570395,3569911.633328093,6.701271441882277,0.0025790100608448305
4.51,schechter,-2,113404573788458.22,0.11340457378845822,159,10,0.06289308176100629,0.004857843485994495,529864896239143.2,16.84541118458448,0.04021684712420523,2319.648500488382,3553869.805647869,6.630735589992589,0.002025853817182224
4.52,schechter,-2,114205542421012.6,0.11420554242101259,120,10,0.08333333333333333,0.004828240141972584,817790817486603.9,33.390707655463025,0.04001673795700224,2317.1350254601043,3537928.2449801154,6.5610302709179305,0.0026398524772286006
4.53,schechter,-2,115010397614603.12,0.11501039761460312,206,10,0.04854368932038835,0.004798827594518329,589949004514935.2,21.499711829647172,0.03981787842615967,2314.6222059293336,3522086.15160432,6.4921448643377175,0.0015123632972133152
4.54,schechter,-2,115819149605756.8,0.1158191496057568,128,10,0.078125,0.004769604534299088,882986516528479.2,36.02896657307688,0.03962026006800758,2312.1100817890015,3506342.7335315645,6.424068892292081,0.002393770946666096
4.55,schechter,-2,116631808634826.1,0.1166318086348261,146,10,0.0684931506849315,0.004740573311776242,756966590610164.4,43.81405917116016,0.0394238744640223,2309.5986923775936,3490697.2064130404,6.356792017254291,0.002064030040103284
4.56,schechter,-2,117448384945978.84,0.11744838494597884,183,10,0.0546448087431694,0.004711725339639816,471662781792797.3,17.069664530084623,0.03922871324108732,2307.088076497036,3475148.7934561176,6.290304040297404,0.001619572947579672
4.57,schechter,-2,118268888787187.66,0.11826888878718765,158,10,0.06329113924050633,0.00468306909882088,640542466775914.4,27.587472820615726,0.03903476807173469,2304.578272412964,3459696.7253384124,6.224594899227724,0.0018449498750159133
4.58,schechter,-2,119093330410220.47,0.11909333041022047,106,10,0.09433962264150944,0.0046545910757596065,891939951775551.5,43.615512189336286,0.03884203067436807,2302.0693178613915,3444340.2401227453,6.1596546667579375,0.0027047805322313687
4.59,schechter,-2,119921720070629.98,0.11992172007062998,155,10,0.06451612903225806,0.004626303564998047,725191785923985.6,32.15558765543783,0.0386504928134673,2299.561250056724,3429078.583176759,6.095473548711838,0.0018193232908875398
4.6,schechter,-2,120754068027743.72,0.12075406802774372,215,10,0.046511627906976744,0.0045981904087208925,1030981195989214.0,24.986719821380603,0.038460146299776024,2297.0541056992297,3413911.0070874332,6.032041882237992,0.0012900687036236957
4.61,schechter,-2,121590384544654.39,0.12159038454465439,120,10,0.08333333333333333,0.004570265467432777,568754129312500.2,15.647428001050661,0.03827098299047199,2294.547920977977,3398836.7715838132,5.9693501340456745,0.0022734595650536803
4.62,schechter,-2,122430679888209.44,0.12243067988820944,192,10,0.052083333333333336,0.004542512152348688,967624366478651.8,45.18290195446655,0.038082994789321374,2292.0427315789775,3383855.1434541843,5.907388898664362,0.001397624263585031
4.63,schechter,-2,123274964329001.55,0.12327496432900155,169,10,0.05917159763313609,0.004514943710476227,916649517413404.8,34.96665246826079,0.03789617364681675,2289.538572690656,3368965.396468138,5.84614889672413,0.0015618362835368132
4.64,schechter,-2,124123248141358.88,0.12412324814135887,172,10,0.05813953488372093,0.004487545267657711,541976727783791.7,25.00896998455228,0.03771051156030021,2287.035479010526,3354166.8113015178,5.785620973263523,0.00150949046622267
4.6499999999999995,schechter,-2,124975541603334.83,0.12497554160333482,84,10,0.11904761904761904,0.0044603273451132575,850793098613383.8,28.82239094192584,0.03752600057407135,2284.5334847527974,3339458.6754533774,5.725796096044925,0.003040348202349037
4.66,schechter,-2,125831854996698.7,0.12583185499669872,117,10,0.08547008547008547,0.0044332788622398756,339515958901221.1,15.804426227834444,0.03734263277948092,2282.032623647575,3324840.2831766997,5.6666653538917995,0.0021471716010936373
4.67,schechter,-2,126692198606925.5,0.1266921986069255,153,10,0.06535947712418301,0.004406405568335381,572886290031992.6,25.903713621775296,0.037160400315010805,2279.5329289562073,3310310.935399574,5.608219955068996,0.0016151693881350084
4.68,schechter,-2,127556582723187.14,0.12755658272318715,145,10,0.06896551724137931,0.004379702189619805,605192820481880.8,32.169098427640634,0.036979295366340204,2277.034433471289,3295869.9396521407,5.550451225653069,0.0016765050611290122
4.6899999999999995,schechter,-2,128425017638341.69,0.1284250176383417,145,10,0.06896551724137931,0.0043531677224778464,981082437938401.0,19.502680770163778,0.03679931016639911,2274.537169516658,3281516.609994206,5.493350607923245,0.0016492052796321052
4.7,schechter,-2,129297513648924.67,0.12929751364892467,153,10,0.06535947712418301,0.004326804648571492,649242161146270.0,24.737820096259533,0.036620436995409095,2272.0411689719567,3267250.26694219,5.43690965882929,0.0015375454892605108
4.71,schechter,-2,130174081055139.08,0.13017408105513908,94,10,0.10638297872340426,0.004300603294521421,804292520797923.8,34.237163477130416,0.03644266818091213,2269.5464632522085,3253070.2373980703,5.381120048372084,0.0024619215540685377
4.72,schechter,-2,131054730160845.94,0.13105473016084593,169,10,0.05917159763313609,0.004274575782404533,613305183679983.0,24.097983234377608,0.03626599609778732,2267.053083336784,3238975.8545814385,5.325973558126975,0.0013471170171181343
4.7299999999999995,schechter,-2,131939471273554.72,0.1319394712735547,163,10,0.06134969325153374,0.004248703881065907,897940126135044.0,23.805746973378866,0.03609041316825672,2264.5610597589866,3224966.457955114,5.271462079679982,0.0013740418034863865
4.74,schechter,-2,132828314704414.61,0.1328283147044146,154,10,0.06493506493506493,0.004223005278216729,789579989639764.1,21.499209925998123,0.03591591186187994,2262.0704226216735,3211041.393161196,5.217577613161321,0.0014307699870055649
4.75,schechter,-2,133721270768203.78,0.13372127076820378,75,10,0.13333333333333333,0.0041974622439125975,637219297022731.2,22.130866201237744,0.035742484695538375,2259.581201591511,3197200.011952672,5.164312265739269,0.0028902674334953735
4.76,schechter,-2,134618349783321.2,0.1346183497833212,170,10,0.058823529411764705,0.0041720829661189285,661517552314049.6,27.643636089479877,0.035570124233408995,2257.0934259176665,3183441.672123255,5.1116582501856165,0.0012544860184835705
4.77,schechter,-2,135519562071777.3,0.1355195620717773,176,10,0.056818181818181816,0.0041468641888881,1044804396015118.6,32.477807439889006,0.03539882308692853,2254.6071244253953,3169765.737445429,5.059607883414052,0.001192131064860548
4.78,schechter,-2,136424917959183.8,0.1364249179591838,144,10,0.06944444444444445,0.004121798818427891,618492140695855.9,20.694526323492507,0.03522857391474806,2252.1223255257905,3156171.577604061,5.008153585066025,0.0014335139950993438
4.79,schechter,-2,137334427774745.08,0.13733442777474508,186,10,0.053763440860215055,0.004096899744215898,657529037915919.0,26.477309556690766,0.0350593694226785,2249.6390572244536,3142658.568130008,4.957287876111029,0.0010919092167550456
4.8,schechter,-2,138248101851249.14,0.13824810185124914,158,10,0.06329113924050633,0.004072149507192813,528923625927145.6,18.167840955357843,0.034891202363627125,2247.157347115224,3129226.0903392765,4.907003377439723,0.0012646867965338375
4.81,schechter,-2,139165950525058.33,0.13916595052505834,207,10,0.04830917874396135,0.00404755907930987,899422749311211.4,41.799785321430285,0.034724065537525745,2244.677222400467,3115873.5312690753,4.85729280852786,0.0009497671308223904
4.82,schechter,-2,140087984136099.86,0.14008798413609985,163,10,0.06134969325153374,0.004023122108821386,838830426664831.2,20.448842064815203,0.03455795179125056,2242.1987098837317,3102600.2836156418,4.808148986058748,0.001186734385786508
4.83,schechter,-2,141014213027857.06,0.14101421302785705,78,10,0.1282051282051282,0.0039988325038975425,964626688289667.2,22.307930975497573,0.03439285401853435,2239.721835976424,3089405.7456736234,4.759564822595994,0.00244009006628259
4.84,schechter,-2,141944647547360.38,0.1419446475473604,127,10,0.07874015748031496,0.003974704377980531,648060259207685.1,23.476660806836215,0.034228765159870625,2237.246626707819,3076289.321274794,4.711533325278444,0.001474563160235071
4.85,schechter,-2,142879298045177.97,0.14287929804517796,159,10,0.06289308176100629,0.003950720438765987,539590210772355.9,21.107774340097734,0.034065678202410896,2234.7731077277294,3063250.419728769,4.664047594518636,0.0011588898213234031
4.86,schechter,-2,143818174875407.62,0.14381817487540763,200,10,0.05,0.003926886819114128,749886442163097.8,29.58461876457627,0.03390358617985464,2232.301304306772,3050288.455764161,4.6171008227133035,0.0009065416181616935
4.87,schechter,-2,144761288395666.7,0.14476128839566668,144,10,0.06944444444444445,0.003903205468755999,504657758160259.4,21.770004566813583,0.033742482172332715,2229.831241343977,3037402.8494712934,4.570686292987767,0.001238911648247079
4.88,schechter,-2,145708648967083.88,0.14570864896708388,128,10,0.078125,0.0038796656309459943,928322696101220.2,30.80599641326674,0.03358235930628393,2227.3629433751953,3024593.026241584,4.524797377952372,0.0013714610057997164
4.89,schechter,-2,146660266954290.44,0.14666026695429044,114,10,0.08771929824561403,0.003856277022654897,702683804152853.2,24.25162604091493,0.03342321075432565,2224.8964345684267,3011858.4167142524,4.479427538458918,0.001515255569404097
4.8999999999999995,schechter,-2,147616152725411.03,0.14761615272541104,93,10,0.10752688172043011,0.0038330336221843453,621817661308037.6,29.994187790952616,0.03326502973511832,2222.4317387351675,2999198.4567176998,4.434570322397488,0.0018277265748054242
4.91,schechter,-2,148576316652055.16,0.14857631665205515,154,10,0.06493506493506493,0.00380992909841249,711783869248647.5,36.093513515764705,0.033107809513224104,2219.9688793366818,2986612.5872155535,4.390219363504799,0.0010861314611318761
4.92,schechter,-2,149540769109308.03,0.14954076910930802,88,10,0.11363636363636363,0.003786974756963768,1178502610312511.5,43.424849714275716,0.032951543398960184,2217.5078794805304,2974100.254251155,4.346368380166104,0.0018704076522902883
4.93,schechter,-2,150509520475722.72,0.15050952047572272,225,10,0.044444444444444446,0.00376416062294338,586188476304578.4,16.01412289357149,0.032796224748246505,2215.048761927648,2961660.908893382,4.303011174255372,0.0007198766765429967
4.9399999999999995,schechter,-2,151482581133310.53,0.15148258113331053,140,10,0.07142857142857142,0.0037414827681702123,835100438960260.8,25.74847829059113,0.03264184696244863,2212.591549101281,2949294.0071838005,4.260141629995546,0.00113851760704235
4.95,schechter,-2,152459961467532.94,0.15245996146753293,87,10,0.11494252873563218,0.0037189521764670053,820687471827926.6,25.230842578003962,0.03248840348821557,2210.1362630861927,2936999.0100829303,4.217753712813109,0.0018029453275940348
4.96,schechter,-2,153441671867292.6,0.1534416718672926,113,10,0.08849557522123894,0.003696558767454672,692462109164123.5,22.387981848990826,0.03233588781731316,2207.6829256322617,2924775.38341962,4.1758414682205,0.0013660392381284316
4.97,schechter,-2,154427722724925.12,0.15442772272492514,146,10,0.0684931506849315,0.0036742990786975405,828619733058518.9,35.40222384356169,0.032184293486452624,2205.231558162493,2912622.597837311,4.134399020716682,0.0010404807200539259
4.9799999999999995,schechter,-2,155418124436190.6,0.1554181244361906,166,10,0.060240963855421686,0.0036521819450096027,655446293900900.8,21.524953057047874,0.03203361407711513,2202.782181772617,2900540.12874541,4.093420572693235,0.0009005973921036808
4.99,schechter,-2,156412887400264.62,0.15641288740026463,183,10,0.0546448087431694,0.003630200861228672,803556048292947.0,16.333073352182236,0.03188384321537219,2200.3348172398996,2888527.4562673313,4.0529004033670875,0.0008039804663812695
