z,luminosity_function,alpha_intrinsic,L_min_Jy_kpc2,L_min_over_L_star,n_generated,n_detected,detection_rate_10_per_n,N_ratio_detectable_L,mean_detected_L,mean_SNR,SFR_psi,comoving_volume_Mpc3,time_Gyr,nfrb_sfr_base,n_total_population_scaled
0.01,schechter,-2,10000000000.0,1e-05,12,10,0.8333333333333334,1.0,1222622428101.0508,358206.99857964093,0.015366633837018974,0.4861630738075603,137678720.05218962,0.02057110057769151,0.017142583814742925
0.02,schechter,-2,10000000000.0,1e-05,17,10,0.5882352941176471,1.0,376308238441.7131,10041.659850578197,0.015778461234561884,1.8170107708563363,135706863.92550436,0.07781332242978498,0.04577254260575587
0.03,schechter,-2,10000000000.0,1e-05,26,10,0.38461538461538464,1.0,3321005890420.5996,67836.2819606399,0.016197006898133106,4.005891683388613,133769703.76805276,0.1735888117086728,0.06676492758025877
0.04,schechter,-2,10000000000.0,1e-05,25,10,0.4,1.0,382995398626.86926,1047.891331695536,0.0166223021408091,7.028423068336029,131866423.28089881,0.3081153180460217,0.12324612721840869
0.05,schechter,-2,10000000000.0,1e-05,30,10,0.3333333333333333,1.0,2976251342774.534,1000.6142399908019,0.01705437728000787,10.860303428252998,129996236.70924087,0.48154691089450136,0.16051563696483379
0.060000000000000005,schechter,-2,10000000000.0,1e-05,35,10,0.2857142857142857,1.0,1239387114953.5703,494.1991898272155,0.017493261604641853,15.477334869616909,128158387.20751494,0.693975277386922,0.1982786506819777
0.06999999999999999,schechter,-2,10000000000.0,1e-05,35,10,0.2857142857142857,1.0,639088236024.6536,4151.234817526324,0.017938983341287663,20.85544471920172,126352145.30294725,0.945431128567572,0.27012317959073484
0.08,schechter,-2,10000000000.0,1e-05,25,10,0.4,1.0,1230059113666.4207,360.71881482319776,0.018391569619367408,26.970706368227162,124576807.45144194,1.2358857049679226,0.4943542819871691
0.09,schechter,-2,10000000000.0,1e-05,43,10,0.23255813953488372,1.0,3154468597089.8555,5639.306479067891,0.018851046435337065,33.79935931746311,122831694.67989907,1.5652523724910283,0.36401217964907634
0.09999999999999999,schechter,-2,10000000000.0,1e-05,21,10,0.47619047619047616,1.0,8720518960401.067,3523.6045300717515,0.019317438615878545,41.31782840070549,121116151.30983643,1.9333882996473808,0.9206610950701812
0.11,schechter,-2,10000000000.0,1e-05,56,10,0.17857142857142858,1.0,1532550486394.177,327.08398786961186,0.019790769780093035,49.50274216708878,119429543.75708403,2.3400962072491294,0.4178743227230588
0.12,schechter,-2,10000000000.0,1e-05,40,10,0.25,1.0,1785185118687.4773,99.03505845392644,0.020271062300694323,58.33095040725478,117771259.40308331,2.7851261818545936,0.6962815454636484
0.13,schechter,-2,10000000000.0,1e-05,39,10,0.2564102564102564,1.0,5241432437160.3125,165.7245158978041,0.02075833726420218,67.77954081058985,116140705.53330435,3.268177544364647,0.8379942421447811
0.14,schechter,-2,10000000000.0,1e-05,43,10,0.23255813953488372,1.0,585210203548.6177,59.24063760611489,0.021252614430137,77.82585474549423,114537308.33873443,3.788900765445189,0.88113971289423
0.15000000000000002,schechter,-2,10000000000.0,1e-05,52,10,0.19230769230769232,1.0,18563384000944.63,10536.244683119983,0.021753912189218152,88.44750215675454,112960511.97664525,4.346899419634623,0.8359421960835813
0.16,schechter,-2,10000000000.0,1e-05,63,10,0.15873015873015872,1.0,321614050109.65576,102.49718132184816,0.02226224752057046,99.62237557799564,111409777.68701176,4.941732170295662,0.7844019317929621
0.17,schechter,-2,10000000000.0,1e-05,31,10,0.3225806451612903,1.0,3984182875789.9336,451.1469546326157,0.02277763594794393,111.32866325983635,109884582.96125181,5.572914777846512,1.7977144444666167
0.18000000000000002,schechter,-2,10000000000.0,1e-05,85,10,0.11764705882352941,1.0,6041062603459.493,824.9487907870501,0.023300091494954225,123.54486141663138,108384420.7601139,6.239922123986735,0.7341084851749099
0.19,schechter,-2,10326768347.206903,1.0326768347206903e-05,45,10,0.2222222222222222,0.9839624837343854,24063334442188.395,696.7579273936786,0.023829626639352574,136.24978559850754,106908798.77780546,6.94219024502177,1.517967723566276
0.2,schechter,-2,11675040739.210812,1.1675040739210812e-05,61,10,0.16393442622950818,0.9250696784766854,6217921778339.628,308.05883345735805,0.024366252266335785,149.4225811973209,105457238.74949963,7.67911836769851,1.1645441900641427
0.21000000000000002,schechter,-2,13130444481.674526,1.3130444481674526e-05,63,10,0.15873015873015872,0.871976363741231,2124468134352.4219,1042.552212444802,0.02490997762090884,163.04273309632336,104029275.79969656,8.450070941267096,1.1695654178923054
0.22,schechter,-2,14697097819.448433,1.4697097819448434e-05,46,10,0.21739130434782608,0.8238848131061698,1384199237969.82,138.56144274445006,0.025460810259314456,177.09007447784526,102624457.82893437,9.254379659959945,1.6575093166433996
0.23,schechter,-2,16379171011.077381,1.637917101107738e-05,35,10,0.2857142857142857,0.780138388544838,21509474574896.77,816.1974525424193,0.026018755999546127,191.54479480298252,101242344.93655138,10.091345470334256,2.249327426707376
0.24000000000000002,schechter,-2,18180885389.06799,1.818088538906799e-05,33,10,0.30303030303030304,0.7401891668088304,12899456834754.666,214.97263145328535,0.02658381887096318,206.38744698076806,99882508.87732875,10.960240558382326,2.4583791899798073
0.25,schechter,-2,20106512428.43842,2.010651242843842e-05,45,10,0.2222222222222222,0.7035774748860041,2414343912871.5376,119.63527584172789,0.027156001063028613,221.59895374445313,98544532.5499974,11.860310311613507,1.8543660400909927
0.26,schechter,-2,22160372824.354973,2.2160372824354974e-05,62,10,0.16129032258064516,0.6699140639376671,9380990313218.732,467.5364351729116,0.02773530287319293,237.16061325582197,97228009.51565525,12.790775251775225,1.382051649972593
0.27,schechter,-2,24346835579.644203,2.4346835579644203e-05,63,10,0.15873015873015872,0.6388681075047316,2122925863546.7563,102.46780046117797,0.0283217226539493,253.05410395684405,95932543.54423486,13.750832934089324,1.3944394624151397
0.28,schechter,-2,26670317102.82985,2.6670317102829848e-05,60,10,0.16666666666666666,0.6101557627422471,11780230703134.887,100.54758540346123,0.028915256759088154,269.2614886938629,94657748.18751705,14.73965980953277,1.4989147289411187
0.29000000000000004,schechter,-2,29135280317.37227,2.913528031737227e-05,45,10,0.2222222222222222,0.5835323839496696,4167968084640.642,40.177393723622124,0.029515899489181725,285.7652181350502,93403246.37677355,15.756413046691396,2.043194948362557
0.3,schechter,-2,31746233782.653927,3.1746233782653925e-05,52,10,0.19230769230769232,0.5587860640561882,5471737882199.929,507.8226009632037,0.03012364303633178,302.54813350567423,92168670.04385954,16.800232310308587,1.8053337861359497
0.31,schechter,-2,34507730827.245995,3.4507730827246e-05,60,10,0.16666666666666666,0.5357328201537224,9269767717598.45,178.76649034646738,0.030738477428216556,319.59346866884783,90953659.76403436,17.87024149403897,1.5956124787382613
0.32,schechter,-2,37424368694.9265,3.74243686949265e-05,36,10,0.2777777777777778,0.5142110439018032,7437449299586.627,140.9652901743942,0.03136039047147566,336.88485157171743,89757864.41943079,18.965550404875984,2.7089709644065403
0.33,schechter,-2,40500787703.84747,4.050078770384747e-05,66,10,0.15151515151515152,0.49407881337082793,47500656015471.125,10805.916325284667,0.031989367694474906,354.4063050896407,88580940.88171776,20.085256397639817,1.5035908556355622
0.34,schechter,-2,43741670419.235146,4.374167041923515e-05,31,10,0.3225806451612903,0.4752117295048315,3963788741171.993,33.436104781471386,0.032625392289495694,372.1422472891796,87422553.71285346,21.228445957596957,3.254195651035322
0.35000000000000003,schechter,-2,47151740839.936905,4.7151740839936906e-05,60,10,0.16666666666666666,0.45749938270491186,2843847290964.181,140.74582665786357,0.03326844505439697,390.07749113884415,86282374.8828454,22.39419623001086,1.7075551585671054
0.36000000000000004,schechter,-2,50735763599.07554,5.073576359907554e-05,55,10,0.18181818181818182,0.44084337759163195,10145875545072.842,72.32045930014192,0.03391850433380093,408.19724369439456,85160083.50335014,23.58157649554585,1.8901421511330676
0.37,schechter,-2,54498543179.0619,5.4498543179061895e-05,63,10,0.15873015873015872,0.4251560679744929,6850732531825.284,128.71117921195756,0.03457554595985672,426.4871047828877,84055365.5762477,24.789649590615728,1.6729317375256634
0.38,schechter,-2,58444923141.139114,5.844492314113912e-05,35,10,0.2857142857142857,0.4103591922675953,2374949741351.487,63.25317517670868,0.035239543192639965,444.93306521582633,82967913.75619605,26.017473272338304,3.0504312333944275
0.39,schechter,-2,62579785369.619385,6.257978536961938e-05,90,10,0.1111111111111111,0.3963829992198705,8778068477531.13,578.4986370862051,0.03591046666024937,463.521504553016,81897427.12626469,27.264101527504863,1.200780703834159
0.4,schechter,-2,66908049330.92648,6.690804933092649e-05,72,10,0.1388888888888889,0.3831639577332697,48811324483748.37,80.80604147718833,0.03658828429866464,482.23918844775324,80843610.98588744,28.528585825758388,1.5182119241015062
0.41000000000000003,schechter,-2,71434671347.521,7.1434671347521e-05,86,10,0.11627906976744186,0.3706455248991779,37219457022340.016,315.4191955588204,0.03727296129143468,501.07326559346177,79806176.65031886,29.809976316760565,1.2847598045532305
0.42000000000000004,schechter,-2,76164643886.76527,7.616464388676527e-05,76,10,0.13157894736842105,0.3587760451587142,7920462245110.818,369.1943051239838,0.037964460009266905,520.0112643038269,78784841.26087493,31.107322972054988,1.4684950409721982
0.43,schechter,-2,81102994864.74088,8.110299486474088e-05,47,10,0.2127659574468085,0.3475090466802254,138540583895981.6,365.3913798183585,0.038662739949594106,539.0410887452372,77779327.60525452,32.419676671751894,2.397049134868435
0.44,schechter,-2,86254786965.0063,8.625478696500631e-05,55,10,0.18181818181818182,0.33680216687430675,10578565643806.004,136.2050391516281,0.03936775767619714,558.1510148488011,76789363.94735558,33.746090236878416,2.0665011482393707
0.45,schechter,-2,91625116972.26884,9.162511697226884e-05,43,10,0.23255813953488372,0.32661694592602286,4015239247027.72,53.91760808319712,0.04007946675896711,577.3296859241282,75814683.86589663,35.085619408066314,2.665013455112887
0.46,schechter,-2,97219115120.90862,9.721911512090862e-05,54,10,0.18518518518518517,0.3169179935330936,27230252414169.113,140.7556806376308,0.04079781771389325,596.5661080002079,74855026.10136408,36.43732377167702,2.138452507302884
0.47000000000000003,schechter,-2,103041944458.2578,0.0001030419444582578,71,10,0.14084507042253522,0.307673602853901,44024304754731.64,1164.4363064457607,0.04152275794336715,615.8496449130715,73910134.4107027,37.80026763422994,1.6380485256148212
0.48000000000000004,schechter,-2,109098800222.55676,0.00010909880022255676,56,10,0.17857142857142858,0.29885440434808164,1948623968227.6335,34.36167386564099,0.04225423167689769,635.1700131630486,72979757.42922702,39.17352084634156,2.090567721205458
0.49,schechter,-2,115394909235.44315,0.00011539490923544315,65,10,0.15384615384615385,0.29043286589841855,13926957183502.293,823.1139147090347,0.042992179912334685,654.5172765640438,72063648.53939462,40.556159577570476,1.8121294855303676
0.5,schechter,-2,121935529308.84335,0.00012193552930884336,64,10,0.15625,0.28238477011951146,12430003319162.354,145.29777235881244,0.04373654035770323,673.8818407017184,71161565.7458431,41.947267043214744,1.850823337678118
0.51,schechter,-2,128725948666.10263,0.00012872594866610262,69,10,0.14492753623188406,0.27468720062107443,53511125314533.695,58.251623448019714,0.04448724737375437,693.2544472254845,70273271.55644336,43.34593418488701,1.7255903361669487
0.52,schechter,-2,135771485377.21277,0.00013577148537721276,97,10,0.10309278350515463,0.2673187913506627,59358762562376.0,2085.557096755561,0.04524423191734168,712.6261679861811,69398532.8688438,44.75126030583357,1.2332837955025069
0.53,schechter,-2,143077486807.89276,0.00014307748680789277,34,10,0.29411764705882354,0.26026044544690063,68150599843947.52,94.8686837558686,0.04600742148573693,731.9883990438876,68537120.86228469,46.16235366299898,3.5335984491792587
0.54,schechter,-2,150649329082.40244,0.00015064932908240243,54,10,0.18518518518518517,0.25349414820894556,18561828419931.086,245.89027182938707,0.046776740062001616,751.3328545596836,67688810.89416112,47.57833201707166,2.2334868051611076
0.55,schechter,-2,158492416559.80762,0.00015849241655980763,98,10,0.10204081632653061,0.2470031029728348,14575025375058.332,224.3186171151846,0.04755210806153499,770.6515605887259,66853382.401291125,48.998323142337284,1.2349732506758133
0.56,schechter,-2,166612181323.55502,0.00016661218132355503,52,10,0.19230769230769232,0.24077204017378617,3781599699704.1807,40.98876645700254,0.04833344227992233,789.9368487895821,66030618.80524841,50.421465297678836,2.334630590052672
0.5700000000000001,schechter,-2,175014082684.06815,0.00017501408268406814,61,10,0.16393442622950818,0.2347867265117235,29994262700149.645,70.78579729129139,0.049120655842211244,809.1813500673989,65220307.42184981,51.84690766077608,1.9955681523654452
0.5800000000000001,schechter,-2,183703606694.1733,0.00018370360669417332,61,10,0.16393442622950818,0.22903362021751117,139170088747274.1,184.16035895732418,0.04991365815374634,828.377988159649,64422239.37422575,53.273810726577615,2.000244874342713
0.59,schechter,-2,192686265677.107,0.000192686265677107,79,10,0.12658227848101267,0.22350051619939248,24154526166740.125,117.18649040628199,0.050712354852696435,847.5199731884941,63636209.50946025,54.7013466725311,1.5475669896345092
0.6,schechter,-2,201967597766.86392,0.00020196759776686392,69,10,0.14492753623188406,0.21817572868904356,1957933906448.3574,42.308037932047775,0.051516647764411366,866.6007951749297,62862016.318445235,56.128699690987396,1.774771008036184
0.61,schechter,-2,211553166460.62576,0.00021155316646062576,35,10,0.2857142857142857,0.21304850540512565,17531107272297.293,69.18955392155708,0.05232643485774771,885.6142175511925,62099461.8588071,57.55506629203082,3.503434529145741
0.62,schechter,-2,221448560183.05972,0.00022144856018305973,67,10,0.14925373134328357,0.20810878675815725,106683113372272.84,226.07683208292124,0.05314161020350689,904.5542706541545,61348351.680681646,58.9796555764826,1.8319678455874293
0.63,schechter,-2,231659391862.17685,0.00023165939186217685,76,10,0.13157894736842105,0.20334721234003295,35792030949299.234,185.6715942865861,0.05396206393512963,923.4152452375266,60608494.75515795,60.40168948242266,1.616120418010386
0.64,schechter,-2,242191298516.5472,0.0002421912985165472,74,10,0.13513513513513514,0.19875496955462446,8731126936937.261,49.03262603755621,0.054787682211795266,942.1916859934978,59879703.405252725,61.820403005574114,1.6604205834091212
0.65,schechter,-2,253049940853.5936,0.0002530499408535936,45,10,0.2222222222222222,0.194323680605069,193513116361585.66,6201.612073307834,0.055618347184074164,960.8783851016445,59161793.23922499,63.23504439560393,2.73068146003971
0.66,schechter,-2,264241002878.71466,0.00026424100287871465,90,10,0.1111111111111111,0.1900457808264454,45228816768244.67,100.00815405689244,0.056453936962285574,979.470375815767,58454583.086089864,64.6448753299759,1.3650539787237208
0.67,schechter,-2,275770191514.9516,0.00027577019151495157,68,10,0.14705882352941177,0.1859138437250495,8344614218177.354,74.81885931406445,0.05729432558771266,997.9629260848783,57757894.933217816,66.04917106606136,1.8058022452565872
0.68,schechter,-2,287643236233.0127,0.0002876432362330127,45,10,0.2222222222222222,0.1819211425338383,14296444685161.574,96.39811371832775,0.05813938300682973,1016.3515322363244,57071553.86587637,67.44722057426402,2.7266834283559813
0.6900000000000001,schechter,-2,299865888691.3177,0.0002998658886913177,76,10,0.13157894736842105,0.17806115875537643,6392765217442.525,68.41152224174856,0.05898897504869533,1034.6319127025874,56395388.00860588,68.83832665187524,1.6128200276860547
0.7000000000000001,schechter,-2,312443922385.8745,0.0003124439223858745,73,10,0.136986301369863,0.1743278819797901,205927868041459.06,128.25599323298087,0.059842963405668255,1052.8000018225216,55729228.46830064,70.2218060205816,1.676934070186803
0.7100000000000001,schechter,-2,325383132309.6927,0.0003253831323096927,71,10,0.14084507042253522,0.17071554070318318,15368013667278.4,70.58336654018852,0.06070120561760056,1070.8519437039888,55072909.27894104,71.59698940771892,1.7215096844308189
0.72,schechter,-2,338689334621.5187,0.0003386893346215187,78,10,0.1282051282051282,0.1672190134919327,14113281638031.309,194.36193276665827,0.061563555059664696,1088.7840861674213,54426267.3478233,72.96322161338267,1.5642099922286041
0.73,schechter,-2,352368366323.6293,0.0003523683663236293,84,10,0.11904761904761904,0.16383289540105916,27977004322311.613,114.46061282962071,0.062429860933968816,1106.5929747607233,53789142.40325106,74.3198615636824,1.4495283459266637
0.74,schechter,-2,366426084948.4242,0.0003664260849484242,60,10,0.16666666666666666,0.16055262920076896,41924821659893.67,343.4421544526671,0.06329996826511489,1124.2753468658402,53161376.94359302,75.66628235232618,2.024736762252285
0.75,schechter,-2,380868368253.6347,0.0003808683682536347,79,10,0.12658227848101267,0.15737363421575767,11075782815294.125,126.52371475738096,0.06417371789985252,1141.8281258881855,52542816.187593825,77.00187127071399,1.5339321928210385
0.76,schechter,-2,395701113925.8242,0.0003957011139258242,121,10,0.08264462809917356,0.15429165917551924,113351491442753.47,289.8408219193033,0.06505094651097904,1159.2484155377344,51933308.025967404,78.32602982806232,0.9987647189093343
0.77,schechter,-2,410930239292.0383,0.00041093023929203833,41,10,0.24390243902439024,0.15130265311992874,38480322972240.37,102.58678559359139,0.06593148660563516,1176.5334942070535,51332702.97407133,79.63817376249142,2.9388943853392315
0.78,schechter,-2,426561681039.31134,0.0004265616810393113,59,10,0.1694915254237288,0.1484025974485913,47001258186595.34,382.9738920366198,0.06681516653814157,1193.6808094425219,50740854.125752576,80.93773304377903,2.0358253924233027
0.79,schechter,-2,442601394941.8295,0.00044260139494182955,46,10,0.21739130434782608,0.14558818912176819,63819743729192.23,655.2846093822311,0.0677018105275198,1210.6879725160936,50157617.108157024,82.2241518687598,2.602362037531737
0.8,schechter,-2,459055355595.5315,0.00045905535559553147,65,10,0.15384615384615385,0.14285571902265748,45610427736595.71,94.62111340667693,0.06859123867983588,1227.5527531020198,49582850.03763585,83.49688865063682,1.8350781637448448
0.81,schechter,-2,475929556159.92145,0.00047592955615992144,58,10,0.1724137931034483,0.14020200011370565,96130247716712.72,638.202784862007,0.06948326701550157,1244.2730740514908,49016413.47646635,84.75541600200268,2.048772214474129
0.8200000000000001,schechter,-2,493230008106.88666,0.0004932300081068867,69,10,0.14492753623188406,0.13762395145104245,25340468341540.734,57.651067006707855,0.0703777075016633,1260.847006274263,48458170.39061373,85.9992207132388,1.7152974748211973
0.8300000000000001,schechter,-2,510962740976.30865,0.0005109627409763086,63,10,0.15873015873015872,0.13511859680397664,68497052875582.56,235.65650287971653,0.0712743680898028,1277.2727637269977,47907986.10823188,87.22780372642676,1.8708092764773758
0.8400000000000001,schechter,-2,529133802138.2674,0.0005291338021382674,36,10,0.2777777777777778,0.13268306312629707,43872157880588.85,54.45448328817074,0.07217305275866856,1293.5486985069836,47365728.279101126,88.44068010563149,3.2596056503855966
0.85,schechter,-2,547749256561.6461,0.0005477492565616461,71,10,0.14084507042253522,0.13031494541951272,90905492910464.4,210.7647169441761,0.0730735615626498,1309.6732960516124,46831266.83476413,89.63737900374178,1.645223965129688
0.86,schechter,-2,566815186588.9224,0.0005668151865889224,92,10,0.10869565217391304,0.12801137404813556,21083678637166.867,86.01757958644316,0.07397569068569808,1325.6451704499775,46304473.94949488,90.8174436270833,1.2636593202436985
0.87,schechter,-2,586337691716.978,0.000586337691716978,81,10,0.12345679012345678,0.125770174092098,39205789354033.04,237.8963101995135,0.07487923250089422,1341.4630598558797,45785224.0019454,91.98043119729162,1.4281968944135321
0.88,schechter,-2,606322888383.733,0.0006063228883837331,105,10,0.09523809523809523,0.12358896594559199,28001251221082.45,58.20506975694035,0.07578397563574907,1357.1258220164107,45273393.53755888,93.12591291205,1.0961271694799535
0.89,schechter,-2,626776909760.4238,0.0006267769097604238,71,10,0.14084507042253522,0.12146552531836408,28931230300717.695,117.04441180201457,0.07668970504331966,1372.6324298988795,44768861.231587745,94.25347390362822,1.6124715099697071
0.9,schechter,-2,647705905549.3425,0.0006477059055493425,136,10,0.07352941176470588,0.11939776401551183,36550023591648.42,195.52775917573052,0.07759620207921059,1387.9819674347084,44271507.85283817,95.36271319713266,0.837212847513984
0.91,schechter,-2,669116041786.8928,0.0006691160417868928,65,10,0.15384615384615385,0.11738369687234818,88055550147460.78,364.2231216133662,0.07850324458452297,1403.1736253610445,43781216.22801512,96.4532436672577,1.7418520487680176
0.92,schechter,-2,691013500651.7542,0.0006910135006517542,56,10,0.17857142857142858,0.11542153175639547,5286535303462.564,19.51823656640369,0.07941060697480082,1418.2066971748536,43297871.206686266,97.52469199490774,2.0100802382362377
0.93,schechter,-2,713404480278.0348,0.0007134044802780347,76,10,0.13157894736842105,0.11350924062100198,159486424255136.94,246.5134524540346,0.08031806033501555,1433.0805751899852,42821359.6268634,98.57669862333027,1.4722850267973144
0.9400000000000001,schechter,-2,736295194573.2272,0.0007362951945732272,63,10,0.15873015873015872,0.11164527839321114,196392291027140.03,29.9407372106081,0.08122537252061583,1447.794746695801,42351570.28113079,99.60891771376244,1.7652167219999153
0.9500000000000001,schechter,-2,759691873040.8141,0.0007596918730408141,55,10,0.18181818181818182,0.10982780791630276,52695976280579.29,528.7241062648917,0.08213230826466011,1462.3487902228042,41888393.88338472,100.62101710133712,2.009270134281576
0.9600000000000001,schechter,-2,783600760607.4132,0.0007836007606074132,72,10,0.1388888888888889,0.1080553740819803,40260893502201.266,96.5075695410972,0.0830386292910345,1476.7423719085427,41431723.03608367,101.61267825075049,1.524971661091215
0.97,schechter,-2,808028117454.251,0.000808028117454251,60,10,0.16666666666666666,0.10632644219510379,148008911000718.28,307.87074701355425,0.08394409443374791,1490.9752419645479,40981452.198053606,102.58359621200839,1.8178914688003296
0.98,schechter,-2,832980218852.8892,0.0008329802188528891,27,10,0.37037037037037035,0.1046395043402154,56483057549740.45,32.93952969708032,0.08484845976228053,1505.0472312403294,40537477.652815565,103.53347957603496,4.012478513131153
0.99,schechter,-2,858463355005.0289,0.0008584633550050289,79,10,0.12658227848101267,0.10299316928869273,106172780036571.92,123.91033277931095,0.08575147871295036,1518.958247891455,40099697.47744613,104.46205043076432,1.3618832461088186
1.0,schechter,-2,884483830886.2771,0.0008844838308862771,51,10,0.19607843137254902,0.10138613648098749,94393189994897.56,85.63588713471202,0.08665290222624604,1532.7082741327558,39668011.51188104,105.36904431625977,2.094698099592065
1.01,schechter,-2,911047966093.7343,0.0009110479660937342,99,10,0.10101010101010101,0.09981716825205245,32636521589217.758,101.58220749706408,0.08755247889006164,1546.2973631025095,39242321.32879002,106.25421018102175,1.0713125631442417
1.02,schechter,-2,938162094697.3041,0.0009381620946973041,74,10,0.13513513513513514,0.09828491803666195,30551771671828.332,146.28919008321273,0.08844995508875261,1559.725635802835,38822530.203856505,107.1173103366943,1.4227048738850923
1.03,schechter,-2,965832565094.5612,0.0009658325650945611,77,10,0.12987012987012986,0.09678829179057569,246060544555802.9,175.46255107294374,0.08934507515791797,1572.9932781441432,38408543.086599246,107.9581204134506,1.357023644121969
1.04,schechter,-2,994065739869.1309,0.000994065739869131,70,10,0.14285714285714285,0.09532613008629309,21412131354310.258,25.54519606234158,0.09023758154479809,1586.100538074596,38000266.571585506,108.7764293143307,1.4813194358771933
1.05,schechter,-2,1022867995652.3749,0.0010228679956523748,64,10,0.15625,0.09389740228034538,23352421152816.516,22.905418661489964,0.09112721497416236,1599.0477227976646,37597608.87017283,109.57203916908394,1.607582787583943
1.06,schechter,-2,1052245722988.3625,0.0010522457229883626,32,10,0.3125,0.09250097893996823,57614450404552.96,148.3568042794712,0.09201371461954395,1611.8351960764526,37200479.78263619,110.34476528697476,3.189687128108184
1.07,schechter,-2,1082205326201.9689,0.0010822053262019688,108,10,0.09259259259259259,0.09113589864669447,73405518717287.78,21.507163434558684,0.09289681827966537,1624.463375624378,36808790.67077036,111.09443610870412,0.9374714138346789
1.08,schechter,-2,1112753223270.0088,0.0011127532232700088,86,10,0.11627906976744186,0.089801223825834,23272259773993.926,70.95248494085489,0.09377626255988103,1636.932730577137,36422454.43092041,111.8208931568828,1.1676340761378956
1.09,schechter,-2,1143895845695.3225,0.0011438958456953226,95,10,0.10526315789473684,0.08849604056931759,235656660729947.16,614.0540439086428,0.09465178305844799,1649.2437790465285,36041385.46742419,112.52399098494675,1.0482029127605657
1.1,schechter,-2,1175639638383.696,0.001175639638383696,99,10,0.10101010101010101,0.08721945843451995,105935003482562.1,328.0671996404768,0.09552311455742028,1661.3970857521829,35665499.66649557,113.20359712421924,0.9973289327286851
1.11,schechter,-2,1207991059523.5493,0.0012079910595235493,86,10,0.11627906976744186,0.08597061022082497,111254939188219.83,279.17175159122326,0.09638999121794681,1673.3932597353576,35294714.37049736,113.85959202912707,1.1382068146788642
1.12,schechter,-2,1240956580468.2578,0.0012409565804682578,79,10,0.12658227848101267,0.08474865172562396,137972432818178.4,277.3471933711886,0.09725214677973788,1685.2329521403365,34928948.352648705,114.49186901959266,1.2282318396148373
1.1300000000000001,schechter,-2,1274542685621.0828,0.0012745426856210827,64,10,0.15625,0.08355276148137492,211371135231659.75,88.00804756212779,0.09810931476444977,1696.916854079999,34568121.792101,115.10033422138463,1.5026485580665445
1.1400000000000001,schechter,-2,1308755872322.5898,0.0013087558723225898,63,10,0.15873015873015872,0.08238229332695257,66750574269218.35,39.28842264155483,0.09896122868272254,1708.445694564672,34212156.24944995,115.68490650307801,1.5127599842916912
1.1500000000000001,schechter,-2,1343602650740.4636,0.0013436026507404636,116,10,0.08620689655172414,0.08123640623093331,16309051049469.385,28.484637548106395,0.09980762224459194,1719.8202385068976,33860974.64260373,116.24551741007828,0.8140834547284612
1.1600000000000001,schechter,-2,1379089543761.6501,0.00137908954376165,79,10,0.12658227848101267,0.08011446406989065,73047474612385.16,245.54895473574297,0.10064822957298275,1731.0412847929156,33514501.22304822,116.78211109506461,1.1842957270039913
1.17,schechter,-2,1415223086886.8164,0.0014152230868868165,88,10,0.11363636363636363,0.07901568492543842,360193113862409.1,156.9287902397719,0.10148278541997709,1742.1096644200256,33172661.552509196,117.29464424465121,1.053195074213267
1.18,schechter,-2,1452009828126.9187,0.0014520098281269188,89,10,0.11235955056179775,0.07793958740579288,79229046092370.14,120.85913409054635,0.1023110253855389,1753.0262387009873,32835382.47995832,117.78308600201191,1.0314567557727894
1.19,schechter,-2,1489456327901.9487,0.0014894563279019488,71,10,0.14084507042253522,0.07688539947674844,31894351695407.23,34.19868649126609,0.10313268613836393,1763.7918975319005,32502592.119014297,118.24741788525647,1.280492952281965
1.2,schechter,-2,1527569158941.6853,0.0015275691589416852,104,10,0.09615384615384616,0.07585253152639482,58463217355217.35,39.43424296720829,0.1039475056385125,1774.4075577195256,32174219.82570734,118.6876337010363,0.8656497574135631
1.21,schechter,-2,1566354906188.4688,0.0015663549061884687,98,10,0.10204081632653061,0.0748404091582342,85933529446635.28,181.1463796761256,0.1047552233614732,1784.8741613713148,31850196.176586464,119.10373945338696,0.9095686319354288
1.22,schechter,-2,1605820166701.87,0.0016058201667018702,45,10,0.2222222222222222,0.07384847098628822,66038456265823.89,125.14928838012304,0.10555558052329424,1795.1926743406063,31530452.947203357,119.49575324729187,1.9610174814816197
1.23,schechter,-2,1645971549565.2283,0.0016459715495652284,68,10,0.14705882352941177,0.07287616854078705,89266116667862.53,169.8997399418944,0.10634832030641155,1805.364084734752,31214923.090939093,119.8637051872442,1.2845893501689438
1.24,schechter,-2,1686815675793.979,0.001686815675793979,75,10,0.13333333333333333,0.07192296616353955,90715885145246.27,234.86153525438243,0.10713318808579403,1815.3894014698035,30903540.718176357,120.20763726960942,1.1527586437254873
1.25,schechter,-2,1728359178245.7454,0.0017283591782457453,61,10,0.16393442622950818,0.07098834089367656,105797301726045.78,148.3105989494848,0.1079099316550206,1825.2696528853264,30596241.075822484,120.52760326961607,1.402631899672346
1.26,schechter,-2,1770608701532.112,0.001770608701532112,78,10,0.1282051282051282,0.07007178234443945,42523330035366.22,41.25454703475187,0.10867830145189603,1835.0058854097815,30292960.52715669,120.82366862214433,1.0854268986855866
1.27,schechter,-2,1813570901932.0166,0.0018135709019320165,68,10,0.14705882352941177,0.06917290548002852,79939285105314.58,101.51008364895948,0.10943805078320944,1844.5991622757172,29993636.532022804,121.09591029627177,1.2318464642561795
1.28,schechter,-2,1857252447306.7703,0.0018572524473067702,49,10,0.20408163265306123,0.06829116101940569,166016594191110.56,378.4626840868262,0.11018893604823399,1854.0505622823741,29698207.62734887,121.34441666328733,1.6911736932976347
1.29,schechter,-2,1901660017016.5535,0.0019016600170165534,95,10,0.10526315789473684,0.06742609055214355,177308612699085.44,38.67533092669409,0.11093071696056572,1863.361178608718,29406613.407992665,121.5692873583253,0.8628359766086318
1.3,schechter,-2,1946800301838.4756,0.0019468003018384755,85,10,0.11764705882352941,0.0665773557689604,25893180415883.133,29.31775433009467,0.11166315676789583,1872.5321176719644,29118794.50790167,121.77063313521732,0.9537843252299908
1.31,schechter,-2,1992680003885.9985,0.0019926800038859984,104,10,0.09615384615384616,0.06574443297220667,292593684948955.8,211.80244362485328,0.11238602246931209,1881.5644980311044,28834692.581594545,121.94857571455097,0.770907688665516
1.32,schechter,-2,2039305836529.8296,0.0020393058365298297,33,10,0.30303030303030304,0.0649269834705336,52542298023424.18,108.09020973638444,0.11309908502972522,1890.4594493288591,28554250.285959702,122.10324762450036,2.4023622849134565
1.33,schechter,-2,2086684524320.13,0.00208668452432013,59,10,0.1694915254237288,0.06412461896668442,33440424238053.324,27.35654118793844,0.11380211959101888,1899.218111285336,28277411.26235228,122.23479203524029,1.3285185531748636
1.34,schechter,-2,2134822802910.0527,0.002134822802910053,78,10,0.1282051282051282,0.06333690870668351,259375129227601.4,506.83540968439576,0.11449490567952506,1907.8416327218952,28004120.11900111,122.34336258564564,0.9934423573020149
1.35,schechter,-2,2183727418980.5566,0.0021837274189805567,66,10,0.15151515151515152,0.06256350425677626,50913021603164.016,77.66994124867985,0.11517722740943068,1916.3311706327124,27734322.413720313,122.42912320345505,1.1605446925292038
1.36,schechter,-2,2233405130166.454,0.002233405130166454,111,10,0.09009009009009009,0.06180409533354336,111297951990294.47,80.76817908286387,0.11584887368172872,1924.6878892884438,27467964.636896268,122.49224791785429,0.6820290601743328
1.37,schechter,-2,2283862704983.6836,0.0022838627049836836,50,10,0.2,0.06105831587201083,72785827061815.16,61.81284253812694,0.11650963837833293,1932.9129593818368,27204994.194798715,122.5329206654356,1.496330754942042
1.3800000000000001,schechter,-2,2335106922757.696,0.0023351069227576958,81,10,0.12345679012345678,0.06032581613281551,57239269156650.95,34.52782731801095,0.1171593205509839,1941.0075572039727,26945359.393152125,122.55133508866074,0.9127171984431616
1.3900000000000001,schechter,-2,2387144573553.0386,0.0023871445735530387,55,10,0.18181818181818182,0.05960627555446252,49244872098064.875,102.62021686977766,0.11779772460458442,1948.9728638598347,26689009.4209975,122.54769432766626,1.3281112066652578
1.4000000000000001,schechter,-2,2439982458103.991,0.002439982458103991,97,10,0.10309278350515463,0.05889938018020313,224798656343491.84,52.54444698859876,0.11842466047461185,1956.8100645135944,26435894.334847275,122.52221080498906,0.7439672448167053
1.4100000000000001,schechter,-2,2493627387746.284,0.0024936273877462843,63,10,0.15873015873015872,0.05820483712902713,196198315684025.16,292.5182712190457,0.1190399437982678,1964.5203476686972,26185965.04308979,122.4751060035311,1.1315307297295016
1.42,schechter,-2,2548086184349.8735,0.0025480861843498737,54,10,0.18518518518518517,0.0575223821620372,49906362759213.37,121.89864522768217,0.1196433960790384,1972.1049044777485,25939173.29070372,122.40661023794321,1.3039110765308342
1.43,schechter,-2,2603365680252.677,0.002603365680252677,123,10,0.08130081300813008,0.05685168641357019,43375663243210.97,70.62403812251279,0.12023484484435139,1979.5649280831906,25695471.644191947,122.31696241930729,0.5653598041075534
1.44,schechter,-2,2659472718195.3306,0.0026594727181953304,101,10,0.09900990099009901,0.056192460977566694,64817128841086.36,100.55683206523624,0.12081412379603326,1986.901612986463,25454813.47682177,122.20640981363694,0.6799088034318136
1.45,schechter,-2,2716414151256.8955,0.0027164141512568954,102,10,0.09803921568627451,0.05554444971759542,66682413864788.83,101.61645934926376,0.12138107295328354,1994.1161544468023,25217152.95410143,122.0752077942177,0.6647647295187193
1.46,schechter,-2,2774196842791.431,0.0027741968427914313,94,10,0.10638297872340426,0.054907455652608794,49921456281359.516,39.822665849207304,0.12193553878790152,2001.2097479049935,24982445.019521292,121.92361958792797,0.712182525056351
1.47,schechter,-2,2832827666365.5825,0.0028328276663655825,84,10,0.11904761904761904,0.05428111653028267,185450240768337.8,115.45551047441981,0.12247737435151856,2008.1835884364525,24750645.38054905,121.75191601607592,0.7867654691730721
1.48,schechter,-2,2892313505696.9155,0.0028923135056969154,77,10,0.12987012987012986,0.05366529356030614,156625675658954.75,60.13168430189487,0.12300643939460665,2015.0388702241862,24521710.494854964,121.5603752293915,0.8472173015566572
1.49,schechter,-2,2952661254593.1846,0.0029526612545931847,63,10,0.15873015873015872,0.053059651272269526,106212128004662.3,227.52168742450175,0.12352260047705375,2021.7767860655947,24295597.556820426,121.34928243863496,1.0220239060847796
1.5,schechter,-2,3013877816892.398,0.003013877816892398,96,10,0.10416666666666667,0.05246405669944576,151466031926213.06,60.29100030062354,0.1240257310701164,2028.398526891275,24072264.484238382,121.11892963941473,0.6619156658310872
1.51,schechter,-2,3075970106403.6953,0.0030759701064036952,117,10,0.08547008547008547,0.051878180779533656,240316232229030.3,237.6899296730738,0.12451571164958056,2034.9052813153678,23851669.90529175,120.86961533320716,0.5359398081204114
1.52,schechter,-2,3138945046849.0273,0.0031389450468490275,132,10,0.07575757575757576,0.05130190059484441,109368591757030.4,110.75471331625434,0.12499242977998155,2041.2982352073816,23633773.145745885,120.60164424404392,0.46871920943808565
1.53,schechter,-2,3202809571805.5576,0.003202809571805558,88,10,0.11363636363636363,0.05073495745491985,31128393658861.164,25.58623735036739,0.12545578018975678,2047.578571275148,23418534.21637197,120.3153270307524,0.6936582952363626
1.54,schechter,-2,3267570624648.838,0.003267570624648838,59,10,0.1694915254237288,0.05017712691362275,130740970293367.62,66.21642750256215,0.12590566483722512,2053.7474686836104,23205913.800602216,120.0109799966408,1.020645114291472
1.55,schechter,-2,3333235158496.7124,0.003333235158496712,92,10,0.10869565217391304,0.04962821930761785,185863730181765.0,58.27723846286746,0.12634199296731044,2059.8061026824166,22995873.24240182,119.68892479537872,0.6456465443954386
1.56,schechter,-2,3399810136153.9365,0.0033998101361539367,81,10,0.12345679012345678,0.04908808677691123,212303995563466.34,33.418934076583774,0.12676468115894596,2065.755644252802,22788374.534365553,119.34948813418376,0.7232886457173765
1.57,schechter,-2,3467302530057.4165,0.0034673025300574166,91,10,0.10989010989010989,0.048556503374146964,43221937106073.41,40.07390123718676,0.12717365336312167,2071.5972597803798,22583380.306024913,118.99300147507189,0.63493231622244
1.58,schechter,-2,3535719322222.225,0.003535719322222225,78,10,0.1282051282051282,0.048033279416409,109789789603519.03,104.5477642813006,0.1275688409315561,2077.3321107366255,22380853.81236754,118.61980073363503,0.7304741067894165
1.59,schechter,-2,3605067504188.1787,0.0036050675041881786,72,10,0.1388888888888889,0.04751823851882431,202599905979286.84,262.6364157187269,0.12795018263599814,2082.961353381134,22180758.922575094,118.2302259765471,0.7802905664011198
1.6,schechter,-2,3675354076967.136,0.0036753540769671363,104,10,0.09615384615384616,0.04701120743618481,136306472404976.2,221.3317116637931,0.12831762467818383,2088.486138484544,21983060.10894857,117.82462111808618,0.5326036254300223
1.61,schechter,-2,3746586050990.831,0.003746586050990831,102,10,0.09803921568627451,0.046512016045136884,290099298819385.3,78.14573394230652,0.12867112069049735,2093.9076110551073,21787722.43604854,117.40333361532076,0.5353593859674861
1.62,schechter,-2,3818770446059.383,0.003818770446059383,117,10,0.08547008547008547,0.046020497324828935,222417467976356.44,84.06979132025076,0.12901063172740435,2099.226910097136,21594711.550035674,116.96671416395652,0.46007404754499076
1.6300000000000001,schechter,-2,3891914291290.3887,0.0038919142912903887,71,10,0.14084507042253522,0.04553648733609417,103343957262152.78,173.13010014018872,0.1293361262477481,2104.4451683647967,21403993.66818979,116.51511639313233,0.7472801580421702
1.6400000000000001,schechter,-2,3966024625068.565,0.003966024625068565,79,10,0.12658227848101267,0.04505986472779877,286840377366404.3,90.57255359587504,0.12964758008801838,2109.563512148234,21215535.568644308,116.04889656191455,0.6619174153025545
1.6500000000000001,schechter,-2,4041108494995.9854,0.004041108494995985,96,10,0.10416666666666667,0.044590453322220336,59388512915690.35,36.816245878952444,0.12994497642672279,2114.5830610610933,21029304.58028762,115.5684132559578,0.5367966600846725
1.6600000000000001,schechter,-2,4117172957842.8574,0.004117172957842858,79,10,0.12658227848101267,0.04412808683836644,128814738265343.05,49.29899258435096,0.13022830574001035,2119.5049278432707,20845268.57286173,115.07402708573974,0.6427843873519058
1.6700000000000002,schechter,-2,4194225079498.847,0.004194225079498847,92,10,0.10869565217391304,0.04367261298522429,70238331397890.61,73.37323619393398,0.13049756574871402,2124.330218178915,20663395.94724198,114.56610038673354,0.5438479308061053
1.68,schechter,-2,4272271934924.943,0.004272271934924943,70,10,0.14285714285714285,0.04322394438111976,187461948601200.84,98.0536100440803,0.13075276135699798,2129.0600305255325,20483655.625891827,114.0449969217064,0.7042106576984016
1.69,schechter,-2,4351320608105.791,0.004351320608105791,119,10,0.08403361344537816,0.04278191094204098,47145418028087.78,25.17228798090588,0.13099390458281196,2133.6954559520386,20306017.043500546,113.51108158551745,0.40808579691818114
1.7,schechter,-2,4431378192002.611,0.004431378192002611,92,10,0.10869565217391304,0.04234633900083751,402892198962123.8,69.73710870208707,0.13122101448037002,2138.2375779886374,20130450.13778125,112.96472011288061,0.5199611231559532
1.71,schechter,-2,4512451788506.521,0.004512451788506521,69,10,0.14492753623188406,0.0419172043787589,34267029103990.977,34.47633327216356,0.13143411705488842,2142.6874724923223,19956925.34045368,112.4062787898504,0.6828633277521611
1.72,schechter,-2,4594548508392.43,0.00459454850839243,56,10,0.17857142857142858,0.04149426154416569,160664974732105.25,52.09322454039393,0.13163324516982902,2147.046207510776,19785413.568385925,111.8361241683879,0.8286709618444423
1.73,schechter,-2,4677675471273.342,0.004677675471273342,78,10,0.1282051282051282,0.0410774841892374,33596081860904.156,18.036194367808626,0.1318184384469108,2151.3148431719565,19615886.214899182,111.25462278587237,0.585905129290544
1.74,schechter,-2,4761839805555.146,0.004761839805555146,77,10,0.12987012987012986,0.04066665907054279,56973311974391.39,42.2021391024962,0.13198974315916043,2155.4944315677926,19448315.141239457,110.66214088830405,0.5844492929248095
1.75,schechter,-2,4847048648391.866,0.004847048648391866,35,10,0.2857142857142857,0.040261774420831675,154519061214565.06,117.85635127304765,0.13214721211728916,2159.5860166564694,19282672.668198943,110.05904415876243,1.2660492596835555
1.76,schechter,-2,4933309145641.348,0.004933309145641347,59,10,0.1694915254237288,0.03986261669994551,132763517961797.92,83.45523206533987,0.13229090454968861,2163.590634167435,19118931.567901675,109.44569745073255,0.7394562520231788
1.77,schechter,-2,5020628451821.406,0.005020628451821406,90,10,0.1111111111111111,0.03946913191215029,214252097572284.4,155.61320281136554,0.13242088597635046,2167.5093115232266,18957065.055737577,108.8224645272757,0.4772364674924822
1.78,schechter,-2,5109013730066.332,0.005109013730066332,60,10,0.16666666666666666,0.039081207296712384,403376446613066.9,91.05543990325391,0.1325372280770222,2171.343067755191,18797046.782446537,108.18970780521603,0.7046973996843982
1.79,schechter,-2,5198472152083.9,0.0051984721520839,105,10,0.09523809523809523,0.03869870205559167,56269477761991.664,42.327517148746324,0.13264000855391733,2175.09291344202,18638850.826349083,107.54778810610016,0.39637712463389285
1.8,schechter,-2,5289010898112.747,0.005289010898112747,82,10,0.12195121951219512,0.03832152615682405,290745909907849.4,130.82517083944944,0.1327293109893057,2178.759850643582,18482451.68572671,106.89706441284976,0.49956812804691797
1.81,schechter,-2,5380637156880.144,0.005380637156880143,78,10,0.1282051282051282,0.03794962553795711,176172290441444.53,123.713091208328,0.13280522469831382,2182.344872847228,18327824.271332726,106.23789363314025,0.5168831129896141
1.82,schechter,-2,5473358125560.194,0.005473358125560194,86,10,0.11627906976744186,0.03758285078071566,235455266658307.44,170.5292802697768,0.132867844577269,2185.848964922228,18174943.89906127,105.57063036969768,0.46135409860586474
1.83,schechter,-2,5567181009732.392,0.005567181009732392,148,10,0.06756756756756757,0.03722110999421524,121713895997764.78,68.37845001586564,0.13291727094792347,2189.273103076088,18023786.282729935,104.89562669719099,0.26380619318974907
1.84,schechter,-2,5662113023340.541,0.005662113023340541,106,10,0.09433962264150944,0.03686431263271073,54081844370715.87,21.284479573777357,0.13295360939789763,2192.618254815997,17874327.527015675,104.21323194633563,0.36242916631461447
1.85,schechter,-2,5758161388652.16,0.00575816138865216,141,10,0.07092198581560284,0.03651236949141756,162247372551235.97,38.868556768669706,0.13297697061768127,2195.8853789267037,17726544.12051855,103.52379249579852,0.26807794062123663
1.86,schechter,-2,5855333336218.082,0.005855333336218082,132,10,0.07575757575757576,0.036165192701751,136855921877174.58,111.81295844453234,0.1329874702345315,2199.0754254368157,17580412.92894541,102.82765157070104,0.28172589652446306
1.87,schechter,-2,5953636104832.534,0.005953636104832534,122,10,0.08196721311475409,0.03582269572600649,349318652370279.6,136.36456007847096,0.13298522864360543,2202.189335606266,17435911.18843124,102.12514904955185,0.29986870003075056
1.8800000000000001,schechter,-2,6053076941493.592,0.0060530769414935915,88,10,0.11363636363636363,0.03548479335150889,281494289041448.8,54.52323893856899,0.13297037083666333,2205.2280419101603,17293016.49898085,101.41662127847049,0.4089486191448596
1.8900000000000001,schechter,-2,6153663101363.858,0.0061536631013638585,70,10,0.14285714285714285,0.035151401684247685,261194540947284.75,39.12310346567865,0.13294302622867502,2208.19246802636,17151706.818034906,100.70240089320917,0.5056900777664769
1.9000000000000001,schechter,-2,6255401847731.583,0.006255401847731583,77,10,0.12987012987012986,0.0348224381420259,71729425745322.42,38.35276519443676,0.13290332848265865,2211.0835288369376,17011960.454154097,99.98281664950579,0.4521617464990822
1.9100000000000001,schechter,-2,6358300451972.096,0.006358300451972096,144,10,0.06944444444444445,0.034497821447143306,264689450868998.34,55.6272075540236,0.13285141533307546,2213.902130422401,16873756.06082675,99.25819326091555,0.23779107140841027
1.9200000000000002,schechter,-2,6462366193509.582,0.006462366193509582,58,10,0.1724137931034483,0.03417747161863516,177045412975293.78,20.067052322882176,0.13278742840810062,2216.6491700662364,16737072.630372385,98.52885124484331,0.5805977615581652
1.93,schechter,-2,6567606359779.137,0.006567606359779136,131,10,0.07633587786259542,0.03386130996408909,306887598493093.44,25.55024761826269,0.13271151305108214,2219.325536264441,16601889.488000676,97.79510677692672,0.25278400179730576
1.94,schechter,-2,6674028246189.206,0.006674028246189206,95,10,0.10526315789473684,0.0335492590710581,174965843791651.38,105.78675394890395,0.1326238181414942,2221.93210873486,16468186.28592861,97.0572715530055,0.34275784716440205
1.95,schechter,-2,6781639156084.267,0.006781639156084267,84,10,0.11904761904761904,0.03324124860758915,177242934720885.94,80.93814142342595,0.13252449591568408,2224.4697584334485,16335942.997650843,96.31565265957389,0.3811491136737024
1.96,schechter,-2,6890446400707.853,0.006890446400707853,113,10,0.08849557522123894,0.03293724466126713,124157605121715.55,22.369461486925058,0.13241370178770218,2226.9393475728343,16205139.912292665,95.57055245209457,0.27856908571036304
1.97,schechter,-2,7000457299165.953,0.007000457299165953,81,10,0.12345679012345678,0.03263713199261564,159552126721441.06,83.1612169249583,0.13229159417049882,2229.341729639335,16075757.62908553,94.8222684412372,0.38206504826615934
1.98,schechter,-2,7111679178390.575,0.007111679178390575,96,10,0.10416666666666667,0.03234083800523435,100603180980534.78,57.73903183267352,0.13215833429775978,2231.6777494267744,15947777.051919853,94.07109318753007,0.3169102068492932
1.99,schechter,-2,7224119373103.689,0.00722411937310369,77,10,0.12987012987012986,0.03204832461479412,216510309858092.1,32.030946920524784,0.1320140860466449,2233.9482430526887,15821179.384035045,93.31731420326203,0.3883978672424519
2.0,schechter,-2,7337785225781.461,0.007337785225781461,36,10,0.2777777777777778,0.0317595292108136,124187695524084.03,44.93018428140456,0.13185901576168338,2236.154037998363,15695946.122775251,92.5612138629246,0.8165834931855329
2.01,schechter,-2,7452684086618.767,0.007452684086618766,98,10,0.10204081632653061,0.03147434642474234,118926810672802.6,91.15379415542523,0.13169329208006922,2238.295953133565,15572059.054465903,91.80306932078736,0.2948409802711323
2.02,schechter,-2,7568823313493.956,0.007568823313493956,94,10,0.10638297872340426,0.031192768767984824,181953699370126.88,46.88947803812495,0.13151708575859106,2240.374798760955,15449500.249373306,91.04315243676884,0.3021157448796303
2.03,schechter,-2,7686210271933.928,0.007686210271933927,90,10,0.1111111111111111,0.03091469733122565,336072412124622.7,149.96777905155838,0.13133056950241706,2242.3913766421633,15328252.056764135,90.28172970902973,0.3101147053882419
2.04,schechter,-2,7804852335079.469,0.007804852335079469,102,10,0.09803921568627451,0.03064007876067021,269997382338634.25,121.10839704490445,0.13113391779594796,2244.3464800476977,15208297.100052891,89.51906221484735,0.26890893302394697
2.05,schechter,-2,7924756883650.862,0.007924756883650862,65,10,0.15384615384615385,0.030368873421117604,101012410333545.19,37.606841414451175,0.13092730673593825,2246.2408937946843,15089618.27204791,88.7554055582358,0.41467718105200324
2.0599999999999996,schechter,-2,8045931305913.771,0.008045931305913771,52,10,0.19230769230769232,0.030100994385796498,190963208440066.8,36.256256486886386,0.1307109138670736,2248.075394289709,14972198.730271557,87.9910098247522,0.5093494024491212
2.07,schechter,-2,8168382997645.384,0.008168382997645383,80,10,0.125,0.029836417097840462,189270953972039.44,61.2190046040237,0.1304849180201844,2249.850749575532,14856021.89238433,87.2261195434718,0.3253143605656397
2.0799999999999996,schechter,-2,8292119362100.777,0.008292119362100777,76,10,0.13157894736842105,0.029575063849994088,86306979311071.7,34.210737057001886,0.1302494991532604,2251.5677193786937,14741071.431683572,86.46097365569166,0.3364590547894391
2.09,schechter,-2,8417147809979.615,0.008417147809979614,122,10,0.08196721311475409,0.02931688369365848,451987558404017.1,175.32970753881682,0.13000483819542183,2253.2270551602683,14627331.272682121,85.69580549032848,0.2059290133274049
2.0999999999999996,schechter,-2,8543475759393.018,0.008543475759393017,74,10,0.13513513513513514,0.029061848249517186,150178063693653.12,42.724303187016474,0.12975111689399202,2254.829500161226,14514785.586787315,84.93084274564319,0.33354692751047166
2.11,schechter,-2,8671110635830.749,0.008671110635830748,102,10,0.09803921568627451,0.028809859686903527,110706182279069.95,52.51877053258628,0.12948851766480282,2256.375789460645,14403418.788036415,84.16630747756406,0.23772740282288232
2.1199999999999997,schechter,-2,8800059872128.57,0.00880005987212857,107,10,0.09345794392523364,0.028560921434742315,111049494049070.97,43.48792584187432,0.1292172234458553,2257.866650024103,14293215.5289337,83.40241609383277,0.2226214816377239
2.13,schechter,-2,8930330908435.941,0.008930330908435941,71,10,0.14084507042253522,0.02831495443600962,95591150012853.0,20.941020801753346,0.12893741755444604,2259.3028007618855,14184160.69634576,82.63937935428662,0.32956764239954084
2.1399999999999997,schechter,-2,9061931192183.85,0.00906193119218385,120,10,0.08333333333333333,0.02807189698593915,381910579006435.3,25.39800341943363,0.12864928354785926,2260.68495258041,14076239.407488255,81.87740237666426,0.1915378337495007
2.15,schechter,-2,9194868178052.94,0.009194868178052939,86,10,0.11627906976744186,0.0278317303404525,186976645916316.88,59.2032447850082,0.12835300508771263,2262.0138084437967,13969437.005973084,81.1166846481928,0.26251368526046803
2.1599999999999997,schechter,-2,9329149327941.914,0.009329149327941913,87,10,0.11494252873563218,0.02759441002844154,363691980764355.1,41.20111325272311,0.12804876580803742,2263.290063428153,13863739.057946578,80.35742004230275,0.2548753560316101
2.17,schechter,-2,9464782110935.996,0.009464782110935996,142,10,0.07042253521126761,0.027359867168767038,217182681781970.94,28.55176651225974,0.12773674918715994,2264.5144047826952,13759131.34827611,79.5997968405455,0.15336900480409627
2.1799999999999997,schechter,-2,9601774003275.883,0.009601774003275883,96,10,0.10416666666666667,0.02712806049537575,191709848645179.62,64.53929229933375,0.1274171384234439,2265.687511984705,13655599.876833957,78.84399775933498,0.22280049384505307
2.19,schechter,-2,9740132488326.686,0.009740132488326685,174,10,0.05747126436781609,0.026898949231370817,85193688303360.22,34.840058547182636,0.12709011631494216,2266.810056808112,13553130.854817575,78.09019998166228,0.12072093820542115
2.1999999999999997,schechter,-2,9879865056547.156,0.009879865056547156,74,10,0.13513513513513514,0.02667251624327527,100135028377989.53,33.427447796668424,0.12675586514299808,2267.8827033753655,13451710.70117912,77.33857519294077,0.27875870311695655
2.21,schechter,-2,10020979205459.283,0.010020979205459283,67,10,0.14925373134328357,0.026448699147882393,89269876264634.4,45.37845555809933,0.12641456655982633,2268.9061082250046,13351326.039074074,76.58928962139869,0.3023413550964784
2.2199999999999998,schechter,-2,10163482439617.838,0.010163482439617838,45,10,0.2222222222222222,0.026227453714206428,335824498305539.8,28.220164164489564,0.1260664014800965,2269.8809203721676,13251963.692418212,75.84250408253995,0.44203461453207293
2.23,schechter,-2,10307382270580.396,0.010307382270580397,79,10,0.12658227848101267,0.026008741230635346,148195490899449.62,49.78256655685084,0.1257115499765309,2270.807781371006,13153610.682476113,75.09837402734563,0.24724230087578467
2.2399999999999998,schechter,-2,10452686216877.373,0.010452686216877373,91,10,0.10989010989010989,0.02579252346779537,168283932941006.47,54.98948707389995,0.12535019117952442,2271.687325377826,13056254.22453316,74.35704959427912,0.21075340073148002
2.25,schechter,-2,10599401803982.404,0.010599401803982405,149,10,0.06711409395973154,0.025578762677055167,437393922636658.9,73.95256368843732,0.12498250318078254,2272.5201792170906,12959881.724614153,73.61867566475455,0.12638084788106396
2.26,schechter,-2,10747536564282.805,0.010747536564282805,98,10,0.10204081632653061,0.025367421588894046,96703385670411.28,44.15405671255712,0.12460866294096873,2273.306962440246,12864480.776277887,72.88339192171622,0.18865956425579286
2.27,schechter,-2,10897098037050.408,0.010897098037050409,73,10,0.136986301369863,0.025158463411135368,113915151331997.33,37.72049402173989,0.12422884620134438,2274.0482873977794,12770039.157449897,72.15133291158753,0.2486598176877838
2.28,schechter,-2,11048093768412.404,0.011048093768412405,83,10,0.12048192771084337,0.024951851827052285,420938313163168.06,46.364753187405185,0.12384322739937846,2274.7447592961375,12676544.827336488,71.42262810872523,0.21471407634549058
2.29,schechter,-2,11200531311322.54,0.011200531311322539,73,10,0.136986301369863,0.024747550993348466,144623943227898.53,37.62176874148304,0.12345197958829715,2275.3969762675993,12583985.923375618,70.69740198284953,0.23966952885860596
2.3,schechter,-2,11354418225532.416,0.011354418225532415,78,10,0.1282051282051282,0.024545525538020363,259309591609109.84,58.778035282752924,0.12305527436053831,2276.0055294311733,12492350.758259717,69.97577406876266,0.22020412172404574
2.31,schechter,-2,11509762077563.04,0.011509762077563039,126,10,0.07936507936507936,0.02434574055810379,267076044890278.25,48.24844140565094,0.12265328177506969,2276.571002966229,12401627.816991834,69.25785903864083,0.13382014823527566
2.32,schechter,-2,11666570440676.559,0.011666570440676559,77,10,0.12987012987012986,0.02414816161731237,154946831999016.9,30.23656947104425,0.12224617028852493,2277.0939741652087,12311805.754026573,68.54376677597168,0.2149618127227961
2.3299999999999996,schechter,-2,11824850894848.164,0.011824850894848164,139,10,0.07194244604316546,0.023952754743569615,342069039875909.1,102.31997109017732,0.12183410669010708,2277.5750135094427,12222873.3904306,67.8336024519591,0.11689220452550925
2.34,schechter,-2,11984611026738.168,0.011984611026738168,110,10,0.09090909090909091,0.02375948642643877,300142023695496.1,54.042712412671406,0.12141725604020252,2278.014684731395,12134819.711121293,67.12746660342285,0.14499219378229516
2.3499999999999996,schechter,-2,12145858429664.34,0.01214585842966434,79,10,0.12658227848101267,0.023568349485469153,104768943930019.22,32.259387833320496,0.12099578161264772,2278.413544876462,12047633.862132035,66.42545521215699,0.1981694105280373
2.36,schechter,-2,12308600703574.373,0.012308600703574374,121,10,0.08264462809917356,0.023379289440769724,186244114005351.44,36.15259106252199,0.12056984484058411,2278.772144375252,11961305.147949908,65.72765978615855,0.12699718862851583
2.3699999999999997,schechter,-2,12472845455018.523,0.012472845455018523,106,10,0.09433962264150944,0.02319227292113002,254674546208059.2,15.64466886118997,0.12013960526583477,2279.0910271016855,11875823.028886234,65.03416744162669,0.14229152457591268
2.38,schechter,-2,12638600297122.496,0.012638600297122497,136,10,0.07352941176470588,0.023007268142421378,209951845325530.53,40.862813870862226,0.11970522049173256,2279.3707304449385,11791177.118503083,64.3450609865332,0.10885324057041366
2.3899999999999997,schechter,-2,12805872849560.406,0.012805872849560406,91,10,0.10989010989010989,0.02282424541192074,99609517660114.8,36.910463900348,0.1192668461393275,2279.611785369558,11707357.181081956,63.660419004797376,0.15967044246057124
2.4,schechter,-2,12974670738528.041,0.012974670738528041,50,10,0.2,0.022643212174201843,335148833513202.06,101.04783769587212,0.11882463580689664,2279.8147164822503,11624353.129135568,62.98031594146739,0.2852153313321826
2.4099999999999997,schechter,-2,13145001596716.186,0.013145001596716185,127,10,0.07874015748031496,0.022464100404753662,363368532692641.56,95.03590779671892,0.11837874103268001,2279.980042098276,11542155.020976886,62.304822188643485,0.11020643947606386
2.42,schechter,-2,13316873063284.213,0.013316873063284213,136,10,0.07352941176470588,0.022286880009865118,194652100759062.62,84.58530965908595,0.11792931126076286,2280.1082743020684,11460753.05831884,61.63400417172411,0.10100218055167215
2.4299999999999997,schechter,-2,13490292783833.809,0.013490292783833808,52,10,0.19230769230769232,0.022111547944766774,171940283774457.62,53.65158468976872,0.1174764938100209,2280.1999190172746,11380137.583922423,60.9679244363649,0.2592490738976155
2.44,schechter,-2,13665268410382.844,0.013665268410382844,75,10,0.13333333333333333,0.021938073759871557,201959424422200.75,35.098361355398296,0.11702043384604897,2280.255476067094,11300299.079290532,60.30664173549224,0.17640154061378363
2.4499999999999997,schechter,-2,13841807601339.41,0.01384180760133941,72,10,0.1388888888888889,0.021766405342849127,231137692994115.2,51.10270699012605,0.11656127435598546,2280.275439237758,11221228.162397789,59.65021111655875,0.18032926027076984
2.46,schechter,-2,14019918021476.148,0.014019918021476148,110,10,0.09090909090909091,0.02159655044914277,108714932633242.14,41.93762535162082,0.11609915612615085,2280.2602963447553,11142915.58546343,58.99868400895462,0.11583345960294739
2.4699999999999998,schechter,-2,14199607341904.53,0.014199607341904529,109,10,0.09174311926605505,0.02142846790590014,456996588955686.6,92.75689950672698,0.11563421772241134,2280.2105292943497,11065352.232765501,58.352108311262526,0.1147152550632567
2.48,schechter,-2,14380883240049.531,0.014380883240049531,108,10,0.09259259259259259,0.021262114687931488,181574248075393.94,29.2901089949454,0.11516659547318477,2280.12661414992,10988529.118494129,57.710528478497494,0.11361554400101388
2.4899999999999998,schechter,-2,14563753399624.234,0.014563753399624235,96,10,0.10416666666666667,0.021097516082442147,156523173113676.22,30.27595040453234,0.11469642345499854,2280.0090211886513,10912437.38464076,57.07398560884687,0.12542909679913736
2.5,schechter,-2,14748225510604.854,0.014748225510604854,81,10,0.12345679012345678,0.02093458858418873,333888285549458.1,36.85945102421739,0.11422383348051643,2279.8582149700633,10837068.298925612,56.442517530385324,0.14587665224129343
2.51,schechter,-2,14934307269205.686,0.014934307269205686,97,10,0.10309278350515463,0.020773361221682496,156328349881459.56,33.560000687738395,0.11374895508894493,2279.6746543954514,10762413.25276639,55.81615888715937,0.1195349722236892
2.52,schechter,-2,15122006377854.318,0.015122006377854318,95,10,0.10526315789473684,0.02061376708695184,189624073351655.62,75.2844033659035,0.11327191553873434,2279.458792769739,10688463.759278566,55.194941224806584,0.11976585924064832
2.53,schechter,-2,15311330545167.082,0.015311330545167081,216,10,0.046296296296296294,0.020455818938750592,255529499378591.8,39.202728198785,0.112792839802488,2279.2110778627134,10615211.451314276,54.57889307559392,0.05168777567739711
2.54,schechter,-2,15502287485924.41,0.01550228748592441,105,10,0.09523809523809523,0.02029946241445646,483751770252116.5,61.81804915462578,0.11231185056399447,2278.9319519708247,10542648.079530537,53.968040042784885,0.10433544766003741
2.55,schechter,-2,15694884921046.684,0.015694884921046683,63,10,0.15873015873015872,0.020144709087197565,304395135916142.75,71.32859506905957,0.11182906821729809,2278.6218519776903,10470765.510502744,53.36240488430692,0.17063017818851006
2.56,schechter,-2,15889130577569.938,0.015889130577569938,125,10,0.08,0.019991496794679264,248247666268158.84,38.7844354160129,0.1113446108677235,2278.2812094135375,10399555.724859066,52.762007595538456,0.084383320458164
2.57,schechter,-2,16085032188621.854,0.016085032188621853,77,10,0.12987012987012986,0.019839855727785904,240233072172028.66,28.610966969254378,0.11085859433477233,2277.910450514421,10329010.815461004,52.166865491309274,0.13441338767771285
2.5799999999999996,schechter,-2,16282597493397.953,0.016282597493397954,57,10,0.17543859649122806,0.01968971067362446,160757667090017.94,41.42066477935562,0.11037113215680884,2277.509996284469,10259122.985599501,51.57699328697724,0.17816422372562332
2.59,schechter,-2,16481834237137.826,0.016481834237137827,56,10,0.17857142857142858,0.0195410870938324,188791424485918.2,78.9280510755527,0.10988233559745512,2277.0802625533597,10189884.547240347,50.99240317852392,0.17793696279202717
2.5999999999999996,schechter,-2,16682750171101.504,0.016682750171101504,125,10,0.08,0.019393936503166453,222218940755274.2,47.40406503725086,0.109392313653616,2276.621660032739,10121287.9192909,50.41310492157121,0.07821668446211363
2.61,schechter,-2,16885353052546.129,0.01688535305254613,122,10,0.08196721311475409,0.01924823555333144,336142265062872.06,18.50760555207366,0.108901173065055,2276.134594374984,10053325.625898778,49.839105909407294,0.0786323647796479
2.6199999999999997,schechter,-2,17089650644702.543,0.017089650644702543,96,10,0.10416666666666667,0.019104001280408567,387316381452638.5,65.2510970736607,0.1084090183254463,2275.6194662369107,9985990.294780755,49.27041125002719,0.09804812495903917
2.63,schechter,-2,17295650716752.307,0.017295650716752306,94,10,0.10638297872340426,0.018961173195653602,200000321400898.28,33.30147285778741,0.10791595169482557,2275.07667132525,9919274.6555814,48.70702384164517,0.09824918243683652
2.6399999999999997,schechter,-2,17503361043804.52,0.01750336104380452,59,10,0.1694915254237288,0.01881974325992808,158192915286808.94,44.28191816000663,0.10742207321336858,2274.506600465792,9853171.53826193,48.148944447568645,0.15358487673555618
2.65,schechter,-2,17712789406873.09,0.01771278940687309,69,10,0.14492753623188406,0.01867971997425877,684439956090532.6,54.49251869007436,0.10692748071642302,2273.9096396509385,9787673.871516135,47.59617176940129,0.1288526319563966
2.6599999999999997,schechter,-2,17923943592853.98,0.01792394359285398,138,10,0.07246376811594203,0.01854105169664,196877530310318.2,43.51771919666338,0.10643226985072582,2273.286170097126,9722774.681209411,47.048702519219525,0.06321249461367288
2.67,schechter,-2,18136831394502.582,0.018136831394502582,78,10,0.1282051282051282,0.01840372255415068,315278667412686.9,150.53152694160227,0.10593653409173551,2272.636568304828,9658467.088857314,46.506531490613796,0.10972991057809331
2.6799999999999997,schechter,-2,18351460610411.273,0.018351460610411274,151,10,0.06622516556291391,0.01826774109506102,194589304877963.3,75.40114457313236,0.10544036476201399,2271.961206107118,9594744.310116976,45.96965162815817,0.05561335723002276
2.69,schechter,-2,18567839044987.234,0.018567839044987235,62,10,0.16129032258064516,0.018133075154449174,481279885110427.6,64.59076019378186,0.1049438510505919,2271.260450727597,9531599.653310519,45.43805409581967,0.13289220157926215
2.6999999999999997,schechter,-2,18785974508430.04,0.018785974508430038,72,10,0.1388888888888889,0.017999699218087084,323176560941454.2,86.26389860291765,0.10444708003325524,2270.534664834676,9469026.51798176,44.91172834402714,0.112277444660684
2.71,schechter,-2,19005874816709.92,0.01900587481670992,84,10,0.11904761904761904,0.017867598027167864,236875177352974.66,44.12013882847512,0.10395013669369071,2269.7842065905866,9407018.393461363,44.39066217524295,0.09442315570321977
2.7199999999999998,schechter,-2,19227547791545.547,0.019227547791545545,76,10,0.13157894736842105,0.017736763765298424,257933310063751.9,93.25400300387818,0.10345310394543139,2269.0094297108235,9345568.857473286,43.87484180849859,0.10239443478910239
2.73,schechter,-2,19451001260382.44,0.01945100126038244,82,10,0.12195121951219512,0.017607190301905495,276329270032387.44,39.21770826851757,0.10295606265454338,2268.210683509903,9284671.574754989,43.364251942278145,0.09311251661554466
2.7399999999999998,schechter,-2,19676243056371.344,0.019676243056371345,83,10,0.12048192771084337,0.017478844483203804,153502277414960.16,57.7304732274543,0.10245909166299956,2267.3883129590668,9224320.295706078,42.85887581632191,0.09025585844800423
2.75,schechter,-2,19903281018346.582,0.019903281018346583,150,10,0.06666666666666667,0.017351711660079205,198110284983171.16,28.37383607871785,0.10196226781268383,2266.542658733273,9164508.855059594,42.35869527187737,0.04899972444365177
2.76,schechter,-2,20132122990804.734,0.020132122990804736,110,10,0.09090909090909091,0.017225777323806035,177344154622583.5,40.41841313243284,0.10146566596997589,2265.674057264527,9105231.170576822,41.86369081073415,0.06555769235076103
2.77,schechter,-2,20362776823883.453,0.020362776823883454,97,10,0.10309278350515463,0.017101027105864253,147194913451692.62,33.526201466658435,0.10096935905086413,2264.7828407915645,9046481.241760328,41.37384165282709,0.07294177191533315
2.78,schechter,-2,20595250373340.188,0.020595250373340188,72,10,0.1388888888888889,0.016977446777725502,142088915968185.1,20.327323091953726,0.1004734180465394,2263.869337408471,8988253.148596747,40.88912579251693,0.09641568846252489
2.79,schechter,-2,20829551500531.28,0.02082955150053128,119,10,0.08403361344537816,0.016855023940893665,307213155799179.4,65.00559669501335,0.09997791204942123,2262.9338711185715,8930541.050315544,40.40952005360381,0.057235582180127316
2.8,schechter,-2,21065688072391.016,0.021065688072391016,167,10,0.059880239520958084,0.01673375109862041,168453554233141.75,51.72483969113664,0.09948290827957305,2261.9767618762075,8873339.184167327,39.93500014278368,0.04001570973130015
2.81,schechter,-2,21303667961410.96,0.02130366796141096,76,10,0.13157894736842105,0.01661360443433335,256757841920691.0,59.87174959334412,0.09898847211146117,2260.998325642647,8816641.86423281,39.46554070207999,0.0862716950015052
2.82,schechter,-2,21543499045619.168,0.02154349904561917,72,10,0.1388888888888889,0.016494570318109303,380030209887389.4,54.31160834022687,0.09849466710101733,2259.9988744299917,8760443.480241075,39.00111535969332,0.08934814441460476
2.8299999999999996,schechter,-2,21785189208559.85,0.02178518920855985,83,10,0.12048192771084337,0.016376635258032346,311256445890415.2,60.270820488510694,0.09800155501296365,2258.978716346094,8704738.496411402,38.54169677958268,0.07604618197408498
2.84,schechter,-2,22028746339272.797,0.022028746339272796,82,10,0.12195121951219512,0.016259785899817025,604865616427445.2,115.28936949415092,0.09750919584836228,2257.938155649122,8649521.450322606,38.08725670995172,0.07552324873355906
2.8499999999999996,schechter,-2,22274178332273.242,0.022274178332273242,128,10,0.078125,0.016144009026404338,352386112011230.8,57.04955525996546,0.097017647872353,2256.8774927869235,8594786.951786837,37.637766030123146,0.0474706589471877
2.86,schechter,-2,22521493087531.62,0.02252149308753162,82,10,0.12195121951219512,0.016029291557537073,338595260852026.44,26.322579128722612,0.09652696764204288,2255.7970244463195,8540529.681758447,37.193194796385484,0.07270494674969923
2.8699999999999997,schechter,-2,22770698510453.527,0.022770698510453526,139,10,0.07194244604316546,0.015915620549309506,240932700908196.9,48.00334241149586,0.09603721003451575,2254.697043598075,8486744.391249523,36.75351228645618,0.04208309031695117
2.88,schechter,-2,23021802511859.92,0.023021802511859923,94,10,0.10638297872340426,0.015802983193694886,347675297665677.0,55.92175785055186,0.0955484282749277,2253.577839541878,8433425.9002663,36.318687042715105,0.06105782988862671
2.8899999999999997,schechter,-2,23274813007967.035,0.023274813007967035,136,10,0.07352941176470588,0.015691366818052832,200049176198850.38,21.237338075915954,0.09506067396466021,2252.4396979513067,8380569.09677265,35.88868691425138,0.041407540513953754
2.9,schechter,-2,23529737920367.07,0.02352973792036707,72,10,0.1388888888888889,0.01558075888461341,159694788685119.56,25.291074854643036,0.09457399710949974,2251.2829009165093,8328168.935656688,35.46347909760048,0.0767427662540612
2.9099999999999997,schechter,-2,23786585176008.21,0.02378658517600821,140,10,0.07142857142857142,0.01547114698994212,189907868219397.6,28.608993147139635,0.0940884461478178,2250.107726988839,8276220.437724468,35.04303017636322,0.03872541934510662
2.92,schechter,-2,24045362707175.527,0.024045362707175527,101,10,0.09900990099009901,0.015362523221310709,149423616673756.62,32.2443431675197,0.09360406797872392,2248.9144512255475,8224718.688710108,34.627306159646174,0.052669583660297004
2.9299999999999997,schechter,-2,24306078451471.293,0.024306078451471293,102,10,0.09803921568627451,0.015254878034201114,299346823873627.1,19.548910502363366,0.09312090799016796,2247.703345228534,8173658.8382961275,34.21627251922591,0.051173045496644955
2.94,schechter,-2,24568740351795.957,0.024568740351795956,81,10,0.12345679012345678,0.015148193839404023,318346275543788.0,57.405582788178904,0.09263901008696694,2246.4746771892646,8123036.099160874,33.80989422571651,0.063229485360605
2.9499999999999997,schechter,-2,24833356356328.953,0.024833356356328953,99,10,0.10101010101010101,0.0150424587299397,397957403866264.2,65.89949641329375,0.09215841671873516,2245.2287119320613,8072845.746031287,33.408135783545625,0.05076166704729362
2.96,schechter,-2,25099934418509.668,0.02509993441850967,116,10,0.08620689655172414,0.014937660930668173,510882239930968.6,64.5750558543341,0.09167916890769558,2243.9657109502728,8023083.114753859,33.01096126473465,0.04250918503172648
2.9699999999999998,schechter,-2,25368482497018.45,0.02536848249701845,145,10,0.06896551724137931,0.014833788797643521,451508820739683.4,21.285957323584338,0.0912013062763538,2242.6859324532115,7973743.601392691,32.61833434180844,0.033369205693607525
2.98,schechter,-2,25639008555758.0,0.025639008555758,126,10,0.07936507936507936,0.014730830817450968,339150446468065.94,58.222775803311244,0.09072486707501438,2241.38963139907,7924822.661321773,32.23021831935019,0.03768078518030608
2.9899999999999998,schechter,-2,25911520563834.39,0.02591152056383439,127,10,0.07874015748031496,0.014628775606527977,265684932622618.3,20.193740565153316,0.09024988820912404,2240.0770595442127,7876315.808353685,31.8465761648455,0.03668318240564781
3.0,schechter,-2,26186026495538.773,0.026186026495538774,105,10,0.09523809523809523,0.014527631799498453,606384441132458.2,61.33310166252992,0.0897764052664229,2238.7484654721115,7828218.613865179,31.467370538138457,0.043537749797758186
3.01,schechter,-2,26462534330328.64,0.026462534330328642,100,10,0.1,0.01442737046342013,316766233795073.3,27.20700397154833,0.08930445254389056,2237.404094643368,7780526.705950752,31.09256382024789,0.04485839368922498
3.02,schechter,-2,26741052052809.535,0.026741052052809536,88,10,0.11363636363636363,0.014327979614411346,705091199048584.4,133.51699084606983,0.08883406307447111,2236.0441894233,7733235.768582869,30.722118140856058,0.05002112300383211
3.03,schechter,-2,27021587652716.85,0.027021587652716852,161,10,0.062111801242236024,0.014229448349641127,273921744699774.25,35.83609832452291,0.08836526865356453,2234.668989128769,7686341.540784624,30.355995405106402,0.026829134703037574
3.04,schechter,-2,27304149124897.52,0.02730414912489752,129,10,0.07751937984496124,0.0141317712260014,317454700334795.06,41.61957664342159,0.08789809986527143,2233.2787300596956,7639839.815826388,29.994157319292004,0.032858183670769765
3.05,schechter,-2,27588744469291.97,0.027588744469291968,155,10,0.06451612903225806,0.014034953819600626,187919901768256.53,24.767782073167595,0.08743258610838046,2231.8736455422354,7593726.440420668,29.63656541572894,0.026835343676214755
3.06,schechter,-2,27875381690916.227,0.027875381690916228,206,10,0.04854368932038835,0.013938965019430816,320650537342235.06,27.201649362321177,0.08696875562208634,2230.453965958222,7547997.313944066,29.283181076603977,0.019814428965264138
3.07,schechter,-2,28164068799843.92,0.02816406879984392,71,10,0.14084507042253522,0.01384379439488359,265644841712397.44,24.361796107909935,0.08650663551143015,2229.0199187899175,7502648.387664568,28.933965557123628,0.05641631974668492
3.08,schechter,-2,28454813811188.617,0.02845481381118862,130,10,0.07692307692307693,0.013749443675148076,680342220864660.8,24.901868850268066,0.08604625177245216,2227.571728647094,7457675.663981256,28.58888000757475,0.030237015030747383
3.09,schechter,-2,28747624745086.086,0.028747624745086086,84,10,0.11904761904761904,0.013655909943127154,318063791363163.5,49.78817732180921,0.08558762931704852,2226.109617310217,7413075.195680463,28.24788549477952,0.04592268814291392
3.0999999999999996,schechter,-2,29042509626676.754,0.029042509626676753,169,10,0.05917159763313609,0.013563164692313778,224276755257030.8,30.457465012235463,0.08513079199752545,2224.6338037600503,7368843.085202581,27.910943022554893,0.02240004242205314
3.11,schechter,-2,29339476486088.195,0.029339476486088194,88,10,0.11363636363636363,0.01347120156363879,289989198315619.8,27.107446957779484,0.08467576263084305,2223.1445042189325,7324975.48391775,27.578013551517135,0.04221692946332379
3.1199999999999997,schechter,-2,29638533358417.746,0.029638533358417745,148,10,0.06756756756756757,0.013380038050669008,678610029492231.8,128.45349756551474,0.08422256302254322,2221.6419321733165,7281468.591418872,27.249058017899923,0.02463469142732354
3.13,schechter,-2,29939688283715.26,0.029939688283715262,125,10,0.08,0.013289634251229643,282258601731208.94,38.772433867117854,0.08377121399035611,2220.126298422334,7238318.654820386,26.92403735192344,0.02862484871788064
3.1399999999999997,schechter,-2,30242949306965.844,0.030242949306965843,86,10,0.11627906976744186,0.013199986749567127,211615475731697.3,27.477128380201187,0.08332173538748046,2218.5978111014592,7195521.968076602,26.60291249515068,0.04083233632975381
3.15,schechter,-2,30548324478072.902,0.030548324478072902,100,10,0.1,0.013111111127854014,331647430347283.9,30.000165821289556,0.08287414612553251,2217.0566757142496,7153074.871296239,26.28564441717844,0.034463400502088196
3.1599999999999997,schechter,-2,30855821851840.953,0.030855821851840954,86,10,0.11627906976744186,0.013022967366438376,312521032323405.3,30.41475349792082,0.08242846419716175,2215.503095174851,7110973.750088734,25.97219413183904,0.03932965542020257
3.17,schechter,-2,31165449487958.848,0.031165449487958848,76,10,0.13157894736842105,0.01293556532230633,230196808120024.25,25.21281622816299,0.0819847066983287,2213.9372698317743,7069215.034901877,25.662522712429805,0.0436788472212902
3.1799999999999997,schechter,-2,31477215450982.906,0.03147721545098291,86,10,0.11627906976744186,0.012848897756408295,417898876535687.8,44.543591992040504,0.0815428898502426,2212.359397500309,7027795.200383879,25.356591306442947,0.037884215017153125
3.19,schechter,-2,31791127810320.184,0.03179112781032018,95,10,0.10526315789473684,0.012762935098848627,316482112796204.5,24.322062228223135,0.08110302902095701,2210.7696734995334,6986710.76474544,25.0543611496712,0.033659703715407156
3.1999999999999997,schechter,-2,32107194640211.953,0.03210719464021195,93,10,0.10752688172043011,0.012677710130435615,221148841610401.94,25.380179578513285,0.08066513874662186,2209.1682906764277,6945958.289138465,24.755793579568643,0.03374696505921187
3.21,schechter,-2,32425424019716.957,0.03242542401971696,129,10,0.07751937984496124,0.012593173245665557,337321050162145.4,39.53403495749956,0.08022923275238983,2207.55543944266,6905534.377048772,24.460850048168954,0.023879048247506845
3.2199999999999998,schechter,-2,32745824032695.117,0.03274582403269512,117,10,0.08547008547008547,0.012509343977048615,526233614851789.1,89.97896892493961,0.07979532397297763,2205.9313078024015,6865435.673682141,24.169492134257933,0.025841409475043025
3.23,schechter,-2,33068402767791.16,0.03306840276779116,69,10,0.14492753623188406,0.012426200708137491,330795471683555.8,69.31196671609395,0.07936342457287976,2204.2960813791306,6825658.865381889,23.88168155504746,0.043008488152296354
3.2399999999999998,schechter,-2,33393168318418.19,0.03339316831841819,124,10,0.08064516129032258,0.012343739840257606,378597742800031.3,41.375038093506305,0.07893354596623703,2202.649943453316,6786200.679036681,23.59738017735021,0.02349031627587604
3.25,schechter,-2,33720128782741.758,0.033720128782741755,162,10,0.06172839506172839,0.012261958645678805,276777448166803.06,23.687573579875803,0.07850569883635809,2200.9930749817104,6747057.881511198,23.316550028067716,0.017648553839757244
3.26,schechter,-2,34049292263663.562,0.034049292263663565,92,10,0.10869565217391304,0.012180839315067082,215882712843575.7,35.130008467755616,0.07807989315489611,2199.3256546360385,6708227.279078383,23.039153304345227,0.030503937429937608
3.27,schechter,-2,34380666868805.484,0.03438066686880548,130,10,0.07692307692307693,0.012100389264386724,393359322979191.3,44.62254614631318,0.0776561382006801,2197.6478588227405,6669705.71686476,22.7651523830362,0.021189785038293774
3.28,schechter,-2,34714260710493.75,0.03471426071049375,93,10,0.10752688172043011,0.01202058504239345,145123114948657.94,16.092071952852805,0.07723444257820353,2195.959861719532,6631490.078299773,22.49450982984348,0.029074964343719246
3.29,schechter,-2,35050081905743.027,0.035050081905743026,123,10,0.08130081300813008,0.011941435811682832,299771165590387.5,30.573879703640454,0.07681481423577075,2194.2618352954805,6593577.284582875,22.227188407848548,0.021579231190772697
3.3,schechter,-2,35388138576240.445,0.035388138576240444,64,10,0.15625,0.011862920703416657,306693767780591.1,38.2901807418011,0.07639726048330328,2192.553949344539,6555964.294144623,21.963151085676536,0.04071048745727191
3.31,schechter,-2,35728438848330.59,0.035728438848330595,109,10,0.09174311926605505,0.011785042570402804,373384193806811.0,31.52867224552677,0.0759817880098082,2190.8363715077526,6518648.1021335395,21.702361045163748,0.023464518238119843
3.32,schechter,-2,36070990852999.01,0.03607099085299901,141,10,0.07092198581560284,0.011707791013399471,716749446592633.8,40.891622327566225,0.07556840290051019,2189.109267308026,6481625.739898744,21.44478168868327,0.017806455485041103
3.33,schechter,-2,36415802725857.5,0.0364158027258575,110,10,0.09090909090909091,0.01163115485236843,346802646310252.3,27.763491293043366,0.07515711065365033,2187.3728001640325,6444894.2744803615,21.19037664585108,0.02240623201344595
3.34,schechter,-2,36762882607128.2,0.036762882607128206,107,10,0.09345794392523364,0.011555141714998163,423033305957986.1,31.45114389029009,0.07474791619695409,2185.6271314293513,6408450.8081216905,20.939109780129744,0.022612558962177873
3.3499999999999996,schechter,-2,37112238641628.5,0.0371122386416285,182,10,0.054945054945054944,0.011479718991467824,312349493258400.56,22.860481247521143,0.0743408239037712,2183.872420410417,6372292.477769603,20.690945194773676,0.013050892115596884
3.36,schechter,-2,37463878978755.67,0.03746387897875567,124,10,0.08064516129032258,0.01140491957109413,409826270648956.94,26.418207280013682,0.07393583760889016,2182.108824394219,6336416.454597149,20.445847238547504,0.018805100267621878
3.3699999999999997,schechter,-2,37817811772471.695,0.0378178117724717,88,10,0.11363636363636363,0.011330699214702533,387381278361532.1,60.61528616406821,0.07353296062403111,2180.336498675668,6300819.9435306,20.203780511070917,0.026013972723956086
3.38,schechter,-2,38174045181288.336,0.038174045181288335,96,10,0.10416666666666667,0.011257072357175879,377803440934551.25,23.878870923301168,0.07313219575301971,2178.5555965771096,6265500.18277916,19.96470986772887,0.023410852455317415
3.3899999999999997,schechter,-2,38532587368251.76,0.038532587368251756,98,10,0.10204081632653061,0.01118403052076633,549266445252027.0,56.3379145020077,0.07273354530664589,2176.7662694788314,6230454.443376221,19.728600424364686,0.02251482339572431
3.4,schechter,-2,38893446500927.99,0.03889344650092799,105,10,0.09523809523809523,0.011111552008723602,324822910179969.06,21.28767802492263,0.07233701111721073,2174.9686668413824,6195680.028727723,19.495417561573966,0.020630890111163105
3.4099999999999997,schechter,-2,39256630751387.805,0.03925663075138781,206,10,0.04854368932038835,0.011039661861070305,369538096116655.06,34.16691370055041,0.07194259455276497,2173.162936225757,6161174.274165404,19.265126928663413,0.010324295485584658
3.42,schechter,-2,39622148296192.11,0.03962214829619211,119,10,0.08403361344537816,0.010968327518074417,169353326087477.16,20.986851153057138,0.07155029653104333,2171.349223324692,6126934.5465087,19.037694447415884,0.017547198982208755
3.4299999999999997,schechter,-2,39990007316377.07,0.03999000731637707,147,10,0.06802721088435375,0.010897543433306178,333777035353864.3,30.81813390865043,0.07116011753309788,2169.5276719792582,6092958.2436328735,18.813086315433388,0.013946695594351936
3.44,schechter,-2,40360215997439.68,0.04036021599743968,128,10,0.078125,0.010827330179768002,309272550439454.8,39.788980626528215,0.07077205761663512,2167.6984242035414,6059242.794044905,18.591269009279415,0.015726078751902857
3.4499999999999997,schechter,-2,40732782529322.98,0.040732782529322976,118,10,0.0847457627118644,0.010757654426480356,144507675687962.94,25.447835812432704,0.07038611642905952,2165.861620210656,6025785.656462501,18.372209287353765,0.016749311742739383
3.46,schechter,-2,41107715106401.94,0.04110771510640194,130,10,0.07692307692307693,0.010688511593959338,599625096800622.6,30.466980817422872,0.07000229322022894,2164.017398430358,5992584.319403749,18.15587419245133,0.01492763629265255
3.4699999999999998,schechter,-2,41485021927468.49,0.041485021927468495,137,10,0.072992700729927,0.01061992401282974,496648862993692.8,75.58882732004017,0.06962058685492503,2162.1658955397716,5959636.300782556,17.942231054183335,0.013908403680004455
3.48,schechter,-2,41864711195717.88,0.041864711195717885,99,10,0.10101010101010101,0.010551859126809338,200180059946383.06,22.55658170349668,0.06924099582504298,2160.3072464713546,5926939.147505195,17.731247490954114,0.01889875006738781
3.4899999999999998,schechter,-2,42246791118733.93,0.04224679111873393,134,10,0.07462686567164178,0.010484312414753338,214758758434638.2,34.670078193520176,0.06886351826150523,2158.4415844483374,5894490.435082389,17.522891411968764,0.013710109550214834
3.5,schechter,-2,42631269908475.03,0.04263126990847503,84,10,0.11904761904761904,0.010417294050496628,467648842912564.2,19.810001419720834,0.06848815194590231,2156.5690409988556,5862287.767236518,17.31713101881011,0.02147591023022871
3.51,schechter,-2,43018155781260.02,0.043018155781260024,89,10,0.11235955056179775,0.010350793483562937,685987741535594.2,42.13741399865397,0.06811489432186627,2154.68974597939,5830328.775524363,17.11393480691197,0.019903685941292736
3.52,schechter,-2,43407456957754.27,0.043407456957754276,174,10,0.05747126436781609,0.010284796727297763,349524273552074.4,49.20187831636034,0.06774374250617998,2152.803827594392,5798611.1189587405,16.91327156677857,0.009997101152753018
3.53,schechter,-2,43799181662955.49,0.043799181662955496,135,10,0.07407407407407407,0.010219299388110614,372857465012804.3,45.57650926838909,0.0673746932996273,2150.9114124181556,5767132.483642135,16.715110385046884,0.012653090172600814
3.54,schechter,-2,44193338126180.17,0.04419333812618017,135,10,0.07407407407407407,0.01015431330727079,350720613886541.0,30.51188381739442,0.06700774319758737,2149.0126254163506,5735890.582397208,16.519420645334357,0.012425435028690554
3.55,schechter,-2,44589934581049.375,0.04458993458104937,97,10,0.10309278350515463,0.01008982146551074,359548869324795.4,19.45751929044705,0.06664288840037871,2147.1075899588072,5704883.154414197,16.32617202887479,0.016982284637789884
3.56,schechter,-2,44988979265475.27,0.04498897926547527,78,10,0.1282051282051282,0.010025815117421066,431670634850506.25,21.634340788418733,0.06628012482335588,2145.1964278520413,5674107.964892094,16.13533451510202,0.02073972829566099
3.57,schechter,-2,45390480421647.484,0.045390480421647485,163,10,0.06134969325153374,0.00996228999681359,298729507226706.8,27.71323025877019,0.06591944810676449,2143.2792593467693,5643562.804696245,15.94687838191023,0.009746467913159947
3.58,schechter,-2,45794446296019.234,0.04579444629601923,146,10,0.0684931506849315,0.009899247498943664,209107511796363.0,19.76429864421433,0.06556085362535716,2141.3562031643746,5613245.49001041,15.760774205872467,0.010686287988965672
3.59,schechter,-2,46200885139294.18,0.04620088513929418,132,10,0.07575757575757576,0.009836688593440002,802140796375992.2,38.15511343429244,0.0652043364977763,2139.4273765142943,5583153.862002588,15.57699286226522,0.01160803242487429
3.5999999999999996,schechter,-2,46609805206412.586,0.046609805206412586,77,10,0.12987012987012986,0.009774597428998333,770537255374915.5,57.643210059906565,0.06484989159570673,2137.4928951117367,5553285.786493722,15.395505524947101,0.019543489444451632
3.61,schechter,-2,47021214756538.164,0.047021214756538164,87,10,0.11494252873563218,0.009712969866376264,447137613414523.3,28.217626704817093,0.06449751355280299,2135.552873195965,5523639.15362708,15.216283666093979,0.01698796606057519
3.6199999999999997,schechter,-2,47435122053044.64,0.04743512205304464,75,10,0.13333333333333333,0.00965180179478542,240461143761651.25,23.773036663315544,0.06414719677339552,2133.6074235531737,5494211.877547617,15.039299055851064,0.01935417781594373
3.63,schechter,-2,47851535363502.57,0.04785153536350257,134,10,0.07462686567164178,0.009591089131892772,271917883908348.16,19.293697764866433,0.06379893544097907,2131.6566575273705,5465001.896084231,14.864523761769748,0.010639326291214304
3.6399999999999997,schechter,-2,48270462959666.01,0.048270462959666006,76,10,0.13157894736842105,0.00953083766246099,235446434661315.7,28.80890437404358,0.06345272352648877,2129.700685045049,5436007.170438018,14.691930148228412,0.018424526472497555
3.65,schechter,-2,48691913117459.63,0.048691913117459636,159,10,0.06289308176100629,0.009471035465904887,407071491134672.1,31.29316034478843,0.0631085547963669,2127.7396146283095,5407225.684871397,14.521490875648544,0.008649909125854185
3.6599999999999997,schechter,-2,49115894116965.32,0.04911589411696532,164,10,0.06097560975609756,0.009411675820256815,510809952412244.6,41.473068034025275,0.06276642282042497,2125.773553416058,5378655.446409031,14.35317889967991,0.008237040658166935
3.67,schechter,-2,49542414242409.56,0.049542414242409565,134,10,0.07462686567164178,0.00935275476915387,413385663860654.4,37.697500328206246,0.062426320979504686,2123.8026071789222,5350294.484533614,14.186967470214377,0.009902031915438682
3.6799999999999997,schechter,-2,49971481782150.29,0.04997148178215029,121,10,0.08264462809917356,0.00929426838454328,300492989115274.9,22.26656680183462,0.06208824247294238,2121.8268803323726,5322140.850894996,14.02283013031617,0.010771235267935414
3.69,schechter,-2,50403105028663.91,0.05040310502866391,107,10,0.09345794392523364,0.009236212766661422,399650204052804.7,30.375320909922493,0.06175218032584041,2119.8464759661074,5294192.619019311,13.860740715156648,0.011964556107356411
3.6999999999999997,schechter,-2,50837292278532.875,0.050837292278532877,129,10,0.07751937984496124,0.009178584044009397,786513352962180.5,22.62454568602115,0.061418127396149415,2117.8614958446137,5266447.884021641,13.700673350668307,0.009748277659583634
3.71,schechter,-2,51274051832432.555,0.051274051832432554,75,10,0.13333333333333333,0.009121378373325606,128983540054474.67,15.015056670584155,0.06108607638156587,2115.8720404362152,5238904.762326913,13.542602452316004,0.016470293483613535
3.7199999999999998,schechter,-2,51713391995118.87,0.05171339199511887,115,10,0.08695652173913043,0.009064595894632377,376438003097380.25,33.842344214991805,0.06075601982624775,2113.8782089223805,5211561.39139034,13.3865027236477,0.010551585881066267
3.73,schechter,-2,52155321075415.37,0.052155321075415366,85,10,0.11764705882352941,0.009008231089702834,432823613259584.6,19.076575792787203,0.06042795012735299,2111.880099215107,5184415.929424091,13.232349154830606,0.014023536358393892
3.7399999999999998,schechter,-2,52599847386201.03,0.052599847386201035,113,10,0.08849557522123894,0.008952277290940391,365832348460718.9,27.459566231549168,0.060101859541404255,2109.877807976324,5157466.555130386,13.08011702113577,0.010362551731960764
3.75,schechter,-2,53046979244397.52,0.053046979244397524,196,10,0.05102040816326531,0.008896730779058393,310590676352021.6,25.271376119157164,0.05977774019048319,2107.871430627314,5130711.467432381,12.92978188127841,0.005869019817840875
3.76,schechter,-2,53496724970956.94,0.053496724970956935,85,10,0.11764705882352941,0.008841587862720934,287756081251099.25,25.4553792755969,0.059455584068258405,2105.861061368338,5104148.885215932,12.781319575778726,0.013294960003619138
3.77,schechter,-2,53949092890849.26,0.05394909289084926,126,10,0.07936507936507936,0.008786844878494793,693334013155864.9,41.850360881126036,0.05913538304585055,2103.846793193218,5077777.047071797,12.634706225223775,0.008811047911618556
3.78,schechter,-2,54404091333050.28,0.05440409133305028,55,10,0.18181818181818182,0.008732498190800464,310820051585616.6,24.22772253654663,0.05881712887753789,2101.828717904475,5051594.211037625,12.48991822846847,0.019830579696972116
3.79,schechter,-2,54861728630529.26,0.05486172863052926,116,10,0.08620689655172414,0.008678544191859205,405515747748188.8,30.110930254673537,0.05850081320630583,2099.806926126565,5025598.654353037,12.346932260797548,0.009237361832691691
3.8,schechter,-2,55322013120236.49,0.05532201312023649,134,10,0.07462686567164178,0.008624979301635749,281964621217245.56,19.177480977929076,0.058186427569244414,2097.7815073212437,4999788.673212268,12.205725272037311,0.007856278196475684
3.81,schechter,-2,55784953143091.78,0.05578495314309178,164,10,0.06097560975609756,0.008571799967781568,492326223698700.6,18.300202290356417,0.05787396340279591,2095.752549800577,4974162.582516595,12.066274484599512,0.006306688490142296
3.82,schechter,-2,56250557043971.8,0.0562505570439718,77,10,0.12987012987012986,0.008519002665571707,486503918173183.5,29.758904337623733,0.0575634120478575,2093.720140749931,4948718.7156405095,11.928557391566136,0.013197326261711296
3.83,schechter,-2,56718833171698.4,0.0567188331716984,141,10,0.07092198581560284,0.00846658389784205,502690707380435.3,19.288388457416325,0.057254764754740534,2091.6843662242723,4923455.424194368,11.792551754564325,0.007081037503522223
3.84,schechter,-2,57189789879026.59,0.05718978987902659,112,10,0.08928571428571429,0.00841454019492105,665640085871455.6,29.30950261318527,0.056948012687991136,2089.6453111833835,4898371.077789676,11.658235601827228,0.008758811792270964
3.8499999999999996,schechter,-2,57663435522632.664,0.057663435522632665,126,10,0.07936507936507936,0.008362868114561661,421758487254630.8,30.286949455288664,0.056643146931074334,2087.6030594856948,4873464.063811505,11.52558722599462,0.0076497591995134595
3.86,schechter,-2,58139778463102.32,0.05813977846310232,219,10,0.045662100456621,0.008311564241869074,268774090386192.94,21.95788547747096,0.056340158490925135,2085.5576939177818,4848732.787193777,11.394585182083555,0.004324512637001684
3.8699999999999997,schechter,-2,58618827064919.03,0.058618827064919034,81,10,0.12345679012345678,0.008260625189226767,784302471147857.8,25.344805298993528,0.05603903830236975,2083.509296197055,4824175.670194775,11.265208285273209,0.011488600410273326
3.88,schechter,-2,59100589696452.195,0.059100589696452197,108,10,0.09259259259259259,0.00821004759621935,458890866338061.5,18.62191465414589,0.05573977723241955,2081.4579469931837,4799791.152178878,11.13743560877507,0.00846656263406218
3.8899999999999997,schechter,-2,59585074729945.49,0.059585074729945495,85,10,0.11764705882352941,0.008159828129553848,557869006577989.5,30.32661001136946,0.05544236608444147,2079.403725931458,4775577.689400512,11.011246481579077,0.010570573974334092
3.9,schechter,-2,60072290541505.44,0.06007229054150544,160,10,0.0625,0.008109963482978544,414890641246340.06,41.34718791896454,0.0551467956022065,2077.3467116127545,4751533.754790982,10.886620486268114,0.005518130912292533
3.9099999999999997,schechter,-2,60562245511089.54,0.06056224551108954,62,10,0.16129032258064516,0.00806045037719949,401500759440174.2,24.780970329972256,0.0548530564738208,2075.2869816294606,4727657.837746424,10.763537456785869,0.013993380573153308
3.92,schechter,-2,61054948022495.2,0.061054948022495205,157,10,0.06369426751592357,0.008011285559794912,516706965394130.5,31.047106639491812,0.054561139335540465,2073.2246125641295,4703948.4439248545,10.641977476111766,0.005430313406499165
3.9299999999999997,schechter,-2,61550406463347.93,0.06155040646334793,97,10,0.10309278350515463,0.007962465805127383,458926885298761.9,28.851763997778676,0.054271034775474035,2071.1596800188636,4680404.095037893,10.521920874062443,0.008637158264327652
3.94,schechter,-2,62048629225090.33,0.06204862922509033,82,10,0.12195121951219512,0.007913989486096229,289363988008506.25,24.986118451192816,0.05398273333717482,2069.0922586158777,4657023.328652699,10.403348224946358,0.010040486399076017
3.9499999999999997,schechter,-2,62549624702970.44,0.06254962470297044,83,10,0.12048192771084337,0.007865856703108132,299918684095868.3,25.474329763814133,0.053696225523125696,2067.022422013981,4633804.697992794,10.286240345280676,0.009748203924061121
3.96,schechter,-2,63053401296030.62,0.06305340129603061,107,10,0.09345794392523364,0.00781805992302842,688965364373309.2,29.076257997399164,0.05341150179811911,2064.9502429173317,4610746.771740449,10.170578291456328,0.00743123276022968
3.9699999999999998,schechter,-2,63559967407096.305,0.06355996740709631,216,10,0.046296296296296294,0.007770596017176334,400553952820917.1,31.114167094801253,0.05312855259253501,2062.8757930932625,4587848.13384705,10.056343357451766,0.0036177676685542766
3.98,schechter,-2,64069331442764.98,0.06406933144276497,115,10,0.08695652173913043,0.00772346188327977,477171051380807.4,25.538770077179027,0.05284736830551836,2060.799143379688,4565107.3833417045,9.943517072477903,0.0066781195734804105
3.9899999999999998,schechter,-2,64581501813394.73,0.06458150181339473,99,10,0.10101010101010101,0.007676654445376019,518893316717089.3,47.15386849475367,0.05256793930805998,2058.72036369284,4542523.13414405,9.832081198624426,0.007623988872799816
4.0,schechter,-2,65096486933093.69,0.06509648693309368,165,10,0.06060606060606061,0.007630170653710411,406069253562375.1,38.78332104669285,0.05229025594598198,2056.639523047794,4520094.014880405,9.72201772856543,0.004495797234384987
4.01,schechter,-2,65614295219708.59,0.06561429521970859,237,10,0.04219409282700422,0.0075840074846327266,554862974662413.1,50.85727187023942,0.052014308542830644,2054.556689564412,4497818.66870036,9.613308883187214,0.0030762618785729156
4.02,schechter,-2,66134935094814.09,0.06613493509481409,172,10,0.05813953488372093,0.007538161940493726,675276375919693.2,38.17495379477657,0.051740087402679,2052.4719304721657,4475695.7530969195,9.505937109213715,0.004166121704965219
4.03,schechter,-2,66658414983701.766,0.06665841498370177,142,10,0.07042253521126761,0.007492637355251297,466392104761898.4,33.525055980901605,0.05146758281284127,2050.385312137278,4453723.939732424,9.399885076943198,0.00495985422975872
4.04,schechter,-2,67184743315369.15,0.06718474331536915,112,10,0.08928571428571429,0.007447428720209981,656938346600123.9,32.59061687789219,0.05119678504650158,2048.296900056105,4431901.9142613495,9.295135677816715,0.006180791107608988
4.05,schechter,-2,67713928522509.38,0.06771392852250939,147,10,0.06802721088435375,0.0074025292497273965,361363268580975.5,17.288681944930243,0.05092768436525858,2046.2067588771183,4410228.376158676,9.191672022129183,0.004628681700524643
4.06,schechter,-2,68245979041499.82,0.06824597904149982,131,10,0.07633587786259542,0.007357936040602975,383320871161787.2,21.00965523760505,0.05066027102158882,2044.1149524052803,4388702.038552683,9.089477436666924,0.005105327757366344
4.07,schechter,-2,68780903312391.945,0.06878090331239195,88,10,0.11363636363636363,0.007313646215179159,751067437204661.2,30.006158763938252,0.05039453526123035,2042.0215436185288,4367321.6280537555,8.988535462391631,0.007470337314150478
4.08,schechter,-2,69318709778900.164,0.06931870977890016,161,10,0.062111801242236024,0.0072696569212281625,1077373497304539.6,32.30549660674426,0.05013046732548883,2039.926594670471,4346085.884590511,8.888829852078748,0.0040135865500486815
4.09,schechter,-2,69859406888391.96,0.06985940688839196,172,10,0.05813953488372093,0.0072259733980298835,452239650274833.9,19.825440358403313,0.049868057453468215,2037.830166905074,4324993.5612532655,8.790344568026473,0.003692953256283476
4.1,schechter,-2,70403003091876.42,0.07040300309187643,172,10,0.05813953488372093,0.007182589747107615,424475560106442.9,27.459947167184556,0.04960729588422757,2035.7323208655253,4304043.424121051,8.693063779707805,0.0036301576032024326
4.109999999999999,schechter,-2,70949506843994.7,0.0709495068439947,152,10,0.06578947368421052,0.007139498550772672,372814702050679.5,32.59833641593791,0.04934817285886632,2033.633116308252,4283234.252119073,8.596971861510672,0.0040380307990979525
4.12,schechter,-2,71498926603008.77,0.07149892660300877,82,10,0.12195121951219512,0.00709669704937721,525358903431438.4,30.682617420828535,0.04909067862253967,2031.5326122040435,4262564.836847282,8.50205339036897,0.007358109415741337
4.13,schechter,-2,72051270830791.36,0.07205127083079135,140,10,0.07142857142857142,0.007054182508200335,455053070051852.9,26.784362133467226,0.04883480342640599,2029.4308667520688,4242033.982438276,8.408293143514097,0.004236688172628425
4.14,schechter,-2,72606547992815.89,0.07260654799281589,160,10,0.0625,0.007011963000486343,336605097684766.9,22.47532674367619,0.04858053752950762,2027.3279373945702,4221640.505400525,8.315676096204738,0.003644325819413521
4.1499999999999995,schechter,-2,73164766558145.64,0.07316476655814565,86,10,0.11627906976744186,0.006970029222616803,406323998797299.5,26.987513353891615,0.04832787120058748,2025.2238808168624,4201383.234468503,8.224187419416742,0.006665444958792111
4.16,schechter,-2,73725934999423.92,0.07372593499942393,96,10,0.10416666666666667,0.006928374638657808,478003871087820.9,24.55635764203791,0.04807679471984265,2023.1187529619133,4181261.010457904,8.133812477611738,0.005870218758904542
4.17,schechter,-2,74290061792863.55,0.07429006179286354,186,10,0.053763440860215055,0.006886996604804851,411625497984563.44,32.52430555067982,0.04782729838061681,2021.0126090398765,4161272.6861168793,8.044536826484986,0.0029786396672704138
4.18,schechter,-2,74857155418236.97,0.07485715541823697,92,10,0.10869565217391304,0.006845900148822137,770124722369115.2,45.22217133622703,0.0475793724910331,2018.9055035353813,4141417.125983926,7.956346210726522,0.005920473011749255
4.1899999999999995,schechter,-2,75427224358866.02,0.07542722435886602,131,10,0.07633587786259542,0.0068050837935000885,412302986214389.44,25.3138484979497,0.04733300737556878,2016.7974902145986,4121693.2062488887,7.8692265617974595,0.004087843217028116
4.2,schechter,-2,76000277101611.88,0.07600027710161188,119,10,0.08403361344537816,0.006764536462491089,841963070205212.4,23.049909794104,0.04708819337657378,2014.688622138924,4102099.814607074,7.7831639957294545,0.004424327448963003
4.21,schechter,-2,76576322136864.9,0.07657632213686491,111,10,0.09009009009009009,0.0067242556015433275,656584862205651.6,35.51806984441916,0.04684492085573398,2012.578951669688,4082635.850129579,7.698144810930634,0.004663449852828109
4.22,schechter,-2,77155367958535.0,0.077155367958535,77,10,0.12987012987012986,0.006684249916402707,291018232213963.7,18.324908262787236,0.046603180195481396,2010.4685304797072,4063300.22312007,7.614155486003856,0.0066097296325712315
4.2299999999999995,schechter,-2,77737423064041.45,0.07773742306404145,84,10,0.11904761904761904,0.006644512189824758,263440542173199.06,17.440119104429886,0.0463629618003518,2008.3574095558647,4044091.8549862206,7.531182677570322,0.0059572660839182215
4.24,schechter,-2,78322495954303.02,0.07832249595430302,110,10,0.09090909090909091,0.006605033644979996,306640021902158.56,24.857724421180087,0.046124256098292224,2006.2456392159331,4025009.6781047075,7.4492132181475466,0.0044729367213176595
4.25,schechter,-2,78910595133728.22,0.07891059513372822,226,10,0.04424778761061947,0.006565814134127157,324250488567361.1,16.48928373049386,0.04588705354191895,2004.1332691109296,4006052.635690871,7.368234113993763,0.0021406396322662894
4.26,schechter,-2,79501729110205.4,0.07950172911020541,173,10,0.057803468208092484,0.006526865366493051,419839682668355.9,22.027990026614397,0.04565134460972769,2002.0203482342001,3987219.681670151,7.2882325429945976,0.0027496712466947406
4.27,schechter,-2,80095906395093.33,0.08009590639509333,186,10,0.053763440860215055,0.006488168663027594,519920962047183.5,26.6894410406861,0.04541711980725716,1999.9069249302802,3968509.7805564064,7.209195852574798,0.0025147569148550697
4.28,schechter,-2,80693135503211.16,0.08069313550321115,186,10,0.053763440860215055,0.006449721621014759,508408490497032.7,28.2964954287629,0.0451843696682072,1997.7930469039784,3949921.907314913,7.131111557596446,0.0024727787309084966
4.29,schechter,-2,81293424952828.73,0.08129342495282874,161,10,0.062111801242236024,0.006411538747413292,725436349265177.2,38.281435356748815,0.04495308475551311,1995.6787612234061,3931455.0472522303,7.053967338298837,0.0028091170753099877
4.3,schechter,-2,81896783265657.14,0.08189678326565714,111,10,0.09009009009009009,0.006373603858753629,219740082528888.44,16.79489025580896,0.04472325566237682,1993.5641143363503,3913108.1958865277,6.977751038264808,0.004006614499360965
4.31,schechter,-2,82503218966839.31,0.0825032189668393,79,10,0.12658227848101267,0.006335911745770306,492922164506011.8,29.988299732789073,0.044494873013256726,1991.4491520689282,3894880.358826569,6.902450662354621,0.005535863066609199
4.32,schechter,-2,83112740584940.17,0.08311274058494017,201,10,0.04975124378109453,0.006298476256826002,350927952406142.7,19.812046576193666,0.044267927464816684,1989.3339196351217,3876770.551660913,6.828054374712087,0.0021396188238527857
4.33,schechter,-2,83725356651937.3,0.0837253566519373,112,10,0.08928571428571429,0.006261283601033729,591302230750965.0,32.63301482045124,0.04404240970683595,1987.2184616532616,3858777.7998315697,6.754550496781556,0.0037760853801654093
4.34,schechter,-2,84341075703211.4,0.08434107570321141,178,10,0.056179775280898875,0.006224327001762231,448860079226429.4,22.447829431360233,0.04381831046308065,1985.10282213773,3840901.138524533,6.681927505285163,0.002336545044660909
4.35,schechter,-2,84959906277537.11,0.0849599062775371,109,10,0.09174311926605505,0.0061876229815466255,540737170513662.8,28.583723071651384,0.043595620492138186,1982.9870445212791,3823139.612554538,6.610174030310597,0.0037524096093552784
4.36,schechter,-2,85581856917073.52,0.08558185691707351,132,10,0.07575757575757576,0.0061511534175433535,553810170420361.4,28.239625308677336,0.04337433058821551,1980.8711716499827,3805492.276251821,6.539278853325042,0.0030472808687044936
4.37,schechter,-2,86206936167354.64,0.08620693616735464,124,10,0.08064516129032258,0.006114915607472793,519575648443109.5,32.2545267167285,0.0431544315819022,1978.755245800397,3787958.1933524255,6.469230905286255,0.0031902258896032475
4.38,schechter,-2,86835152577280.69,0.0868351525772807,115,10,0.08695652173913043,0.006078925163428339,435601017254976.75,26.748270568453798,0.042935914340899516,1976.6393086797843,3770536.4368874063,6.400019264711178,0.003383064187363384
4.39,schechter,-2,87466514699108.33,0.08746651469910832,184,10,0.05434782608695652,0.006043159986976132,315957738465324.4,24.470643281235414,0.04271876977071631,1974.5234014366567,3753226.089076467,6.33163315580286,0.002079514790182568
4.3999999999999995,schechter,-2,88101031088441.69,0.08810103108844168,122,10,0.08196721311475409,0.006007628229309447,411598917271542.1,22.583857353448902,0.0425029888153329,1972.4075646639142,3736026.2412209357,6.264061946568476,0.003084602900028513
4.41,schechter,-2,88738710304223.14,0.08873871030422315,193,10,0.05181347150259067,0.0059723301910835636,601270724360800.6,34.202748074633334,0.04228856245783335,1970.2918384115203,3718935.9935974055,6.197295146985687,0.0019177353839066461
4.42,schechter,-2,89379560908724.39,0.08937956090872438,226,10,0.04424778761061947,0.00593725113053889,523421383123273.1,29.09467218782862,0.042075481721007855,1968.1762621854912,3701954.455356704,6.131322407150932,0.0016107611014847475
4.43,schechter,-2,90023591467537.2,0.0900235914675372,90,10,0.1111111111111111,0.005902410226595323,559149606235066.6,36.25147593920882,0.041863737667925324,1966.0608749586631,3685080.744418201,6.066133515474317,0.003978312055292027
4.4399999999999995,schechter,-2,90670810549564.5,0.0906708105495645,163,10,0.06134969325153374,0.00586778659090792,560402243791566.3,25.075581147938873,0.041653321402477496,1963.9457151839267,3668313.9873721073,6.00171839691139,0.00216054004489583
4.45,schechter,-2,91321226727011.2,0.0913212267270112,117,10,0.08547008547008547,0.005833386516587824,463007725344246.4,36.04058272382447,0.041444224069895445,1961.830820784469,3651653.319377335,5.938067111133623,0.0029606017624513245
4.46,schechter,-2,91974848575375.58,0.09197484857537558,97,10,0.10309278350515463,0.005799210828335788,424500712582899.3,24.616871159170685,0.041236436857238865,1959.7162291734012,3635097.884063798,5.875169850814023,0.003512510166716767
4.47,schechter,-2,92631684673440.0,0.09263168467344,95,10,0.10526315789473684,0.005765245648423067,679669254057145.8,29.877519166277676,0.04102995099385941,1957.6019772586922,3618646.833436934,5.8130169398872855,0.0035277337491468152
4.4799999999999995,schechter,-2,93291743603262.4,0.09329174360326241,126,10,0.07936507936507936,0.005731510532701267,656156492606029.2,24.33616068333617,0.04082475775183858,1955.4881014408147,3602299.327779113,5.751598831800646,0.002616297562249024
4.49,schechter,-2,93955033950167.17,0.09395503395016717,150,10,0.06666666666666667,0.005697980386244139,660674022125321.5,16.638860464437585,0.04062084844640118,1953.3746376300162,3586054.5355572705,5.690906107850388,0.002161778092165899
4.5,schechter,-2,94621564302736.56,0.09462156430273656,221,10,0.04524886877828054,0.0056646725574585055,710238329110279.4,39.968535562133674,0.04041821443630461,1951.2616212431788,3569911.633328093,5.630929475470523,0.0014433199851892346
4.51,schechter,-2,95291343252801.69,0.09529134325280168,144,10,0.06944444444444445,0.005631571864245344,683443903873529.9,27.281973634542066,0.04021684712420523,1949.1490872159318,3553869.805647869,5.571659766590994,0.002178972387408446
4.52,schechter,-2,95964379395434.19,0.09596437939543419,150,10,0.06666666666666667,0.005598683919284975,406322944705472.06,19.484208842408414,0.04001673795700224,1947.0370700046706,3537928.2449801154,5.51308793597965,0.0020577357848515507
4.53,schechter,-2,96640681328937.34,0.09664068132893734,174,10,0.05747126436781609,0.005566005569329735,422874168609687.4,28.736789070575924,0.03981787842615967,1944.9256035933984,3522086.15160432,5.45520505961711,0.0017450403300956656
4.54,schechter,-2,97320257654837.31,0.09732025765483732,117,10,0.08547008547008547,0.00553353179767635,780826425947077.8,30.924681028242162,0.03962026006800758,1942.814721503258,3506342.7335315645,5.3980023331065405,0.0025529929533483903
4.55,schechter,-2,98003116977874.69,0.09800311697787469,158,10,0.06329113924050633,0.005501268781683222,617955311420596.4,16.910968958058582,0.0394238744640223,1940.7044567895055,3490697.2064130404,5.341471070053952,0.001859801775060246
4.56,schechter,-2,98689267905996.11,0.09868926790599611,179,10,0.055865921787709494,0.005469203534497091,477821509003700.3,24.23099206680954,0.03922871324108732,1938.5948420565371,3475148.7934561176,5.285602700527679,0.0016149741324957179
4.57,schechter,-2,99378719050345.17,0.09937871905034518,194,10,0.05154639175257732,0.005437348943333253,520014882897101.5,24.589555288911633,0.03903476807173469,1936.4859094581152,3459696.7253384124,5.230388769489961,0.0014659509715983688
4.58,schechter,-2,100071479025254.7,0.1000714790252547,153,10,0.06535947712418301,0.005405686633477957,568862147017672.5,18.788691216123617,0.03884203067436807,1934.3776907029746,3444340.2401227453,5.175820935261878,0.0018286840553608178
4.59,schechter,-2,100767556448237.69,0.10076755644823769,84,10,0.11904761904761904,0.005374233657626348,620227796871718.4,32.5401856683034,0.0386504928134673,1932.2702170615526,3429078.583176759,5.1218909680148075,0.003276933194166378
4.6,schechter,-2,101466959939979.08,0.10146695993997908,221,10,0.04524886877828054,0.005342968759670996,753714295217701.0,24.99214902391064,0.038460146299776024,1930.163519372269,3413911.0070874332,5.068590748269423,0.001225399186586469
4.61,schechter,-2,102169698124327.64,0.10216969812432763,140,10,0.07142857142857142,0.0053119106886617695,612707217310855.8,32.970503767980176,0.03827098299047199,1928.0576280439943,3398836.7715838132,5.015912265413379,0.0019031484268599286
4.62,schechter,-2,102875779628287.11,0.1028757796282871,124,10,0.08064516129032258,0.005281037738860128,711474692069312.0,31.570612774495675,0.038082994789321374,1925.9525730628905,3383855.1434541843,4.9638476162388026,0.0021140537573635485
4.63,schechter,-2,103585213082008.25,0.10358521308200826,195,10,0.05128205128205128,0.005250367960680236,668377434014050.5,39.451460018993835,0.03789617364681675,1923.8483839970093,3368965.396468138,4.912389003497359,0.001322658965864638
4.64,schechter,-2,104298007118780.7,0.1042980071187807,147,10,0.06802721088435375,0.005219881556927319,536579605251046.0,28.66692636396211,0.03771051156030021,1921.7450900019,3354166.8113015178,4.861528734478374,0.0017262996040527808
4.6499999999999995,schechter,-2,105014170375024.4,0.1050141703750244,89,10,0.11235955056179775,0.005189593557411443,632763870396453.8,23.265540392769406,0.03752600057407135,1919.6427198270032,3339458.6754533774,4.811259219593304,0.002805447174049193
4.66,schechter,-2,105733711490281.55,0.10573371149028155,134,10,0.07462686567164178,0.005159488359179454,861821234816196.5,48.241077676392635,0.03734263277948092,1917.541301814976,3324840.2831766997,4.761572970978526,0.001833379127996062
4.67,schechter,-2,106456639107208.23,0.10645663910720823,219,10,0.045662100456621,0.005129575721382618,734095828979045.0,33.5364587280323,0.037160400315010805,1915.4408639145906,3310310.935399574,4.712462601134364,0.0011037869290731696
4.68,schechter,-2,107182961871566.97,0.10718296187156696,118,10,0.0847457627118644,0.00509984644963668,909716207115759.8,16.47108629690453,0.036979295366340204,1913.3414336807357,3295869.9396521407,4.6639208215557035,0.0020157016985760546
4.6899999999999995,schechter,-2,107912688432217.67,0.10791268843221767,163,10,0.06134969325153374,0.005070302853188657,616253669583076.8,22.01035698940762,0.03679931016639911,1911.243038274414,3281516.609994206,4.615940441379947,0.0014358414717839053
4.7,schechter,-2,108645827441110.33,0.10864582744111033,150,10,0.06666666666666667,0.005040944290280902,1066935026128151.4,58.023955687939974,0.036620436995409095,1909.14570448338,3267250.26694219,4.568514366099611,0.0015353084272570737
4.71,schechter,-2,109382387553276.58,0.10938238755327657,189,10,0.05291005291005291,0.005011763510723299,626648287197616.2,26.05303175869252,0.03644266818091213,1907.0494587049807,3253070.2373980703,4.521635596201543,0.001199014195229126
4.72,schechter,-2,110122377426821.94,0.11012237742682193,168,10,0.05952380952380952,0.0049827705002685185,553078072294208.1,22.815876676780878,0.03626599609778732,1904.9543269704916,3238975.8545814385,4.4752972259261385,0.001327343987933232
4.7299999999999995,schechter,-2,110865805722917.52,0.11086580572291752,79,10,0.12658227848101267,0.004953946905403073,718289359132512.9,32.108285235900375,0.03609041316825672,1902.8603349363705,3224966.457955114,4.429492441953317,0.0027776544778887265
4.74,schechter,-2,111612681105792.83,0.11161268110579282,93,10,0.10752688172043011,0.004925313855110081,389646119877449.9,19.312195407305712,0.03591591186187994,1900.767507897378,3211041.393161196,4.384214522170276,0.002321895970948396
4.75,schechter,-2,112363012242726.77,0.11236301224272677,155,10,0.06451612903225806,0.004896848537296328,504348837049452.1,23.26543081692504,0.035742484695538375,1898.6758707817557,3197200.011952672,4.339456834405913,0.0013709459904658803
4.76,schechter,-2,113116807804040.72,0.11311680780404072,192,10,0.052083333333333336,0.0048685632858160854,781796130137032.9,33.794101854484815,0.035570124233408995,1896.5854481669278,3183441.672123255,4.295212835225413,0.001089141433038774
4.77,schechter,-2,113874076463090.66,0.11387407646309065,111,10,0.09009009009009009,0.004840451233374066,796533744894913.6,22.908040927416323,0.03539882308692853,1894.4962642741168,3169765.737445429,4.251476068702084,0.001853969601838678
4.78,schechter,-2,114634826896258.6,0.11463482689625859,134,10,0.07462686567164178,0.004812507878009464,480459876797510.5,24.164505485384915,0.03522857391474806,1892.408342976532,3156171.577604061,4.20824016522909,0.0015113573841582719
4.79,schechter,-2,115399067782945.53,0.11539906778294554,143,10,0.06993006993006994,0.004784744140051922,838992118396852.0,35.26832274633432,0.0350593694226785,1890.3217078066584,3142658.568130008,4.165498840343295,0.0013937654662045914
4.8,schechter,-2,116166807805563.52,0.11616680780556352,110,10,0.09090909090909091,0.004757142464633213,573372819233604.2,25.110717957183436,0.034891202363627125,1888.2363819509867,3129226.0903392765,4.123245893543099,0.0017831698302089446
4.81,schechter,-2,116938055649528.17,0.11693805564952817,163,10,0.06134969325153374,0.004729716557238417,853177700358826.2,25.347865520235317,0.034724065537525745,1886.152388267059,3115873.5312690753,4.081475207165771,0.0011843080285454015
4.82,schechter,-2,117712820003250.56,0.11771282000325056,154,10,0.06493506493506493,0.004702456201758909,747584493110630.0,22.720630360198037,0.03455795179125056,1884.069749277302,3102600.2836156418,4.040180745229919,0.0012336865585476208
4.83,schechter,-2,118491109558129.9,0.1184911095581299,75,10,0.13333333333333333,0.004675357937373947,600707751039956.8,23.339930474570714,0.03439285401853435,1881.9884871746337,3089405.7456736234,3.999356552320245,0.002493123120170528
4.84,schechter,-2,119272933008545.88,0.11927293300854587,170,10,0.058823529411764705,0.004648434094567833,621027929188929.6,29.297624502805377,0.034228765159870625,1879.9086238308755,3076289.321274794,3.9589967524909158,0.0010825373814448295
4.85,schechter,-2,120058299051850.94,0.12005829905185093,176,10,0.056818181818181816,0.004621667266633711,997037875047455.6,34.63815341923371,0.034065678202410896,1877.8301807989947,3063250.419728769,3.91909554817191,0.0010291338414656827
4.86,schechter,-2,120847216388363.33,0.12084721638836333,144,10,0.06944444444444445,0.004595065807163068,579158200007868.4,21.770427419920132,0.03390358617985464,1875.7531793133294,3050288.455764161,3.8796472190854843,0.0012380023805746523
4.87,schechter,-2,121639693721358.8,0.1216396937213588,186,10,0.053763440860215055,0.004568628693898846,618894838017653.6,27.953926236527725,0.033742482172332715,1873.6776402959806,3037402.8494712934,3.8406461211911096,0.0009433594662572586
4.88,schechter,-2,122435739757063.55,0.12243573975706355,158,10,0.06329113924050633,0.00454234569360179,491620304533396.9,19.04437563705255,0.03358235930628393,1871.603584363879,3024593.026241584,3.8020866856405338,0.001093062790077214
4.89,schechter,-2,123235363204646.81,0.12323536320464681,207,10,0.04830917874396135,0.004516229090683388,855206091227004.9,44.98096154278558,0.03342321075432565,1869.5310318248582,3011858.4167142524,3.76396341773284,0.0008212039170740638
4.8999999999999995,schechter,-2,124038572776213.44,0.12403857277621344,160,10,0.0625,0.004490269120330348,790143565593267.8,21.705320699615022,0.03326502973511832,1867.4600026871892,2999198.4567176998,3.726270895903445,0.0010457474461163087
4.91,schechter,-2,124845377186796.34,0.12484537718679635,76,10,0.13157894736842105,0.004464460402686998,884900689000523.0,22.321674204211547,0.033107809513224104,1865.3905166648503,2986612.5872155535,3.6890037707227816,0.002167027797336169
4.92,schechter,-2,125655785154349.1,0.12565578515434908,125,10,0.08,0.004438816957267333,559206871058901.0,19.080331075241432,0.032951543398960184,1863.3225931746122,2974100.254251155,3.652156763889573,0.00129690042993213
4.93,schechter,-2,126469805399739.25,0.12646980539973926,157,10,0.06369426751592357,0.004413324697815302,561644692416117.6,26.744490058431165,0.032796224748246505,1861.2562513419814,2961660.908893382,3.615724667256249,0.0010163928009236955
4.9399999999999995,schechter,-2,127287446646740.1,0.1272874466467401,206,10,0.04854368932038835,0.0043879808725610925,667150624629113.2,30.600622365710734,0.03264184696244863,1859.191510008715,2949294.0071838005,3.5797023418712577,0.0007625080293977295
4.95,schechter,-2,128108717622024.2,0.1281087176220242,114,10,0.08771929824561403,0.00436279913272708,528575424081728.6,25.760059421069172,0.03248840348821557,1857.1283877321478,2936999.0100829303,3.5440847170165712,0.001356327169272912
4.96,schechter,-2,128933627055155.58,0.12893362705515557,149,10,0.06711409395973154,0.004337765306513086,821940775202339.5,29.73839822818717,0.03233588781731316,1855.0669027882195,2924775.38341962,3.5088667892686134,0.0010215195049439836
4.97,schechter,-2,129762183678582.9,0.12976218367858292,121,10,0.08264462809917356,0.004312877137792492,719643251926353.1,28.193249568616903,0.032184293486452624,1853.0070731782057,2912622.597837311,3.4740436215744337,0.0012382746538167114
4.9799999999999995,schechter,-2,130594396227632.38,0.1305943962276324,89,10,0.11235955056179775,0.004288145896511608,588791463660639.8,32.5381261786064,0.03203361407711513,1850.9489166283795,2900540.12874541,3.439610342332509,0.0016572529185474197
4.99,schechter,-2,131430273440500.14,0.13143027344050015,144,10,0.06944444444444445,0.004263561379843628,671254358918877.2,37.5767356935042,0.03188384321537219,1848.8924505974155,2888527.4562673313,3.4055621444959554,0.0010083210580507224
