z,luminosity_function,alpha_intrinsic,L_min_Jy_kpc2,L_min_over_L_star,n_generated,n_detected,detection_rate_10_per_n,N_ratio_detectable_L,mean_detected_L,mean_SNR,SFR_psi,comoving_volume_Mpc3,time_Gyr,nfrb_sfr_base,n_total_population_scaled
0.01,schechter,0,10000000000.0,1e-05,12,10,0.8333333333333334,1.0,1222622428101.0508,465235.1193640934,0.015366633837018974,0.374816980163354,137678720.05218962,0.01585969443705425,0.013216412030878543
0.02,schechter,0,10000000000.0,1e-05,17,10,0.5882352941176471,1.0,376308238441.7131,13257.405337756058,0.015778461234561884,1.4008601778880498,135706863.92550436,0.05999171080844814,0.03528924165202832
0.03,schechter,0,10000000000.0,1e-05,26,10,0.38461538461538464,1.0,3321005890420.5996,90560.7286874744,0.016197006898133106,3.08842095280883,133769703.76805276,0.1338317073018679,0.051473733577641505
0.04,schechter,0,10000000000.0,1e-05,25,10,0.4,1.0,382995398626.86926,1402.258048692276,0.0166223021408091,5.4187009497700735,131866423.28089881,0.23754756227700424,0.0950190249108017
0.05,schechter,0,10000000000.0,1e-05,26,10,0.38461538461538464,1.0,2964533866981.821,1364.529287025133,0.01705437728000787,8.372964451526403,129996236.70924087,0.3712580586075394,0.14279156100289978
0.060000000000000005,schechter,0,10000000000.0,1e-05,33,10,0.30303030303030304,1.0,1041961642873.8297,685.169907677653,0.017493261604641853,11.93255561631381,128158387.20751494,0.5350338842911665,0.16213148008823228
0.06999999999999999,schechter,0,10000000000.0,1e-05,38,10,0.2631578947368421,1.0,848043271688.7107,6045.740776657195,0.017938983341287663,16.078915143417866,126352145.30294725,0.728898716611287,0.19181545173981238
0.08,schechter,0,10000000000.0,1e-05,27,10,0.37037037037037035,1.0,714226240710.8105,493.5051637849845,0.018391569619367408,20.79359634338037,124576807.45144194,0.9528303828902009,0.3529001418111855
0.09,schechter,0,10000000000.0,1e-05,42,10,0.23809523809523808,1.0,701347709641.7625,394.99277458069935,0.018851046435337065,26.05828059216668,122831694.67989907,1.2067620908675627,0.28732430734941966
0.09999999999999999,schechter,0,10000000000.0,1e-05,22,10,0.45454545454545453,1.0,11685919896505.77,11895.756169201542,0.019317438615878545,31.854792151882396,121116151.30983643,1.4905837217983375,0.6775380553628807
0.11,schechter,0,10000000000.0,1e-05,52,10,0.19230769230769232,1.0,1463337875662.5063,499.0432706728881,0.019790769780093035,38.16511234297862,119429543.75708403,1.8041431794139626,0.34695061142576206
0.12,schechter,0,10000000000.0,1e-05,32,10,0.3125,1.0,1870077161285.8054,151.598570697203,0.020271062300694323,44.97139305639631,117771259.40308331,2.1472477880330483,0.6710149337603276
0.13,schechter,0,10000000000.0,1e-05,30,10,0.3333333333333333,1.0,5061730160233.862,253.22422266126054,0.02075833726420218,52.255969595790866,116140705.53330435,2.519665733192494,0.8398885777308314
0.14,schechter,0,10000000000.0,1e-05,34,10,0.29411764705882354,1.0,359733561494.5418,47.97336980569852,0.021252614430137,60.00137284364099,114537308.33873443,2.9211275383801096,0.8591551583470911
0.15000000000000002,schechter,0,10000000000.0,1e-05,63,10,0.15873015873015872,1.0,662827579582.4484,275.23817955334675,0.021753912189218152,68.19034074667096,112960511.97664525,3.3513275715921895,0.5319567573955856
0.16,schechter,0,10000000000.0,1e-05,24,10,0.4166666666666667,1.0,18393102158330.492,15118.812510701053,0.02226224752057046,76.80582911902579,111409777.68701176,3.8099255756711354,1.5874689898629732
0.17,schechter,0,10000000000.0,1e-05,59,10,0.1694915254237288,1.0,319155383321.3558,151.35564762932412,0.02277763594794393,85.83102176368108,109884582.96125181,4.296548216590767,0.7282285112865706
0.18000000000000002,schechter,0,10000000000.0,1e-05,31,10,0.3225806451612903,1.0,3984182875789.9336,679.4103019196061,0.023300091494954225,95.24933991430949,108384420.7601139,4.810790644073056,1.5518679497009857
0.19,schechter,0,10000000000.0,1e-05,80,10,0.125,1.0,5981798164142.092,1210.9140008721495,0.023829626639352574,105.04445100277559,106908798.77780546,5.352218059219639,0.6690272574024548
0.2,schechter,0,10000000000.0,1e-05,38,10,0.2631578947368421,1.0,20732860018209.926,916.2840587612152,0.024366252266335785,115.2002767589101,105457238.74949963,5.920367284079279,1.5579913905471785
0.21000000000000002,schechter,0,10000000000.0,1e-05,50,10,0.2,1.0,7583544780438.008,349.7772819134617,0.02490997762090884,125.70100065011009,104029275.79969656,6.5147483283058625,1.3029496656611725
0.22,schechter,0,10000000000.0,1e-05,55,10,0.18181818181818182,1.0,1297627088154.182,708.9643114651765,0.025460810259314456,136.53107467179504,102624457.82893437,7.134845948428367,1.2972447178960669
0.23,schechter,0,10000000000.0,1e-05,41,10,0.24390243902439024,1.0,1678230087627.5325,970.6645916967457,0.026018755999546127,147.67522549950345,101242344.93655138,7.780121195451037,1.8975905354758626
0.24000000000000002,schechter,0,10000000000.0,1e-05,52,10,0.19230769230769232,1.0,9795455815306.322,77.02839646141244,0.02658381887096318,159.11846001610672,99882508.87732875,8.450012946855141,1.625002489779835
0.25,schechter,0,10000000000.0,1e-05,35,10,0.2857142857142857,1.0,13407858384451.2,985.110043414853,0.027156001063028613,170.8460702277283,98544532.5499974,9.143939419304644,2.612554119801327
0.26,schechter,0,10761511162.867085,1.0761511162867084e-05,41,10,0.24390243902439024,0.9637680082286647,3177582865275.716,181.5062834412507,0.02773530287319293,182.84363758450044,97228009.51565525,9.861299658715462,2.3180500318600514
0.27,schechter,0,11637839649.834986,1.1637839649834986e-05,51,10,0.19607843137254902,0.9265561680515902,3102015060827.691,534.134779417547,0.0283217226539493,195.09703672104098,95932543.54423486,10.60147500450908,1.9260513835044408
0.28,schechter,0,12550052083.309423,1.2550052083309423e-05,52,10,0.19230769230769232,0.8920393878980468,3504562240222.8125,73.26971402363907,0.028915256759088154,207.5924386360775,94657748.18751705,11.36383052537446,1.9494200819292642
0.29000000000000004,schechter,0,13498237598.089441,1.349823759808944e-05,79,10,0.12658227848101267,0.8599377338862777,1884496830571.2559,78.19832862368985,0.029515899489181725,220.3163133272011,93403246.37677355,12.147716423862017,1.322313890307471
0.3,schechter,0,14482475204.009829,1.4482475204009829e-05,46,10,0.21739130434782608,0.8300080529131729,8298483525425.029,111.43170165023768,0.03012364303633178,233.25543189967505,92168670.04385954,12.952469407590675,2.3370986768286466
0.31,schechter,0,15502834062.622593,1.5502834062622592e-05,36,10,0.2777777777777778,0.8020413096780084,1457032474336.3093,506.98515772778785,0.030738477428216556,246.39686817062866,90953659.76403436,13.777414025148426,3.0694597746406123
0.32,schechter,0,16559373761.895885,1.6559373761895886e-05,69,10,0.14492753623188406,0.7758513498547127,2273281439951.947,81.3645058228577,0.03136039047147566,259.72799978402486,89757864.41943079,14.621863964734846,1.6441149122364511
0.33,schechter,0,17652144588.65459,1.765214458865459e-05,41,10,0.24390243902439024,0.7512763910681477,7204728496610.711,279.2071341591692,0.031989367694474906,273.2365088614957,88580940.88171776,15.485123314301722,2.8374652582472764
0.34,schechter,0,18781187798.519966,1.8781187798519965e-05,66,10,0.15151515151515152,0.7281730791522871,36301984029018.86,16863.452123926258,0.032625392289495694,286.9103822051021,87422553.71285346,16.36648778170473,1.8057023943806392
0.35000000000000003,schechter,0,19946535883.11165,1.994653588311165e-05,42,10,0.23809523809523808,0.7064155968416792,1984028960664.252,165.78882785197544,0.03326844505439697,300.737911074326,86282374.8828454,17.26524587394055,2.903914040156679
0.36000000000000004,schechter,0,21148212834.28836,2.1148212834288362e-05,50,10,0.2,0.6858903344766277,1126228602303.914,93.41551639253066,0.03391850433380093,314.70769055796274,85160083.50335014,18.18068003463856,2.493990541994158
0.37,schechter,0,22386234405.234135,2.2386234405234134e-05,55,10,0.18181818181818182,0.6664979861511022,5516327971437.236,121.882241229393,0.03457554595985672,328.80861855956124,84055365.5762477,19.112067739106475,2.3160281198723482
0.38,schechter,0,23660608368.19618,2.366060836819618e-05,65,10,0.15384615384615385,0.6481475073217713,1818755989369.554,146.4070350871181,0.035239543192639965,343.0298944198161,82967913.75619605,20.058682546668912,2.000151552735719
0.39,schechter,0,24971334768.707157,2.4971334768707156e-05,36,10,0.2777777777777778,0.6307585467610766,3418310368017.811,67.82239515999592,0.03591046666024937,357.3610171925691,81897427.12626469,21.01979510984313,3.6828931713056217
0.4,schechter,0,26318406176.13445,2.631840617613445e-05,65,10,0.15384615384615385,0.6142589819832271,5854043742364.744,659.8909256270015,0.03658828429866464,371.79178359802984,80843610.98588744,21.99467414050141,2.0785270994764935
0.41000000000000003,schechter,0,27701807930.412365,2.7701807930412366e-05,74,10,0.13513513513513514,0.5985832561647876,1526603079935.5332,62.000357335675446,0.03727296129143468,386.3122856687248,79806176.65031886,22.9825873328505,1.8590529676742236
0.42000000000000004,schechter,0,29121518384.832653,2.9121518384832653e-05,75,10,0.13333333333333333,0.5836717747830162,34347449421881.863,74.02511132199635,0.037964460009266905,400.912908112885,78784841.26087493,23.982802243773502,1.8664112999857847
0.43,schechter,0,30577509144.7754,3.05775091447754e-05,98,10,0.10204081632653061,0.5694712334167593,26605424735056.92,881.9014015512406,0.038662739949594106,415.5843254097724,77779327.60525452,24.994587130630848,1.4524182002064294
0.44,schechter,0,32069745302.27777,3.2069745302277773e-05,65,10,0.15384615384615385,0.5559325023332369,108013653063942.9,91.64280891232531,0.03936775767619714,430.3174986579691,76789363.94735558,26.017211747170983,2.225202096975146
0.45,schechter,0,33598185666.354374,3.3598185666354374e-05,59,10,0.1694915254237288,0.5430113299165258,5395153251786.291,464.07041240891215,0.04007946675896711,445.1036721937359,75814683.86589663,27.049948098068977,2.4895641171026157
0.46,schechter,0,35162782988.990555,3.516278298899055e-05,46,10,0.21739130434782608,0.5306666563579222,4248129101437.991,75.2467204603973,0.04079781771389325,459.9343699989705,74855026.10136408,28.092071152940754,3.240766406282589
0.47000000000000003,schechter,0,36763484186.73739,3.676348418673739e-05,52,10,0.19230769230769232,0.518862189598713,12545724641358.441,175.00163655702698,0.04152275794336715,474.8013919139445,73910134.4107027,29.14285952050089,2.907909211918229
0.48000000000000004,schechter,0,38400230557.861694,3.8400230557861694e-05,69,10,0.14492753623188406,0.5075634398548502,28206595529125.363,1718.8165161427908,0.04225423167689769,489.69680967240384,72979757.42922702,30.201596083794566,2.221626956144571
0.49,schechter,0,40072957994.99852,4.007295799499852e-05,54,10,0.18518518518518517,0.49673920141142924,1070635132172.7363,76.17345168554945,0.042992179912334685,504.6129627763241,72063648.53939462,31.267568597579622,2.8762642694886638
0.5,schechter,0,41781597193.27411,4.1781597193274106e-05,72,10,0.1388888888888889,0.48636065870178546,1318445354783.9746,98.34251201923962,0.04373654035770323,519.5424542233355,71161565.7458431,32.34007024866526,2.1845747039726184
0.51,schechter,0,43526073853.870964,4.3526073853870966e-05,62,10,0.16129032258064516,0.47640121217400133,7172858827569.33,1191.6851049238273,0.04448724737375437,534.4781461060248,70273271.55644336,33.418400180614846,2.5678332830581896
0.52,schechter,0,45306308883.02799,4.530630888302799e-05,64,10,0.15625,0.46683680414206574,39298824498474.87,64.92109606048281,0.04524423191734168,549.413155092261,69398532.8688438,34.50186398355759,2.5166781123481665
0.53,schechter,0,47122218586.4462,4.71222185864462e-05,81,10,0.12345679012345678,0.45764437844856976,5551921059606.646,318.58334477172673,0.04600742148573693,564.3408478054006,68537120.86228469,35.5897741506524,2.010797539543246
0.54,schechter,0,48973714859.12505,4.8973714859125054e-05,60,10,0.16666666666666666,0.4488035217013706,66521181171622.46,3227.5076962106805,0.046776740062001616,579.2548361150208,67688810.89416112,36.68145050215638,2.7437940277470485
0.55,schechter,0,50860705370.61042,5.086070537061042e-05,52,10,0.19230769230769232,0.4402947214400905,8335591237786.092,302.80224606790625,0.04755210806153499,594.1489723515698,66853382.401291125,37.77622057850631,3.198590483975549
0.56,schechter,0,52783093745.69221,5.2783093745692205e-05,91,10,0.10989010989010989,0.43209945765003965,3539954186277.079,107.47632959207662,0.04833344227992233,609.0173444564535,66030618.80524841,38.87342000344543,1.8458443626913157
0.5700000000000001,schechter,0,54740779740.55014,5.4740779740550144e-05,48,10,0.20833333333333334,0.42420179085912757,4940559421582.123,257.1787193061655,0.049120655842211244,623.8542710811117,65220307.42184981,39.97239281877798,3.532575128885448
0.5800000000000001,schechter,0,56733659414.38683,5.673365941438683e-05,63,10,0.15873015873015872,0.4165856344376222,12610561143922.834,84.3124198928118,0.04991365815374634,638.6542966418234,64422239.37422575,41.072491791579175,2.715906357290324
0.59,schechter,0,58761625296.575645,5.876162529657564e-05,51,10,0.19607843137254902,0.40923681442284743,89942531634880.4,162.22872291191203,0.050712354852696435,653.4121863487735,63636209.50946025,42.1730786957765,3.384073799973261
0.6,schechter,0,60824566549.36042,6.0824566549360424e-05,95,10,0.10526315789473684,0.40214152463314656,15649811985415.473,228.65828663138313,0.051516647764411366,668.1229212056567,62862016.318445235,43.273524568423355,1.83179801538902
0.61,schechter,0,62922369126.145,6.292236912614499e-05,53,10,0.18867924528301888,0.39528723869532223,571241829124.8088,36.62499517493579,0.05232643485774771,682.781693007939,62099461.8588071,44.373209943171894,3.309464835940422
0.62,schechter,0,65054915925.42936,6.505491592542936e-05,57,10,0.17543859649122806,0.3886620320470914,3916669030826.2954,42.53673621469202,0.05314161020350689,697.3838993264629,61348351.680681646,45.471525060750416,3.1005360228757013
0.63,schechter,0,67222086940.425835,6.722208694042583e-05,58,10,0.1724137931034483,0.38225492119733984,17612393836862.35,226.78900485852586,0.05396206393512963,711.9251385055529,60608494.75515795,46.56787005902425,3.0691030171966
0.64,schechter,0,69423759404.42352,6.942375940442352e-05,77,10,0.12987012987012986,0.3760553453375274,63215750978194.71,341.25019564174255,0.054787682211795266,726.4012046683956,59879703.405252725,47.66165514290544,2.3277169070290182
0.65,schechter,0,71659807931.95212,7.165980793195212e-05,48,10,0.20833333333333334,0.37005404877816983,5496708253557.648,81.25530922161052,0.055618347184074164,740.8080827434452,59161793.23922499,48.75230073569464,3.7585388071864063
0.66,schechter,0,73930104655.8058,7.39301046558058e-05,74,10,0.13513513513513514,0.3642412874046842,133477317319043.8,15937.968405338597,0.056453936962285574,755.1419435200678,58454583.086089864,49.83923761311646,2.4531767664147974
0.67,schechter,0,76234519359.98283,7.623451935998284e-05,63,10,0.15873015873015872,0.3586088075994992,18052045009937.883,241.05609218591962,0.05729432558771266,769.3991387305189,57757894.933217816,50.921907020592215,2.898578469420181
0.68,schechter,0,78572919608.62442,7.857291960862442e-05,72,10,0.1388888888888889,0.35314863700078125,15039486424045.615,72.70618563563902,0.05813938300682973,783.5761961798194,57071553.86587637,51.99976077587518,2.5505062003287513
0.6900000000000001,schechter,0,80945170870.99773,8.094517087099772e-05,62,10,0.16129032258064516,0.3478530826257036,7066840052313.901,133.1421985566924,0.05898897504869533,797.6698149093119,56395388.00860588,53.07226135682944,2.97763705078873
0.7000000000000001,schechter,0,83351136642.60919,8.33511366426092e-05,57,10,0.17543859649122806,0.3427147282960391,1699774286429.9697,78.09603696682574,0.059842963405668255,811.6768604176015,55729228.46830064,54.13888197660543,3.2551214433094136
0.7100000000000001,schechter,0,85790678562.50784,8.579067856250785e-05,74,10,0.13513513513513514,0.33772699900564684,137032934767985.7,167.01612903583006,0.06070120561760056,825.5943599288338,55072909.27894104,55.19910664628419,2.5192200858705696
0.72,schechter,0,88263656526.8588,8.826365652685879e-05,63,10,0.15873015873015872,0.33288327626158887,7094538024345.8955,72.03276886790522,0.061563555059664696,839.4194977233657,54426267.3478233,56.25243022661744,2.9723005192877534
0.73,schechter,0,90769928798.85599,9.076992879885599e-05,82,10,0.12195121951219512,0.32817801899329324,6119019382841.822,281.4852080591801,0.062429860933968816,853.1496105234368,53789142.40325106,57.298358469085294,2.2931782651160972
0.74,schechter,0,93309352115.0444,9.330935211504441e-05,73,10,0.136986301369863,0.32360511211084964,5549456237298.369,65.19722354747947,0.06329996826511489,866.7821829495115,53161376.94359302,58.336408047956404,2.5860218995209867
0.75,schechter,0,95881781788.1408,9.588178178814079e-05,92,10,0.10869565217391304,0.31915923179895134,16893895181235.527,244.92115157806444,0.06417371789985252,880.3148430405046,52542816.187593825,59.366106583489184,2.0594827143566388
0.76,schechter,0,98487071806.40634,9.848707180640634e-05,63,10,0.15873015873015872,0.3148355092170386,7395989938164.026,377.39182874301684,0.06505094651097904,893.7453578446781,51933308.025967404,60.38699265744721,3.0177729497449146
0.77,schechter,0,101125074929.67009,0.00010112507492967009,122,10,0.08196721311475409,0.3106286652912096,21131388752740.586,531.4525549166203,0.06593148660563516,907.0716290852714,51332702.97407133,61.39861582164716,1.563292629787377
0.78,schechter,0,103795642782.06306,0.00010379564278206307,42,10,0.23809523809523808,0.3065344314674564,64952293094547.266,276.5289886661704,0.06681516653814157,920.2916888979823,50740854.125752576,62.400536600081864,4.55426500237388
0.79,schechter,0,106498625941.54509,0.00010649862594154509,52,10,0.19230769230769232,0.30254812531541275,18662036716806.387,473.8933855036006,0.0677018105275198,933.403695645959,50157617.108157024,63.3923264853734,3.6883133726023676
0.8,schechter,0,109233874026.30138,0.00010923387402630138,60,10,0.16666666666666666,0.2986660316136118,29410407165157.875,1430.7859029296962,0.06859123867983588,946.4059298157155,49582850.03763585,64.37356793053262,3.2043663457702403
0.81,schechter,0,112001235778.0821,0.0001120012357780821,68,10,0.14705882352941177,0.2948839796848368,10380209646742.674,56.11388102012565,0.06948326701550157,959.2967899885377,49016413.47646635,65.3438543358688,2.8336552668393047
0.8200000000000001,schechter,0,114800559142.56194,0.00011480055914256193,52,10,0.19230769230769232,0.2911981765675401,18036031311309.02,128.44625530751733,0.0703777075016633,972.0747888943754,48458170.39061373,66.3027900323364,3.7129329920686223
0.8300000000000001,schechter,0,117631691346.79346,0.00011763169134679345,63,10,0.15873015873015872,0.28760515280062837,56164980714644.64,1517.01084948822,0.0712743680898028,984.7385495480005,47907986.10823188,67.2499902614212,3.0700704325360024
0.8400000000000001,schechter,0,120494478973.82976,0.00012049447897382976,56,10,0.17857142857142858,0.28410166361602485,2514475558168.7544,74.58071181689446,0.07217305275866856,997.2868014664191,47365728.279101126,68.18508115222986,3.4591955337753864
0.85,schechter,0,123388768034.59161,0.00012338876803459162,52,10,0.19230769230769232,0.2806841278277824,32356432671644.695,366.8332699250187,0.0730735615626498,1009.7183769678106,46831266.83476413,69.10769969592465,3.7302758491028682
0.86,schechter,0,126314404037.04753,0.00012631440403704754,43,10,0.23255813953488372,0.2773497524282854,17253749897730.479,90.07374392775375,0.07397569068569808,1022.032207556913,46304473.94949488,70.01749371844139,4.516124313595058
0.87,schechter,0,129271232052.78381,0.0001292712320527838,65,10,0.15384615384615385,0.2740953571946422,48117742822299.51,449.8967404565886,0.07487923250089422,1034.2273203885902,45785224.0019454,70.91412185109456,2.9903433167569453
0.88,schechter,0,132259096781.03496,0.00013225909678103495,107,10,0.09345794392523364,0.27091854995439435,8700439857784.3545,125.91339587572277,0.07578397563574907,1046.3028348205046,45273393.53755888,71.79725350030745,1.8178698886926503
0.89,schechter,0,135277842610.24278,0.00013527784261024278,76,10,0.13157894736842105,0.26781630318470995,14655950666888.238,363.0059450095536,0.07668970504331966,1058.2579590416108,44768861.231587745,72.66656881564674,2.5606962928057677
0.9,schechter,0,138327313677.21494,0.00013832731367721495,100,10,0.1,0.26478614777604126,17626629996345.984,85.58187619292123,0.07759620207921059,1070.091986790828,44271507.85283817,73.5217586576347,1.9467543252674906
0.91,schechter,0,141407353923.9544,0.0001414073539239544,88,10,0.11363636363636363,0.26182567710538396,3882493194377.6704,140.82987836834178,0.07850324458452297,1081.8042941510491,43781216.22801512,74.36252456440569,2.212502084697871
0.92,schechter,0,144517807152.2203,0.00014451780715222032,99,10,0.10101010101010101,0.25893254682814104,15531373995266.441,312.2725341473712,0.07941060697480082,1093.3943364298693,43297871.206686266,75.1885787182632,1.9665424424149551
0.93,schechter,0,147658517075.89417,0.00014765851707589417,65,10,0.15384615384615385,0.25610447457308416,39315149379854.35,709.8435206157438,0.08031806033501555,1104.861645119703,42821359.6268634,75.99964391185962,2.9944382879674314
0.9400000000000001,schechter,0,150829327371.21124,0.00015082932737121125,56,10,0.17857142857142858,0.253339424764514,1324747723015.6873,20.420891676427793,0.08122537252061583,1116.2058249362033,42351570.28113079,76.79545351400125,3.474163574601259
0.9500000000000001,schechter,0,154030081724.9203,0.00015403008172492028,76,10,0.13157894736842105,0.25063545390329023,84418461959757.23,537.8694153382279,0.08213230826466011,1127.4265509391755,41888393.88338472,77.57575143565312,2.558320220126807
0.9600000000000001,schechter,0,157260623880.44363,0.00015726062388044364,46,10,0.21739130434782608,0.24799019819158508,145649185468870.3,46.89745112379048,0.0830386292910345,1138.5235657307978,41431723.03608367,78.34029209576003,4.223396644176999
0.97,schechter,0,160520797682.08295,0.00016052079768208295,64,10,0.15625,0.2454023902108835,21177577145992.914,1057.6214960981106,0.08394409443374791,1149.4966767317394,40981452.198053606,79.0888403871284,3.032592260938807
0.98,schechter,0,163810447117.34735,0.00016381044711734734,79,10,0.12658227848101267,0.24286969775732514,11693545699106.436,132.24767042803222,0.08484845976228053,1160.345753532104,40537477.652815565,79.82117164220185,2.4539422571363465
0.99,schechter,0,167129416357.45132,0.00016712941635745133,43,10,0.23255813953488372,0.24039051043107507,15873663910835.072,67.36118892423046,0.08575147871295036,1171.0707253226208,40099697.47744613,80.53707159920914,4.50240645357161
1.0,schechter,0,170477549796.04626,0.00017047754979604627,35,10,0.2857142857142857,0.23796349312761067,104806246870074.9,817.7614579607718,0.08665290222624604,1181.6715783914642,39668011.51188104,81.23633636756254,5.523223534547067
1.01,schechter,0,173854692086.2376,0.0001738546920862376,82,10,0.12195121951219512,0.23558676532332357,48616135046997.85,64.7629667196943,0.08755247889006164,1192.1483537066342,39242321.32879002,81.91877239417263,2.3535339765366716
1.02,schechter,0,177260688175.94812,0.00017726068817594813,47,10,0.2127659574468085,0.2332588373673572,17422134193194.344,246.6686234340531,0.08844995508875261,1202.5011445570935,38822530.203856505,82.58419642852816,4.098615668901262
1.03,schechter,0,180695383341.67328,0.00018069538334167327,88,10,0.11363636363636363,0.23097825335460087,35845578944901.23,162.19818257074712,0.08934507515791797,1212.7300942741283,38408543.086599246,83.23243548829981,2.184645746765567
1.04,schechter,0,184158623220.69327,0.00018415862322069328,83,10,0.12048192771084337,0.22874359102005326,9101789903713.602,210.47312722292867,0.09023758154479809,1222.835394018249,38000266.571585506,83.86332682413597,2.311228738872436
1.05,schechter,0,187650253841.77615,0.00018765025384177617,67,10,0.14925373134328357,0.22655357848399227,178024404592459.7,535.8959924809448,0.09112721497416236,1232.8172806340115,37597608.87017283,84.47671788407662,2.8564929455552575
1.06,schechter,0,191170121654.43887,0.00019117012165443888,63,10,0.15873015873015872,0.22440698808468174,8584049617263.334,18.481209693290364,0.09201371461954395,1242.6760345717325,37200479.78263619,85.07246627716792,3.0302945914595094
1.07,schechter,0,194718073556.80466,0.00019471807355680466,72,10,0.1388888888888889,0.22230233726467874,6066659479772.778,34.4415484241723,0.09289681827966537,1252.4119778757845,36808790.67077036,85.65043973639531,2.6444851307150268
1.08,schechter,0,198293956922.10608,0.00019829395692210608,35,10,0.2857142857142857,0.22023849359929004,17130016420654.037,85.02114114182993,0.09377626255988103,1262.0254722355558,36422454.43092041,86.21051608049977,5.424821198281897
1.09,schechter,0,201897619623.88287,0.00020189761962388286,68,10,0.14705882352941177,0.21821448922036624,31275003510714.023,165.18206802798977,0.09465178305844799,1271.5169170995246,36041385.46742419,86.75258317459308,2.7839221508810543
1.1,schechter,0,205528910059.91602,0.000205528910059916,78,10,0.1282051282051282,0.21622891229856922,6208299935202.261,49.76368406050368,0.09552311455742028,1280.8867478493926,35665499.66649557,87.27653888934451,2.419450137593172
1.11,schechter,0,209187677174.9459,0.0002091876771749459,116,10,0.08620689655172414,0.21428093141587923,21185976340743.67,71.56647373171138,0.09638999121794681,1290.1354340374914,35294714.37049736,87.782291058744,1.6215578525765062
1.12,schechter,0,212873770482.2094,0.0002128737704822094,55,10,0.18181818181818182,0.21236943507864647,108512950989403.84,1636.4829363688918,0.09725214677973788,1299.2634776763093,34928948.352648705,88.26975743568832,3.408327003844779
1.1300000000000001,schechter,0,216587040083.8478,0.0002165870400838478,85,10,0.11764705882352941,0.21049330405221778,41904681095220.16,609.7244362484283,0.09810931476444977,1308.2714115929082,34568121.792101,88.73886564599314,2.1975220032554046
1.1400000000000001,schechter,0,220327336690.21964,0.00022032733669021963,80,10,0.125,0.2086516366645742,30979480179815.855,77.399332104678,0.09896122868272254,1317.1597978321327,34212156.24944995,89.18955313979126,2.3261932794999325
1.1500000000000001,schechter,0,224094511638.15613,0.00022409451163815612,60,10,0.16666666666666666,0.2068437115680648,98914898679924.5,722.03834305848,0.09980762224459194,1325.9292261183457,33860974.64260373,89.62176714066713,3.089616492110736
1.1600000000000001,schechter,0,227888416908.1978,0.0002278884169081978,59,10,0.1694915254237288,0.2050684227385703,23871509972607.656,422.19093165764735,0.10064822957298275,1334.5803123686012,33514501.22304822,90.03546459203078,3.129395036342736
1.17,schechter,0,231708905140.86,0.00023170890514085998,79,10,0.12658227848101267,0.20332492193330687,125197730244716.42,211.60436139006362,0.10148278541997709,1343.113697256605,33172661.552509196,90.43061210057581,2.3274426766747762
1.18,schechter,0,235555829651.94144,0.00023555582965194144,70,10,0.14285714285714285,0.20161237793287146,48826099046540.914,51.53907757243303,0.1023110253855389,1351.5300448283638,32835382.47995832,90.80718587662548,2.615407525425532
1.19,schechter,0,239429044446.9333,0.0002394290444469333,90,10,0.1111111111111111,0.19992997626471531,23862510028970.117,500.55767535740245,0.10313268613836393,1359.8300411667715,32502592.119014297,91.16517167120308,2.025183400932481
1.2,schechter,0,243328404234.54456,0.00024332840423454456,78,10,0.1282051282051282,0.19827700128709302,7926361077480.736,88.3300907426117,0.1039475056385125,1368.0143931020257,32174219.82570734,91.50456470942478,2.326057781367372
1.21,schechter,0,247253764439.39047,0.0002472537644393905,84,10,0.11904761904761904,0.19665274923003018,232230902806498.06,290.045201358986,0.1047552233614732,1376.083826970389,31850196.176586464,91.8253696202198,2.1497275458190375
1.22,schechter,0,251204981213.86462,0.0002512049812138646,70,10,0.14285714285714285,0.1950563536550679,15948395645876.363,174.58474241746794,0.10555558052329424,1384.0390874154823,31530452.947203357,92.12760036198112,2.5671533996570504
1.23,schechter,0,255181911449.23224,0.0002551819114492322,75,10,0.13333333333333333,0.1934870637124576,11891069695111.143,45.97233355101183,0.10634832030641155,1391.8809362380955,31214923.090939093,92.4112801443596,2.3840516332055297
1.24,schechter,0,259184412785.9698,0.00025918441278596977,99,10,0.10101010101010101,0.19194440295682658,25160690938811.07,59.0126589836381,0.10713318808579403,1399.6101512818948,30903540.718176357,92.67644134527887,1.7968408285033242
1.25,schechter,0,263212343623.38535,0.00026321234362338536,97,10,0.10309278350515463,0.19042760549659254,16187799889991.691,290.0096675873926,0.1079099316550206,1407.2275253654866,30596241.075822484,92.92312542380868,1.8242400278057143
1.26,schechter,0,267265563128.5431,0.0002672655631285431,43,10,0.23255813953488372,0.18893593873769343,34886560204425.586,284.32520320621677,0.10867830145189603,1414.7338652534663,30292960.52715669,93.15138282825642,4.092940455667646
1.27,schechter,0,271343931244.51694,0.00027134393124451695,70,10,0.14285714285714285,0.1874690228212038,28336718449775.086,334.7892254065068,0.10943805078320944,1422.1299906658712,29993636.532022804,93.3612728994457,2.50033522854326
1.28,schechter,0,275447308698.0104,0.00027544730869801036,60,10,0.16666666666666666,0.18602601539471975,29263759090525.96,493.95333277611206,0.11018893604823399,1429.416733324186,29698207.62734887,93.55286376895918,2.90054441261742
1.29,schechter,0,279575557006.3496,0.00027957555700634963,64,10,0.15625,0.18460646989797047,47153561209285.445,372.74893672782156,0.11093071696056572,1436.5949360362276,29406613.407992665,93.72623225246257,2.7035107614006906
1.3,schechter,0,283728538483.8965,0.0002837285384838965,65,10,0.15384615384615385,0.18320986945427853,5724856981100.419,27.48463060121451,0.11166315676789583,1443.665451816101,29118794.50790167,93.88146373779992,2.646155494704447
1.31,schechter,0,287906116247.8821,0.0002879061162478821,71,10,0.14084507042253522,0.18183549762205942,42826918270684.92,172.98216524468685,0.11238602246931209,1450.6291430388526,28834692.581594545,94.01865206785129,2.407877237255353
1.32,schechter,0,292108154223.70496,0.00029210815422370495,60,10,0.16666666666666666,0.180482918369666,89067869697540.28,1115.4100662718215,0.11309908502972522,1457.486880624748,28554250.285959702,94.13789941781822,2.831713802686319
1.33,schechter,0,296334517149.7004,0.0002963345171497004,56,10,0.17857142857142858,0.179151777483453,6390966125143.322,46.391492967550406,0.11380211959101888,1464.2395432634119,28277411.26235228,94.23931616756182,3.014846607186395
1.34,schechter,0,300585070581.4098,0.00030058507058140977,71,10,0.14084507042253522,0.17784139522731213,74384663205351.58,65.51011460438926,0.11449490567952506,1470.8880166612587,28004120.11900111,94.3230207679933,2.3626109317513615
1.35,schechter,0,304859680895.3692,0.0003048596808953692,123,10,0.08130081300813008,0.17655131477864017,12825112531945.793,125.83192764978294,0.11517722740943068,1477.433192825696,27734322.413720313,94.38913960242579,1.3548395689132426
1.36,schechter,0,309158215292.4369,0.0003091582152924369,62,10,0.16129032258064516,0.1752810867945246,376544757899280.1,641.0618120942905,0.11584887368172872,1483.875969374077,27467964.636896268,94.43780684208159,2.669864744801847
1.37,schechter,0,313480541800.6812,0.00031348054180068124,38,10,0.2631578947368421,0.17403026940831023,10050404663145.861,120.92417376951855,0.11650963837833293,1490.2172488749914,27204994.194798715,94.46916429649288,4.326445819288573
1.3800000000000001,schechter,0,317826529277.8385,0.0003178265292778385,89,10,0.11235955056179775,0.17279842822017044,54689751286683.46,1218.0942583434676,0.1171593205509839,1496.4579382131758,26945359.393152125,94.48336125812273,1.8344467773440623
1.3900000000000001,schechter,0,322196047413.376,0.000322196047413376,52,10,0.19230769230769232,0.17158513628198713,85933819481276.28,601.5319672472938,0.11779772460458442,1502.5989479847385,26689009.4209975,94.48055434185333,3.1175882293739607
1.4000000000000001,schechter,0,326588966730.1594,0.0003265889667301594,59,10,0.1694915254237288,0.17038997407684275,39681877343630.266,147.14598577237012,0.11842466047461185,1508.6411919152995,26435894.334847275,94.46090731901594,2.7279985676885037
1.4100000000000001,schechter,0,331005158585.752,0.000331005158585752,113,10,0.08849557522123894,0.16921252949341026,33955936726732.01,63.91784971172865,0.1190399437982678,1514.5855863049562,26185965.04308979,94.42459094620838,1.413966715078627
1.42,schechter,0,335444495173.36176,0.00033544449517336174,64,10,0.15625,0.1680523977955175,13510247418062.027,84.59878855311986,0.1196433960790384,1520.4330494962296,25939173.29070372,94.3717827890389,2.478031934677459
1.43,schechter,0,339906849522.4431,0.0003399068495224431,70,10,0.14285714285714285,0.16690930204048382,10127862261482.33,53.393868890567866,0.12023484484435139,1526.1845013657437,25695471.644191947,94.30266704070331,2.2485703337599894
1.44,schechter,0,344392095498.98035,0.00034439209549898037,52,10,0.19230769230769232,0.16578286191081326,33688383874217.387,171.27910379348884,0.12081412379603326,1531.840862837868,25454813.47682177,94.2174343357962,3.0037761357850803
1.45,schechter,0,348900107805.4614,0.0003489001078054614,93,10,0.10752688172043011,0.16467259743004592,132282613547609.4,89.85329307313773,0.12138107295328354,1537.4030554212109,25217152.95410143,94.11628155937308,1.666491671488118
1.46,schechter,0,353430761980.5479,0.0003534307619805479,47,10,0.2127659574468085,0.16357813593469805,91663855235909.52,1031.6787965227318,0.12193553878790152,1542.8720007643494,24982445.019521292,93.999411651371,3.2715422418914053
1.47,schechter,0,357983934398.4791,0.00035798393439847914,54,10,0.18518518518518517,0.1624994532063665,13053534100046.012,238.78265426501198,0.12247737435151856,1548.2486202341715,24750645.38054905,93.86703340680214,2.824692889390571
1.48,schechter,0,362559502268.18896,0.000362559502268189,123,10,0.08130081300813008,0.16143586604668003,10802631936090.123,127.7044832448277,0.12300643939460665,1553.5338345095452,24521710.494854964,93.71936127144043,1.2300541668452578
1.49,schechter,0,367157343632.17957,0.0003671573436321796,95,10,0.10526315789473684,0.16038722408079664,126338313695725.84,145.70566155949356,0.12352260047705375,1558.7285632010771,24295597.556820426,93.55661513412903,1.5795037679745687
1.5,schechter,0,371777337365.1444,0.0003717773373651444,95,10,0.10526315789473684,0.15935321129208047,20945482736239.605,210.65555050465832,0.1240257310701164,1563.8337244801262,24072264.484238382,93.37902011462313,1.5663417602708392
1.51,schechter,0,376419363172.3597,0.00037641936317235966,94,10,0.10638297872340426,0.1583334605403589,10674745309811.273,59.20447847305466,0.12451571164958056,1568.8502347321335,23851669.90529175,93.18680634850473,1.5696371836024512
1.52,schechter,0,381083301587.858,0.000381083301587858,77,10,0.12987012987012986,0.15732775981950087,83288606219868.55,31.800877972195373,0.12499242977998155,1573.779008226512,23633773.145745885,92.98020876875724,1.8997880458620888
1.53,schechter,0,385769033972.3848,0.0003857690339723848,76,10,0.13157894736842105,0.15633578824828465,53399288050058.98,318.3485042166148,0.12545578018975678,1578.620956795117,23418534.21637197,92.75946688391144,1.9081084701035462
1.54,schechter,0,390476442511.159,0.000390476442511159,58,10,0.1724137931034483,0.1553571789510403,73459287004205.69,609.6498357106817,0.12590566483722512,1583.3769895383457,23205913.800602216,92.5248245542216,2.4783440906351397
1.55,schechter,0,395205410211.44257,0.00039520541021144254,101,10,0.09900990099009901,0.15439190770704903,6971877251843.795,104.13303329216531,0.12634199296731044,1588.0480125380202,22995873.24240182,92.27652976490829,1.4105692541574737
1.56,schechter,0,399955820899.93176,0.00039995582089993176,76,10,0.13157894736842105,0.1534394443506263,80523809609978.1,104.71046887856296,0.12676468115894596,1592.6349285851463,22788374.534365553,92.01483439732426,1.8577243502553065
1.57,schechter,0,404727559219.96936,0.00040472755921996934,70,10,0.14285714285714285,0.152499593748878,124601311597637.1,784.3532599457191,0.12717365336312167,1597.1386369276456,22583380.306024913,91.73999399862772,1.9986159736164621
1.58,schechter,0,409520510628.60516,0.0004095205106286052,124,10,0.08064516129032258,0.15157230391808696,32379242900814.383,238.67005588800376,0.1275688409315561,1601.560033024787,22380853.81236754,91.45226754954848,1.1178734589530939
1.59,schechter,0,414334561393.4927,0.00041433456139349265,83,10,0.12048192771084337,0.15065712106465634,28670617568623.832,35.32768238120072,0.12795018263599814,1605.9000083176381,22180758.922575094,91.15191723117493,1.6545404132015247
1.6,schechter,0,419169598589.65045,0.00041916959858965045,58,10,0.1724137931034483,0.14975382808813897,54770850237365.74,88.05581481296738,0.12831762467818383,1610.1594500154486,21983060.10894857,90.8392081909814,2.3454343391542922
1.61,schechter,0,424025510096.0747,0.0004240255100960747,89,10,0.11235955056179775,0.1488622107037575,79298944723399.92,150.1361260007837,0.12867112069049735,1614.3392408848417,21787722.43604854,90.51440830782612,1.5139522383421966
1.62,schechter,0,428902184592.2306,0.0004289021845922306,57,10,0.17543859649122806,0.14798208074438568,38377129418535.22,64.59339587776643,0.12901063172740435,1618.4402590635862,21594711.550035674,90.17778795745843,2.3411748594510007
1.6300000000000001,schechter,0,433799511554.4186,0.0004337995115544186,58,10,0.1724137931034483,0.14711327748245107,47732210498624.42,68.1813798126962,0.1293361262477481,1622.4633778707773,21403993.66818979,89.82961977721564,2.2784706517980347
1.6400000000000001,schechter,0,438717381252.0228,0.0004387173812520228,97,10,0.10309278350515463,0.14625549747342304,363326562207672.8,234.1241274297632,0.12964758008801838,1626.409465641946,21215535.568644308,89.47017843202929,1.3490211809909656
1.6500000000000001,schechter,0,443655684743.65424,0.00044365568474365424,59,10,0.1694915254237288,0.14540853845030588,35122847216225.887,90.99415588814988,0.12994497642672279,1630.279385565245,21029304.58028762,89.09974038055998,2.1959089872947333
1.6600000000000001,schechter,0,448614313873.18835,0.00044861431387318836,53,10,0.18867924528301888,0.1445722009531697,145996930897250.8,690.4590925751988,0.13022830574001035,1634.0739955293745,20845268.57286173,88.71858364254534,2.4200454533303133
1.6700000000000002,schechter,0,453593161265.7098,0.0004535931612657098,77,10,0.12987012987012986,0.14374628832488534,58152560632291.94,107.25636914308356,0.13049756574871402,1637.794147983268,20663395.94724198,88.32698756764228,1.6489190417879052
1.68,schechter,0,458592120323.3662,0.0004585921203233662,94,10,0.10638297872340426,0.14293060670543156,43358052209833.62,669.5810771689971,0.13075276135699798,1641.4406898043367,20483655.625891827,87.92523260590806,1.3369368979870886
1.69,schechter,0,463611085221.1347,0.00046361108522113473,63,10,0.15873015873015872,0.14212496502484473,298577732868404.56,342.7991622827843,0.13099390458281196,1645.0144621736122,20306017.043500546,87.51360008020858,1.974264658825062
1.7,schechter,0,468649950902.5169,0.0004686499509025169,124,10,0.08064516129032258,0.1413291749948683,37334302382276.164,545.1543992541248,0.13122101448037002,1648.5163004600086,20130450.13778125,87.09237196091213,0.9926365385146703
1.71,schechter,0,473708613075.15125,0.00047370861307515123,47,10,0.2127659574468085,0.1405430677104036,73537071382598.92,118.1707944975823,0.13143411705488842,1651.9470341166268,19956925.34045368,86.66183064345397,2.5914296876660594
1.72,schechter,0,478786968206.36664,0.0004787869682063666,75,10,0.13333333333333333,0.13976654488984597,87189297951834.4,295.5136592865099,0.13163324516982902,1655.3074865758272,19785413.568385925,86.22225872827525,1.606798292673253
1.73,schechter,0,483884913518.666,0.000483884913518666,96,10,0.10416666666666667,0.13899934564872418,11602712771872.705,54.284064285497685,0.1318184384469108,1658.5984751641022,19615886.214899182,85.77393880457501,1.2419293091197539
1.74,schechter,0,489002346985.15375,0.0004890023469851537,76,10,0.13157894736842105,0.13824129208346525,17793111696919.883,34.0807089814527,0.13198974315916043,1661.8208110124087,19448315.141239457,85.31715323690781,1.5518886184675178
1.75,schechter,0,494139167324.90857,0.0004941391673249086,50,10,0.2,0.13749220902378934,44170453149502.19,155.3678768342391,0.13214721211728916,1664.9752989808355,19282672.668198943,84.85218395583351,2.333302842516097
1.76,schechter,0,499295273998.308,0.000499295273998308,84,10,0.11904761904761904,0.13675192401772163,54698897150558.266,302.9155617623763,0.13229090454968861,1668.062737585363,19118931.567901675,84.37931225231968,1.373694440213908
1.77,schechter,0,504470567202.30695,0.000504470567202307,106,10,0.09433962264150944,0.13602047309895593,39655386903661.37,30.500908768680507,0.13242088597635046,1671.0839189375977,18957065.055737577,83.89881857665038,1.0765997165320245
1.78,schechter,0,509664947865.6705,0.0005096649478656705,81,10,0.12345679012345678,0.13529751268504642,110364616685952.23,72.405962393821,0.1325372280770222,1674.0396286797902,18797046.782446537,83.41098234120165,1.3932467211581372
1.79,schechter,0,514878317644.1752,0.0005148783176441751,59,10,0.1694915254237288,0.13458286571588252,94890505483842.7,122.59997513118246,0.13264000855391733,1676.9306459374525,18638850.826349083,82.9160817284389,1.8913701513467174
1.8,schechter,0,520110578915.77234,0.0005201105789157724,67,10,0.14925373134328357,0.1338765345153422,5221529006276.614,45.2447427274364,0.1327293109893057,1679.7577432683415,18482451.68572671,82.41439350330356,1.6467691636426884
1.81,schechter,0,525361634775.7207,0.0005253616347757207,54,10,0.18518518518518517,0.13317831884197362,63315457226007.61,129.0320217594906,0.13280522469831382,1682.5216866210633,18327824.271332726,81.90619283078509,2.0200239007315686
1.82,schechter,0,530631389031.6936,0.0005306313890316936,66,10,0.15151515151515152,0.13248795250614454,8687242188057.955,21.757014474274218,0.132867844577269,1685.2232352999447,18174943.89906127,81.391753098827,1.6338525331741263
1.83,schechter,0,535919746198.8602,0.0005359197461988602,78,10,0.1282051282051282,0.13180557265546844,8170257772594.356,62.90194036207379,0.13291727094792347,1687.8631419313563,18023786.282729935,80.87134574631739,1.3665761586553518
1.84,schechter,0,541226611494.943,0.000541226611494943,34,10,0.29411764705882354,0.1311307802474475,37025208868626.5,279.1125390204754,0.13295360939789763,1690.4421524339866,17874327.527015675,80.34524009663947,3.0987453008943646
1.85,schechter,0,546551890835.2672,0.0005465518908352673,54,10,0.18518518518518517,0.13046359838006116,20047202216311.91,99.66108043093917,0.13297697061768127,1692.9610060017892,17726544.12051855,79.81370319723668,1.9282931331758684
1.86,schechter,0,551895490827.7808,0.0005518954908277807,54,10,0.18518518518518517,0.12980383878709978,76664990992602.84,570.1217591380168,0.1329874702345315,1695.4204350779971,17580412.92894541,79.27699966426445,1.905640534063916
1.87,schechter,0,557257318768.0701,0.0005572573187680701,61,10,0.16393442622950818,0.12915139246736929,38552300203111.08,42.34254086433314,0.13298522864360543,1697.8211653454612,17435911.18843124,78.73539153374134,1.6670140086961003
1.8800000000000001,schechter,0,562637282634.3687,0.0005626372826343687,62,10,0.16129032258064516,0.1285061389612987,247708284636752.5,309.7501382143957,0.13297037083666333,1700.1639157141985,17293016.49898085,78.18913811832108,1.620610362628572
1.8900000000000001,schechter,0,568035291082.5471,0.0005680352910825471,102,10,0.09803921568627451,0.1278679765196814,21432422410744.164,28.447401043545096,0.13294302622867502,1702.449398311816,17151706.818034906,77.6384958700768,0.9732820947978785
1.9000000000000001,schechter,0,573451253441.1053,0.0005734512534411053,75,10,0.13333333333333333,0.1272367166537388,121249174551021.88,405.23808950924797,0.13290332848265865,1704.6783184846347,17011960.454154097,77.08371824970821,1.3077172290073014
1.9100000000000001,schechter,0,578885079706.1616,0.0005788850797061616,78,10,0.1282051282051282,0.12661239717315054,49511717212839.8,318.80680394628536,0.13285141533307546,1706.851374793237,16873756.06082675,76.5250556015149,1.2421821453226194
1.9200000000000002,schechter,0,584336680536.4385,0.0005843366805364385,54,10,0.18518518518518517,0.12599468927209423,100579903293518.23,486.19105126239003,0.13278742840810062,1708.969259015968,16737072.630372385,75.9627550346918,1.7723895771941118
1.93,schechter,0,589805967248.2479,0.000589805967248248,156,10,0.0641025641025641,0.12538372594467506,110018255528693.84,138.685423085324,0.13271151305108214,1711.0326561562852,16601889.488000676,75.39706031106306,0.6059977145561838
1.94,schechter,0,595292851810.4851,0.0005952928518104851,118,10,0.0847457627118644,0.12477923618962983,23210219976269.992,53.663728225300304,0.1326238181414942,1713.0422444499573,16468186.28592861,74.82821173866458,0.7912717886598694
1.95,schechter,0,600797246839.6183,0.0006007972468396183,89,10,0.11235955056179775,0.12418107626556829,27183702345313.105,49.965852038556186,0.13252449591568408,1714.9986953776022,16335942.997650843,74.25644607186659,1.0360949879618566
1.96,schechter,0,606319065594.6907,0.0006063190655946907,90,10,0.1111111111111111,0.12358937247181567,48193864641901.234,39.725057502809356,0.13241370178770218,1716.9026736789965,16205139.912292665,73.68199641755774,1.0118124110796145
1.97,schechter,0,611858221972.3341,0.0006118582219723341,113,10,0.08849557522123894,0.12300382759834527,68807390290577.58,349.69562792590744,0.13229159417049882,1718.7548373661975,16075757.62908553,73.10509214743809,0.7957704558464265
1.98,schechter,0,617414630501.7817,0.0006174146305017817,98,10,0.10204081632653061,0.12242434003264291,236990866879322.44,328.47207584698583,0.13215833429775978,1720.5558377496131,15947777.051919853,72.52595881679892,0.9060145554470661
1.99,schechter,0,622988206339.8994,0.0006229882063398994,43,10,0.23255813953488372,0.12185089974732477,117081249937858.92,268.47121109711384,0.1320140860466449,1722.3063194504964,15821179.384035045,71.94481808889208,2.0387304223928155
2.0,schechter,0,628578865266.2286,0.0006285788652662286,74,10,0.13513513513513514,0.12128344574152361,89564042081643.84,82.98090548407542,0.13185901576168338,1724.0069204318136,15695946.122775251,71.36188766588357,1.169596706856472
2.01,schechter,0,634186523678.0438,0.0006341865236780439,59,10,0.1694915254237288,0.12072178573192738,100310052596475.97,96.48825294214016,0.13169329208006922,1725.6582720173112,15572059.054465903,70.77738122530661,1.4481986188048144
2.02,schechter,0,639811098585.4207,0.0006398110985854206,59,10,0.1694915254237288,0.12016583888089805,31832856128281.844,55.91262579991377,0.13151708575859106,1727.2609989257571,15449500.249373306,70.19150836291041,1.4295968618211357
2.03,schechter,0,645452507606.3251,0.0006454525076063251,88,10,0.11363636363636363,0.11961552516565066,148525192090095.75,133.79095390793373,0.13133056950241706,1728.8157192910433,15328252.056764135,69.60447454069157,0.9461108836436344
2.04,schechter,0,651110668961.7184,0.0006511106689617184,102,10,0.09803921568627451,0.11907082015933346,48300160642824.13,25.41850356722349,0.13113391779594796,1730.323044700664,15208297.100052891,69.01648104131003,0.8056714707941053
2.05,schechter,0,656785501470.6804,0.0006567855014706804,55,10,0.18181818181818182,0.1185316352411151,43886368316411.36,39.02207285418987,0.13092730673593825,1731.783580224813,15089618.27204791,68.42772492770588,1.4747000239109442
2.0599999999999996,schechter,0,662476924545.5538,0.0006624769245455538,110,10,0.09090909090909091,0.11799783478075399,187226861371897.34,59.752741156145134,0.1307109138670736,1733.1979244494128,14972198.730271557,67.8383990082563,0.7277076543606448
2.07,schechter,0,668184858187.1079,0.0006681848581871079,80,10,0.125,0.11746934230163053,68578803457793.625,73.11584714232666,0.1304849180201844,1734.5666695121292,14856021.89238433,67.24869180745951,0.9874574496584148
2.0799999999999996,schechter,0,673909222979.7228,0.0006739092229797228,42,10,0.23809523809523808,0.11694608214007662,51186016943761.695,351.48284357097657,0.1302494991532604,1735.8904011390762,14741071.431683572,66.6587875418063,1.8560676293385705
2.09,schechter,0,679649940086.5994,0.0006796499400865993,100,10,0.1,0.11642797944476024,68717495078366.3,84.24173191173462,0.13000483819542183,1737.1696986839427,14627331.272682121,66.06886610081244,0.7692264584324008
2.0999999999999996,schechter,0,685406931244.9885,0.0006854069312449885,95,10,0.10526315789473684,0.11591496017580138,17325164545227.037,23.001921638595398,0.12975111689399202,1738.4051351629678,14514785.586787315,65.47910303292896,0.7989481705693848
2.11,schechter,0,691180118761.4486,0.0006911801187614486,62,10,0.16129032258064516,0.11540695110362753,55750055095600.484,360.9938484515151,0.12948851766480282,1739.597277299819,14403418.788036415,64.88966953653957,1.2078578902151567
2.1199999999999997,schechter,0,696969425507.1224,0.0006969694255071225,67,10,0.14925373134328357,0.11490387980758199,34831677269735.27,28.945997511028956,0.1292172234458553,1740.7466855629013,14293215.5289337,64.3007324554475,1.1027468109851084
2.13,schechter,0,702774774913.0455,0.0007027747749130455,68,10,0.14705882352941177,0.11440567467428908,29840056579259.895,35.070492271406025,0.12893741755444604,1741.853914210234,14184160.69634576,63.712454279093066,1.0719215171991823
2.1399999999999997,schechter,0,708596090965.4761,0.0007085960909654761,46,10,0.21739130434782608,0.11391226489578976,72422415096691.6,100.74213272579547,0.12864928354785926,1742.9195113290964,14076239.407488255,63.124993147029656,1.5631980306324684
2.15,schechter,0,714433298201.2506,0.0007144332982012506,48,10,0.20833333333333334,0.11342358046745404,98266435703241.83,243.0195767530125,0.12835300508771263,1743.9440188834983,13969437.005973084,62.538502857857154,1.4777793565025554
2.1599999999999997,schechter,0,720286321703.1765,0.0007202863217031765,111,10,0.09009009009009009,0.1129395521856793,65395475347192.29,104.00083053497762,0.12804876580803742,1744.92797275603,13863739.057946578,61.95313288210848,0.630356674252722
2.17,schechter,0,726155087095.4329,0.0007261550870954329,98,10,0.10204081632653061,0.11246011164538328,115931167546450.8,671.8380618910203,0.12773674918715994,1745.8719027949867,13759131.34827611,61.3690283791475,0.7042416105191451
2.1799999999999997,schechter,0,732039520539.0253,0.0007320395205390253,68,10,0.14705882352941177,0.11198519123729866,70466691341444.3,81.94261005543848,0.1274171384234439,1746.7763328567387,13655599.876833957,60.78633021778593,1.0010542373606388
2.19,schechter,0,737939548727.2455,0.0007379395487272455,87,10,0.11494252873563218,0.11151472414507924,92021672551109.34,432.2850696429497,0.12709011631494216,1747.641780858604,13553130.854817575,60.20517500073429,0.7716969519900121
2.1999999999999997,schechter,0,743855098881.1716,0.0007438550988811717,60,10,0.16666666666666666,0.11104864434222272,18053705387895.13,73.98655770605605,0.12675586514299808,1748.4687588188422,13451710.70117912,59.62569509223749,1.103558767992616
2.21,schechter,0,749786098745.2031,0.0007497860987452031,69,10,0.14492753623188406,0.11058688658881999,62952086372323.25,80.27977673091743,0.12641456655982633,1749.2577729087482,13351326.039074074,59.04801864921637,0.9463676147326694
2.2199999999999998,schechter,0,755732476582.6086,0.0007557324765826086,58,10,0.1724137931034483,0.11012939061701876,75542558944370.12,221.3134940257612,0.1260664014800965,1750.0093234993035,13251963.692418212,58.47226965554537,1.1102612801998637
2.23,schechter,0,761694161171.1232,0.0007616941611711231,85,10,0.11764705882352941,0.10967618776628696,18250425199246.203,83.13506104060745,0.1257115499765309,1750.7239052092943,13153610.682476113,57.898567959214695,0.7470699071639949
2.2399999999999998,schechter,0,767671081798.5603,0.0007676710817985603,112,10,0.08928571428571429,0.10922712486581188,231897313586737.1,891.3603760801492,0.12535019117952442,1751.4020069539931,13056254.22453316,57.32702931242459,0.559077374008416
2.25,schechter,0,773663168258.4653,0.0007736631682584654,73,10,0.136986301369863,0.10878213956222027,43646689462547.73,117.38206229448772,0.12498250318078254,1752.0441119960435,12959881.724614153,56.75776541434973,0.8457850902114453
2.26,schechter,0,779670350845.7913,0.0007796703508457912,57,10,0.17543859649122806,0.10834117027315526,32713113052158.71,103.39817135249027,0.12460866294096873,1752.650697990814,12864480.776277887,56.19088395630232,1.0680326537734839
2.27,schechter,0,785692560352.6157,0.0007856925603526157,67,10,0.14925373134328357,0.10790415618310811,30656258584820.0,69.23704958886351,0.12422884620134438,1753.2222370419524,12770039.157449897,55.626488669492815,0.8958700479568428
2.28,schechter,0,791729728063.8779,0.000791729728063878,105,10,0.09523809523809523,0.10747114655104639,14532088945031.209,61.81107040426038,0.12384322739937846,1753.7591957452673,12676544.827336488,55.06467937472213,0.5636061168444899
2.29,schechter,0,797781785753.1561,0.0007977817857531561,67,10,0.14925373134328357,0.10704202048849198,8488577862004.731,21.709015643761727,0.12345197958829715,1754.2620352425988,12583985.923375618,54.50555203436823,0.8708036444178223
2.3,schechter,0,803848665678.4716,0.0008038486656784716,96,10,0.10416666666666667,0.10661667939341501,307785176500469.06,45.10779441100353,0.12305527436053831,1754.731211268769,12492350.758259717,53.94919880613707,0.5991546284005754
2.31,schechter,0,809930300578.1261,0.0008099303005781261,62,10,0.16129032258064516,0.10619506526667566,114885301323696.47,61.07476868602898,0.12265328177506969,1755.167174208348,12401627.816991834,53.39570809879745,0.9145743075019609
2.32,schechter,0,816026623666.5746,0.0008160266236665746,52,10,0.19230769230769232,0.10577726846109547,205521552146215.2,156.7217570675009,0.12224617028852493,1755.5703691362942,12311805.754026573,52.84516462918459,1.0749648395869318
2.3299999999999996,schechter,0,822137568630.3228,0.0008221375686303228,80,10,0.125,0.1053631271042812,48087637486098.33,68.26493624711485,0.12183410669010708,1755.9412358764055,12222873.3904306,52.29764948110588,0.688780486191613
2.34,schechter,0,828263069623.8602,0.0008282630696238603,130,10,0.07692307692307693,0.10495255004693327,67011014382076.77,79.95964948042221,0.12141725604020252,1756.2802090493087,12134819.711121293,51.753240165399184,0.41781804065769346
2.3499999999999996,schechter,0,834403061265.63,0.00083440306126563,95,10,0.10526315789473684,0.10454559148305942,52172806973281.2,184.49826844828752,0.12099578161264772,1756.5877181201038,12047633.862132035,51.212010681115686,0.563577889230947
2.36,schechter,0,840557478634.0231,0.0008405574786340231,96,10,0.10416666666666667,0.10414219138864123,24031893839859.465,40.78653649724917,0.12056984484058411,1756.8641874540908,11961305.147949908,50.674031578144856,0.5497192390672095
2.3699999999999997,schechter,0,846726257263.4097,0.0008467262572634097,117,10,0.08547008547008547,0.1037421983716782,24692748614944.043,63.28373198268226,0.12013960526583477,1757.1100363615612,11875823.028886234,50.1393700204332,0.44457850178553465
2.38,schechter,0,852909333140.2019,0.000852909333140202,61,10,0.16393442622950818,0.10334570630975293,9413382502705.871,51.51134231663618,0.11970522049173256,1757.325679153266,11791177.118503083,49.608089850414636,0.8404562433227518
2.3899999999999997,schechter,0,859106642698.9458,0.0008591066426989458,64,10,0.15625,0.10295260364624392,115218311403392.95,113.03787126265294,0.1192668461393275,1757.5115251867621,11707357.181081956,49.080251653906835,0.7895218274035278
2.4,schechter,0,865318122818.4503,0.0008653181228184503,38,10,0.2631578947368421,0.1025627622172759,45547934204206.12,76.43369578042918,0.11882463580689664,1757.6679789179038,11624353.129135568,48.55591282578331,1.3105338266825237
2.4099999999999997,schechter,0,871543710817.9456,0.0008715437108179455,77,10,0.12987012987012986,0.10217636888043502,112291144905553.6,112.04742505591518,0.11837874103268001,1757.7954399520318,11542155.020976886,48.03512763621769,0.6374097299450593
2.42,schechter,0,877783344453.2727,0.0008777833444532727,78,10,0.1282051282051282,0.10179313429903314,85908432832261.78,125.67002987971628,0.11792931126076286,1757.8943030907083,11460753.05831884,47.517947297176946,0.6201283065174246
2.4299999999999997,schechter,0,884036961913.1104,0.0008840369619131103,103,10,0.0970873786407767,0.10141317103800418,103317486307626.23,90.79187575938415,0.1174764938100209,1757.9649583857156,11380137.583922423,47.00442002946396,0.4628026493194386
2.44,schechter,0,890304501815.225,0.000890304501815225,58,10,0.1724137931034483,0.10103637396470433,177387903337360.3,164.76982870939958,0.11702043384604897,1758.0077911855765,11300299.079290532,46.49459112980246,0.8099387752977149
2.4499999999999997,schechter,0,896585903202.7589,0.0008965859032027589,76,10,0.13157894736842105,0.10066269303082853,27590453182695.195,82.84148835281454,0.11656127435598546,1758.0231821844939,11221228.162397789,45.98850303810836,0.6091219163516352
2.46,schechter,0,902881105540.5532,0.0009028811055405532,71,10,0.14084507042253522,0.10029216166868915,51286047640700.914,88.79942987288612,0.11609915612615085,1758.0115074734101,11142915.58546343,45.48619540488114,0.6425223751042147
2.4699999999999998,schechter,0,909190048711.492,0.0009091900487114919,70,10,0.14285714285714285,0.09992462370156263,81098222698100.17,66.52351997562542,0.11563421772241134,1757.9731385874345,11065352.232765501,44.98770515847487,0.6421970727367784
2.48,schechter,0,915512673012.8912,0.0009155126730128912,57,10,0.17543859649122806,0.09956018977656866,195788295177713.8,143.46661521289042,0.11516659547318477,1757.9084425569874,10988529.118494129,44.49306657235738,0.7771470441553341
2.4899999999999998,schechter,0,921848919152.9059,0.0009218489191529059,52,10,0.19230769230769232,0.09919865780117809,111202141737401.2,59.05827321672869,0.11469642345499854,1757.8177819515122,10912437.38464076,44.00231133198425,0.8394173508235399
2.5,schechter,0,928198728246.9807,0.0009281987282469807,74,10,0.13513513513513514,0.098840156537495,48413371076428.82,142.73594889189553,0.11422383348051643,1757.7015149323033,10837068.298925612,43.5154686016534,0.581226449782415
2.51,schechter,0,934562041814.3257,0.0009345620418143257,55,10,0.18181818181818182,0.0984844959617277,22657428590481.133,80.35588853941387,0.11374895508894493,1757.5599952983373,10762413.25276639,43.03256509087361,0.7705528150754412
2.52,schechter,0,940938801774.4197,0.0009409388017744196,86,10,0.11627906976744186,0.09813176605474383,89094370268636.27,52.28265378734587,0.11327191553873434,1757.3935725339568,10688463.759278566,42.55362512037437,0.4855653936155637
2.53,schechter,0,947328950443.5569,0.0009473289504435569,62,10,0.16129032258064516,0.09778184466465001,153174146588681.7,111.83546740538904,0.112792839802488,1757.2025918560837,10615211.451314276,42.07867068766789,0.6636338775607262
2.54,schechter,0,953732430531.4066,0.0009537324305314066,106,10,0.09433962264150944,0.09743472825197064,54688293512767.12,368.6289084269884,0.11231185056399447,1756.9873942618613,10542648.079530537,41.60772153209353,0.3824563245908679
2.55,schechter,0,960149185137.6243,0.0009601491851376243,103,10,0.0970873786407767,0.09709041620491743,105645110411099.66,112.95512517837537,0.11182906821729809,1756.7483165753042,10470765.510502744,41.14079519932287,0.3878035853304395
2.56,schechter,0,966579157748.4749,0.0009665791577484748,76,10,0.13157894736842105,0.09674875883546485,39249936528216.4,73.94071539932766,0.1113446108677235,1756.4856914931256,10399555.724859066,40.677907105186094,0.5178338190067225
2.57,schechter,0,973022292233.4963,0.0009730222922334963,61,10,0.16393442622950818,0.09640992865131781,14215712894610.238,36.920447666645174,0.11085859433477233,1756.1998476303922,10329010.815461004,40.21907059889162,0.6356586437477795
2.5799999999999996,schechter,0,979478532842.1953,0.0009794785328421953,96,10,0.10416666666666667,0.09607367777393794,52338310648567.14,101.75426880973767,0.11037113215680884,1755.8911095685135,10259122.985599501,39.76429702553391,0.3979481520144066
2.59,schechter,0,985947824200.7644,0.0009859478242007643,87,10,0.11494252873563218,0.09574010580314152,267436965536504.7,28.924067795594187,0.10988233559745512,1755.5597978995563,10189884.547240347,39.31359578784474,0.4326307839345051
2.5999999999999996,schechter,0,992430111308.8344,0.0009924301113088344,116,10,0.08620689655172414,0.09540915694303376,78403565591998.62,42.56323237619342,0.109392313653616,1755.2062292697378,10121287.9192909,38.86697440711261,0.319678039750783
2.61,schechter,0,998925339536.2594,0.0009989253395362595,92,10,0.10869565217391304,0.09508070924916123,47403209062043.06,88.32751800076583,0.108901173065055,1754.8307164247346,10053325.625898778,38.4244385833384,0.3971111818483316
2.6199999999999997,schechter,0,1005433454619.9213,0.0010054334546199212,59,10,0.1694915254237288,0.09475490845171175,82503787999348.03,73.43741811959231,0.1084090183254463,1754.433568258796,9985990.294780755,37.98599225463131,0.6100608844974612
2.63,schechter,0,1011954402660.5801,0.00101195440266058,41,10,0.24390243902439024,0.09443158751792169,128171991346819.6,449.1010699071832,0.10791595169482557,1754.0150898498061,9919274.6555814,37.55163765542662,0.8648928677316347
2.6399999999999997,schechter,0,1018488130119.7335,0.0010184881301197335,107,10,0.09345794392523364,0.09411069142987472,119637797786082.58,419.8359688854791,0.10742207321336858,1753.5755825125916,9853171.53826193,37.12137537421116,0.3264970376911156
2.65,schechter,0,1025034583816.5221,0.001025034583816522,100,10,0.1,0.09379235697659671,54124930583763.56,222.16502960855823,0.10692748071642302,1753.1153438355839,9787673.871516135,36.69520440996077,0.34417297113482276
2.6599999999999997,schechter,0,1031593710924.656,0.001031593710924656,65,10,0.15384615384615385,0.09347641695803766,95633781735496.64,96.64636205125257,0.10643226985072582,1752.6346677250892,9722774.681209411,36.27312222778613,0.5216433073437539
2.67,schechter,0,1038165458969.3682,0.0010381654589693681,37,10,0.2702702702702703,0.09316282728466341,34013197729744.074,70.44940544922562,0.10593653409173551,1752.1338444515507,9658467.088857314,35.85512481370344,0.9028012973754332
2.6799999999999997,schechter,0,1044749775824.3989,0.0010447497758243988,65,10,0.15384615384615385,0.09285166362880148,148606797701220.7,120.80897726300736,0.10544036476201399,1751.6131606869867,9594744.310116976,35.44120672819333,0.5062730778038497
2.69,schechter,0,1051346609709.0157,0.0010513466097090158,44,10,0.22727272727272727,0.09254286387168154,54540187239136.69,93.65877754070273,0.1049438510505919,1751.0728995496524,9531599.653310519,35.031361158942474,0.7367960197663013
2.6999999999999997,schechter,0,1057955909185.0409,0.0010579559091850408,104,10,0.09615384615384616,0.09223634177543938,102021589557078.03,147.95407798390005,0.10444708003325524,1750.5133406458892,9469026.51798176,34.62557997255156,0.307090079665488
2.71,schechter,0,1064577623153.9365,0.0010645776231539366,76,10,0.13157894736842105,0.09193207559837524,13804403846397.102,30.633215042400344,0.10395013669369071,1749.9347601079119,9407018.393461363,34.223853765089146,0.4139828831052519
2.7199999999999998,schechter,0,1071211700853.884,0.0010712117008538841,92,10,0.10869565217391304,0.09163016869725182,271650830759986.44,651.487389594225,0.10345310394543139,1749.3374306396354,9345568.857473286,33.826171911846615,0.3369019389852985
2.73,schechter,0,1077858091856.9171,0.0010778580918569172,94,10,0.10638297872340426,0.09133048165133295,50285152788507.33,55.41962912366578,0.10295606265454338,1748.7216215519538,9284671.574754989,33.432522615819444,0.32483068014062466
2.7399999999999998,schechter,0,1084516746066.0731,0.001084516746066073,77,10,0.12987012987012986,0.09103298016338435,117388630068375.05,42.27147617536081,0.10245909166299956,1748.0875988072282,9224320.295706078,33.04289295535586,0.39064844401892757
2.75,schechter,0,1091187613712.5646,0.0010911876137125647,47,10,0.2127659574468085,0.09073764315017596,159825744617224.7,79.00099559292435,0.10196226781268383,1747.4356250555159,9164508.855059594,32.657268930608616,0.6304773647840198
2.76,schechter,0,1097870645352.9863,0.0010978706453529863,83,10,0.12048192771084337,0.09044451521543206,24375656704768.68,70.71664764033396,0.10146566596997589,1746.7659596756853,9105231.170576822,32.275635509049046,0.35170532613083444
2.77,schechter,0,1104565791866.5496,0.0011045657918665496,68,10,0.14705882352941177,0.09015355394645641,89668309936950.4,373.17593455648677,0.10096935905086413,1746.0788588137225,9046481.241760328,31.8979766698774,0.42289940595450004
2.78,schechter,0,1111273004452.3328,0.0011112730044523327,104,10,0.09615384615384616,0.08986468910109358,8558270049538.932,39.39299980876353,0.1004734180465394,1745.3745754202132,8988253.148596747,31.524275447413412,0.27239607809798505
2.79,schechter,0,1117992234626.568,0.0011179922346265681,185,10,0.05405405405405406,0.08957790025311596,117748116490080.16,140.5442491299919,0.09997791204942123,1744.6533592918909,8930541.050315544,31.154513973510138,0.15085167271099453
2.8,schechter,0,1124723434219.9504,0.0011247234342199504,81,10,0.12345679012345678,0.08929316712115565,113215599602968.47,30.094581703580815,0.09948290827957305,1743.915457103846,8873339.184167327,30.78867351876719,0.3394096506111084
2.81,schechter,0,1131466555374.9731,0.0011314665553749732,64,10,0.15625,0.08901048355156471,236610796539429.84,392.64083804193785,0.09898847211146117,1743.1611124526298,8816641.86423281,30.426734532953997,0.42317161776145745
2.82,schechter,0,1138221550543.2825,0.0011382215505432824,81,10,0.12345679012345678,0.08872988460798537,153881179368633.7,423.24879145665255,0.09849466710101733,1742.3905658901067,8760443.480241075,30.068676684213294,0.32938150771667474
2.8299999999999996,schechter,0,1144988372483.0723,0.0011449883724830722,81,10,0.12345679012345678,0.08845127612887549,24548982754033.887,55.3213979583886,0.09800155501296365,1741.6040549580832,8704738.496411402,29.71447889728682,0.32447945407031603
2.84,schechter,0,1151766974256.4834,0.0011517669742564835,57,10,0.17543859649122806,0.08817463848594942,49201627763609.78,41.47318352889472,0.09750919584836228,1740.801814230376,8649521.450322606,29.36411939089674,0.45424045820185566
2.8499999999999996,schechter,0,1158557309227.048,0.001158557309227048,57,10,0.17543859649122806,0.08789995219524849,49975891271196.02,126.51450314798339,0.097017647872353,1739.9840753431606,8594786.951786837,29.01757571388436,0.4474813189600769
2.86,schechter,0,1165359331057.1443,0.0011653593310571443,54,10,0.18518518518518517,0.08762719791707363,16510531729346.256,59.51443432722143,0.09652696764204288,1739.1510670329742,8540529.681758447,28.674824780556566,0.46531380486726626
2.8699999999999997,schechter,0,1172172993705.479,0.001172172993705479,85,10,0.11764705882352941,0.08735635645589113,65126500532271.664,240.28800395295434,0.09603721003451575,1738.3030151713895,8486744.391249523,28.33584290496562,0.2912136462687424
2.88,schechter,0,1178998251424.604,0.001178998251424604,67,10,0.14925373134328357,0.08708740876021637,133507535075293.88,146.95605369938767,0.0955484282749277,1737.440142799687,8433425.9002663,28.000605834240794,0.36395525460003386
2.8899999999999997,schechter,0,1185835058758.4329,0.001185835058758433,91,10,0.10989010989010989,0.08682034010047335,103196083848045.11,36.1792366852384,0.09506067396466021,1736.5626701635297,8380569.09677265,27.669088781005225,0.2639823844216555
2.9,schechter,0,1192683370539.8164,0.0011926833705398164,83,10,0.12048192771084337,0.0865551674618611,90123465221107.84,161.15979572478625,0.09457399710949974,1735.6708147458633,8328168.935656688,27.341266454782996,0.2851238429654346
2.9099999999999997,schechter,0,1199543141888.102,0.0011995431418881021,84,10,0.11904761904761904,0.08629182760561072,91006929187626.58,139.5378009395749,0.0940884461478178,1734.7647913013298,8276220.437724468,27.017113092544157,0.27754238873608433
2.92,schechter,0,1206414328206.7542,0.0012064143282067541,65,10,0.15384615384615385,0.08603030212322715,63669297382215.79,37.57529716309755,0.09360406797872392,1733.8448118907254,8224718.688710108,26.69660248834113,0.353341042728567
2.9299999999999997,schechter,0,1213296885180.9639,0.001213296885180964,54,10,0.18518518518518517,0.08577057274877797,44391857940747.85,170.76024080560325,0.09312090799016796,1732.9110859108746,8173658.8382961275,26.379708021961203,0.41900049370169357
2.94,schechter,0,1220190768775.3071,0.0012201907687753072,58,10,0.1724137931034483,0.08551262135864846,391916301210751.8,225.28591014392822,0.09263901008696694,1731.9638201292605,8123036.099160874,26.066402686810584,0.38431145226539487
2.9499999999999997,schechter,0,1227095935231.4146,0.0012270959352314145,89,10,0.11235955056179775,0.08525642997127825,158638416730106.9,94.8061449022129,0.09215841671873516,1731.003218717401,8072845.746031287,25.756659116879913,0.24673267463959073
2.96,schechter,0,1234012341065.662,0.001234012341065662,88,10,0.11363636363636363,0.0850019807468777,51237153400732.664,40.21077717237328,0.09167916890769558,1730.029483278735,8023083.114753859,25.45044961278769,0.24583393499835912
2.9699999999999998,schechter,0,1240939943066.8855,0.0012409399430668856,53,10,0.18867924528301888,0.0847492559871279,164850741437779.84,962.556171351203,0.0912013062763538,1729.042812884808,7973743.601392691,25.147746167152736,0.4021231655508193
2.98,schechter,0,1247878698294.1262,0.0012478786982941263,114,10,0.08771929824561403,0.08449823813486079,57710542326851.81,276.7630142806141,0.09072486707501438,1728.0434041006513,7924822.661321773,24.84852048892198,0.18418036855893835
2.9899999999999998,schechter,0,1254828564074.3782,0.001254828564074378,41,10,0.24390243902439024,0.08424890977372423,103641745145653.0,160.23796951133843,0.09024988820912404,1727.0314510227838,7876315.808353685,24.552744027150368,0.5045224185953019
3.0,schechter,0,1261789498000.381,0.001261789498000381,72,10,0.1388888888888889,0.08400125362782851,111371198373443.75,85.68371562200132,0.0897764052664229,1726.007145301521,7828218.613865179,24.260387993710555,0.28304208402350084
3.01,schechter,0,1268761457928.4143,0.0012687614579284143,54,10,0.18518518518518517,0.08375525256137839,128395354274200.84,466.06194346464156,0.08930445254389056,1724.9706761795387,7780526.705950752,23.97142338550937,0.37180233702019805
3.02,schechter,0,1275744401976.122,0.001275744401976122,80,10,0.125,0.08351088957828745,30740724662947.344,104.55091831089783,0.08883406307447111,1723.9222305131448,7733235.768582869,23.685821005680815,0.2472529978220615
3.03,schechter,0,1282738288520.3633,0.0012827382885203633,57,10,0.17543859649122806,0.08326814782177938,25642257292034.016,81.31619445991653,0.08836526865356453,1722.861992808379,7686341.540784624,23.403551484246226,0.34188954114821735
3.04,schechter,0,1289743076195.0698,0.0012897430761950699,55,10,0.18181818181818182,0.0830270105739731,114263357898680.16,418.6272689208187,0.08789809986527143,1721.7901452453095,7639839.815826388,23.124585297919356,0.3490845796452897
3.05,schechter,0,1296758723889.136,0.001296758723889136,59,10,0.1694915254237288,0.08278746125545378,81354294405284.1,212.29757890856976,0.08743258610838046,1720.7068677113248,7593726.440420668,22.848892789282985,0.320610479071658
3.06,schechter,0,1303785190744.3237,0.0013037851907443238,82,10,0.12195121951219512,0.0825494834248306,34252247064081.273,47.66324674977064,0.08696875562208634,1719.6123378238285,7547997.313944066,22.576444185174747,0.2272772932994751
3.07,schechter,0,1310822436153.1902,0.0013108224361531903,57,10,0.17543859649122806,0.08231306077828016,76960058818662.61,49.859838604946226,0.08650663551143015,1718.506730964743,7502648.387664568,22.307209614534337,0.3221359124201755
3.08,schechter,0,1317870419757.0317,0.0013178704197570317,133,10,0.07518796992481203,0.08207817714907817,51192674323824.59,49.80277490582884,0.08604625177245216,1717.3902203013884,7457675.663981256,22.041159125411586,0.13602241829071826
3.09,schechter,0,1324929101443.8533,0.0013249291014438532,68,10,0.14705882352941177,0.08184481650711695,51332474972994.32,61.31326929508729,0.08558762931704852,1716.2629768197744,7413075.195680463,21.77826270150759,0.26212322274245264
3.0999999999999996,schechter,0,1331998441346.3516,0.0013319984413463516,90,10,0.1111111111111111,0.08161296295841236,15401844050197.697,71.4679953968743,0.08513079199752545,1715.1251693474273,7368843.085202581,21.51849027794833,0.1951319722194615
3.11,schechter,0,1339078399839.9216,0.0013390783998399216,87,10,0.11494252873563218,0.08138260877053749,58887476108313.766,49.84926156041291,0.08467576263084305,1713.9769645852093,7324975.48391775,21.261811756553367,0.19888985148694222
3.1199999999999997,schechter,0,1346168937540.6785,0.0013461689375406786,87,10,0.11494252873563218,0.08115376644129602,141521538736268.3,193.72772245851576,0.08422256302254322,1712.8185271246987,7281468.591418872,21.008197020344024,0.1959648637174402
3.13,schechter,0,1353270015303.5034,0.0013532700153035034,86,10,0.11627906976744186,0.08092638765103699,63780917254857.586,153.33858701889733,0.08377121399035611,1711.6500194856305,7238318.654820386,20.757615947705407,0.19533010173201804
3.1399999999999997,schechter,0,1360381594220.1047,0.0013603815942201047,133,10,0.07518796992481203,0.08070045698889938,53598408696766.33,97.89893601562605,0.08332173538748046,1710.471602134141,7195521.968076602,20.51003842576757,0.12444883261799466
3.15,schechter,0,1367503635617.1003,0.0013675036356171004,55,10,0.18181818181818182,0.08047595917804184,44933749441947.45,109.87613031652988,0.08287414612553251,1709.2834335072382,7153074.871296239,20.265434363273798,0.29652368518983796
3.1599999999999997,schechter,0,1374636101054.1135,0.0013746361010541135,64,10,0.15625,0.08025287907508238,168296948322251.75,287.26855738986285,0.08242846419716175,1708.085670045572,7110973.750088734,20.023773703071623,0.2510883577530346
3.17,schechter,0,1381778952321.8916,0.0013817789523218917,60,10,0.16666666666666666,0.08003120166952782,61689362537650.31,172.61565228551814,0.0819847066983287,1706.8784662117662,7069215.034901877,19.785026433854267,0.2639032400941216
3.1799999999999997,schechter,0,1388932151440.4426,0.0013889321514404427,82,10,0.12195121951219512,0.07981091208319435,78733429212060.4,347.0246762067171,0.0815428898502426,1705.6619745154078,7027795.200383879,19.54916260151699,0.1902727436207004
3.19,schechter,0,1396095660657.1868,0.0013960956606571867,90,10,0.1111111111111111,0.07959199556961905,294402173122296.1,529.5299410708927,0.08110302902095701,1704.4363455415796,6986710.76474544,19.31615232003205,0.1708234566531197
3.1999999999999997,schechter,0,1403269442445.1318,0.001403269442445132,73,10,0.136986301369863,0.07937447329659642,37126441244864.86,22.491622547496643,0.08066513874662186,1703.2017279694528,6945958.289138465,19.085965781749536,0.20752581935386732
3.21,schechter,0,1410453459501.055,0.001410453459501055,58,10,0.1724137931034483,0.07915833289539476,103538266829585.19,86.97578596506108,0.08022923275238983,1701.958268600647,6905534.377048772,18.85857326735691,0.25738158976372943
3.2199999999999998,schechter,0,1417647674743.7126,0.0014176476747437127,83,10,0.12048192771084337,0.07894352494915569,31543345187906.29,40.70622290063518,0.07979532397297763,1700.7061123806736,6865435.673682141,18.6339451552637,0.17723244750189862
3.23,schechter,0,1424852051312.0667,0.0014248520513120667,67,10,0.14925373134328357,0.07873003518056143,123828826669340.34,193.12930235322213,0.07936342457287976,1699.4454024196032,6825658.865381889,18.41205193060173,0.2163554472003878
3.2399999999999998,schechter,0,1432066552563.5142,0.0014320665525635141,76,10,0.13157894736842105,0.07851784944146745,203903482438567.94,218.2160936129851,0.07893354596623703,1698.176280021117,6786200.679036681,18.192864193840496,0.18795586469487263
3.25,schechter,0,1439291142072.1582,0.0014392911420721582,98,10,0.10204081632653061,0.07830695371226348,163961751283993.38,33.36593341693723,0.07850569883635809,1696.8988846973805,6747057.881511198,17.976352668873147,0.14364014452620139
3.26,schechter,0,1446525783627.0698,0.0014465257836270699,48,10,0.20833333333333334,0.07809737633353597,46466684160033.16,55.35842959267389,0.07807989315489611,1695.6133541988731,6708227.279078383,17.762488210845575,0.2890007763380006
3.27,schechter,0,1453770441230.5833,0.0014537704412305832,84,10,0.11904761904761904,0.07788911071498972,33861272619945.51,45.89562628082061,0.0776561382006801,1694.3198245296082,6669705.71686476,17.55124181345325,0.16274412104685917
3.28,schechter,0,1461025079096.6028,0.0014610250790966029,102,10,0.09803921568627451,0.07768209635391177,35562746851570.93,53.86614136274568,0.07723444257820353,1693.0184299753203,6631490.078299773,17.342584615988788,0.13207924795736362
3.29,schechter,0,1468289661648.925,0.0014682896616489251,88,10,0.11363636363636363,0.07747631968949165,57322866562421.29,60.01922138146347,0.07681481423577075,1691.7093031189427,6593577.284582875,17.136487909917733,0.15087181996180624
3.3,schechter,0,1475564153519.568,0.001475564153519568,58,10,0.1724137931034483,0.07727176728667351,54916587758108.6,57.54533718857107,0.07639726048330328,1690.3925748664617,6555964.294144623,16.932923145173582,0.225592568406376
3.31,schechter,0,1482848519547.15,0.0014828485195471498,77,10,0.12987012987012986,0.0770684799694401,124037322061570.5,33.790363023276186,0.0759817880098082,1689.0683744640376,6518648.1021335395,16.731861936069137,0.16746742421706254
3.32,schechter,0,1490142724775.225,0.0014901427247752252,63,10,0.15873015873015872,0.07686644188745773,230006303140356.56,171.5101107553847,0.07556840290051019,1687.7368295248077,6481625.739898744,16.53327606694439,0.20172287365223435
3.33,schechter,0,1497446734450.6995,0.0014974467344506994,76,10,0.13157894736842105,0.07666559081806101,118824479710061.3,268.1683114276535,0.07515711065365033,1686.3980660396107,6444894.2744803615,16.337137497336702,0.16480214454068642
3.34,schechter,0,1504760514022.2136,0.0015047605140222136,67,10,0.14925373134328357,0.07646591377585243,183989343540608.34,252.0400548192975,0.07474791619695409,1685.0522084071617,6408450.8081216905,16.14341836707207,0.18424197565732017
3.3499999999999996,schechter,0,1512084029138.5654,0.0015120840291385654,90,10,0.1111111111111111,0.0762674213021326,200273517116067.2,167.48825290952087,0.0743408239037712,1683.6993794478883,6372292.477769603,15.95209100084871,0.13518053833463187
3.36,schechter,0,1519417245647.1401,0.0015194172456471401,70,10,0.14285714285714285,0.07607017017944251,139129112701468.67,47.133906696399855,0.07393583760889016,1682.3397004252872,6336416.454597149,15.763127912645785,0.17130054612504075
3.3699999999999997,schechter,0,1526760129592.3535,0.0015267601295923536,129,10,0.07751937984496124,0.0758740569922175,133695226910420.03,70.26157586226348,0.07353296062403111,1680.9732910670227,6300819.9435306,15.576501809844084,0.0916164640356193
3.38,schechter,0,1534112647214.12,0.0015341126472141202,95,10,0.10526315789473684,0.07567906919729972,80132911151537.36,204.54566440266925,0.07313219575301971,1679.6002695799725,6265500.18277916,15.392185597011672,0.12261750304146594
3.3899999999999997,schechter,0,1541474764946.3152,0.0015414747649463152,76,10,0.13157894736842105,0.07548523345917346,100589845382991.84,38.84688996316605,0.07273354530664589,1678.2207526737452,6230454.443376221,15.210152379522091,0.1510713030681352
3.4,schechter,0,1548846449415.2766,0.0015488464494152767,46,10,0.21739130434782608,0.0752925856865998,56019533267026.11,134.15140601845866,0.07233701111721073,1676.834855577889,6195680.028727723,15.030375466864875,0.24601648537841111
3.4099999999999997,schechter,0,1556227667438.3018,0.0015562276674383018,87,10,0.11494252873563218,0.07510102835544608,197235015766514.9,160.28028368340304,0.07194259455276497,1675.4426920574547,6161174.274165404,14.852828375697667,0.12821410172434994
3.42,schechter,0,1563618386022.1692,0.0015636183860221692,87,10,0.11494252873563218,0.0749105493570168,99469680028155.42,99.7156224545632,0.07155029653104333,1674.044374437121,6126934.5465087,14.677484832748945,0.12637913241385118
3.4299999999999997,schechter,0,1571018572361.6653,0.0015710185723616652,74,10,0.13513513513513514,0.07472123537133135,214345009815301.12,495.3953251826848,0.07116011753309788,1672.640013613991,6092958.2436328735,14.504318777395401,0.1464568401711598
3.44,schechter,0,1578428193838.1367,0.0015784281938381367,59,10,0.1694915254237288,0.07453301297518489,179675272555162.97,701.8354043340423,0.07077205761663512,1671.2297190766149,6059242.794044905,14.333304364084544,0.18106853561789618
3.4499999999999997,schechter,0,1585847218018.0413,0.0015858472180180412,101,10,0.09900990099009901,0.07434583508415049,81408875159287.97,50.45839066518637,0.07038611642905952,1669.8135989250507,6025785.656462501,14.164415964551148,0.10426389439245823
3.46,schechter,0,1593275612651.5322,0.0015932756126515323,88,10,0.11363636363636363,0.07415974684143045,21362800342045.848,47.3959998093413,0.07000229322022894,1668.39175988444,5992584.319403749,13.997628169789959,0.1179614274377385
3.4699999999999998,schechter,0,1600713345671.028,0.0016007133456710282,55,10,0.18181818181818182,0.07397476592449881,103517053621831.88,164.4129178521745,0.06962058685492503,1666.9643073286995,5959636.300782556,13.83291579192243,0.18605212868377544
3.48,schechter,0,1608160385189.8298,0.0016081603851898299,70,10,0.14285714285714285,0.0737907964855562,31726711371468.918,49.411050278028824,0.06924099582504298,1665.5313452866599,5926939.147505195,13.670253865720719,0.14410556013018364
3.4899999999999998,schechter,0,1615616699500.722,0.001615616699500722,105,10,0.09523809523809523,0.0736078661426871,188754252329790.16,34.05429542544435,0.06886351826150523,1664.0929764693904,5894490.435082389,13.509617650155576,0.0947061073934795
3.5,schechter,0,1623082257074.5996,0.0016230822570745995,129,10,0.07751937984496124,0.0734260353036209,71819294556601.9,55.12891985535134,0.06848815194590231,1662.6493022810928,5862287.767236518,13.350982629612076,0.07599300169766866
3.51,schechter,0,1630557026559.1086,0.0016305570265591086,91,10,0.10989010989010989,0.07324518370673727,107408705047778.9,57.538699486442546,0.06811489432186627,1661.2004228371736,5830328.775524363,13.194324515025526,0.10620007944937933
3.52,schechter,0,1638040976777.3,0.0016380409767773,81,10,0.12345679012345678,0.0730653445357653,139597546970919.4,53.71915303681324,0.06774374250617998,1659.7464369793763,5798611.1189587405,13.039619244821548,0.11762274972075087
3.53,schechter,0,1645534076726.2844,0.0016455340767262843,100,10,0.1,0.07288657440793311,216229602336139.5,90.97574022697731,0.0673746932996273,1658.287442292641,5767132.483642135,12.886842985735136,0.0939277840163135
3.54,schechter,0,1653036295575.9194,0.0016530362955759195,53,10,0.18867924528301888,0.07270875206826677,104745462925041.97,105.87912188139316,0.06700774319758737,1656.8235351217074,5735890.582397208,12.735972133464204,0.17472012079252897
3.55,schechter,0,1660547602667.4883,0.0016605476026674882,135,10,0.07407407407407407,0.07253193845663952,58588085750186.77,148.54703943985422,0.06664288840037871,1655.354810580972,5704883.154414197,12.586983313159859,0.06762654066850811
3.56,schechter,0,1668067967512.4019,0.0016680679675124019,96,10,0.10416666666666667,0.0723561416872952,58025517850067.94,70.8502078653137,0.06628012482335588,1653.881362579563,5674107.964892094,12.439853379876395,0.09376039517953277
3.57,schechter,0,1675597359790.921,0.0016755973597909208,58,10,0.1724137931034483,0.07218126202404618,37195103694890.61,26.257004041908157,0.06591944810676449,1652.4032838271341,5643562.804696245,12.294559418771954,0.15300634739251437
3.58,schechter,0,1683135749350.865,0.001683135749350865,91,10,0.10989010989010989,0.07200740947364492,514959179074118.8,1190.5172195892105,0.06556085362535716,1650.920665854271,5613245.49001041,12.151078745277045,0.09615029700633711
3.59,schechter,0,1690683106206.3645,0.0016906831062063646,114,10,0.08771929824561403,0.07183450070209063,32091128530788.895,61.23401028054375,0.0652043364977763,1649.4335990258926,5583153.862002588,12.00938890511346,0.07567442594175897
3.5999999999999996,schechter,0,1698239400536.597,0.001698239400536597,88,10,0.11363636363636363,0.07166249645019096,38154846020930.41,87.47457175184903,0.06484989159570673,1647.9421725549144,5553285.786493722,11.86946767420074,0.09665860057591669
3.61,schechter,0,1705804602684.552,0.001705804602684552,96,10,0.10416666666666667,0.07149152424142258,42940132817260.44,59.124216216583434,0.06449751355280299,1646.4464745163416,5523639.15362708,11.73129305845199,0.08736333563245344
3.6199999999999997,schechter,0,1713378683155.8003,0.0017133786831558004,58,10,0.1724137931034483,0.0713214200762553,82943565246696.02,129.5922162826009,0.06414719677339552,1644.9465918649096,5494211.877547617,11.59484329350564,0.14257942918180472
3.63,schechter,0,1720961612617.2795,0.0017209616126172796,94,10,0.10638297872340426,0.07115227479227848,66756332032002.6,56.367558932224824,0.06379893544097907,1643.4426104434694,5465001.896084231,11.46009684429125,0.08674595317139729
3.6399999999999997,schechter,0,1728553361896.0825,0.0017285533618960826,52,10,0.19230769230769232,0.07098405445201228,75340024911310.77,47.372873730278044,0.06345272352648877,1641.9346150020126,5436007.170438018,11.327032404582999,0.15462282403588984
3.65,schechter,0,1736153901978.2676,0.0017361539019782675,30,10,0.3333333333333333,0.07081669518110523,44201828641740.14,53.315197448694924,0.0631085547963669,1640.4226892077863,5407225.684871397,11.19562889639531,0.2642791463056
3.6599999999999997,schechter,0,1743763204007.666,0.001743763204007666,53,10,0.18867924528301888,0.07065032551402384,90604782319380.6,76.60539142050595,0.06276642282042497,1638.9069156616367,5378655.446409031,11.065865469354652,0.1475107542460948
3.67,schechter,0,1751381239284.7197,0.0017513812392847196,80,10,0.125,0.0704847767833412,147401675108625.06,170.37703368301544,0.062426320979504686,1637.3873759095081,5350294.484533614,10.937721499939222,0.096367857305196
3.6799999999999997,schechter,0,1759007979265.3113,0.0017590079792653114,61,10,0.16393442622950818,0.07032017720511752,93347202483279.11,52.09201062822012,0.06208824247294238,1635.8641504525608,5322140.850894996,10.811176590654227,0.12463013994272515
3.69,schechter,0,1766643395559.6072,0.0017666433955596072,47,10,0.2127659574468085,0.07015642831802316,167012244570138.7,25.33848848368163,0.06175218032584041,1634.3373187698244,5294192.619019311,10.686210569210596,0.15951199272130312
3.6999999999999997,schechter,0,1774287459930.9307,0.0017742874599309306,71,10,0.14084507042253522,0.06999355413868802,96543659709467.88,60.64197819014013,0.061418127396149415,1632.8069593186315,5266447.884021641,10.562803487487285,0.10413072644475548
3.71,schechter,0,1781940144294.6147,0.0017819401442946148,109,10,0.09174311926605505,0.06983157310231403,187136645983880.25,759.5940437548405,0.06108607638156587,1631.2731495570106,5238904.762326913,10.440935620583902,0.0668905467014091
3.7199999999999998,schechter,0,1789601420716.8945,0.0017896014207168945,116,10,0.08620689655172414,0.06967040159659676,71246409389037.23,91.34412921112843,0.06075601982624775,1629.7359659508656,5211561.39139034,10.320587465703401,0.061986161504168864
3.73,schechter,0,1797271261413.7825,0.0017972712614137826,49,10,0.20408163265306123,0.0695101568529427,90644436939996.89,388.6005945430575,0.06042795012735299,1628.1954839873758,5184415.929424091,10.201739741023477,0.14471929174927367
3.7399999999999998,schechter,0,1804949638749.984,0.0018049496387499838,107,10,0.09345794392523364,0.06935067045351773,115610546746587.33,178.90902357313342,0.060101859541404255,1626.651778189956,5157466.555130386,10.084373384528233,0.06536056591781707
3.75,schechter,0,1812636525237.792,0.001812636525237792,94,10,0.10638297872340426,0.06919212595024471,81603620178037.38,45.25155001709611,0.05977774019048319,1625.10492212552,5130711.467432381,9.968469552728626,0.07337655327910411
3.76,schechter,0,1820331893536.0176,0.0018203318935360176,102,10,0.09803921568627451,0.0690343275915698,30414715245943.105,50.738647106471696,0.059455584068258405,1623.5549884196112,5104148.885215932,9.854009619398708,0.06669264001529907
3.77,schechter,0,1828035716448.9097,0.0018280357164489097,88,10,0.11363636363636363,0.06887742743557579,84568818742701.33,285.1527595951628,0.05913538304585055,1622.0020487676445,5077777.047071797,9.74097517423558,0.07624242167217686
3.78,schechter,0,1835747966925.101,0.0018357479669251012,126,10,0.07936507936507936,0.06872128669123223,73129217990471.75,39.454577732271545,0.05881712887753789,1620.446173946579,5051594.211037625,9.62934802147242,0.05251914174867111
3.79,schechter,0,1843468618056.5554,0.0018434686180565554,99,10,0.10101010101010101,0.06856600900854237,28424015210478.227,24.17238170758477,0.05850081320630583,1618.8874338251208,5025598.654353037,9.519110178461403,0.06592801962118101
3.8,schechter,0,1851197643077.5151,0.0018511976430775152,73,10,0.136986301369863,0.0684114958768045,205397077618858.72,33.86107078453507,0.058186427569244414,1617.3258973755692,4999788.673212268,9.410243874217938,0.08818751506860073
3.81,schechter,0,1858935015363.4873,0.0018589350153634873,44,10,0.22727272727272727,0.06825781902406192,112539041807955.47,129.19962017768987,0.05787396340279591,1615.7616326838477,4974162.582516595,9.302731547912533,0.1443145832788284
3.82,schechter,0,1866680708430.204,0.0018666807084302042,50,10,0.2,0.06810490392505619,95270650629104.75,84.00390535284045,0.0575634120478575,1614.1947069672283,4948718.7156405095,9.196555847394238,0.12526611048563968
3.83,schechter,0,1874434695932.6143,0.0018744346959326142,76,10,0.13157894736842105,0.06795280648925861,25693196144233.586,43.10153203477471,0.057254764754740534,1612.6251865714794,4923455.424194368,9.09169962755227,0.08129032966441105
3.84,schechter,0,1882196951663.879,0.0018821969516638788,94,10,0.10638297872340426,0.06780146026205158,237849156852490.6,90.53437953926903,0.056948012687991136,1611.0531369980158,4898371.077789676,8.988145948820991,0.06483078940196876
3.8499999999999996,schechter,0,1889967449554.3728,0.0018899674495543729,85,10,0.11764705882352941,0.06765092106020332,237274064571729.25,192.38767601032887,0.056643146931074334,1609.4786228991436,4873464.063811505,8.885878075484253,0.07072209838060901
3.86,schechter,0,1897746163670.6982,0.0018977461636706982,81,10,0.12345679012345678,0.06750111495982147,47680932757461.195,45.43018064889374,0.056340158490925135,1607.9017081008,4848732.787193777,8.784879474110818,0.0732085381839667
3.8699999999999997,schechter,0,1905533068214.7075,0.0019055330682147076,76,10,0.13157894736842105,0.06735211303850719,88710114098701.9,119.5229366699723,0.05603903830236975,1606.3224556046302,4824175.670194775,8.685133811846566,0.07696869924342772
3.88,schechter,0,1913328137522.5315,0.0019133281375225315,124,10,0.08064516129032258,0.06720381873289072,91325098818811.53,101.93535367123607,0.05573977723241955,1604.740927604501,4799791.152178878,8.586624954772452,0.04653661185385837
3.8899999999999997,schechter,0,1921131346063.6177,0.0019211313460636176,118,10,0.0847457627118644,0.06705633336777161,97639865698894.56,55.84877704356287,0.05544236608444147,1603.1571854890956,4775577.689400512,8.489336966166855,0.04824269573513826
3.9,schechter,0,1928942668439.7822,0.0019289426684397822,52,10,0.19230769230769232,0.06690952293467112,140877401877765.75,80.17074537223043,0.0551467956022065,1601.5712898573051,4751533.754790982,8.39325410482063,0.1079978130813497
3.9099999999999997,schechter,0,1936762079384.2563,0.0019367620793842564,87,10,0.11494252873563218,0.06676353362990994,213558494279661.12,242.52627136021124,0.0548530564738208,1599.983300530506,4727657.837746424,8.298360823316171,0.06368136688512602
3.92,schechter,0,1944589553760.7632,0.0019445895537607632,109,10,0.09174311926605505,0.066618189810843,32948204964437.01,84.11869609723168,0.054561139335540465,1598.3932765515237,4703948.4439248545,8.204641766234888,0.05014480573513815
3.9299999999999997,schechter,0,1952425066562.5784,0.0019524250665625784,65,10,0.15384615384615385,0.06647366604133964,343032888574657.8,73.61115958387974,0.054271034775474035,1596.8012762072858,4680404.095037893,8.112081768462183,0.08295997144258385
3.94,schechter,0,1960268592911.6213,0.0019602685929116215,68,10,0.14705882352941177,0.06632979015115914,182558424597488.53,225.04439441637155,0.05398273333717482,1595.2073570292546,4657023.328652699,8.020665853379224,0.07823662984223702
3.9499999999999997,schechter,0,1968120108057.5361,0.0019681201080575363,52,10,0.19230769230769232,0.06618668344905654,72772963149280.7,92.58463943856411,0.053696225523125696,1593.6115758061392,4633804.697992794,7.930379231102772,0.10093951919230222
3.96,schechter,0,1975979587376.7905,0.0019759795873767905,80,10,0.125,0.06604425552239857,95309316322394.83,58.825652166817896,0.05341150179811911,1592.0139885906376,4610746.771740449,7.841207296684951,0.06473333728829463
3.9699999999999998,schechter,0,1983847006371.7827,0.001983847006371783,130,10,0.07692307692307693,0.06590253932659695,63622634796238.2,73.37452141446636,0.05312855259253501,1590.4146507131875,4587848.13384705,7.753135628350677,0.039303948127063115
3.98,schechter,0,1991722340669.9526,0.0019917223406699528,113,10,0.08849557522123894,0.06576153962450859,93797586452954.73,73.03445491122818,0.05284736830551836,1588.8136167876712,4565107.3833417045,7.666149985681953,0.04461396690715484
3.9899999999999998,schechter,0,1999605566022.8994,0.0019996055660228993,84,10,0.11904761904761904,0.06562118776989279,26895058975314.566,24.237198879982902,0.05256793930805998,1587.2109407173825,4542523.13414405,7.580236307803246,0.05921715596363281
4.0,schechter,0,2007496658305.5188,0.0020074966583055187,121,10,0.08264462809917356,0.06548159677896437,41606982888731.42,82.10834362730697,0.05229025594598198,1585.606675710851,4520094.014880405,7.49538071161261,0.04056276838534247
4.01,schechter,0,2015395593515.126,0.002015395593515126,105,10,0.09523809523809523,0.06534261746874981,62864361780137.266,129.48793254443925,0.052014308542830644,1584.0008742864234,4497818.66870036,7.411569489952783,0.04612298571667065
4.02,schechter,0,2023302347770.6118,0.0020233023477706116,96,10,0.10416666666666667,0.06520438192446854,28375796260681.51,30.53635556968326,0.051740087402679,1582.3935882759827,4475695.7530969195,7.328789109780472,0.04977803793312622
4.03,schechter,0,2031216897311.5837,0.0020312168973115837,71,10,0.14084507042253522,0.06506678449846415,27084827104446.84,51.28915201377903,0.05146758281284127,1580.784868845873,4453723.939732424,7.247026210421408,0.06641418206876212
4.04,schechter,0,2039139218497.5278,0.002039139218497528,65,10,0.15384615384615385,0.06492985061255796,340396043377133.56,125.15061938699947,0.05119678504650158,1579.1747664917978,4431901.9142613495,7.166267601695695,0.07158533612734086
4.05,schechter,0,2047069287806.9814,0.0020470692878069813,104,10,0.09615384615384616,0.06479361608120127,118652215291202.62,54.96494447507297,0.05092768436525858,1577.5633310557675,4410228.376158676,7.086500262153135,0.04414999782166177
4.06,schechter,0,2055007081836.689,0.002055007081836689,89,10,0.11235955056179775,0.06465797547894547,394453090415187.3,418.52743216151987,0.05066027102158882,1575.9506117294723,4388702.038552683,7.007711337251834,0.05091060986601767
4.07,schechter,0,2062952577300.8003,0.0020629525773008003,75,10,0.13333333333333333,0.06452306859937929,67161937925010.23,29.23738476365453,0.05039453526123035,1574.3366570669918,4367321.6280537555,6.9298881375726085,0.059618353024882956
4.08,schechter,0,2070905751030.0422,0.002070905751030042,56,10,0.17857142857142858,0.06438876476126965,63461406261312.56,56.15963254349471,0.05013046732548883,1572.7215149868712,4346085.884590511,6.853018136998251,0.07879595941569548
4.09,schechter,0,2078866579970.932,0.002078866579970932,107,10,0.09345794392523364,0.06425509903810955,39150339632235.01,74.10762801282881,0.049868057453468215,1571.105232783448,4324993.5612532655,6.777088970947238,0.040697432057784554
4.1,schechter,0,2086835041184.953,0.002086835041184953,78,10,0.1282051282051282,0.06412211349400443,140622824589206.4,56.60489927913144,0.04960729588422757,1569.4878571336826,4304043.424121051,6.702088434563541,0.05509641990358178
4.109999999999999,schechter,0,2094811111847.7883,0.0020948111118477882,47,10,0.2127659574468085,0.06398970453064379,255581926470252.3,76.0426994390886,0.04934817285886632,1567.8694341079683,4283234.252119073,6.628004480974321,0.09023915922666592
4.12,schechter,0,2102794769248.5164,0.0021027947692485163,87,10,0.11494252873563218,0.06385797948039773,47375227576273.76,135.63958335441745,0.04909067862253967,1566.2500091709935,4262564.836847282,6.554825219463522,0.04811240165081554
4.13,schechter,0,2110785990788.8408,0.0021107859907888407,117,10,0.08547008547008547,0.0637268633722049,81748005235983.23,143.46429986200218,0.04883480342640599,1564.6296271925526,4242033.982438276,6.48253891373841,0.03530870697955635
4.14,schechter,0,2118784753982.3223,0.002118784753982322,95,10,0.10526315789473684,0.06359632111574653,201332933957814.3,282.55208470101564,0.04858053752950762,1563.0083324588713,4221640.505400525,6.411133980179261,0.042918372138900464
4.1499999999999995,schechter,0,2126791036453.6047,0.0021267910364536047,69,10,0.14492753623188406,0.06346647990682097,48017575399013.195,44.28954066705452,0.04832787120058748,1561.3861686726077,4201383.234468503,6.340598986058356,0.058321086687809005
4.16,schechter,0,2134804815937.6638,0.002134804815937664,124,10,0.08064516129032258,0.06333719833394347,54815406613725.44,75.5393540760671,0.04807679471984265,1559.7631789640925,4181261.010457904,6.2709226478196385,0.03203086060336858
4.17,schechter,0,2142826070279.0508,0.002142826070279051,71,10,0.14084507042253522,0.06320851333443644,175428389295222.7,56.37799307140939,0.04782729838061681,1558.1394058986791,4161272.6861168793,6.202093829342379,0.05521480711456532
4.18,schechter,0,2150854777431.1487,0.0021508547774311488,95,10,0.10526315789473684,0.06308048190778215,77948818810412.27,50.29898175644885,0.0475793724910331,1556.514891482364,4141417.125983926,6.134101540215093,0.040730745392424925
4.1899999999999995,schechter,0,2158890915455.4353,0.002158890915455435,85,10,0.11764705882352941,0.06295300049132746,101954500874670.3,54.152756797438215,0.04733300737556878,1554.8896771672337,4121693.2062488887,6.0669349340211225,0.044933147986150994
4.2,schechter,0,2166934462520.7454,0.0021669344625207454,74,10,0.13513513513513514,0.06282612470802995,112050852324336.88,74.98138292815773,0.04708819337657378,1553.2638038620141,4102099.814607074,6.000583306642102,0.050945053397840466
4.21,schechter,0,2174985396902.5466,0.002174985396902547,130,10,0.07692307692307693,0.06269986907460712,12493835915124.707,30.533681711996117,0.04684492085573398,1551.6373119357022,4082635.850129579,5.93503609456639,0.028625075852490786
4.22,schechter,0,2183043696982.2192,0.0021830436969822193,53,10,0.18867924528301888,0.06257415395564603,220231603927937.44,95.85805829449117,0.046603180195481396,1550.0102412264725,4063300.22312007,5.870282873207017,0.06930716684363171
4.2299999999999995,schechter,0,2191109341246.3442,0.0021911093412463442,108,10,0.09259259259259259,0.062449040297314795,208405103683297.28,185.96083894874744,0.0463629618003518,1548.3826310436648,4044091.8549862206,5.806313355223757,0.033573953398074584
4.24,schechter,0,2199182308285.986,0.0021991823082859858,67,10,0.14925373134328357,0.062324526986026085,314258324092343.3,525.4971789543167,0.046124256098292224,1546.754520180755,4025009.6781047075,5.743117388887103,0.053423443983225356
4.25,schechter,0,2207262576796.001,0.002207262576796001,64,10,0.15625,0.062200544823554194,76993645712536.81,78.5723441721754,0.04588705354191895,1545.1259469171712,4006052.635690871,5.6806849564163695,0.05520964050938537
4.26,schechter,0,2215350125574.333,0.002215350125574333,52,10,0.19230769230769232,0.06207714713837009,144813689340999.66,72.83845689843693,0.04565134460972769,1543.4969490252963,3987219.681670151,5.619006172350385,0.06707920633315474
4.27,schechter,0,2223444933521.3286,0.0022234449335213286,65,10,0.15384615384615385,0.06195434319383819,83736566837768.45,51.13488818462928,0.04541711980725716,1541.867563777301,3968509.7805564064,5.5580712819375,0.052976408568764934
4.28,schechter,0,2231546979639.052,0.002231546979639052,74,10,0.13513513513513514,0.06183206116246032,220091915915707.06,46.55545010364564,0.0451843696682072,1540.2378279521452,3949921.907314913,5.497870659515167,0.04593846957870781
4.29,schechter,0,2239656243030.597,0.002239656243030597,100,10,0.1,0.061710334227742414,159771157525130.25,36.48641507614645,0.04495308475551311,1538.6077778379145,3931455.0472522303,5.438394806921649,0.03356051611975537
4.3,schechter,0,2247772702899.4224,0.0022477727028994226,38,10,0.2631578947368421,0.06158920720782102,59699140684836.086,77.00399957036372,0.04472325566237682,1536.9774492444437,3913108.1958865277,5.379634351928133,0.08719142494821414
4.31,schechter,0,2255896338548.687,0.002255896338548687,134,10,0.07462686567164178,0.061468592995174154,165884648081227.22,113.29270873168494,0.044494873013256726,1535.346877502279,3894880.358826569,5.3215800466458,0.024411196864067952
4.32,schechter,0,2264027129380.5786,0.002264027129380579,118,10,0.0847457627118644,0.061348492506900554,72667485409264.05,47.53946161227439,0.044267927464816684,1533.7160974700282,3876770.551660913,5.264222765988617,0.027368824653721015
4.33,schechter,0,2272165054895.6636,0.0022721650548956636,93,10,0.10752688172043011,0.06122901047993723,183321708586342.56,217.49978170502035,0.04404240970683595,1532.0851435470713,3858777.7998315697,5.207553506144495,0.03428530625833926
4.34,schechter,0,2280310094692.2324,0.0022803100946922326,96,10,0.10416666666666667,0.06111003228386869,102309588327356.23,190.6818948395583,0.04381831046308065,1530.4540496671614,3840901.138524533,5.151563383015807,0.032792937984217896
4.35,schechter,0,2288462228465.6562,0.0022884622284656563,73,10,0.136986301369863,0.06099155547213253,161176507890823.62,22.41007651779087,0.043595620492138186,1528.822849315632,3823139.612554538,5.096243630745112,0.0425791542608346
4.36,schechter,0,2296621436007.7476,0.0022966214360077477,75,10,0.13333333333333333,0.060873646387886726,79592441498896.78,83.19313913401525,0.04337433058821551,1527.191575525507,3805492.276251821,5.04158560018397,0.04091995987464808
4.37,schechter,0,2304787697206.119,0.002304787697206119,99,10,0.10101010101010101,0.06075627291340402,75853278295925.58,111.81068677889463,0.0431544315819022,1525.5602608907284,3787958.1933524255,4.987580757436636,0.03060876946226895
4.38,schechter,0,2312960992043.565,0.002312960992043565,76,10,0.13157894736842105,0.06063939200775936,411180483972682.5,82.64719459038167,0.042935914340899516,1523.92893756633,3770536.4368874063,4.934220682371021,0.03936949239619608
4.39,schechter,0,2321141300597.427,0.002321141300597427,79,10,0.12658227848101267,0.060523010218058726,112727023586942.84,26.43535870567991,0.04271876977071631,1522.2976372765656,3753226.089076467,4.881497067174601,0.037397835047599
4.3999999999999995,schechter,0,2329328603038.9775,0.0023293286030389776,78,10,0.1282051282051282,0.06040721067406507,52670318307680.12,71.27953807263964,0.0425029888153329,1520.6663913173306,3736026.2412209357,4.829401714903477,0.037401370105367364
4.41,schechter,0,2337522879632.803,0.002337522879632803,95,10,0.10526315789473684,0.0602918950121305,316930908222595.94,72.83184758361342,0.04228856245783335,1519.035230565931,3718935.9935974055,4.777926538068678,0.030323183706200938
4.42,schechter,0,2345724110736.2056,0.0023457241107362058,63,10,0.15873015873015872,0.060177060856741016,81526812228432.27,49.63378156787901,0.042075481721007855,1517.4041854803072,3701954.455356704,4.727063557208571,0.04515250656441632
4.43,schechter,0,2353932276798.5845,0.0023539322767985845,59,10,0.1694915254237288,0.060062743243755934,51309212545374.24,36.58520205081189,0.041863737667925324,1515.7732861073334,3685080.744418201,4.676804899497154,0.047610463030447
4.4399999999999995,schechter,0,2362147358360.849,0.002362147358360849,97,10,0.10309278350515463,0.059948962663053496,125320623809390.0,104.08430170141801,0.041653321402477496,1514.1425620930213,3668313.9873721073,4.627142797380821,0.028597155752247395
4.45,schechter,0,2370369336054.812,0.0023703693360548122,81,10,0.12345679012345678,0.05983565506208499,35522533197954.195,35.46192367906916,0.041444224069895445,1512.5120426749982,3651653.319377335,4.578069587167861,0.033818739835555306
4.46,schechter,0,2378598190602.6147,0.002378598190602615,83,10,0.12048192771084337,0.05972281810471536,207797265634659.0,29.004563823485675,0.041236436857238865,1510.881756697637,3635097.884063798,4.529577707706706,0.03259266813596882
4.47,schechter,0,2386833902816.129,0.002386833902816129,54,10,0.18518518518518517,0.059610495003937225,27786406034905.92,57.15487728045969,0.04102995099385941,1509.2517326158625,3618646.833436934,4.481659699044569,0.049472954277637614
4.4799999999999995,schechter,0,2395076453596.3877,0.0023950764535963878,74,10,0.13513513513513514,0.05949868441865713,288632120462842.6,92.8215161955902,0.04082475775183858,1507.6219984933348,3602299.327779113,4.4343082010789034,0.0356534465231158
4.49,schechter,0,2403325823933.0015,0.0024033258239330017,87,10,0.11494252873563218,0.05938733610948521,66013062106428.19,200.72337643303794,0.04062084844640118,1505.9925820157648,3586054.5355572705,4.387515952274897,0.029949756844077857
4.5,schechter,0,2411581994903.596,0.002411581994903596,45,10,0.2222222222222222,0.05927644777969043,96161210999787.84,62.00198761986464,0.04041821443630461,1504.3635104884945,3569911.633328093,4.341275788346102,0.05718564612558491
4.51,schechter,0,2419844947673.2373,0.002419844947673237,97,10,0.10309278350515463,0.059166051308171874,165181182617154.12,85.0643942240087,0.04021684712420523,1502.7348108458343,3553869.805647869,4.295580640988654,0.026201293258054075
4.52,schechter,0,2428114663493.8804,0.0024281146634938804,62,10,0.16129032258064516,0.05905616272691572,57354872734834.11,61.345053092411696,0.04001673795700224,1501.1065096526193,3537928.2449801154,4.250423536602989,0.04048608129611915
4.53,schechter,0,2436391123703.807,0.002436391123703807,100,10,0.1,0.05894672591607686,69137731213013.086,37.41988427066208,0.03981787842615967,1499.478633109485,3522086.15160432,4.205797595040912,0.024791799809337187
4.54,schechter,0,2444674309727.0747,0.0024446743097270747,105,10,0.09523809523809523,0.0588377386183091,362181792974230.25,65.42917590649742,0.03962026006800758,1497.8512070602155,3506342.7335315645,4.161696028379581,0.0233204555358717
4.55,schechter,0,2452964203072.9663,0.002452964203072966,75,10,0.13333333333333333,0.058729202648753365,68075141627182.35,45.49904004593331,0.0394238744640223,1496.2242569894104,3490697.2064130404,4.118112139672767,0.03224712565081777
4.56,schechter,0,2461260785335.4536,0.0024612607853354536,92,10,0.10869565217391304,0.05862118904936087,111783466378426.33,94.22967558163818,0.03922871324108732,1494.59780803407,3475148.7934561176,4.0750393217631595,0.025965614180941027
4.57,schechter,0,2469564038192.6484,0.0024695640381926483,65,10,0.15384615384615385,0.05851361691168955,185277680589397.66,61.42496553633549,0.03903476807173469,1492.97188498377,3459696.7253384124,4.032471056073165,0.036300687166544825
4.58,schechter,0,2477873943406.282,0.002477873943406282,71,10,0.14084507042253522,0.05840648401771342,227694893243104.1,99.00093493446482,0.03884203067436807,1491.3465122849823,3444340.2401227453,3.9904009114214123,0.03282609676862025
4.59,schechter,0,2486190482821.1616,0.0024861904828211616,71,10,0.14084507042253522,0.058299788157107124,100666408403561.6,50.54488671076147,0.0386504928134673,1489.7217140462653,3429078.583176759,3.9488225428597206,0.03242472080545504
4.6,schechter,0,2494513638364.648,0.002494513638364648,66,10,0.15151515151515152,0.058193559473742607,92732879741391.88,55.78942712230012,0.038460146299776024,1488.0975140431055,3413911.0070874332,3.9077296905158656,0.03445525759884012
4.61,schechter,0,2502843392046.1416,0.0025028433920461415,109,10,0.09174311926605505,0.0580878061443133,74011515090058.88,70.9368226201978,0.03827098299047199,1486.4739357198196,3398836.7715838132,3.867116178450767,0.020608467423062923
4.62,schechter,0,2511179725956.5527,0.002511179725956553,151,10,0.06622516556291391,0.057982481984988565,66135021815540.9,51.323882896343875,0.038082994789321374,1484.851002194828,3383855.1434541843,3.826975913530926,0.014695202779025966
4.63,schechter,0,2519522622267.7954,0.0025195226222677956,47,10,0.2127659574468085,0.057877584824667094,226289776802904.06,65.2813933799976,0.03789617364681675,1483.228736264202,3368965.396468138,3.7873028843144416,0.046638285945450095
4.64,schechter,0,2527872063232.2817,0.002527872063232282,74,10,0.13513513513513514,0.05777311249996364,171363844658869.5,84.52442390668392,0.03771051156030021,1481.607160405986,3354166.8113015178,3.7480911599547726,0.029262012465430583
4.6499999999999995,schechter,0,2536228031182.4067,0.0025362280311824067,83,10,0.12048192771084337,0.057669095227936285,136195646912170.17,51.652491158417966,0.03752600057407135,1479.9862967851254,3339458.6754533774,3.709334889109412,0.025772769512332188
4.66,schechter,0,2544590508530.053,0.0025445905085300534,74,10,0.13513513513513514,0.05756553508441997,71630808222861.6,74.94725230223945,0.03734263277948092,1478.3661672529497,3324840.2831766997,3.671028298862683,0.028557393018118694
4.67,schechter,0,2552959477766.0894,0.0025529594777660893,79,10,0.12658227848101267,0.0574623920998808,212945490425492.3,178.8212565647016,0.037160400315010805,1476.7467933571145,3310310.935399574,3.6331656936764642,0.026426631854920557
4.68,schechter,0,2561334921459.89,0.0025613349214598903,76,10,0.13157894736842105,0.05735966415000315,126564983778333.72,64.01750874536425,0.036979295366340204,1475.1281963416022,3295869.9396521407,3.5957414543344384,0.027138226604061483
4.6899999999999995,schechter,0,2569716822258.824,0.002569716822258824,58,10,0.1724137931034483,0.05725734911819014,113562367918365.92,116.29228700994963,0.03679931016639911,1473.5103971467224,3281516.609994206,3.5587500368997094,0.03513182642881702
4.7,schechter,0,2578105162887.7886,0.0025781051628877886,75,10,0.13333333333333333,0.05715545038277581,99572351006301.2,35.13412770059614,0.036620436995409095,1471.893416425021,3267250.26694219,3.5221859717222457,0.026841616739423972
4.71,schechter,0,2586499926148.7183,0.0025864999261487184,106,10,0.09433962264150944,0.057054017989021655,111894366128357.62,104.99601576671883,0.03644266818091213,1470.2772745280515,3253070.2373980703,3.486043862389767,0.018763472569368334
4.72,schechter,0,2594901094920.1074,0.0025949010949201075,60,10,0.16666666666666666,0.056952991021654964,52460415527785.766,58.64157841636468,0.03626599609778732,1468.661991525138,3238975.8545814385,3.450318384771134,0.032750991998286905
4.7299999999999995,schechter,0,2603308652156.5356,0.0026033086521565357,51,10,0.19607843137254902,0.056852367402942416,77544775924537.31,125.62938455454021,0.03609041316825672,1467.0475871966305,3224966.457955114,3.4150042860032714,0.03806883889225118
4.74,schechter,0,2611722580888.2065,0.0026117225808882064,64,10,0.15625,0.05675214506285764,25791310936082.707,32.49542781419392,0.03591591186187994,1465.4340810440226,3211041.393161196,3.3800963835411526,0.0299730812945575
4.75,schechter,0,2620142864220.463,0.0026201428642204628,74,10,0.13513513513513514,0.05665232193908387,24548200060236.68,27.283421236839523,0.035742484695538375,1463.8214922862317,3197200.011952672,3.3455895641820717,0.025612894198119195
4.76,schechter,0,2628569485333.338,0.002628569485333338,51,10,0.19607843137254902,0.056552906485211496,289288088870693.56,116.11286355619416,0.035570124233408995,1462.2098398717064,3183441.672123255,3.311478783136309,0.03672034312754307
4.77,schechter,0,2637002427481.099,0.002637002427481099,88,10,0.11363636363636363,0.05645393200607207,101850462937359.89,84.62150888578307,0.03539882308692853,1460.5991424742745,3169765.737445429,3.277759063080251,0.021027544009024884
4.78,schechter,0,2645441673991.773,0.002645441673991773,145,10,0.06896551724137931,0.056355349465590954,63156205402645.875,66.2105230672135,0.03522857391474806,1458.989418499456,3156171.577604061,3.244425493240274,0.012609705688732962
4.79,schechter,0,2653887208266.71,0.00265388720826671,91,10,0.10989010989010989,0.05625715684003574,149841838544801.94,47.191153700523316,0.0350593694226785,1457.380686090083,3142658.568130008,3.211473228485967,0.019853665176100106
4.8,schechter,0,2662339013780.1294,0.0026623390137801295,63,10,0.15873015873015872,0.05615935211335876,276198621132273.44,101.78237208645784,0.034891202363627125,1455.772963122236,3129226.0903392765,3.1788974884187127,0.028337273553075915
4.81,schechter,0,2670797074078.6787,0.002670797074078679,57,10,0.17543859649122806,0.05606193327719733,80794166247772.38,79.9913492442798,0.034724065537525745,1454.1662672183868,3115873.5312690753,3.14669355650615,0.030949074422567464
4.82,schechter,0,2679261372780.9814,0.0026792613727809815,67,10,0.14925373134328357,0.05596489833087248,89167979821275.23,169.8978113743504,0.03455795179125056,1452.5606157426432,3102600.2836156418,3.114856779189753,0.02601830491978857
4.83,schechter,0,2687731893577.209,0.002687731893577209,96,10,0.10416666666666667,0.055868274563043996,97490443734160.06,102.8170477901319,0.03439285401853435,1450.9560258050715,3089405.7456736234,3.083382565025007,0.017944089971429163
4.84,schechter,0,2696208620228.6387,0.0026962086202286387,68,10,0.14705882352941177,0.05577205027956034,87848904544685.28,92.21773084901322,0.034228765159870625,1449.3525142681824,3076289.321274794,3.0522663838359465,0.02503399326851621
4.85,schechter,0,2704691536567.224,0.002704691536567224,113,10,0.08849557522123894,0.0556762028502642,142362756027846.2,38.81896994571684,0.034065678202410896,1447.7500977486598,3063250.419728769,3.021503765871978,0.014887243945267737
4.86,schechter,0,2713180626495.172,0.002713180626495172,111,10,0.09009009009009009,0.05558073031268307,168337785635841.44,181.6585763838291,0.03390358617985464,1446.148792617534,3050288.455764161,2.991090300972508,0.014977205708039188
4.87,schechter,0,2721675873984.5093,0.002721675873984509,91,10,0.10989010989010989,0.05548563071198942,178045724157540.72,168.96404399894647,0.033742482172332715,1444.5486150051106,3037402.8494712934,2.9610216377535266,0.018054302540945304
4.88,schechter,0,2730177263076.6626,0.0027301772630766627,60,10,0.16666666666666666,0.055390902100998285,201592199565459.12,145.40957086799094,0.03358235930628393,1442.949580806417,3024593.026241584,2.931293482801982,0.027061165055863146
4.89,schechter,0,2738684777882.0435,0.0027386847778820434,125,10,0.08,0.05529654254016314,72224901863249.0,139.62833947580546,0.03342321075432565,1441.3517056781775,3011858.4167142524,2.9019015998701727,0.01283721002116708
4.8999999999999995,schechter,0,2747198402579.6304,0.0027471984025796304,71,10,0.14084507042253522,0.05520255074785396,187838452129192.25,172.018207078664,0.03326502973511832,1439.7550050461614,2999198.4567176998,2.8728418090962906,0.02233636559960487
4.91,schechter,0,2755718121416.557,0.0027557181214165572,76,10,0.13157894736842105,0.0551089652599176,97929919814442.53,35.616796024972636,0.033107809513224104,1438.159494109248,2986612.5872155535,2.844109986232436,0.020623152424561583
4.92,schechter,0,2764243918707.6997,0.0027642439187076998,75,10,0.13333333333333333,0.05501574202491133,274957658668418.3,158.70747295369287,0.032951543398960184,1436.5651878371787,2974100.254251155,2.815702061868463,0.02065439176730217
4.93,schechter,0,2772775778835.2827,0.0027727757788352826,77,10,0.12987012987012986,0.05492287914104288,62132647920972.375,41.372465730702835,0.032796224748246505,1434.9721009751386,2961660.908893382,2.7876140206806066,0.019883608824638643
4.9399999999999995,schechter,0,2781313686248.4585,0.0027813136862484583,83,10,0.12048192771084337,0.054830374714107344,98641854429741.11,43.45165011350057,0.03264184696244863,1433.3802480495506,2949294.0071838005,2.7598419006931287,0.018231706694782947
4.95,schechter,0,2789857625462.9224,0.0027898576254629225,75,10,0.13333333333333333,0.05473822685748131,291729791661561.1,183.04604773229008,0.03248840348821557,1431.7896433675571,2936999.0100829303,2.7323817925362737,0.0199420979228136
4.96,schechter,0,2798407581060.5083,0.0027984075810605085,61,10,0.16393442622950818,0.054646433692117746,56424917036624.625,65.71073395617846,0.03233588781731316,1430.200301019353,2924775.38341962,2.7052298387222624,0.024234616885848274
4.97,schechter,0,2806963537688.794,0.002806963537688794,136,10,0.07352941176470588,0.05455499334653924,416833364007716.94,170.83819432784003,0.032184293486452624,1428.6122348833755,2912622.597837311,2.678382232933055,0.010744053301261158
4.9799999999999995,schechter,0,2815525480060.7188,0.0028155254800607188,94,10,0.10638297872340426,0.05446390395683265,176159394988976.4,107.6930397734437,0.03203361407711513,1427.025458626044,2900540.12874541,2.6518352193116788,0.015364819009993353
4.99,schechter,0,2824093392954.1865,0.0028240933929541867,87,10,0.11494252873563218,0.05437316366664213,88953501010229.06,38.40141940778679,0.03188384321537219,1425.4399857074661,2888527.4562673313,2.625585091770825,0.016409352633971343
