z,luminosity_function,alpha_intrinsic,L_min_Jy_kpc2,L_min_over_L_star,n_generated,n_detected,detection_rate_10_per_n,N_ratio_detectable_L,mean_detected_L,mean_SNR,SFR_psi,comoving_volume_Mpc3,time_Gyr,nfrb_sfr_base,n_total_population_scaled
0.01,std,-2,10000000000.0,1e-05,11,10,0.9090909090909091,1.0,100000000000000.0,10473530.360731876,0.015366633837018974,0.3937920897841238,137678720.05218962,0.016662591467930123,0.01514781042539102
0.02,std,-2,10000000000.0,1e-05,13,10,0.7692307692307693,1.0,100000000000000.0,2765149.0406680168,0.015778461234561884,1.4717787243936322,135706863.92550436,0.06302879116812582,0.04848368551394294
0.03,std,-2,10000000000.0,1e-05,13,10,0.7692307692307693,1.0,100000000000000.0,666870.0270829997,0.016197006898133106,3.244772263544777,133769703.76805276,0.14060693748402497,0.10815918268001921
0.04,std,-2,10000000000.0,1e-05,12,10,0.8333333333333334,1.0,100000000000000.0,701355.4162898255,0.0166223021408091,5.693022685352183,131866423.28089881,0.24957340761727753,0.20797783968106462
0.05,std,-2,10000000000.0,1e-05,10,10,1.0,1.0,100000000000000.0,70115.06556097965,0.01705437728000787,8.796845776884927,129996236.70924087,0.39005299782454605,0.39005299782454605
0.060000000000000005,std,-2,10000000000.0,1e-05,15,10,0.6666666666666666,1.0,100000000000000.0,294850.25384990155,0.017493261604641853,12.536641244389696,128158387.20751494,0.5621199746834067,0.3747466497889378
0.06999999999999999,std,-2,10000000000.0,1e-05,13,10,0.7692307692307693,1.0,100000000000000.0,95813.15556449282,0.017938983341287663,16.892910222553393,126352145.30294725,0.7657992141397333,0.5890763185690256
0.08,std,-2,10000000000.0,1e-05,11,10,0.9090909090909091,1.0,100000000000000.0,54310.37594749561,0.018391569619367408,21.846272158264,124576807.45144194,1.0010674210240171,0.9100612918400155
0.09,std,-2,10000000000.0,1e-05,18,10,0.5555555555555556,1.0,100000000000000.0,54869.094235553275,0.018851046435337065,27.377481047145114,122831694.67989907,1.267854421717733,0.7043635676209629
0.09999999999999999,std,-2,10000000000.0,1e-05,10,10,1.0,1.0,100000000000000.0,84914.39458841963,0.019317438615878545,33.46744100457144,121116151.30983643,1.5660445227143782,1.5660445227143782
0.11,std,-2,10000000000.0,1e-05,16,10,0.625,1.0,100000000000000.0,38611.75181467536,0.019790769780093035,40.097221155341906,119429543.75708403,1.8954779278717944,1.1846737049198715
0.12,std,-2,10000000000.0,1e-05,17,10,0.5882352941176471,1.0,100000000000000.0,17026.34505215361,0.020271062300694323,47.24806982987637,117771259.40308331,2.255952207302221,1.327030710177777
0.13,std,-2,10000000000.0,1e-05,10,10,1.0,1.0,100000000000000.0,48844.95178675068,0.02075833726420218,54.90142805657777,116140705.53330435,2.6472238109353636,2.6472238109353636
0.14,std,-2,10000000000.0,1e-05,12,10,0.8333333333333334,1.0,100000000000000.0,30428.41045630311,0.021252614430137,63.038942343850316,114537308.33873443,3.0690096200106027,2.557508016675502
0.15000000000000002,std,-2,10000000000.0,1e-05,10,10,1.0,1.0,100000000000000.0,24792.266733725246,0.021753912189218152,71.64247674697117,112960511.97664525,3.520988529904044,3.520988529904044
0.16,std,-2,10000000000.0,1e-05,12,10,0.8333333333333334,1.0,100000000000000.0,31286.85797692631,0.02226224752057046,80.69412421817647,111409777.68701176,4.002803057939486,3.335669214949572
0.17,std,-2,10000000000.0,1e-05,13,10,0.7692307692307693,1.0,100000000000000.0,29101.380688135938,0.02277763594794393,90.17621724046744,109884582.96125181,4.514060970055675,3.472354592350519
0.18000000000000002,std,-2,10000000000.0,1e-05,19,10,0.5263157894736842,1.0,100000000000000.0,5054.15745555642,0.023300091494954225,100.0713377474714,108384420.7601139,5.054336920429255,2.660177326541713
0.19,std,-2,10000000000.0,1e-05,13,10,0.7692307692307693,1.0,100000000000000.0,15095.137317659048,0.023829626639352574,110.36232633479109,106908798.77780546,5.623174098467633,4.325518537282795
0.2,std,-2,10000000000.0,1e-05,18,10,0.5555555555555556,1.0,100000000000000.0,33801.62180105956,0.024366252266335785,121.03229076982991,105457238.74949963,6.220085877835791,3.4556032654643283
0.21000000000000002,std,-2,10635660030.156366,1.0635660030156366e-05,14,10,0.7142857142857143,1.0,100000000000000.0,15042.187307795417,0.02490997762090884,132.0646138080219,104029275.79969656,6.844557462426347,4.888969616018819
0.22,std,-2,11904649233.753233,1.1904649233753233e-05,20,10,0.5,1.0,100000000000000.0,6380.335370323386,0.025460810259314456,143.44296032705464,102624457.82893437,7.496047524567553,3.7480237622837764
0.23,std,-2,13267128518.972681,1.3267128518972681e-05,19,10,0.5263157894736842,1.0,100000000000000.0,2049.904957830288,0.026018755999546127,155.15128379041582,101242344.93655138,8.173989830970745,4.302099911037234
0.24000000000000002,std,-2,14726517165.145073,1.4726517165145074e-05,12,10,0.8333333333333334,1.0,100000000000000.0,12414.50815466173,0.02658381887096318,167.17383205442212,99882508.87732875,8.877794852289682,7.398162376908068
0.25,std,-2,16286275067.035124,1.6286275067035124e-05,11,10,0.9090909090909091,1.0,100000000000000.0,9544.136442333178,0.027156001063028613,179.49515253300703,98544532.5499974,9.606851352406942,8.733501229460856
0.26,std,-2,17949901987.72753,1.794990198772753e-05,17,10,0.5882352941176471,1.0,100000000000000.0,5221.320025188797,0.02773530287319293,192.10009673721578,97228009.51565525,10.360527953937932,6.094428208198784
0.27,std,-2,19720936819.511806,1.9720936819511808e-05,12,10,0.8333333333333334,1.0,100000000000000.0,8626.61978407515,0.0283217226539493,204.97382420504366,95932543.54423486,11.138174676612351,9.281812230510294
0.28,std,-2,21602956853.29218,2.1602956853292178e-05,10,10,1.0,1.0,100000000000000.0,4161.905122911492,0.028915256759088154,218.1018058420289,94657748.18751705,11.939124445721543,11.939124445721543
0.29000000000000004,std,-2,23599577057.07154,2.3599577057071542e-05,14,10,0.7142857142857143,1.0,100000000000000.0,1840.6574582287187,0.029515899489181725,231.46982668939063,93403246.37677355,12.762694567820029,9.116210405585734
0.3,std,-2,25714449363.949684,2.5714449363949684e-05,17,10,0.5882352941176471,1.0,100000000000000.0,4753.989268312855,0.03012364303633178,245.0639881395961,92168670.04385954,13.608188171349953,8.004816571382326
0.31,std,-2,27951261970.069263,2.7951261970069265e-05,14,10,0.7142857142857143,1.0,100000000000000.0,950.5623250685979,0.030738477428216556,258.8707096217667,90953659.76403436,14.474895610171563,10.339211150122546
0.32,std,-2,30313738642.89047,3.031373864289047e-05,17,10,0.5882352941176471,1.0,100000000000000.0,2560.1497814261625,0.03136039047147566,272.8767297730911,89757864.41943079,15.362095827949545,9.03652695761738
0.33,std,-2,32805638040.11646,3.2805638040116457e-05,18,10,0.5555555555555556,1.0,100000000000000.0,3599.9879305405825,0.031989367694474906,287.0691071226089,88580940.88171776,16.26905768208825,9.038365378937916
0.34,std,-2,35430753039.580475,3.543075303958047e-05,14,10,0.7142857142857143,1.0,100000000000000.0,3565.3737196652937,0.032625392289495694,301.43522030423543,87422553.71285346,17.195041225653533,12.282172304038237
0.35000000000000003,std,-2,38192910080.34889,3.8192910080348894e-05,14,10,0.7142857142857143,1.0,100000000000000.0,4445.370474143888,0.03326844505439697,315.9627678224637,86282374.8828454,18.13929894630879,12.95664210450628
0.36000000000000004,std,-2,41095968515.25119,4.109596851525119e-05,17,10,0.5882352941176471,1.0,100000000000000.0,6535.204842666071,0.03391850433380093,330.63976739245953,85160083.50335014,19.101076961392135,11.235927624348315
0.37,std,-2,44143819975.040146,4.4143819975040145e-05,12,10,0.8333333333333334,1.0,100000000000000.0,2680.719708598874,0.03457554595985672,345.454554874139,84055365.5762477,20.079616168398736,16.733013473665615
0.38,std,-2,47340387744.322685,4.7340387744322684e-05,18,10,0.5555555555555556,1.0,100000000000000.0,1495.0039334102325,0.035239543192639965,360.39578282481926,82967913.75619605,21.074153350594024,11.707862972552237
0.39,std,-2,50689626149.391716,5.068962614939172e-05,18,10,0.5555555555555556,1.0,100000000000000.0,2449.4368006355535,0.03591046666024937,375.4524186879429,81897427.12626469,22.083922237278937,12.268845687377189
0.4,std,-2,54195519958.05046,5.4195519958050464e-05,20,10,0.5,1.0,100000000000000.0,2918.663721402988,0.03658828429866464,390.6137426426801,80843610.98588744,23.10815451886429,11.554077259432145
0.41000000000000003,std,-2,57862083791.49201,5.786208379149201e-05,14,10,0.7142857142857143,1.0,100000000000000.0,3850.407605727304,0.03727296129143468,405.869345130704,79806176.65031886,24.146080816576053,17.247200583268608
0.42000000000000004,std,-2,61693361548.27988,6.169336154827987e-05,17,10,0.5882352941176471,1.0,100000000000000.0,2712.057196048432,0.037964460009266905,421.2091240860998,78784841.26087493,25.196931607364537,14.821724474920316
0.43,std,-2,65693425840.44012,6.569342584044012e-05,16,10,0.625,1.0,100000000000000.0,1476.3875454545766,0.038662739949594106,436.6232818836421,77779327.60525452,26.259938104119033,16.412461315074395
0.44,std,-2,69866377441.6551,6.98663774416551e-05,26,10,0.38461538461538464,1.0,100000000000000.0,1464.19359462632,0.03936775767619714,452.10232202752877,76789363.94735558,27.33433309187151,10.513205035335197
0.45,std,-2,74216344747.53778,7.421634474753778e-05,30,10,0.3333333333333333,1.0,100000000000000.0,2405.7623158521506,0.04007946675896711,467.6370455985438,75814683.86589663,28.419351720533715,9.473117240177904
0.46,std,-2,78747483247.93599,7.8747483247936e-05,19,10,0.5263157894736842,1.0,100000000000000.0,2547.453125385882,0.04079781771389325,483.21854748016835,74855026.10136408,29.51423225505838,15.533806450030726
0.47000000000000003,std,-2,83463975011.18883,8.346397501118882e-05,16,10,0.625,1.0,100000000000000.0,1474.9502908469917,0.04152275794336715,498.8382123795879,73910134.4107027,30.618216783726243,19.136385489828903
0.48000000000000004,std,-2,88370028180.271,8.837002818027099e-05,17,10,0.5882352941176471,1.0,100000000000000.0,2429.2397818931386,0.04225423167689769,514.4877106620693,72979757.42922702,31.730551885536663,18.66503052090392
0.49,std,-2,93469876480.70897,9.346987648070897e-05,17,10,0.5882352941176471,1.0,100000000000000.0,1738.1883986989674,0.042992179912334685,530.1589940168755,72063648.53939462,32.85048925783209,19.323817210489462
0.5,std,-2,98767778740.16315,9.876777874016315e-05,23,10,0.43478260869565216,1.0,100000000000000.0,1486.4297941544908,0.04373654035770323,545.8442909683919,71161565.7458431,33.977286305003936,14.772733176088668
0.51,std,-2,104268018419.54314,0.00010426801841954314,15,10,0.6666666666666666,1.0,100000000000000.0,699.7359045634402,0.04448724737375437,561.5361022526423,70273271.55644336,35.11020668975847,23.40680445983898
0.52,std,-2,109974903155.54237,0.00010997490315554238,17,10,0.5882352941176471,1.0,100000000000000.0,1706.682487618818,0.04524423191734168,577.2271960688066,69398532.8688438,36.24852084772519,21.32265932219129
0.53,std,-2,115892764314.39314,0.00011589276431439314,14,10,0.7142857142857143,1.0,100000000000000.0,1870.8910215976907,0.04600742148573693,592.9106032255489,68537120.86228469,37.391506467029174,26.70821890502084
0.54,std,-2,122025956556.746,0.000122025956556746,22,10,0.45454545454545453,1.0,100000000000000.0,1778.4123713160182,0.046776740062001616,608.5796121933437,67688810.89416112,38.53844893382804,17.517476788103654
0.55,std,-2,128378857413.44421,0.0001283788574134442,19,10,0.5263157894736842,1.0,100000000000000.0,2335.1606919891115,0.04755210806153499,624.227764076868,66853382.401291125,39.6886417452932,20.888758813312208
0.56,std,-2,134955866872.0796,0.0001349558668720796,19,10,0.5263157894736842,1.0,100000000000000.0,794.6178095167683,0.04833344227992233,639.8488475195614,66030618.80524841,40.84138689111985,21.495466784799923
0.5700000000000001,std,-2,141761406974.09525,0.00014176140697409525,19,10,0.5263157894736842,1.0,100000000000000.0,1034.3574545793394,0.049120655842211244,655.436893554593,65220307.42184981,41.99599520522862,22.103155371172956
0.5800000000000001,std,-2,148799921422.2804,0.0001487999214222804,18,10,0.5555555555555556,1.0,100000000000000.0,1372.9137001197598,0.04991365815374634,670.9861704093156,64422239.37422575,43.151786688527864,23.973214826959925
0.59,std,-2,156075875198.4567,0.0001560758751984567,18,10,0.5555555555555556,1.0,100000000000000.0,1375.8524914338,0.050712354852696435,686.4911782826802,63636209.50946025,44.30809080475019,24.615606002638994
0.6,std,-2,163593754191.1598,0.0001635937541911598,19,10,0.5263157894736842,1.0,100000000000000.0,577.4086858194697,0.051516647764411366,701.946644091693,62862016.318445235,45.4642467496998,23.92855092089463
0.61,std,-2,171358064833.10687,0.00017135806483310688,17,10,0.5882352941176471,1.0,100000000000000.0,1191.452542282063,0.05232643485774771,717.3475162164658,62099461.8588071,46.61960369654496,27.42329629208527
0.62,std,-2,179373333748.27838,0.00017937333374827837,17,10,0.5882352941176471,1.0,100000000000000.0,1147.084578019495,0.05314161020350689,732.6889592298651,61348351.680681646,47.7735210169509,28.10207118644171
0.63,std,-2,187644107408.36328,0.00018764410740836329,22,10,0.45454545454545453,1.0,100000000000000.0,866.2103844755432,0.05396206393512963,747.9663486423965,60608494.75515795,48.92536848076235,22.238803854891977
0.64,std,-2,196174951798.40326,0.00019617495179840327,20,10,0.5,1.0,100000000000000.0,1535.1771145781609,0.054787682211795266,763.1752656547332,59879703.405252725,50.07452643451503,25.037263217257514
0.65,std,-2,204970452091.41086,0.00020497045209141087,24,10,0.4166666666666667,1.0,100000000000000.0,494.25854434199874,0.055618347184074164,778.311491932332,59161793.23922499,51.22038596043918,21.341827483516326
0.66,std,-2,214035212331.75894,0.00021403521233175895,20,10,0.5,1.0,100000000000000.0,1530.7716827946329,0.056453936962285574,793.3710044107712,58454583.086089864,52.36234901728047,26.181174508640236
0.67,std,-2,223373855127.11084,0.00022337385512711085,19,10,0.5263157894736842,1.0,100000000000000.0,1088.1517501230069,0.05729432558771266,808.3499701287514,57757894.933217816,53.4998285635097,28.157804507110367
0.68,std,-2,232991021348.74036,0.00023299102134874037,20,10,0.5,1.0,100000000000000.0,594.6769761169326,0.05813938300682973,823.2447411114226,57071553.86587637,54.632248665153845,27.316124332576923
0.6900000000000001,std,-2,242891369839.96735,0.00024289136983996734,20,10,0.5,1.0,100000000000000.0,574.5367003922772,0.05898897504869533,838.0518492890957,56395388.00860588,55.759044588018924,27.879522294009462
0.7000000000000001,std,-2,253079577132.5584,0.0002530795771325584,20,10,0.5,1.0,100000000000000.0,908.9809164498693,0.059842963405668255,852.7680014762425,55729228.46830064,56.879662876671084,28.439831438335542
0.7100000000000001,std,-2,263560337170.8511,0.0002635603371708511,30,10,0.3333333333333333,1.0,100000000000000.0,337.27917085396336,0.06070120561760056,867.3900744002309,55072909.27894104,57.99356142025231,19.331187140084104
0.72,std,-2,274338361043.43015,0.0002743383610434301,17,10,0.5882352941176471,1.0,100000000000000.0,599.5987355855988,0.061563555059664696,881.9151097956111,54426267.3478233,59.100209506839946,34.76482912167056
0.73,std,-2,285418376722.1397,0.0002854183767221397,23,10,0.43478260869565216,1.0,100000000000000.0,372.50300841251027,0.062429860933968816,896.3403095561857,53789142.40325106,60.19908786658274,26.173516463731623
0.74,std,-2,296805128808.22363,0.0002968051288082236,24,10,0.4166666666666667,1.0,100000000000000.0,903.3441691608425,0.06329996826511489,910.6630309613304,53161376.94359302,61.28968870538419,25.53737029391008
0.75,std,-2,308503378285.44415,0.00030850337828544416,24,10,0.4166666666666667,1.0,100000000000000.0,626.0071746288816,0.06417371789985252,924.8807819694301,52542816.187593825,62.371515729278315,25.988131553865966
0.76,std,-2,320517902279.91766,0.00032051790227991764,19,10,0.5263157894736842,1.0,100000000000000.0,847.8063612123888,0.06505094651097904,938.9912165855649,51933308.025967404,63.444084160730476,33.39162324248972
0.77,std,-2,332853493826.5511,0.0003328534938265511,18,10,0.5555555555555556,1.0,100000000000000.0,545.977551218772,0.06593148660563516,952.9921303077132,51332702.97407133,64.50692074761804,35.83717819312113
0.78,std,-2,345514961641.8423,0.0003455149616418423,16,10,0.625,1.0,100000000000000.0,697.7394531551201,0.06681516653814157,966.8814556484426,50740854.125752576,65.559563765461,40.97472735341312
0.79,std,-2,358507129902.88196,0.00035850712990288195,24,10,0.4166666666666667,1.0,100000000000000.0,570.2194293947375,0.0677018105275198,980.6572577380357,50157617.108157024,66.60156301369543,27.75065125570643
0.8,std,-2,371834838032.3806,0.0003718348380323806,16,10,0.625,1.0,100000000000000.0,548.8840737182718,0.06859123867983588,994.3177300126359,49582850.03763585,67.63247980701581,42.27029987938488
0.81,std,-2,385502940489.53644,0.0003855029404895364,25,10,0.4,1.0,100000000000000.0,291.713521857138,0.06948326701550157,1007.8611899817073,49016413.47646635,68.65188696162215,27.460754784648863
0.8200000000000001,std,-2,399516306566.57825,0.00039951630656657826,29,10,0.3448275862068966,1.0,100000000000000.0,628.7977502660518,0.0703777075016633,1021.286075082153,48458170.39061373,69.65936877772343,24.020471992318427
0.8300000000000001,std,-2,413879820190.8101,0.0004138798201908101,23,10,0.43478260869565216,1.0,100000000000000.0,493.86045149841186,0.0712743680898028,1034.590938618868,47907986.10823188,70.65452101840566,30.7193569645242
0.8400000000000001,std,-2,428598379731.9967,0.0004285983797319967,23,10,0.43478260869565216,1.0,100000000000000.0,774.8962200228887,0.07217305275866856,1047.7744457906565,47365728.279101126,71.63695088556149,31.146500385026734
0.85,std,-2,443676897814.9335,0.00044367689781493345,22,10,0.45454545454545453,1.0,100000000000000.0,543.2792021587311,0.0730735615626498,1060.835369801806,46831266.83476413,72.60627699303085,33.00285317865038
0.86,std,-2,459120301137.0272,0.00045912030113702724,24,10,0.4166666666666667,1.0,100000000000000.0,608.6769567601608,0.07397569068569808,1073.7725880644816,46304473.94949488,73.56212933793748,30.650887224140618
0.87,std,-2,474933530290.75226,0.00047493353029075226,24,10,0.4166666666666667,1.0,100000000000000.0,744.1691286794086,0.07487923250089422,1086.5850784832624,45785224.0019454,74.50414926980619,31.043395529085913
0.88,std,-2,491121539590.82385,0.0004911215395908238,24,10,0.4166666666666667,1.0,100000000000000.0,253.15309672574955,0.07578397563574907,1099.2719158332925,45273393.53755888,75.4319894587605,31.429995607816874
0.89,std,-2,507689296905.9433,0.0005076892969059433,30,10,0.3333333333333333,1.0,100000000000000.0,474.17888464959333,0.07668970504331966,1111.8322682180922,44768861.231587745,76.34531386193883,25.44843795397961
0.9,std,-2,524641783494.9676,0.0005246417834949676,25,10,0.4,1.0,100000000000000.0,248.84576141833605,0.07759620207921059,1124.2653936221136,44271507.85283817,77.24379768967745,30.89751907587098
0.91,std,-2,541983993847.3833,0.0005419839938473833,21,10,0.47619047619047616,1.0,100000000000000.0,547.7661139463196,0.07850324458452297,1136.570636542446,43781216.22801512,78.12712737047873,37.20339398594225
0.92,std,-2,559720935527.9209,0.0005597209355279209,33,10,0.30303030303030304,1.0,100000000000000.0,569.0098801290272,0.07941060697480082,1148.7474247116313,43297871.206686266,78.99500051587526,23.937878944204627
0.93,std,-2,577857629025.2083,0.0005778576290252082,19,10,0.5263157894736842,1.0,100000000000000.0,418.8603224606951,0.08031806033501555,1160.7952659038879,42821359.6268634,79.84712588489751,42.024803097314475
0.9400000000000001,std,-2,596399107604.3141,0.0005963991076043141,20,10,0.5,1.0,100000000000000.0,194.9688599219774,0.08122537252061583,1172.7137448235985,42351570.28113079,80.68322334814756,40.34161167407378
0.9500000000000001,std,-2,615350417163.0596,0.0006153504171630596,29,10,0.3448275862068966,1.0,100000000000000.0,471.5605048590987,0.08213230826466011,1184.5025200804712,41888393.88338472,81.50302385208306,28.104490983476918
0.9600000000000001,std,-2,634716616092.0048,0.0006347166160920048,30,10,0.3333333333333333,1.0,100000000000000.0,284.1420550991753,0.0830386292910345,1196.1613212459195,41431723.03608367,82.30626938310789,27.435423127702627
0.97,std,-2,654502775137.9434,0.0006545027751379434,22,10,0.45454545454545453,1.0,100000000000000.0,246.97332748208845,0.08394409443374791,1207.6899459912838,40981452.198053606,83.09271293172678,37.769414968966714
0.98,std,-2,674713977270.8403,0.0006747139772708404,28,10,0.35714285714285715,1.0,100000000000000.0,422.76521970973755,0.08484845976228053,1219.0882573046667,40537477.652815565,83.86211845658832,29.950756591638687
0.99,std,-2,695355317554.0735,0.0006953553175540735,31,10,0.3225806451612903,1.0,100000000000000.0,224.08450550482894,0.08575147871295036,1230.3561807920782,40099697.47744613,84.6142608489191,27.294922854490032
1.0,std,-2,716431903017.8846,0.0007164319030178847,29,10,0.3448275862068966,1.0,100000000000000.0,168.89368133413078,0.08665290222624604,1241.493702047532,39668011.51188104,85.34892589617039,29.43066410212772
1.01,std,-2,737948852535.9249,0.0007379488525359249,22,10,0.45454545454545453,1.0,100000000000000.0,179.1127074438716,0.08755247889006164,1252.5008641130325,39242321.32879002,86.06591024662762,39.120868293921646
1.02,std,-2,759911296704.8165,0.0007599112967048166,31,10,0.3225806451612903,1.0,100000000000000.0,201.24142358124465,0.08844995508875261,1263.3777650002962,38822530.203856505,86.76502137272237,27.988716571845927
1.03,std,-2,782324377726.5947,0.0007823243777265947,32,10,0.3125,1.0,100000000000000.0,333.69370116235535,0.08934507515791797,1274.124555296756,38408543.086599246,87.446077534895,27.326899229654686
1.04,std,-2,805193249293.9961,0.0008051932492939961,18,10,0.5555555555555556,1.0,100000000000000.0,185.84941474677697,0.09023758154479809,1284.7414358404226,38000266.571585506,88.10890774460783,48.9493931914488
1.05,std,-2,828523076478.4237,0.0008285230764784237,36,10,0.2777777777777778,1.0,100000000000000.0,163.191803971764,0.09112721497416236,1295.2286554661082,37597608.87017283,88.75335172695799,24.653708813043888
1.06,std,-2,852319035620.5739,0.0008523190356205738,31,10,0.3225806451612903,1.0,100000000000000.0,331.41627612900817,0.09201371461954395,1305.5865088219266,37200479.78263619,89.37925988244955,28.832019316919208
1.07,std,-2,876586314223.595,0.000876586314223595,19,10,0.5263157894736842,1.0,100000000000000.0,310.7399467285257,0.09289681827966537,1315.815334255746,36808790.67077036,89.98649324805031,47.36131223581595
1.08,std,-2,901330110848.7073,0.0009013301108487073,21,10,0.47619047619047616,1.0,100000000000000.0,241.31087925950442,0.09377626255988103,1325.9155117674807,36422454.43092041,90.57492345707506,43.1309159319405
1.09,std,-2,926555635013.2113,0.0009265556350132113,32,10,0.3125,1.0,100000000000000.0,284.55747275725037,0.09465178305844799,1335.887461027688,36041385.46742419,91.14443269780688,28.48263521806465
1.1,std,-2,952268107090.794,0.000952268107090794,21,10,0.47619047619047616,1.0,100000000000000.0,193.44878288947226,0.09552311455742028,1345.7316394592679,35665499.66649557,91.69491367061757,43.664244605055984
1.11,std,-2,978472758214.075,0.000978472758214075,26,10,0.38461538461538464,1.0,100000000000000.0,281.8759436884926,0.09638999121794681,1355.4485403856395,35294714.37049736,92.2262695435929,35.47164213215112
1.12,std,-2,1005174830179.2888,0.0010051748301792888,31,10,0.3225806451612903,1.0,100000000000000.0,127.27921763336103,0.09725214677973788,1365.0386912336724,34928948.352648705,92.73841390587003,29.91561738899033
1.1300000000000001,std,-2,1032379575353.0773,0.0010323795753530772,21,10,0.47619047619047616,1.0,100000000000000.0,302.80100545027943,0.09810931476444977,1374.5026518047991,34568121.792101,93.23127071932154,44.395843199676925
1.1400000000000001,std,-2,1060092256581.298,0.001060092256581298,36,10,0.2777777777777778,1.0,100000000000000.0,224.9208145389507,0.09896122868272254,1383.8410125973844,34212156.24944995,93.70477426749319,26.029103963192554
1.1500000000000001,std,-2,1088318147099.7756,0.0010883181470997757,29,10,0.3448275862068966,1.0,100000000000000.0,201.49534226540447,0.09980762224459194,1393.054393190587,33860974.64260373,94.15886910216341,32.46857555247014
1.1600000000000001,std,-2,1117062530446.937,0.001117062530446937,23,10,0.43478260869565216,1.0,100000000000000.0,213.03734159420287,0.10064822957298275,1402.1434406822614,33514501.22304822,94.59350998700232,41.127613037827096
1.17,std,-2,1146330700378.3215,0.0011463307003783216,32,10,0.3125,1.0,100000000000000.0,306.44380428276406,0.10148278541997709,1411.1088281802206,33172661.552509196,95.00866183816748,29.69020682442734
1.18,std,-2,1176127960782.8044,0.0011761279607828043,32,10,0.3125,1.0,100000000000000.0,301.2916270306632,0.1023110253855389,1419.9512533477996,32835382.47995832,95.40429966162964,29.81384364425926
1.19,std,-2,1206459625600.5786,0.0012064596256005785,39,10,0.2564102564102564,1.0,100000000000000.0,146.3187780405982,0.10313268613836393,1428.6714370008392,32502592.119014297,95.78040848705771,24.559079099245565
1.2,std,-2,1237331018742.7651,0.001237331018742765,31,10,0.3225806451612903,1.0,100000000000000.0,228.91524207520766,0.1039475056385125,1437.2701217528156,32174219.82570734,96.13698329783942,31.011930096077233
1.21,std,-2,1268747474012.66,0.0012687474740126598,17,10,0.5882352941176471,1.0,100000000000000.0,248.39850820749916,0.1047552233614732,1445.748070710765,31850196.176586464,96.47402895724345,56.7494287983785
1.22,std,-2,1300714335028.515,0.0013007143350285148,22,10,0.45454545454545453,1.0,100000000000000.0,201.87196089096926,0.10555558052329424,1454.106066215891,31530452.947203357,96.7915601303064,43.996163695593815
1.23,std,-2,1333236955147.8352,0.0013332369551478352,27,10,0.37037037037037035,1.0,100000000000000.0,151.69764514807827,0.10634832030641155,1462.3449086351488,31214923.090939093,97.08960120166779,35.959111556173255
1.24,std,-2,1366320697393.1233,0.0013663206973931234,27,10,0.37037037037037035,1.0,100000000000000.0,81.03139733712271,0.10713318808579403,1470.4654151905406,30903540.718176357,97.36818618838362,36.062291180882816
1.25,std,-2,1399970934379.0542,0.0013999709343790541,40,10,0.25,1.0,100000000000000.0,218.37062474433483,0.1079099316550206,1478.468418837114,30596241.075822484,97.62735864838898,24.406839662097244
1.26,std,-2,1434193048241.011,0.001434193048241011,37,10,0.2702702702702703,1.0,100000000000000.0,93.27437671256025,0.10867830145189603,1486.3547671819229,30292960.52715669,97.86717158393691,26.450586914577546
1.27,std,-2,1468992430564.9338,0.0014689924305649339,36,10,0.2777777777777778,1.0,100000000000000.0,145.21042093117313,0.10943805078320944,1494.1253214433307,29993636.532022804,98.0876873399801,27.246579816661143
1.28,std,-2,1504374482318.4841,0.0015043744823184841,29,10,0.3448275862068966,1.0,100000000000000.0,234.8795100721139,0.11018893604823399,1501.7809554487228,29698207.62734887,98.28897749726272,33.89275086112508
1.29,std,-2,1540344613783.4087,0.0015403446137834088,18,10,0.5555555555555556,1.0,100000000000000.0,118.32196350966896,0.11093071696056572,1509.3225546730614,29406613.407992665,98.47112276024347,54.70617931124638
1.3,std,-2,1576908244489.1655,0.0015769082444891656,22,10,0.45454545454545453,1.0,100000000000000.0,99.80342146417934,0.11166315676789583,1516.751015314291,29118794.50790167,98.634212839526,44.83373310887546
1.31,std,-2,1614070803147.6592,0.0016140708031476593,22,10,0.45454545454545453,1.0,100000000000000.0,168.46973935120755,0.11238602246931209,1524.0672434051944,28834692.581594545,98.77834632878628,44.89924833126649
1.32,std,-2,1651837727589.162,0.001651837727589162,53,10,0.18867924528301888,1.0,100000000000000.0,138.61903457368356,0.11309908502972522,1531.2721539563759,28554250.285959702,98.90363057584528,18.661062372801
1.33,std,-2,1690214464699.3054,0.0016902144646993055,30,10,0.3333333333333333,1.0,100000000000000.0,126.16186972979706,0.11380211959101888,1538.3666701411219,28277411.26235228,99.01018154854462,33.00339384951487
1.34,std,-2,1729206470357.143,0.001729206470357143,24,10,0.4166666666666667,1.0,100000000000000.0,170.72034943224497,0.11449490567952506,1545.3517225047349,28004120.11900111,99.09812369437294,41.2908848726554
1.35,std,-2,1768819209374.2512,0.0017688192093742513,35,10,0.2857142857142857,1.0,100000000000000.0,133.32482036204357,0.11517722740943068,1552.228248212497,27734322.413720313,99.16758979479859,28.333597084228167
1.36,std,-2,1809058155434.8284,0.0018090581554348283,28,10,0.35714285714285715,1.0,100000000000000.0,122.16755069637482,0.11584887368172872,1558.9971903236394,27467964.636896268,99.21872081346197,35.43525743337928
1.37,std,-2,1849928791036.7842,0.0018499287910367843,46,10,0.21739130434782608,1.0,100000000000000.0,144.11556583417968,0.11650963837833293,1565.6594970992876,27204994.194798715,99.25166573900285,21.57644907369627
1.3800000000000001,std,-2,1891436607433.7336,0.0018914366074337335,22,10,0.45454545454545453,1.0,100000000000000.0,191.93227506938595,0.1171593205509839,1572.2161213352176,26945359.393152125,99.26658142181519,45.12117337355236
1.3900000000000001,std,-2,1933587104577.9614,0.0019335871045779614,35,10,0.2857142857142857,1.0,100000000000000.0,150.67390806988828,0.11779772460458442,1578.668019726466,26689009.4209975,99.26363240540967,28.361037830117045
1.4000000000000001,std,-2,1976385791064.2334,0.0019763857910642334,30,10,0.3333333333333333,1.0,100000000000000.0,134.37603923821015,0.11842466047461185,1585.0161522560113,26435894.334847275,99.24299075204111,33.080996917347036
1.4100000000000001,std,-2,2019838184074.4907,0.002019838184074491,44,10,0.22727272727272727,1.0,100000000000000.0,60.62368679752935,0.1190399437982678,1591.2614816116445,26185965.04308979,99.20483586286016,22.54655360519549
1.42,std,-2,2063949809323.3977,0.0020639498093233976,23,10,0.43478260869565216,1.0,100000000000000.0,101.88149443190855,0.1196433960790384,1597.4049726269761,25939173.29070372,99.14935429273399,43.10841490988434
1.43,std,-2,2108726201004.6685,0.0021087262010046686,32,10,0.3125,1.0,100000000000000.0,116.26519296991655,0.12023484484435139,1603.4475917473842,25695471.644191947,99.07673955963888,30.96148111238715
1.44,std,-2,2154172901738.218,0.002154172901738218,31,10,0.3225806451612903,1.0,100000000000000.0,157.11783945711937,0.12081412379603326,1609.390306519035,25454813.47682177,98.98719194904591,31.93135224162771
1.45,std,-2,2200295462518.086,0.002200295462518086,22,10,0.45454545454545453,1.0,100000000000000.0,44.156031893516825,0.12138107295328354,1615.2340851019096,25217152.95410143,98.88091831331634,44.94587196059834
1.46,std,-2,2247099442661.0596,0.0022470994426610595,29,10,0.3448275862068966,1.0,100000000000000.0,80.65668595078102,0.12193553878790152,1620.9798958030444,24982445.019521292,98.75813186622165,34.0545282297316
1.47,std,-2,2294590409756.1226,0.0022945904097561227,25,10,0.4,1.0,100000000000000.0,77.48313321456554,0.12247737435151856,1626.6287066335265,24750645.38054905,98.61905197302148,39.4476207892086
1.48,std,-2,2342773939614.502,0.002342773939614502,33,10,0.30303030303030304,1.0,100000000000000.0,164.20607004994838,0.12300643939460665,1632.1814848815907,24521710.494854964,98.4639039358071,29.83754664721427
1.49,std,-2,2391655616220.48,0.00239165561622048,42,10,0.23809523809523808,1.0,100000000000000.0,106.43803473935179,0.12352260047705375,1637.6391967131315,24295597.556820426,98.29291877529431,23.403075898879596
1.5,std,-2,2441241031682.843,0.002441241031682843,45,10,0.2222222222222222,1.0,100000000000000.0,197.04095973125257,0.1240257310701164,1643.0028067819326,24072264.484238382,98.10633300792593,21.80140733509465
1.51,std,-2,2491535786186.9937,0.0024915357861869936,29,10,0.3448275862068966,1.0,100000000000000.0,77.55123397277501,0.12451571164958056,1648.2732778654477,23851669.90529175,97.90438841989781,33.7601339378958
1.52,std,-2,2542545487947.7124,0.0025425454879477124,31,10,0.3225806451612903,1.0,100000000000000.0,111.72724108680936,0.12499242977998155,1653.451570517979,23633773.145745885,97.68733183767557,31.512042528282443
1.53,std,-2,2594275753162.5024,0.0025942757531625025,19,10,0.5263157894736842,1.0,100000000000000.0,94.91171110168452,0.12545578018975678,1658.53864273287,23418534.21637197,97.45541489490944,51.2923236288997
1.54,std,-2,2646732205965.5596,0.0026467322059655594,39,10,0.2564102564102564,1.0,100000000000000.0,85.83977078674617,0.12590566483722512,1663.5354496337243,23205913.800602216,97.20889379727906,24.925357383917706
1.55,std,-2,2699920478382.3374,0.0026999204783823374,57,10,0.17543859649122806,1.0,100000000000000.0,72.36059333731315,0.12634199296731044,1668.4429431727574,22995873.24240182,96.94802908425676,17.008426155132764
1.56,std,-2,2753846210284.689,0.002753846210284689,45,10,0.2222222222222222,1.0,100000000000000.0,140.23634521767795,0.12676468115894596,1673.2620718447693,22788374.534365553,96.67308538868879,21.482907864153063
1.57,std,-2,2808515049346.508,0.002808515049346508,38,10,0.2631578947368421,1.0,100000000000000.0,103.8488580844765,0.12717365336312167,1677.9937804221076,22583380.306024913,96.38433119480824,25.36429768284427
1.58,std,-2,2863932651000.0034,0.0028639326510000035,24,10,0.4166666666666667,1.0,100000000000000.0,144.1382404508514,0.1275688409315561,1682.6390096966666,22380853.81236754,96.08203859424437,40.03418274760182
1.59,std,-2,2920104678392.425,0.002920104678392425,29,10,0.3448275862068966,1.0,100000000000000.0,98.91558015742847,0.12795018263599814,1687.1986962387184,22180758.922575094,95.76648304100316,33.02292518655281
1.6,std,-2,2977036802343.3813,0.002977036802343381,44,10,0.22727272727272727,1.0,100000000000000.0,67.94518530168189,0.12831762467818383,1691.6737721724805,21983060.10894857,95.4379431056498,21.690441614920406
1.61,std,-2,3034734701302.573,0.003034734701302573,39,10,0.2564102564102564,1.0,100000000000000.0,122.93959681955148,0.12867112069049735,1696.0651649546369,21787722.43604854,95.0967002284098,24.383769289335845
1.62,std,-2,3093204061308.101,0.003093204061308101,51,10,0.19607843137254902,1.0,100000000000000.0,76.36212873095853,0.12901063172740435,1700.37379717868,21594711.550035674,94.74303847280478,18.577066367216624
1.6300000000000001,std,-2,3152450575945.216,0.0031524505759452158,33,10,0.30303030303030304,1.0,100000000000000.0,61.42319549101588,0.1293361262477481,1704.6005863754854,21403993.66818979,94.37724427843717,28.59916493285975
1.6400000000000001,std,-2,3212479946305.5376,0.0032124799463055377,30,10,0.3333333333333333,1.0,100000000000000.0,107.47435242206618,0.12964758008801838,1708.7464448400694,21215535.568644308,93.99960621515076,31.33320207171692
1.6500000000000001,std,-2,3273297880946.749,0.003273297880946749,42,10,0.23809523809523808,1.0,100000000000000.0,148.3375836923017,0.12994497642672279,1712.8122794594854,21029304.58028762,93.6104147373258,22.28819398507757
1.6600000000000001,std,-2,3334910095852.715,0.003334910095852715,44,10,0.22727272727272727,1.0,100000000000000.0,84.49155637794266,0.13022830574001035,1716.798991553049,20845268.57286173,93.2099619394492,21.184082258965727
1.6700000000000002,std,-2,3397322314394.067,0.0033973223143940667,33,10,0.30303030303030304,1.0,100000000000000.0,99.36054534028158,0.13049756574871402,1720.7074767249208,20663395.94724198,92.79854131325415,28.1207700949255
1.68,std,-2,3460540267289.204,0.003460540267289204,63,10,0.15873015873015872,1.0,100000000000000.0,54.2837307401072,0.13075276135699798,1724.5386247256813,20483655.625891827,92.37644750658218,14.662928175647965
1.69,std,-2,3524569692565.691,0.003524569692565691,33,10,0.30303030303030304,1.0,100000000000000.0,88.47089328227683,0.13099390458281196,1728.2933193211513,20306017.043500546,91.94397608426912,27.86181093462701
1.7,std,-2,3589416335522.116,0.0035894163355221164,30,10,0.3333333333333333,1.0,100000000000000.0,34.106395286019904,0.13122101448037002,1731.9724381707963,20130450.13778125,91.5014232914333,30.500474430477766
1.71,std,-2,3655085948690.2827,0.0036550859486902828,34,10,0.29411764705882354,1.0,100000000000000.0,74.60101630696386,0.13143411705488842,1735.5768527187809,19956925.34045368,91.04908581977882,26.77914288817024
1.72,std,-2,3721584291797.868,0.003721584291797868,42,10,0.23809523809523808,1.0,100000000000000.0,93.16122369153568,0.13163324516982902,1739.1074280837283,19785413.568385925,90.58726057639417,21.568395375331946
1.73,std,-2,3788917131731.407,0.003788917131731407,41,10,0.24390243902439024,1.0,100000000000000.0,78.03926000494347,0.1318184384469108,1742.5650229692847,19615886.214899182,90.11624445655661,21.979571818672344
1.74,std,-2,3857090242499.6694,0.0038570902424996693,48,10,0.20833333333333334,1.0,100000000000000.0,72.83440318315809,0.13198974315916043,1745.950489569912,19448315.141239457,89.63633411952625,18.674236274901304
1.75,std,-2,3926109405197.412,0.003926109405197412,31,10,0.3225806451612903,1.0,100000000000000.0,96.55890807010846,0.13214721211728916,1749.2646734917403,19282672.668198943,89.14782576859758,28.75736315116051
1.76,std,-2,3995980407969.492,0.003995980407969492,35,10,0.2857142857142857,1.0,100000000000000.0,101.33366288743643,0.13229090454968861,1752.508413675622,19118931.567901675,88.65101493509334,25.32886141002667
1.77,std,-2,4066709045975.3394,0.004066709045975339,33,10,0.30303030303030304,1.0,100000000000000.0,61.99379523678848,0.13242088597635046,1755.6825423338134,18957065.055737577,88.1461962670933,26.71096856578585
1.78,std,-2,4138301121353.729,0.004138301121353729,27,10,0.37037037037037035,1.0,100000000000000.0,62.329246897371,0.1325372280770222,1758.7878848817045,18797046.782446537,87.63366332222498,32.4569123415648
1.79,std,-2,4210762443187.9604,0.00421076244318796,32,10,0.3125,1.0,100000000000000.0,77.71093167441738,0.13264000855391733,1761.825259888036,18638850.826349083,87.11370836594112,27.2230338643566
1.8,std,-2,4284098827471.3257,0.004284098827471326,47,10,0.2127659574468085,1.0,100000000000000.0,54.74137061886826,0.1327293109893057,1764.7954790213012,18482451.68572671,86.58662217440829,18.42268556902304
1.81,std,-2,4358316097072.9175,0.0043583160970729175,45,10,0.2222222222222222,1.0,100000000000000.0,70.27012063335096,0.13280522469831382,1767.6993470062544,18327824.271332726,86.05269384284357,19.122820853965237
1.82,std,-2,4433420081703.759,0.004433420081703759,35,10,0.2857142857142857,1.0,100000000000000.0,88.5839768965111,0.132867844577269,1770.5376615870043,18174943.89906127,85.51221059945512,24.432060171272887
1.83,std,-2,4509416617883.237,0.004509416617883237,36,10,0.2777777777777778,1.0,100000000000000.0,76.48626954399163,0.13291727094792347,1773.311213491631,18023786.282729935,84.9654576247247,23.601516006867975
1.84,std,-2,4586311548905.839,0.004586311548905839,37,10,0.2702702702702703,1.0,100000000000000.0,99.09202522450292,0.13295360939789763,1776.0207864009571,17874327.527015675,84.41271787653186,22.81424807473834
1.85,std,-2,4664110724808.251,0.004664110724808251,42,10,0.23809523809523808,1.0,100000000000000.0,74.0143015973448,0.13297697061768127,1778.6671569306297,17726544.12051855,83.85427192159679,19.965302838475424
1.86,std,-2,4742820002336.647,0.004742820002336647,26,10,0.38461538461538464,1.0,100000000000000.0,48.58348272166471,0.1329874702345315,1781.2510946038208,17580412.92894541,83.29039777226782,32.03476837394916
1.87,std,-2,4822445244914.354,0.004822445244914353,44,10,0.22727272727272727,1.0,100000000000000.0,94.89376417899972,0.13298522864360543,1783.773361841075,17435911.18843124,82.72137073013698,18.800311529576586
1.8800000000000001,std,-2,4902992322609.811,0.0049029923226098105,46,10,0.21739130434782608,1.0,100000000000000.0,60.522753103253265,0.13297037083666333,1786.2347139472297,17293016.49898085,82.14746323556108,17.858144181643713
1.8900000000000001,std,-2,4984467112104.727,0.004984467112104727,32,10,0.3125,1.0,100000000000000.0,62.88135208541901,0.13294302622867502,1788.6358991013515,17151706.818034906,81.56894472349943,25.490295226093572
1.9000000000000001,std,-2,5066875496662.583,0.005066875496662583,48,10,0.20833333333333334,1.0,100000000000000.0,30.05601324603157,0.13290332848265865,1790.9776583579194,17011960.454154097,80.98608148609968,16.8721003096041
1.9100000000000001,std,-2,5150223366097.398,0.005150223366097399,44,10,0.22727272727272727,1.0,100000000000000.0,74.39582927822468,0.13285141533307546,1793.2607256421447,16873756.06082675,80.39913654134159,18.272531032123087
1.9200000000000002,std,-2,5234516616742.763,0.005234516616742763,31,10,0.3225806451612903,1.0,100000000000000.0,73.08776913386079,0.13278742840810062,1795.4858277536512,16737072.630372385,79.80836950832307,25.744635325265506
1.93,std,-2,5319761151421.102,0.0053197611514211015,55,10,0.18181818181818182,1.0,100000000000000.0,59.30401185517458,0.13271151305108214,1797.653684374197,16601889.488000676,79.21403648931062,14.402552088965567
1.94,std,-2,5405962879413.258,0.005405962879413258,48,10,0.20833333333333334,1.0,100000000000000.0,65.4213857637725,0.1326238181414942,1799.7650080752362,16468186.28592861,78.61638995793446,16.37841457456968
1.95,std,-2,5493127716428.257,0.0054931277164282566,78,10,0.1282051282051282,1.0,100000000000000.0,73.4001557901346,0.13252449591568408,1801.8205043310932,16335942.997650843,78.01567865425484,10.002010083878824
1.96,std,-2,5581261584573.361,0.005581261584573362,73,10,0.136986301369863,1.0,100000000000000.0,50.75948785314525,0.13241370178770218,1803.8208715339956,16205139.912292665,77.41214748619659,10.604403765232409
1.97,std,-2,5670370412324.423,0.005670370412324423,50,10,0.2,1.0,100000000000000.0,46.21762720628939,0.13229159417049882,1805.7668010078612,16075757.62908553,76.80603743740213,15.361207487480426
1.98,std,-2,5760460134496.367,0.005760460134496367,41,10,0.24390243902439024,1.0,100000000000000.0,41.95718895182898,0.13215833429775978,1807.6589770356873,15947777.051919853,76.19758548189935,18.58477694680472
1.99,std,-2,5851536692213.99,0.00585153669221399,35,10,0.2857142857142857,1.0,100000000000000.0,56.84736515958696,0.1320140860466449,1809.4980768726775,15821179.384035045,75.58702450464222,21.596292715612062
2.0,std,-2,5943606032882.984,0.005943606032882984,33,10,0.30303030303030304,1.0,100000000000000.0,64.96289883918755,0.13185901576168338,1811.2847707786739,15695946.122775251,74.97458322896891,22.719570675445127
2.01,std,-2,6036674110161.202,0.006036674110161202,42,10,0.23809523809523808,1.0,100000000000000.0,54.73806805679451,0.13169329208006922,1813.0197220381876,15572059.054465903,74.36048614983775,17.704877654723273
2.02,std,-2,6130746883930.105,0.006130746883930106,40,10,0.25,1.0,100000000000000.0,54.28276350817457,0.13151708575859106,1814.7035869963736,15449500.249373306,73.74495347378276,18.43623836844569
2.03,std,-2,6225830320266.482,0.0062258303202664825,54,10,0.18518518518518517,1.0,100000000000000.0,36.78559115772672,0.13133056950241706,1816.337015080152,15328252.056764135,73.12820106431406,13.542259456354454
2.04,std,-2,6321930391414.371,0.006321930391414371,28,10,0.35714285714285715,1.0,100000000000000.0,79.8788444385888,0.13113391779594796,1817.9206488386349,15208297.100052891,72.51044039402635,25.89658585500941
2.05,std,-2,6419053075757.199,0.006419053075757199,46,10,0.21739130434782608,1.0,100000000000000.0,54.03480196931135,0.13092730673593825,1819.455123973694,15089618.27204791,71.89187850217098,15.628669239602386
2.0599999999999996,std,-2,6517204357790.156,0.006517204357790156,48,10,0.20833333333333334,1.0,100000000000000.0,84.9641818026176,0.1307109138670736,1820.9410693746643,14972198.730271557,71.27271795804928,14.848482907926934
2.07,std,-2,6616390228092.762,0.0066163902280927615,49,10,0.20408163265306123,1.0,100000000000000.0,58.36807970160466,0.1304849180201844,1822.3791071561807,14856021.89238433,70.65315683021214,14.419011598002477
2.0799999999999996,std,-2,6716616683301.631,0.0067166166833016305,43,10,0.23255813953488372,1.0,100000000000000.0,62.342290160366495,0.1302494991532604,1823.7698526967417,14741071.431683572,70.03338866111025,16.28683457235122
2.09,std,-2,6817889726083.491,0.006817889726083491,45,10,0.2222222222222222,1.0,100000000000000.0,39.414828351872394,0.13000483819542183,1825.113914679817,14627331.272682121,69.41360244716606,15.425244988259124
2.0999999999999996,std,-2,6920215365108.346,0.006920215365108346,66,10,0.15151515151515152,1.0,100000000000000.0,32.65163203766254,0.12975111689399202,1826.411895130593,14514785.586787315,68.79398262397098,10.423330700601664
2.11,std,-2,7023599615022.907,0.007023599615022907,49,10,0.20408163265306123,1.0,100000000000000.0,64.3864044959649,0.12948851766480282,1827.6643894631225,14403418.788036415,68.17470905682688,13.91320592996467
2.1199999999999997,std,-2,7128048496424.144,0.007128048496424144,66,10,0.15151515151515152,1.0,100000000000000.0,35.259209934655644,0.1292172234458553,1828.871986519523,14293215.5289337,67.55595703600453,10.235751066061292
2.13,std,-2,7233568035833.113,0.0072335680358331135,48,10,0.20833333333333334,1.0,100000000000000.0,27.194780382395614,0.12893741755444604,1830.035268617127,14184160.69634576,66.93789727697214,13.945395266035863
2.1399999999999997,std,-2,7340164265668.921,0.007340164265668921,41,10,0.24390243902439024,1.0,100000000000000.0,51.961772363857676,0.12864928354785926,1831.1548115901317,14076239.407488255,66.32069592509802,16.175779493926346
2.15,std,-2,7447843224222.883,0.0074478432242228824,51,10,0.19607843137254902,1.0,100000000000000.0,54.21938295552802,0.12835300508771263,1832.2311848394752,13969437.005973084,65.70451456503616,12.88323815000709
2.1599999999999997,std,-2,7556610955632.951,0.007556610955632951,71,10,0.14084507042253522,1.0,100000000000000.0,51.7571461047808,0.12804876580803742,1833.2649513768038,13863739.057946578,65.08951023426522,9.167536652713412
2.17,std,-2,7666473509858.157,0.0076664735098581575,74,10,0.13513513513513514,1.0,100000000000000.0,57.31207328990625,0.12773674918715994,1834.256667873983,13759131.34827611,64.47583544084185,8.7129507352489
2.1799999999999997,std,-2,7777436942653.467,0.007777436942653467,49,10,0.20408163265306123,1.0,100000000000000.0,36.305788293000944,0.1274171384234439,1835.206884707611,13655599.876833957,63.86363818506133,13.0333955479717
2.19,std,-2,7889507315544.617,0.007889507315544617,31,10,0.3225806451612903,1.0,100000000000000.0,55.00135853179502,0.12709011631494216,1836.1161460145709,13553130.854817575,63.25306198514646,20.40421354359563
2.1999999999999997,std,-2,8002690695803.198,0.008002690695803198,75,10,0.13333333333333333,1.0,100000000000000.0,26.86327585483529,0.12675586514299808,1836.984989734046,13451710.70117912,62.64424590628201,8.3525661208376
2.21,std,-2,8116993156422.022,0.008116993156422022,47,10,0.2127659574468085,1.0,100000000000000.0,24.27488842384673,0.12641456655982633,1837.8139476622534,13351326.039074074,62.03732459333293,13.199430764538922
2.2199999999999998,std,-2,8232420776090.449,0.00823242077609045,44,10,0.22727272727272727,1.0,100000000000000.0,45.5474756285703,0.1260664014800965,1838.6035455014555,13251963.692418212,61.43242830685735,13.96191552428576
2.23,std,-2,8348979639170.123,0.008348979639170123,69,10,0.14492753623188406,1.0,100000000000000.0,42.314412088788615,0.1257115499765309,1839.354302910515,13153610.682476113,60.829682962149946,8.815896081471006
2.2399999999999998,std,-2,8466675835670.673,0.008466675835670673,33,10,0.30303030303030304,1.0,100000000000000.0,44.32943979033941,0.12535019117952442,1840.0667335560388,13056254.22453316,60.229210171366084,18.251275809504875
2.25,std,-2,8585515461225.749,0.008585515461225749,48,10,0.20833333333333334,1.0,100000000000000.0,42.31938541930322,0.12498250318078254,1840.741345165843,12959881.724614153,59.631127288451175,12.423151518427328
2.26,std,-2,8705504617069.072,0.008705504617069072,57,10,0.17543859649122806,1.0,100000000000000.0,41.461764966085454,0.12460866294096873,1841.378639576599,12864480.776277887,59.03554745659013,10.35711358887546
2.27,std,-2,8826649410010.834,0.008826649410010833,54,10,0.18518518518518517,1.0,100000000000000.0,50.179772486299456,0.12422884620134438,1841.979112792201,12770039.157449897,58.44257965838589,10.822699936738127
2.28,std,-2,8948955952414.047,0.008948955952414047,38,10,0.2631578947368421,1.0,100000000000000.0,35.89142169103214,0.12384322739937846,1842.5432550298713,12676544.827336488,57.85232876806744,15.224297044228273
2.29,std,-2,9072430362171.258,0.009072430362171258,47,10,0.2127659574468085,1.0,100000000000000.0,43.966286181619175,0.12345197958829715,1843.0715507767552,12583985.923375618,57.26489560610811,12.18402034172513
2.3,std,-2,9197078762681.258,0.009197078762681258,57,10,0.17543859649122806,1.0,100000000000000.0,36.96960548303499,0.12305527436053831,1843.5644788392501,12492350.758259717,56.68037699569775,9.943925788718904
2.31,std,-2,9322907282826.062,0.009322907282826063,56,10,0.17857142857142858,1.0,100000000000000.0,42.42423821881623,0.12265328177506969,1844.0225124026454,12401627.816991834,56.098865821299064,10.017654610946261
2.32,std,-2,9449922056948.014,0.009449922056948014,48,10,0.20833333333333334,1.0,100000000000000.0,46.07087326664784,0.12224617028852493,1844.4461190738189,12311805.754026573,55.52045108853706,11.566760643445221
2.3299999999999996,std,-2,9578129224827.014,0.009578129224827014,77,10,0.12987012987012986,1.0,100000000000000.0,33.90532366482592,0.12183410669010708,1844.8357609426482,12222873.3904306,54.94521798608687,7.135742595595696
2.34,std,-2,9707534931657.916,0.009707534931657916,50,10,0.2,1.0,100000000000000.0,26.547682947723906,0.12141725604020252,1845.19189463243,12134819.711121293,54.37324794877251,10.874649589754503
2.3499999999999996,std,-2,9838145328028.117,0.009838145328028116,37,10,0.2702702702702703,1.0,100000000000000.0,41.761183550058306,0.12099578161264772,1845.5149713499338,12047633.862132035,53.804618721847156,14.541788843742475
2.36,std,-2,9969966569895.242,0.009969966569895242,83,10,0.12048192771084337,1.0,100000000000000.0,46.34972208239823,0.12056984484058411,1845.8054369439542,11961305.147949908,53.23940442678843,6.414386075516679
2.3699999999999997,std,-2,10103004818565.006,0.010103004818565006,69,10,0.14492753623188406,1.0,100000000000000.0,49.11258650587371,0.12013960526583477,1846.0637319523653,11875823.028886234,52.677675627717626,7.634445743147483
2.38,std,-2,10237266240669.225,0.010237266240669224,35,10,0.2857142857142857,1.0,100000000000000.0,45.0390933761308,0.11970522049173256,1846.2902916604,11791177.118503083,52.11949939909187,14.891285542597677
2.3899999999999997,std,-2,10372757008143.932,0.010372757008143932,53,10,0.18867924528301888,1.0,100000000000000.0,36.229656583269055,0.1192668461393275,1846.4855461493419,11707357.181081956,51.56493939388586,9.729233847902993
2.4,std,-2,10509483298207.713,0.010509483298207714,68,10,0.14705882352941177,1.0,100000000000000.0,44.449664341392065,0.11882463580689664,1846.6499203506226,11624353.129135568,51.01405591258859,7.502067045968911
2.4099999999999997,std,-2,10647451293340.111,0.010647451293340111,65,10,0.15384615384615385,1.0,100000000000000.0,36.47271820191423,0.11837874103268001,1846.7838340996034,11542155.020976886,50.46690597280121,7.764139380430955
2.42,std,-2,10786667181260.215,0.010786667181260215,55,10,0.18181818181818182,1.0,100000000000000.0,35.94745384142751,0.11792931126076286,1846.8877021846752,11460753.05831884,49.92354337909653,9.07700788710846
2.4299999999999997,std,-2,10927137154905.387,0.010927137154905387,59,10,0.1694915254237288,1.0,100000000000000.0,40.314014997184,0.1174764938100209,1846.9619344039922,11380137.583922423,49.38401879345556,8.370172676856875
2.44,std,-2,11068867412410.105,0.011068867412410106,46,10,0.21739130434782608,1.0,100000000000000.0,34.997796244069754,0.11702043384604897,1847.006935614346,11300299.079290532,48.8483798057487,10.619213001249717
2.4499999999999997,std,-2,11211864157084.924,0.011211864157084923,37,10,0.2702702702702703,1.0,100000000000000.0,31.273735936761664,0.11656127435598546,1847.0231057825838,11221228.162397789,48.316671004412584,13.05855973092232
2.46,std,-2,11356133597395.684,0.011356133597395684,49,10,0.20408163265306123,1.0,100000000000000.0,30.714380700551306,0.11609915612615085,1847.0108400392514,11142915.58546343,47.788934047253235,9.752843683112905
2.4699999999999998,std,-2,11501681946942.67,0.01150168194694267,47,10,0.2127659574468085,1.0,100000000000000.0,40.814397119948254,0.11563421772241134,1846.9705287284232,11065352.232765501,47.265207732122654,10.056427177047373
2.48,std,-2,11648515424440.123,0.011648515424440124,58,10,0.1724137931034483,1.0,100000000000000.0,30.920692439410413,0.11516659547318477,1846.902557461435,10988529.118494129,46.745528067582974,8.059573804755686
2.4899999999999998,std,-2,11796640253695.63,0.011796640253695631,45,10,0.2222222222222222,1.0,100000000000000.0,31.964816058582,0.11469642345499854,1846.8073071628073,10912437.38464076,46.22992834316596,10.273317409592435
2.5,std,-2,11946062663589.934,0.011946062663589933,58,10,0.1724137931034483,1.0,100000000000000.0,41.72403213274089,0.11422383348051643,1846.685154125751,10837068.298925612,45.71843919961211,7.882489517174502
2.51,std,-2,12096788888056.605,0.012096788888056605,45,10,0.2222222222222222,1.0,100000000000000.0,30.57068792030458,0.11374895508894493,1846.5364700603154,10762413.25276639,45.211088698599085,10.046908599688685
2.52,std,-2,12248825166062.0,0.012248825166062,50,10,0.2,1.0,100000000000000.0,41.69467259702636,0.11327191553873434,1846.3616221434884,10688463.759278566,44.707902392093324,8.941580478418665
2.53,std,-2,12402177741585.338,0.012402177741585339,67,10,0.14925373134328357,1.0,100000000000000.0,33.06992899859714,0.112792839802488,1846.1609730687978,10615211.451314276,44.20890339123107,6.59834378973598
2.54,std,-2,12556852863598.773,0.012556852863598773,115,10,0.08695652173913043,1.0,100000000000000.0,39.902403079931396,0.11231185056399447,1845.934881096368,10542648.079530537,43.71411243465576,3.8012271682309358
2.55,std,-2,12712856786047.814,0.012712856786047815,57,10,0.17543859649122806,1.0,100000000000000.0,37.02345222136274,0.11182906821729809,1845.683700101929,10470765.510502744,43.2235479562886,7.583078588822561
2.56,std,-2,12870195767831.65,0.01287019576783165,71,10,0.14084507042253522,1.0,100000000000000.0,30.449354999925173,0.1113446108677235,1845.407779624965,10399555.724859066,42.737226152386135,6.019327627096639
2.57,std,-2,13028876072783.703,0.013028876072783703,24,10,0.4166666666666667,1.0,100000000000000.0,28.396601478366726,0.11085859433477233,1845.1074649166808,10329010.815461004,42.2551610479605,17.606317103316876
2.5799999999999996,std,-2,13188903969652.344,0.013188903969652345,51,10,0.19607843137254902,1.0,100000000000000.0,35.48724609778865,0.11037113215680884,1844.7830969904194,10259122.985599501,41.77736456245156,8.19164011028462
2.59,std,-2,13350285732081.64,0.01335028573208164,75,10,0.13333333333333333,1.0,100000000000000.0,37.17916871604941,0.10988233559745512,1844.4350126682211,10189884.547240347,41.30384657460438,5.507179543280584
2.5999999999999996,std,-2,13513027638592.22,0.013513027638592221,64,10,0.15625,1.0,100000000000000.0,43.966594548791925,0.109392313653616,1844.0635446265183,10121287.9192909,40.83461498647268,6.380408591636356
2.61,std,-2,13677135972562.367,0.013677135972562367,68,10,0.14705882352941177,1.0,100000000000000.0,39.049794764388594,0.108901173065055,1843.669021443737,10053325.625898778,40.36967578661991,5.936717027444105
2.6199999999999997,std,-2,13842617022209.06,0.01384261702220906,87,10,0.11494252873563218,1.0,100000000000000.0,35.209232134961205,0.1084090183254463,1843.2517676518974,9985990.294780755,39.909033112522025,4.587245185347359
2.63,std,-2,14009477080569.371,0.014009477080569372,33,10,0.30303030303030304,1.0,100000000000000.0,34.33951866937831,0.10791595169482557,1842.8121037734525,9919274.6555814,39.452689311732584,11.955360397494722
2.6399999999999997,std,-2,14177722445481.662,0.014177722445481662,64,10,0.15625,1.0,100000000000000.0,26.83047503516071,0.10742207321336858,1842.3503463772915,9853171.53826193,39.00064500253061,6.093850781645408
2.65,std,-2,14347359419567.207,0.014347359419567208,40,10,0.25,1.0,100000000000000.0,36.82961039500397,0.10692748071642302,1841.86680811726,9787673.871516135,38.552899133215035,9.638224783303759
2.6599999999999997,std,-2,14518394310211.727,0.014518394310211727,65,10,0.15384615384615385,1.0,100000000000000.0,37.50634446567605,0.10643226985072582,1841.3617977786719,9722774.681209411,38.1094490405678,5.862992160087354
2.67,std,-2,14690833429547.094,0.014690833429547094,75,10,0.13333333333333333,1.0,100000000000000.0,26.136674890937428,0.10593653409173551,1840.8356203269104,9658467.088857314,37.670290507397176,5.02270540098629
2.6799999999999997,std,-2,14864683094433.133,0.014864683094433133,70,10,0.14285714285714285,1.0,100000000000000.0,34.408157149980724,0.10544036476201399,1840.2885769467653,9594744.310116976,37.235417818808116,5.319345402686873
2.69,std,-2,15039949626439.662,0.015039949626439663,92,10,0.10869565217391304,1.0,100000000000000.0,37.76835986316531,0.1049438510505919,1839.7209650893535,9531599.653310519,36.80482381761393,4.000524328001514
2.6999999999999997,std,-2,15216639351828.334,0.015216639351828334,90,10,0.1111111111111111,1.0,100000000000000.0,38.93098453188433,0.10444708003325524,1839.1330785160872,9469026.51798176,36.37849995866197,4.0420555509624405
2.71,std,-2,15394758601535.041,0.01539475860153504,101,10,0.09900990099009901,1.0,100000000000000.0,30.56094942235635,0.10395013669369071,1838.525207338375,9407018.393461363,35.956436361946785,3.560043204153147
2.7199999999999998,std,-2,15574313711151.895,0.015574313711151894,64,10,0.15625,1.0,100000000000000.0,31.34856457982836,0.10345310394543139,1837.8976380657668,9345568.857473286,35.53862186488385,5.552909666388102
2.73,std,-2,15755311020909.781,0.015755311020909782,136,10,0.07352941176470588,1.0,100000000000000.0,25.55316855861903,0.10295606265454338,1837.2506536430215,9284671.574754989,35.125044073245306,2.582723828915096
2.7399999999999998,std,-2,15937756875660.791,0.01593775687566079,48,10,0.20833333333333334,1.0,100000000000000.0,25.026663060320296,0.10245909166299956,1836.584533496844,9224320.295706078,34.715689411220744,7.232435294004322
2.75,std,-2,16121657624860.736,0.016121657624860737,85,10,0.11764705882352941,1.0,100000000000000.0,35.65850397469582,0.10196226781268383,1835.8995535739512,9164508.855059594,34.31054317022067,4.036534490614196
2.76,std,-2,16307019622551.838,0.01630701962255184,67,10,0.14925373134328357,1.0,100000000000000.0,29.627104528445066,0.10146566596997589,1835.1959863842667,9105231.170576822,33.90958955669466,5.061132769655919
2.77,std,-2,16493849227345.598,0.0164938492273456,85,10,0.11764705882352941,1.0,100000000000000.0,27.85317719700268,0.10096935905086413,1834.4741010411672,9046481.241760328,33.51281173878994,3.9426837339752874
2.78,std,-2,16682152802405.557,0.016682152802405557,104,10,0.09615384615384616,1.0,100000000000000.0,37.34097524648807,0.1004734180465394,1833.7341633008614,8988253.148596747,33.12019189193872,3.1846338357633384
2.79,std,-2,16871936715430.34,0.01687193671543034,114,10,0.08771929824561403,1.0,100000000000000.0,23.73932484592108,0.09997791204942123,1832.9764356060427,8930541.050315544,32.731711243419085,2.871202740650797
2.8,std,-2,17063207338636.729,0.01706320733863673,77,10,0.12987012987012986,1.0,100000000000000.0,24.026450194995686,0.09948290827957305,1832.201177119728,8873339.184167327,32.34735011565478,4.200954560474646
2.81,std,-2,17255971048742.883,0.017255971048742883,82,10,0.12195121951219512,1.0,100000000000000.0,23.940357724122062,0.09898847211146117,1831.4086437705441,8816641.86423281,31.967087968684787,3.8984253620347302
2.82,std,-2,17450234226951.531,0.017450234226951532,93,10,0.10752688172043011,1.0,100000000000000.0,26.597161640918745,0.09849466710101733,1830.5990882882932,8760443.480241075,31.590903441351593,3.396871337779741
2.8299999999999996,std,-2,17646003258933.484,0.017646003258933483,103,10,0.0970873786407767,1.0,100000000000000.0,25.733699236796998,0.09800155501296365,1829.772760240336,8704738.496411402,31.218774391461963,3.0309489700448506
2.84,std,-2,17843284534810.97,0.017843284534810967,74,10,0.13513513513513514,1.0,100000000000000.0,29.799812264961286,0.09750919584836228,1828.9299060757887,8649521.450322606,30.850677935060883,4.169010531764984
2.8499999999999996,std,-2,18042084449141.33,0.018042084449141328,65,10,0.15384615384615385,1.0,100000000000000.0,29.64898493439381,0.097017647872353,1828.070769157408,8594786.951786837,30.48659048439975,4.6902446899076535
2.86,std,-2,18242409400900.613,0.018242409400900612,45,10,0.2222222222222222,1.0,100000000000000.0,28.644479128941033,0.09652696764204288,1827.1955898015185,8540529.681758447,30.126487785072236,6.694775063349385
2.8699999999999997,std,-2,18444265793467.36,0.01844426579346736,97,10,0.10309278350515463,1.0,100000000000000.0,26.32277850601394,0.09603721003451575,1826.3046053144408,8486744.391249523,29.770344952029497,3.06910772701335
2.88,std,-2,18647660034606.54,0.01864766003460654,61,10,0.16393442622950818,1.0,100000000000000.0,29.575563171234744,0.0955484282749277,1825.398050028921,8433425.9002663,29.41813650459924,4.8226453286228255
2.8899999999999997,std,-2,18852598536453.3,0.0188525985364533,91,10,0.10989010989010989,1.0,100000000000000.0,28.519187863752382,0.09506067396466021,1824.4761553405583,8380569.09677265,29.06983640054362,3.194487516543255
2.9,std,-2,19059087715497.33,0.019059087715497327,77,10,0.12987012987012986,1.0,100000000000000.0,21.532739043402252,0.09457399710949974,1823.5391497423725,8328168.935656688,28.72541806905639,3.730573775202128
2.9099999999999997,std,-2,19267133992566.656,0.019267133992566656,72,10,0.1388888888888889,1.0,100000000000000.0,22.515185464735417,0.0940884461478178,1822.5872588609595,8276220.437724468,28.3848544428542,3.942340894840861
2.92,std,-2,19476743792812.18,0.019476743792812178,74,10,0.13513513513513514,1.0,100000000000000.0,25.636745163010307,0.09360406797872392,1821.6207054926933,8224718.688710108,28.048117989313397,3.790286214772081
2.9299999999999997,std,-2,19687923545691.75,0.01968792354569175,70,10,0.14285714285714285,1.0,100000000000000.0,23.186715932210646,0.09312090799016796,1820.6397096351127,8173658.8382961275,27.715180740572986,3.9593115343675693
2.94,std,-2,19900679684954.727,0.019900679684954726,74,10,0.13513513513513514,1.0,100000000000000.0,22.71946346817905,0.09263901008696694,1819.6444885233043,8123036.099160874,27.386014322830366,3.700812746328428
2.9499999999999997,std,-2,20115018648626.457,0.020115018648626456,88,10,0.11363636363636363,1.0,100000000000000.0,25.75350111434171,0.09215841671873516,1818.6352566649693,8072845.746031287,27.06058998467195,3.075067043712721
2.96,std,-2,20330946878992.84,0.02033094687899284,81,10,0.12345679012345678,1.0,100000000000000.0,23.365111384883992,0.09167916890769558,1817.6122258697208,8023083.114753859,26.738878624435063,3.3010961264734644
2.9699999999999998,std,-2,20548470822584.95,0.02054847082258495,88,10,0.11363636363636363,1.0,100000000000000.0,24.095882782896012,0.0912013062763538,1816.575605287101,7973743.601392691,26.420850816864835,3.0023694110073675
2.98,std,-2,20767596930163.984,0.020767596930163983,95,10,0.10526315789473684,1.0,100000000000000.0,28.140962767992033,0.09072486707501438,1815.5256014332465,7924822.661321773,26.106476838673654,2.748050193544595
2.9899999999999998,std,-2,20988331656705.855,0.020988331656705855,103,10,0.0970873786407767,1.0,100000000000000.0,23.32966571758424,0.09024988820912404,1814.462418230812,7876315.808353685,25.795726693524852,2.504439484808238
3.0,std,-2,21210681461386.41,0.02121068146138641,64,10,0.15625,1.0,100000000000000.0,26.74719648306488,0.0897764052664229,1813.3862570324104,7828218.613865179,25.488570135892154,3.9825890837331492
3.01,std,-2,21434652807566.203,0.021434652807566203,53,10,0.18867924528301888,1.0,100000000000000.0,23.653325196297637,0.08930445254389056,1812.2973166611278,7780526.705950752,25.18497669440079,4.75188239516996
3.02,std,-2,21660252162775.727,0.02166025216277573,100,10,0.1,1.0,100000000000000.0,19.59563486817353,0.08883406307447111,1811.1957934328727,7733235.768582869,24.884915694093404,2.488491569409341
3.03,std,-2,21887485998700.652,0.02188748599870065,76,10,0.13157894736842105,1.0,100000000000000.0,31.597890437813447,0.08836526865356453,1810.081881194303,7686341.540784624,24.58835627813618,3.2353100365968657
3.04,std,-2,22116360791166.996,0.022116360791166995,63,10,0.15873015873015872,1.0,100000000000000.0,20.396733790096636,0.08789809986527143,1808.9557713483532,7639839.815826388,24.29526742862652,3.856391655337543
3.05,std,-2,22346883020126.496,0.022346883020126496,65,10,0.15384615384615385,1.0,100000000000000.0,23.155119003006174,0.08743258610838046,1807.8176528892104,7593726.440420668,24.005617986740436,3.6931719979600675
3.06,std,-2,22579059169642.15,0.02257905916964215,80,10,0.125,1.0,100000000000000.0,29.14453987469431,0.08696875562208634,1806.6677124261598,7547997.313944066,23.71937667204922,2.9649220840061523
3.07,std,-2,22812895727873.582,0.02281289572787358,86,10,0.11627906976744186,1.0,100000000000000.0,23.103268317620298,0.08650663551143015,1805.5061342198328,7502648.387664568,23.436512101270132,2.7251758257290852
3.08,std,-2,23048399187062.785,0.023048399187062786,114,10,0.08771929824561403,1.0,100000000000000.0,19.66622994629488,0.08604625177245216,1804.333100204146,7457675.663981256,23.156992806135545,2.0313151584329425
3.09,std,-2,23285576043519.734,0.023285576043519735,86,10,0.11627906976744186,1.0,100000000000000.0,26.223218853216878,0.08558762931704852,1803.1487900212753,7413075.195680463,22.88078725077141,2.6605566570664427
3.0999999999999996,std,-2,23524432797608.176,0.023524432797608175,102,10,0.09803921568627451,1.0,100000000000000.0,26.24547395918458,0.08513079199752545,1801.9533810456408,7368843.085202581,22.607863848269464,2.216457240026418
3.11,std,-2,23764975953731.445,0.023764975953731445,142,10,0.07042253521126761,1.0,100000000000000.0,24.72665180675664,0.08467576263084305,1800.7470484173352,7324975.48391775,22.338190976728875,1.5731120406147097
3.1199999999999997,std,-2,24007212020318.38,0.02400721202031838,88,10,0.11363636363636363,1.0,100000000000000.0,21.362553760963433,0.08422256302254322,1799.5299650603863,7281468.591418872,22.071736994498934,2.5081519311930607
3.13,std,-2,24251147509809.367,0.024251147509809366,167,10,0.059880239520958084,1.0,100000000000000.0,22.695989012904086,0.08377121399035611,1798.3023017220903,7238318.654820386,21.808470255057987,1.305896422458562
3.1399999999999997,std,-2,24496788938642.34,0.02449678893864234,106,10,0.09433962264150944,1.0,100000000000000.0,23.982874986077903,0.08332173538748046,1797.0642269921818,7195521.968076602,21.54835912107205,2.032864068025665
3.15,std,-2,24744142827239.055,0.024744142827239055,115,10,0.08695652173913043,1.0,100000000000000.0,19.9642187228471,0.08287414612553251,1795.815907328542,7153074.871296239,21.291371977914533,1.8514236502534376
3.1599999999999997,std,-2,24993215699991.176,0.024993215699991175,132,10,0.07575757575757576,1.0,100000000000000.0,17.032448224804774,0.08242846419716175,1794.5575070916288,7110973.750088734,21.037477246789617,1.5937482762719408
3.17,std,-2,25244014085246.67,0.025244014085246673,67,10,0.14925373134328357,1.0,100000000000000.0,20.933488110514528,0.0819847066983287,1793.2891885637368,7069215.034901877,20.78664339706814,3.1024840891146477
3.1799999999999997,std,-2,25496544515296.16,0.02549654451529616,77,10,0.12987012987012986,1.0,100000000000000.0,16.32792368799806,0.0815428898502426,1792.01111197525,7027795.200383879,20.53883895821878,2.6673816828855554
3.19,std,-2,25750813526359.35,0.025750813526359353,141,10,0.07092198581560284,1.0,100000000000000.0,20.998561824200017,0.08110302902095701,1790.723435534622,6986710.76474544,20.294032531233672,1.439293087321537
3.1999999999999997,std,-2,26006827658571.688,0.026006827658571686,99,10,0.10101010101010101,1.0,100000000000000.0,20.453644661390875,0.08066513874662186,1789.4263154479063,6945958.289138465,20.052192799450605,2.0254740201465258
3.21,std,-2,26264593455970.742,0.026264593455970743,126,10,0.07936507936507936,1.0,100000000000000.0,23.320388801866372,0.08022923275238983,1788.1199059485546,6905534.377048772,19.81328853901685,1.5724832173822896
3.2199999999999998,std,-2,26524117466483.047,0.026524117466483046,60,10,0.16666666666666666,1.0,100000000000000.0,21.731449840130388,0.07979532397297763,1786.804359319945,6865435.673682141,19.577288628748917,3.2628814381248192
3.23,std,-2,26785406241910.844,0.026785406241910843,102,10,0.09803921568627451,1.0,100000000000000.0,18.981917037005196,0.07936342457287976,1785.4798259170955,6825658.865381889,19.34416205958844,1.8964864764302394
3.2399999999999998,std,-2,27048466337918.74,0.02704846633791874,102,10,0.09803921568627451,1.0,100000000000000.0,20.5499087382073,0.07893354596623703,1784.146454197186,6786200.679036681,19.11387794365367,1.8739096023189872
3.25,std,-2,27313304314020.832,0.027313304314020834,82,10,0.12195121951219512,1.0,100000000000000.0,20.44275211912402,0.07850569883635809,1782.8043907351853,6747057.881511198,18.88640552273485,2.303220185699372
3.26,std,-2,27579926733567.49,0.02757992673356749,115,10,0.08695652173913043,1.0,100000000000000.0,19.153960145832556,0.07807989315489611,1781.453780255191,6708227.279078383,18.661714176519634,1.622757754479968
3.27,std,-2,27848340163732.45,0.02784834016373245,83,10,0.12048192771084337,1.0,100000000000000.0,18.816881402470074,0.0776561382006801,1780.0947656464195,6669705.71686476,18.439773430259322,2.221659449428834
3.28,std,-2,28118551175499.945,0.028118551175499946,99,10,0.10101010101010101,1.0,100000000000000.0,19.290084406043153,0.07723444257820353,1778.7274879928207,6631490.078299773,18.220552962173215,1.8404598951690117
3.29,std,-2,28390566343651.855,0.028390566343651856,87,10,0.11494252873563218,1.0,100000000000000.0,20.00009848729697,0.07681481423577075,1777.352086589339,6593577.284582875,18.00402261035732,2.069427886247968
3.3,std,-2,28664392246754.766,0.028664392246754766,105,10,0.09523809523809523,1.0,100000000000000.0,18.931502089410706,0.07639726048330328,1775.9686989690763,6555964.294144623,17.79015237939799,1.6943002266093323
3.31,std,-2,28940035467147.79,0.02894003546714779,132,10,0.07575757575757576,1.0,100000000000000.0,19.25666676337386,0.0759817880098082,1774.5774609212792,6518648.1021335395,17.57891244658263,1.3317357914077752
3.32,std,-2,29217502590929.203,0.029217502590929204,113,10,0.08849557522123894,1.0,100000000000000.0,20.501619272780413,0.07556840290051019,1773.178506519501,6481625.739898744,17.37027316783345,1.5371923157374734
3.33,std,-2,29496800207944.58,0.02949680020794458,64,10,0.15625,1.0,100000000000000.0,18.04938253331921,0.07515711065365033,1771.771968132866,6444894.2744803615,17.164205083139375,2.6819070442405275
3.34,std,-2,29777934911773.848,0.029777934911773846,78,10,0.1282051282051282,1.0,100000000000000.0,22.14896229733113,0.07474791619695409,1770.3579764577742,6408450.8081216905,16.96067892190509,2.1744460156288574
3.3499999999999996,std,-2,30060913299719.086,0.030060913299719084,113,10,0.08849557522123894,1.0,100000000000000.0,18.00275611563784,0.0743408239037712,1768.9366605324376,6372292.477769603,16.759665607766678,1.4831562484749272
3.36,std,-2,30345741972792.098,0.0303457419727921,58,10,0.1724137931034483,1.0,100000000000000.0,14.766860944724177,0.07393583760889016,1767.5081477593171,6336416.454597149,16.561136263223478,2.8553683212454275
3.3699999999999997,std,-2,30632427535702.08,0.030632427535702077,134,10,0.07462686567164178,1.0,100000000000000.0,22.30899968934879,0.07353296062403111,1766.0725639272907,6300819.9435306,16.36506221396744,1.221273299549809
3.38,std,-2,30920976596843.555,0.030920976596843553,82,10,0.12195121951219512,1.0,100000000000000.0,17.248884355961067,0.07313219575301971,1764.6300332274584,6265500.18277916,16.171414992860388,1.9721237796171205
3.3899999999999997,std,-2,31211395768283.926,0.031211395768283925,163,10,0.06134969325153374,1.0,100000000000000.0,20.7544706104353,0.07273354530664589,1763.1806782778533,6230454.443376221,15.980166343735394,0.98037830329665
3.4,std,-2,31503691665751.68,0.031503691665751676,150,10,0.06666666666666667,1.0,100000000000000.0,22.44065526982495,0.07233701111721073,1761.7246201415194,6195680.028727723,15.79128822487491,1.052752548324994
3.4099999999999997,std,-2,31797870908624.13,0.031797870908624126,187,10,0.053475935828877004,1.0,100000000000000.0,14.81590299916592,0.07194259455276497,1760.2619783428631,6161174.274165404,15.60475281221736,0.8344787600116235
3.42,std,-2,32093940119915.613,0.032093940119915614,145,10,0.06896551724137931,1.0,100000000000000.0,17.75627114973146,0.07155029653104333,1758.792870893,6126934.5465087,15.420532502406859,1.0634850001659903
3.4299999999999997,std,-2,32391905926265.434,0.03239190592626543,152,10,0.06578947368421052,1.0,100000000000000.0,18.189058860518763,0.07116011753309788,1757.317414303199,6092958.2436328735,15.238599915501041,1.0025394681250683
3.44,std,-2,32691774957926.145,0.03269177495792615,46,10,0.21739130434782608,1.0,100000000000000.0,19.42649306631214,0.07077205761663512,1755.8357236048682,6059242.794044905,15.058927897516323,3.2736799777209398
3.4499999999999997,std,-2,32993553848751.62,0.03299355384875162,71,10,0.14084507042253522,1.0,100000000000000.0,17.89778528291896,0.07038611642905952,1754.3479123706313,6025785.656462501,14.881489522756551,2.0959844398248664
3.46,std,-2,33297249236185.574,0.03329724923618557,143,10,0.06993006993006994,1.0,100000000000000.0,17.173201312562142,0.07000229322022894,1752.8540927285896,5992584.319403749,14.706258095885575,1.0284096570549355
3.4699999999999998,std,-2,33602867761249.484,0.03360286776124948,101,10,0.09900990099009901,1.0,100000000000000.0,15.161651609701,0.06962058685492503,1751.3543753872148,5959636.300782556,14.5332071538885,1.438931401375099
3.48,std,-2,33910416068531.492,0.03391041606853149,142,10,0.07042253521126761,1.0,100000000000000.0,17.954659989912404,0.06924099582504298,1749.848869641797,5926939.147505195,14.362310467672827,1.0114303146248471
3.4899999999999998,std,-2,34219900806174.496,0.03421990080617449,108,10,0.09259259259259259,1.0,100000000000000.0,14.876005161622917,0.06886351826150523,1748.337683403153,5894490.435082389,14.193542043694698,1.3142168558976572
3.5,std,-2,34531328625864.78,0.034531328625864784,105,10,0.09523809523809523,1.0,100000000000000.0,16.163584790630154,0.06848815194590231,1746.820923209073,5862287.767236518,14.026876125236187,1.3358929643082083
3.51,std,-2,34844706182820.62,0.03484470618282062,90,10,0.1111111111111111,1.0,100000000000000.0,17.98018055200783,0.06811489432186627,1745.2986942433056,5830328.775524363,13.862287193598693,1.5402541326220769
3.52,std,-2,35160040135780.97,0.035160040135780966,146,10,0.0684931506849315,1.0,100000000000000.0,19.618997658415196,0.06774374250617998,1743.771100351457,5798611.1189587405,13.699749969090641,0.938339038978811
3.53,std,-2,35477337146993.96,0.03547733714699396,138,10,0.07246376811594203,1.0,100000000000000.0,14.82874476265378,0.0673746932996273,1742.2382440587057,5767132.483642135,13.539239411887975,0.9811043052092736
3.54,std,-2,35796603882205.94,0.03579660388220594,134,10,0.07462686567164178,1.0,100000000000000.0,14.332302001843539,0.06700774319758737,1740.7002265872436,5735890.582397208,13.380730722720825,0.9985619942328973
3.55,std,-2,36117847010650.0,0.03611784701065,109,10,0.09174311926605505,1.0,100000000000000.0,18.84605699849933,0.06664288840037871,1739.1571478666335,5704883.154414197,13.224199343388575,1.213229297558585
3.56,std,-2,36441073205034.98,0.03644107320503498,220,10,0.045454545454545456,1.0,100000000000000.0,19.299202341150533,0.06628012482335588,1737.6091065601534,5674107.964892094,13.069620957232635,0.5940736798742107
3.57,std,-2,36766289141534.47,0.036766289141534465,97,10,0.10309278350515463,1.0,100000000000000.0,16.525854790009305,0.06591944810676449,1736.0562000708828,5643562.804696245,12.916971489347285,1.3316465452935344
3.58,std,-2,37093501499775.586,0.03709350149977558,180,10,0.05555555555555555,1.0,100000000000000.0,16.641360335065244,0.06556085362535716,1734.4985245631433,5613245.49001041,12.766227106756695,0.7092348392642608
3.59,std,-2,37422716962828.29,0.03742271696282829,89,10,0.11235955056179775,1.0,100000000000000.0,18.7373078532511,0.0652043364977763,1732.9361749765783,5583153.862002588,12.617364218434828,1.4176813728578457
3.5999999999999996,std,-2,37753942217194.21,0.03775394221719421,213,10,0.046948356807511735,1.0,100000000000000.0,17.768470692457274,0.06484989159570673,1731.3692450405067,5553285.786493722,12.47035947520715,0.5854628861599601
3.61,std,-2,38087183952795.92,0.03808718395279592,132,10,0.07575757575757576,1.0,100000000000000.0,19.329501581859017,0.06449751355280299,1729.7978272887315,5523639.15362708,12.325189769536124,0.9337264976921306
3.6199999999999997,std,-2,38422448862966.164,0.03842244886296616,143,10,0.06993006993006994,1.0,100000000000000.0,17.06782177943395,0.06414719677339552,1728.2220130780706,5494211.877547617,12.181832235239362,0.8518763800866688
3.63,std,-2,38759743644437.086,0.038759743644437086,128,10,0.078125,1.0,100000000000000.0,16.759074890769856,0.06379893544097907,1726.64189259717,5465001.896084231,12.040264247033495,0.9406456442994917
3.6399999999999997,std,-2,39099074997329.47,0.03909907499732947,153,10,0.06535947712418301,1.0,100000000000000.0,15.413144963363866,0.06345272352648877,1725.0575548864895,5436007.170438018,11.900463420065014,0.777808066670916
3.65,std,-2,39440449625142.31,0.039440449625142315,170,10,0.058823529411764705,1.0,100000000000000.0,16.36265373793882,0.0631085547963669,1723.4690878489305,5407225.684871397,11.76240760927532,0.6919063299573718
3.6599999999999997,std,-2,39783874234741.914,0.03978387423474192,105,10,0.09523809523809523,1.0,100000000000000.0,15.54577536646199,0.06276642282042497,1721.8765782670068,5378655.446409031,11.62607490874073,1.107245229403879
3.67,std,-2,40129355536351.75,0.04012935553635175,122,10,0.08196721311475409,1.0,100000000000000.0,16.91831735137213,0.062426320979504686,1720.2801118149268,5350294.484533614,11.491443650873642,0.9419216107273476
3.6799999999999997,std,-2,40476900243541.74,0.040476900243541745,286,10,0.03496503496503497,1.0,100000000000000.0,15.667647043508339,0.06208824247294238,1718.6797730692215,5322140.850894996,11.358492405556095,0.397150084110353
3.69,std,-2,40826515073217.77,0.04082651507321777,140,10,0.07142857142857142,1.0,100000000000000.0,16.005000691110602,0.06175218032584041,1717.0756455325468,5294192.619019311,11.227199979276884,0.8019428556626346
3.6999999999999997,std,-2,41178206745611.64,0.041178206745611644,105,10,0.09523809523809523,1.0,100000000000000.0,17.12988052297027,0.061418127396149415,1715.467811634137,5266447.884021641,11.09754541404133,1.0569090870515552
3.71,std,-2,41531981984270.375,0.041531981984270376,97,10,0.10309278350515463,1.0,100000000000000.0,16.13873975266285,0.06108607638156587,1713.8563527533342,5238904.762326913,10.969507986375964,1.130877111997522
3.7199999999999998,std,-2,41887847516046.29,0.04188784751604629,99,10,0.10101010101010101,1.0,100000000000000.0,17.62178198560991,0.06075601982624775,1712.241349227128,5211561.39139034,10.843067206154636,1.0952593137529936
3.73,std,-2,42245810071086.45,0.04224581007108645,188,10,0.05319148936170213,1.0,100000000000000.0,16.36675036934774,0.06042795012735299,1710.6228803642366,5184415.929424091,10.71820281541279,0.5701171710325952
3.7399999999999998,std,-2,42605876382822.84,0.042605876382822844,212,10,0.04716981132075472,1.0,100000000000000.0,16.30248782589977,0.060101859541404255,1709.0010244608225,5157466.555130386,10.594894787119973,0.4997591880716969
3.75,std,-2,42968053187962.0,0.042968053187962,120,10,0.08333333333333333,1.0,100000000000000.0,17.80141479418961,0.05977774019048319,1707.3758588081243,5130711.467432381,10.473123323835512,0.8727602769862927
3.76,std,-2,43332347226475.125,0.043332347226475124,140,10,0.07142857142857142,1.0,100000000000000.0,15.031939964532985,0.059455584068258405,1705.747459708354,5104148.885215932,10.352868856380766,0.7394906325986261
3.77,std,-2,43698765241587.91,0.0436987652415879,140,10,0.07142857142857142,1.0,100000000000000.0,18.269575425723094,0.05913538304585055,1704.1159024865065,5077777.047071797,10.234112042431256,0.7310080030308039
3.78,std,-2,44067313979770.734,0.044067313979770734,164,10,0.06097560975609756,1.0,100000000000000.0,17.670887768587537,0.05881712887753789,1702.4812615026244,5051594.211037625,10.116833765059459,0.6168801076255768
3.79,std,-2,44438000190728.71,0.04443800019072871,129,10,0.07751937984496124,1.0,100000000000000.0,13.278269479836203,0.05850081320630583,1700.8436101625173,5025598.654353037,10.001015131246012,0.7752724907942645
3.8,std,-2,44810830627391.555,0.04481083062739155,130,10,0.07692307692307693,1.0,100000000000000.0,16.07855533874119,0.058186427569244414,1699.2030209302072,4999788.673212268,9.886637470350221,0.7605105746423247
3.81,std,-2,45185812045904.35,0.04518581204590435,142,10,0.07042253521126761,1.0,100000000000000.0,17.008303005636584,0.05787396340279591,1697.5595653384673,4974162.582516595,9.773682332525604,0.6882874882060285
3.82,std,-2,45562951205617.16,0.04556295120561716,176,10,0.056818181818181816,1.0,100000000000000.0,14.462813047538429,0.0575634120478575,1695.9133140074441,4948718.7156405095,9.662131487168573,0.5489847435891234
3.83,std,-2,45942254869075.7,0.0459422548690757,153,10,0.06535947712418301,1.0,100000000000000.0,16.793910856265924,0.057254764754740534,1694.2643366416603,4923455.424194368,9.551966921197103,0.6243115634769348
3.84,std,-2,46323729802011.55,0.04632372980201155,171,10,0.05847953216374269,1.0,100000000000000.0,16.169246355754737,0.056948012687991136,1692.6127020585402,4898371.077789676,9.443170837480054,0.5522322127181317
3.8499999999999996,std,-2,46707382773332.46,0.04670738277333246,45,10,0.2222222222222222,1.0,100000000000000.0,15.968960602030359,0.056643146931074334,1690.9584781834126,4873464.063811505,9.335725653055643,2.0746057006790317
3.86,std,-2,47093220555112.88,0.047093220555112884,202,10,0.04950495049504951,1.0,100000000000000.0,15.197828684884545,0.056340158490925135,1689.301732073403,4848732.787193777,9.229613997487679,0.4569115840340435
3.8699999999999997,std,-2,47481249922584.42,0.04748124992258442,131,10,0.07633587786259542,1.0,100000000000000.0,14.932715256499279,0.05603903830236975,1687.6425299196144,4824175.670194775,9.124818711071299,0.6965510466466641
3.88,std,-2,47871477654126.28,0.047871477654126283,159,10,0.06289308176100629,1.0,100000000000000.0,15.376711897429908,0.05573977723241955,1685.9809370644787,4799791.152178878,9.021322843107807,0.567378795164013
3.8899999999999997,std,-2,48263910531255.85,0.04826391053125585,171,10,0.05847953216374269,1.0,100000000000000.0,13.700260586026715,0.05544236608444147,1684.317018004481,4775577.689400512,8.919109650079053,0.5215853596537458
3.9,std,-2,48658555338619.414,0.048658555338619416,226,10,0.04424778761061947,1.0,100000000000000.0,14.367570559058574,0.0551467956022065,1682.650836406331,4751533.754790982,8.818162593877172,0.3901841855697864
3.9099999999999997,std,-2,49055418863982.54,0.04905541886398254,156,10,0.0641025641025641,1.0,100000000000000.0,12.705795970715656,0.0548530564738208,1680.982455119863,4727657.837746424,8.718465339996554,0.5588759833331124
3.92,std,-2,49454507898221.125,0.049454507898221124,262,10,0.03816793893129771,1.0,100000000000000.0,15.267522783887056,0.054561139335540465,1679.3119361769445,4703948.4439248545,8.620001755650527,0.3290077005973484
3.9299999999999997,std,-2,49855829235311.836,0.04985582923531184,226,10,0.04424778761061947,1.0,100000000000000.0,14.592505117987907,0.054271034775474035,1677.6393408152794,4680404.095037893,8.52275590799058,0.3771130932739195
3.94,std,-2,50259389672323.17,0.05025938967232317,204,10,0.049019607843137254,1.0,100000000000000.0,14.445467561610679,0.05398273333717482,1675.9647294788606,4657023.328652699,8.426712062206548,0.41307412069639937
3.9499999999999997,std,-2,50665196009406.06,0.05066519600940606,405,10,0.024691358024691357,1.0,100000000000000.0,13.783009395477652,0.053696225523125696,1674.2881618313247,4633804.697992794,8.331854679677347,0.2057248069056135
3.96,std,-2,51073255049784.805,0.051073255049784806,197,10,0.050761421319796954,1.0,100000000000000.0,15.062283473619251,0.05341150179811911,1672.6096967630385,4610746.771740449,8.238168416079626,0.41818113787206224
3.9699999999999998,std,-2,51483573599748.016,0.05148357359974801,237,10,0.04219409282700422,1.0,100000000000000.0,12.805874474730313,0.05312855259253501,1670.9293924055426,4587848.13384705,8.14563811953593,0.3436978109508831
3.98,std,-2,51896158468639.64,0.05189615846863964,110,10,0.09090909090909091,1.0,100000000000000.0,12.758400163601273,0.05284736830551836,1669.247306137547,4565107.3833417045,8.0542488287071,0.7322044389733728
3.9899999999999998,std,-2,52311016468849.74,0.052311016468849746,278,10,0.03597122302158273,1.0,100000000000000.0,13.058709729325571,0.05256793930805998,1667.5634945912,4542523.13414405,7.963985770885785,0.28647430830524406
4.0,std,-2,52728154415805.9,0.052728154415805896,277,10,0.036101083032490974,1.0,100000000000000.0,14.589321582280908,0.05229025594598198,1665.8780136687126,4520094.014880405,7.874834360137997,0.28429004910245476
4.01,std,-2,53147579127963.97,0.053147579127963966,262,10,0.03816793893129771,1.0,100000000000000.0,13.878582986438294,0.052014308542830644,1664.1909185471734,4497818.66870036,7.786780195381643,0.297205350968765
4.02,std,-2,53569297426799.42,0.053569297426799424,162,10,0.06172839506172839,1.0,100000000000000.0,14.364672740312892,0.051740087402679,1662.5022636824542,4475695.7530969195,7.699809058463108,0.4752968554606857
4.03,std,-2,53993316136798.44,0.05399331613679844,239,10,0.04184100418410042,1.0,100000000000000.0,13.33526077122303,0.05146758281284127,1660.8121028311953,4453723.939732424,7.61390691232399,0.31857351097589914
4.04,std,-2,54419642085449.016,0.05441964208544901,188,10,0.05319148936170213,1.0,100000000000000.0,13.682064327644417,0.05119678504650158,1659.1204890454449,4431901.9142613495,7.529059899031538,0.40048190952295415
4.05,std,-2,54848282103232.61,0.05484828210323261,156,10,0.0641025641025641,1.0,100000000000000.0,13.374236725921389,0.05092768436525858,1657.4274746904657,4410228.376158676,7.445254337924635,0.47725989345670733
4.06,std,-2,55279243023614.87,0.055279243023614866,251,10,0.0398406374501992,1.0,100000000000000.0,14.217534315939934,0.05066027102158882,1655.7331114482768,4388702.038552683,7.362476723700207,0.2933257658844704
4.07,std,-2,55712531683037.484,0.05571253168303748,292,10,0.03424657534246575,1.0,100000000000000.0,13.83768193209714,0.05039453526123035,1654.0374503310081,4367321.6280537555,7.28071372453722,0.24933951111428834
4.08,std,-2,56148154920909.15,0.056148154920909146,110,10,0.09090909090909091,1.0,100000000000000.0,14.941547193302103,0.05013046732548883,1652.3405416830815,4346085.884590511,7.199952180183787,0.6545411072894352
4.09,std,-2,56586119579597.49,0.05658611957959749,266,10,0.03759398496240601,1.0,100000000000000.0,13.566541709975922,0.049868057453468215,1650.6424351931098,4324993.5612532655,7.120179100101442,0.2676759060188512
4.1,std,-2,57026432504419.914,0.05702643250441992,177,10,0.05649717514124294,1.0,100000000000000.0,14.039114505220144,0.04960729588422757,1648.9431799010752,4304043.424121051,7.041381661563319,0.39781817296967903
4.109999999999999,std,-2,57469100543635.72,0.05746910054363572,217,10,0.04608294930875576,1.0,100000000000000.0,14.237613388905,0.04934817285886632,1647.242824209684,4283234.252119073,6.963547207823644,0.3209007929872647
4.12,std,-2,57914130548437.1,0.0579141305484371,137,10,0.072992700729927,1.0,100000000000000.0,12.531828695422847,0.04909067862253967,1645.541415885275,4262564.836847282,6.886663246198864,0.5026761493575813
4.13,std,-2,58361529372941.01,0.05836152937294101,305,10,0.03278688524590164,1.0,100000000000000.0,13.025717286169755,0.04883480342640599,1643.8390020691756,4242033.982438276,6.810717446246418,0.22330221135234157
4.14,std,-2,58811303874180.88,0.05881130387418088,301,10,0.03322259136212625,1.0,100000000000000.0,13.794598013326887,0.04858053752950762,1642.1356292896016,4221640.505400525,6.735697637925836,0.22377733016364904
4.1499999999999995,std,-2,59263460912097.98,0.05926346091209798,166,10,0.060240963855421686,1.0,100000000000000.0,12.725013824532278,0.04832787120058748,1640.4313434616583,4201383.234468503,6.661591809727559,0.401300711429371
4.16,std,-2,59718007349533.39,0.05971800734953339,204,10,0.049019607843137254,1.0,100000000000000.0,13.765695871178579,0.04807679471984265,1638.7261898991496,4181261.010457904,6.588388106865508,0.32296020131693665
4.17,std,-2,60174950052219.49,0.06017495005221949,321,10,0.03115264797507788,1.0,100000000000000.0,14.410136424492553,0.04782729838061681,1637.0202133222997,4161272.6861168793,6.5160748294528394,0.20299298534120996
4.18,std,-2,60634295888771.945,0.06063429588877194,374,10,0.026737967914438502,1.0,100000000000000.0,13.419442811514653,0.0475793724910331,1635.3134578636586,4141417.125983926,6.444640430688483,0.17231658905584177
4.1899999999999995,std,-2,61096051730681.484,0.061096051730681486,126,10,0.07936507936507936,1.0,100000000000000.0,13.338049022874761,0.04733300737556878,1633.6059670738248,4121693.2062488887,6.374073515055941,0.5058788504012651
4.2,std,-2,61560224452305.62,0.06156022445230562,333,10,0.03003003003003003,1.0,100000000000000.0,12.980757547168281,0.04708819337657378,1631.8977839325285,4102099.814607074,6.304362836540859,0.1893202053015273
4.21,std,-2,62026820930860.586,0.062026820930860586,112,10,0.08928571428571429,1.0,100000000000000.0,12.89797081665954,0.04684492085573398,1630.188950852447,4082635.850129579,6.235497296853813,0.5567408300762333
4.22,std,-2,62495848046413.35,0.06249584804641335,257,10,0.038910505836575876,1.0,100000000000000.0,13.165910419633715,0.046603180195481396,1628.4795096885625,4063300.22312007,6.16746594366312,0.23997921959778679
4.2299999999999995,std,-2,62967312681873.586,0.06296731268187358,281,10,0.03558718861209965,1.0,100000000000000.0,12.82429888854117,0.0463629618003518,1626.7695017402502,4044091.8549862206,6.1002579688319605,0.21709103091928686
4.24,std,-2,63441221722985.46,0.06344122172298546,232,10,0.04310344827586207,1.0,100000000000000.0,12.331905643028813,0.046124256098292224,1625.0589677649057,4025009.6781047075,6.033862706699512,0.2600802890818755
4.25,std,-2,63917582058319.87,0.06391758205831986,299,10,0.033444816053511704,1.0,100000000000000.0,12.609681335889196,0.04588705354191895,1623.3479479798527,4006052.635690871,5.9682696323349465,0.19960768001120222
4.26,std,-2,64396400579266.4,0.0643964005792664,384,10,0.026041666666666668,1.0,100000000000000.0,12.69692052732256,0.04565134460972769,1621.636482069702,3987219.681670151,5.903468359825623,0.15373615520379227
4.27,std,-2,64877684180025.6,0.0648776841800256,229,10,0.043668122270742356,1.0,100000000000000.0,11.824152541436003,0.04541711980725716,1619.9246091935267,3968509.7805564064,5.839448640585586,0.25499775723081164
4.28,std,-2,65361439757601.055,0.06536143975760106,352,10,0.028409090909090908,1.0,100000000000000.0,12.304148693008624,0.0451843696682072,1618.2123679922224,3949921.907314913,5.776200361653121,0.1640966011833273
4.29,std,-2,65847674211791.29,0.06584767421179129,182,10,0.054945054945054944,1.0,100000000000000.0,12.17075716047448,0.04495308475551311,1616.4997965909588,3931455.0472522303,5.713713544022057,0.31394030461659655
4.3,std,-2,66336394445182.3,0.0663363944451823,380,10,0.02631578947368421,1.0,100000000000000.0,12.38916542363494,0.04472325566237682,1614.7869326124435,3913108.1958865277,5.651978340994493,0.148736272131434
4.31,std,-2,66827607363139.85,0.06682760736313985,220,10,0.045454545454545456,1.0,100000000000000.0,11.9430412296503,0.044494873013256726,1613.0738131758317,3894880.358826569,5.5909850365072415,0.2541356834776019
4.32,std,-2,67321319873801.555,0.06732131987380155,386,10,0.025906735751295335,1.0,100000000000000.0,12.00870387796012,0.044267927464816684,1611.3604749044484,3876770.551660913,5.5307240435167895,0.14328300630872512
4.33,std,-2,67817538888069.23,0.06781753888806923,365,10,0.0273972602739726,1.0,100000000000000.0,12.262364663362566,0.04404240970683595,1609.6469539391417,3858777.7998315697,5.47118590239306,0.14989550417515232
4.34,std,-2,68316271319601.25,0.06831627131960125,437,10,0.02288329519450801,1.0,100000000000000.0,12.128690221358934,0.04381831046308065,1607.9332859315612,3840901.138524533,5.412361279280979,0.12385266085311165
4.35,std,-2,68817524084805.08,0.06881752408480508,506,10,0.019762845849802372,1.0,100000000000000.0,13.027737190846514,0.043595620492138186,1606.219506062236,3823139.612554538,5.354240964551583,0.1058150388251301
4.36,std,-2,69321304102829.57,0.06932130410282956,283,10,0.0353356890459364,1.0,100000000000000.0,11.817877534998228,0.04337433058821551,1604.505649036486,3805492.276251821,5.296815871193283,0.18716663855806656
4.37,std,-2,69827618295557.27,0.06982761829555727,425,10,0.023529411764705882,1.0,100000000000000.0,12.268070583550008,0.0431544315819022,1602.7917490983214,3787958.1933524255,5.2400770332818665,0.12329593019486744
4.38,std,-2,70336473587597.38,0.07033647358759738,257,10,0.038910505836575876,1.0,100000000000000.0,12.698751848913824,0.042935914340899516,1601.077840030625,3770536.4368874063,5.184015604416053,0.20171266943253124
4.39,std,-2,70847876906277.75,0.07084787690627775,412,10,0.024271844660194174,1.0,100000000000000.0,11.7880261834182,0.04271876977071631,1599.3639551636918,3753226.089076467,5.128622856200316,0.12448113728641544
4.3999999999999995,std,-2,71361835181637.78,0.07136183518163779,560,10,0.017857142857142856,1.0,100000000000000.0,11.730046835397768,0.0425029888153329,1597.6501273777703,3736026.2412209357,5.0738901767204645,0.09060518172715115
4.41,std,-2,71878355346420.77,0.07187835534642077,483,10,0.020703933747412008,1.0,100000000000000.0,11.530903494316783,0.04228856245783335,1595.9363891133312,3718935.9935974055,5.019809069058406,0.10392979439044318
4.42,std,-2,72397444336066.78,0.07239744433606678,764,10,0.013089005235602094,1.0,100000000000000.0,11.281476277709702,0.042075481721007855,1594.2227723702476,3701954.455356704,4.966371149792254,0.065004857981574
4.43,std,-2,72919109088705.14,0.07291910908870514,245,10,0.04081632653061224,1.0,100000000000000.0,12.047064931108995,0.041863737667925324,1592.509308716517,3685080.744418201,4.913568147534196,0.20055380194017125
4.4399999999999995,std,-2,73443356545147.25,0.07344335654514725,323,10,0.030959752321981424,1.0,100000000000000.0,11.676826538974938,0.041653321402477496,1590.7960292989806,3668313.9873721073,4.861391901498226,0.15050748921047138
4.45,std,-2,73970193648879.08,0.07397019364887908,299,10,0.033444816053511704,1.0,100000000000000.0,11.78429836462433,0.041444224069895445,1589.0829648354197,3651653.319377335,4.809834360018233,0.16086402541867
4.46,std,-2,74499627346054.22,0.07449962734605421,513,10,0.01949317738791423,1.0,100000000000000.0,11.820735278440733,0.041236436857238865,1587.3701456304548,3635097.884063798,4.758887579159359,0.0927658397496951
4.47,std,-2,75031664585486.42,0.07503166458548642,190,10,0.05263157894736842,1.0,100000000000000.0,11.88175076551837,0.04102995099385941,1585.6576015795404,3618646.833436934,4.7085437213087005,0.24781809059519475
4.4799999999999995,std,-2,75566312318642.56,0.07556631231864257,636,10,0.015723270440251572,1.0,100000000000000.0,11.65991041264591,0.04082475775183858,1583.9453621670598,3602299.327779113,4.6587950537585225,0.07325149455595162
4.49,std,-2,76103577499635.42,0.07610357749963542,577,10,0.01733102253032929,1.0,100000000000000.0,12.040770710552726,0.04062084844640118,1582.233456480313,3586054.5355572705,4.609633947358813,0.07988966979824633
4.5,std,-2,76643467085216.62,0.07664346708521662,479,10,0.020876826722338204,1.0,100000000000000.0,11.356157833611354,0.04041821443630461,1580.5219132069747,3569911.633328093,4.561052875131124,0.09522031054553495
4.51,std,-2,77185988034769.39,0.07718598803476939,393,10,0.02544529262086514,1.0,100000000000000.0,11.765087495688968,0.04021684712420523,1578.8107606449046,3553869.805647869,4.513044410938704,0.11483573564729527
4.52,std,-2,77731147310301.7,0.0777311473103017,737,10,0.013568521031207599,1.0,100000000000000.0,11.165993849043911,0.04001673795700224,1577.100026703783,3537928.2449801154,4.465601228143515,0.06059160418105177
4.53,std,-2,78278951876439.27,0.07827895187643927,380,10,0.02631578947368421,1.0,100000000000000.0,11.585410239887127,0.03981787842615967,1575.3897389106526,3522086.15160432,4.418716098289858,0.1162820025865752
4.54,std,-2,78829408700418.23,0.07882940870041824,733,10,0.013642564802182811,1.0,100000000000000.0,11.525248398429051,0.03962026006800758,1573.6799244176389,3506342.7335315645,4.372381889816297,0.05965050327170937
4.55,std,-2,79382524752078.52,0.07938252475207852,385,10,0.025974025974025976,1.0,100000000000000.0,11.313911154725185,0.0394238744640223,1571.9706099994992,3490697.2064130404,4.3265915667437,0.11237900173360259
4.56,std,-2,79938307003856.86,0.07993830700385686,677,10,0.014771048744460856,1.0,100000000000000.0,11.555195205956752,0.03922871324108732,1570.2618220657948,3475148.7934561176,4.281338187427419,0.06323985505801209
4.57,std,-2,80496762430779.61,0.0804967624307796,494,10,0.020242914979757085,1.0,100000000000000.0,11.673649887247144,0.03903476807173469,1568.5535866610733,3459696.7253384124,4.236614903286869,0.08576143528920788
4.58,std,-2,81057898010456.31,0.0810578980104563,563,10,0.017761989342806393,1.0,100000000000000.0,10.946715917595114,0.03884203067436807,1566.8459294694094,3444340.2401227453,4.1924149575621215,0.07446562979684052
4.59,std,-2,81621720723072.55,0.08162172072307254,1083,10,0.009233610341643583,1.0,100000000000000.0,11.185464388216756,0.0386504928134673,1565.1388758198575,3429078.583176759,4.148731684091993,0.03830777178293623
4.6,std,-2,82188237551383.06,0.08218823755138306,407,10,0.02457002457002457,1.0,100000000000000.0,11.485473345390401,0.038460146299776024,1563.4324506915377,3413911.0070874332,4.105558506098232,0.10087367336850693
4.61,std,-2,82757455480705.4,0.0827574554807054,457,10,0.02188183807439825,1.0,100000000000000.0,11.055452145314167,0.03827098299047199,1561.7266787156352,3398836.7715838132,4.062888934984836,0.08890347778960254
4.62,std,-2,83329381498912.58,0.08332938149891257,690,10,0.014492753623188406,1.0,100000000000000.0,10.67826948295017,0.038082994789321374,1560.021584180941,3383855.1434541843,4.0207165691534295,0.05827125462541202
4.63,std,-2,83904022596426.7,0.08390402259642671,637,10,0.015698587127158554,1.0,100000000000000.0,10.809744989413407,0.03789617364681675,1558.3171910375772,3368965.396468138,3.9790350928328597,0.06246522908685807
4.64,std,-2,84481385766212.39,0.08448138576621239,642,10,0.01557632398753894,1.0,100000000000000.0,11.077232750207946,0.03771051156030021,1556.613522901539,3354166.8113015178,3.937838274927484,0.06133704478080193
4.6499999999999995,std,-2,85061478003769.78,0.08506147800376979,609,10,0.016420361247947456,1.0,100000000000000.0,10.811831164117883,0.03752600057407135,1554.9106030598725,3339458.6754533774,3.8971199678705757,0.06399211769902423
4.66,std,-2,85644306307128.06,0.08564430630712806,590,10,0.01694915254237288,1.0,100000000000000.0,10.974323980856344,0.03734263277948092,1553.2084544701302,3324840.2831766997,3.8568741064926053,0.06537074756767128
4.67,std,-2,86229877676838.69,0.08622987767683869,672,10,0.01488095238095238,1.0,100000000000000.0,10.73191130498994,0.037160400315010805,1551.5070997708183,3310310.935399574,3.8170947069188346,0.05680200456724456
4.68,std,-2,86818199115969.25,0.08681819911596925,1045,10,0.009569377990430622,1.0,100000000000000.0,11.189970546962286,0.036979295366340204,1549.8065612813957,3295869.9396521407,3.7777758654601192,0.03615096521971406
4.6899999999999995,std,-2,87409277630096.33,0.08740927763009633,1926,10,0.005192107995846314,1.0,100000000000000.0,10.465033396008915,0.03679931016639911,1548.106861002275,3281516.609994206,3.738911757517757,0.01941283363197174
4.7,std,-2,88003120227299.38,0.08800312022729938,715,10,0.013986013986013986,1.0,100000000000000.0,10.792383655510603,0.036620436995409095,1546.4080206315377,3267250.26694219,3.700496636540685,0.051755197713855734
4.71,std,-2,88599733918154.05,0.08859973391815405,1095,10,0.0091324200913242,1.0,100000000000000.0,10.687218991751692,0.03644266818091213,1544.7100615510342,3253070.2373980703,3.662524832923249,0.033447715369162086
4.72,std,-2,89199125715725.77,0.08919912571572576,830,10,0.012048192771084338,1.0,100000000000000.0,10.727834389844263,0.03626599609778732,1543.013004846098,3238975.8545814385,3.624990753000172,0.04367458738554424
4.7299999999999995,std,-2,89801302635563.19,0.08980130263556318,654,10,0.01529051987767584,1.0,100000000000000.0,10.743572648261189,0.03609041316825672,1541.31687129846,3224966.457955114,3.5878888779821874,0.054860686207678706
4.74,std,-2,90406271695692.2,0.09040627169569221,962,10,0.010395010395010396,1.0,100000000000000.0,10.45074433411733,0.03591591186187994,1539.621681396876,3211041.393161196,3.551213762957923,0.03691490398085159
4.75,std,-2,91014039916608.7,0.0910140399166087,1336,10,0.0074850299401197605,1.0,100000000000000.0,10.474084553424749,0.035742484695538375,1537.927455333222,3197200.011952672,3.5149600358687882,0.02630958110680231
4.76,std,-2,91624614321273.0,0.091624614321273,1788,10,0.005592841163310962,1.0,100000000000000.0,10.503568176078897,0.035570124233408995,1536.2342130152115,3183441.672123255,3.4791223965325844,0.019458178951524522
4.77,std,-2,92238001935103.45,0.09223800193510345,984,10,0.01016260162601626,1.0,100000000000000.0,10.36174180623164,0.03539882308692853,1534.5419740620346,3169765.737445429,3.443695615648688,0.03499690666309642
4.78,std,-2,92854209785969.48,0.09285420978596949,1420,10,0.007042253521126761,1.0,100000000000000.0,10.56340096800001,0.03522857391474806,1532.8507578109907,3156171.577604061,3.4086745338355624,0.02400475023827861
4.79,std,-2,93473244904185.89,0.09347324490418589,2874,10,0.003479471120389701,1.0,100000000000000.0,10.388997274329283,0.0350593694226785,1531.1605833233932,3142658.568130008,3.3740540606780685,0.01173992366276294
4.8,std,-2,94095114322506.47,0.09409511432250647,2102,10,0.004757373929590866,1.0,100000000000000.0,10.347346567961365,0.034891202363627125,1529.4714693802991,3129226.0903392765,3.3398291737699104,0.015888816240579973
4.81,std,-2,94719825076117.84,0.09471982507611784,1904,10,0.005252100840336135,1.0,100000000000000.0,10.343788194123889,0.034724065537525745,1527.7834344963176,3115873.5312690753,3.305994917804274,0.01736341868594682
4.82,std,-2,95347384202632.97,0.09534738420263297,2191,10,0.004564125969876769,1.0,100000000000000.0,10.359636752452843,0.03455795179125056,1526.0964969146144,3102600.2836156418,3.272546403636234,0.014936314028462959
4.83,std,-2,95977798742085.23,0.09597779874208523,3572,10,0.002799552071668533,1.0,100000000000000.0,10.281505384798816,0.03439285401853435,1524.4106746114533,3089405.7456736234,3.2394788073793985,0.009069089606325303
4.84,std,-2,96611075736922.17,0.09661107573692217,4755,10,0.002103049421661409,1.0,100000000000000.0,10.241569936205376,0.034228765159870625,1522.7259853030089,3076289.321274794,3.2067873695176403,0.006744032322855184
4.85,std,-2,97247222231999.27,0.09724722223199926,6074,10,0.0016463615409944023,1.0,100000000000000.0,10.167419416130082,0.034065678202410896,1521.0424464471855,3063250.419728769,3.174467394019247,0.005226321030654012
4.86,std,-2,97886245274574.31,0.09788624527457432,4088,10,0.002446183953033268,1.0,100000000000000.0,10.141651654605635,0.03390358617985464,1519.3600752437965,3050288.455764161,3.1425142474592413,0.007687167924313212
4.87,std,-2,98528151914300.64,0.09852815191430064,4677,10,0.0021381227282446015,1.0,100000000000000.0,10.104279092132336,0.033742482172332715,1517.6788886397442,3037402.8494712934,3.110923358164799,0.006651535937919177
4.88,std,-2,99172949203221.5,0.0991729492032215,7064,10,0.0014156285390713476,1.0,100000000000000.0,10.127576053983997,0.03358235930628393,1515.9989033347417,3024593.026241584,3.079690215368832,0.004359697360374904
4.89,std,-2,99820644195763.94,0.09982064419576393,13815,10,0.0007238508867173362,1.0,100000000000000.0,10.060846135472142,0.03342321075432565,1514.3201357781352,3011858.4167142524,3.0488103683636005,0.0022068840885730006
