z,luminosity_function,alpha_intrinsic,L_min_Jy_kpc2,L_min_over_L_star,n_generated,n_detected,detection_rate_10_per_n,N_ratio_detectable_L,mean_detected_L,mean_SNR,SFR_psi,comoving_volume_Mpc3,time_Gyr,nfrb_sfr_base,n_total_population_scaled
0.01,std,0,10000000000.0,1e-05,11,10,0.9090909090909091,1.0,100000000000000.0,14958415.855399176,0.015366633837018974,0.2734667290167527,137678720.05218962,0.011571244074951475,0.010519312795410431
0.02,std,0,10000000000.0,1e-05,13,10,0.7692307692307693,1.0,100000000000000.0,4021300.691745969,0.015778461234561884,1.022068558606689,135706863.92550436,0.043769993866754044,0.03366922605134927
0.03,std,0,10000000000.0,1e-05,13,10,0.7692307692307693,1.0,100000000000000.0,987591.7694584422,0.016197006898133106,2.2533140719060953,133769703.76805276,0.09764370658612846,0.07511054352779113
0.04,std,0,10000000000.0,1e-05,12,10,0.8333333333333334,1.0,100000000000000.0,1068585.9289540797,0.0166223021408091,3.9534879759390167,131866423.28089881,0.17331486640088722,0.1444290553340727
0.05,std,0,10000000000.0,1e-05,10,10,1.0,1.0,100000000000000.0,106440.2333930789,0.01705437728000787,6.108920678392311,129996236.70924087,0.270870137378157,0.270870137378157
0.060000000000000005,std,0,10000000000.0,1e-05,15,10,0.6666666666666666,1.0,100000000000000.0,464115.9576319459,0.017493261604641853,8.706000864159511,128158387.20751494,0.39036109353014364,0.26024072902009576
0.06999999999999999,std,0,10000000000.0,1e-05,13,10,0.7692307692307693,1.0,100000000000000.0,152847.4760345014,0.017938983341287663,11.731187654550968,126352145.30294725,0.5318050098192594,0.4090807767840457
0.08,std,0,10000000000.0,1e-05,11,10,0.9090909090909091,1.0,100000000000000.0,88998.91973690744,0.018391569619367408,15.171022332127778,124576807.45144194,0.6951857090444565,0.6319870082222332
0.09,std,0,10000000000.0,1e-05,18,10,0.5555555555555556,1.0,100000000000000.0,90064.30258979056,0.018851046435337065,19.012139616072997,122831694.67989907,0.8804544595262035,0.4891413664034464
0.09999999999999999,std,0,10000000000.0,1e-05,10,10,1.0,1.0,100000000000000.0,144496.43545569977,0.019317438615878545,23.241278475396836,121116151.30983643,1.0875309185516517,1.0875309185516517
0.11,std,0,10000000000.0,1e-05,16,10,0.625,1.0,100000000000000.0,66762.08628259072,0.019790769780093035,27.845292468987438,119429543.75708403,1.316304116577635,0.8226900728610219
0.12,std,0,10000000000.0,1e-05,17,10,0.5882352941176471,1.0,100000000000000.0,29462.275531175295,0.020271062300694323,32.811159604080814,117771259.40308331,1.5666334772932091,0.921549104290123
0.13,std,0,10000000000.0,1e-05,10,10,1.0,1.0,100000000000000.0,87464.24574814638,0.02075833726420218,38.12599170595679,116140705.53330435,1.838349868705114,1.838349868705114
0.14,std,0,10000000000.0,1e-05,12,10,0.8333333333333334,1.0,100000000000000.0,55392.50088742019,0.021252614430137,43.7770432943405,114537308.33873443,2.131256680562919,1.7760472338024325
0.15000000000000002,std,0,10000000000.0,1e-05,10,10,1.0,1.0,100000000000000.0,45733.51277719768,0.021753912189218152,49.75171996317443,112960511.97664525,2.4451309235444754,2.4451309235444754
0.16,std,0,10000000000.0,1e-05,12,10,0.8333333333333334,1.0,100000000000000.0,59207.05151961198,0.02226224752057046,56.03758626262255,111409777.68701176,2.77972434579131,2.316436954826092
0.17,std,0,10000000000.0,1e-05,13,10,0.7692307692307693,1.0,100000000000000.0,55724.330633260484,0.02277763594794393,62.62237308365795,109884582.96125181,3.1347645625386633,2.411357355798972
0.18000000000000002,std,0,10000000000.0,1e-05,15,10,0.6666666666666666,1.0,100000000000000.0,9621.5414024565,0.023300091494954225,69.49398454685515,108384420.7601139,3.509956194742538,2.339970796495025
0.19,std,0,10000000000.0,1e-05,14,10,0.7142857142857143,1.0,100000000000000.0,12384.01649306497,0.023829626639352574,76.64050439916049,106908798.77780546,3.904982012824745,2.7892728663033894
0.2,std,0,10000000000.0,1e-05,14,10,0.7142857142857143,1.0,100000000000000.0,58635.57760329051,0.024366252266335785,84.050201923493,105457238.74949963,4.319504081830412,3.0853600584502945
0.21000000000000002,std,0,10000000000.0,1e-05,13,10,0.7692307692307693,1.0,100000000000000.0,42148.28190240094,0.02490997762090884,91.7115373666819,104029275.79969656,4.753164904462742,3.656280695740571
0.22,std,0,10000000000.0,1e-05,18,10,0.5555555555555556,1.0,100000000000000.0,10986.866938078598,0.025460810259314456,99.61316689378796,102624457.82893437,5.205588558727468,2.8919936437374827
0.23,std,0,10000000000.0,1e-05,20,10,0.5,1.0,100000000000000.0,15787.541710821102,0.026018755999546127,107.74394707667766,101242344.93655138,5.676381827063018,2.838190913531509
0.24000000000000002,std,0,10000000000.0,1e-05,13,10,0.7692307692307693,1.0,100000000000000.0,24758.271270332294,0.02658381887096318,116.09293892668204,99882508.87732875,6.165135314090057,4.7424117800692756
0.25,std,0,10000000000.0,1e-05,12,10,0.8333333333333334,1.0,100000000000000.0,7325.052479908909,0.027156001063028613,124.64941148125489,98544532.5499974,6.671424550282599,5.559520458568833
0.26,std,0,10000000000.0,1e-05,11,10,0.9090909090909091,1.0,100000000000000.0,18761.23380085031,0.02773530287319293,133.40284495639986,97228009.51565525,7.194811079123565,6.540737344657786
0.27,std,0,10000000000.0,1e-05,17,10,0.5882352941176471,1.0,100000000000000.0,9442.70258687388,0.0283217226539493,142.34293347572478,95932543.54423486,7.734843525425244,4.549907956132497
0.28,std,0,10000000000.0,1e-05,11,10,0.9090909090909091,1.0,100000000000000.0,15668.0468162323,0.028915256759088154,151.45958739029786,94657748.18751705,8.291058642862183,7.53732603896562
0.29000000000000004,std,0,10000000000.0,1e-05,13,10,0.7692307692307693,1.0,100000000000000.0,11144.112188497968,0.029515899489181725,160.74293520096572,93403246.37677355,8.86298233876391,6.817678722126085
0.3,std,0,10566423966.120022,1.0566423966120022e-05,10,10,1.0,1.0,100000000000000.0,6313.582263053539,0.03012364303633178,170.18332509694176,92168670.04385954,9.45013067454858,9.45013067454858
0.31,std,0,11310878497.946434,1.1310878497946435e-05,17,10,0.5882352941176471,1.0,100000000000000.0,7412.144618973604,0.030738477428216556,179.7713261262269,90953659.76403436,10.052010840396921,5.91294755317466
0.32,std,0,12081730596.244352,1.2081730596244352e-05,13,10,0.7692307692307693,1.0,100000000000000.0,1880.9744634279493,0.03136039047147566,189.49772900909107,89757864.41943079,10.668122102742743,8.206247771340571
0.33,std,0,12879016950.316133,1.2879016950316134e-05,16,10,0.625,1.0,100000000000000.0,4549.242394628282,0.031989367694474906,199.35354661292288,88580940.88171776,11.297956723672398,7.061222952295249
0.34,std,0,13702767660.291697,1.3702767660291696e-05,18,10,0.5555555555555556,1.0,100000000000000.0,8395.426169382048,0.032625392289495694,209.3300141001635,87422553.71285346,11.941000851148289,6.633889361749049
0.35000000000000003,std,0,14553006432.079292,1.4553006432079291e-05,14,10,0.7142857142857143,1.0,100000000000000.0,8481.324111234904,0.03326844505439697,219.41858876559985,86282374.8828454,12.596735379381107,8.997668128129362
0.36000000000000004,std,0,15429750770.155703,1.5429750770155704e-05,11,10,0.9090909090909091,1.0,100000000000000.0,10624.436834969181,0.03391850433380093,229.61094957809692,85160083.50335014,13.264636778744539,12.05876070794958
0.37,std,0,16333012168.054943,1.6333012168054942e-05,15,10,0.6666666666666666,1.0,100000000000000.0,15561.21598683153,0.03457554595985672,239.89899644037433,84055365.5762477,13.944177894721346,9.296118596480897
0.38,std,0,17262796296.413967,1.7262796296413968e-05,14,10,0.7142857142857143,1.0,100000000000000.0,6956.346883255367,0.035239543192639965,250.2748491839023,82967913.75619605,14.634828715690293,10.453449082635924
0.39,std,0,18219103188.45345,1.8219103188453448e-05,15,10,0.6666666666666666,1.0,100000000000000.0,1381.6739379775242,0.03591046666024937,260.73084631107145,81897427.12626469,15.336057109221485,10.224038072814324
0.4,std,0,19201927422.778652,1.920192742277865e-05,14,10,0.7142857142857143,1.0,100000000000000.0,4721.103364361808,0.03658828429866464,271.25954350186123,80843610.98588744,16.047329526989092,11.462378233563637
0.41000000000000003,std,0,20211258303.395485,2.0211258303395485e-05,17,10,0.5882352941176471,1.0,100000000000000.0,5124.468218202346,0.03727296129143468,281.85371189632224,79806176.65031886,16.768111678177817,9.86359510481048
0.42000000000000004,std,0,21247080036.850567,2.1247080036850565e-05,16,10,0.625,1.0,100000000000000.0,9048.494876042716,0.037964460009266905,292.50633617090267,78784841.26087493,17.497869171780934,10.936168232363084
0.43,std,0,22309371906.409485,2.2309371906409483e-05,14,10,0.7142857142857143,1.0,100000000000000.0,6754.058194357266,0.038662739949594106,303.2106124191959,77779327.60525452,18.236068127860438,13.025762948471742
0.44,std,0,23398108443.198326,2.3398108443198325e-05,14,10,0.7142857142857143,1.0,100000000000000.0,6928.5825992299815,0.03936775767619714,313.9599458524506,76789363.94735558,18.982175758244107,13.558696970174363
0.45,std,0,24513259594.245537,2.4513259594245538e-05,16,10,0.625,1.0,100000000000000.0,3814.0689620842395,0.04007946675896711,324.7479483323221,75814683.86589663,19.7356609170373,12.334788073148314
0.46,std,0,25654790887.366814,2.5654790887366813e-05,24,10,0.4166666666666667,1.0,100000000000000.0,3788.8618317314554,0.04079781771389325,335.568435750117,74855026.10136408,20.495994621568325,8.539997758986802
0.47000000000000003,std,0,26822663592.840954,2.6822663592840954e-05,21,10,0.47619047619047616,1.0,100000000000000.0,3850.2585514758853,0.04152275794336715,346.41542526360274,73910134.4107027,21.26265054425434,10.12507168774016
0.48000000000000004,std,0,28016834881.842674,2.8016834881842673e-05,21,10,0.47619047619047616,1.0,100000000000000.0,7383.321868887741,0.04225423167689769,357.2831324042148,72979757.42922702,22.03510547606713,10.492907369555775
0.49,std,0,29237257981.593975,2.9237257981593975e-05,15,10,0.6666666666666666,1.0,100000000000000.0,4552.2927836773415,0.042992179912334685,368.16596806727466,72063648.53939462,22.812839762383394,15.20855984158893
0.5,std,0,30483882327.210846,3.0483882327210846e-05,15,10,0.6666666666666666,1.0,100000000000000.0,4464.553094710401,0.04373654035770323,379.0585353947166,71161565.7458431,23.595337711808295,15.73022514120553
0.51,std,0,31756653710.224438,3.175665371022444e-05,12,10,0.8333333333333334,1.0,100000000000000.0,3725.392457435433,0.04448724737375437,389.955626564335,70273271.55644336,24.382087978998943,20.318406649165787
0.52,std,0,33055514423.771736,3.3055514423771736e-05,15,10,0.6666666666666666,1.0,100000000000000.0,3614.4706483592017,0.04524423191734168,400.8522194922269,69398532.8688438,25.17258392203138,16.781722614687585
0.53,std,0,34380403404.43406,3.4380403404434057e-05,18,10,0.5555555555555556,1.0,100000000000000.0,5066.049742514505,0.04600742148573693,411.7434744621868,68537120.86228469,25.966323935436932,14.425735519687185
0.54,std,0,35731256370.74186,3.5731256370741856e-05,17,10,0.5882352941176471,1.0,100000000000000.0,1195.4803005866768,0.046776740062001616,422.62473068982206,67688810.89416112,26.76281175960281,15.742830446825183
0.55,std,0,37108005958.33166,3.710800595833166e-05,13,10,0.7692307692307693,1.0,100000000000000.0,3915.020846512968,0.04755210806153499,433.49150283115836,66853382.401291125,27.561556767564717,21.20119751351132
0.56,std,0,38510581851.78325,3.851058185178325e-05,16,10,0.625,1.0,100000000000000.0,5938.726559972338,0.04833344227992233,444.33947744413996,66030618.80524841,28.362074229944348,17.726296393715216
0.5700000000000001,std,0,39938910913.13577,3.993891091313577e-05,17,10,0.5882352941176471,1.0,100000000000000.0,1709.5514741433558,0.049120655842211244,455.16450941291185,65220307.42184981,29.163885559186546,17.155226799521497
0.5800000000000001,std,0,41392917307.11124,4.139291730711124e-05,16,10,0.625,1.0,100000000000000.0,4772.996284258082,0.04991365815374634,465.9626183398026,64422239.37422575,29.966518533699908,18.72907408356244
0.59,std,0,42872522623.065834,4.2872522623065835e-05,16,10,0.625,1.0,100000000000000.0,7868.541478106234,0.050712354852696435,476.7299849185279,63636209.50946025,30.769507503298748,19.230942189561716
0.6,std,0,44377645993.695694,4.4377645993695696e-05,13,10,0.7692307692307693,1.0,100000000000000.0,1196.4747357428007,0.051516647764411366,487.46294728589794,62862016.318445235,31.57239357618041,24.286456597061854
0.61,std,0,45908204210.52507,4.590820421052507e-05,20,10,0.5,1.0,100000000000000.0,2834.6818443609463,0.05232643485774771,498.15799737254576,62099461.8588071,32.37472478926733,16.187362394633666
0.62,std,0,47464111836.21822,4.746411183621822e-05,15,10,0.6666666666666666,1.0,100000000000000.0,3515.569642786414,0.05314161020350689,508.8117772429619,61348351.680681646,33.176056261771464,22.117370841180975
0.63,std,0,49045281313.73952,4.904528131373952e-05,20,10,0.5,1.0,100000000000000.0,2825.564381934692,0.05396206393512963,519.4210754461087,60608494.75515795,33.97595033386274,16.98797516693137
0.64,std,0,50651623072.41144,5.0651623072411435e-05,14,10,0.7142857142857143,1.0,100000000000000.0,2843.3725370587867,0.054787682211795266,529.9828233713425,59879703.405252725,34.773976690635436,24.838554779025312
0.65,std,0,52283045630.90779,5.228304563090779e-05,16,10,0.625,1.0,100000000000000.0,2547.698970614657,0.055618347184074164,540.494091619675,59161793.23922499,35.56971247252721,22.231070295329506
0.66,std,0,53939455697.22638,5.393945569722638e-05,13,10,0.7692307692307693,1.0,100000000000000.0,3185.3847553068526,0.056453936962285574,550.9520863963689,58454583.086089864,36.362742373111445,27.971340287008804
0.67,std,0,55620758265.68193,5.562075826568193e-05,17,10,0.5882352941176471,1.0,100000000000000.0,2945.628895240893,0.05729432558771266,561.3541459227441,57757894.933217816,37.15265872465952,21.854505132152656
0.68,std,0,57326856710.9799,5.7326856710979894e-05,20,10,0.5,1.0,100000000000000.0,2578.3219222246607,0.05813938300682973,571.6977368829324,57071553.86587637,37.93906157302351,18.969530786511754
0.6900000000000001,std,0,59057652879.40417,5.9057652879404165e-05,17,10,0.5882352941176471,1.0,100000000000000.0,3968.7184968063993,0.05898897504869533,581.9804508952054,56395388.00860588,38.721558741679814,22.777387495105774
0.7000000000000001,std,0,60813047177.18146,6.0813047177181455e-05,24,10,0.4166666666666667,1.0,100000000000000.0,1339.3016875064354,0.059842963405668255,592.2000010251684,55729228.46830064,39.499765886577144,16.45823578607381
0.7100000000000001,std,0,62592938656.06586,6.259293865606585e-05,21,10,0.47619047619047616,1.0,100000000000000.0,5168.6029230929,0.06070120561760056,602.3542183334938,55072909.27894104,40.2733065418419,19.177765019924713
0.72,std,0,64397225096.20211,6.439722509620211e-05,14,10,0.7142857142857143,1.0,100000000000000.0,3351.26954727828,0.061563555059664696,612.4410484691745,54426267.3478233,41.04181215752775,29.31558011251982
0.73,std,0,66225803086.31813,6.622580308631813e-05,22,10,0.45454545454545453,1.0,100000000000000.0,2201.7563977264685,0.062429860933968816,622.4585483029068,53789142.40325106,41.804922129571345,19.002237331623338
0.74,std,0,68078568101.29761,6.807856810129761e-05,18,10,0.5555555555555556,1.0,100000000000000.0,2172.431156756444,0.06329996826511489,632.4048826120351,53161376.94359302,42.56228382318346,23.645713235101926
0.75,std,0,69955414577.19823,6.995541457719823e-05,16,10,0.625,1.0,100000000000000.0,2870.092525455657,0.06417371789985252,642.2783208121043,52542816.187593825,43.31355258977661,27.070970368610382
0.76,std,0,71856235983.75394,7.185623598375394e-05,18,10,0.5555555555555556,1.0,100000000000000.0,1247.6565242464742,0.06505094651097904,652.0772337399757,51933308.025967404,44.058391778285056,24.476884321269477
0.77,std,0,73780924894.43379,7.378092489443379e-05,19,10,0.5263157894736842,1.0,100000000000000.0,1119.0071524208731,0.06593148660563516,661.8000904914676,51332702.97407133,44.79647274140142,23.577090916527062
0.78,std,0,75729373054.10072,7.572937305410072e-05,16,10,0.625,1.0,100000000000000.0,838.3140906482216,0.06681516653814157,671.4454553114186,50740854.125752576,45.52747483712571,28.454671773203568
0.79,std,0,77701471444.33044,7.770147144433044e-05,14,10,0.7142857142857143,1.0,100000000000000.0,1848.8077941756394,0.0677018105275198,681.0119845403026,50157617.108157024,46.251085426177376,33.0364895901267
0.8,std,0,79697110346.44647,7.969711034644648e-05,15,10,0.6666666666666666,1.0,100000000000000.0,754.5062045125708,0.06859123867983588,690.4984236198861,49582850.03763585,46.9669998659832,31.3113332439888
0.81,std,0,81716179402.32469,8.171617940232469e-05,23,10,0.43478260869565216,1.0,100000000000000.0,3165.3334596686473,0.06948326701550157,699.9036041539636,49016413.47646635,47.6749215011265,20.728226739620215
0.8200000000000001,std,0,83758567673.02373,8.375856767302372e-05,16,10,0.625,1.0,100000000000000.0,1888.4160393038496,0.0703777075016633,709.226441029273,48458170.39061373,48.37456165119682,30.234101031998012
0.8300000000000001,std,0,85824163695.29506,8.582416369529505e-05,20,10,0.5,1.0,100000000000000.0,1460.1541884023914,0.0712743680898028,718.4659295964361,47907986.10823188,49.065639596115034,24.532819798057517
0.8400000000000001,std,0,87912855536.02773,8.791285553602773e-05,11,10,0.9090909090909091,1.0,100000000000000.0,1967.076609072863,0.07217305275866856,727.6211429101783,47365728.279101126,49.747882559417704,45.22534778128882
0.85,std,0,90024530844.68253,9.002453084468252e-05,17,10,0.5882352941176471,1.0,100000000000000.0,2444.1797771861156,0.0730735615626498,736.691229029032,46831266.83476413,50.421025689604754,29.65942687623809
0.86,std,0,92159076903.76604,9.215907690376604e-05,15,10,0.6666666666666666,1.0,100000000000000.0,2049.3094582409585,0.07397569068569808,745.6754083781124,46304473.94949488,51.08481204023437,34.056541360156245
0.87,std,0,94316380677.40002,9.431638067740003e-05,22,10,0.45454545454545453,1.0,100000000000000.0,2102.4061656866793,0.07487923250089422,754.5729711689323,45785224.0019454,51.73899254847654,23.517723885671153
0.88,std,0,96496328858.03812,9.649632885803811e-05,13,10,0.7692307692307693,1.0,100000000000000.0,2031.0220092047962,0.07578397563574907,763.383274884231,45273393.53755888,52.38332601302814,40.2948661638678
0.89,std,0,98698807911.37943,9.869880791137942e-05,16,10,0.625,1.0,100000000000000.0,704.7134744868008,0.07668970504331966,772.1057418181197,44768861.231587745,53.01757907079087,33.135986919244296
0.9,std,0,100923704119.53053,0.00010092370411953053,21,10,0.47619047619047616,1.0,100000000000000.0,591.998397275717,0.07759620207921059,780.7398566820234,44271507.85283817,53.64152617338713,25.543583892089107
0.91,std,0,103170903622.46849,0.0001031709036224685,22,10,0.45454545454545453,1.0,100000000000000.0,2221.064099900078,0.07850324458452297,789.2851642655876,43781216.22801512,54.254949562832465,24.661340710378393
0.92,std,0,105440292457.84825,0.00010544029245784826,18,10,0.5555555555555556,1.0,100000000000000.0,1853.898945921043,0.07941060697480082,797.7412671608552,43297871.206686266,54.8576392471356,30.47646624840867
0.93,std,0,107731756599.20927,0.00010773175659920927,22,10,0.45454545454545453,1.0,100000000000000.0,1599.0221308568493,0.08031806033501555,806.1078235443667,42821359.6268634,55.449392975623276,25.204269534374216
0.9400000000000001,std,0,110045181992.62419,0.00011004518199262418,15,10,0.6666666666666666,1.0,100000000000000.0,2829.8699829463753,0.08122537252061583,814.384545016388,42351570.28113079,56.03001621399137,37.35334414266091
0.9500000000000001,std,0,112380454591.83641,0.00011238045459183641,16,10,0.625,1.0,100000000000000.0,785.6614162419629,0.08213230826466011,822.5711945003274,41888393.88338472,56.599322119502126,35.37457632468883
0.9600000000000001,std,0,114737460391.93826,0.00011473746039193826,19,10,0.5263157894736842,1.0,100000000000000.0,2275.140081960349,0.0830386292910345,830.6675841985552,41431723.03608367,57.15713151604714,30.082700797919543
0.97,std,0,117116085461.62392,0.00011711608546162391,17,10,0.5882352941176471,1.0,100000000000000.0,2594.735751447552,0.08394409443374791,838.6735736050582,40981452.198053606,57.70327286925471,33.94310168779689
0.98,std,0,119516215974.07158,0.00011951621597407158,21,10,0.47619047619047616,1.0,100000000000000.0,866.3195844062562,0.08484845976228053,846.5890675726853,40537477.652815565,58.23758226151966,27.732182029295075
0.99,std,0,121937738236.49121,0.0001219377382364912,18,10,0.5555555555555556,1.0,100000000000000.0,902.3692590094727,0.08575147871295036,854.4140144389434,40099697.47744613,58.759903367304936,32.644390759613856
1.0,std,0,124380538718.38275,0.00012438053871838275,20,10,0.5,1.0,100000000000000.0,1015.8751889265717,0.08665290222624604,862.1484041996752,39668011.51188104,59.27008742789611,29.635043713948054
1.01,std,0,126844504078.54404,0.00012684450407854405,23,10,0.43478260869565216,1.0,100000000000000.0,1269.2530904220823,0.08755247889006164,869.7922667451616,39242321.32879002,59.767993226824736,25.98608401166293
1.02,std,0,129329521190.8719,0.0001293295211908719,18,10,0.5555555555555556,1.0,100000000000000.0,1556.4067845405157,0.08844995508875261,877.3456701390948,38822530.203856505,60.253487064390555,33.474159480216976
1.03,std,0,131835477168.98994,0.00013183547716898994,27,10,0.37037037037037035,1.0,100000000000000.0,1792.8072221431823,0.08934507515791797,884.8087189560806,38408543.086599246,60.72644273256598,22.491275086135545
1.04,std,0,134362259389.75064,0.00013436225938975063,20,10,0.5,1.0,100000000000000.0,1810.4629562906855,0.09023758154479809,892.1815526669602,38000266.571585506,61.18674148931101,30.593370744655505
1.05,std,0,136909755515.63618,0.0001369097555156362,14,10,0.7142857142857143,1.0,100000000000000.0,1292.7231441769386,0.09112721497416236,899.4643440736863,37597608.87017283,61.634272032609715,44.024480023292654
1.06,std,0,139477853516.10757,0.00013947785351610758,15,10,0.6666666666666666,1.0,100000000000000.0,733.1790307438812,0.09201371461954395,906.6572977930045,37200479.78263619,62.0689304739233,41.37928698261553
1.07,std,0,142066441687.9291,0.00014206644168792912,19,10,0.5263157894736842,1.0,100000000000000.0,1176.7057691052821,0.09289681827966537,913.7606487887126,36808790.67077036,62.49062031114606,32.88980016376108
1.08,std,0,144675408674.50537,0.00014467540867450538,15,10,0.6666666666666666,1.0,100000000000000.0,902.2671842967193,0.09377626255988103,920.7746609496395,36422454.43092041,62.899252400746576,41.932834933831046
1.09,std,0,147304643484.26526,0.00014730464348426526,27,10,0.37037037037037035,1.0,100000000000000.0,1144.092694463595,0.09465178305844799,927.6996257136723,36041385.46742419,63.29474492903255,23.442498121863906
1.1,std,0,149954035508.1245,0.0001499540355081245,14,10,0.7142857142857143,1.0,100000000000000.0,875.4324424644876,0.09552311455742028,934.5358607356028,35665499.66649557,63.67702338237333,45.48358813026666
1.11,std,0,152623474536.06082,0.00015262347453606082,25,10,0.4,1.0,100000000000000.0,1797.8156054678232,0.09638999121794681,941.2837086011386,35294714.37049736,64.04602051638398,25.618408206553593
1.12,std,0,155312850772.82727,0.00015531285077282728,18,10,0.5555555555555556,1.0,100000000000000.0,508.8695897925597,0.09725214677973788,947.9435355789393,34928948.352648705,64.40167632352087,35.77870906862271
1.1300000000000001,std,0,158022054852.84213,0.00015802205485284214,21,10,0.47619047619047616,1.0,100000000000000.0,620.6682267007959,0.09810931476444977,954.5157304199994,34568121.792101,64.74393799952884,30.830446666442302
1.1400000000000001,std,0,160750977854.2792,0.00016075097785427922,26,10,0.38461538461538464,1.0,100000000000000.0,494.15026605540913,0.09896122868272254,961.0007031926281,34212156.24944995,65.07275990798139,25.027984579992843
1.1500000000000001,std,0,163499511312.3874,0.0001634995113123874,18,10,0.5555555555555556,1.0,100000000000000.0,367.003946177633,0.09980762224459194,967.3988841601299,33860974.64260373,65.38810354316904,36.326724190649465
1.1600000000000001,std,0,166267547232.06625,0.00016626754723206625,19,10,0.5263157894736842,1.0,100000000000000.0,1154.5028732953306,0.10064822957298275,973.710722696015,33514501.22304822,65.68993749097385,34.573651311038866
1.17,std,0,169054978099.73337,0.00016905497809973337,31,10,0.3225806451612903,1.0,100000000000000.0,591.4751825406297,0.10148278541997709,979.9366862362644,33172661.552509196,65.9782373876163,21.283302383102033
1.18,std,0,171861696894.49377,0.00017186169689449379,25,10,0.4,1.0,100000000000000.0,1522.0366234225194,0.1023110253855389,986.0772592693054,32835382.47995832,66.2529858761317,26.501194350452682
1.19,std,0,174687597098.65234,0.00017468759709865234,17,10,0.5882352941176471,1.0,100000000000000.0,590.4164618492957,0.10313268613836393,992.132942361694,32502592.119014297,66.51417256045676,39.12598385909221
1.2,std,0,177532572707.58224,0.00017753257270758225,25,10,0.4,1.0,100000000000000.0,521.1564941281551,0.1039475056385125,998.1042512172331,32174219.82570734,66.76179395683293,26.704717582733174
1.21,std,0,180396518238.9824,0.0001803965182389824,21,10,0.47619047619047616,1.0,100000000000000.0,283.0671044575918,0.1047552233614732,1003.9917157713646,31850196.176586464,66.99585344253016,31.90278735358579
1.22,std,0,183279328741.5393,0.0001832793287415393,24,10,0.4166666666666667,1.0,100000000000000.0,1502.1677658305186,0.10555558052329424,1009.795879316591,31530452.947203357,67.21636120160167,28.00681716733403
1.23,std,0,186180899803.0206,0.0001861808998030206,11,10,0.9090909090909091,1.0,100000000000000.0,965.7131724380063,0.10634832030641155,1015.517297663298,31214923.090939093,67.42333416782486,61.293940152568055
1.24,std,0,189101127557.81912,0.00018910112755781913,22,10,0.45454545454545453,1.0,100000000000000.0,1362.7944527887732,0.10713318808579403,1021.1565383267645,30903540.718176357,67.61679596415529,30.73490725643422
1.25,std,0,192039908693.97174,0.00019203990869397173,18,10,0.5555555555555556,1.0,100000000000000.0,702.849866601882,0.1079099316550206,1026.714179747996,30596241.075822484,67.79677683915902,37.66487602175501
1.26,std,0,194997140459.67056,0.00019499714045967056,22,10,0.45454545454545453,1.0,100000000000000.0,1160.916516228523,0.10867830145189603,1032.190810543002,30292960.52715669,67.96331359995617,30.892415272707346
1.27,std,0,197972720669.28516,0.00019797272066928516,15,10,0.6666666666666666,1.0,100000000000000.0,502.23451207097406,0.10943805078320944,1037.5870287800908,29993636.532022804,68.11644954165286,45.4109663611019
1.28,std,0,200966547708.92163,0.00020096654770892163,18,10,0.5555555555555556,1.0,100000000000000.0,773.3950395334776,0.11018893604823399,1042.9034412838355,29698207.62734887,68.25623437309913,37.920130207277296
1.29,std,0,203978520541.5251,0.0002039785205415251,22,10,0.45454545454545453,1.0,100000000000000.0,682.9503163757481,0.11093071696056572,1048.1406629674038,29406613.407992665,68.38272413905798,31.083056426844536
1.3,std,0,207008538711.55823,0.00020700853871155823,17,10,0.5882352941176471,1.0,100000000000000.0,415.6695600196501,0.11166315676789583,1053.2993161904799,29118794.50790167,68.49598113855973,40.29175361091749
1.31,std,0,210056502349.25778,0.00021005650234925778,15,10,0.6666666666666666,1.0,100000000000000.0,972.0019074523664,0.11238602246931209,1058.3800301424963,28834692.581594545,68.59607383943492,45.73071589295661
1.32,std,0,213122312174.50006,0.00021312231217450006,21,10,0.47619047619047616,1.0,100000000000000.0,962.5552819757004,0.11309908502972522,1063.3834402474833,28554250.285959702,68.68307678878145,32.70622704227688
1.33,std,0,216205869500.28058,0.00021620586950028058,24,10,0.4166666666666667,1.0,100000000000000.0,738.2407724074957,0.11380211959101888,1068.3101875980014,28277411.26235228,68.75707051982266,28.648779383259445
1.34,std,0,219307076235.82898,0.00021930707623582898,27,10,0.37037037037037035,1.0,100000000000000.0,838.1927740658997,0.11449490567952506,1073.160918406066,28004120.11900111,68.81814145442567,25.488200538676175
1.35,std,0,222425834889.37317,0.00022242583488937316,17,10,0.5882352941176471,1.0,100000000000000.0,1107.205682035499,0.11517722740943068,1077.9362834809008,27734322.413720313,68.86638180194348,40.5096363540844
1.36,std,0,225562048570.5671,0.00022556204857056712,25,10,0.4,1.0,100000000000000.0,1134.4301845103178,0.11584887368172872,1082.6369377247497,27467964.636896268,68.90188945379305,27.56075578151722
1.37,std,0,228715620992.59775,0.00022871562099259775,19,10,0.5263157894736842,1.0,100000000000000.0,717.3528643300366,0.11650963837833293,1087.2635396522833,27204994.194798715,68.92476787430753,36.276193618056595
1.3800000000000001,std,0,231886456473.97858,0.00023188645647397857,21,10,0.47619047619047616,1.0,100000000000000.0,964.5546866756364,0.1171593205509839,1091.8167509272346,26945359.393152125,68.93512598737166,32.82625047017698
1.3900000000000001,std,0,235074459940.05432,0.00023507445994005432,21,10,0.47619047619047616,1.0,100000000000000.0,329.68751457274425,0.11779772460458442,1096.297235921157,26689009.4209975,68.93307805931228,32.825275266339176
1.4000000000000001,std,0,238279536924.21793,0.00023827953692421794,22,10,0.45454545454545453,1.0,100000000000000.0,574.2325023450729,0.11842466047461185,1100.7056612888969,26435894.334847275,68.91874357780632,31.3267016262756
1.4100000000000001,std,0,241501593568.8582,0.00024150159356885819,26,10,0.38461538461538464,1.0,100000000000000.0,761.7736981314363,0.1190399437982678,1105.0426955636422,26185965.04308979,68.89224712698625,26.497018125763944
1.42,std,0,244740536626.05087,0.00024474053662605085,16,10,0.625,1.0,100000000000000.0,1070.4175928959935,0.1196433960790384,1109.3090087687335,25939173.29070372,68.85371825884305,43.033573911776905
1.43,std,0,247996273457.99786,0.00024799627345799784,17,10,0.5882352941176471,1.0,100000000000000.0,1366.3402179467587,0.12023484484435139,1113.5052720467947,25695471.644191947,68.80329136086034,40.47252432991785
1.44,std,0,251268712037.23355,0.00025126871203723356,16,10,0.625,1.0,100000000000000.0,286.17780197757935,0.12081412379603326,1117.6321573048856,25454813.47682177,68.74110552017078,42.963190950106735
1.45,std,0,254557760946.60623,0.0002545577609466062,21,10,0.47619047619047616,1.0,100000000000000.0,440.00684530305915,0.12138107295328354,1121.6903368763262,25217152.95410143,68.66730438424747,32.69871637345118
1.46,std,0,257863329379.037,0.000257863329379037,25,10,0.4,1.0,100000000000000.0,514.0291437329038,0.12193553878790152,1125.6804831965587,24982445.019521292,68.58203601820948,27.432814407283793
1.47,std,0,261185327137.08484,0.0002611853271370848,21,10,0.47619047619047616,1.0,100000000000000.0,1080.0397932586352,0.12247737435151856,1129.6032684955046,24750645.38054905,68.4854527590427,32.6121203614489
1.48,std,0,264523664632.30283,0.0002645236646323028,23,10,0.43478260869565216,1.0,100000000000000.0,91.19171233726573,0.12300643939460665,1133.4593645011048,24521710.494854964,68.37771106653271,29.729439594144658
1.49,std,0,267878252884.4158,0.0002678782528844158,21,10,0.47619047619047616,1.0,100000000000000.0,407.5356217898303,0.12352260047705375,1137.249442161897,24295597.556820426,68.25897137173216,32.504272081777216
1.5,std,0,271249003520.3159,0.00027124900352031587,25,10,0.4,1.0,100000000000000.0,587.8859526654871,0.1240257310701164,1140.9741713763422,24072264.484238382,68.12939792217078,27.251759168868315
1.51,std,0,274635828772.8892,0.0002746358287728892,18,10,0.5555555555555556,1.0,100000000000000.0,126.18791168661694,0.12451571164958056,1144.6342207398943,23851669.90529175,67.98915862492903,37.771754791627245
1.52,std,0,278038641479.68286,0.0002780386414796829,24,10,0.4166666666666667,1.0,100000000000000.0,765.5712855565384,0.12499242977998155,1148.2302573041522,23633773.145745885,67.83842488727471,28.2660103696978
1.53,std,0,281457355081.41455,0.00028145735508141456,15,10,0.6666666666666666,1.0,100000000000000.0,775.7888952747553,0.12545578018975678,1151.7629463422709,23418534.21637197,67.67737145479823,45.11824763653215
1.54,std,0,284891883620.3378,0.0002848918836203378,17,10,0.5882352941176471,1.0,100000000000000.0,577.4791210709739,0.12590566483722512,1155.2329511345308,23205913.800602216,67.50617624811046,39.70951544006498
1.55,std,0,288342141738.4701,0.0002883421417384701,14,10,0.7142857142857143,1.0,100000000000000.0,398.3256785408927,0.12634199296731044,1158.6409327588594,22995873.24240182,67.32502019740055,48.08930014100039
1.56,std,0,291808044675.6881,0.0002918080446756881,16,10,0.625,1.0,100000000000000.0,209.27067002816506,0.12676468115894596,1161.987549892201,22788374.534365553,67.13408707547835,41.95880442217397
1.57,std,0,295289508267.6947,0.0002952895082676947,13,10,0.7692307692307693,1.0,100000000000000.0,834.6211708609404,0.12717365336312167,1165.2734586264637,22583380.306024913,66.93356332972795,51.48735640748304
1.58,std,0,298786448943.8739,0.0002987864489438739,29,10,0.3448275862068966,1.0,100000000000000.0,270.53889897429883,0.1275688409315561,1168.4993122893518,22380853.81236754,66.72363791266969,23.00815100436886
1.59,std,0,302298783725.0266,0.0003022987837250266,26,10,0.38461538461538464,1.0,100000000000000.0,524.5258421741252,0.12795018263599814,1171.665761276888,22180758.922575094,66.50450211180775,25.5786546583876
1.6,std,0,305826430221.00806,0.00030582643022100805,25,10,0.4,1.0,100000000000000.0,626.7226868574173,0.12831762467818383,1174.7734528975561,21983060.10894857,66.2763493789235,26.5105397515694
1.61,std,0,309369306628.2559,0.0003093693066282559,22,10,0.45454545454545453,1.0,100000000000000.0,538.7326011336012,0.12867112069049735,1177.8230312184978,21787722.43604854,66.03937515861793,30.017897799371784
1.62,std,0,312927331727.23083,0.0003129273317272308,17,10,0.5882352941176471,1.0,100000000000000.0,790.0055173495527,0.12901063172740435,1180.815136929639,21594711.550035674,65.79377671722554,38.70222159836796
1.6300000000000001,std,0,316500424879.7647,0.0003165004248797647,25,10,0.4,1.0,100000000000000.0,382.02294838368937,0.1293361262477481,1183.7504072051981,21403993.66818979,65.53975297113693,26.215901188454776
1.6400000000000001,std,0,320088506026.32404,0.00032008850602632404,20,10,0.5,1.0,100000000000000.0,637.3978285531518,0.12964758008801838,1186.6294755833817,21215535.568644308,65.27750431607693,32.638752158038464
1.6500000000000001,std,0,323691495683.19574,0.00032369149568319574,23,10,0.43478260869565216,1.0,100000000000000.0,562.7391598833218,0.12994497642672279,1189.452971846865,21029304.58028762,65.00723245647627,28.264014111511422
1.6600000000000001,std,0,327309314939.5963,0.00032730931493959634,31,10,0.3225806451612903,1.0,100000000000000.0,282.27309544894257,0.13022830574001035,1192.2215219118398,20845268.57286173,64.72914023572862,20.880367817976975
1.6700000000000002,std,0,330941885454.7128,0.0003309418854547128,19,10,0.5263157894736842,1.0,100000000000000.0,962.5931614434076,0.13049756574871402,1194.9357477256394,20663395.94724198,64.44343146753761,33.91759550923032
1.68,std,0,334589129454.6783,0.0003345891294546783,22,10,0.45454545454545453,1.0,100000000000000.0,628.964248646147,0.13075276135699798,1197.596267170612,20483655.625891827,64.15031076845985,29.159232167481747
1.69,std,0,338250969729.4825,0.0003382509697294825,31,10,0.3225806451612903,1.0,100000000000000.0,505.19392484541095,0.13099390458281196,1200.203693973022,20306017.043500546,63.84998339185357,20.596768836081797
1.7,std,0,341927329629.83124,0.00034192732962983125,15,10,0.6666666666666666,1.0,100000000000000.0,589.4250844073251,0.13122101448037002,1202.7586376186086,20130450.13778125,63.54265506349535,42.361770042330235
1.71,std,0,345618133063.94507,0.00034561813306394507,20,10,0.5,1.0,100000000000000.0,55.17230268028318,0.13143411705488842,1205.2617032769313,19956925.34045368,63.22853181929085,31.614265909645425
1.72,std,0,349323304494.3153,0.0003493233044943153,26,10,0.38461538461538464,1.0,100000000000000.0,408.03982031708273,0.13163324516982902,1207.7134917248115,19785413.568385925,62.90781984471819,24.195315324891613
1.73,std,0,353042768934.40875,0.00035304276893440874,27,10,0.37037037037037035,1.0,100000000000000.0,640.7009907119054,0.1318184384469108,1210.1145992842255,19615886.214899182,62.58072531705321,23.178046413723408
1.74,std,0,356776451945.3315,0.0003567764519453315,25,10,0.4,1.0,100000000000000.0,483.5471778801548,0.13198974315916043,1212.4656177568834,19448315.141239457,62.24745424967102,24.89898169986841
1.75,std,0,360524279632.45294,0.00036052427963245297,28,10,0.35714285714285715,1.0,100000000000000.0,750.0766403513129,0.13214721211728916,1214.767134369264,19282672.668198943,61.90821233930387,22.11007583546567
1.76,std,0,364286178641.99475,0.00036428617864199477,18,10,0.5555555555555556,1.0,100000000000000.0,312.9867376567176,0.13229090454968861,1217.0197317191821,19118931.567901675,61.563204816037064,34.201780453353926
1.77,std,0,368062076157.586,0.000368062076157586,14,10,0.7142857142857143,1.0,100000000000000.0,367.5833659667675,0.13242088597635046,1219.223987731815,18957065.055737577,61.21263629659257,43.72331164042327
1.78,std,0,371851899896.7848,0.0003718518998967848,27,10,0.37037037037037035,1.0,100000000000000.0,435.1784087223297,0.1325372280770222,1221.380475612295,18797046.782446537,60.85671064043402,22.539522459420006
1.79,std,0,375655578107.5775,0.0003756555781075775,19,10,0.5263157894736842,1.0,100000000000000.0,240.09983786030142,0.13264000855391733,1223.4897638111363,18638850.826349083,60.49563080968134,31.839805689305965
1.8,std,0,379473039564.8497,0.0003794730395648497,26,10,0.38461538461538464,1.0,100000000000000.0,523.0703328833773,0.1327293109893057,1225.552415987015,18482451.68572671,60.12959873222798,23.12676874316461
1.81,std,0,383304213566.83453,0.0003833042135668345,30,10,0.3333333333333333,1.0,100000000000000.0,551.9808976287643,0.13280522469831382,1227.5689909765656,18327824.271332726,59.75881516864138,19.91960505621379
1.82,std,0,387149029931.54395,0.00038714902993154394,21,10,0.47619047619047616,1.0,100000000000000.0,586.5849159378106,0.132867844577269,1229.5400427687532,18174943.89906127,59.383479582954955,28.277847420454737
1.83,std,0,391007418993.1789,0.0003910074189931789,22,10,0.45454545454545453,1.0,100000000000000.0,750.6861947862035,0.13291727094792347,1231.4661204802994,18023786.282729935,59.00379001716993,26.81990455325906
1.84,std,0,394879311598.524,0.000394879311598524,29,10,0.3448275862068966,1.0,100000000000000.0,589.4377401200002,0.13295360939789763,1233.3477683339981,17874327.527015675,58.619942969813785,20.213773437866823
1.85,std,0,398764639103.33527,0.00039876463910333527,28,10,0.35714285714285715,1.0,100000000000000.0,348.3961816909359,0.13297697061768127,1235.185525646271,17726544.12051855,58.232133278886664,20.797190456745238
1.86,std,0,402663333368.7064,0.00040266333336870644,18,10,0.5555555555555556,1.0,100000000000000.0,233.92973007939622,0.1329874702345315,1236.979926808209,17580412.92894541,57.84055400851935,32.133641115844085
1.87,std,0,406575326757.43317,0.0004065753267574332,21,10,0.47619047619047616,1.0,100000000000000.0,755.5223311031378,0.13298522864360543,1238.7315012785245,17435911.18843124,57.445396340372916,27.354950638272815
1.8800000000000001,std,0,410500552130.37067,0.00041050055213037067,13,10,0.7692307692307693,1.0,100000000000000.0,647.4114422361035,0.13297037083666333,1240.4407735744653,17293016.49898085,57.046849469139644,43.88219189933819
1.8900000000000001,std,0,414438942842.77856,0.00041443894284277856,27,10,0.37037037037037035,1.0,100000000000000.0,106.10475416131719,0.13294302622867502,1242.1082632648277,17151706.818034906,56.645100502430175,20.979666852751915
1.9000000000000001,std,0,418390432740.6677,0.0004183904327406677,33,10,0.30303030303030304,1.0,100000000000000.0,298.65651819988057,0.13290332848265865,1243.7344849707774,17011960.454154097,56.240334365347,17.042525565256668
1.9100000000000001,std,0,422354956157.1432,0.0004223549561571432,24,10,0.4166666666666667,1.0,100000000000000.0,229.50881702146506,0.13285141533307546,1245.3199483626006,16873756.06082675,55.83273370926499,23.263639045527082
1.9200000000000002,std,0,426332447908.7471,0.00042633244790874706,34,10,0.29411764705882354,1.0,100000000000000.0,651.8372272614307,0.13278742840810062,1246.865158162258,16737072.630372385,55.42247882522436,16.30072906624246
1.93,std,0,430322843291.7991,0.0004303228432917991,26,10,0.38461538461538464,1.0,100000000000000.0,506.9257182008341,0.13271151305108214,1248.370614148748,16601889.488000676,55.009747562021275,21.15759521616203
1.94,std,0,434326078078.7437,0.00043432607807874374,27,10,0.37037037037037035,1.0,100000000000000.0,395.27357362672836,0.1326238181414942,1249.8368111633588,16468186.28592861,54.594715248565606,20.22026490687615
1.95,std,0,438342088514.4959,0.0004383420885144959,21,10,0.47619047619047616,1.0,100000000000000.0,716.9478517043217,0.13252449591568408,1251.2642391188149,16335942.997650843,54.177554621010316,25.798835533814433
1.96,std,0,442370811312.793,0.000442370811312793,20,10,0.5,1.0,100000000000000.0,674.5720080868616,0.13241370178770218,1252.6533830097192,16205139.912292665,53.75843575430318,26.87921787715159
1.97,std,0,446412183652.55817,0.00044641218365255815,27,10,0.37037037037037035,1.0,100000000000000.0,405.1776551054575,0.13229159417049882,1254.004722922126,16075757.62908553,53.33752599819593,19.754639258591084
1.98,std,0,450466143174.26013,0.0004504661431742601,23,10,0.43478260869565216,1.0,100000000000000.0,151.9033841523416,0.13215833429775978,1255.3187340525608,15947777.051919853,52.91498991798567,23.006517355645943
1.99,std,0,454532627976.28955,0.00045453262797628957,19,10,0.5263157894736842,1.0,100000000000000.0,396.95188628904634,0.1320140860466449,1256.5958867171373,15821179.384035045,52.49098923933488,27.6268364417552
2.0,std,0,458611576611.34143,0.00045861157661134146,29,10,0.3448275862068966,1.0,100000000000000.0,510.0348572825575,0.13185901576168338,1257.8366463740792,15695946.122775251,52.06568279789508,17.953683723412098
2.01,std,0,462702928082.80896,0.00046270292808280896,31,10,0.3225806451612903,1.0,100000000000000.0,225.33427623956032,0.13169329208006922,1259.0414736376304,15572059.054465903,51.63922649294289,16.657814997723513
2.02,std,0,466806621841.1859,0.0004668066218411859,24,10,0.4166666666666667,1.0,100000000000000.0,364.78548860186027,0.13151708575859106,1260.2108243030373,15449500.249373306,51.21177324568247,21.3382388523677
2.03,std,0,470922597780.4829,0.0004709225977804829,25,10,0.4,1.0,100000000000000.0,303.4193667453093,0.13133056950241706,1261.345149361217,15328252.056764135,50.783472961329224,20.31338918453169
2.04,std,0,475050796234.6566,0.00047505079623465663,22,10,0.45454545454545453,1.0,100000000000000.0,399.86754016121574,0.13113391779594796,1262.44489502683,15208297.100052891,50.35447249585164,22.888396589023472
2.05,std,0,479191157974.0512,0.0004791911579740512,22,10,0.45454545454545453,1.0,100000000000000.0,717.2588210050488,0.13092730673593825,1263.5105027595098,15089618.27204791,49.924915626507634,22.69314346659438
2.0599999999999996,std,0,483343624201.856,0.000483343624201856,29,10,0.3448275862068966,1.0,100000000000000.0,394.3195168924516,0.1307109138670736,1264.5424092879614,14972198.730271557,49.494943026423115,17.06722173324935
2.07,std,0,487508136550.5766,0.0004875081365505766,27,10,0.37037037037037035,1.0,100000000000000.0,440.34690431420967,0.1304849180201844,1265.5410466362366,14856021.89238433,49.06469224320288,18.172108238223288
2.0799999999999996,std,0,491684637078.5218,0.0004916846370785218,28,10,0.35714285714285715,1.0,100000000000000.0,717.0787796218175,0.1302494991532604,1266.5068421505152,14741071.431683572,48.634297681326565,17.3693920290452
2.09,std,0,495873068266.3081,0.000495873068266308,23,10,0.43478260869565216,1.0,100000000000000.0,297.49198691603294,0.13000483819542183,1267.4402185276508,14627331.272682121,48.20389058830977,20.958213299265115
2.0999999999999996,std,0,500073373013.3793,0.0005000733730133793,42,10,0.23809523809523808,1.0,100000000000000.0,163.9414080230958,0.12975111689399202,1268.3415938406897,14514785.586787315,47.773599044424294,11.37466643914864
2.11,std,0,504285494634.5465,0.0005042854946345465,26,10,0.38461538461538464,1.0,100000000000000.0,294.2660118893226,0.12948851766480282,1269.211381571613,14403418.788036415,47.34354795612979,18.209056906203767
2.1199999999999997,std,0,508509376856.54205,0.000508509376856542,19,10,0.5263157894736842,1.0,100000000000000.0,173.57863810500194,0.1292172234458553,1270.0499906385578,14293215.5289337,46.913859052780936,24.691504764621545
2.13,std,0,512744963814.59625,0.0005127449638145963,15,10,0.6666666666666666,1.0,100000000000000.0,476.05494650003686,0.12893741755444604,1270.8578254285605,14184160.69634576,46.48465088678621,30.989767257857473
2.1399999999999997,std,0,516992200049.0303,0.0005169922000490303,25,10,0.4,1.0,100000000000000.0,166.16792435617486,0.12864928354785926,1271.6352858264804,14076239.407488255,46.056038836873626,18.42241553474945
2.15,std,0,521251030501.8674,0.0005212510305018673,25,10,0.4,1.0,100000000000000.0,269.4706106423131,0.12835300508771263,1272.3827672496357,13969437.005973084,45.62813511460845,18.25125404584338
2.1599999999999997,std,0,525521400513.47217,0.0005255214005134721,16,10,0.625,1.0,100000000000000.0,260.5252598362383,0.12804876580803742,1273.100660678336,13863739.057946578,45.20104877379529,28.250655483622058
2.17,std,0,529803255819.194,0.000529803255819194,24,10,0.4166666666666667,1.0,100000000000000.0,424.89236134753,0.12773674918715994,1273.789352690266,13759131.34827611,44.77488572280684,18.65620238450285
2.1799999999999997,std,0,534096542546.0511,0.0005340965425460511,25,10,0.4,1.0,100000000000000.0,341.58314931954976,0.1274171384234439,1274.4492254913966,13655599.876833957,44.34974873962593,17.739899495850374
2.19,std,0,538401207209.41833,0.0005384012072094183,32,10,0.3125,1.0,100000000000000.0,433.15835637794754,0.12709011631494216,1275.0806569545632,13553130.854817575,43.92573748968505,13.726792965526577
2.1999999999999997,std,0,542717196709.7438,0.0005427171967097437,27,10,0.37037037037037035,1.0,100000000000000.0,217.32992625366484,0.12675586514299808,1275.6840206486431,13451710.70117912,43.50294854602918,16.112203165195993
2.21,std,0,547044458329.29114,0.0005470444583292912,29,10,0.3448275862068966,1.0,100000000000000.0,329.4022853868731,0.12641456655982633,1276.259685876565,13351326.039074074,43.081475412036774,14.855681176564406
2.2199999999999998,std,0,551382939728.8912,0.0005513829397288913,19,10,0.5263157894736842,1.0,100000000000000.0,609.2758552514086,0.1260664014800965,1276.8080177093443,13251963.692418212,42.66140854642872,22.453372919173006
2.23,std,0,555732588944.7301,0.0005557325889447301,25,10,0.4,1.0,100000000000000.0,553.5646388022169,0.1257115499765309,1277.329377021191,13153610.682476113,42.24283539038191,16.897134156152767
2.2399999999999998,std,0,560093354385.1476,0.0005600933543851475,17,10,0.5882352941176471,1.0,100000000000000.0,296.37696910797223,0.12535019117952442,1277.8241205250272,13056254.22453316,41.82584039678201,24.603435527518833
2.25,std,0,564465184827.4655,0.0005644651848274655,24,10,0.4166666666666667,1.0,100000000000000.0,309.53209701934327,0.12498250318078254,1278.2926008096133,12959881.724614153,41.41050506142443,17.254377108926846
2.26,std,0,568848029414.833,0.000568848029414833,18,10,0.5555555555555556,1.0,100000000000000.0,314.3887631972328,0.12460866294096873,1278.7351663726383,12864480.776277887,40.996907955965376,22.77605997553632
2.27,std,0,573241837653.1022,0.0005732418376531022,24,10,0.4166666666666667,1.0,100000000000000.0,330.39477608284494,0.12422884620134438,1279.1521616612508,12770039.157449897,40.58512476276798,16.910468651153327
2.28,std,0,577646559407.7167,0.0005776465594077167,18,10,0.5555555555555556,1.0,100000000000000.0,483.88991654874354,0.12384322739937846,1279.5439271040775,12676544.827336488,40.175228311157944,22.319571283976636
2.29,std,0,582062144900.6318,0.0005820621449006318,38,10,0.2631578947368421,1.0,100000000000000.0,133.21604927582717,0.12345197958829715,1279.9107991505246,12583985.923375618,39.76728861535286,10.465075951408647
2.3,std,0,586488544707.253,0.0005864885447072531,16,10,0.625,1.0,100000000000000.0,236.58612924071332,0.12305527436053831,1280.253110305035,12492350.758259717,39.361372913679006,24.60085807104938
2.31,std,0,590925709753.3986,0.0005909257097533986,34,10,0.29411764705882354,1.0,100000000000000.0,450.58580945945994,0.12265328177506969,1280.571189168504,12401627.816991834,38.957545709235475,11.458101679186905
2.32,std,0,595373591312.2882,0.0005953735913122883,25,10,0.4,1.0,100000000000000.0,322.89269811182737,0.12224617028852493,1280.86536046793,12311805.754026573,38.55586881148407,15.422347524593627
2.3299999999999996,std,0,599832141001.5508,0.0005998321410015508,16,10,0.625,1.0,100000000000000.0,415.7944864407829,0.12183410669010708,1281.1359450990615,12222873.3904306,38.15640137922699,23.84775086201687
2.34,std,0,604301310780.2557,0.0006043013107802557,18,10,0.5555555555555556,1.0,100000000000000.0,172.20760982907885,0.12141725604020252,1281.3832601614097,12134819.711121293,37.75919996442535,20.977333313569638
2.3499999999999996,std,0,608781052945.9741,0.0006087810529459741,25,10,0.4,1.0,100000000000000.0,620.673231409261,0.12099578161264772,1281.6076189930097,12047633.862132035,37.364318556838306,14.945727422735324
2.36,std,0,613271320131.8546,0.0006132713201318546,40,10,0.25,1.0,100000000000000.0,621.216509834741,0.12056984484058411,1281.8093312110793,11961305.147949908,36.97180862971419,9.242952157428547
2.3699999999999997,std,0,617772065303.7292,0.0006177720653037293,21,10,0.47619047619047616,1.0,100000000000000.0,206.92958654066723,0.12013960526583477,1281.9887027446982,11875823.028886234,36.58171918591502,17.419866279007152
2.38,std,0,622283241757.2395,0.0006222832417572395,23,10,0.43478260869565216,1.0,100000000000000.0,335.2996285111299,0.11970522049173256,1282.146035875278,11791177.118503083,36.19409680492492,15.736563828228224
2.3899999999999997,std,0,626804803114.9862,0.0006268048031149862,21,10,0.47619047619047616,1.0,100000000000000.0,344.8769579304631,0.1192668461393275,1282.2816292703765,11707357.181081956,35.80898569019852,17.05189794771358
2.4,std,0,631336703323.7046,0.0006313367033237046,22,10,0.45454545454545453,1.0,100000000000000.0,431.29599509123534,0.11882463580689664,1282.3957780212659,11624353.129135568,35.42642771707541,16.102921689579734
2.4099999999999997,std,0,635878896651.4613,0.0006358788966514613,37,10,0.2702702702702703,1.0,100000000000000.0,318.0085164562485,0.11837874103268001,1282.4887736802802,11542155.020976886,35.04646248111196,9.472016886787017
2.42,std,0,640431337684.875,0.000640431337684875,26,10,0.38461538461538464,1.0,100000000000000.0,361.4566054006693,0.11792931126076286,1282.5609042949134,11460753.05831884,34.66912734659481,13.334279748690314
2.4299999999999997,std,0,644993981326.3624,0.0006449939813263625,22,10,0.45454545454545453,1.0,100000000000000.0,388.3812385661501,0.1174764938100209,1282.612454447217,11380137.583922423,34.29445749545526,15.588389770661482
2.44,std,0,649566782791.4034,0.0006495667827914035,16,10,0.625,1.0,100000000000000.0,90.97211537528058,0.11702043384604897,1282.6437052877404,11300299.079290532,33.92248597621438,21.201553735133988
2.4499999999999997,std,0,654149697605.8325,0.0006541496976058325,33,10,0.30303030303030304,1.0,100000000000000.0,179.70497101898167,0.11656127435598546,1282.654934571239,11221228.162397789,33.5532437530643,10.167649622140697
2.46,std,0,658742681603.1555,0.0006587426816031556,20,10,0.5,1.0,100000000000000.0,236.97137413116747,0.11609915612615085,1282.6464166939247,11142915.58546343,33.186759755036974,16.593379877518487
2.4699999999999998,std,0,663345690921.8829,0.0006633456909218829,22,10,0.45454545454545453,1.0,100000000000000.0,204.87402921885032,0.11563421772241134,1282.6184227280717,11065352.232765501,32.82306092508517,14.919573147765988
2.48,std,0,667958682002.8953,0.0006679586820028953,24,10,0.4166666666666667,1.0,100000000000000.0,483.7904621428214,0.11516659547318477,1282.5712204593299,10988529.118494129,32.46217226915484,13.525905112147852
2.4899999999999998,std,0,672581611586.8208,0.0006725816115868208,29,10,0.3448275862068966,1.0,100000000000000.0,272.0306753880483,0.11469642345499854,1282.5050744186162,10912437.38464076,32.10411690497636,11.070385139647021
2.5,std,0,677214436711.4475,0.0006772144367114475,24,10,0.4166666666666667,1.0,100000000000000.0,272.03659281362013,0.11422383348051643,1282.4202459206606,10837068.298925612,31.74891611084174,13.228715046184059
2.51,std,0,681857114709.15,0.0006818571147091501,26,10,0.38461538461538464,1.0,100000000000000.0,388.95690262214737,0.11374895508894493,1282.3169930974414,10762413.25276639,31.396589374027144,12.075611297702748
2.52,std,0,686509603204.3402,0.0006865096032043402,28,10,0.35714285714285715,1.0,100000000000000.0,278.3288427726054,0.11327191553873434,1282.1955709329782,10688463.759278566,31.0471544389537,11.088269442483465
2.53,std,0,691171860110.9459,0.0006911718601109459,56,10,0.17857142857142858,1.0,100000000000000.0,96.60314522026485,0.112792839802488,1282.0562312977763,10615211.451314276,30.70062735502158,5.482254884825283
2.54,std,0,695843843629.9022,0.0006958438436299022,28,10,0.35714285714285715,1.0,100000000000000.0,508.86386997463086,0.11231185056399447,1281.899222983589,10542648.079530537,30.3570225240665,10.841793758595179
2.55,std,0,700525512246.6782,0.0007005255122466783,29,10,0.3448275862068966,1.0,100000000000000.0,246.97811572587875,0.11182906821729809,1281.7247917374507,10470765.510502744,30.016352747422637,10.350466464628497
2.56,std,0,705216824728.8136,0.0007052168247288136,29,10,0.3448275862068966,1.0,100000000000000.0,150.8871186266727,0.1113446108677235,1281.5331802951148,10399555.724859066,29.67862927249038,10.234010093962201
2.57,std,0,709917740123.4843,0.0007099177401234842,34,10,0.29411764705882354,1.0,100000000000000.0,196.99292764200246,0.11085859433477233,1281.3246284143618,10329010.815461004,29.343861838861468,8.630547599665137
2.5799999999999996,std,0,714628217755.0913,0.0007146282177550913,30,10,0.3333333333333333,1.0,100000000000000.0,196.1865151915253,0.11037113215680884,1281.0993729100137,10259122.985599501,29.0120587239247,9.670686241308232
2.59,std,0,719348217222.8668,0.0007193482172228668,28,10,0.35714285714285715,1.0,100000000000000.0,176.15304746997916,0.10988233559745512,1280.857647686265,10189884.547240347,28.68322678791971,10.244009567114183
2.5999999999999996,std,0,724077698398.503,0.000724077698398503,25,10,0.4,1.0,100000000000000.0,240.53781075060405,0.109392313653616,1280.5996837684156,10121287.9192909,28.357371518383804,11.342948607353522
2.61,std,0,728816621423.8074,0.0007288166214238073,18,10,0.5555555555555556,1.0,100000000000000.0,278.2100165878072,0.108901173065055,1280.3257093359284,10053325.625898778,28.034497074041607,15.574720596689783
2.6199999999999997,std,0,733564946708.3715,0.0007335649467083714,21,10,0.47619047619047616,1.0,100000000000000.0,278.0333420118726,0.1084090183254463,1280.0359497582622,9985990.294780755,27.7146063281403,13.197431584828713
2.63,std,0,738322634927.2723,0.0007383226349272723,23,10,0.43478260869565216,1.0,100000000000000.0,401.0164001124563,0.10791595169482557,1279.730627620453,9919274.6555814,27.39770091092541,11.912043874315394
2.6399999999999997,std,0,743089647018.7815,0.0007430896470187815,20,10,0.5,1.0,100000000000000.0,267.4372018168316,0.10742207321336858,1279.409962762008,9853171.53826193,27.083781251757365,13.541890625878683
2.65,std,0,747865944182.1067,0.0007478659441821066,23,10,0.43478260869565216,1.0,100000000000000.0,196.68422419548367,0.10692748071642302,1279.0741723036529,9787673.871516135,26.772846620288217,11.640368095777486
2.6599999999999997,std,0,752651487875.1506,0.0007526514878751507,20,10,0.5,1.0,100000000000000.0,262.9770119651606,0.10643226985072582,1278.7234706796332,9722774.681209411,26.464895167060977,13.232447583530488
2.67,std,0,757446239812.2865,0.0007574462398122865,33,10,0.30303030303030304,1.0,100000000000000.0,200.0972776190437,0.10593653409173551,1278.3580696714657,9658467.088857314,26.15992396347026,7.927249685900079
2.6799999999999997,std,0,762250161962.1593,0.0007622501619621593,32,10,0.3125,1.0,100000000000000.0,180.01124268994238,0.10544036476201399,1277.9781784352538,9594744.310116976,25.857929040838968,8.080602825262178
2.69,std,0,767063216545.5103,0.0007670632165455103,25,10,0.4,1.0,100000000000000.0,581.5852429645535,0.1049438510505919,1277.5840035342733,9531599.653310519,25.558905428898562,10.223562171559426
2.6999999999999997,std,0,771885366033.0095,0.0007718853660330095,22,10,0.45454545454545453,1.0,100000000000000.0,269.84428107932297,0.10444708003325524,1277.175748969505,9469026.51798176,25.262847193515263,11.483112360688756
2.71,std,0,776716573143.1284,0.0007767165731431284,33,10,0.30303030303030304,1.0,100000000000000.0,344.48182291527553,0.10395013669369071,1276.753616207205,9407018.393461363,24.969747473574156,7.56659014350732
2.7199999999999998,std,0,781556800840.0084,0.0007815568008400084,18,10,0.5555555555555556,1.0,100000000000000.0,528.5346085020931,0.10345310394543139,1276.3178042123382,9345568.857473286,24.67959851728045,13.710888065155807
2.73,std,0,786406012331.3707,0.0007864060123313708,35,10,0.2857142857142857,1.0,100000000000000.0,208.52815696673915,0.10295606265454338,1275.8685094743205,9284671.574754989,24.392391717531456,6.969254776437559
2.7399999999999998,std,0,791264171066.4363,0.0007912641710664363,31,10,0.3225806451612903,1.0,100000000000000.0,299.3018427600238,0.10245909166299956,1275.4059260394752,9224320.295706078,24.108117646681077,7.77681214409067
2.75,std,0,796131240733.8635,0.0007961312407338636,21,10,0.47619047619047616,1.0,100000000000000.0,300.77294711747714,0.10196226781268383,1274.9302455374661,9164508.855059594,23.826766090431022,11.346079090681439
2.76,std,0,801007185259.7094,0.0008010071852597093,18,10,0.5555555555555556,1.0,100000000000000.0,60.90179172914681,0.10146566596997589,1274.4416572112966,9105231.170576822,23.54832608103796,13.082403378354423
2.77,std,0,805891968805.4124,0.0008058919688054124,31,10,0.3225806451612903,1.0,100000000000000.0,396.0173285900875,0.10096935905086413,1273.940347945255,9046481.241760328,23.272785929715244,7.507350299908143
2.78,std,0,810785555765.7863,0.0008107855557657862,15,10,0.6666666666666666,1.0,100000000000000.0,196.9426860101124,0.1004734180465394,1273.426502292265,8988253.148596747,23.000133258290777,15.33342217219385
2.79,std,0,815687910767.0406,0.0008156879107670406,19,10,0.5263157894736842,1.0,100000000000000.0,162.55983427467578,0.09997791204942123,1272.9003025041964,8930541.050315544,22.73035503015214,11.963344752711652
2.8,std,0,820598998664.8164,0.0008205989986648164,42,10,0.23809523809523808,1.0,100000000000000.0,212.4674148859819,0.09948290827957305,1272.3619285553668,8873339.184167327,22.46343758031582,5.348437519122814
2.81,std,0,825518784542.244,0.000825518784542244,36,10,0.2777777777777778,1.0,100000000000000.0,230.00905848728786,0.09898847211146117,1271.8115581739892,8816641.86423281,22.199366644919998,6.1664907347
2.82,std,0,830447233708.0115,0.0008304472337080115,30,10,0.3333333333333333,1.0,100000000000000.0,322.97283472457787,0.09849466710101733,1271.2493668668703,8760443.480241075,21.938127389827496,7.312709129942498
2.8299999999999996,std,0,835384311694.4639,0.0008353843116944639,26,10,0.38461538461538464,1.0,100000000000000.0,239.28100248140828,0.09800155501296365,1270.675527944678,8704738.496411402,21.67970443851525,8.338347860967405
2.84,std,0,840329984255.707,0.000840329984255707,49,10,0.20408163265306123,1.0,100000000000000.0,121.47142737520832,0.09750919584836228,1270.090212552631,8649521.450322606,21.42408189934784,4.372261612111804
2.8499999999999996,std,0,845284217365.7415,0.0008452842173657415,28,10,0.35714285714285715,1.0,100000000000000.0,194.3284685148149,0.097017647872353,1269.4935896926445,8594786.951786837,21.17124339194427,7.56115835426581
2.86,std,0,850246977216.6058,0.0008502469772166058,30,10,0.3333333333333333,1.0,100000000000000.0,154.66054566611314,0.09652696764204288,1268.8858262510546,8540529.681758447,20.921172072966833,6.973724024322277
2.8699999999999997,std,0,855218230216.5411,0.0008552182302165412,20,10,0.5,1.0,100000000000000.0,295.82170952654167,0.09603721003451575,1268.2670870239174,8486744.391249523,20.6738506611316,10.3369253305658
2.88,std,0,860197942988.177,0.000860197942988177,31,10,0.3225806451612903,1.0,100000000000000.0,240.89865370218416,0.0955484282749277,1267.6375347423063,8433425.9002663,20.429261461527247,6.590084342428144
2.8899999999999997,std,0,865186082366.7213,0.0008651860823667213,26,10,0.38461538461538464,1.0,100000000000000.0,277.72659402145865,0.09506067396466021,1266.99733009761,8380569.09677265,20.187386389266404,7.764379380487079
2.9,std,0,870182615398.1907,0.0008701826153981907,24,10,0.4166666666666667,1.0,100000000000000.0,147.2018380213579,0.09457399710949974,1266.3466317655366,8328168.935656688,19.94820699240027,8.311752913500113
2.9099999999999997,std,0,875187509337.6301,0.0008751875093376302,46,10,0.21739130434782608,1.0,100000000000000.0,320.50807877573004,0.0940884461478178,1265.6855964312222,8276220.437724468,19.71170447420431,4.285153146566154
2.92,std,0,880200731647.376,0.000880200731647376,25,10,0.4,1.0,100000000000000.0,187.5142958626811,0.09360406797872392,1265.0143788143705,8224718.688710108,19.477859714800974,7.79114388592039
2.9299999999999997,std,0,885222249995.3129,0.0008852222499953128,31,10,0.3225806451612903,1.0,100000000000000.0,267.0117408316436,0.09312090799016796,1264.3331316910505,8173658.8382961275,19.246653292064575,6.208597836149863
2.94,std,0,890252032253.1647,0.0008902520322531647,25,10,0.4,1.0,100000000000000.0,116.3316536073119,0.09263901008696694,1263.6420059189613,8123036.099160874,19.018065501965534,7.607226200786214
2.9499999999999997,std,0,895290046494.7953,0.0008952900464947953,26,10,0.38461538461538464,1.0,100000000000000.0,165.57838741335064,0.09215841671873516,1262.9411504617844,8072845.746031287,18.792076378244413,7.2277216839401595
2.96,std,0,900336260994.5219,0.0009003362609945218,22,10,0.45454545454545453,1.0,100000000000000.0,249.75531142596682,0.09167916890769558,1262.2307124095285,8023083.114753859,18.56866571141324,8.440302596096926
2.9699999999999998,std,0,905390644225.4492,0.0009053906442254492,12,10,0.8333333333333334,1.0,100000000000000.0,229.9510796694636,0.0912013062763538,1261.5108370049315,7973743.601392691,18.34781306726725,15.289844222722708
2.98,std,0,910453164857.8242,0.0009104531648578242,26,10,0.38461538461538464,1.0,100000000000000.0,202.18868853829565,0.09072486707501438,1260.7816676619768,7924822.661321773,18.129497804634482,6.9728837710132625
2.9899999999999998,std,0,915523791757.3916,0.0009155237917573916,37,10,0.2702702702702703,1.0,100000000000000.0,81.44881351103925,0.09024988820912404,1260.0433459936196,7876315.808353685,17.913699092725594,4.841540295331241
3.0,std,0,920602493983.7853,0.0009206024939837853,36,10,0.2777777777777778,1.0,100000000000000.0,213.23606876267226,0.0897764052664229,1259.2960118280628,7828218.613865179,17.700395927702882,4.916776646584134
3.01,std,0,925689240788.917,0.000925689240788917,27,10,0.37037037037037035,1.0,100000000000000.0,116.65248676116573,0.08930445254389056,1258.5398032368944,7780526.705950752,17.48956714888944,6.477617462551644
3.02,std,0,930784001615.3915,0.0009307840016153915,37,10,0.2702702702702703,1.0,100000000000000.0,169.94569320024294,0.08883406307447111,1257.7748565506063,7733235.768582869,17.281191454231536,4.670592284927443
3.03,std,0,935886746094.9353,0.0009358867460949353,28,10,0.35714285714285715,1.0,100000000000000.0,265.9149661915157,0.08836526865356453,1257.0013063849328,7686341.540784624,17.075247415372353,6.098302648347269
3.04,std,0,940997444046.8372,0.0009409974440468371,33,10,0.30303030303030304,1.0,100000000000000.0,241.28383409750876,0.08789809986527143,1256.2192856585789,7639839.815826388,16.87171349210175,5.112640452152046
3.05,std,0,946116065476.4054,0.0009461160654764054,25,10,0.4,1.0,100000000000000.0,145.67162409950834,0.08743258610838046,1255.4289256175073,7593726.440420668,16.670568046347526,6.668227218539011
3.06,std,0,951242580573.4414,0.0009512425805734414,27,10,0.37037037037037035,1.0,100000000000000.0,297.01930267183025,0.08696875562208634,1254.6303558514999,7547997.313944066,16.471789355589735,6.100662724292494
3.07,std,0,956376959710.7262,0.0009563769597107262,23,10,0.43478260869565216,1.0,100000000000000.0,177.57105453038884,0.08650663551143015,1253.8237043193285,7502648.387664568,16.27535562588204,7.076241576470451
3.08,std,0,961519173442.5221,0.000961519173442522,31,10,0.3225806451612903,1.0,100000000000000.0,308.0580634990784,0.08604625177245216,1253.0090973639903,7457675.663981256,16.081245004260797,5.187498388471225
3.09,std,0,966669192503.0894,0.0009666691925030894,28,10,0.35714285714285715,1.0,100000000000000.0,287.1551417496069,0.08558762931704852,1252.186659736997,7413075.195680463,15.88943559081348,5.674798425290529
3.0999999999999996,std,0,971826987805.2161,0.0009718269878052161,31,10,0.3225806451612903,1.0,100000000000000.0,155.5915890580263,0.08513079199752545,1251.3565146150283,7368843.085202581,15.699905450187128,5.064485629092622
3.11,std,0,976992530438.7626,0.0009769925304387627,33,10,0.30303030303030304,1.0,100000000000000.0,227.02190277820895,0.08467576263084305,1250.5187836231496,7324975.48391775,15.512632622728388,4.700797764463148
3.1199999999999997,std,0,982165791669.2191,0.000982165791669219,30,10,0.3333333333333333,1.0,100000000000000.0,199.2957857784418,0.08422256302254322,1249.6735868474907,7281468.591418872,15.327595135068707,5.109198378356235
3.13,std,0,987346742936.2803,0.0009873467429362803,23,10,0.43478260869565216,1.0,100000000000000.0,198.43403698933201,0.08377121399035611,1248.8210428625628,7238318.654820386,15.144771010456934,6.584683048024753
3.1399999999999997,std,0,992535355852.4291,0.000992535355852429,32,10,0.3125,1.0,100000000000000.0,358.6117687605955,0.08332173538748046,1247.9612687445708,7195521.968076602,14.964138278522256,4.676293212038205
3.15,std,0,997731602201.5392,0.0009977316022015393,21,10,0.47619047619047616,1.0,100000000000000.0,214.06272696307792,0.08287414612553251,1247.0943800892653,7153074.871296239,14.785674984662872,7.040797611744225
3.1599999999999997,std,0,1002935453937.4849,0.0010029354539374848,39,10,0.2564102564102564,1.0,100000000000000.0,247.07121987455807,0.08242846419716175,1246.2204910358535,7110973.750088734,14.609359199159458,3.7459895382460147
3.17,std,0,1008146883182.7693,0.0010081468831827692,24,10,0.4166666666666667,1.0,100000000000000.0,94.65575185365796,0.0819847066983287,1245.3397142803728,7069215.034901877,14.435169025741763,6.014653760725735
3.1799999999999997,std,0,1013365862227.1635,0.0010133658622271634,26,10,0.38461538461538464,1.0,100000000000000.0,176.09325187425722,0.0815428898502426,1244.452161093924,7027795.200383879,14.263082609874155,5.485801003797753
3.19,std,0,1018592363526.3591,0.0010185923635263592,29,10,0.3448275862068966,1.0,100000000000000.0,202.45401016037795,0.08110302902095701,1243.5579413434875,6986710.76474544,14.093078146690052,4.859682119548294
3.1999999999999997,std,0,1023826359700.6368,0.001023826359700637,25,10,0.4,1.0,100000000000000.0,166.89764267769453,0.08066513874662186,1242.6571635054906,6945958.289138465,13.925133888507366,5.570053555402946
3.21,std,0,1029067823533.5388,0.0010290678235335387,19,10,0.5263157894736842,1.0,100000000000000.0,293.8985077054209,0.08022923275238983,1241.7499346864963,6905534.377048772,13.759228152095037,7.2416990274184405
3.2199999999999998,std,0,1034316727970.5648,0.0010343167279705649,33,10,0.30303030303030304,1.0,100000000000000.0,222.07229139054851,0.07979532397297763,1240.836360638851,6865435.673682141,13.595339325520087,4.119799795612147
3.23,std,0,1039573046117.8751,0.0010395730461178752,36,10,0.2777777777777778,1.0,100000000000000.0,86.58776620018945,0.07936342457287976,1239.9165457757608,6825658.865381889,13.433445874714195,3.7315127429761654
3.2399999999999998,std,0,1044836751241.0017,0.0010448367512410016,27,10,0.37037037037037035,1.0,100000000000000.0,154.10197535960657,0.07893354596623703,1238.9905931924905,6786200.679036681,13.273526349759496,4.916120870281294
3.25,std,0,1050107816763.5844,0.0010501078167635843,27,10,0.37037037037037035,1.0,100000000000000.0,140.45026500314776,0.07850569883635809,1238.058604677212,6747057.881511198,13.115559390788091,4.857614589180774
3.26,std,0,1055386216266.1046,0.0010553862162661046,25,10,0.4,1.0,100000000000000.0,196.5873445608173,0.07807989315489611,1237.1206807327717,6708227.279078383,12.959523733694189,5.183809493477676
3.27,std,0,1060671923484.6401,0.0010606719234846401,17,10,0.5882352941176471,1.0,100000000000000.0,227.62634044792193,0.0776561382006801,1236.1769205877915,6669705.71686476,12.805398215457862,7.5325871855634485
3.28,std,0,1065964912309.6309,0.0010659649123096308,35,10,0.2857142857142857,1.0,100000000000000.0,167.4307010458167,0.07723444257820353,1235.2274222172366,6631490.078299773,12.653161779286958,3.6151890797962736
3.29,std,0,1071265156784.6543,0.0010712651567846543,37,10,0.2702702702702703,1.0,100000000000000.0,238.6487065117289,0.07681481423577075,1234.2722823537076,6593577.284582875,12.502793479414807,3.3791333728148127
3.3,std,0,1076572631105.2059,0.0010765726311052059,36,10,0.2777777777777778,1.0,100000000000000.0,413.4784716401502,0.07639726048330328,1233.3115965063032,6555964.294144623,12.354272485693052,3.431742357136959
3.31,std,0,1081887309617.5172,0.0010818873096175173,36,10,0.2777777777777778,1.0,100000000000000.0,119.24196189133951,0.0759817880098082,1232.3454589731107,6518648.1021335395,12.207578087904608,3.390993913306836
3.32,std,0,1087209166817.3411,0.001087209166817341,21,10,0.47619047619047616,1.0,100000000000000.0,169.87927481950794,0.07556840290051019,1231.3739628607648,6481625.739898744,12.062689699884341,5.744137952325876
3.33,std,0,1092538177348.7963,0.0010925381773487963,18,10,0.5555555555555556,1.0,100000000000000.0,300.1863904545337,0.07515711065365033,1230.3972000922681,6444894.2744803615,11.919586863291233,6.6219927018284634
3.34,std,0,1097874316003.1864,0.0010978743160031865,28,10,0.35714285714285715,1.0,100000000000000.0,132.84176657705214,0.07474791619695409,1229.41526142901,6408450.8081216905,11.77824925132298,4.206517589758207
3.3499999999999996,std,0,1103217557717.8513,0.0011032175577178514,25,10,0.4,1.0,100000000000000.0,240.98709244366287,0.0743408239037712,1228.4282364808596,6372292.477769603,11.638656672060193,4.655462668824078
3.36,std,0,1108567877575.0188,0.0011085678775750187,24,10,0.4166666666666667,1.0,100000000000000.0,285.6365265836652,0.07393583760889016,1227.4362137217481,6336416.454597149,11.50078907168297,4.791995446534571
3.3699999999999997,std,0,1113925250800.6714,0.0011139252508006714,39,10,0.2564102564102564,1.0,100000000000000.0,139.0896895149205,0.07353296062403111,1226.4392805050632,6300819.9435306,11.364626537477392,2.914006804481382
3.38,std,0,1119289652763.4272,0.0011192896527634272,32,10,0.3125,1.0,100000000000000.0,241.68985251713366,0.07313219575301971,1225.437523074624,6265500.18277916,11.23014930059749,3.5094216564367158
3.3899999999999997,std,0,1124661058973.4185,0.0011246610589734185,27,10,0.37037037037037035,1.0,100000000000000.0,137.1251600454321,0.07273354530664589,1224.4310265818428,6230454.443376221,11.09733773870514,4.110125088409311
3.4,std,0,1130039445081.1982,0.0011300394450811982,28,10,0.35714285714285715,1.0,100000000000000.0,173.09600884901036,0.07233701111721073,1223.4198750982775,6195680.028727723,10.966172378385354,3.9164901351376264
3.4099999999999997,std,0,1135424786876.643,0.0011354247868766432,31,10,0.3225806451612903,1.0,100000000000000.0,171.27435642714548,0.07194259455276497,1222.4041516269886,6161174.274165404,10.836633897373169,3.4956883539913446
3.42,std,0,1140817060287.8762,0.0011408170602878762,22,10,0.45454545454545453,1.0,100000000000000.0,273.1667188189963,0.07155029653104333,1221.3839381201392,6126934.5465087,10.708703126671432,4.867592330305197
3.4299999999999997,std,0,1146216241380.1912,0.0011462162413801913,41,10,0.24390243902439024,1.0,100000000000000.0,171.39746029966915,0.07116011753309788,1220.3593154883329,6092958.2436328735,10.582361052431281,2.581063671324703
3.44,std,0,1151622306354.995,0.0011516223063549951,22,10,0.45454545454545453,1.0,100000000000000.0,108.4722865471582,0.07077205761663512,1219.330363614492,6059242.794044905,10.45758881771967,4.75344946259985
3.4499999999999997,std,0,1157035231548.7534,0.0011570352315487533,24,10,0.4166666666666667,1.0,100000000000000.0,252.77376058860827,0.07038611642905952,1218.297161368494,6025785.656462501,10.334367724136493,4.305986551723539
3.46,std,0,1162454993431.956,0.001162454993431956,18,10,0.5555555555555556,1.0,100000000000000.0,226.1161219386019,0.07000229322022894,1217.2597866170763,5992584.319403749,10.212679233253873,5.673710685141041
3.4699999999999998,std,0,1167881568608.0723,0.0011678815686080723,22,10,0.45454545454545453,1.0,100000000000000.0,121.16061998934717,0.06962058685492503,1216.2183162411216,5959636.300782556,10.092504967978126,4.587502258171876
3.48,std,0,1173314933812.5454,0.0011733149338125455,30,10,0.3333333333333333,1.0,100000000000000.0,115.2405967036339,0.06924099582504298,1215.172826140137,5926939.147505195,9.973826713661689,3.3246089045538962
3.4899999999999998,std,0,1178755065911.7683,0.0011787550659117683,20,10,0.5,1.0,100000000000000.0,200.2255876317769,0.06886351826150523,1214.1233912521898,5894490.435082389,9.85662641923243,4.928313209616215
3.5,std,0,1184201941902.0845,0.0011842019419020845,37,10,0.2702702702702703,1.0,100000000000000.0,230.75088048602115,0.06848815194590231,1213.0700855618563,5862287.767236518,9.740886198080686,2.6326719454272127
3.51,std,0,1189655538908.7944,0.0011896555389087945,16,10,0.625,1.0,100000000000000.0,199.95688796451233,0.06811489432186627,1212.0129821134067,5830328.775524363,9.626588328887983,6.01661770555499
3.52,std,0,1195115834185.1746,0.0011951158341851746,23,10,0.43478260869565216,1.0,100000000000000.0,137.01925726163648,0.06774374250617998,1210.9521530218453,5798611.1189587405,9.513715256312945,4.136397937527367
3.53,std,0,1200582805111.495,0.0012005828051114952,28,10,0.35714285714285715,1.0,100000000000000.0,168.1981812869356,0.0673746932996273,1209.8876694852124,5767132.483642135,9.402249591588873,3.357946282710312
3.54,std,0,1206056429194.063,0.001206056429194063,29,10,0.3448275862068966,1.0,100000000000000.0,195.3942174257438,0.06700774319758737,1208.819601796697,5735890.582397208,9.292174113000573,3.204197970000198
3.55,std,0,1211536684064.2568,0.0012115366840642569,28,10,0.35714285714285715,1.0,100000000000000.0,231.1771319357719,0.06664288840037871,1207.748019351829,5704883.154414197,9.18347176624207,3.2798113450864537
3.56,std,0,1217023547477.5815,0.0012170235474775815,34,10,0.29411764705882354,1.0,100000000000000.0,185.97111113245083,0.06628012482335588,1206.6729906667733,5674107.964892094,9.076125664744886,2.6694487249249668
3.57,std,0,1222516997312.734,0.0012225169973127338,19,10,0.5263157894736842,1.0,100000000000000.0,177.963796702867,0.06591944810676449,1205.5945833825576,5643562.804696245,8.970119089824504,4.721115310433949
3.58,std,0,1228017011570.6619,0.0012280170115706618,38,10,0.2631578947368421,1.0,100000000000000.0,263.3863301621305,0.06556085362535716,1204.5128642799607,5613245.49001041,8.86543549080326,2.3330093396850686
3.59,std,0,1233523568373.654,0.001233523568373654,43,10,0.23255813953488372,1.0,100000000000000.0,296.47585928049216,0.0652043364977763,1203.4278992892905,5583153.862002588,8.762058485024186,2.0376880197730665
3.5999999999999996,std,0,1239036645964.4185,0.0012390366459644185,23,10,0.43478260869565216,1.0,100000000000000.0,301.67180350191904,0.06484989159570673,1202.339753500352,5553285.786493722,8.659971857782743,3.765205155557714
3.61,std,0,1244556222705.179,0.001244556222705179,41,10,0.24390243902439024,1.0,100000000000000.0,128.04736077482,0.06449751355280299,1201.2484911727302,5523639.15362708,8.559159562177863,2.087599893214113
3.6199999999999997,std,0,1250082277076.78,0.00125008227707678,58,10,0.1724137931034483,1.0,100000000000000.0,107.365651074559,0.06414719677339552,1200.1541757486602,5494211.877547617,8.459605718916224,1.4585527101579698
3.63,std,0,1255614787677.7983,0.0012556147876777984,34,10,0.29411764705882354,1.0,100000000000000.0,242.94431265094013,0.06379893544097907,1199.056869859146,5465001.896084231,8.361294615995483,2.459204298822201
3.6399999999999997,std,0,1261153733223.6611,0.0012611537332236611,60,10,0.16666666666666666,1.0,100000000000000.0,220.24514728006275,0.06345272352648877,1197.95663533784,5436007.170438018,8.264210708378481,1.3773684513964135
3.65,std,0,1266699092545.7764,0.0012666990925457764,26,10,0.38461538461538464,1.0,100000000000000.0,231.9815946269379,0.0631085547963669,1196.853533228424,5407225.684871397,8.168338617552307,3.1416686990585796
3.6599999999999997,std,0,1272250844590.663,0.0012722508445906632,41,10,0.24390243902439024,1.0,100000000000000.0,179.85972513006203,0.06276642282042497,1195.7476237965327,5378655.446409031,8.073663131069953,1.9691861295292568
3.67,std,0,1277808968419.1035,0.0012778089684191034,25,10,0.4,1.0,100000000000000.0,134.35629796643667,0.062426320979504686,1194.6389665381437,5350294.484533614,7.9801692019955865,3.192067680798235
3.6799999999999997,std,0,1283373443205.2903,0.0012833734432052904,23,10,0.43478260869565216,1.0,100000000000000.0,285.7151539421072,0.06208824247294238,1193.5276201869594,5322140.850894996,7.887841948302844,3.429496499262106
3.69,std,0,1288944248235.981,0.001288944248235981,27,10,0.37037037037037035,1.0,100000000000000.0,325.53533451066585,0.06175218032584041,1192.4136427309354,5294192.619019311,7.796666652275614,2.8876543156576346
3.6999999999999997,std,0,1294521362909.6768,0.0012945213629096768,31,10,0.3225806451612903,1.0,100000000000000.0,129.5061438663061,0.061418127396149415,1191.2970914125954,5266447.884021641,7.706628759750925,2.486009277339008
3.71,std,0,1300104766735.7847,0.0013001047667357847,28,10,0.35714285714285715,1.0,100000000000000.0,207.63003484019336,0.06108607638156587,1190.1780227453712,5238904.762326913,7.617713879427754,2.7206120997956265
3.7199999999999998,std,0,1305694439333.8108,0.0013056944393338107,43,10,0.23255813953488372,1.0,100000000000000.0,179.33116486478016,0.06075601982624775,1189.0564925188391,5211561.39139034,7.529907782051832,1.7511413446632167
3.73,std,0,1311290360432.5386,0.0013112903604325385,29,10,0.3448275862068966,1.0,100000000000000.0,337.04148949951366,0.06042795012735299,1187.9325558084977,5184415.929424091,7.443196399592217,2.5666194481352473
3.7399999999999998,std,0,1316892509869.2378,0.0013168925098692378,32,10,0.3125,1.0,100000000000000.0,156.5826633629172,0.060101859541404255,1186.8062669866824,5157466.555130386,7.357565824388871,2.299239320121522
3.75,std,0,1322500867588.8582,0.001322500867588858,26,10,0.38461538461538464,1.0,100000000000000.0,203.65068423381018,0.05977774019048319,1185.6776797278642,5130711.467432381,7.273002308219106,2.797308580084272
3.76,std,0,1328115413643.2493,0.0013281154136432494,46,10,0.21739130434782608,1.0,100000000000000.0,157.64596572153607,0.059455584068258405,1184.5468470196904,5104148.885215932,7.189492261375535,1.5629331002990292
3.77,std,0,1333736128190.3723,0.0013337361281903722,37,10,0.2702702702702703,1.0,100000000000000.0,177.55422210649763,0.05913538304585055,1183.4138211711852,5077777.047071797,7.107022251688373,1.9208168247806414
3.78,std,0,1339362991493.531,0.001339362991493531,32,10,0.3125,1.0,100000000000000.0,154.5987801540039,0.05881712887753789,1182.2786538212672,5051594.211037625,7.025579003513515,2.1954934385979734
3.79,std,0,1344995983920.6035,0.0013449959839206035,29,10,0.3448275862068966,1.0,100000000000000.0,218.10411298234675,0.05850081320630583,1181.1413959461927,5025598.654353037,6.94514939669862,2.3948791023098694
3.8,std,0,1350635085943.274,0.001350635085943274,28,10,0.35714285714285715,1.0,100000000000000.0,290.7999591168607,0.058186427569244414,1180.0020978681996,4999788.673212268,6.865720465520987,2.4520430234003525
3.81,std,0,1356280278136.2947,0.0013562802781362947,30,10,0.3333333333333333,1.0,100000000000000.0,126.68503989808303,0.05787396340279591,1178.8608092628247,4974162.582516595,6.787279397587225,2.2624264658624083
3.82,std,0,1361931541176.7246,0.0013619315411767246,30,10,0.3333333333333333,1.0,100000000000000.0,167.0428968590266,0.0575634120478575,1177.7175791718364,4948718.7156405095,6.709813532755954,2.236604510918651
3.83,std,0,1367588855843.1968,0.0013675888558431968,21,10,0.47619047619047616,1.0,100000000000000.0,185.87288460385025,0.057254764754740534,1176.5724560011531,4923455.424194368,6.633310361942433,3.158719219972587
3.84,std,0,1373252203015.1829,0.001373252203015183,20,10,0.5,1.0,100000000000000.0,240.90420563020166,0.056948012687991136,1175.4254875406532,4898371.077789676,6.5577575260278165,3.2788787630139082
3.8499999999999996,std,0,1378921563672.266,0.0013789215636722662,54,10,0.18518518518518517,1.0,100000000000000.0,293.2592733040703,0.056643146931074334,1174.2767209607032,4873464.063811505,6.483142814621974,1.200582002707773
3.86,std,0,1384596918893.4219,0.001384596918893422,22,10,0.45454545454545453,1.0,100000000000000.0,208.39807311832777,0.056340158490925135,1173.1262028287522,4848732.787193777,6.409454164921999,2.9133882567827265
3.8699999999999997,std,0,1390278249856.304,0.001390278249856304,45,10,0.2222222222222222,1.0,100000000000000.0,132.64504211796327,0.05603903830236975,1171.9739791108434,4824175.670194775,6.33667966046618,1.408151035659151
3.88,std,0,1395965537836.5347,0.0013959655378365347,39,10,0.2564102564102564,1.0,100000000000000.0,144.139928577561,0.05573977723241955,1170.820095183666,4799791.152178878,6.264807529935979,1.6063609051117893
3.8899999999999997,std,0,1401658764207.006,0.0014016587642070061,33,10,0.30303030303030304,1.0,100000000000000.0,223.99728118665575,0.05544236608444147,1169.6645958364452,4775577.689400512,6.193826145888232,1.876917013905525
3.9,std,0,1407357910437.185,0.001407357910437185,27,10,0.37037037037037035,1.0,100000000000000.0,200.38774336095554,0.0551467956022065,1168.5075252821746,4751533.754790982,6.123724023525815,2.268045934639191
3.9099999999999997,std,0,1413062958092.4202,0.0014130629580924202,27,10,0.37037037037037035,1.0,100000000000000.0,242.8404853490393,0.0548530564738208,1167.3489271665717,4727657.837746424,6.054489819442051,2.2424036368303892
3.92,std,0,1418773888833.2656,0.0014187738888332656,40,10,0.25,1.0,100000000000000.0,109.612941447058,0.054561139335540465,1166.1888445673228,4703948.4439248545,5.986112330312867,1.4965280825782168
3.9299999999999997,std,0,1424490684414.798,0.001424490684414798,31,10,0.3225806451612903,1.0,100000000000000.0,46.195273973937226,0.054271034775474035,1165.027320010611,4680404.095037893,5.9185804916601255,1.9092195134387502
3.94,std,0,1430213326685.9531,0.001430213326685953,46,10,0.21739130434782608,1.0,100000000000000.0,199.58977182546738,0.05398273333717482,1163.8643954714312,4657023.328652699,5.851883376532326,1.272148560115723
3.9499999999999997,std,0,1435941797588.8538,0.0014359417975888537,32,10,0.3125,1.0,100000000000000.0,257.473211004441,0.053696225523125696,1162.7001123828645,4633804.697992794,5.786010194220381,1.8081281856938691
3.96,std,0,1441676079158.1536,0.0014416760791581536,39,10,0.2564102564102564,1.0,100000000000000.0,118.18688935788211,0.05341150179811911,1161.5345116409992,4610746.771740449,5.720950288944186,1.4669103304985092
3.9699999999999998,std,0,1447416153520.385,0.001447416153520385,38,10,0.2631578947368421,1.0,100000000000000.0,106.8804752152173,0.05312855259253501,1160.3676336149601,4587848.13384705,5.656693138566618,1.488603457517531
3.98,std,0,1453162002893.312,0.001453162002893312,40,10,0.25,1.0,100000000000000.0,210.50336667198948,0.05284736830551836,1159.1995181510742,4565107.3833417045,5.593228353268819,1.3983070883172048
3.9899999999999998,std,0,1458913609585.2842,0.0014589136095852842,34,10,0.29411764705882354,1.0,100000000000000.0,188.92406723681154,0.05256793930805998,1158.0302045772223,4542523.13414405,5.53054567422624,1.6266310806547766
4.0,std,0,1464670955994.6084,0.0014646709559946083,27,10,0.37037037037037035,1.0,100000000000000.0,130.0066326234737,0.05229025594598198,1156.859731714384,4520094.014880405,5.468634972318054,2.025420360117798
4.01,std,0,1470434024608.9094,0.0014704340246089094,49,10,0.20408163265306123,1.0,100000000000000.0,86.50359540082573,0.052014308542830644,1155.6881378799817,4497818.66870036,5.407486246792808,1.1035686217944507
4.02,std,0,1476202798004.5134,0.0014762027980045134,36,10,0.2777777777777778,1.0,100000000000000.0,153.26136038367156,0.051740087402679,1154.5154608905932,4475695.7530969195,5.347089623932715,1.485302673314643
4.03,std,0,1481977258845.8215,0.0014819772588458215,37,10,0.2702702702702703,1.0,100000000000000.0,95.13042378175825,0.05146758281284127,1153.3417380772191,4453723.939732424,5.28743535578055,1.429036582643392
4.04,std,0,1487757389884.6982,0.0014877573898846982,27,10,0.37037037037037035,1.0,100000000000000.0,155.98174279301116,0.05119678504650158,1152.1670062815592,4431901.9142613495,5.228513818771903,1.9364865995451492
4.05,std,0,1493543173959.8682,0.0014935431739598682,38,10,0.2631578947368421,1.0,100000000000000.0,195.23063109369446,0.05092768436525858,1150.9913018683792,4410228.376158676,5.170315512447665,1.3606093453809645
4.06,std,0,1499334593996.2998,0.0014993345939962998,28,10,0.35714285714285715,1.0,100000000000000.0,194.41125804286602,0.05066027102158882,1149.81466072797,4388702.038552683,5.112831058125145,1.8260110921875516
4.07,std,0,1505131633004.6206,0.0015051316330046206,26,10,0.38461538461538464,1.0,100000000000000.0,123.52995108915403,0.05039453526123035,1148.6371182854225,4367321.6280537555,5.056051197595293,1.9446350759981899
4.08,std,0,1510934274080.513,0.0015109342740805129,24,10,0.4166666666666667,1.0,100000000000000.0,116.01903164736413,0.05013046732548883,1147.45870950214,4346085.884590511,4.9999667917942965,2.083319496580957
4.09,std,0,1516742500404.1396,0.0015167425004041397,32,10,0.3125,1.0,100000000000000.0,254.1764331285796,0.049868057453468215,1146.279468884104,4324993.5612532655,4.94456881951489,1.5451777560984032
4.1,std,0,1522556295239.5427,0.0015225562952395427,46,10,0.21739130434782608,1.0,100000000000000.0,150.76069902820154,0.04960729588422757,1145.099430486858,4304043.424121051,4.88984837608564,1.0630105165403565
4.109999999999999,std,0,1528375641934.0857,0.0015283756419340858,36,10,0.2777777777777778,1.0,100000000000000.0,153.72604751548383,0.04934817285886632,1143.9186279233918,4283234.252119073,4.835796672099753,1.3432768533610426
4.12,std,0,1534200523917.8633,0.0015342005239178632,54,10,0.18518518518518517,1.0,100000000000000.0,98.84207265423542,0.04909067862253967,1142.7370943647745,4262564.836847282,4.782405032082544,0.8856305614967674
4.13,std,0,1540030924703.1433,0.0015400309247031432,27,10,0.37037037037037035,1.0,100000000000000.0,213.8253623445998,0.04883480342640599,1141.5548625480387,4242033.982438276,4.729664893226679,1.7517277382321033
4.14,std,0,1545866827883.8042,0.0015458668278838042,18,10,0.5555555555555556,1.0,100000000000000.0,98.50653211097732,0.04858053752950762,1140.3719647844457,4221640.505400525,4.677567804115165,2.598648780063981
4.1499999999999995,std,0,1551708217134.77,0.00155170821713477,33,10,0.30303030303030304,1.0,100000000000000.0,147.12111346470925,0.04832787120058748,1139.188432959485,4201383.234468503,4.626105423421916,1.4018501283096716
4.16,std,0,1557555076211.464,0.0015575550762114642,39,10,0.2564102564102564,1.0,100000000000000.0,121.71539437035457,0.04807679471984265,1138.0042985410762,4181261.010457904,4.575269518656602,1.1731460304247696
4.17,std,0,1563407388949.2556,0.0015634073889492556,60,10,0.16666666666666666,1.0,100000000000000.0,137.28463581868726,0.04782729838061681,1136.8195925849304,4161272.6861168793,4.525051964897805,0.7541753274829675
4.18,std,0,1569265139262.9172,0.0015692651392629172,36,10,0.2777777777777778,1.0,100000000000000.0,132.16672631441767,0.0475793724910331,1135.634345738652,4141417.125983926,4.475444743533669,1.2431790954260191
4.1899999999999995,std,0,1575128311146.0881,0.0015751283111460881,38,10,0.2631578947368421,1.0,100000000000000.0,108.42034717853475,0.04733300737556878,1134.4485882457118,4121693.2062488887,4.426439941011071,1.164852616055545
4.2,std,0,1580996888670.7354,0.0015809968886707354,19,10,0.5263157894736842,1.0,100000000000000.0,128.01552452076288,0.04708819337657378,1133.2623499531448,4102099.814607074,4.378029747597818,2.30422618294622
4.21,std,0,1586870855986.6238,0.0015868708559866238,18,10,0.5555555555555556,1.0,100000000000000.0,95.50950259635599,0.04684492085573398,1132.0756603141995,4082635.850129579,4.330206456148481,2.405670253415823
4.22,std,0,1592750197320.795,0.0015927501973207949,43,10,0.23255813953488372,1.0,100000000000000.0,87.81178778616415,0.046603180195481396,1130.8885483948352,4063300.22312007,4.282962460877168,0.9960377815993413
4.2299999999999995,std,0,1598634896977.0422,0.0015986348969770422,38,10,0.2631578947368421,1.0,100000000000000.0,219.70812956735972,0.0463629618003518,1129.701042875174,4044091.8549862206,4.236290256133306,1.1148132252982383
4.24,std,0,1604524939335.3918,0.0016045249393353918,40,10,0.25,1.0,100000000000000.0,127.80640101236084,0.046124256098292224,1128.5131720589625,4025009.6781047075,4.190182435207995,1.0475456088019988
4.25,std,0,1610420308851.5967,0.0016104203088515966,39,10,0.2564102564102564,1.0,100000000000000.0,128.60770000156026,0.04588705354191895,1127.3249638748978,4006052.635690871,4.144631689121492,1.0627260741337157
4.26,std,0,1616320990056.6206,0.0016163209900566205,30,10,0.3333333333333333,1.0,100000000000000.0,101.45122251803063,0.04565134460972769,1126.1364458817375,3987219.681670151,4.099630805434461,1.366543601811487
4.27,std,0,1622226967556.143,0.0016222269675561431,52,10,0.19230769230769232,1.0,100000000000000.0,96.45368359780619,0.04541711980725716,1124.9476452732827,3968509.7805564064,4.055172667073324,0.7798408975141009
4.28,std,0,1628138226030.055,0.001628138226030055,25,10,0.4,1.0,100000000000000.0,286.29534654141594,0.0451843696682072,1123.7585888834878,3949921.907314913,4.011250251148001,1.6045001004592003
4.29,std,0,1634054750231.9595,0.0016340547502319595,46,10,0.21739130434782608,1.0,100000000000000.0,78.57994906716137,0.04495308475551311,1122.569303188166,3931455.0472522303,3.967856627793096,0.8625775277811079
4.3,std,0,1639976524988.6848,0.0016399765249886847,26,10,0.38461538461538464,1.0,100000000000000.0,193.76251807496925,0.04472325566237682,1121.379814314197,3913108.1958865277,3.924984959023954,1.5096095996245977
4.31,std,0,1645903535199.802,0.001645903535199802,51,10,0.19607843137254902,1.0,100000000000000.0,186.5655249455246,0.044494873013256726,1120.1901480387721,3894880.358826569,3.8826284975744736,0.7612997054067595
4.32,std,0,1651835765837.1323,0.0016518357658371324,21,10,0.47619047619047616,1.0,100000000000000.0,251.21238688723946,0.044267927464816684,1119.000329794756,3876770.551660913,3.840780585775549,1.8289431360835946
4.33,std,0,1657773201944.2756,0.0016577732019442757,28,10,0.35714285714285715,1.0,100000000000000.0,169.25737988863438,0.04404240970683595,1117.8103846799595,3858777.7998315697,3.7994346544396245,1.3569409480141517
4.34,std,0,1663715828636.13,0.0016637158286361298,28,10,0.35714285714285715,1.0,100000000000000.0,135.85426382415181,0.04381831046308065,1116.6203374524732,3840901.138524533,3.758584221722904,1.34235150775818
4.35,std,0,1669663631098.424,0.001669663631098424,24,10,0.4166666666666667,1.0,100000000000000.0,75.17013494540802,0.043595620492138186,1115.4302125432196,3823139.612554538,3.7182228920497113,1.5492595383540464
4.36,std,0,1675616594587.2502,0.0016756165945872503,37,10,0.2702702702702703,1.0,100000000000000.0,140.08178306718884,0.04337433058821551,1114.2400340531153,3805492.276251821,3.6783443549953367,0.9941471229717127
4.37,std,0,1681574704428.5967,0.0016815747044285968,53,10,0.18867924528301888,1.0,100000000000000.0,216.75042221783096,0.0431544315819022,1113.0498257627232,3787958.1933524255,3.6389423842235185,0.6865929026836828
4.38,std,0,1687537946017.8967,0.0016875379460178966,49,10,0.20408163265306123,1.0,100000000000000.0,251.0421331942868,0.042935914340899516,1111.8596111323786,3770536.4368874063,3.600010836400037,0.7346960890612321
4.39,std,0,1693506304819.564,0.001693506304819564,27,10,0.37037037037037035,1.0,100000000000000.0,115.52966886806193,0.04271876977071631,1110.6694133081194,3753226.089076467,3.5615436501391082,1.3190902407922622
4.3999999999999995,std,0,1699479766366.5457,0.0016994797663665456,22,10,0.45454545454545453,1.0,100000000000000.0,88.94568263894132,0.0425029888153329,1109.4792551234518,3736026.2412209357,3.523534844944768,1.6016067477021672
4.41,std,0,1705458316259.871,0.0017054583162598711,31,10,0.3225806451612903,1.0,100000000000000.0,152.28975753674945,0.04228856245783335,1108.2891591064802,3718935.9935974055,3.4859785201794486,1.1245092000578867
4.42,std,0,1711441940168.2126,0.0017114419401682126,32,10,0.3125,1.0,100000000000000.0,136.3796038456638,0.042075481721007855,1107.0991474793389,3701954.455356704,3.4488688540224,1.077771516882
4.43,std,0,1717430623827.4402,0.0017174306238274403,27,10,0.37037037037037035,1.0,100000000000000.0,63.06353934352474,0.041863737667925324,1105.909242164248,3685080.744418201,3.4122001024543036,1.263777815723816
4.4399999999999995,std,0,1723424353040.186,0.001723424353040186,34,10,0.29411764705882354,1.0,100000000000000.0,138.77476998658466,0.041653321402477496,1104.7194647909587,3668313.9873721073,3.3759665982626563,0.992931352430193
4.45,std,0,1729423113675.408,0.001729423113675408,46,10,0.21739130434782608,1.0,100000000000000.0,199.5652121414221,0.041444224069895445,1103.5298366912639,3651653.319377335,3.340162750012663,0.7261223369592745
4.46,std,0,1735426891667.9673,0.0017354268916679673,38,10,0.2631578947368421,1.0,100000000000000.0,147.19849155805855,0.041236436857238865,1102.3403789100382,3635097.884063798,3.3047830410828882,0.8696797476533916
4.47,std,0,1741435673018.192,0.001741435673018192,30,10,0.3333333333333333,1.0,100000000000000.0,110.74913816078724,0.04102995099385941,1101.1511122080144,3618646.833436934,3.2698220286865984,1.0899406762288661
4.4799999999999995,std,0,1747449443791.4622,0.0017474494437914622,34,10,0.29411764705882354,1.0,100000000000000.0,100.86589607858676,0.04082475775183858,1099.9620570604582,3602299.327779113,3.235274342887863,0.9515512773199597
4.49,std,0,1753468190117.7847,0.0017534681901177846,30,10,0.3333333333333333,1.0,100000000000000.0,158.60391913088208,0.04062084844640118,1098.7732336668842,3586054.5355572705,3.2011346856658434,1.0670448952219478
4.5,std,0,1759491898191.3828,0.0017594918981913828,44,10,0.22727272727272727,1.0,100000000000000.0,128.18809843444387,0.04041821443630461,1097.584661949288,3569911.633328093,3.167397829952169,0.7198631431709475
4.51,std,0,1765520554270.2747,0.0017655205542702747,17,10,0.5882352941176471,1.0,100000000000000.0,107.58267087842633,0.04021684712420523,1096.3963615589616,3553869.805647869,3.134058618707434,1.8435638933573142
4.52,std,0,1771554144675.8743,0.0017715541446758742,28,10,0.35714285714285715,1.0,100000000000000.0,144.09406584988557,0.04001673795700224,1095.2083518776274,3537928.2449801154,3.1011119639885534,1.107539987138769
4.53,std,0,1777592655792.5784,0.0017775926557925784,39,10,0.2564102564102564,1.0,100000000000000.0,148.16002435919376,0.03981787842615967,1094.0206520212867,3522086.15160432,3.068552846034624,0.78680842206016
4.54,std,0,1783636074067.367,0.001783636074067367,26,10,0.38461538461538464,1.0,100000000000000.0,82.11281273387931,0.03962026006800758,1092.8332808455825,3506342.7335315645,3.036376312372428,1.1678370432201648
4.55,std,0,1789684386009.4,0.0017896843860094,39,10,0.2564102564102564,1.0,100000000000000.0,187.36352331559178,0.0394238744640223,1091.6462569440966,3490697.2064130404,3.004577476905348,0.7704044812577815
4.56,std,0,1795737578189.6262,0.0017957375781896263,29,10,0.3448275862068966,1.0,100000000000000.0,126.0677102355744,0.03922871324108732,1090.4595986568022,3475148.7934561176,2.97315151904682,1.0252246617402827
4.57,std,0,1801795637240.3833,0.0018017956372403832,35,10,0.2857142857142857,1.0,100000000000000.0,92.25312401696166,0.03903476807173469,1089.2733240701898,3459696.7253384124,2.9420936828381037,0.840598195096601
4.58,std,0,1807858549855.0178,0.0018078585498550177,39,10,0.2564102564102564,1.0,100000000000000.0,210.92066270362952,0.03884203067436807,1088.0874510204233,3444340.2401227453,2.9113992760848064,0.74651263489354
4.59,std,0,1813926302787.4885,0.0018139263027874884,45,10,0.2222222222222222,1.0,100000000000000.0,143.87301585420215,0.0386504928134673,1086.9019970971233,3429078.583176759,2.881063669508329,0.6402363710018508
4.6,std,0,1819998882851.9854,0.0018199988828519853,45,10,0.2222222222222222,1.0,100000000000000.0,116.18791321983197,0.038460146299776024,1085.7169796469013,3413911.0070874332,2.8510822959015503,0.6335738435336778
4.61,std,0,1826076276922.554,0.001826076276922554,44,10,0.22727272727272727,1.0,100000000000000.0,199.49433526374878,0.03827098299047199,1084.5324157747468,3398836.7715838132,2.8214506492950253,0.6412387839306876
4.62,std,0,1832158471932.7107,0.0018321584719327108,48,10,0.20833333333333334,1.0,100000000000000.0,83.91625701521598,0.038082994789321374,1083.3483223478759,3383855.1434541843,2.792164284134326,0.5817008925279846
4.63,std,0,1838245454875.0715,0.0018382454548750715,44,10,0.22727272727272727,1.0,100000000000000.0,123.10782446233986,0.03789617364681675,1082.1647159983177,3368965.396468138,2.763218814467264,0.6280042760152873
4.64,std,0,1844337212800.9836,0.0018443372128009836,19,10,0.5263157894736842,1.0,100000000000000.0,160.00496873751058,0.03771051156030021,1080.9816131260689,3354166.8113015178,2.734609913144086,1.4392683753389925
4.6499999999999995,std,0,1850433732820.1506,0.0018504337328201506,46,10,0.21739130434782608,1.0,100000000000000.0,133.55628156410828,0.03752600057407135,1079.7990299026892,3339458.6754533774,2.706333311021233,0.5883333284828768
4.66,std,0,1856535002100.2693,0.0018565350021002693,22,10,0.45454545454545453,1.0,100000000000000.0,221.23180856569235,0.03734263277948092,1078.616982270924,3324840.2831766997,2.678384796175421,1.2174476346251912
4.67,std,0,1862641007866.6655,0.0018626410078666656,22,10,0.45454545454545453,1.0,100000000000000.0,134.7448880596474,0.037160400315010805,1077.4354859519574,3310310.935399574,2.65076021313808,1.2048910059718545
4.68,std,0,1868751737401.9426,0.0018687517374019426,46,10,0.21739130434782608,1.0,100000000000000.0,179.36995031747685,0.036979295366340204,1076.2545564454138,3295869.9396521407,2.623455462125083,0.5703164048098006
4.6899999999999995,std,0,1874867178045.6096,0.0018748671780456096,29,10,0.3448275862068966,1.0,100000000000000.0,103.6693902721282,0.03679931016639911,1075.074209029358,3281516.609994206,2.5964664982762202,0.8953332752676622
4.7,std,0,1880987317193.7385,0.0018809873171937385,43,10,0.23255813953488372,1.0,100000000000000.0,85.34685914531266,0.036620436995409095,1073.8944587719013,3267250.26694219,2.569789330931031,0.5976254257979142
4.71,std,0,1887112142298.6096,0.0018871121422986096,43,10,0.23255813953488372,1.0,100000000000000.0,187.22653905788042,0.03644266818091213,1072.7153205215516,3253070.2373980703,2.543420022863368,0.5914930285728762
4.72,std,0,1893241640868.3604,0.0018932416408683603,30,10,0.3333333333333333,1.0,100000000000000.0,198.33086957061036,0.03626599609778732,1071.5368089209014,3238975.8545814385,2.5173546895834527,0.8391182298611508
4.7299999999999995,std,0,1899375800466.6396,0.0018993758004666396,26,10,0.38461538461538464,1.0,100000000000000.0,118.07569861577124,0.03609041316825672,1070.3589384017084,3224966.457955114,2.4915894985987412,0.9583036533072082
4.74,std,0,1905514608712.2725,0.0019055146087122725,32,10,0.3125,1.0,100000000000000.0,186.6442565483754,0.03591591186187994,1069.181723192275,3211041.393161196,2.4661206687207797,0.7706627089752437
4.75,std,0,1911658053278.9058,0.0019116580532789057,22,10,0.45454545454545453,1.0,100000000000000.0,158.74588843784827,0.035742484695538375,1068.0051773147377,3197200.011952672,2.4409444693533255,1.1095202133424207
4.76,std,0,1917806121894.6797,0.0019178061218946797,51,10,0.19607843137254902,1.0,100000000000000.0,129.6775447718917,0.035570124233408995,1066.829314593897,3183441.672123255,2.416057219814295,0.4737367097675088
4.77,std,0,1923958802341.8962,0.0019239588023418962,42,10,0.23809523809523808,1.0,100000000000000.0,280.1374523112936,0.03539882308692853,1065.6541486541907,3169765.737445429,2.3914552886449223,0.569394116344029
4.78,std,0,1930116082456.6716,0.0019301160824566716,47,10,0.2127659574468085,1.0,100000000000000.0,127.08300467375338,0.03522857391474806,1064.4796929242993,3156171.577604061,2.3671350929413637,0.5036457644556093
4.79,std,0,1936277950128.6199,0.0019362779501286198,51,10,0.19607843137254902,1.0,100000000000000.0,198.17877870376518,0.0350593694226785,1063.3059606412455,3142658.568130008,2.3430930976931035,0.45943001915551046
4.8,std,0,1942444393300.5205,0.0019424443933005206,34,10,0.29411764705882354,1.0,100000000000000.0,97.49417742969752,0.034891202363627125,1062.13296484743,3129226.0903392765,2.319325815117993,0.6821546515052921
4.81,std,0,1948615399967.9949,0.0019486153999679948,47,10,0.2127659574468085,1.0,100000000000000.0,139.3142062060591,0.034724065537525745,1060.9607184002207,3115873.5312690753,2.295829804030746,0.4884744263895204
4.82,std,0,1954790958179.1802,0.00195479095817918,31,10,0.3225806451612903,1.0,100000000000000.0,53.050937327085464,0.03455795179125056,1059.7892339684824,3102600.2836156418,2.2726016691918294,0.7330973126425255
4.83,std,0,1960971056034.4138,0.001960971056034414,30,10,0.3333333333333333,1.0,100000000000000.0,151.29716403904655,0.03439285401853435,1058.6185240357315,3089405.7456736234,2.249638060680138,0.7498793535600459
4.84,std,0,1967155681685.913,0.001967155681685913,44,10,0.22727272727272727,1.0,100000000000000.0,161.39845350903903,0.034228765159870625,1057.4486009048674,3076289.321274794,2.22693567327614,0.5061217439263954
4.85,std,0,1973344823337.4587,0.0019733448233374587,34,10,0.29411764705882354,1.0,100000000000000.0,74.55111269965792,0.034065678202410896,1056.2794766994346,3063250.419728769,2.2044912458466994,0.6483797781902058
4.86,std,0,1979538469244.0908,0.001979538469244091,25,10,0.4,1.0,100000000000000.0,222.11426521715362,0.03390358617985464,1055.1111633637477,3050288.455764161,2.1823015607355845,0.8729206242942338
4.87,std,0,1985736607711.7888,0.001985736607711789,49,10,0.20408163265306123,1.0,100000000000000.0,118.24912516621498,0.033742482172332715,1053.9436726664892,3037402.8494712934,2.160363443169999,0.4408904986061223
4.88,std,0,1991939227097.1663,0.0019919392270971665,55,10,0.18181818181818182,1.0,100000000000000.0,110.46572224900997,0.03358235930628393,1052.777016204682,3024593.026241584,2.1386737606728006,0.3888497746677819
4.89,std,0,1998146315807.1685,0.0019981463158071683,35,10,0.2857142857142857,1.0,100000000000000.0,49.08053959545215,0.03342321075432565,1051.6112054014827,3011858.4167142524,2.117229422474723,0.6049226921356351
4.8999999999999995,std,0,2004357862298.767,0.002004357862298767,22,10,0.45454545454545453,1.0,100000000000000.0,92.05841902625326,0.03326502973511832,1050.446251511544,2999198.4567176998,2.0960273789456876,0.9527397177025853
4.91,std,0,2010573855078.66,0.00201057385507866,60,10,0.16666666666666666,1.0,100000000000000.0,206.77051776261402,0.033107809513224104,1049.2821656239782,2986612.5872155535,2.0750646210315646,0.34584410350526074
4.92,std,0,2016794282702.9705,0.0020167942827029705,34,10,0.29411764705882354,1.0,100000000000000.0,112.03242455734794,0.032951543398960184,1048.1189586607195,2974100.254251155,2.0543381796878855,0.6042171116729075
4.93,std,0,2023019133776.9578,0.002023019133776958,42,10,0.23809523809523808,1.0,100000000000000.0,104.09152676440439,0.032796224748246505,1046.9566413798645,2961660.908893382,2.03384512533164,0.48424883936467616
4.9399999999999995,std,0,2029248396954.7136,0.0020292483969547134,34,10,0.29411764705882354,1.0,100000000000000.0,126.05629943618699,0.03264184696244863,1045.7952243799023,2949294.0071838005,2.0135825673025822,0.5922301668537007
4.95,std,0,2035482060938.8774,0.0020354820609388776,36,10,0.2777777777777778,1.0,100000000000000.0,114.26787711966003,0.03248840348821557,1044.634718099333,2936999.0100829303,1.9935476533218208,0.5537632370338391
4.96,std,0,2041720114480.3452,0.0020417201144803452,54,10,0.18518518518518517,1.0,100000000000000.0,77.10324801345391,0.03233588781731316,1043.4751328183736,2924775.38341962,1.9737375689635954,0.3655069572154806
4.97,std,0,2047962546377.979,0.002047962546377979,31,10,0.3225806451612903,1.0,100000000000000.0,104.9935713333909,0.032184293486452624,1042.3164786627406,2912622.597837311,1.9541495371356186,0.6303708184308446
4.9799999999999995,std,0,2054209345478.3289,0.0020542093454783287,19,10,0.5263157894736842,1.0,100000000000000.0,62.42687923975027,0.03203361407711513,1041.1587656034635,2900540.12874541,1.9347808175620365,1.0183056934537034
4.99,std,0,2060460500675.342,0.002060460500675342,34,10,0.29411764705882354,1.0,100000000000000.0,102.15372784200312,0.03188384321537219,1040.0020034610461,2888527.4562673313,1.9156287062789745,0.5634202077291102
