z,luminosity_function,alpha_intrinsic,L_min_Jy_kpc2,L_min_over_L_star,n_generated,n_detected,detection_rate_10_per_n,N_ratio_detectable_L,mean_detected_L,mean_SNR,SFR_psi,comoving_volume_Mpc3,time_Gyr,nfrb_sfr_base,n_total_population_scaled
0.01,std,-2,10000000000.0,1e-05,11,10,0.9090909090909091,1.0,100000000000000.0,15716841.497573277,0.015366633837018974,0.26241871872328126,137678720.05218962,0.011103767742060894,0.010094334310964449
0.02,std,-2,10000000000.0,1e-05,13,10,0.7692307692307693,1.0,100000000000000.0,4149451.7791524446,0.015778461234561884,0.9807771591127915,135706863.92550436,0.04200169340649785,0.03230899492807527
0.03,std,-2,10000000000.0,1e-05,13,10,0.7692307692307693,1.0,100000000000000.0,1000721.8343914269,0.016197006898133106,2.1622805587970197,133769703.76805276,0.09369891710722199,0.07207609008247845
0.04,std,-2,10000000000.0,1e-05,12,10,0.8333333333333334,1.0,100000000000000.0,1052471.4715699195,0.0166223021408091,3.7937677203513105,131866423.28089881,0.16631297467207173,0.13859414556005978
0.05,std,-2,10000000000.0,1e-05,10,10,1.0,1.0,100000000000000.0,105216.42025744519,0.01705437728000787,5.862121300714656,129996236.70924087,0.25992702895429987,0.25992702895429987
0.060000000000000005,std,-2,10000000000.0,1e-05,15,10,0.6666666666666666,1.0,100000000000000.0,442459.6621835086,0.017493261604641853,8.354279879643281,128158387.20751494,0.37459057038461097,0.24972704692307396
0.06999999999999999,std,-2,10000000000.0,1e-05,13,10,0.7692307692307693,1.0,100000000000000.0,143779.6165689671,0.017938983341287663,11.257249627690728,126352145.30294725,0.510320176019814,0.39255398155370314
0.08,std,-2,10000000000.0,1e-05,11,10,0.9090909090909091,1.0,100000000000000.0,81499.50790621064,0.018391569619367408,14.558115557360438,124576807.45144194,0.6671003222150889,0.6064548383773535
0.09,std,-2,10000000000.0,1e-05,18,10,0.5555555555555556,1.0,100000000000000.0,82337.93453722718,0.018851046435337065,18.24405234295385,122831694.67989907,0.8448842460426377,0.4693801366903543
0.09999999999999999,std,-2,10000000000.0,1e-05,10,10,1.0,1.0,100000000000000.0,127424.66337924723,0.019317438615878545,22.302334696923918,121116151.30983643,1.0435948506218269,1.0435948506218269
0.11,std,-2,10000000000.0,1e-05,16,10,0.625,1.0,100000000000000.0,57941.760066897215,0.019790769780093035,26.720347292189537,119429543.75708403,1.2631256495605465,0.7894535309753415
0.12,std,-2,10000000000.0,1e-05,17,10,0.5882352941176471,1.0,100000000000000.0,25550.15904388803,0.020271062300694323,31.485594222324956,117771259.40308331,1.5033417458073948,0.8843186740043499
0.13,std,-2,10000000000.0,1e-05,10,10,1.0,1.0,100000000000000.0,73297.95577499278,0.02075833726420218,36.58570799272156,116140705.53330435,1.7640808402734627,1.7640808402734627
0.14,std,-2,10000000000.0,1e-05,12,10,0.8333333333333334,1.0,100000000000000.0,45661.633440989885,0.021252614430137,42.008458038384234,114537308.33873443,2.045154265729682,1.7042952214414018
0.15000000000000002,std,-2,10000000000.0,1e-05,10,10,1.0,1.0,100000000000000.0,37203.895267296466,0.021753912189218152,47.74175876516198,112960511.97664525,2.34634804158537,2.34634804158537
0.16,std,-2,10000000000.0,1e-05,12,10,0.8333333333333334,1.0,100000000000000.0,46949.841251625054,0.02226224752057046,53.773677113320446,111409777.68701176,2.6674239453157766,2.2228532877631473
0.17,std,-2,10000000000.0,1e-05,13,10,0.7692307692307693,1.0,100000000000000.0,43670.259395133995,0.02277763594794393,60.09243964379339,109884582.96125181,3.0081205964552606,2.3139389203502008
0.18000000000000002,std,-2,10000000000.0,1e-05,15,10,0.6666666666666666,1.0,100000000000000.0,7511.627753451682,0.023300091494954225,66.68643914866901,108384420.7601139,3.368154549223994,2.2454363661493293
0.19,std,-2,10000000000.0,1e-05,14,10,0.7142857142857143,1.0,100000000000000.0,9487.3061624199,0.023829626639352574,73.54424078953178,106908798.77780546,3.7472213900658953,2.676586707189925
0.2,std,-2,10000000000.0,1e-05,14,10,0.7142857142857143,1.0,100000000000000.0,43563.70998813707,0.024366252266335785,80.6545877683165,105457238.74949963,4.14499683654197,2.9607120261014073
0.21000000000000002,std,-2,10000000000.0,1e-05,13,10,0.7692307692307693,1.0,100000000000000.0,30745.086129511135,0.02490997762090884,88.00640653595799,104029275.79969656,4.561137834186654,3.508567564758965
0.22,std,-2,10000000000.0,1e-05,18,10,0.5555555555555556,1.0,100000000000000.0,7914.043560737501,0.025460810259314456,95.58881154655873,102624457.82893437,4.995283648191624,2.77515758232868
0.23,std,-2,10000000000.0,1e-05,20,10,0.5,1.0,100000000000000.0,11268.285939797606,0.026018755999546127,103.39110956462532,101242344.93655138,5.447056946919282,2.723528473459641
0.24000000000000002,std,-2,10000000000.0,1e-05,13,10,0.7692307692307693,1.0,100000000000000.0,17124.592796502526,0.02658381887096318,111.40280353480861,99882508.87732875,5.916064874495417,4.550819134227244
0.25,std,-2,10852994630.260807,1.0852994630260807e-05,12,10,0.8333333333333334,1.0,100000000000000.0,5074.1008253745,0.027156001063028613,119.61359602366153,98544532.5499974,6.401900109892174,5.334916758243478
0.26,std,-2,11961617317.93588,1.196161731793588e-05,11,10,0.9090909090909091,1.0,100000000000000.0,12760.730594681172,0.02773530287319293,128.0133922447086,97228009.51565525,6.904141910162722,6.276492645602475
0.27,std,-2,13141815456.567635,1.3141815456567634e-05,17,10,0.5882352941176471,1.0,100000000000000.0,6326.2768373838135,0.0283217226539493,136.59230267724698,95932543.54423486,7.422357135601738,4.366092432706905
0.28,std,-2,14395972913.480835,1.4395972913480835e-05,11,10,0.9090909090909091,1.0,100000000000000.0,10256.573930979861,0.028915256759088154,145.3406452924808,94657748.18751705,7.956101254958132,7.232819322689211
0.29000000000000004,std,-2,15726498663.604525,1.5726498663604524e-05,13,10,0.7692307692307693,1.0,100000000000000.0,7275.179821991078,0.029515899489181725,154.2489473981779,93403246.37677355,8.504919328826345,6.542245637558727
0.3,std,-2,17135826315.001871,1.713582631500187e-05,10,10,1.0,1.0,100000000000000.0,4029.634418809709,0.03012364303633178,163.3079471150995,92168670.04385954,9.068346969662613,9.068346969662613
0.31,std,-2,18626413641.02908,1.862641364102908e-05,17,10,0.5882352941176471,1.0,100000000000000.0,4730.2607176618385,0.030738477428216556,172.50859450013616,90953659.76403436,9.645911277082263,5.674065457107214
0.32,std,-2,20200742119.377235,2.0200742119377235e-05,13,10,0.7692307692307693,1.0,100000000000000.0,1189.306645358838,0.03136039047147566,181.84205232692457,89757864.41943079,10.237131747071754,7.874716728516734
0.33,std,-2,21861316478.211716,2.1861316478211716e-05,16,10,0.625,1.0,100000000000000.0,2804.7717783916896,0.031989367694474906,191.2996965415137,88580940.88171776,10.841521154244566,6.775950721402854
0.34,std,-2,23610664249.616306,2.3610664249616306e-05,18,10,0.5555555555555556,1.0,100000000000000.0,5000.607305270278,0.032625392289495694,200.87311640432188,87422553.71285346,11.458586406099817,6.365881336722121
0.35000000000000003,std,-2,25451335330.51155,2.5451335330511552e-05,14,10,0.7142857142857143,1.0,100000000000000.0,4961.985843477735,0.03326844505439697,210.5541143340034,86282374.8828454,12.0878293686356,8.634163834739715
0.36000000000000004,std,-2,27385901551.187794,2.7385901551187792e-05,13,10,0.7692307692307693,1.0,100000000000000.0,6178.855918776489,0.03391850433380093,220.3347054676949,85160083.50335014,12.72874766273529,9.791344355950223
0.37,std,-2,29416956251.5886,2.94169562515886e-05,15,10,0.6666666666666666,1.0,100000000000000.0,9126.38363597081,0.03457554595985672,230.20711695069662,84055365.5762477,13.380835430836315,8.920556953890877
0.38,std,-2,31547113865.43785,3.154711386543785e-05,14,10,0.7142857142857143,1.0,100000000000000.0,3757.175846325208,0.035239543192639965,240.16378697197462,82967913.75619605,14.043584073698648,10.03113148121332
0.39,std,-2,33779009512.29768,3.377900951229768e-05,18,10,0.5555555555555556,1.0,100000000000000.0,1607.849274782026,0.03591046666024937,250.19736355714653,81897427.12626469,14.7164829569539,8.17582386497439
0.4,std,-2,36115298597.61796,3.611529859761796e-05,16,10,0.625,1.0,100000000000000.0,3863.0431476704325,0.03658828429866464,260.3007031354804,80843610.98588744,15.399020087539723,9.624387554712326
0.41000000000000003,std,-2,38558656420.81933,3.855865642081933e-05,14,10,0.7142857142857143,1.0,100000000000000.0,2039.8520109194474,0.03727296129143468,270.46686889176453,79806176.65031886,16.09068275990075,11.493344828500536
0.42000000000000004,std,-2,41111777791.44015,4.111177779144015e-05,19,10,0.5263157894736842,1.0,100000000000000.0,5380.3897844063895,0.037964460009266905,280.6891289203498,78784841.26087493,16.79095817233789,8.837346406493626
0.43,std,-2,43777376653.35451,4.3777376653354506e-05,14,10,0.7142857142857143,1.0,100000000000000.0,5525.53306269893,0.038662739949594106,290.96095419151504,77779327.60525452,17.499334013573705,12.49952429540979
0.44,std,-2,46558185717.05463,4.655818571705463e-05,18,10,0.5555555555555556,1.0,100000000000000.0,1826.505988115714,0.03936775767619714,301.2760163448756,76789363.94735558,18.215299019989352,10.119610566660752
0.45,std,-2,49456956099.98352,4.945695609998352e-05,17,10,0.5882352941176471,1.0,100000000000000.0,1051.514579074084,0.04007946675896711,311.6281853218119,75814683.86589663,18.93834350389586,11.140202061115213
0.46,std,-2,52476456974.88445,5.247645697488445e-05,30,10,0.3333333333333333,1.0,100000000000000.0,3296.387112417913,0.04079781771389325,322.0115268505913,74855026.10136408,19.66795985343333,6.55598661781111
0.47000000000000003,std,-2,55619475226.115,5.5619475226114995e-05,23,10,0.43478260869565216,1.0,100000000000000.0,3855.08518034452,0.04152275794336715,332.4202997948109,73910134.4107027,20.403643004565605,8.871149132419829
0.48000000000000004,std,-2,58888815113.88321,5.888881511388321e-05,15,10,0.6666666666666666,1.0,100000000000000.0,2336.8321820003994,0.04225423167689769,342.84895337747236,72979757.42922702,21.144890885822026,14.09659392388135
0.49,std,-2,62287297946.32833,6.228729794632833e-05,17,10,0.5882352941176471,1.0,100000000000000.0,2256.9363460213626,0.042992179912334685,353.2921242927951,72063648.53939462,21.891204836539508,12.877179315611476
0.5,std,-2,65817761759.37568,6.581776175937568e-05,15,10,0.6666666666666666,1.0,100000000000000.0,1963.1433319218115,0.04373654035770323,363.7446337148802,71161565.7458431,22.642089999169652,15.0947266661131
0.51,std,-2,69483061004.27696,6.948306100427696e-05,15,10,0.6666666666666666,1.0,100000000000000.0,2306.7976461285566,0.04448724737375437,374.2014842166714,70273271.55644336,23.397055686636225,15.598037124424149
0.52,std,-2,73286066242.76042,7.328606624276043e-05,23,10,0.43478260869565216,1.0,100000000000000.0,2170.079535068525,0.04524423191734168,384.6578566056189,69398532.8688438,24.155615725264607,10.502441619680264
0.53,std,-2,77229663849.65807,7.722966384965807e-05,14,10,0.7142857142857143,1.0,100000000000000.0,715.3227778423892,0.04600742148573693,395.10910668924555,68537120.86228469,24.91728877436347,17.798063410259623
0.54,std,-2,81316755722.94609,8.131675572294609e-05,16,10,0.625,1.0,100000000000000.0,2304.7064275015505,0.046776740062001616,405.5507619780717,67688810.89416112,25.68159862312573,16.05099913945358
0.55,std,-2,85550259001.04568,8.555025900104569e-05,14,10,0.7142857142857143,1.0,100000000000000.0,2533.0123804244067,0.04755210806153499,415.97851833527244,66853382.401291125,26.448074465834708,18.891481761310505
0.56,std,-2,89933105787.30835,8.993310578730835e-05,22,10,0.45454545454545453,1.0,100000000000000.0,2411.6780453593083,0.04833344227992233,426.38823658113233,66030618.80524841,27.216251156098203,12.37102325277191
0.5700000000000001,std,-2,94468242881.52951,9.446824288152951e-05,17,10,0.5882352941176471,1.0,100000000000000.0,3129.3742289875163,0.049120655842211244,436.7759390617864,65220307.42184981,27.985669441218583,16.462158494834462
0.5800000000000001,std,-2,99158631518.3876,9.915863151838761e-05,15,10,0.6666666666666666,1.0,100000000000000.0,1070.8693772182305,0.04991365815374634,447.13780618696603,64422239.37422575,28.755876177278058,19.17058411818537
0.59,std,-2,104007247112.67416,0.00010400724711267416,21,10,0.47619047619047616,1.0,100000000000000.0,1292.6387335589448,0.050712354852696435,457.47017294972454,63636209.50946025,29.526424526280852,14.060202155371833
0.6,std,-2,109017079011.1852,0.0001090170790111852,15,10,0.6666666666666666,1.0,100000000000000.0,1589.5190540195654,0.051516647764411366,467.7695254255348,62862016.318445235,30.29687413557671,20.197916090384474
0.61,std,-2,114191130251.13327,0.00011419113025113328,21,10,0.47619047619047616,1.0,100000000000000.0,1425.2882602415627,0.05232643485774771,478.032497270448,62099461.8588071,31.066791301321096,14.793710143486235
0.62,std,-2,119532417324.96684,0.00011953241732496684,18,10,0.5555555555555556,1.0,100000000000000.0,1469.0053193090353,0.05314161020350689,488.2558662089898,61348351.680681646,31.835749115835682,17.68652728657538
0.63,std,-2,125043969951.4291,0.0001250439699514291,14,10,0.7142857142857143,1.0,100000000000000.0,948.6855653907369,0.05396206393512963,498.4365505322094,60608494.75515795,32.60332760067463,23.288091143339024
0.64,std,-2,130728830852.74686,0.00013072883085274686,18,10,0.5555555555555556,1.0,100000000000000.0,1515.685829999707,0.054787682211795266,508.5716056008219,59879703.405252725,33.3691138255827,18.538396569768167
0.65,std,-2,136590055537.79979,0.0001365900555377998,16,10,0.625,1.0,100000000000000.0,1204.142210658173,0.055618347184074164,518.6582203630702,59161793.23922499,34.13270201445344,21.332938759033404
0.66,std,-2,142630712091.13464,0.00014263071209113466,21,10,0.47619047619047616,1.0,100000000000000.0,1587.6151009696682,0.056453936962285574,528.6937138930589,58454583.086089864,34.89369363917068,16.616044590081273
0.67,std,-2,148853880967.6707,0.00014885388096767067,20,10,0.5,1.0,100000000000000.0,1301.616999246155,0.05729432558771266,538.6755319475229,57757894.933217816,35.65169750171409,17.825848750857045
0.68,std,-2,155262654792.99646,0.00015526265479299647,26,10,0.38461538461538464,1.0,100000000000000.0,1325.518117546292,0.05813938300682973,548.6012435561336,57071553.86587637,36.40632980601674,14.00243454077567
0.6900000000000001,std,-2,161860138169.07443,0.00016186013816907443,18,10,0.5555555555555556,1.0,100000000000000.0,1421.9622881119415,0.05898897504869533,558.4685376353826,56395388.00860588,37.157214219421206,20.642896788567338
0.7000000000000001,std,-2,168649447485.2534,0.00016864944748525338,16,10,0.625,1.0,100000000000000.0,1542.9361671049014,0.059842963405668255,568.2752196426441,55729228.46830064,37.903981925311854,23.68998870331991
0.7100000000000001,std,-2,175633710734.42804,0.00017563371073442803,20,10,0.5,1.0,100000000000000.0,747.8294322096054,0.06070120561760056,578.0192082633778,55072909.27894104,38.64627166697366,19.32313583348683
0.72,std,-2,182816067334.23083,0.00018281606733423083,18,10,0.5555555555555556,1.0,100000000000000.0,1051.4991675882045,0.061563555059664696,587.6985321420151,54426267.3478233,39.38372978381672,21.879849879898178
0.73,std,-2,190199667953.11267,0.00019019966795311266,18,10,0.5555555555555556,1.0,100000000000000.0,795.747904977928,0.062429860933968816,597.3113266513526,53789142.40325106,40.11601024012179,22.286672355623217
0.74,std,-2,197787674341.17355,0.00019778767434117355,26,10,0.38461538461538464,1.0,100000000000000.0,447.4670267934498,0.06329996826511489,606.8558307114241,53161376.94359302,40.84277464748636,15.708759479802445
0.75,std,-2,205583259165.64374,0.00020558325916564374,19,10,0.5263157894736842,1.0,100000000000000.0,369.59138058929796,0.06417371789985252,616.3303836530981,52542816.187593825,41.56369228106845,21.875627516351813
0.76,std,-2,213589605850.84058,0.00021358960585084058,18,10,0.5555555555555556,1.0,100000000000000.0,844.2437603581263,0.06505094651097904,625.7334221311554,51933308.025967404,42.27844009044931,23.488022272471838
0.77,std,-2,221809908422.52466,0.00022180990842252465,22,10,0.45454545454545453,1.0,100000000000000.0,873.2113240370447,0.06593148660563516,635.0634770896884,51332702.97407133,42.986702705618036,19.53941032073547
0.78,std,-2,230247371356.49628,0.00023024737135649627,19,10,0.5263157894736842,1.0,100000000000000.0,793.2865343542551,0.06681516653814157,644.3191707778046,50740854.125752576,43.688172438458,22.993774967609472
0.79,std,-2,238905209431.3249,0.00023890520943132488,25,10,0.4,1.0,100000000000000.0,833.083707548714,0.0677018105275198,653.4992138195992,50157617.108157024,44.38254928026352,17.75301971210541
0.8,std,-2,247786647585.09323,0.00024778664758509325,13,10,0.7692307692307693,1.0,100000000000000.0,718.7491423661538,0.06859123867983588,662.6024023407822,49582850.03763585,45.06954089597056,34.66887761228505
0.81,std,-2,256894920776.03427,0.0002568949207760343,17,10,0.5882352941176471,1.0,100000000000000.0,877.1697852346157,0.06948326701550157,671.6276151481601,49016413.47646635,45.74886261499188,26.911095655877578
0.8200000000000001,std,-2,266233273846.94925,0.00026623327384694924,21,10,0.47619047619047616,1.0,100000000000000.0,948.940271935429,0.0703777075016633,680.5738109668661,48458170.39061373,46.42023741955749,22.10487496169404
0.8300000000000001,std,-2,275804961393.29285,0.0002758049613932928,18,10,0.5555555555555556,1.0,100000000000000.0,600.8461752722926,0.0712743680898028,689.4400257351892,47907986.10823188,47.0833959306327,26.157442183684832
0.8400000000000001,std,-2,285613247634.8166,0.0002856132476348166,14,10,0.7142857142857143,1.0,100000000000000.0,644.8730642885719,0.07217305275866856,698.2253699562895,47365728.279101126,47.738076391877726,34.09862599419838
0.85,std,-2,295661406290.66785,0.00029566140629066784,23,10,0.43478260869565216,1.0,100000000000000.0,376.06339727946295,0.0730735615626498,706.929026106993,46831266.83476413,48.38402465174901,21.036532457282178
0.86,std,-2,305952720457.8274,0.0003059527204578274,27,10,0.37037037037037035,1.0,100000000000000.0,516.1570273933519,0.07397569068569808,715.5502461071101,46304473.94949488,49.020994144398166,18.155923757184507
0.87,std,-2,316490482492.7962,0.0003164904824927962,22,10,0.45454545454545453,1.0,100000000000000.0,938.5082679015953,0.07487923250089422,724.0883488434904,45785224.0019454,49.648745869092025,22.567611758678193
0.88,std,-2,327277993896.42566,0.00032727799389642567,23,10,0.43478260869565216,1.0,100000000000000.0,709.7575406100822,0.07578397563574907,732.5427177564634,45273393.53755888,50.26704836901992,21.855238421313008
0.89,std,-2,338318565201.79474,0.00033831856520179476,21,10,0.47619047619047616,1.0,100000000000000.0,853.5169992829487,0.07668970504331966,740.912798479362,44768861.231587745,50.87567770891387,24.226513194720887
0.9,std,-2,349615515865.03455,0.00034961551586503456,21,10,0.47619047619047616,1.0,100000000000000.0,625.8352127732503,0.07759620207921059,749.1980965411839,44271507.85283817,51.4744174525131,24.51162735833957
0.91,std,-2,361172174159.0226,0.0003611721741590226,22,10,0.45454545454545453,1.0,100000000000000.0,1158.6672337032785,0.07850324458452297,757.3981751219968,43781216.22801512,52.063058639219506,23.665026654190683
0.92,std,-2,372991877069.83484,0.0003729918770698348,24,10,0.4166666666666667,1.0,100000000000000.0,402.5212944389155,0.07941060697480082,765.512652869059,43297871.206686266,52.64139976068324,21.933916566951353
0.93,std,-2,385077970195.8905,0.0003850779701958905,31,10,0.3225806451612903,1.0,100000000000000.0,476.81476865663797,0.08031806033501555,773.541201768522,42821359.6268634,53.20924673712456,17.16427314100792
0.9400000000000001,std,-2,397433807649.68866,0.00039743380764968865,25,10,0.4,1.0,100000000000000.0,470.96590165727685,0.08122537252061583,781.4835450719527,42351570.28113079,53.76641289339282,21.50656515735713
0.9500000000000001,std,-2,410062751962.0554,0.00041006275196205544,22,10,0.45454545454545453,1.0,100000000000000.0,505.6144484738744,0.08213230826466011,789.3394552806142,41888393.88338472,54.31271893516574,24.687599515984427
0.9600000000000001,std,-2,422968173988.8412,0.0004229681739888412,31,10,0.3225806451612903,1.0,100000000000000.0,596.7227986746034,0.0830386292910345,797.10875218387,41431723.03608367,54.847992925019845,17.69290094355479
0.97,std,-2,436153452819.9539,0.0004361534528199539,22,10,0.45454545454545453,1.0,100000000000000.0,630.5188863844033,0.08394409443374791,804.7913009521261,40981452.198053606,55.37207025854348,25.16912284479249
0.98,std,-2,449621975690.689,0.00044962197569068903,17,10,0.5882352941176471,1.0,100000000000000.0,394.0598801768691,0.08484845976228053,812.3870102821605,40537477.652815565,55.884793640375406,32.87340802375024
0.99,std,-2,463377137895.2593,0.0004633771378952593,17,10,0.5882352941176471,1.0,100000000000000.0,459.4747675785642,0.08575147871295036,819.8958305986364,40099697.47744613,56.38601306050421,33.16824297676718
1.0,std,-2,477422342702.4636,0.0004774223427024636,24,10,0.4166666666666667,1.0,100000000000000.0,411.94697093022216,0.08665290222624604,827.3177523015627,39668011.51188104,56.87558577004276,23.698160737517817
1.01,std,-2,491761001273.41925,0.0004917610012734193,31,10,0.3225806451612903,1.0,100000000000000.0,505.5586673138814,0.08755247889006164,834.6528040736579,39242321.32879002,57.353376257644406,18.50108911536916
1.02,std,-2,506396532581.30206,0.0005063965325813021,27,10,0.37037037037037035,1.0,100000000000000.0,173.09244339570324,0.08844995508875261,841.9010512288525,38822530.203856505,57.8192562250545,21.414539342612777
1.03,std,-2,521332363333.0076,0.0005213323633330077,20,10,0.5,1.0,100000000000000.0,532.9616772046945,0.08934507515791797,849.0625941169556,38408543.086599246,58.27310456302876,29.13655228151438
1.04,std,-2,536571927892.70874,0.0005365719278927088,26,10,0.38461538461538464,1.0,100000000000000.0,242.143692831926,0.09023758154479809,856.1375665742095,38000266.571585506,58.71480732668579,22.58261820257146
1.05,std,-2,552118668207.1962,0.0005521186682071962,30,10,0.3333333333333333,1.0,100000000000000.0,223.79640650301954,0.09112721497416236,863.1261344213968,37597608.87017283,59.14425771059258,19.714752570197525
1.06,std,-2,567976033732.9937,0.0005679760337329937,20,10,0.5,1.0,100000000000000.0,158.02851889414075,0.09201371461954395,870.028494008781,37200479.78263619,59.56135602329,29.780678011645
1.07,std,-2,584147481365.161,0.000584147481365161,30,10,0.3333333333333333,1.0,100000000000000.0,251.76461218072194,0.09289681827966537,876.8448708076611,36808790.67077036,59.96600966134133,19.988669887113776
1.08,std,-2,600636475367.7349,0.0006006364753677349,33,10,0.30303030303030304,1.0,100000000000000.0,329.34682656814306,0.09377626255988103,883.5755180458017,36422454.43092041,60.358133082598975,18.290343358363327
1.09,std,-2,617446487305.7634,0.0006174464873057635,20,10,0.5,1.0,100000000000000.0,411.5979097795609,0.09465178305844799,890.2207153870477,36041385.46742419,60.73764777863017,30.368823889315085
1.1,std,-2,634580995978.8713,0.0006345809959788714,30,10,0.3333333333333333,1.0,100000000000000.0,195.52419320854327,0.09552311455742028,896.7807676529902,35665499.66649557,61.10448224614251,20.368160748714168
1.11,std,-2,652043487356.3181,0.0006520434873563181,24,10,0.4166666666666667,1.0,100000000000000.0,257.61256689270374,0.09638999121794681,903.2560035889312,35294714.37049736,61.458571957413035,25.607738315588765
1.12,std,-2,669837454513.4785,0.0006698374545134786,24,10,0.4166666666666667,1.0,100000000000000.0,341.4492681154476,0.09725214677973788,909.6467746663376,34928948.352648705,61.799859329192884,25.7499413871637
1.1300000000000001,std,-2,687966397569.7307,0.0006879663975697308,22,10,0.45454545454545453,1.0,100000000000000.0,453.7325362928109,0.09810931476444977,915.9534539307285,34568121.792101,62.12829369050999,28.240133495686358
1.1400000000000001,std,-2,706433823627.687,0.000706433823627687,23,10,0.43478260869565216,1.0,100000000000000.0,275.7931854157274,0.09896122868272254,922.1764348837216,34212156.24944995,62.44383124864187,27.149491847235595
1.1500000000000001,std,-2,725243246713.7197,0.0007252432467137197,27,10,0.37037037037037035,1.0,100000000000000.0,327.61658665592034,0.09980762224459194,928.3161304060558,33860974.64260373,62.74643505350334,23.23942039018642
1.1600000000000001,std,-2,744398187719.7412,0.0007443981877197412,18,10,0.5555555555555556,1.0,100000000000000.0,169.07170836651838,0.10064822957298275,934.372971716626,33514501.22304822,63.03607496010153,35.02004164450085
1.17,std,-2,763902174346.2367,0.0007639021743462367,21,10,0.47619047619047616,1.0,100000000000000.0,333.187317239186,0.10148278541997709,940.3474073670778,33172661.552509196,63.312727588949606,30.14891789949981
1.18,std,-2,783758741046.4335,0.0007837587410464335,31,10,0.3225806451612903,1.0,100000000000000.0,163.02575235163164,0.1023110253855389,946.2399022725865,32835382.47995832,63.57637628430132,20.508508478806878
1.19,std,-2,803971428971.6475,0.0008039714289716475,21,10,0.47619047619047616,1.0,100000000000000.0,388.32807529900043,0.10313268613836393,952.0509367769027,32502592.119014297,63.82701107009263,30.393814795282204
1.2,std,-2,824543785917.711,0.0008245437859177111,29,10,0.3448275862068966,1.0,100000000000000.0,247.8580576153794,0.1039475056385125,957.7810057494818,32174219.82570734,64.06462860330825,22.091251242520087
1.21,std,-2,845479366272.493,0.000845479366272493,35,10,0.2857142857142857,1.0,100000000000000.0,278.97463287398944,0.1047552233614732,963.4306177164617,31850196.176586464,64.28923212477699,18.368352035650567
1.22,std,-2,866781730964.4414,0.0008667817309644414,17,10,0.5882352941176471,1.0,100000000000000.0,292.35707001907235,0.10555558052329424,969.0002940214188,31530452.947203357,64.500831407118,37.94166553359882
1.23,std,-2,888454447412.1349,0.0008884544474121349,29,10,0.3448275862068966,1.0,100000000000000.0,357.8167339657912,0.10634832030641155,974.4905680200912,31214923.090939093,64.69944269998688,22.31015265516789
1.24,std,-2,910501089474.801,0.000910501089474801,28,10,0.35714285714285715,1.0,100000000000000.0,286.33889427326244,0.10713318808579403,979.9019843002357,30903540.718176357,64.88508867197577,23.17324595427706
1.25,std,-2,932925237403.7843,0.0009329252374037843,42,10,0.23809523809523808,1.0,100000000000000.0,223.6456636106208,0.1079099316550206,985.2350979339374,30596241.075822484,65.05779834961369,15.48995198800326
1.26,std,-2,955730477794.926,0.000955730477794926,37,10,0.2702702702702703,1.0,100000000000000.0,338.27130852491007,0.10867830145189603,990.4904737572167,30292960.52715669,65.2176070530192,17.626380284599783
1.27,std,-2,978920403541.8132,0.0009789204035418133,17,10,0.5882352941176471,1.0,100000000000000.0,344.42310229951255,0.10943805078320944,995.6686856765223,29993636.532022804,65.36455632818335,38.44973901657845
1.28,std,-2,1002498613789.9102,0.00100249861378991,18,10,0.5555555555555556,1.0,100000000000000.0,240.34453818763095,0.11018893604823399,1000.7703160008152,29698207.62734887,65.49869387572696,36.38816326429276
1.29,std,-2,1026468713891.4843,0.0010264687138914843,21,10,0.47619047619047616,1.0,100000000000000.0,144.0637301518969,0.11093071696056572,1005.7959548008744,29406613.407992665,65.62007347621392,31.24765403629234
1.3,std,-2,1050834315361.3763,0.0010508343153613764,26,10,0.38461538461538464,1.0,100000000000000.0,151.83766083958434,0.11166315676789583,1010.7461992931555,29118794.50790167,65.72875491180412,25.280290350693893
1.31,std,-2,1075599035833.5087,0.0010755990358335087,31,10,0.3225806451612903,1.0,100000000000000.0,267.0495931336333,0.11238602246931209,1015.6216532479433,28834692.581594545,65.8248038842391,21.233807704593257
1.32,std,-2,1100766499018.1836,0.0011007664990181835,36,10,0.2777777777777778,1.0,100000000000000.0,101.72046603845038,0.11309908502972522,1020.4229264182433,28554250.285959702,65.90829192892647,18.307858869146244
1.33,std,-2,1126340334660.0952,0.0011263403346600952,32,10,0.3125,1.0,100000000000000.0,178.3990097497565,0.11380211959101888,1025.150633996583,28277411.26235228,65.9792963255608,20.618530101737747
1.34,std,-2,1152324178497.055,0.001152324178497055,38,10,0.2631578947368421,1.0,100000000000000.0,192.62984747689134,0.11449490567952506,1029.8053960881202,28004120.11900111,66.0379000045801,17.378394738047394
1.35,std,-2,1178721672219.4092,0.0011787216722194092,23,10,0.43478260869565216,1.0,100000000000000.0,238.82152774735368,0.11517722740943068,1034.3878372094944,27734322.413720313,66.08419145009488,28.732257152215162
1.36,std,-2,1205536463430.1228,0.0012055364634301227,20,10,0.5,1.0,100000000000000.0,144.6849058683684,0.11584887368172872,1038.8985858050078,27467964.636896268,66.11826459872519,33.059132299362595
1.37,std,-2,1232772205605.5205,0.0012327722056055205,23,10,0.43478260869565216,1.0,100000000000000.0,115.89878234511161,0.11650963837833293,1043.338273785448,27204994.194798715,66.14021873486237,28.756616841244508
1.3800000000000001,std,-2,1260432558056.632,0.001260432558056632,18,10,0.5555555555555556,1.0,100000000000000.0,214.49248325422832,0.1171593205509839,1047.707536083444,26945359.393152125,66.15015838188435,36.75008798993575
1.3900000000000001,std,-2,1288521185891.1863,0.0012885211858911863,52,10,0.19230769230769232,1.0,100000000000000.0,173.400657039905,0.11779772460458442,1052.0070102300483,26689009.4209975,66.14819318977739,12.720806382649497
1.4000000000000001,std,-2,1317041759976.1655,0.0013170417599761655,30,10,0.3333333333333333,1.0,100000000000000.0,161.69339394589423,0.11842466047461185,1056.2373359473631,26435894.334847275,66.1344378189362,22.044812606312068
1.4100000000000001,std,-2,1345997956900.9514,0.0013459979569009515,24,10,0.4166666666666667,1.0,100000000000000.0,219.03470969603114,0.1190399437982678,1060.3991547599467,26185965.04308979,66.109011820315,27.54542159179792
1.42,std,-2,1375393458941.0398,0.0013753934589410398,30,10,0.3333333333333333,1.0,100000000000000.0,168.51659225309794,0.1196433960790384,1064.4931096223086,25939173.29070372,66.07203951202601,22.024013170675335
1.43,std,-2,1405231954022.2695,0.0014052319540222694,25,10,0.4,1.0,100000000000000.0,154.21395868734757,0.12023484484435139,1068.519844563022,25695471.644191947,66.02364985232082,26.40945994092833
1.44,std,-2,1435517135685.6094,0.0014355171356856093,43,10,0.23255813953488372,1.0,100000000000000.0,148.29671748793064,0.12081412379603326,1072.4800043442135,25454813.47682177,65.96397630923511,15.340459606798863
1.45,std,-2,1466252703052.4521,0.0014662527030524521,28,10,0.35714285714285715,1.0,100000000000000.0,233.51556849370337,0.12138107295328354,1076.3742341370496,25217152.95410143,65.89315672690803,23.533270259610013
1.46,std,-2,1497442360790.377,0.001497442360790377,24,10,0.4166666666666667,1.0,100000000000000.0,177.15379396467046,0.12193553878790152,1080.2031792106923,24982445.019521292,65.81133318865253,27.42138882860522
1.47,std,-2,1529089819079.465,0.001529089819079465,37,10,0.2702702702702703,1.0,100000000000000.0,118.64718133306727,0.12247737435151856,1083.9674846370858,24750645.38054905,65.71865187706555,17.761797804612314
1.48,std,-2,1561198793579.0098,0.0015611987935790098,25,10,0.4,1.0,100000000000000.0,137.45911934950573,0.12300643939460665,1087.6677950064748,24521710.494854964,65.61526293098352,26.24610517239341
1.49,std,-2,1593773005394.7388,0.0015937730053947388,29,10,0.3448275862068966,1.0,100000000000000.0,92.78995095357989,0.12352260047705375,1091.3047541611875,24295597.556820426,65.5013203000712,22.586662172438345
1.5,std,-2,1626816181046.459,0.001626816181046459,26,10,0.38461538461538464,1.0,100000000000000.0,134.2225990222709,0.1240257310701164,1094.8790049358988,24072264.484238382,65.37698159628553,25.14499292164828
1.51,std,-2,1660332052436.147,0.001660332052436147,36,10,0.2777777777777778,1.0,100000000000000.0,126.82105523057074,0.12451571164958056,1098.3911889149176,23851669.90529175,65.24240794328885,18.122891095358014
1.52,std,-2,1694324356816.468,0.001694324356816468,24,10,0.4166666666666667,1.0,100000000000000.0,200.99241212534758,0.12499242977998155,1101.8419462010693,23633773.145745885,65.09776382352393,27.12406825980164
1.53,std,-2,1728796836759.6846,0.0017287968367596847,21,10,0.47619047619047616,1.0,100000000000000.0,50.97260957803139,0.12545578018975678,1105.2319151905842,23418534.21637197,64.94321692288845,30.925341391851642
1.54,std,-2,1763753240126.9866,0.0017637532401269865,29,10,0.3448275862068966,1.0,100000000000000.0,102.61555415923083,0.12590566483722512,1108.5617323673303,23205913.800602216,64.77893797403021,22.337564818631108
1.55,std,-2,1799197320038.2092,0.0017991973200382093,25,10,0.4,1.0,100000000000000.0,98.67914369337063,0.12634199296731044,1111.8320321017961,22995873.24240182,64.60510059758886,25.842040239035544
1.56,std,-2,1835132834841.9417,0.0018351328348419416,33,10,0.30303030303030304,1.0,100000000000000.0,209.33765158176553,0.12676468115894596,1115.043446460488,22788374.534365553,64.42188114198339,19.521782164237393
1.57,std,-2,1871563548085.9692,0.0018715635480859693,42,10,0.23809523809523808,1.0,100000000000000.0,135.82809033178165,0.12717365336312167,1118.19660502931,22583380.306024913,64.22945852215462,15.292728219560622
1.58,std,-2,1908493228488.1318,0.0019084932284881319,42,10,0.23809523809523808,1.0,100000000000000.0,238.71136938949013,0.1275688409315561,1121.2921347416357,22380853.81236754,64.02801405697252,15.244765251660123
1.59,std,-2,1945925649907.4885,0.0019459256499074885,28,10,0.35714285714285715,1.0,100000000000000.0,80.03826292512973,0.12795018263599814,1124.330659717597,22180758.922575094,63.81773130595797,22.79204689498499
1.6,std,-2,1983864591315.8723,0.0019838645913158722,29,10,0.3448275862068966,1.0,100000000000000.0,157.12242281892955,0.12831762467818383,1127.3128011145232,21983060.10894857,63.59879590547262,21.93061927774918
1.61,std,-2,2022313836769.728,0.002022313836769728,22,10,0.45454545454545453,1.0,100000000000000.0,91.73770668748755,0.12867112069049735,1130.2391769793503,21787722.43604854,63.371395404188156,28.805179729176434
1.62,std,-2,2061277175382.3245,0.0020612771753823244,22,10,0.45454545454545453,1.0,100000000000000.0,137.79733525115466,0.12901063172740435,1133.1104021182377,21594711.550035674,63.135719098911984,28.698054135869082
1.6300000000000001,std,-2,2100758401296.2698,0.00210075840129627,65,10,0.15384615384615385,1.0,100000000000000.0,84.75955902905721,0.1293361262477481,1135.9270879636724,21403993.66818979,62.8919578698457,9.675685826130108
1.6400000000000001,std,-2,2140761313656.335,0.002140761313656335,37,10,0.2702702702702703,1.0,100000000000000.0,145.1020652274235,0.12964758008801838,1138.6898424590222,21215535.568644308,62.64030401676022,16.929811896421683
1.6500000000000001,std,-2,2181289716582.5896,0.0021812897165825896,31,10,0.3225806451612903,1.0,100000000000000.0,147.85532540704858,0.12994497642672279,1141.3992699438475,21029304.58028762,62.380951095260876,20.122887450084153
1.6600000000000001,std,-2,2222347419143.8335,0.0022223474191438333,32,10,0.3125,1.0,100000000000000.0,147.8036469524684,0.13022830574001035,1144.05597104743,20845268.57286173,62.11409375390202,19.410654298094382
1.6700000000000002,std,-2,2263938235331.3228,0.0022639382353313226,29,10,0.3448275862068966,1.0,100000000000000.0,146.60303748448982,0.13049756574871402,1146.6605425905348,20663395.94724198,61.839927572347634,21.324112955981946
1.68,std,-2,2306065984032.789,0.0023060659840327892,29,10,0.3448275862068966,1.0,100000000000000.0,85.75114939037013,0.13075276135699798,1149.2135774931658,20483655.625891827,61.55864890067952,21.227120310579146
1.69,std,-2,2348734489006.708,0.002348734489006708,36,10,0.2777777777777778,1.0,100000000000000.0,72.19780579507301,0.13099390458281196,1151.7156646871483,20306017.043500546,61.27045470005441,17.019570750015113
1.7,std,-2,2391947578856.8867,0.0023919475788568866,39,10,0.2564102564102564,1.0,100000000000000.0,158.46605286504374,0.13122101448037002,1154.1673890350999,20130450.13778125,60.97554238496182,15.634754457682517
1.71,std,-2,2435709087007.2686,0.0024357090870072685,52,10,0.19230769230769232,1.0,100000000000000.0,105.277757256789,0.13143411705488842,1156.5693312578303,19956925.34045368,60.67410966749112,11.668098012979064
1.72,std,-2,2480022851677.0464,0.0024800228516770463,29,10,0.3448275862068966,1.0,100000000000000.0,65.14286493486534,0.13163324516982902,1158.9220678608772,19785413.568385925,60.36635440326145,20.815984276986708
1.73,std,-2,2524892715855.998,0.002524892715855998,30,10,0.3333333333333333,1.0,100000000000000.0,131.9507211162122,0.1318184384469108,1161.226171074909,19615886.214899182,60.05247444002109,20.01749148000703
1.74,std,-2,2570322527280.079,0.0025703225272800793,39,10,0.2564102564102564,1.0,100000000000000.0,155.52365516516954,0.13198974315916043,1163.4822087929447,19448315.141239457,59.7326674682391,15.316068581599767
1.75,std,-2,2616316138407.2715,0.0026163161384072714,41,10,0.24390243902439024,1.0,100000000000000.0,105.04869817878935,0.13214721211728916,1165.6907445176116,19282672.668198943,59.40713087453402,14.489544115740005
1.76,std,-2,2662877406393.664,0.002662877406393664,36,10,0.2777777777777778,1.0,100000000000000.0,160.40265301581113,0.13229090454968861,1167.8523373098692,19118931.567901675,59.076061597729854,16.410017110480517
1.77,std,-2,2710010193069.7803,0.0027100101930697803,46,10,0.21739130434782608,1.0,100000000000000.0,40.20124846466531,0.13242088597635046,1169.967541746815,18957065.055737577,58.7396559880672,12.76949043218852
1.78,std,-2,2757718364917.1035,0.0027577183649171036,41,10,0.24390243902439024,1.0,100000000000000.0,70.83948101916116,0.1325372280770222,1172.0369078761883,18797046.782446537,58.3981096691212,14.243441382712486
1.79,std,-2,2806005793044.871,0.002806005793044871,19,10,0.5263157894736842,1.0,100000000000000.0,102.83224922269365,0.13264000855391733,1174.060981183198,18638850.826349083,58.05161740337603,30.55348284388212
1.8,std,-2,2854876353167.064,0.002854876353167064,37,10,0.2702702702702703,1.0,100000000000000.0,46.9415199051197,0.1327293109893057,1176.0403025548035,18482451.68572671,57.70037296087186,15.594695394830234
1.81,std,-2,2904333925579.62,0.00290433392557962,24,10,0.4166666666666667,1.0,100000000000000.0,78.43595175859394,0.13280522469831382,1177.9754082507322,18327824.271332726,57.344568991482625,23.89357041311776
1.82,std,-2,2954382395137.8647,0.002954382395137865,48,10,0.20833333333333334,1.0,100000000000000.0,122.5487168767615,0.132867844577269,1179.866829878887,18174943.89906127,56.98439690092805,11.871749354360011
1.83,std,-2,3005025651234.144,0.003005025651234144,35,10,0.2857142857142857,1.0,100000000000000.0,94.36180415441095,0.13291727094792347,1181.715094371766,18023786.282729935,56.62004673034551,16.177156208670144
1.84,std,-2,3056267587775.653,0.003056267587775653,52,10,0.19230769230769232,1.0,100000000000000.0,97.5323727531466,0.13295360939789763,1183.520723965653,17874327.527015675,56.2517070397547,10.817635969183597
1.85,std,-2,3108112103162.5156,0.0031081121031625155,24,10,0.4166666666666667,1.0,100000000000000.0,110.44999287217668,0.13297697061768127,1185.2842361886749,17726544.12051855,55.879564795732975,23.283151998222074
1.86,std,-2,3160563100265.9873,0.0031605631002659873,35,10,0.2857142857142857,1.0,100000000000000.0,127.92911134741989,0.1329874702345315,1187.006143842613,17580412.92894541,55.50380526265246,15.85823007504356
1.87,std,-2,3213624486406.899,0.003213624486406899,25,10,0.4,1.0,100000000000000.0,52.32475488727461,0.13298522864360543,1188.6869549961355,17435911.18843124,55.12461189846699,22.049844759386797
1.8800000000000001,std,-2,3267300173334.3174,0.0032673001733343173,26,10,0.38461538461538464,1.0,100000000000000.0,83.77051125723742,0.13297037083666333,1190.3271729760802,17293016.49898085,54.74216625443473,21.054679328628744
1.8900000000000001,std,-2,3321594077204.316,0.003321594077204316,30,10,0.3333333333333333,1.0,100000000000000.0,71.03821795499321,0.13294302622867502,1191.9272963607511,17151706.818034906,54.35664787905004,18.11888262635001
1.9000000000000001,std,-2,3376510118558.9883,0.0033765101185589882,31,10,0.3225806451612903,1.0,100000000000000.0,89.56565321043385,0.13290332848265865,1193.4878189807048,17011960.454154097,53.96823422647211,17.409107814991003
1.9100000000000001,std,-2,3432052222305.6377,0.0034320522223056375,36,10,0.2777777777777778,1.0,100000000000000.0,67.85403557826972,0.13285141533307546,1195.009229915632,16873756.06082675,53.57710056899066,14.882527935830739
1.9200000000000002,std,-2,3488224317696.135,0.003488224317696135,45,10,0.2222222222222222,1.0,100000000000000.0,94.20485485370128,0.13278742840810062,1196.4920134968108,16737072.630372385,53.18341991391793,11.818537758648429
1.93,std,-2,3545030338306.4395,0.0035450303383064395,29,10,0.3448275862068966,1.0,100000000000000.0,85.41058078737584,0.13271151305108214,1197.9366493122516,16601889.488000676,52.78736292498836,18.20253893965116
1.94,std,-2,3602474222016.3315,0.0036024742220163316,36,10,0.2777777777777778,1.0,100000000000000.0,107.59447089858884,0.1326238181414942,1199.3436122117364,16468186.28592861,52.38909784785305,14.552527179959181
1.95,std,-2,3660559910989.259,0.0036605599109892587,45,10,0.2222222222222222,1.0,100000000000000.0,118.66249847109604,0.13252449591568408,1200.7133723155978,16335942.997650843,51.98879044015318,11.553064542256262
1.96,std,-2,3719291351652.3853,0.003719291351652385,35,10,0.2857142857142857,1.0,100000000000000.0,79.51603149283993,0.13241370178770218,1202.0463950247372,16205139.912292665,51.586603905836974,14.739029687381992
1.97,std,-2,3778672494676.833,0.003778672494676833,22,10,0.45454545454545453,1.0,100000000000000.0,57.40555790725385,0.13229159417049882,1203.3431410298122,16075757.62908553,51.18269883375404,23.264863106251834
1.98,std,-2,3838707294958.0117,0.003838707294958012,39,10,0.2564102564102564,1.0,100000000000000.0,99.23596148266974,0.13215833429775978,1204.604066329488,15947777.051919853,50.77723314079092,13.019803369433568
1.99,std,-2,3899399711596.161,0.0038993997115961613,45,10,0.2222222222222222,1.0,100000000000000.0,90.38353676322303,0.1320140860466449,1205.8296222391857,15821179.384035045,50.37036201892028,11.193413781982285
2.0,std,-2,3960753707877.041,0.003960753707877041,33,10,0.30303030303030304,1.0,100000000000000.0,81.0454019827577,0.13185901576168338,1207.0202554126945,15695946.122775251,49.96223788685977,15.140072086927203
2.01,std,-2,4022773251252.779,0.0040227732512527785,47,10,0.2127659574468085,1.0,100000000000000.0,40.34636696647016,0.13169329208006922,1208.176407855519,15572059.054465903,49.5530103455812,10.543193690549192
2.02,std,-2,4085462313322.8525,0.004085462313322853,34,10,0.29411764705882354,1.0,100000000000000.0,65.79123626657082,0.13151708575859106,1209.298516948854,15449500.249373306,49.14282613829756,14.45377239361693
2.03,std,-2,4148824869815.2314,0.004148824869815232,36,10,0.2777777777777778,1.0,100000000000000.0,111.68268958484146,0.13133056950241706,1210.3870154636586,15328252.056764135,48.73182911407853,13.536619198355147
2.04,std,-2,4212864900567.677,0.004212864900567677,51,10,0.19607843137254902,1.0,100000000000000.0,57.97591539656425,0.13113391779594796,1211.4423315875956,15208297.100052891,48.32016019593595,9.4745412148894
2.05,std,-2,4277586389509.17,0.00427758638950917,48,10,0.20833333333333334,1.0,100000000000000.0,88.68480009181296,0.13092730673593825,1212.4648889454024,15089618.27204791,47.90795735255044,9.98082444844801
2.0599999999999996,std,-2,4342993324641.503,0.004342993324641503,67,10,0.14925373134328357,1.0,100000000000000.0,47.87755858377967,0.1307109138670736,1213.4551066220174,14972198.730271557,47.495355573877085,7.0888590408771766
2.07,std,-2,4409089698020.998,0.004409089698020998,43,10,0.23255813953488372,1.0,100000000000000.0,90.33593434288721,0.1304849180201844,1214.4133991877927,14856021.89238433,47.082486850620356,10.949415546655896
2.0799999999999996,std,-2,4475879505740.361,0.004475879505740361,68,10,0.14705882352941177,1.0,100000000000000.0,58.54687155622728,0.1302494991532604,1215.3401767241933,14741071.431683572,46.66948015734129,6.863158846667837
2.09,std,-2,4543366747910.697,0.004543366747910697,40,10,0.25,1.0,100000000000000.0,56.49235551169947,0.13000483819542183,1216.2358448511904,14627331.272682121,46.256461439177734,11.564115359794434
2.0999999999999996,std,-2,4611555428643.629,0.004611555428643629,47,10,0.2127659574468085,1.0,100000000000000.0,46.36489398357712,0.12975111689399202,1217.1008047517491,14514785.586787315,45.84355360197985,9.75394757488933
2.11,std,-2,4680449556033.591,0.00468044955603359,29,10,0.3448275862068966,1.0,100000000000000.0,67.98351997608752,0.12948851766480282,1217.9354532032473,14403418.788036415,45.4308765060071,15.665819484830037
2.1199999999999997,std,-2,4750053142140.203,0.004750053142140203,33,10,0.30303030303030304,1.0,100000000000000.0,81.71027425373238,0.1292172234458553,1218.7401826035978,14293215.5289337,45.018546962768546,13.641983928111681
2.13,std,-2,4820370202970.837,0.004820370202970837,39,10,0.2564102564102564,1.0,100000000000000.0,64.9411582775189,0.12893741755444604,1219.5153810026673,14184160.69634576,44.60667873517512,11.437609932096185
2.1399999999999997,std,-2,4891404758463.254,0.004891404758463254,27,10,0.37037037037037035,1.0,100000000000000.0,47.06042859257047,0.12864928354785926,1220.261432130034,14076239.407488255,44.19538254067342,16.368660200249415
2.15,std,-2,4963160832468.393,0.004963160832468392,54,10,0.18518518518518517,1.0,100000000000000.0,52.9990154341103,0.12835300508771263,1220.9787154282221,13969437.005973084,43.784766057500164,8.108290010648178
2.1599999999999997,std,-2,5035642452733.328,0.005035642452733328,30,10,0.3333333333333333,1.0,100000000000000.0,76.88726796812125,0.12804876580803742,1221.667606082002,13863739.057946578,43.374933933704455,14.458311311234818
2.17,std,-2,5108853650884.236,0.005108853650884236,34,10,0.29411764705882354,1.0,100000000000000.0,74.14905535863767,0.12773674918715994,1222.3284750513842,13759131.34827611,42.96598779897833,12.637055234993628
2.1799999999999997,std,-2,5182798462409.641,0.005182798462409641,39,10,0.2564102564102564,1.0,100000000000000.0,95.04953041264616,0.1274171384234439,1222.9616891012822,13655599.876833957,42.55802627909129,10.912314430536226
2.19,std,-2,5257480926643.643,0.005257480926643642,61,10,0.16393442622950818,1.0,100000000000000.0,88.26013597522953,0.12709011631494216,1223.5676108385317,13553130.854817575,42.1511450130089,6.91002377262441
2.1999999999999997,std,-2,5332905086749.319,0.005332905086749319,46,10,0.21739130434782608,1.0,100000000000000.0,54.642223371976876,0.12675586514299808,1224.1465987398894,13451710.70117912,41.74543667224125,9.075094928748097
2.21,std,-2,5409074989702.305,0.005409074989702304,45,10,0.2222222222222222,1.0,100000000000000.0,73.74190922816358,0.12641456655982633,1224.6990071885075,13351326.039074074,41.34099098264587,9.186886885032415
2.2199999999999998,std,-2,5485994686274.352,0.005485994686274352,50,10,0.2,1.0,100000000000000.0,56.58646790843407,0.1260664014800965,1225.225186506593,13251963.692418212,40.9378947484264,8.18757894968528
2.23,std,-2,5563668231017.158,0.0055636682310171584,54,10,0.18518518518518517,1.0,100000000000000.0,54.83889780796799,0.1257115499765309,1225.7254829890983,13153610.682476113,40.53623187815076,7.506709607064955
2.2399999999999998,std,-2,5642099682246.18,0.00564209968224618,43,10,0.23255813953488372,1.0,100000000000000.0,62.78914940357104,0.12535019117952442,1226.2002389378022,13056254.22453316,40.13608341282206,9.333972886702805
2.25,std,-2,5721293102024.654,0.005721293102024654,54,10,0.18518518518518517,1.0,100000000000000.0,26.95456296502575,0.12498250318078254,1226.649792696939,12959881.724614153,39.73752755581922,7.358801399225781
2.26,std,-2,5801252556147.653,0.005801252556147653,48,10,0.20833333333333334,1.0,100000000000000.0,41.536395265227455,0.12460866294096873,1227.0744786849477,12864480.776277887,39.34063970451656,8.195966605107618
2.27,std,-2,5881982114126.335,0.005881982114126335,50,10,0.2,1.0,100000000000000.0,64.0577485421222,0.12422884620134438,1227.4746274333706,12770039.157449897,38.94549248372239,7.7890984967444785
2.28,std,-2,5963485849172.21,0.00596348584917221,47,10,0.2127659574468085,1.0,100000000000000.0,60.620236900089324,0.12384322739937846,1227.850565617574,12676544.827336488,38.55215578046977,8.202586336270164
2.29,std,-2,6045767838181.596,0.006045767838181596,63,10,0.15873015873015872,1.0,100000000000000.0,62.93678750405746,0.12345197958829715,1228.2026160944645,12583985.923375618,38.16069678041359,6.057253457208506
2.3,std,-2,6128832161720.121,0.0061288321617201215,60,10,0.16666666666666666,1.0,100000000000000.0,65.31120813648783,0.12305527436053831,1228.5310979353608,12492350.758259717,37.77118000546291,6.295196667577152
2.31,std,-2,6212682904007.371,0.006212682904007371,46,10,0.21739130434782608,1.0,100000000000000.0,35.86646179145994,0.12265328177506969,1228.8363264657366,12401627.816991834,37.383667352802384,8.126884207130953
2.32,std,-2,6297324152901.632,0.0062973241529016314,33,10,0.30303030303030304,1.0,100000000000000.0,58.22976006814734,0.12224617028852493,1229.1186132936741,12311805.754026573,36.99821813480188,11.211581252970268
2.3299999999999996,std,-2,6382759999884.724,0.006382759999884724,30,10,0.3333333333333333,1.0,100000000000000.0,41.651457999307304,0.12183410669010708,1229.3782663507864,12222873.3904306,36.614889120257814,12.204963040085937
2.34,std,-2,6468994540046.924,0.0064689945400469235,71,10,0.14084507042253522,1.0,100000000000000.0,36.5690204567785,0.12141725604020252,1229.6155899258179,12134819.711121293,36.2337345764415,5.103342898090352
2.3499999999999996,std,-2,6556031872072.047,0.006556031872072047,54,10,0.18518518518518517,1.0,100000000000000.0,28.524210272049288,0.12099578161264772,1229.830884697999,12047633.862132035,35.854806311934816,6.639778946654595
2.36,std,-2,6643876098222.568,0.006643876098222568,55,10,0.18181818181818182,1.0,100000000000000.0,75.18520395135512,0.12056984484058411,1230.0244477760632,11961305.147949908,35.47815372047543,6.450573403722806
2.3699999999999997,std,-2,6732531324324.868,0.006732531324324868,52,10,0.19230769230769232,1.0,100000000000000.0,37.419706704288565,0.12013960526583477,1230.1965727296065,11875823.028886234,35.10382382521792,6.750735351003447
2.38,std,-2,6822001659754.585,0.006822001659754585,25,10,0.4,1.0,100000000000000.0,48.95384374847472,0.11970522049173256,1230.3475496279223,11791177.118503083,34.731861323843006,13.892744529537204
2.3899999999999997,std,-2,6912291217422.027,0.0069122912174220275,47,10,0.2127659574468085,1.0,100000000000000.0,54.88198555213694,0.1192668461393275,1230.4776650724482,11707357.181081956,34.362308633993095,7.311129496594275
2.4,std,-2,7003404113757.743,0.007003404113757743,57,10,0.17543859649122806,1.0,100000000000000.0,54.32242098213061,0.11882463580689664,1230.5872022328185,11624353.129135568,33.99520593925104,5.964071217412464
2.4099999999999997,std,-2,7095344468698.116,0.007095344468698116,52,10,0.19230769230769232,1.0,100000000000000.0,54.82670610314993,0.11837874103268001,1230.6764408827014,11542155.020976886,33.630591235519354,6.46742139144603
2.42,std,-2,7188116405671.112,0.007188116405671113,38,10,0.2631578947368421,1.0,100000000000000.0,44.613607547810055,0.11792931126076286,1230.7456574325204,11460753.05831884,33.26850037757371,8.754868520414133
2.4299999999999997,std,-2,7281724051582.098,0.007281724051582098,44,10,0.22727272727272727,1.0,100000000000000.0,51.591562100195674,0.1174764938100209,1230.795124967259,11380137.583922423,32.90896712600122,7.479310710454823
2.44,std,-2,7376171536799.736,0.0073761715367997365,46,10,0.21739130434782608,1.0,100000000000000.0,48.39002757829677,0.11702043384604897,1230.8251132790317,11300299.079290532,32.55202319416826,7.076526781340926
2.4499999999999997,std,-2,7471462995141.974,0.007471462995141974,52,10,0.19230769230769232,1.0,100000000000000.0,33.957331898784915,0.11656127435598546,1230.8358889013475,11221228.162397789,32.19769829531869,6.1918650567920555
2.46,std,-2,7567602563862.179,0.007567602563862179,56,10,0.17857142857142858,1.0,100000000000000.0,45.77189293409928,0.11609915612615085,1230.8277151448578,11142915.58546343,31.84602018975644,5.686789319599365
2.4699999999999998,std,-2,7664594383635.265,0.0076645943836352644,35,10,0.2857142857142857,1.0,100000000000000.0,56.922899331021085,0.11563421772241134,1230.8008521305615,11065352.232765501,31.497014731943466,8.999147066269561
2.48,std,-2,7762442598544.0205,0.00776244259854402,72,10,0.1388888888888889,1.0,100000000000000.0,36.09395811079204,0.11516659547318477,1230.755556825613,10988529.118494129,31.150705917589654,4.326486932998563
2.4899999999999998,std,-2,7861151356065.394,0.007861151356065393,41,10,0.24390243902439024,1.0,100000000000000.0,24.400061963317373,0.11469642345499854,1230.6920830739246,10912437.38464076,30.80711593047295,7.5139307147495
2.5,std,-2,7960724807057.014,0.007960724807057014,32,10,0.3125,1.0,100000000000000.0,51.191375233041875,0.11422383348051643,1230.610681633154,10837068.298925612,30.466265189245895,9.520707871639342
2.51,std,-2,8061167105743.677,0.008061167105743677,83,10,0.12048192771084337,1.0,100000000000000.0,67.24521016360708,0.11374895508894493,1230.5116002067912,10762413.25276639,30.12817239390194,3.6299002884219207
2.52,std,-2,8162482409703.956,0.008162482409703955,60,10,0.16666666666666666,1.0,100000000000000.0,50.019999128632584,0.11327191553873434,1230.3950834775437,10688463.759278566,29.792854571990567,4.9654757619984276
2.53,std,-2,8264674879856.952,0.008264674879856953,34,10,0.29411764705882354,1.0,100000000000000.0,51.923818037318675,0.112792839802488,1230.2613731403906,10615211.451314276,29.460327124518844,8.664802095446719
2.54,std,-2,8367748680448.995,0.008367748680448995,41,10,0.24390243902439024,1.0,100000000000000.0,32.891136546531655,0.11231185056399447,1230.1107079359392,10542648.079530537,29.13060387149073,7.105025334509934
2.55,std,-2,8471707979040.609,0.00847170797904061,36,10,0.2777777777777778,1.0,100000000000000.0,53.2990763256379,0.11182906821729809,1229.943323683085,10470765.510502744,28.803697097068625,8.001026971407951
2.56,std,-2,8576556946493.395,0.008576556946493395,63,10,0.15873015873015872,1.0,100000000000000.0,41.761857318954824,0.1113446108677235,1229.7594533110976,10399555.724859066,28.479617594259825,4.520574221311083
2.57,std,-2,8682299756957.069,0.00868229975695707,53,10,0.18867924528301888,1.0,100000000000000.0,35.49545763740269,0.11085859433477233,1229.5593268915827,10329010.815461004,28.15837470917819,5.3129008885241875
2.5799999999999996,std,-2,8788940587856.622,0.008788940587856621,52,10,0.19230769230769232,1.0,100000000000000.0,39.79637977952269,0.11037113215680884,1229.3431716720834,10259122.985599501,27.839976384807382,5.353841612462959
2.59,std,-2,8896483619879.477,0.008896483619879476,48,10,0.20833333333333334,1.0,100000000000000.0,46.86832072904372,0.10988233559745512,1229.1112121071033,10189884.547240347,27.524429204234497,5.73425608421552
2.5999999999999996,std,-2,9004933036962.744,0.009004933036962743,45,10,0.2222222222222222,1.0,100000000000000.0,34.46116891376876,0.109392313653616,1228.8636698885591,10121287.9192909,27.211738433301253,6.047052985178056
2.61,std,-2,9114293026280.627,0.009114293026280628,36,10,0.2777777777777778,1.0,100000000000000.0,45.627013974195805,0.108901173065055,1228.600763977501,10053325.625898778,26.90190806272048,7.472752239644578
2.6199999999999997,std,-2,9224567778231.777,0.009224567778231777,54,10,0.18518518518518517,1.0,100000000000000.0,35.556098859999814,0.1084090183254463,1228.3227106384993,9985990.294780755,26.59494084966067,4.924989046233457
2.63,std,-2,9335761486426.9,0.0093357614864269,49,10,0.20408163265306123,1.0,100000000000000.0,45.77975727522568,0.10791595169482557,1228.0297234641919,9919274.6555814,26.290838358505688,5.365477216021569
2.6399999999999997,std,-2,9447878347676.242,0.009447878347676242,54,10,0.18518518518518517,1.0,100000000000000.0,36.95397080741372,0.10742207321336858,1227.7220134126062,9853171.53826193,25.989601001269886,4.812889074309238
2.65,std,-2,9560922561977.312,0.009560922561977313,34,10,0.29411764705882354,1.0,100000000000000.0,38.9217389500579,0.10692748071642302,1227.3997888328267,9787673.871516135,25.691228077111234,7.55624355209154
2.6599999999999997,std,-2,9674898332502.607,0.009674898332502608,51,10,0.19607843137254902,1.0,100000000000000.0,39.9407533519264,0.10643226985072582,1227.0632554959916,9722774.681209411,25.395717811290506,4.979552512017746
2.67,std,-2,9789809865587.4,0.0097898098655874,61,10,0.16393442622950818,1.0,100000000000000.0,47.66712150848822,0.10593653409173551,1226.7126166276792,9658467.088857314,25.10306739351749,4.115256949756966
2.6799999999999997,std,-2,9905661370717.623,0.009905661370717623,42,10,0.23809523809523808,1.0,100000000000000.0,43.84880698344102,0.10544036476201399,1226.3480729341215,9594744.310116976,24.813273015448985,5.907922146535472
2.69,std,-2,10022457060517.89,0.010022457060517891,37,10,0.2702702702702703,1.0,100000000000000.0,47.21080015345891,0.1049438510505919,1225.9698226334722,9531599.653310519,24.526329907614457,6.628737812868772
2.6999999999999997,std,-2,10140201150739.414,0.010140201150739414,107,10,0.09345794392523364,1.0,100000000000000.0,35.76899182585528,0.10444708003325524,1225.5780614851064,9469026.51798176,24.242232375618155,2.265629193983005
2.71,std,-2,10258897860248.256,0.010258897860248256,93,10,0.10752688172043011,1.0,100000000000000.0,45.0129415771636,0.10395013669369071,1225.172982816077,9407018.393461363,23.960973835533057,2.5764487995196834
2.7199999999999998,std,-2,10378551411013.34,0.01037855141101334,42,10,0.23809523809523808,1.0,100000000000000.0,42.161572373547905,0.10345310394543139,1224.7547775531978,9345568.857473286,23.6825468487356,5.638701630651333
2.73,std,-2,10499166028094.814,0.010499166028094814,61,10,0.16393442622950818,1.0,100000000000000.0,39.24854768093421,0.10295606265454338,1224.3236342477448,9284671.574754989,23.40694315584861,3.8372037960407552
2.7399999999999998,std,-2,10620745939632.346,0.010620745939632345,21,10,0.47619047619047616,1.0,100000000000000.0,36.751810950574466,0.10245909166299956,1223.879739106602,9224320.295706078,23.134153710101295,11.016263671476807
2.75,std,-2,10743295376833.475,0.010743295376833474,50,10,0.2,1.0,100000000000000.0,37.16738910893563,0.10196226781268383,1223.4232760176271,9164508.855059594,22.864168709851352,4.57283374197027
2.76,std,-2,10866818573962.074,0.010866818573962074,69,10,0.14492753623188406,1.0,100000000000000.0,43.28745769315995,0.10146566596997589,1222.9544265784373,9105231.170576822,22.596977630450425,3.2749242942681778
2.77,std,-2,10991319768326.928,0.010991319768326928,64,10,0.15625,1.0,100000000000000.0,53.966103698863364,0.10096935905086413,1222.4733701232271,9046481.241760328,22.332569255336914,3.489463946146393
2.78,std,-2,11116803200270.256,0.011116803200270255,65,10,0.15384615384615385,1.0,100000000000000.0,42.28622596171252,0.1004734180465394,1221.9802837490126,8988253.148596747,22.07093170641481,3.395527954833048
2.79,std,-2,11243273113156.41,0.01124327311315641,89,10,0.11235955056179775,1.0,100000000000000.0,43.82132703948981,0.09997791204942123,1221.4753423447187,8930541.050315544,21.812052473748672,2.4507924127807494
2.8,std,-2,11370733753360.582,0.011370733753360581,32,10,0.3125,1.0,100000000000000.0,46.90408531263293,0.09948290827957305,1220.95871861373,8873339.184167327,21.555918444418015,6.73622451388063
2.81,std,-2,11499189370257.646,0.011499189370257646,46,10,0.21739130434782608,1.0,100000000000000.0,26.722145135853886,0.09898847211146117,1220.43058310407,8816641.86423281,21.302515930818693,4.63098172409102
2.82,std,-2,11628644216210.932,0.011628644216210932,45,10,0.2222222222222222,1.0,100000000000000.0,37.35491830011247,0.09849466710101733,1219.8911042320992,8760443.480241075,21.05183069811019,4.678184599580042
2.8299999999999996,std,-2,11759102546561.252,0.011759102546561252,55,10,0.18181818181818182,1.0,100000000000000.0,49.634723910371356,0.09800155501296365,1219.3404483067634,8704738.496411402,20.80384799097841,3.7825178165415294
2.84,std,-2,11890568619615.805,0.011890568619615806,49,10,0.20408163265306123,1.0,100000000000000.0,30.671458862775058,0.09750919584836228,1218.7787795590434,8649521.450322606,20.558552559807346,4.1956229713892546
2.8499999999999996,std,-2,12023046696637.283,0.012023046696637283,68,10,0.14705882352941177,1.0,100000000000000.0,26.093941019710428,0.097017647872353,1218.2062601632044,8594786.951786837,20.315928685980683,2.9876365714677475
2.86,std,-2,12156541041832.979,0.012156541041832978,60,10,0.16666666666666666,1.0,100000000000000.0,46.207897066114995,0.09652696764204288,1217.623050263403,8540529.681758447,20.075960206628736,3.345993367771456
2.8699999999999997,std,-2,12291055922343.93,0.012291055922343929,109,10,0.09174311926605505,1.0,100000000000000.0,43.786045875476084,0.09603721003451575,1217.029307997962,8486744.391249523,19.83863053862858,1.8200578475806035
2.88,std,-2,12426595608234.262,0.012426595608234262,66,10,0.15151515151515152,1.0,100000000000000.0,43.00558816136989,0.0955484282749277,1216.4251895236462,8433425.9002663,19.603922701940352,2.970291318475811
2.8899999999999997,std,-2,12563164372480.334,0.012563164372480335,90,10,0.1111111111111111,1.0,100000000000000.0,32.8377419659664,0.09506067396466021,1215.8108490399393,8380569.09677265,19.371819342303127,2.152424371367014
2.9,std,-2,12700766490960.318,0.012700766490960318,71,10,0.14084507042253522,1.0,100000000000000.0,39.75774373460918,0.09457399710949974,1215.186438812077,8328168.935656688,19.142302753223756,2.6960989793272896
2.9099999999999997,std,-2,12839406242443.418,0.012839406242443417,83,10,0.12048192771084337,1.0,100000000000000.0,24.521559827125476,0.0940884461478178,1214.552109195142,8276220.437724468,18.91535489736224,2.2789584213689444
2.92,std,-2,12979087908579.545,0.012979087908579545,71,10,0.14084507042253522,1.0,100000000000000.0,23.7131089681125,0.09360406797872392,1213.9080086581885,8224718.688710108,18.690957427280907,2.632529215109987
2.9299999999999997,std,-2,13119815773888.71,0.013119815773888712,58,10,0.1724137931034483,1.0,100000000000000.0,42.4144072144724,0.09312090799016796,1213.2542838051568,8173658.8382961275,18.469091705504706,3.184326156121501
2.94,std,-2,13261594125750.754,0.013261594125750753,71,10,0.14084507042253522,1.0,100000000000000.0,30.00987832774198,0.09263901008696694,1212.5910793991204,8123036.099160874,18.24973882404357,2.5703857498652916
2.9499999999999997,std,-2,13404427254394.97,0.01340442725439497,57,10,0.17543859649122806,1.0,100000000000000.0,34.53639312147879,0.09215841671873516,1211.9185383856527,8072845.746031287,18.03287962327161,3.1636630918020368
2.96,std,-2,13548319452889.854,0.013548319452889854,85,10,0.11764705882352941,1.0,100000000000000.0,33.85208560578675,0.09167916890769558,1211.2368019123508,8023083.114753859,17.818494710160813,2.096293495313037
2.9699999999999998,std,-2,13693275017132.824,0.013693275017132824,104,10,0.09615384615384616,1.0,100000000000000.0,45.415880248386685,0.0912013062763538,1210.5460093541703,7973743.601392691,17.606564476044877,1.6929388919273922
2.98,std,-2,13839298245840.223,0.013839298245840223,105,10,0.09523809523809523,1.0,100000000000000.0,26.804475670148243,0.09072486707501438,1209.8462983311936,7924822.661321773,17.397069113651757,1.656863725109691
2.9899999999999998,std,-2,13986393440537.014,0.013986393440537013,71,10,0.14084507042253522,1.0,100000000000000.0,25.397357520533568,0.09024988820912404,1209.1378047352355,7876315.808353685,17.18998863375251,2.421125159683452
3.0,std,-2,14134564905546.96,0.01413456490554696,75,10,0.13333333333333333,1.0,100000000000000.0,24.591768512471802,0.0897764052664229,1208.4206627454635,7828218.613865179,16.985302881061,2.2647070508081333
3.01,std,-2,14283816947982.473,0.014283816947982473,80,10,0.125,1.0,100000000000000.0,36.233086248335226,0.08930445254389056,1207.6950048553958,7780526.705950752,16.782991549788118,2.0978739437235148
3.02,std,-2,14434153877734.76,0.01443415387773476,52,10,0.19230769230769232,1.0,100000000000000.0,19.693335932087397,0.08883406307447111,1206.9609618877957,7733235.768582869,16.583034198479577,3.1890450381691497
3.03,std,-2,14585580007463.988,0.014585580007463989,89,10,0.11235955056179775,1.0,100000000000000.0,36.57670085010921,0.08836526865356453,1206.2186630199442,7686341.540784624,16.385410264480598,1.8410573330877076
3.04,std,-2,14738099652589.416,0.014738099652589416,77,10,0.12987012987012986,1.0,100000000000000.0,34.110804529278546,0.08789809986527143,1205.4682358006523,7639839.815826388,16.190099077801932,2.1026102698444067
3.05,std,-2,14891717131279.63,0.01489171713127963,59,10,0.1694915254237288,1.0,100000000000000.0,30.03201655860625,0.08743258610838046,1204.7098061735683,7593726.440420668,15.997079874545902,2.7113694702620172
3.06,std,-2,15046436764442.912,0.015046436764442912,31,10,0.3225806451612903,1.0,100000000000000.0,33.682020944267286,0.08696875562208634,1203.943498493068,7547997.313944066,15.80633180977874,5.098816712831852
3.07,std,-2,15202262875717.504,0.015202262875717503,62,10,0.16129032258064516,1.0,100000000000000.0,21.585653276096927,0.08650663551143015,1203.1694355484105,7502648.387664568,15.617833970025918,2.5190054790364385
3.08,std,-2,15359199791462.078,0.015359199791462079,96,10,0.10416666666666667,1.0,100000000000000.0,40.21071408899998,0.08604625177245216,1202.3877385783567,7457675.663981256,15.431565385179875,1.6074547276229036
3.09,std,-2,15517251840746.178,0.015517251840746179,57,10,0.17543859649122806,1.0,100000000000000.0,28.665780250847376,0.08558762931704852,1201.5985272944781,7413075.195680463,15.247505040080913,2.6750008842247213
3.0999999999999996,std,-2,15676423355340.723,0.015676423355340724,75,10,0.13333333333333333,1.0,100000000000000.0,32.58465039565062,0.08513079199752545,1200.8019198971372,7368843.085202581,15.065631885560663,2.008750918074755
3.11,std,-2,15836718669708.584,0.015836718669708583,78,10,0.1282051282051282,1.0,100000000000000.0,19.049866232290537,0.08467576263084305,1199.9980330977667,7324975.48391775,14.88592484913212,1.908451903734887
3.1199999999999997,std,-2,15998142120995.168,0.01599814212099517,76,10,0.13157894736842105,1.0,100000000000000.0,34.45200388805582,0.08422256302254322,1199.1869821310368,7281468.591418872,14.708362845147155,1.935310900677257
3.13,std,-2,16160698049019.15,0.01616069804901915,71,10,0.14084507042253522,1.0,100000000000000.0,25.744467313191347,0.08377121399035611,1198.3688807810686,7238318.654820386,14.5329247847117,2.0468908147481266
3.1399999999999997,std,-2,16324390796263.115,0.016324390796263116,67,10,0.14925373134328357,1.0,100000000000000.0,26.90266229310249,0.08332173538748046,1197.5438413942074,7195521.968076602,14.359589585054264,2.143222326127502
3.15,std,-2,16489224707864.426,0.016489224707864427,48,10,0.20833333333333334,1.0,100000000000000.0,24.00938801304274,0.08287414612553251,1196.711974896155,7153074.871296239,14.188336178535303,2.9559033705281883
3.1599999999999997,std,-2,16655204131605.947,0.016655204131605948,82,10,0.12195121951219512,1.0,100000000000000.0,29.36999154313157,0.08242846419716175,1195.8733908149134,7110973.750088734,14.019143521392502,1.709651648950305
3.17,std,-2,16822333417906.986,0.016822333417906985,73,10,0.136986301369863,1.0,100000000000000.0,28.316248872027977,0.0819847066983287,1195.0281972936193,7069215.034901877,13.851990601961282,1.897532959172778
3.1799999999999997,std,-2,16990616919814.182,0.016990616919814183,58,10,0.1724137931034483,1.0,100000000000000.0,27.82584577908297,0.0815428898502426,1194.1765011080388,7027795.200383879,13.686856448625598,2.359802835969931
3.19,std,-2,17160058992992.486,0.017160058992992486,83,10,0.12048192771084337,1.0,100000000000000.0,21.055278772039635,0.08110302902095701,1193.3184076865457,6986710.76474544,13.523720137431855,1.6293638719797416
3.1999999999999997,std,-2,17330663995716.24,0.01733066399571624,123,10,0.08130081300813008,1.0,100000000000000.0,32.850937285445475,0.08066513874662186,1192.4540211231367,6945958.289138465,13.362560799300699,1.0863870568537153
3.21,std,-2,17502436288860.133,0.017502436288860133,67,10,0.14925373134328357,1.0,100000000000000.0,28.051060538418263,0.08022923275238983,1191.583444197288,6905534.377048772,13.203357626999988,1.9706503920895504
3.2199999999999998,std,-2,17675380235890.41,0.01767538023589041,50,10,0.2,1.0,100000000000000.0,34.68110977042238,0.07979532397297763,1190.7067783889684,6865435.673682141,13.046089881715236,2.6092179763430474
3.23,std,-2,17849500202856.035,0.017849500202856035,66,10,0.15151515151515152,1.0,100000000000000.0,24.524404871574347,0.07936342457287976,1189.8241238931087,6825658.865381889,12.890736899350903,1.9531419544471067
3.2399999999999998,std,-2,18024800558379.832,0.018024800558379832,75,10,0.13333333333333333,1.0,100000000000000.0,24.986980152618305,0.07893354596623703,1188.9355796399411,6786200.679036681,12.737278096562216,1.6983037462082955
3.25,std,-2,18201285673649.863,0.018201285673649863,71,10,0.14084507042253522,1.0,100000000000000.0,31.674825867708922,0.07850569883635809,1188.0412433054132,6747057.881511198,12.585692976416397,1.7726328135797742
3.26,std,-2,18378959922410.652,0.01837895992241065,51,10,0.19607843137254902,1.0,100000000000000.0,20.496873108825877,0.07807989315489611,1187.1412113320728,6708227.279078383,12.435961133873978,2.4384237517399954
3.27,std,-2,18557827680954.566,0.018557827680954566,57,10,0.17543859649122806,1.0,100000000000000.0,27.102928082670786,0.0776561382006801,1186.2355789397218,6669705.71686476,12.288062260897508,2.1558003966486856
3.28,std,-2,18737893328113.246,0.018737893328113247,75,10,0.13333333333333333,1.0,100000000000000.0,35.56498603011888,0.07723444257820353,1185.3244401451536,6631490.078299773,12.141976151385737,1.6189301535180982
3.29,std,-2,18919161245249.047,0.018919161245249047,84,10,0.11904761904761904,1.0,100000000000000.0,27.45831349722793,0.07681481423577075,1184.4078877729876,6593577.284582875,11.997682705777477,1.4282955602116043
3.3,std,-2,19101635816246.41,0.01910163581624641,121,10,0.08264462809917356,1.0,100000000000000.0,23.473381996669527,0.07639726048330328,1183.4860134737705,6555964.294144623,11.85516193545889,0.9797654492114786
3.31,std,-2,19285321427503.73,0.01928532142750373,65,10,0.15384615384615385,1.0,100000000000000.0,27.330526866711544,0.0759817880098082,1182.5589077359632,6518648.1021335395,11.714393966902216,1.802214456446495
3.32,std,-2,19470222467924.5,0.0194702224679245,60,10,0.16666666666666666,1.0,100000000000000.0,29.037775272135747,0.07556840290051019,1181.6266599047076,6481625.739898744,11.575359045619962,1.9292265076033268
3.33,std,-2,19656343328909.336,0.019656343328909337,150,10,0.06666666666666667,1.0,100000000000000.0,24.47611537037416,0.07515711065365033,1180.689358189332,6444894.2744803615,11.438037539784675,0.762535835985645
3.34,std,-2,19843688404347.42,0.019843688404347422,104,10,0.09615384615384616,1.0,100000000000000.0,31.924259071786906,0.07474791619695409,1179.7470896844814,6408450.8081216905,11.302409943793483,1.0867701869032196
3.3499999999999996,std,-2,20032262090608.305,0.020032262090608304,109,10,0.09174311926605505,1.0,100000000000000.0,22.399708961139744,0.0743408239037712,1178.7999403798005,6372292.477769603,11.168456881477173,1.0246290716951536
3.36,std,-2,20222068786533.676,0.020222068786533674,117,10,0.08547008547008547,1.0,100000000000000.0,25.573487940977834,0.07393583760889016,1177.847995174889,6336416.454597149,11.036159109186826,0.9432614623236604
3.3699999999999997,std,-2,20413112893429.12,0.02041311289342912,98,10,0.10204081632653061,1.0,100000000000000.0,26.619403447629917,0.07353296062403111,1176.8913378940717,6300819.9435306,10.90549751867885,1.112805869252944
3.38,std,-2,20605398815056.094,0.020605398815056093,89,10,0.11235955056179775,1.0,100000000000000.0,20.094097852640875,0.07313219575301971,1175.9300512969323,6265500.18277916,10.776453139765358,1.21083743143431
3.3899999999999997,std,-2,20798930957623.6,0.020798930957623602,129,10,0.07751937984496124,1.0,100000000000000.0,25.467391594660285,0.07273354530664589,1174.9642170947798,6230454.443376221,10.649007142847415,0.8255044296780941
3.4,std,-2,20993713729780.375,0.020993713729780376,79,10,0.12658227848101267,1.0,100000000000000.0,21.05600802040461,0.07233701111721073,1173.9939159626956,6195680.028727723,10.523140841232763,1.3320431444598435
3.4099999999999997,std,-2,21189751542606.664,0.021189751542606664,51,10,0.19607843137254902,1.0,100000000000000.0,19.39793815288362,0.07194259455276497,1173.0192275504298,6161174.274165404,10.398835693272714,2.038987390837787
3.42,std,-2,21387048809606.406,0.021387048809606405,100,10,0.1,1.0,100000000000000.0,18.44962756557878,0.07155029653104333,1172.0402304992924,6126934.5465087,10.276073304394412,1.0276073304394413
3.4299999999999997,std,-2,21585609946699.16,0.02158560994669916,102,10,0.09803921568627451,1.0,100000000000000.0,24.97399068188463,0.07116011753309788,1171.0570024511119,6092958.2436328735,10.154835428905322,0.9955721008730708
3.44,std,-2,21785439372212.34,0.02178543937221234,101,10,0.09900990099009901,1.0,100000000000000.0,26.16352125149041,0.07077205761663512,1170.0696200615537,6059242.794044905,10.035103971689349,0.9935746506623118
3.4499999999999997,std,-2,21986541506873.21,0.021986541506873212,128,10,0.078125,1.0,100000000000000.0,23.891444259499576,0.07038611642905952,1169.0781590141653,6025785.656462501,9.916860989758638,0.7747547648248936
3.46,std,-2,22188920773801.297,0.022188920773801298,41,10,0.24390243902439024,1.0,100000000000000.0,25.369087535438336,0.07000229322022894,1168.0826940298812,5992584.319403749,9.800088693634708,2.3902655350328557
3.4699999999999998,std,-2,22392581598500.277,0.02239258159850028,85,10,0.11764705882352941,1.0,100000000000000.0,16.676951762127068,0.06962058685492503,1167.0832988836087,5959636.300782556,9.684769448655397,1.139384641018282
3.48,std,-2,22597528408850.637,0.022597528408850636,103,10,0.0970873786407767,1.0,100000000000000.0,27.91832633757768,0.06924099582504298,1166.0800464085282,5926939.147505195,9.570885776041873,0.9292122112662012
3.4899999999999998,std,-2,22803765635101.7,0.0228037656351017,65,10,0.15384615384615385,1.0,100000000000000.0,20.63012143636945,0.06886351826150523,1165.073008515221,5894490.435082389,9.45842035398231,1.4551415929203555
3.5,std,-2,23011297709864.074,0.023011297709864074,94,10,0.10638297872340426,1.0,100000000000000.0,21.868109588396457,0.06848815194590231,1164.0622561992993,5862287.767236518,9.347356018483094,0.9943995764343717
3.51,std,-2,23220129068102.035,0.023220129068102034,76,10,0.13157894736842105,1.0,100000000000000.0,20.979947733937507,0.06811489432186627,1163.0478595540565,5830328.775524363,9.237675764164061,1.2154836531794817
3.52,std,-2,23430264147126.008,0.02343026414712601,97,10,0.10309278350515463,1.0,100000000000000.0,23.362214070841762,0.06774374250617998,1162.029887781063,5798611.1189587405,9.129362744916715,0.9411714170017232
3.53,std,-2,23641707386584.895,0.023641707386584894,85,10,0.11764705882352941,1.0,100000000000000.0,22.00492662870632,0.0673746932996273,1161.0084092019702,5767132.483642135,9.022400274477622,1.0614588558208966
3.54,std,-2,23854463228458.766,0.023854463228458765,93,10,0.10752688172043011,1.0,100000000000000.0,21.28407952935412,0.06700774319758737,1159.9834912701338,5735890.582397208,8.916771826886018,0.9587926695576364
3.55,std,-2,24068536117051.227,0.024068536117051228,82,10,0.12195121951219512,1.0,100000000000000.0,22.507318749161268,0.06664288840037871,1158.9552005775156,5704883.154414197,8.812461036827044,1.0746903703447614
3.56,std,-2,24283930498982.074,0.024283930498982073,101,10,0.09900990099009901,1.0,100000000000000.0,19.743376509605387,0.06628012482335588,1157.9236028722391,5674107.964892094,8.709451699946781,0.8623219504897803
3.57,std,-2,24500650823179.984,0.024500650823179985,76,10,0.13157894736842105,1.0,100000000000000.0,20.882981772840687,0.06591944810676449,1156.8887630626461,5643562.804696245,8.607727772992778,1.1325957596043128
3.58,std,-2,24718701540875.027,0.024718701540875028,74,10,0.13513513513513514,1.0,100000000000000.0,20.855625641114578,0.06556085362535716,1155.8507452315828,5613245.49001041,8.507273373931996,1.1496315370178374
3.59,std,-2,24938087105591.527,0.024938087105591526,84,10,0.11904761904761904,1.0,100000000000000.0,25.12528663973395,0.0652043364977763,1154.8096126457835,5583153.862002588,8.40807278196407,1.000961045471913
3.5999999999999996,std,-2,25158811973140.66,0.02515881197314066,95,10,0.10526315789473684,1.0,100000000000000.0,20.075956626414808,0.06484989159570673,1153.765427765436,5553285.786493722,8.310110437455831,0.8747484671006138
3.61,std,-2,25380880601613.273,0.025380880601613275,76,10,0.13157894736842105,1.0,100000000000000.0,20.520885723615706,0.06449751355280299,1152.7182522540488,5523639.15362708,8.213370941798335,1.0807067028682018
3.6199999999999997,std,-2,25604297451372.703,0.025604297451372705,64,10,0.15625,1.0,100000000000000.0,19.82226142813136,0.06414719677339552,1151.6681469908012,5494211.877547617,8.117839057219069,1.2684123526904796
3.63,std,-2,25829066985047.613,0.025829066985047614,122,10,0.08196721311475409,1.0,100000000000000.0,23.660420367556835,0.06379893544097907,1150.6151720764153,5465001.896084231,8.023499706477967,0.6576639103670464
3.6399999999999997,std,-2,26055193667524.84,0.02605519366752484,82,10,0.12195121951219512,1.0,100000000000000.0,20.434374772218597,0.06345272352648877,1149.559386846474,5436007.170438018,7.93033797255478,0.9671143868969243
3.65,std,-2,26282681965942.4,0.026282681965942398,150,10,0.06666666666666667,1.0,100000000000000.0,23.546763747753293,0.0631085547963669,1148.5008498785046,5407225.684871397,7.838339098225955,0.5225559398817303
3.6599999999999997,std,-2,26511536349682.242,0.026511536349682244,95,10,0.10526315789473684,1.0,100000000000000.0,23.718918780869032,0.06276642282042497,1147.4396190034201,5378655.446409031,7.74748848562481,0.81552510374998
3.67,std,-2,26741761290363.51,0.02674176129036351,147,10,0.06802721088435375,1.0,100000000000000.0,18.442662563962752,0.062426320979504686,1146.3757513135708,5350294.484533614,7.657771695709218,0.5209368500482462
3.6799999999999997,std,-2,26973361261835.395,0.026973361261835395,112,10,0.08928571428571429,1.0,100000000000000.0,15.29640947936004,0.06208824247294238,1145.3093031698272,5322140.850894996,7.569174447684197,0.6758191471146604
3.69,std,-2,27206340740170.11,0.027206340740170108,141,10,0.07092198581560284,1.0,100000000000000.0,19.800436822759757,0.06175218032584041,1144.240330217441,5294192.619019311,7.481682618426913,0.5306157885409158
3.6999999999999997,std,-2,27440704203656.23,0.02744070420365623,130,10,0.07692307692307693,1.0,100000000000000.0,17.652985617702956,0.061418127396149415,1143.1688873863475,5266447.884021641,7.395282241760154,0.5688678647507811
3.71,std,-2,27676456132791.586,0.027676456132791585,52,10,0.19230769230769232,1.0,100000000000000.0,21.980286857347956,0.06108607638156587,1142.0950289068453,5238904.762326913,7.309959507789065,1.4057614438055894
3.7199999999999998,std,-2,27913601010276.57,0.02791360101027657,73,10,0.136986301369863,1.0,100000000000000.0,19.948864178026277,0.06075601982624775,1141.0188083146213,5211561.39139034,7.225700762118876,0.9898220222080651
3.73,std,-2,28152143321007.21,0.02815214332100721,60,10,0.16666666666666666,1.0,100000000000000.0,24.849372969647032,0.06042795012735299,1139.940278460133,5184415.929424091,7.1424925050647525,1.190415417510792
3.7399999999999998,std,-2,28392087552068.53,0.02839208755206853,146,10,0.0684931506849315,1.0,100000000000000.0,15.449549006541679,0.060101859541404255,1138.8594915190824,5157466.555130386,7.060321390833804,0.48358365690642485
3.75,std,-2,28633438192727.695,0.028633438192727696,118,10,0.0847457627118644,1.0,100000000000000.0,18.452044710086252,0.05977774019048319,1137.776498997501,5130711.467432381,6.979174226629248,0.591455442934682
3.76,std,-2,28876199734427.402,0.028876199734427403,76,10,0.13157894736842105,1.0,100000000000000.0,17.156115182494354,0.059455584068258405,1136.6913517423436,5104148.885215932,6.89903797176561,0.9077681541796855
3.77,std,-2,29120376670779.113,0.029120376670779113,108,10,0.09259259259259259,1.0,100000000000000.0,17.4497182917466,0.05913538304585055,1135.6040999493591,5077777.047071797,6.819899736730535,0.6314721978454199
3.78,std,-2,29365973497556.5,0.0293659734975565,91,10,0.10989010989010989,1.0,100000000000000.0,17.25411140318755,0.05881712887753789,1134.514793171262,5051594.211037625,6.741746782213719,0.7408512947487603
3.79,std,-2,29612994712688.85,0.029612994712688852,88,10,0.11363636363636363,1.0,100000000000000.0,21.492410935314716,0.05850081320630583,1133.4234803248767,5025598.654353037,6.664566518114796,0.7573371043312268
3.8,std,-2,29861444816254.266,0.029861444816254266,78,10,0.1282051282051282,1.0,100000000000000.0,16.976855293863924,0.058186427569244414,1132.3302096994305,4999788.673212268,6.588346502524098,0.84465980801591
3.81,std,-2,30111328310473.535,0.030111328310473535,133,10,0.07518796992481203,1.0,100000000000000.0,19.410679753116018,0.05787396340279591,1131.2350289635772,4974162.582516595,6.513074440666793,0.48970484516291674
3.82,std,-2,30362649699703.23,0.03036264969970323,108,10,0.09259259259259259,1.0,100000000000000.0,16.476559281600466,0.0575634120478575,1130.1379851778056,4948718.7156405095,6.438738183869103,0.5961794614693613
3.83,std,-2,30615413490429.457,0.03061541349042946,116,10,0.08620689655172414,1.0,100000000000000.0,17.761351332393918,0.057254764754740534,1129.0391247924438,4923455.424194368,6.365325728411232,0.5487349765871752
3.84,std,-2,30869624191261.34,0.03086962419126134,108,10,0.09259259259259259,1.0,100000000000000.0,20.58243939873797,0.056948012687991136,1127.938493666666,4898371.077789676,6.292825214480671,0.5826690013408028
3.8499999999999996,std,-2,31125286312924.582,0.03112528631292458,174,10,0.05747126436781609,1.0,100000000000000.0,20.787750652567574,0.056643146931074334,1126.8361370651648,4873464.063811505,6.221224924985019,0.35754166235546087
3.86,std,-2,31382404368255.145,0.031382404368255144,108,10,0.09259259259259259,1.0,100000000000000.0,19.407170103611833,0.056340158490925135,1125.7320996740716,4848732.787193777,6.150513284456598,0.5694919707830183
3.8699999999999997,std,-2,31640982872192.863,0.031640982872192865,159,10,0.06289308176100629,1.0,100000000000000.0,18.996504012374988,0.05603903830236975,1124.626425602409,4824175.670194775,6.0806788578567605,0.3824326325696076
3.88,std,-2,31901026341775.113,0.031901026341775114,91,10,0.10989010989010989,1.0,100000000000000.0,20.77279754939902,0.05573977723241955,1123.5191583936555,4799791.152178878,6.011710349426279,0.6606275109259647
3.8899999999999997,std,-2,32162539296130.516,0.03216253929613051,160,10,0.0625,1.0,100000000000000.0,18.68763469989087,0.05544236608444147,1122.4103410275595,4775577.689400512,5.943596601468759,0.3714747875917974
3.9,std,-2,32425526256472.742,0.03242552625647274,157,10,0.06369426751592357,1.0,100000000000000.0,19.974351015343483,0.0551467956022065,1121.3000159309165,4751533.754790982,5.876326593170963,0.37428831803636703
3.9099999999999997,std,-2,32689991746094.152,0.03268999174609415,103,10,0.0970873786407767,1.0,100000000000000.0,22.347833822913874,0.0548530564738208,1120.1882249861649,4727657.837746424,5.809889439397955,0.5640669358638791
3.92,std,-2,32955940290359.76,0.03295594029035976,125,10,0.08,1.0,100000000000000.0,16.476530581326276,0.054561139335540465,1119.0750095306591,4703948.4439248545,5.74427438943809,0.4595419511550472
3.9299999999999997,std,-2,33223376416700.926,0.03322337641670092,125,10,0.08,1.0,100000000000000.0,19.35908541019699,0.054271034775474035,1117.9604103725314,4680404.095037893,5.679470825816299,0.4543576660653039
3.94,std,-2,33492304654609.36,0.03349230465460936,133,10,0.07518796992481203,1.0,100000000000000.0,16.154774853773656,0.05398273333717482,1116.8444677909945,4657023.328652699,5.615468263028104,0.4222156588742935
3.9499999999999997,std,-2,33762729535630.86,0.03376272953563086,144,10,0.06944444444444445,1.0,100000000000000.0,16.961013475803664,0.053696225523125696,1115.7272215452397,4633804.697992794,5.552256346307273,0.3855733573824496
3.96,std,-2,34034655593359.305,0.0340346555933593,83,10,0.12048192771084337,1.0,100000000000000.0,17.642345457692425,0.05341150179811911,1114.6087108791598,4610746.771740449,5.489824850365434,0.6614246807669197
3.9699999999999998,std,-2,34308087363430.574,0.03430808736343057,113,10,0.08849557522123894,1.0,100000000000000.0,17.041597525478146,0.05312855259253501,1113.4889745309742,4587848.13384705,5.4281636781580564,0.4803684670936333
3.98,std,-2,34583029383516.625,0.03458302938351662,222,10,0.04504504504504504,1.0,100000000000000.0,19.610978616386483,0.05284736830551836,1112.3680507372244,4565107.3833417045,5.367262859613229,0.24176859727987515
3.9899999999999998,std,-2,34859486193319.27,0.03485948619331927,138,10,0.07246376811594203,1.0,100000000000000.0,14.577891567342258,0.05256793930805998,1111.2459772369516,4542523.13414405,5.307112550361207,0.38457337321458024
4.0,std,-2,35137462334564.527,0.03513746233456453,70,10,0.14285714285714285,1.0,100000000000000.0,19.04753961508139,0.05229025594598198,1110.1227912827744,4520094.014880405,5.24770303049596,0.7496718614994228
4.01,std,-2,35416962350996.39,0.03541696235099639,156,10,0.0641025641025641,1.0,100000000000000.0,18.009128974203005,0.052014308542830644,1108.9985296440975,4497818.66870036,5.189024703294724,0.3326297886727387
4.02,std,-2,35697990788371.125,0.035697990788371124,84,10,0.11904761904761904,1.0,100000000000000.0,16.274805802637662,0.051740087402679,1107.8732286097159,4475695.7530969195,5.1310680939362685,0.6108414397543176
4.03,std,-2,35980552194451.27,0.035980552194451274,67,10,0.14925373134328357,1.0,100000000000000.0,20.10904891936405,0.05146758281284127,1106.746924002463,4453723.939732424,5.073823848279213,0.7572871415342108
4.04,std,-2,36264651118999.76,0.036264651118999756,129,10,0.07751937984496124,1.0,100000000000000.0,19.387163721703157,0.05119678504650158,1105.6196511756405,4431901.9142613495,5.017282731549549,0.3889366458565542
4.05,std,-2,36550292113774.33,0.03655029211377433,179,10,0.055865921787709494,1.0,100000000000000.0,17.502749299387958,0.05092768436525858,1104.491445024884,4410228.376158676,4.961435627105132,0.2771751746986107
4.06,std,-2,36837479732521.35,0.03683747973252135,148,10,0.06756756756756757,1.0,100000000000000.0,15.064758454904302,0.05066027102158882,1103.3623399905223,4388702.038552683,4.906273535160491,0.3315049685919251
4.07,std,-2,37126218530970.414,0.037126218530970416,72,10,0.1388888888888889,1.0,100000000000000.0,19.5971497119062,0.05039453526123035,1102.232370066478,4367321.6280537555,4.851787571536675,0.6738593849356493
4.08,std,-2,37416513066828.25,0.03741651306682825,125,10,0.08,1.0,100000000000000.0,16.70375207669529,0.05013046732548883,1101.1015688017205,4346085.884590511,4.797968966386531,0.38383751731092247
4.09,std,-2,37708367899773.42,0.03770836789977342,128,10,0.078125,1.0,100000000000000.0,20.230930189564017,0.049868057453468215,1099.9699693081952,4324993.5612532655,4.744809062958064,0.3706882080435987
4.1,std,-2,38001787591450.164,0.03800178759145016,146,10,0.0684931506849315,1.0,100000000000000.0,17.49054678417866,0.04960729588422757,1098.8376042656066,4304043.424121051,4.692299316327079,0.32139036413199173
4.109999999999999,std,-2,38296776705463.195,0.03829677670546319,104,10,0.09615384615384616,1.0,100000000000000.0,17.898776908927854,0.04934817285886632,1097.704505928986,4283234.252119073,4.640431292177357,0.44619531655551514
4.12,std,-2,38593339807371.664,0.03859333980737167,118,10,0.0847457627118644,1.0,100000000000000.0,15.089817498858139,0.04909067862253967,1096.5707061292965,4262564.836847282,4.589196665521943,0.3889149716544019
4.13,std,-2,38891481464683.72,0.03889148146468372,113,10,0.08849557522123894,1.0,100000000000000.0,18.26940732480597,0.04883480342640599,1095.4362362810002,4242033.982438276,4.538587219489492,0.40164488668048604
4.14,std,-2,39191206246851.06,0.03919120624685106,76,10,0.13157894736842105,1.0,100000000000000.0,15.817476826613563,0.04858053752950762,1094.301127389989,4221640.505400525,4.488594844098851,0.5906045847498488
4.1499999999999995,std,-2,39492518725263.12,0.03949251872526312,121,10,0.08264462809917356,1.0,100000000000000.0,15.962982584955162,0.04832787120058748,1093.1654100535836,4201383.234468503,4.439211535012119,0.36687698636463795
4.16,std,-2,39795423473241.734,0.039795423473241734,165,10,0.06060606060606061,1.0,100000000000000.0,16.880257889323367,0.04807679471984265,1092.029114468405,4181261.010457904,4.390429392330201,0.26608662983819403
4.17,std,-2,40099925066035.47,0.04009992506603547,141,10,0.07092198581560284,1.0,100000000000000.0,17.916733248643034,0.04782729838061681,1090.8922704355186,4161272.6861168793,4.342240619377153,0.307960327615401
4.18,std,-2,40406028080814.29,0.04040602808081429,167,10,0.059880239520958084,1.0,100000000000000.0,18.502279838208217,0.0475793724910331,1089.7549073643709,4141417.125983926,4.294637521491702,0.2571639234426169
4.1899999999999995,std,-2,40713737096664.04,0.04071373709666404,45,10,0.2222222222222222,1.0,100000000000000.0,18.285308023498697,0.04733300737556878,1088.6170542766017,4121693.2062488887,4.247612504826951,0.9439138899615447
4.2,std,-2,41023056694581.0,0.041023056694581,183,10,0.0546448087431694,1.0,100000000000000.0,15.710905817299027,0.04708819337657378,1087.4787398134304,4102099.814607074,4.201158075162589,0.22957147951708137
4.21,std,-2,41333991457466.44,0.04133399145746644,118,10,0.0847457627118644,1.0,100000000000000.0,17.088653116947704,0.04684492085573398,1086.3399922381993,4082635.850129579,4.155266836720577,0.35214125734920143
4.22,std,-2,41646545970121.35,0.04164654597012135,131,10,0.07633587786259542,1.0,100000000000000.0,17.187975116998494,0.046603180195481396,1085.2008394426077,4063300.22312007,4.109931490987504,0.31373522831965683
4.2299999999999995,std,-2,41960724819241.04,0.04196072481924104,143,10,0.06993006993006994,1.0,100000000000000.0,16.06963051144748,0.0463629618003518,1084.0613089481055,4044091.8549862206,4.065144835539833,0.2842758626251632
4.24,std,-2,42276532593409.72,0.042276532593409716,128,10,0.078125,1.0,100000000000000.0,13.479170313507026,0.046124256098292224,1082.9214279149728,4025009.6781047075,4.020899762898468,0.3141327939764428
4.25,std,-2,42593973883095.28,0.042593973883095285,154,10,0.06493506493506493,1.0,100000000000000.0,14.280575848741666,0.04588705354191895,1081.7812231435923,4006052.635690871,3.9771892593652303,0.25825904281592404
4.26,std,-2,42913053280643.99,0.042913053280643994,170,10,0.058823529411764705,1.0,100000000000000.0,13.930009220140994,0.04565134460972769,1080.640721079352,3987219.681670151,3.9340064038821336,0.23141214140483138
4.27,std,-2,43233775380275.28,0.04323377538027528,133,10,0.07518796992481203,1.0,100000000000000.0,15.850070965372462,0.04541711980725716,1079.4999478174275,3968509.7805564064,3.891344366904182,0.2925822832258783
4.28,std,-2,43556144778076.5,0.0435561447780765,178,10,0.056179775280898875,1.0,100000000000000.0,15.231422335733138,0.0451843696682072,1078.3589291076871,3949921.907314913,3.8491964092648883,0.21624698928454428
4.29,std,-2,43880166071997.52,0.043880166071997524,235,10,0.0425531914893617,1.0,100000000000000.0,16.403944527137146,0.04495308475551311,1077.2176903563245,3931455.0472522303,3.807555881064263,0.1620236545133729
4.3,std,-2,44205843861845.76,0.044205843861845756,148,10,0.06756756756756757,1.0,100000000000000.0,15.134515098335404,0.04472325566237682,1076.0762566346982,3913108.1958865277,3.7664162205710925,0.25448758247101977
4.31,std,-2,44533182749281.03,0.04453318274928103,245,10,0.04081632653061224,1.0,100000000000000.0,13.96552013805643,0.044494873013256726,1074.9346526786055,3894880.358826569,3.7257709531077015,0.15207228380031435
4.32,std,-2,44862187337810.28,0.044862187337810285,181,10,0.055248618784530384,1.0,100000000000000.0,12.471798219773229,0.044267927464816684,1073.792902893427,3876770.551660913,3.685613689973705,0.2036250657444036
4.33,std,-2,45192862232782.484,0.04519286223278248,172,10,0.05813953488372093,1.0,100000000000000.0,14.451644672360061,0.04404240970683595,1072.651031363027,3858777.7998315697,3.645938127375635,0.2119731469404439
4.34,std,-2,45525212041383.586,0.045525212041383586,109,10,0.09174311926605505,1.0,100000000000000.0,15.322785766488062,0.04381831046308065,1071.5090618452723,3840901.138524533,3.606738045335099,0.3308933986545962
4.35,std,-2,45859241372631.445,0.04585924137263145,163,10,0.06134969325153374,1.0,100000000000000.0,14.033294541636058,0.043595620492138186,1070.3670177840809,3823139.612554538,3.5680073066566163,0.21889615378261448
4.36,std,-2,46194954837370.8,0.046194954837370794,122,10,0.08196721311475409,1.0,100000000000000.0,12.778701018986656,0.04337433058821551,1069.2249223066965,3805492.276251821,3.5297398558555844,0.2893229390045561
4.37,std,-2,46532357048268.06,0.04653235704826806,251,10,0.0398406374501992,1.0,100000000000000.0,14.372166858604606,0.0431544315819022,1068.0827982329508,3787958.1933524255,3.4919297181386875,0.13912070590193973
4.38,std,-2,46871452619806.66,0.04687145261980666,277,10,0.036101083032490974,1.0,100000000000000.0,16.379755312213668,0.042935914340899516,1066.9406680753857,3770536.4368874063,3.454570998361386,0.12471375445347964
4.39,std,-2,47212246168281.72,0.04721224616828172,214,10,0.04672897196261682,1.0,100000000000000.0,14.437332620767737,0.04271876977071631,1065.7985540449429,3753226.089076467,3.4176578800168715,0.15970363925312483
4.3999999999999995,std,-2,47554742311795.27,0.047554742311795274,184,10,0.05434782608695652,1.0,100000000000000.0,15.716115610767224,0.0425029888153329,1064.6564780526587,3736026.2412209357,3.3811846242202193,0.18376003392501192
4.41,std,-2,47898945670251.23,0.04789894567025123,191,10,0.05235602094240838,1.0,100000000000000.0,14.656748688514515,0.04228856245783335,1063.514461716506,3718935.9935974055,3.345145568718639,0.17513851145123763
4.42,std,-2,48244860865350.61,0.04824486086535061,138,10,0.07246376811594203,1.0,100000000000000.0,14.037646361523736,0.042075481721007855,1062.3725263608485,3701954.455356704,3.3095351268919657,0.2398213860066642
4.43,std,-2,48592492520586.51,0.048592492520586505,194,10,0.05154639175257732,1.0,100000000000000.0,14.586351440889084,0.041863737667925324,1061.2306930222524,3685080.744418201,3.2743477867783075,0.16878081375145915
4.4399999999999995,std,-2,48941845261239.31,0.04894184526123931,123,10,0.08130081300813008,1.0,100000000000000.0,16.39026362519741,0.041653321402477496,1060.0889824566304,3668313.9873721073,3.239578110119601,0.2633803341560651
4.45,std,-2,49292923714371.73,0.049292923714371724,198,10,0.050505050505050504,1.0,100000000000000.0,12.872141477305117,0.041444224069895445,1058.9474151339743,3651653.319377335,3.2052207313740846,0.16187983491788305
4.46,std,-2,49645732508824.14,0.04964573250882414,218,10,0.045871559633027525,1.0,100000000000000.0,15.11192621015699,0.041236436857238865,1057.8060112489497,3635097.884063798,3.1712703567909104,0.14547111728398673
4.47,std,-2,50000276275209.6,0.0500002762752096,129,10,0.07751937984496124,1.0,100000000000000.0,15.316474084705117,0.04102995099385941,1056.6647907235592,3618646.833436934,3.1377217634710224,0.2432342452303118
4.4799999999999995,std,-2,50356559645909.24,0.050356559645909245,158,10,0.06329113924050633,1.0,100000000000000.0,15.451354829340895,0.04082475775183858,1055.523773205871,3602299.327779113,3.1045697984230065,0.19649175939386118
4.49,std,-2,50714587255067.336,0.050714587255067334,214,10,0.04672897196261682,1.0,100000000000000.0,13.733869727000869,0.04062084844640118,1054.3829780793426,3586054.5355572705,3.071809377665183,0.14354249428341978
4.5,std,-2,51074363738586.664,0.05107436373858666,183,10,0.0546448087431694,1.0,100000000000000.0,16.404026071674913,0.04041821443630461,1053.2424244611245,3569911.633328093,3.0394354853018744,0.1660893707815232
4.51,std,-2,51435893734123.695,0.051435893734123696,182,10,0.054945054945054944,1.0,100000000000000.0,15.238649241317722,0.04021684712420523,1052.1021312085998,3553869.805647869,3.0074431726372053,0.1652441303646816
4.52,std,-2,51799181881084.016,0.05179918188108402,138,10,0.07246376811594203,1.0,100000000000000.0,13.98135242873408,0.04001673795700224,1050.9621169204722,3537928.2449801154,2.975827557280145,0.21563967806377862
4.53,std,-2,52164232820617.57,0.05216423282061757,215,10,0.046511627906976744,1.0,100000000000000.0,13.716898386761747,0.03981787842615967,1049.8223999404602,3522086.15160432,2.9445838222672953,0.1369573870821998
4.54,std,-2,52531051195613.98,0.05253105119561398,237,10,0.04219409282700422,1.0,100000000000000.0,13.62399337397529,0.03962026006800758,1048.6829983624418,3506342.7335315645,2.9137072152045302,0.1229412327090519
4.55,std,-2,52899641650697.88,0.05289964165069788,249,10,0.040160642570281124,1.0,100000000000000.0,14.284515224798966,0.0394238744640223,1047.5439300288213,3490697.2064130404,2.883193047392721,0.11579088543745868
4.56,std,-2,53270008832224.47,0.05327000883222447,194,10,0.05154639175257732,1.0,100000000000000.0,14.608877885442059,0.03922871324108732,1046.4052125386393,3475148.7934561176,2.853036692996199,0.14706374706165973
4.57,std,-2,53642157388274.62,0.05364215738827462,178,10,0.056179775280898875,1.0,100000000000000.0,15.180907268928717,0.03903476807173469,1045.266863247696,3459696.7253384124,2.823233588196165,0.15860862855034635
4.58,std,-2,54016091968650.6,0.0540160919686506,288,10,0.034722222222222224,1.0,100000000000000.0,14.744480718075248,0.03884203067436807,1044.1288992715768,3444340.2401227453,2.793779230362097,0.09700622327646172
4.59,std,-2,54391817224871.33,0.054391817224871325,267,10,0.03745318352059925,1.0,100000000000000.0,13.964353484424667,0.0386504928134673,1042.991337489285,3429078.583176759,2.7646691772374816,0.10354566206881954
4.6,std,-2,54769337810167.805,0.0547693378101678,149,10,0.06711409395973154,1.0,100000000000000.0,13.751108098814978,0.038460146299776024,1041.854194546631,3413911.0070874332,2.7358990461296018,0.183617385646282
4.61,std,-2,55148658379478.81,0.05514865837947881,215,10,0.046511627906976744,1.0,100000000000000.0,13.713481999455094,0.03827098299047199,1040.7174868575667,3398836.7715838132,2.70746451310943,0.12592858200508977
4.62,std,-2,55529783589446.11,0.05552978358944611,160,10,0.0625,1.0,100000000000000.0,13.788114680497538,0.038082994789321374,1039.5812306078744,3383855.1434541843,2.6793613122221944,0.16746008201388715
4.63,std,-2,55912718098410.125,0.05591271809841013,135,10,0.07407407407407407,1.0,100000000000000.0,13.411722932211593,0.03789617364681675,1038.4454417576528,3368965.396468138,2.6515852347074462,0.19641372108944044
4.64,std,-2,56297466566405.586,0.056297466566405586,158,10,0.06329113924050633,1.0,100000000000000.0,13.13554233890541,0.03771051156030021,1037.310136044341,3354166.8113015178,2.62413212823156,0.16608431191338988
4.6499999999999995,std,-2,56684033655156.87,0.05668403365515687,224,10,0.044642857142857144,1.0,100000000000000.0,14.38147490372349,0.03752600057407135,1036.175328986171,3339458.6754533774,2.5969978961236664,0.1159374060769494
4.66,std,-2,57072424028073.68,0.05707242402807368,156,10,0.0641025641025641,1.0,100000000000000.0,12.187537169652352,0.03734263277948092,1035.041035881803,3324840.2831766997,2.570178496621479,0.16475503183471016
4.67,std,-2,57462642350246.516,0.057462642350246514,330,10,0.030303030303030304,1.0,100000000000000.0,13.3518158886969,0.037160400315010805,1033.9072718172888,3310310.935399574,2.5436699421366673,0.07708090733747477
4.68,std,-2,57854693288442.64,0.057854693288442643,169,10,0.05917159763313609,1.0,100000000000000.0,14.17609548464309,0.036979295366340204,1032.7740516660701,3295869.9396521407,2.517468298515699,0.14896262121394668
4.6899999999999995,std,-2,58248581511101.26,0.05824858151110126,364,10,0.027472527472527472,1.0,100000000000000.0,13.079312828813865,0.03679931016639911,1031.64139008898,3281516.609994206,2.4915696843100426,0.06844971660192424
4.7,std,-2,58644311688329.445,0.05864431168832945,225,10,0.044444444444444446,1.0,100000000000000.0,12.713877656886893,0.036620436995409095,1030.5093015453815,3267250.26694219,2.4659702700812565,0.10959867867027807
4.71,std,-2,59041888491897.734,0.05904188849189773,177,10,0.05649717514124294,1.0,100000000000000.0,13.227900884491296,0.03644266818091213,1029.377800283905,3253070.2373980703,2.4406662776664727,0.13789075015064817
4.72,std,-2,59441316595235.83,0.05944131659523583,282,10,0.03546099290780142,1.0,100000000000000.0,12.703190433295138,0.03626599609778732,1028.2469003555843,3238975.8545814385,2.4156539795086536,0.08566148863505864
4.7299999999999995,std,-2,59842600673428.195,0.0598426006734282,188,10,0.05319148936170213,1.0,100000000000000.0,12.239098716164209,0.03609041316825672,1027.1166156091365,3224966.457955114,2.390929697947314,0.12717711159294223
4.74,std,-2,60245745403210.125,0.06024574540321013,268,10,0.03731343283582089,1.0,100000000000000.0,13.147492697847841,0.03591591186187994,1025.9869596980436,3211041.393161196,2.3664898045533853,0.08830185837885765
4.75,std,-2,60650755462962.89,0.06065075546296289,218,10,0.045871559633027525,1.0,100000000000000.0,12.721362519038978,0.035742484695538375,1024.8579460779492,3197200.011952672,2.3423307194460907,0.10744636327734362
4.76,std,-2,61057635532710.03,0.06105763553271003,277,10,0.036101083032490974,1.0,100000000000000.0,12.799731055664916,0.035570124233408995,1023.7295880151349,3183441.672123255,2.3184489106422896,0.08369851662968554
4.77,std,-2,61466390294113.07,0.06146639029411307,233,10,0.04291845493562232,1.0,100000000000000.0,12.414775844409911,0.03539882308692853,1022.6018985836135,3169765.737445429,2.2948408933935456,0.09849102546753415
4.78,std,-2,61877024430466.95,0.061877024430466956,220,10,0.045454545454545456,1.0,100000000000000.0,12.080046642189146,0.03522857391474806,1021.4748906695486,3156171.577604061,2.271503229544732,0.10325014679748783
4.79,std,-2,62289542626696.125,0.06228954262669612,317,10,0.031545741324921134,1.0,100000000000000.0,12.9337805223049,0.0350593694226785,1020.3485769751895,3142658.568130008,2.2484325268991716,0.07092847088010004
4.8,std,-2,62703949569350.414,0.06270394956935041,547,10,0.018281535648994516,1.0,100000000000000.0,13.283160481396848,0.034891202363627125,1019.2229700160264,3129226.0903392765,2.2256254385805323,0.040687850796719056
4.81,std,-2,63120249946600.805,0.0631202499466008,173,10,0.057803468208092484,1.0,100000000000000.0,12.634369408438243,0.034724065537525745,1018.0980821299913,3115873.5312690753,2.203078662426839,0.1273455874235167
4.82,std,-2,63538448448235.21,0.06353844844823521,312,10,0.03205128205128205,1.0,100000000000000.0,13.003150817381812,0.03455795179125056,1016.9739254741291,3102600.2836156418,2.180788940365671,0.06989708142197662
4.83,std,-2,63958549765654.46,0.06395854976565446,328,10,0.03048780487804878,1.0,100000000000000.0,12.644067205916508,0.03439285401853435,1015.8505120276243,3089405.7456736234,2.158753057812178,0.06581564200646885
4.84,std,-2,64380558591868.164,0.06438055859186817,221,10,0.04524886877828054,1.0,100000000000000.0,12.65696126733879,0.034228765159870625,1014.7278535963412,3076289.321274794,2.1369678430771457,0.09669537751480298
4.85,std,-2,64804479621490.555,0.06480447962149055,306,10,0.032679738562091505,1.0,100000000000000.0,13.23111784698267,0.034065678202410896,1013.6059618140348,3063250.419728769,2.1154301667766746,0.06913170479662335
4.86,std,-2,65230317550736.734,0.06523031755073673,313,10,0.03194888178913738,1.0,100000000000000.0,12.066660782147144,0.03390358617985464,1012.4848481424721,3050288.455764161,2.0941369412473088,0.066905333586176
4.87,std,-2,65658077077418.164,0.06565807707741816,389,10,0.02570694087403599,1.0,100000000000000.0,11.916737984885424,0.033742482172332715,1011.3645238748819,3037402.8494712934,2.0730851199765428,0.053292676606080794
4.88,std,-2,66087762900938.93,0.06608776290093893,450,10,0.022222222222222223,1.0,100000000000000.0,12.401926326664485,0.03358235930628393,1010.24500013977,3024593.026241584,2.0522716970387895,0.0456060377119731
4.89,std,-2,66519379722291.67,0.06651937972229167,636,10,0.015723270440251572,1.0,100000000000000.0,11.967019244546012,0.03342321075432565,1009.1262878987992,3011858.4167142524,2.031693706531346,0.031944869599549466
4.8999999999999995,std,-2,66952932244053.57,0.06695293224405358,298,10,0.03355704697986577,1.0,100000000000000.0,12.12315134259833,0.03326502973511832,1008.0083979519358,2999198.4567176998,2.0113482220286816,0.06749490677948596
4.91,std,-2,67388425170382.37,0.06738842517038236,286,10,0.03496503496503497,1.0,100000000000000.0,12.962124532492146,0.033107809513224104,1006.8913409402943,2986612.5872155535,1.9912323560419518,0.0696235089525158
4.92,std,-2,67825863207012.26,0.06782586320701225,241,10,0.04149377593360996,1.0,100000000000000.0,12.324364917146884,0.032951543398960184,1005.775127344564,2974100.254251155,1.9713432594755889,0.0817984754969124
4.93,std,-2,68265251061250.336,0.06826525106125034,246,10,0.04065040650406504,1.0,100000000000000.0,12.693480956065917,0.032796224748246505,1004.6597674882169,2961660.908893382,1.9516781211012497,0.07933650898785567
4.9399999999999995,std,-2,68706593441972.164,0.06870659344197216,471,10,0.021231422505307854,1.0,100000000000000.0,12.391941980383587,0.03264184696244863,1003.545271541564,2949294.0071838005,1.9322341670408794,0.0410240799796365
4.95,std,-2,69149895059618.22,0.06914989505961822,201,10,0.04975124378109453,1.0,100000000000000.0,12.712018237695126,0.03248840348821557,1002.4316495213927,2936999.0100829303,1.9130086602471787,0.09517456021130243
4.96,std,-2,69595160626189.766,0.06959516062618977,703,10,0.01422475106685633,1.0,100000000000000.0,12.39014815312773,0.03233588781731316,1001.3189112926002,2924775.38341962,1.8939988999967199,0.026941662873353058
4.97,std,-2,70042394855245.086,0.07004239485524509,375,10,0.02666666666666667,1.0,100000000000000.0,12.601559276304243,0.032184293486452624,1000.2070665718263,2912622.597837311,1.8752022213912816,0.05000539257043418
4.9799999999999995,std,-2,70491602461895.7,0.0704916024618957,480,10,0.020833333333333332,1.0,100000000000000.0,12.259054459523814,0.03203361407711513,999.0961249272722,2900540.12874541,1.8566159948616965,0.03867949989295201
4.99,std,-2,70942788162802.25,0.07094278816280225,211,10,0.04739336492890995,1.0,100000000000000.0,11.811020534939042,0.03188384321537219,997.9860957826952,2888527.4562673313,1.8382376256837814,0.08712026662008442
