z,luminosity_function,alpha_intrinsic,L_min_Jy_kpc2,L_min_over_L_star,n_generated,n_detected,detection_rate_10_per_n,N_ratio_detectable_L,mean_detected_L,mean_SNR,SFR_psi,comoving_volume_Mpc3,time_Gyr,nfrb_sfr_base,n_total_population_scaled
0.01,std,-2,10000000000.0,1e-05,11,10,0.9090909090909091,1.0,100000000000000.0,21267812.588761173,0.015366633837018974,0.19392654467669998,137678720.05218962,0.008205646767832628,0.007459678879847843
0.02,std,-2,10000000000.0,1e-05,13,10,0.7692307692307693,1.0,100000000000000.0,5614980.770706492,0.015778461234561884,0.7247910000091758,135706863.92550436,0.031039109224069356,0.023876237864668737
0.03,std,-2,10000000000.0,1e-05,13,10,0.7692307692307693,1.0,100000000000000.0,1354162.9487454162,0.016197006898133106,1.5979180122104168,133769703.76805276,0.06924318250983072,0.053263986546023635
0.04,std,-2,10000000000.0,1e-05,12,10,0.8333333333333334,1.0,100000000000000.0,1424189.8422035272,0.0166223021408091,2.8035815009429044,131866423.28089881,0.12290472520395329,0.10242060433662775
0.05,std,-2,10000000000.0,1e-05,10,10,1.0,1.0,100000000000000.0,142377.40500476438,0.01705437728000787,4.332087794095379,129996236.70924087,0.19208519437342994,0.19208519437342994
0.060000000000000005,std,-2,10000000000.0,1e-05,15,10,0.6666666666666666,1.0,100000000000000.0,598730.2967239564,0.017493261604641853,6.173784546329184,128158387.20751494,0.2768211632789939,0.18454744218599595
0.06999999999999999,std,-2,10000000000.0,1e-05,13,10,0.7692307692307693,1.0,100000000000000.0,194560.58901814822,0.017938983341287663,8.319069361676036,126352145.30294725,0.3771248823095026,0.290096063315002
0.08,std,-2,10000000000.0,1e-05,11,10,0.9090909090909091,1.0,100000000000000.0,110284.00715838323,0.018391569619367408,10.758398108101696,124576807.45144194,0.4929848795439914,0.44816807231271943
0.09,std,-2,10000000000.0,1e-05,18,10,0.5555555555555556,1.0,100000000000000.0,111418.55448207035,0.018851046435337065,13.482292913337087,122831694.67989907,0.6243665973371416,0.3468703318539676
0.09999999999999999,std,-2,10000000000.0,1e-05,10,10,1.0,1.0,100000000000000.0,172429.2925111096,0.019317438615878545,16.481349832968398,121116151.30983643,0.7712130613551881,0.7712130613551881
0.11,std,-2,10000000000.0,1e-05,16,10,0.625,1.0,100000000000000.0,78405.9885286751,0.019790769780093035,19.746246182993865,119429543.75708403,0.9334455785148882,0.5834034865718051
0.12,std,-2,10000000000.0,1e-05,17,10,0.5882352941176471,1.0,100000000000000.0,34574.12192152941,0.020271062300694323,23.26774753087172,117771259.40308331,1.1109644603519715,0.653508506089395
0.13,std,-2,10000000000.0,1e-05,10,10,1.0,1.0,100000000000000.0,99185.7802219706,0.02075833726420218,27.036714339958284,116140705.53330435,1.3036497683892225,1.3036497683892225
0.14,std,-2,10000000000.0,1e-05,12,10,0.8333333333333334,1.0,100000000000000.0,61788.6909828305,0.021252614430137,31.044108264130667,114537308.33873443,1.511362078183123,1.2594683984859358
0.15000000000000002,std,-2,10000000000.0,1e-05,10,10,1.0,1.0,100000000000000.0,50343.79663617083,0.021753912189218152,35.28099809022896,112960511.97664525,1.7339432588016228,1.7339432588016228
0.16,std,-2,10000000000.0,1e-05,12,10,0.8333333333333334,1.0,100000000000000.0,63531.87597939599,0.02226224752057046,39.738565327510734,111409777.68701176,1.9712172646054724,1.6426810538378938
0.17,std,-2,10000000000.0,1e-05,13,10,0.7692307692307693,1.0,100000000000000.0,59093.99115984603,0.02277763594794393,44.408109444366865,109884582.96125181,2.222990936315507,1.7099930279350055
0.18000000000000002,std,-2,10000000000.0,1e-05,15,10,0.6666666666666666,1.0,100000000000000.0,10164.630808398375,0.023300091494954225,49.281052753448535,108384420.7601139,2.489054808460083,1.659369872306722
0.19,std,-2,10000000000.0,1e-05,13,10,0.7692307692307693,1.0,100000000000000.0,4533.415016587742,0.023829626639352574,54.34894494788113,106908798.77780546,2.7691839204518973,2.13014147727069
0.2,std,-2,10000000000.0,1e-05,14,10,0.7142857142857143,1.0,100000000000000.0,55601.975666607985,0.024366252266335785,59.60346729200613,105457238.74949963,3.063138628666442,2.187956163333173
0.21000000000000002,std,-2,10000000000.0,1e-05,13,10,0.7692307692307693,1.0,100000000000000.0,51106.493624295996,0.02490997762090884,65.03643647055559,104029275.79969656,3.37066541701513,2.5928195515501
0.22,std,-2,10000000000.0,1e-05,15,10,0.6666666666666666,1.0,100000000000000.0,10709.926632666915,0.025460810259314456,70.639808101966,102624457.82893437,3.691497703695934,2.4609984691306224
0.23,std,-2,10000000000.0,1e-05,23,10,0.43478260869565216,1.0,100000000000000.0,12388.18391266014,0.026018755999546127,76.40567992141132,101242344.93655138,4.0253566419061855,1.7501550616983415
0.24000000000000002,std,-2,10000000000.0,1e-05,13,10,0.7692307692307693,1.0,100000000000000.0,13635.424265129923,0.02658381887096318,82.326294640528,99882508.87732875,4.371951912484918,3.363039932680706
0.25,std,-2,10000000000.0,1e-05,12,10,0.8333333333333334,1.0,100000000000000.0,13057.464023389586,0.027156001063028613,88.3940424908622,98544532.5499974,4.730982506571594,3.942485422142995
0.26,std,-2,10000000000.0,1e-05,11,10,0.9090909090909091,1.0,100000000000000.0,21486.277570301736,0.02773530287319293,94.60146345938607,97228009.51565525,5.1021374965529995,4.638306815048181
0.27,std,-2,10000000000.0,1e-05,17,10,0.5882352941176471,1.0,100000000000000.0,8640.163407064483,0.0283217226539493,100.94124922378269,95932543.54423486,5.48509679365336,3.2265275256784474
0.28,std,-2,10638575243.234068,1.0638575243234068e-05,11,10,0.9090909090909091,1.0,100000000000000.0,13886.583593439747,0.028915256759088154,107.40624479755196,94657748.18751705,5.879531890783155,5.345028991621049
0.29000000000000004,std,-2,11621829267.871489,1.1621829267871488e-05,10,10,1.0,1.0,100000000000000.0,9551.046551816442,0.029515899489181725,113.98944989320563,93403246.37677355,6.285106589261943,6.285106589261943
0.3,std,-2,12663317630.753923,1.2663317630753924e-05,13,10,0.7692307692307693,1.0,100000000000000.0,1556.0365368805851,0.03012364303633178,120.68402001334375,92168670.04385954,6.701477708267138,5.154982852513183
0.31,std,-2,13764856618.070427,1.3764856618070427e-05,17,10,0.5882352941176471,1.0,100000000000000.0,9384.070726985512,0.030738477428216556,127.48326728064848,90953659.76403436,7.128295776015547,4.193115162362087
0.32,std,-2,14928280033.433287,1.4928280033433286e-05,13,10,0.7692307692307693,1.0,100000000000000.0,1301.3228043474642,0.03136039047147566,134.38066101475712,89757864.41943079,7.565205701667985,5.819389001283065
0.33,std,-2,16155438862.476559,1.615543886247656e-05,16,10,0.625,1.0,100000000000000.0,4735.439515341575,0.031989367694474906,141.36982806899798,88580940.88171776,8.011847427313391,5.0074046420708695
0.34,std,-2,17448200942.852806,1.7448200942852807e-05,16,10,0.625,1.0,100000000000000.0,5696.01977162113,0.032625392289495694,148.44455293529603,87422553.71285346,8.467856559263055,5.292410349539409
0.35000000000000003,std,-2,18808450639.753227,1.880845063975323e-05,15,10,0.6666666666666666,1.0,100000000000000.0,7718.822524076834,0.03326844505439697,155.59877762879105,86282374.8828454,8.932864978176077,5.955243318784051
0.36000000000000004,std,-2,20238088527.055065,2.0238088527055066e-05,12,10,0.8333333333333334,1.0,100000000000000.0,8397.221049797468,0.03391850433380093,162.82660136286103,85160083.50335014,9.406501427586159,7.838751189655133
0.37,std,-2,21739031074.19644,2.1739031074196442e-05,14,10,0.7142857142857143,1.0,100000000000000.0,11519.286262454643,0.03457554595985672,170.122280024199,84055365.5762477,9.888392080467217,7.063137200333726
0.38,std,-2,23313210338.84774,2.331321033884774e-05,15,10,0.6666666666666666,1.0,100000000000000.0,5686.396412469656,0.035239543192639965,177.48022546005262,82967913.75619605,10.378161083702814,6.918774055801876
0.39,std,-2,24962573665.44375,2.4962573665443747e-05,15,10,0.6666666666666666,1.0,100000000000000.0,983.5125013573709,0.03591046666024937,184.89500458624462,81897427.12626469,10.87543108022355,7.2502873868157
0.4,std,-2,26689083389.62165,2.668908338962165e-05,15,10,0.6666666666666666,1.0,100000000000000.0,3649.928412084523,0.03658828429866464,192.3613383281897,80843610.98588744,11.379823708889774,7.586549139259849
0.41000000000000003,std,-2,28494716548.595634,2.8494716548595634e-05,17,10,0.5882352941176471,1.0,100000000000000.0,3746.85382513278,0.03727296129143468,199.87410040293216,79806176.65031886,11.890960082031915,6.994682401195244
0.42000000000000004,std,-2,30381464597.490864,3.0381464597490863e-05,16,10,0.625,1.0,100000000000000.0,6520.7807789829,0.037964460009266905,207.4283159549892,78784841.26087493,12.408461240930524,7.755288275581577
0.43,std,-2,32351333131.641796,3.2351333131641795e-05,14,10,0.7142857142857143,1.0,100000000000000.0,4795.638381654893,0.038662739949594106,215.01916005350188,77779327.60525452,12.931948589286078,9.23710613520434
0.44,std,-2,34406341614.85016,3.440634161485016e-05,15,10,0.6666666666666666,1.0,100000000000000.0,6558.853516620604,0.03936775767619714,222.64195606157165,76789363.94735558,13.461044305015216,8.97402953667681
0.45,std,-2,36548523113.592,3.6548523113592004e-05,20,10,0.5,1.0,100000000000000.0,1291.7568246562794,0.04007946675896711,230.2921738866329,75814683.86589663,13.995371730641416,6.997685865320708
0.46,std,-2,38779924037.14915,3.877992403714915e-05,20,10,0.5,1.0,100000000000000.0,2346.6963617531014,0.04079781771389325,237.96542812196665,74855026.10136408,14.534555742718815,7.267277871359408
0.47000000000000003,std,-2,41102603883.62638,4.110260388362638e-05,29,10,0.3448275862068966,1.0,100000000000000.0,3306.736858602766,0.04152275794336715,245.65747608720864,73910134.4107027,15.07822310063466,5.199387276080917
0.48000000000000004,std,-2,43518634991.823204,4.35186349918232e-05,18,10,0.5555555555555556,1.0,100000000000000.0,5587.27186727699,0.04225423167689769,253.36421577695015,72979757.42922702,15.626002775271983,8.68111265292888
0.49,std,-2,46030102298.90254,4.603010229890254e-05,17,10,0.5882352941176471,1.0,100000000000000.0,2261.3191877590925,0.042992179912334685,261.08168372637766,72063648.53939462,16.17752625808906,9.516191916522976
0.5,std,-2,48639103103.804565,4.863910310380457e-05,14,10,0.7142857142857143,1.0,100000000000000.0,2739.9898987197835,0.04373654035770323,268.8060528006855,71161565.7458431,16.732427851033034,11.95173417930931
0.51,std,-2,51347746836.34011,5.1347746836340114e-05,16,10,0.625,1.0,100000000000000.0,3672.477522429674,0.04448724737375437,276.5336299181988,70273271.55644336,17.290344938015874,10.806465586259922
0.52,std,-2,54158154831.9076,5.41581548319076e-05,17,10,0.5882352941176471,1.0,100000000000000.0,2811.867666622123,0.04524423191734168,284.2608537119394,69398532.8688438,17.85091823833805,10.500540140198853
0.53,std,-2,57072460111.73563,5.707246011173562e-05,18,10,0.5555555555555556,1.0,100000000000000.0,1866.6534527035237,0.04600742148573693,291.9842921393901,68537120.86228469,18.413792042858322,10.229884468254625
0.54,std,-2,60092807168.603745,6.0092807168603745e-05,12,10,0.8333333333333334,1.0,100000000000000.0,1258.6446649591965,0.046776740062001616,299.70064004596804,67688810.89416112,18.978614433402548,15.815512027835457
0.55,std,-2,63221351757.92882,6.322135175792881e-05,16,10,0.625,1.0,100000000000000.0,3321.642869208395,0.04755210806153499,307.4067166891317,66853382.401291125,19.545037486140078,12.215648428837548
0.56,std,-2,66460260694.16047,6.646026069416047e-05,21,10,0.47619047619047616,1.0,100000000000000.0,2565.7444636110004,0.04833344227992233,315.0994632290855,66030618.80524841,20.112717459461923,9.577484504505676
0.5700000000000001,std,-2,69811711652.3707,6.98117116523707e-05,16,10,0.625,1.0,100000000000000.0,2897.2180969816736,0.049120655842211244,322.7759401930899,65220307.42184981,20.681314967179386,12.925821854487117
0.5800000000000001,std,-2,73277892974.9611,7.32778929749611e-05,17,10,0.5882352941176471,1.0,100000000000000.0,4711.069770974805,0.04991365815374634,330.43332491686834,64422239.37422575,21.250495137471404,12.500291257336121
0.59,std,-2,76861003483.38895,7.686100348338895e-05,13,10,0.7692307692307693,1.0,100000000000000.0,723.9064970210469,0.050712354852696435,338.0689089726958,63636209.50946025,21.819927758571968,16.78455981428613
0.6,std,-2,80563252294.81554,8.056325229481554e-05,20,10,0.5,1.0,100000000000000.0,1666.9735601830052,0.051516647764411366,345.6800955822435,62862016.318445235,22.3892874113634,11.1946437056817
0.61,std,-2,84386858643.57372,8.438685864357371e-05,15,10,0.6666666666666666,1.0,100000000000000.0,2052.8824609281955,0.05232643485774771,353.26439702873057,62099461.8588071,22.958253590172962,15.305502393448641
0.62,std,-2,88334051707.3701,8.83340517073701e-05,20,10,0.5,1.0,100000000000000.0,1629.6226023884465,0.05314161020350689,360.81943206149106,61348351.680681646,23.526510811671738,11.763255405835869
0.63,std,-2,92407070438.09827,9.240707043809826e-05,18,10,0.5555555555555556,1.0,100000000000000.0,1992.5672751821446,0.05396206393512963,368.34292330804396,60608494.75515795,24.093748713210154,13.38541595178342
0.64,std,-2,96608163397.18228,9.660816339718228e-05,14,10,0.7142857142857143,1.0,100000000000000.0,1071.9345204856847,0.054787682211795266,375.83269468992717,59879703.405252725,24.659662140727626,17.61404438623402
0.65,std,-2,100939588595.3393,0.00010093958859533929,17,10,0.5882352941176471,1.0,100000000000000.0,2210.114192125686,0.055618347184074164,383.2866688494095,59161793.23922499,25.223951227055313,14.837618368856067
0.66,std,-2,105403613336.66183,0.00010540361333666183,17,10,0.5882352941176471,1.0,100000000000000.0,1430.0189015496333,0.056453936962285574,390.702864591331,58454583.086089864,25.786321461264635,15.168424388979197
0.67,std,-2,110002514066.90593,0.00011000251406690593,17,10,0.5882352941176471,1.0,100000000000000.0,1802.5298449212783,0.05729432558771266,398.0793943385665,57757894.933217816,26.346483749343044,15.497931617260614
0.68,std,-2,114738576225.9109,0.0001147385762259109,23,10,0.43478260869565216,1.0,100000000000000.0,2007.1486664323274,0.05813938300682973,405.4144616122735,57071553.86587637,26.904154467296458,11.697458464041938
0.6900000000000001,std,-2,119614094104.01595,0.00011961409410401594,24,10,0.4166666666666667,1.0,100000000000000.0,885.5296536831318,0.05898897504869533,412.70635852956406,56395388.00860588,27.45905550656519,11.441273127735496
0.7000000000000001,std,-2,124631370702.39873,0.00012463137070239873,16,10,0.625,1.0,100000000000000.0,2681.5842556700786,0.059842963405668255,419.95346333086746,55729228.46830064,28.010914312918977,17.50682144557436
0.7100000000000001,std,-2,129792717597.21815,0.00012979271759721816,17,10,0.5882352941176471,1.0,100000000000000.0,1757.727025392972,0.06070120561760056,427.15423793178513,55072909.27894104,28.559463918868495,16.79968465815794
0.72,std,-2,135100454807.47563,0.00013510045480747562,20,10,0.5,1.0,100000000000000.0,1024.4558816593049,0.061563555059664696,434.3072255072263,54426267.3478233,29.104442970435194,14.552221485217597
0.73,std,-2,140556910666.48926,0.00014055691066648925,19,10,0.5263157894736842,1.0,100000000000000.0,878.3656851004423,0.062429860933968816,441.4110481040005,53789142.40325106,29.64559574839409,15.602945130733731
0.74,std,-2,146164421696.87836,0.00014616442169687835,15,10,0.6666666666666666,1.0,100000000000000.0,1293.2051253225723,0.06329996826511489,448.4644042899751,53161376.94359302,30.182672184861417,20.121781456574276
0.75,std,-2,151925332488.9845,0.0001519253324889845,28,10,0.35714285714285715,1.0,100000000000000.0,894.4471649850253,0.06417371789985252,455.4660668362846,52542816.187593825,30.715427875298662,10.969795669749523
0.76,std,-2,157841995582.60028,0.00015784199558260028,18,10,0.5555555555555556,1.0,100000000000000.0,467.11600875417054,0.06505094651097904,462.4148804361047,51933308.025967404,31.2436240865401,17.35756893696672
0.77,std,-2,163916771351.94885,0.00016391677135194885,18,10,0.5555555555555556,1.0,100000000000000.0,907.6160775384309,0.06593148660563516,469.30975946209344,51332702.97407133,31.76702776121542,17.64834875623079
0.78,std,-2,170152027893.79736,0.00017015202789379737,16,10,0.625,1.0,100000000000000.0,767.7917686843147,0.06681516653814157,476.1496857610061,50740854.125752576,32.28541151884815,20.178382199280094
0.79,std,-2,176550140918.62457,0.00017655014091862457,23,10,0.43478260869565216,1.0,100000000000000.0,1266.8875879064356,0.0677018105275198,482.93370648841415,50157617.108157024,32.79855365402054,14.260240719139365
0.8,std,-2,183113493644.755,0.000183113493644755,23,10,0.43478260869565216,1.0,100000000000000.0,908.0922269952116,0.06859123867983588,489.6609319852933,49582850.03763585,33.30623813210999,14.480973100917387
0.81,std,-2,189844476695.37036,0.00018984447669537037,17,10,0.5882352941176471,1.0,100000000000000.0,1429.4999382316842,0.06948326701550157,496.3305336936695,49016413.47646635,33.808254582516305,19.88720857795077
0.8200000000000001,std,-2,196745487998.31494,0.00019674548799831495,18,10,0.5555555555555556,1.0,100000000000000.0,922.4840834928336,0.0703777075016633,502.94174211494163,48458170.39061373,34.3043982900454,19.057999050025224
0.8300000000000001,std,-2,203818932688.6107,0.00020381893268861068,16,10,0.625,1.0,100000000000000.0,1181.2831457069053,0.0712743680898028,509.49384481076925,47907986.10823188,34.79447018450264,21.746543865314152
0.8400000000000001,std,-2,211067223013.60257,0.00021106722301360257,23,10,0.43478260869565216,1.0,100000000000000.0,960.6816399382736,0.07217305275866856,515.986184445999,47365728.279101126,35.278276828839154,15.338381229930066
0.85,std,-2,218492778240.65665,0.00021849277824065666,13,10,0.7692307692307693,1.0,100000000000000.0,924.0020385529233,0.0730735615626498,522.4181568737735,46831266.83476413,35.755630405924705,27.504331081480544
0.86,std,-2,226098024567.32642,0.0002260980245673264,16,10,0.625,1.0,100000000000000.0,326.41948871733774,0.07397569068569808,528.7892092653651,46304473.94949488,36.226348704432134,22.641467940270083
0.87,std,-2,233885395033.91928,0.0002338853950339193,30,10,0.3333333333333333,1.0,100000000000000.0,300.4205898771199,0.07487923250089422,535.0988382804618,45785224.0019454,36.6902551036288,12.230085034542933
0.88,std,-2,241857329438.38663,0.00024185732943838662,24,10,0.4166666666666667,1.0,100000000000000.0,1212.1740603377013,0.07578397563574907,541.3465882835545,45273393.53755888,37.14717855771525,15.477991065714688
0.89,std,-2,250016274253.46548,0.00025001627425346546,21,10,0.47619047619047616,1.0,100000000000000.0,742.5254397366549,0.07668970504331966,547.5320495995531,44768861.231587745,37.59695357928661,17.90331122823172
0.9,std,-2,258364682545.99817,0.00025836468254599815,19,10,0.5263157894736842,1.0,100000000000000.0,1209.6578320260276,0.07759620207921059,553.654856816061,44271507.85283817,38.03942022267897,20.02074748562051
0.91,std,-2,266905013898.37283,0.00026690501389837286,21,10,0.47619047619047616,1.0,100000000000000.0,832.3993384397036,0.07850324458452297,559.7146871246273,43781216.22801512,38.47442406671776,18.321154317484645
0.92,std,-2,275639734332.0017,0.0002756397343320017,24,10,0.4166666666666667,1.0,100000000000000.0,1113.6758063700704,0.07941060697480082,565.7112587068669,43297871.206686266,38.901816197414725,16.209090082256136
0.93,std,-2,284571316232.78955,0.00028457131623278953,22,10,0.45454545454545453,1.0,100000000000000.0,1205.9401258259215,0.08031806033501555,571.6443291616563,42821359.6268634,39.321453190469704,17.873387813849863
0.9400000000000001,std,-2,293702238278.5173,0.00029370223827851727,22,10,0.45454545454545453,1.0,100000000000000.0,346.6472140248739,0.08122537252061583,577.5136939728403,42351570.28113079,39.733197093578376,18.060544133444715
0.9500000000000001,std,-2,303034985368.08105,0.00030303498536808106,27,10,0.37037037037037035,1.0,100000000000000.0,582.9633106277456,0.08213230826466011,583.3191850196229,41888393.88338472,40.13691540884362,14.865524225497637
0.9600000000000001,std,-2,312572048552.5416,0.0003125720485525416,24,10,0.4166666666666667,1.0,100000000000000.0,552.1223864851808,0.0830386292910345,589.0606691269535,41431723.03608367,40.53248107509162,16.888533781288174
0.97,std,-2,322315924967.9007,0.0003223159249679007,18,10,0.5555555555555556,1.0,100000000000000.0,627.6824701676468,0.08394409443374791,594.7380466562187,40981452.198053606,40.91977245021941,22.733206916788564
0.98,std,-2,332269117769.57355,0.00033226911776957355,30,10,0.3333333333333333,1.0,100000000000000.0,754.8805375755846,0.08484845976228053,600.3512501346468,40537477.652815565,41.298673293487646,13.766224431162549
0.99,std,-2,342434136068.48804,0.00034243413606848804,22,10,0.45454545454545453,1.0,100000000000000.0,802.7031316694254,0.08575147871295036,605.9002429262314,40099697.47744613,41.669072748005725,18.940487612729875
1.0,std,-2,352813494868.76434,0.00035281349486876435,15,10,0.6666666666666666,1.0,100000000000000.0,421.41314041176213,0.08665290222624604,611.3850179366119,39668011.51188104,42.03086532282939,28.02057688188626
1.01,std,-2,363409715006.91895,0.00036340971500691894,14,10,0.7142857142857143,1.0,100000000000000.0,416.3245425580185,0.08755247889006164,616.80559636222,39242321.32879002,42.383950875532236,30.27425062538017
1.02,std,-2,374225323092.5535,0.00037422532309255353,21,10,0.47619047619047616,1.0,100000000000000.0,428.689937799338,0.08844995508875261,622.1620264698291,38822530.203856505,42.72823459413846,20.346778378161172
1.03,std,-2,385262851450.4621,0.0003852628514504621,32,10,0.3125,1.0,100000000000000.0,589.5720741220515,0.08934507515791797,627.4543824176086,38408543.086599246,43.06362697932657,13.457383431039553
1.04,std,-2,396524838064.1409,0.0003965248380641409,16,10,0.625,1.0,100000000000000.0,452.4970188036832,0.09023758154479809,632.6827631100883,38000266.571585506,43.39004382621502,27.118777391384388
1.05,std,-2,408013826520.6149,0.00040801382652061495,25,10,0.4,1.0,100000000000000.0,690.5550577009088,0.09112721497416236,637.8472910882653,37597608.87017283,43.70740620595039,17.482962482380156
1.06,std,-2,419732365956.5768,0.0004197323659565768,18,10,0.5555555555555556,1.0,100000000000000.0,197.89898970575786,0.09201371461954395,642.9481114543191,37200479.78263619,44.0156404468819,24.453133581601058
1.07,std,-2,431683011005.7716,0.00043168301100577163,27,10,0.37037037037037035,1.0,100000000000000.0,250.89695634939153,0.09289681827966537,647.9853908307769,36808790.67077036,44.31467811538336,16.41284374643828
1.08,std,-2,443868321747.59357,0.00044386832174759356,28,10,0.35714285714285715,1.0,100000000000000.0,277.0873997213761,0.09377626255988103,652.959316352099,36422454.43092041,44.6044559960973,15.930162855749035
1.09,std,-2,456290863656.86,0.00045629086365686,23,10,0.43478260869565216,1.0,100000000000000.0,285.3801130206722,0.09465178305844799,657.8700946889201,36041385.46742419,44.88491607155771,19.515180900677265
1.1,std,-2,468953207554.71545,0.0004689532075547155,29,10,0.3448275862068966,1.0,100000000000000.0,323.560207449356,0.09552311455742028,662.7179511033639,35665499.66649557,45.15600550107361,15.571036379680555
1.11,std,-2,481857929560.6402,0.0004818579295606402,29,10,0.3448275862068966,1.0,100000000000000.0,448.97441944493187,0.09638999121794681,667.5031285370957,35294714.37049736,45.417676598876184,15.661267792715927
1.12,std,-2,495007611045.5101,0.0004950076110455101,19,10,0.5263157894736842,1.0,100000000000000.0,379.60595803010904,0.09725214677973788,672.2258867263394,34928948.352648705,45.66988681113947,24.036782532178666
1.1300000000000001,std,-2,508404838585.6952,0.0005084048385856952,31,10,0.3225806451612903,1.0,100000000000000.0,256.58207458648934,0.09810931476444977,676.8865013504707,34568121.792101,45.912598692186684,14.810515707156995
1.1400000000000001,std,-2,522052203918.15234,0.0005220522039181524,24,10,0.4166666666666667,1.0,100000000000000.0,418.6857196941246,0.09896122868272254,681.4852632058528,34212156.24944995,46.14577987934415,19.22740828306006
1.1500000000000001,std,-2,535952303896.4731,0.0005359523038964731,23,10,0.43478260869565216,1.0,100000000000000.0,314.5685109111215,0.09980762224459194,686.0224774099538,33860974.64260373,46.369403066624045,20.160610028966975
1.1600000000000001,std,-2,550107740447.8605,0.0005501077404478605,20,10,0.5,1.0,100000000000000.0,503.2083153733229,0.10064822957298275,690.4984626320772,33514501.22304822,46.583445976978695,23.291722988489347
1.17,std,-2,564521120531.0293,0.0005645211205310293,23,10,0.43478260869565216,1.0,100000000000000.0,392.75359121147767,0.10148278541997709,694.9135503503704,33172661.552509196,46.787891333046474,20.34256144915064
1.18,std,-2,579195056094.9482,0.0005791950560949483,25,10,0.4,1.0,100000000000000.0,419.4020890790046,0.1023110253855389,699.2680841355741,32835382.47995832,46.98272682628731,18.793090730514926
1.19,std,-2,594132164038.4506,0.0005941321640384506,19,10,0.5263157894736842,1.0,100000000000000.0,179.87244877001226,0.10313268613836393,703.5624189600934,32502592.119014297,47.167945084423636,24.825234254959806
1.2,std,-2,609335066170.6447,0.0006093350661706446,20,10,0.5,1.0,100000000000000.0,340.2822565197838,0.1039475056385125,707.7969205307804,32174219.82570734,47.34354363697848,23.67177181848924
1.21,std,-2,624806389172.1317,0.0006248063891721317,31,10,0.3225806451612903,1.0,100000000000000.0,165.72399823215804,0.1047552233614732,711.9719646467296,31850196.176586464,47.50952487891337,15.325653186746248
1.22,std,-2,640548764556.9788,0.0006405487645569787,16,10,0.625,1.0,100000000000000.0,444.34710082269805,0.10555558052329424,716.0879365790786,31530452.947203357,47.66589603216076,29.791185020100475
1.23,std,-2,656564828635.4374,0.0006565648286354374,29,10,0.3448275862068966,1.0,100000000000000.0,393.4784588589761,0.10634832030641155,720.1452304759123,31214923.090939093,47.81266910516113,16.48712727764177
1.24,std,-2,672857222477.3767,0.0006728572224773767,30,10,0.3333333333333333,1.0,100000000000000.0,402.43309026756157,0.10713318808579403,724.1442487857389,30903540.718176357,47.94986084992731,15.98328694997577
1.25,std,-2,689428591876.4193,0.0006894285918764194,24,10,0.4166666666666667,1.0,100000000000000.0,292.5283055937261,0.1079099316550206,728.0854017049503,30596241.075822484,48.07749271696597,20.032288632069154
1.26,std,-2,706281587314.7485,0.0007062815873147485,27,10,0.37037037037037035,1.0,100000000000000.0,442.3091347805142,0.10867830145189603,731.9691066454532,30292960.52715669,48.195590807725175,17.85021881767599
1.27,std,-2,723418863928.5608,0.0007234188639285608,30,10,0.3333333333333333,1.0,100000000000000.0,365.4626020841669,0.10943805078320944,735.7957877221698,29993636.532022804,48.304185824551624,16.10139527485054
1.28,std,-2,740843081474.1688,0.0007408430814741688,24,10,0.4166666666666667,1.0,100000000000000.0,311.55787770795433,0.11018893604823399,739.5658752594513,29698207.62734887,48.4033130180426,20.168047090851086
1.29,std,-2,758556904294.6919,0.0007585569042946919,36,10,0.2777777777777778,1.0,100000000000000.0,296.09157657197795,0.11093071696056572,743.2798053176051,29406613.407992665,48.49301213185275,13.470281147736875
1.3,std,-2,776563001287.3699,0.0007765630012873699,31,10,0.3225806451612903,1.0,100000000000000.0,353.36160464395044,0.11166315676789583,746.9380192375704,29118794.50790167,48.573327344795835,15.668815272514784
1.31,std,-2,794864045871.4233,0.0007948640458714234,19,10,0.5263157894736842,1.0,100000000000000.0,349.5063060985067,0.11238602246931209,750.5409632035431,28834692.581594545,48.644307210236406,25.602266952756
1.32,std,-2,813462715956.4972,0.0008134627159564971,19,10,0.5263157894736842,1.0,100000000000000.0,304.69482523844147,0.11309908502972522,754.0890878209301,28554250.285959702,48.70600459259849,25.63473925926236
1.33,std,-2,832361693911.6307,0.0008323616939116307,25,10,0.4,1.0,100000000000000.0,240.14692223875244,0.11380211959101888,757.5828477149264,28277411.26235228,48.7584766013147,19.50339064052588
1.34,std,-2,851563666534.758,0.0008515636665347581,28,10,0.35714285714285715,1.0,100000000000000.0,126.5590459217947,0.11449490567952506,761.0227011411439,28004120.11900111,48.80178452169799,17.429208757749283
1.35,std,-2,871071325022.7153,0.0008710713250227153,39,10,0.2564102564102564,1.0,100000000000000.0,305.95144898463326,0.11517722740943068,764.4091096152649,27734322.413720313,48.83599374320645,12.522049677745242
1.36,std,-2,890887364941.7437,0.0008908873649417436,22,10,0.45454545454545453,1.0,100000000000000.0,127.8567564957226,0.11584887368172872,767.7425375555013,27467964.636896268,48.86117368468427,22.20962440212921
1.37,std,-2,911014486198.478,0.000911014486198478,41,10,0.24390243902439024,1.0,100000000000000.0,201.74072430311287,0.11650963837833293,771.0234519417854,27204994.194798715,48.877397716960466,11.92131651633182
1.3800000000000001,std,-2,931455393011.3802,0.0009314553930113803,27,10,0.37037037037037035,1.0,100000000000000.0,247.52703998575095,0.1171593205509839,774.2523219871804,26945359.393152125,48.884743082457476,18.105460400910175
1.3900000000000001,std,-2,952212793882.6526,0.0009522127938826526,17,10,0.5882352941176471,1.0,100000000000000.0,286.69945403446377,0.11779772460458442,777.4296188249757,26689009.4209975,48.88329081214389,28.754876948319936
1.4000000000000001,std,-2,973289401570.5674,0.0009732894015705674,20,10,0.5,1.0,100000000000000.0,191.66349158492892,0.11842466047461185,780.555815207639,26435894.334847275,48.87312563966323,24.436562819831614
1.4100000000000001,std,-2,994687933062.2299,0.0009946879330622299,21,10,0.47619047619047616,1.0,100000000000000.0,111.79660639732076,0.1190399437982678,783.6313852196466,26185965.04308979,48.85433591276587,23.26396948226946
1.42,std,-2,1016411109546.764,0.001016411109546764,16,10,0.625,1.0,100000000000000.0,250.7202045392621,0.1196433960790384,786.6568040022046,25939173.29070372,48.82701350211587,30.51688343882242
1.43,std,-2,1038461656388.8795,0.0010384616563888795,43,10,0.23255813953488372,1.0,100000000000000.0,110.92439011844598,0.12023484484435139,789.6325474902479,25695471.644191947,48.79125370742453,11.346803187773146
1.44,std,-2,1060842303102.8467,0.0010608423031028466,29,10,0.3448275862068966,1.0,100000000000000.0,280.4902037348877,0.12081412379603326,792.5590921608054,25454813.47682177,48.74715516111834,16.809363848661498
1.45,std,-2,1083555783326.8506,0.0010835557833268506,30,10,0.3333333333333333,1.0,100000000000000.0,184.06509544440036,0.12138107295328354,795.4369147931844,25217152.95410143,48.69481972954946,16.231606576516484
1.46,std,-2,1106604834797.6902,0.0011066048347976901,17,10,0.5882352941176471,1.0,100000000000000.0,231.14823512058496,0.12193553878790152,798.2664922391111,24982445.019521292,48.634352411805075,28.608442595179458
1.47,std,-2,1129992199325.8835,0.0011299921993258835,29,10,0.3448275862068966,1.0,100000000000000.0,168.76435860029738,0.12247737435151856,801.0483012045685,24750645.38054905,48.56586123632946,16.746848702182575
1.48,std,-2,1153720622771.069,0.001153720622771069,29,10,0.3448275862068966,1.0,100000000000000.0,179.15354872660478,0.12300643939460665,803.7828180395647,24521710.494854964,48.48945715521434,16.720502467315292
1.49,std,-2,1177792855017.7803,0.0011777928550177803,41,10,0.24390243902439024,1.0,100000000000000.0,183.97092100221798,0.12352260047705375,806.4705185414008,24295597.556820426,48.40525393674082,11.806159496766053
1.5,std,-2,1202211649951.5386,0.0012022116499515387,20,10,0.5,1.0,100000000000000.0,299.5805045003707,0.1240257310701164,809.1118777627248,24072264.484238382,48.31336805561143,24.156684027805714
1.51,std,-2,1226979765435.2693,0.0012269797654352692,31,10,0.3225806451612903,1.0,100000000000000.0,152.91713475228605,0.12451571164958056,811.707369832169,23851669.90529175,48.21391858166713,15.552876961828106
1.52,std,-2,1252099963286.0388,0.0012520999632860388,27,10,0.37037037037037035,1.0,100000000000000.0,142.51329932975008,0.12499242977998155,814.257467783554,23633773.145745885,48.10702706687625,17.817417432176388
1.53,std,-2,1277575009252.0786,0.0012775750092520787,25,10,0.4,1.0,100000000000000.0,167.82790980000624,0.12545578018975678,816.762643389533,23418534.21637197,47.99281743054945,19.19712697221978
1.54,std,-2,1303407672990.1187,0.0013034076729901186,29,10,0.3448275862068966,1.0,100000000000000.0,113.3621637508044,0.12590566483722512,819.223367009529,23205913.800602216,47.87141584353542,16.507384773632904
1.55,std,-2,1329600728043.0103,0.0013296007280430102,26,10,0.38461538461538464,1.0,100000000000000.0,164.08391730926328,0.12634199296731044,821.6401074411857,22995873.24240182,47.74295061089901,18.362673311884237
1.56,std,-2,1356156951817.637,0.001356156951817637,36,10,0.2777777777777778,1.0,100000000000000.0,155.1320824392571,0.12676468115894596,824.0133317795112,22788374.534365553,47.60755205352482,13.224320014868006
1.57,std,-2,1383079125563.0696,0.0013830791255630697,23,10,0.43478260869565216,1.0,100000000000000.0,239.20368826753793,0.12717365336312167,826.3435052863567,22583380.306024913,47.46535238894837,20.637109734325378
1.58,std,-2,1410370034349.032,0.001410370034349032,19,10,0.5263157894736842,1.0,100000000000000.0,64.38108598807364,0.1275688409315561,828.6310912633633,22380853.81236754,47.31648561120068,24.903413479579307
1.59,std,-2,1438032467044.5923,0.0014380324670445923,27,10,0.37037037037037035,1.0,100000000000000.0,96.93067576956798,0.12795018263599814,830.876550933195,22180758.922575094,47.16108737014623,17.467069396350453
1.6,std,-2,1466069216297.1409,0.001466069216297141,24,10,0.4166666666666667,1.0,100000000000000.0,130.3529813705698,0.12831762467818383,833.080343329015,21983060.10894857,46.999294850427745,19.58303952101156
1.61,std,-2,1494483078511.5781,0.001494483078511578,32,10,0.3125,1.0,100000000000000.0,216.40449342156825,0.12867112069049735,835.242925185417,21787722.43604854,46.83124664987866,14.634764578087081
1.62,std,-2,1523276853829.782,0.0015232768538297819,44,10,0.22727272727272727,1.0,100000000000000.0,117.24813078587576,0.12901063172740435,837.3647508420711,21594711.550035674,46.65708265819873,10.603882422317893
1.6300000000000001,std,-2,1552453346110.294,0.001552453346110294,27,10,0.37037037037037035,1.0,100000000000000.0,305.5039762603772,0.1293361262477481,839.4462721455147,21403993.66818979,46.476943935210684,17.21368293896692
1.6400000000000001,std,-2,1582015362908.2366,0.0015820153629082366,31,10,0.3225806451612903,1.0,100000000000000.0,163.2877091714425,0.12964758008801838,841.4879383638387,21215535.568644308,46.29097258979417,14.93257180315941
1.6500000000000001,std,-2,1611965715455.463,0.0016119657154554628,36,10,0.2777777777777778,1.0,100000000000000.0,128.286304704093,0.12994497642672279,843.4901961019322,21029304.58028762,46.099311658886236,12.805364349690622
1.6600000000000001,std,-2,1642307218640.9185,0.0016423072186409185,26,10,0.38461538461538464,1.0,100000000000000.0,184.00178428246332,0.13022830574001035,845.4534892228006,20845268.57286173,45.90210498710949,17.65465576427288
1.6700000000000002,std,-2,1673042690991.2302,0.0016730426909912302,15,10,0.6666666666666666,1.0,100000000000000.0,132.57394784826275,0.13049756574871402,847.3782587749689,20663395.94724198,45.69949710717349,30.466331404782327
1.68,std,-2,1704174954651.5007,0.0017041749546515008,48,10,0.20833333333333334,1.0,100000000000000.0,114.19422954682322,0.13075276135699798,849.2649429243123,20483655.625891827,45.49163312112389,9.47742356690081
1.69,std,-2,1735706835366.299,0.001735706835366299,44,10,0.22727272727272727,1.0,100000000000000.0,142.63248518393294,0.13099390458281196,851.1139768894561,20306017.043500546,45.27865858258869,10.290604223315611
1.7,std,-2,1767641162460.876,0.001767641162460876,35,10,0.2857142857142857,1.0,100000000000000.0,166.04927492355222,0.13122101448037002,852.9257928818944,20130450.13778125,45.06071938020723,12.874491251487779
1.71,std,-2,1799980768822.5461,0.001799980768822546,41,10,0.24390243902439024,1.0,100000000000000.0,160.29386795115695,0.13143411705488842,854.7008200523393,19956925.34045368,44.83796162254422,10.936088200620542
1.72,std,-2,1832728490882.2988,0.0018327284908822988,24,10,0.4166666666666667,1.0,100000000000000.0,176.94254437802098,0.13163324516982902,856.4394844364316,19785413.568385925,44.61053152423229,18.58772146843012
1.73,std,-2,1865887168596.5686,0.0018658871685965687,21,10,0.47619047619047616,1.0,100000000000000.0,164.39880800216127,0.1318184384469108,858.1422089106975,19615886.214899182,44.378575294087604,21.132654901946477
1.74,std,-2,1899459645429.2002,0.0018994596454292001,43,10,0.23255813953488372,1.0,100000000000000.0,112.49600686026693,0.13198974315916043,859.8094131461557,19448315.141239457,44.14223902469747,10.265636982487782
1.75,std,-2,1933448768333.5977,0.0019334487683335976,26,10,0.38461538461538464,1.0,100000000000000.0,114.72342551394179,0.13214721211728916,861.4415135693398,19282672.668198943,43.90166858410469,16.885257147732574
1.76,std,-2,1967857387735.053,0.0019678573877350528,39,10,0.2564102564102564,1.0,100000000000000.0,138.53367660707437,0.13229090454968861,863.0389233244063,19118931.567901675,43.65700950943348,11.194105002418839
1.77,std,-2,2002688357513.2478,0.0020026883575132476,39,10,0.2564102564102564,1.0,100000000000000.0,98.85820015798049,0.13242088597635046,864.602052241952,18957065.055737577,43.40840690284682,11.130360744319697
1.78,std,-2,2037944534984.908,0.002037944534984908,31,10,0.3225806451612903,1.0,100000000000000.0,92.88189864626732,0.1325372280770222,866.1313068053948,18797046.782446537,43.15600532950446,13.921292041775631
1.79,std,-2,2073628780886.653,0.002073628780886653,26,10,0.38461538461538464,1.0,100000000000000.0,119.91006858175665,0.13264000855391733,867.6270901264569,18638850.826349083,42.89994871822279,16.499980276239533
1.8,std,-2,2109743959357.9937,0.0021097439593579935,39,10,0.2564102564102564,1.0,100000000000000.0,186.99454182346898,0.1327293109893057,869.0898019187697,18482451.68572671,42.640380264405444,10.933430837027036
1.81,std,-2,2146292937924.4902,0.0021462929379244904,36,10,0.2777777777777778,1.0,100000000000000.0,147.22760734401302,0.13280522469831382,870.5198384764567,18327824.271332726,42.37744233565705,11.771511759904737
1.82,std,-2,2183278587481.0754,0.0021832785874810754,34,10,0.29411764705882354,1.0,100000000000000.0,185.0227509388049,0.132867844577269,871.9175926559581,18174943.89906127,42.111276380156426,12.38566952357542
1.83,std,-2,2220703782275.525,0.002220703782275525,28,10,0.35714285714285715,1.0,100000000000000.0,62.34732163025343,0.13291727094792347,873.2834538586059,18023786.282729935,41.84202283766068,14.943579584878814
1.84,std,-2,2258571399892.0723,0.002258571399892072,51,10,0.19607843137254902,1.0,100000000000000.0,72.35588280473786,0.13295360939789763,874.6178080152454,17874327.527015675,41.569821053385965,8.150945304585484
1.85,std,-2,2296884321235.211,0.002296884321235211,26,10,0.38461538461538464,1.0,100000000000000.0,82.36614843474098,0.13297697061768127,875.9210375774111,17726544.12051855,41.29480919499997,15.882618921153835
1.86,std,-2,2335645430513.5845,0.0023356454305135843,22,10,0.45454545454545453,1.0,100000000000000.0,86.85915184814866,0.1329874702345315,877.1935215038824,17580412.92894541,41.017124172246405,18.644147351021093
1.87,std,-2,2374857615224.0586,0.0023748576152240585,40,10,0.25,1.0,100000000000000.0,86.49744935765675,0.13298522864360543,878.4356352556852,17435911.18843124,40.73690155993204,10.18422538998301
1.8800000000000001,std,-2,2414523766135.9487,0.0024145237661359485,28,10,0.35714285714285715,1.0,100000000000000.0,87.64290914956523,0.13297037083666333,879.6477507896486,17293016.49898085,40.45427552382203,14.447955544222152
1.8900000000000001,std,-2,2454646777275.335,0.002454646777275335,38,10,0.2631578947368421,1.0,100000000000000.0,140.71810294871455,0.13294302622867502,880.8302365534513,17151706.818034906,40.16937874964577,10.570889144643624
1.9000000000000001,std,-2,2495229545909.5513,0.0024952295459095514,33,10,0.30303030303030304,1.0,100000000000000.0,99.84158002571353,0.13290332848265865,881.9834574862025,17011960.454154097,39.88234237542614,12.085558295583679
1.9100000000000001,std,-2,2536274972531.8057,0.0025362749725318058,53,10,0.18867924528301888,1.0,100000000000000.0,113.51540094159748,0.13285141533307546,883.107775016138,16873756.06082675,39.593295926791804,7.470433193734303
1.9200000000000002,std,-2,2577785960845.928,0.0025777859608459284,21,10,0.47619047619047616,1.0,100000000000000.0,134.1772970064794,0.13278742840810062,884.2035470624324,16737072.630372385,39.302367255560775,18.71541297883846
1.93,std,-2,2619765417751.235,0.0026197654177512347,34,10,0.29411764705882354,1.0,100000000000000.0,152.95741979292183,0.13271151305108214,885.2711280390015,16601889.488000676,39.009682481654984,11.473436024016172
1.94,std,-2,2662216253327.551,0.0026622162533275506,24,10,0.4166666666666667,1.0,100000000000000.0,63.10028144565162,0.1326238181414942,886.3108688582269,16468186.28592861,38.71536593804099,16.131402474183748
1.95,std,-2,2705141380820.3174,0.0027051413808203174,26,10,0.38461538461538464,1.0,100000000000000.0,101.07990249189572,0.13252449591568408,887.3231169374423,16335942.997650843,38.41954011905441,14.776746199636312
1.96,std,-2,2748543716625.847,0.002748543716625847,25,10,0.4,1.0,100000000000000.0,78.24025617370181,0.13241370178770218,888.3082162063384,16205139.912292665,38.12232563186044,15.248930252744177
1.97,std,-2,2792426180276.724,0.0027924261802767243,33,10,0.30303030303030304,1.0,100000000000000.0,106.58012924323972,0.13229159417049882,889.2665071137516,16075757.62908553,37.823841151075236,11.461770045780375
1.98,std,-2,2836791694427.266,0.002836791694427266,32,10,0.3125,1.0,100000000000000.0,59.073019688191586,0.13215833429775978,890.1983266411513,15947777.051919853,37.52420337674331,11.726313555232284
1.99,std,-2,2881643184839.1455,0.0028816431848391454,40,10,0.25,1.0,100000000000000.0,99.40711420970035,0.1320140860466449,891.1040083091059,15821179.384035045,37.22352699520702,9.305881748801754
2.0,std,-2,2926983580367.1206,0.0029269835803671204,31,10,0.3225806451612903,1.0,100000000000000.0,120.92484187163684,0.13185901576168338,891.9838821932531,15695946.122775251,36.921924643382674,11.910298272058927
2.01,std,-2,2972815812944.8823,0.002972815812944882,28,10,0.35714285714285715,1.0,100000000000000.0,66.39029929988872,0.13169329208006922,892.8382749341646,15572059.054465903,36.619506875881946,13.078395312814981
2.02,std,-2,3019142817570.9976,0.0030191428175709977,34,10,0.29411764705882354,1.0,100000000000000.0,142.76706142378606,0.13151708575859106,893.6675097550626,15449500.249373306,36.316382135442424,10.681288863365419
2.03,std,-2,3065967532294.9746,0.0030659675322949748,40,10,0.25,1.0,100000000000000.0,129.47153144848923,0.13133056950241706,894.4719064722204,15328252.056764135,36.012656726039566,9.003164181509892
2.04,std,-2,3113292898203.4453,0.0031132928982034454,30,10,0.3333333333333333,1.0,100000000000000.0,76.5191340660354,0.13113391779594796,895.2517815148713,15208297.100052891,35.708434789302,11.902811596433999
2.05,std,-2,3161121859406.4385,0.0031611218594064386,26,10,0.38461538461538464,1.0,100000000000000.0,85.55869160192682,0.13092730673593825,896.007447940262,15089618.27204791,35.4038182836176,13.616853186006772
2.0599999999999996,std,-2,3209457363023.7764,0.003209457363023776,34,10,0.29411764705882354,1.0,100000000000000.0,115.49794206768513,0.1307109138670736,896.7392154507429,14972198.730271557,35.09890696610615,10.32320793120769
2.07,std,-2,3258302359171.566,0.003258302359171566,42,10,0.23809523809523808,1.0,100000000000000.0,84.45869591066526,0.1304849180201844,897.4473904124008,14856021.89238433,34.79379837745136,8.28423770891699
2.0799999999999996,std,-2,3307659800948.787,0.003307659800948787,31,10,0.3225806451612903,1.0,100000000000000.0,96.9460870680072,0.1302494991532604,898.1322758740498,14741071.431683572,34.488587829417185,11.12535091271522
2.09,std,-2,3357532644424.0024,0.0033575326444240023,46,10,0.21739130434782608,1.0,100000000000000.0,43.58535958322406,0.13000483819542183,898.7941715874756,14627331.272682121,34.18336839503408,7.431167042398712
2.0999999999999996,std,-2,3407923848622.1465,0.0034079238486221463,23,10,0.43478260869565216,1.0,100000000000000.0,53.409487068285216,0.12975111689399202,899.4333740255308,14514785.586787315,33.8782309013092,14.72966560926487
2.11,std,-2,3458836375511.4355,0.0034588363755114356,37,10,0.2702702702702703,1.0,100000000000000.0,115.8330915532398,0.12948851766480282,900.0501764053545,14403418.788036415,33.573263924568494,9.073855114748241
2.1199999999999997,std,-2,3510273189990.3447,0.0035102731899903446,40,10,0.25,1.0,100000000000000.0,75.38803558415808,0.1292172234458553,900.6448687076755,14293215.5289337,33.268553788121665,8.317138447030416
2.13,std,-2,3562237259874.725,0.0035622372598747253,46,10,0.21739130434782608,1.0,100000000000000.0,103.60994121148626,0.12893741755444604,901.217737700032,14184160.69634576,32.96418456237472,7.166127078777112
2.1399999999999997,std,-2,3614731555884.9717,0.0036147315558849717,41,10,0.24390243902439024,1.0,100000000000000.0,75.97511739935405,0.12864928354785926,901.7690669572828,14076239.407488255,32.660238067145855,7.965911723694111
2.15,std,-2,3667759051633.3057,0.0036677590516333057,68,10,0.14705882352941177,1.0,100000000000000.0,76.33901117425259,0.12835300508771263,902.2991368861684,13969437.005973084,32.35679387628744,4.758352040630506
2.1599999999999997,std,-2,3721322723611.179,0.0037213227236111792,40,10,0.25,1.0,100000000000000.0,87.49871703251213,0.12804876580803742,902.8082247469642,13863739.057946578,32.053929324353454,8.013482331088364
2.17,std,-2,3775425551176.6855,0.0037754255511766857,65,10,0.15384615384615385,1.0,100000000000000.0,56.24121185131148,0.12773674918715994,903.296604677862,13759131.34827611,31.751719515342252,4.88487992543727
2.1799999999999997,std,-2,3830070516542.1816,0.0038300705165421815,32,10,0.3125,1.0,100000000000000.0,59.4470505015158,0.1274171384234439,903.7645477168908,13655599.876833957,31.45023733336355,9.828199166676109
2.19,std,-2,3885260604761.892,0.0038852606047618922,45,10,0.2222222222222222,1.0,100000000000000.0,62.01311034449573,0.12709011631494216,904.2123218292749,13553130.854817575,31.149553455289123,6.922122990064249
2.1999999999999997,std,-2,3940998803719.642,0.003940998803719642,30,10,0.3333333333333333,1.0,100000000000000.0,73.94524041500887,0.12675586514299808,904.6401919281238,13451710.70117912,30.849736365051164,10.283245455017054
2.21,std,-2,3997288104116.723,0.003997288104116723,30,10,0.3333333333333333,1.0,100000000000000.0,95.73946934460449,0.12641456655982633,905.048419901387,13351326.039074074,30.55085236975461,10.18361745658487
2.2199999999999998,std,-2,4054131499459.7476,0.004054131499459748,36,10,0.2777777777777778,1.0,100000000000000.0,76.86410908112572,0.1260664014800965,905.4372646359895,13251963.692418212,30.252965617412062,8.40360156039224
2.23,std,-2,4111531986048.6914,0.004111531986048691,27,10,0.37037037037037035,1.0,100000000000000.0,55.915867820238724,0.1257115499765309,905.8069820427285,13153610.682476113,29.95613811617111,11.094865968952263
2.2399999999999998,std,-2,4169492562964.9365,0.004169492562964936,53,10,0.18867924528301888,1.0,100000000000000.0,61.35819295842812,0.12535019117952442,906.1578250814598,13056254.22453316,29.660429755058715,5.596307500954475
2.25,std,-2,4228016232059.4634,0.004228016232059463,32,10,0.3125,1.0,100000000000000.0,87.96082621655849,0.12498250318078254,906.4900437874269,12959881.724614153,29.36589832610709,9.176843226908465
2.26,std,-2,4287105997941.064,0.004287105997941064,32,10,0.3125,1.0,100000000000000.0,83.26059334780193,0.12460866294096873,906.8038852947243,12864480.776277887,29.072599547720603,9.085187358662688
2.27,std,-2,4346764867964.7065,0.0043467648679647065,36,10,0.2777777777777778,1.0,100000000000000.0,115.88045841369289,0.12422884620134438,907.0995938650424,12770039.157449897,28.78058708938672,7.994607524829645
2.28,std,-2,4406995852219.907,0.004406995852219907,45,10,0.2222222222222222,1.0,100000000000000.0,69.88131090764917,0.12384322739937846,907.3774109103709,12676544.827336488,28.48991259738625,6.331091688308056
2.29,std,-2,4467801963519.24,0.0044678019635192405,42,10,0.23809523809523808,1.0,100000000000000.0,68.0161931261788,0.12345197958829715,907.6375750208708,12583985.923375618,28.200625721690677,6.714434695640637
2.3,std,-2,4529186217386.892,0.004529186217386892,35,10,0.2857142857142857,1.0,100000000000000.0,85.34260180578175,0.12305527436053831,907.8803219891663,12492350.758259717,27.912774143772374,7.975078326792106
2.31,std,-2,4591151632047.307,0.004591151632047307,44,10,0.22727272727272727,1.0,100000000000000.0,71.01830794005173,0.12265328177506969,908.1058848397149,12401627.816991834,27.626403605441222,6.278728092145732
2.32,std,-2,4653701228413.919,0.0046537012284139185,46,10,0.21739130434782608,1.0,100000000000000.0,50.67585695982636,0.12224617028852493,908.3144938498341,12311805.754026573,27.34155793833774,5.9438169431169
2.3299999999999996,std,-2,4716838030077.939,0.004716838030077939,65,10,0.15384615384615385,1.0,100000000000000.0,71.60449480504269,0.12183410669010708,908.506376579944,12222873.3904306,27.05827909441028,4.162812168370813
2.34,std,-2,4780565063297.22,0.0047805650632972195,35,10,0.2857142857142857,1.0,100000000000000.0,72.70675683512772,0.12141725604020252,908.681757898396,12134819.711121293,26.77660717698862,7.65045919342532
2.3499999999999996,std,-2,4844885356985.223,0.004844885356985223,59,10,0.1694915254237288,1.0,100000000000000.0,30.882076475485782,0.12099578161264772,908.8408600061234,12047633.862132035,26.496580472439355,4.490945842786331
2.36,std,-2,4909801942700.027,0.0049098019427000275,44,10,0.22727272727272727,1.0,100000000000000.0,41.43037653183018,0.12056984484058411,908.9839024654748,11961305.147949908,26.21823548256741,5.958689882401685
2.3699999999999997,std,-2,4975317854633.428,0.004975317854633427,43,10,0.23255813953488372,1.0,100000000000000.0,75.64517205743594,0.12013960526583477,909.1111022233873,11875823.028886234,25.941606957324787,6.032931850540648
2.38,std,-2,5041436129600.111,0.005041436129600112,40,10,0.25,1.0,100000000000000.0,71.21066084943273,0.11970522049173256,909.2226736400864,11791177.118503083,25.666727928146205,6.416681982036551
2.3899999999999997,std,-2,5108159807026.867,0.005108159807026867,35,10,0.2857142857142857,1.0,100000000000000.0,28.108249946252574,0.1192668461393275,909.3188285130649,11707357.181081956,25.393629741525828,7.255322783293093
2.4,std,-2,5175491928941.934,0.005175491928941934,52,10,0.19230769230769232,1.0,100000000000000.0,82.89456908913219,0.11882463580689664,909.3997761037233,11624353.129135568,25.12234209299531,4.831219633268329
2.4099999999999997,std,-2,5243435539964.353,0.005243435539964352,61,10,0.16393442622950818,1.0,100000000000000.0,60.5179155361934,0.11837874103268001,909.4657231638554,11542155.020976886,24.852893061397953,4.074244764163598
2.42,std,-2,5311993687293.427,0.005311993687293427,46,10,0.21739130434782608,1.0,100000000000000.0,53.01004992437938,0.11792931126076286,909.516873959828,11460753.05831884,24.585309143291617,5.3446324224546995
2.4299999999999997,std,-2,5381169420698.251,0.005381169420698251,18,10,0.5555555555555556,1.0,100000000000000.0,64.17563207031341,0.1174764938100209,909.5534303005197,11380137.583922423,24.319615287635866,13.510897382019927
2.44,std,-2,5450965792507.284,0.005450965792507284,58,10,0.1724137931034483,1.0,100000000000000.0,37.25684127406059,0.11702043384604897,909.5755915613896,11300299.079290532,24.055834930501067,4.147557746638116
2.4499999999999997,std,-2,5521385857597.993,0.005521385857597993,58,10,0.1724137931034483,1.0,100000000000000.0,40.74327553400467,0.11656127435598546,909.5835547097984,11221228.162397789,23.793990029873857,4.102412074116183
2.46,std,-2,5592432673386.608,0.005592432673386608,40,10,0.25,1.0,100000000000000.0,39.55661467030165,0.11609915612615085,909.5775143314261,11142915.58546343,23.53410110052484,5.88352527513121
2.4699999999999998,std,-2,5664109299817.874,0.005664109299817874,54,10,0.18518518518518517,1.0,100000000000000.0,80.20790545644138,0.11563421772241134,909.5576626548101,11065352.232765501,23.27618724881387,4.310405046076642
2.48,std,-2,5736418799354.938,0.005736418799354938,50,10,0.2,1.0,100000000000000.0,55.11686613327619,0.11516659547318477,909.5241895778075,10988529.118494129,23.02026620748931,4.604053241497862
2.4899999999999998,std,-2,5809364236969.225,0.005809364236969225,33,10,0.30303030303030304,1.0,100000000000000.0,46.29747117272363,0.11469642345499854,909.47728269021,10912437.38464076,22.76635437028795,6.898895263723621
2.5,std,-2,5882948680130.469,0.005882948680130469,40,10,0.25,1.0,100000000000000.0,69.70201654038041,0.11422383348051643,909.417127301078,10837068.298925612,22.5144668265249,5.628616706631225
2.51,std,-2,5957175198796.729,0.0059571751987967285,56,10,0.17857142857142858,1.0,100000000000000.0,72.8506912217377,0.11374895508894493,909.3439064624517,10762413.25276639,22.264617395431994,3.9758245348985706
2.52,std,-2,6032046865404.494,0.006032046865404494,51,10,0.19607843137254902,1.0,100000000000000.0,49.46754628943374,0.11327191553873434,909.2578009940235,10688463.759278566,22.01681866031066,4.31702326672758
2.53,std,-2,6107566754858.893,0.0061075667548588924,38,10,0.2631578947368421,1.0,100000000000000.0,52.44584300789562,0.112792839802488,909.1589895075646,10615211.451314276,21.771082002452978,5.729232105908678
2.54,std,-2,6183737944523.865,0.006183737944523865,44,10,0.22727272727272727,1.0,100000000000000.0,60.68216621221186,0.11231185056399447,909.0476484315758,10542648.079530537,21.52741763479509,4.892594916998884
2.55,std,-2,6260563514212.529,0.00626056351421253,46,10,0.21739130434782608,1.0,100000000000000.0,56.947557535068334,0.11182906821729809,908.9239520354223,10470765.510502744,21.2858346352914,4.62735535549813
2.56,std,-2,6338046546177.482,0.0063380465461774825,47,10,0.2127659574468085,1.0,100000000000000.0,38.722978281206125,0.1113446108677235,908.7880724530455,10399555.724859066,21.046340979937778,4.477944889348463
2.57,std,-2,6416190125101.238,0.006416190125101238,55,10,0.18181818181818182,1.0,100000000000000.0,54.34127383831189,0.11085859433477233,908.6401797065836,10329010.815461004,20.80894357548071,3.7834442864510387
2.5799999999999996,std,-2,6494997338086.72,0.00649499733808672,23,10,0.43478260869565216,1.0,100000000000000.0,56.67809613850493,0.11037113215680884,908.4804417312009,10259122.985599501,20.573648291758236,8.945064474677494
2.59,std,-2,6574471274647.777,0.006574471274647778,72,10,0.1388888888888889,1.0,100000000000000.0,50.9517228605175,0.10988233559745512,908.3090243980163,10189884.547240347,20.34045999364944,2.825063888006867
2.5999999999999996,std,-2,6654615026699.77,0.006654615026699769,48,10,0.20833333333333334,1.0,100000000000000.0,29.335464415517844,0.109392313653616,908.1260915366051,10121287.9192909,20.109382572593507,4.189454702623648
2.61,std,-2,6735431688550.258,0.006735431688550258,34,10,0.29411764705882354,1.0,100000000000000.0,48.79943089068783,0.108901173065055,907.9318049584425,10053325.625898778,19.880418977713717,5.8471820522687405
2.6199999999999997,std,-2,6816924356889.658,0.006816924356889658,65,10,0.15384615384615385,1.0,100000000000000.0,54.971339733389144,0.1084090183254463,907.7263244823135,9985990.294780755,19.653571246548246,3.0236263456228074
2.63,std,-2,6899096130782.085,0.006899096130782085,49,10,0.20408163265306123,1.0,100000000000000.0,84.19862824893688,0.10791595169482557,907.5098079524545,9919274.6555814,19.42884053517148,3.9650694969737716
2.6399999999999997,std,-2,6981950111656.098,0.006981950111656097,56,10,0.17857142857142858,1.0,100000000000000.0,40.4317458219088,0.10742207321336858,907.2824112661333,9853171.53826193,19.206227148060627,3.4296834192965404
2.65,std,-2,7065489403295.64,0.007065489403295639,21,10,0.47619047619047616,1.0,100000000000000.0,54.83160842659868,0.10692748071642302,907.0442883926183,9787673.871516135,18.985730567295807,9.04082407966467
2.6599999999999997,std,-2,7149717111830.951,0.0071497171118309515,39,10,0.2564102564102564,1.0,100000000000000.0,42.84375503946215,0.10643226985072582,906.7955913960836,9722774.681209411,18.767349481350724,4.812140892654031
2.67,std,-2,7234636345729.563,0.007234636345729563,45,10,0.2222222222222222,1.0,100000000000000.0,52.24583572503751,0.10593653409173551,906.5364704595437,9658467.088857314,18.55108181343044,4.122462625206764
2.6799999999999997,std,-2,7320250215787.323,0.007320250215787323,53,10,0.18867924528301888,1.0,100000000000000.0,52.57759981741119,0.10544036476201399,906.2670739042245,9594744.310116976,18.33692474918221,3.4597971224872097
2.69,std,-2,7406561835119.5625,0.007406561835119563,57,10,0.17543859649122806,1.0,100000000000000.0,39.01738645190219,0.1049438510505919,905.9875482126705,9531599.653310519,18.124874763983474,3.1798025901725393
2.6999999999999997,std,-2,7493574319152.15,0.00749357431915215,47,10,0.2127659574468085,1.0,100000000000000.0,40.476506137447146,0.10444708003325524,905.6980380503971,9469026.51798176,17.914927649695038,3.8116867339776674
2.71,std,-2,7581290785612.824,0.007581290785612824,47,10,0.2127659574468085,1.0,100000000000000.0,54.935014594101574,0.10395013669369071,905.3986862854418,9407018.393461363,17.707078540817133,3.7674635193227943
2.7199999999999998,std,-2,7669714354522.324,0.007669714354522324,41,10,0.24390243902439024,1.0,100000000000000.0,22.283519601681128,0.10345310394543139,905.0896340120738,9345568.857473286,17.501321940232124,4.268615107373689
2.73,std,-2,7758848148185.796,0.007758848148185796,31,10,0.3225806451612903,1.0,100000000000000.0,65.26627291474733,0.10295606265454338,904.7710205690474,9284671.574754989,17.297651744288242,5.57988765944782
2.7399999999999998,std,-2,7848695291184.138,0.007848695291184137,54,10,0.18518518518518517,1.0,100000000000000.0,34.422440695249215,0.10245909166299956,904.4429835626197,9224320.295706078,17.096061267452512,3.1659372717504652
2.75,std,-2,7939258910365.397,0.007939258910365397,36,10,0.2777777777777778,1.0,100000000000000.0,51.60731046557112,0.10196226781268383,904.1056588852948,9164508.855059594,16.89654326634444,4.693484240651234
2.76,std,-2,8030542134836.239,0.00803054213483624,36,10,0.2777777777777778,1.0,100000000000000.0,43.11126735110481,0.10146566596997589,903.7591807370969,9105231.170576822,16.69908996328454,4.638636100912372
2.77,std,-2,8122548095953.511,0.008122548095953511,56,10,0.17857142857142858,1.0,100000000000000.0,39.618227945134635,0.10096935905086413,903.4036816453888,9046481.241760328,16.503693069271755,2.947088048084242
2.78,std,-2,8215279927315.755,0.008215279927315754,39,10,0.2564102564102564,1.0,100000000000000.0,45.51822466727972,0.1004734180465394,903.0392924842656,8988253.148596747,16.310343806433348,4.182139437547012
2.79,std,-2,8308740764754.861,0.008308740764754862,51,10,0.19607843137254902,1.0,100000000000000.0,43.50517450755875,0.09997791204942123,902.6661424960508,8930541.050315544,16.11903292996939,3.1605946921508608
2.8,std,-2,8402933746327.72,0.00840293374632772,42,10,0.23809523809523808,1.0,100000000000000.0,45.64368919263405,0.09948290827957305,902.2843593079612,8873339.184167327,15.929750749476039,3.792797797494295
2.81,std,-2,8497862012307.976,0.008497862012307976,47,10,0.2127659574468085,1.0,100000000000000.0,56.40056502361117,0.09898847211146117,901.894068954408,8816641.86423281,15.742487149860168,3.349465351034078
2.82,std,-2,8593528705177.731,0.008593528705177732,40,10,0.25,1.0,100000000000000.0,53.369197481917794,0.09849466710101733,901.4953958945122,8760443.480241075,15.557231611622827,3.8893079029057067
2.8299999999999996,std,-2,8689936969619.444,0.008689936969619444,97,10,0.10309278350515463,1.0,100000000000000.0,37.52847453058601,0.09800155501296365,901.0884630300211,8704738.496411402,15.373973230636858,1.5849456938800883
2.84,std,-2,8787089952507.71,0.00878708995250771,93,10,0.10752688172043011,1.0,100000000000000.0,52.489931408196995,0.09750919584836228,900.6733917270739,8649521.450322606,15.19270073748767,1.633623735213728
2.8499999999999996,std,-2,8884990802901.238,0.00888499080290124,42,10,0.23809523809523808,1.0,100000000000000.0,49.190571397001534,0.097017647872353,900.2503018319032,8594786.951786837,15.01340251617101,3.574619646707383
2.86,std,-2,8983642672034.775,0.008983642672034775,59,10,0.1694915254237288,1.0,100000000000000.0,37.91342815331613,0.09652696764204288,899.8193116904987,8540529.681758447,14.836066622380912,2.5145875631154087
2.8699999999999997,std,-2,9083048713311.104,0.009083048713311103,22,10,0.45454545454545453,1.0,100000000000000.0,46.732377011358984,0.09603721003451575,899.3805381665455,8486744.391249523,14.660680801245682,6.663945818748037
2.88,std,-2,9183212082293.156,0.009183212082293156,45,10,0.2222222222222222,1.0,100000000000000.0,44.4038179189283,0.0955484282749277,898.9340966593643,8433425.9002663,14.487232504573344,3.2193850010162985
2.8899999999999997,std,-2,9284135936695.994,0.009284135936695994,52,10,0.19230769230769232,1.0,100000000000000.0,47.403280258068584,0.09506067396466021,898.4801011218511,8380569.09677265,14.315708907623826,2.7530209437738127
2.9,std,-2,9385823436379.11,0.00938582343637911,53,10,0.18867924528301888,1.0,100000000000000.0,65.61741530590481,0.09457399710949974,898.0186640774998,8328168.935656688,14.146096925358643,2.6690748915771025
2.9099999999999997,std,-2,9488277743338.457,0.009488277743338457,84,10,0.11904761904761904,1.0,100000000000000.0,46.54119852683893,0.0940884461478178,897.5498966382075,8276220.437724468,13.97838322824461,1.6640932414576917
2.92,std,-2,9591502021698.828,0.009591502021698829,93,10,0.10752688172043011,1.0,100000000000000.0,55.527050303367744,0.09360406797872392,897.0739085221022,8224718.688710108,13.812554257587397,1.4852208879126234
2.9299999999999997,std,-2,9695499437706.004,0.009695499437706003,36,10,0.2777777777777778,1.0,100000000000000.0,54.54795299058878,0.09312090799016796,896.590808069,8173658.8382961275,13.648596240356046,3.7912767334322353
2.94,std,-2,9800273159719.164,0.009800273159719163,40,10,0.25,1.0,100000000000000.0,26.952656350167608,0.09263901008696694,896.1007022583219,8123036.099160874,13.486495203609913,3.371623800902478
2.9499999999999997,std,-2,9905826358203.24,0.009905826358203241,44,10,0.22727272727272727,1.0,100000000000000.0,41.32280820133569,0.09215841671873516,895.6036967263626,8072845.746031287,13.326236988450335,3.028690224647803
2.96,std,-2,10012162205721.31,0.010012162205721311,53,10,0.18867924528301888,1.0,100000000000000.0,54.17573705694552,0.09167916890769558,895.0998957807184,8023083.114753859,13.167807263495265,2.4844919365085407
2.9699999999999998,std,-2,10119283876927.03,0.010119283876927029,42,10,0.23809523809523808,1.0,100000000000000.0,39.326086747984526,0.0912013062763538,894.5894024190097,7973743.601392691,13.011191538006695,3.097902747144451
2.98,std,-2,10227194548557.21,0.01022719454855721,74,10,0.13513513513513514,1.0,100000000000000.0,35.80727721739983,0.09072486707501438,894.0723183420115,7924822.661321773,12.856375174477645,1.7373479965510332
2.9899999999999998,std,-2,10335897399424.244,0.010335897399424244,49,10,0.20408163265306123,1.0,100000000000000.0,36.9704468321234,0.09024988820912404,893.5487439733149,7876315.808353685,12.703343400935603,2.5925190614154294
3.0,std,-2,10445395610408.82,0.01044539561040882,59,10,0.1694915254237288,1.0,100000000000000.0,61.86243889106693,0.0897764052664229,893.0187784708702,7828218.613865179,12.552081322692352,2.127471410625822
3.01,std,-2,10555692364452.424,0.010555692364452423,105,10,0.09523809523809523,1.0,100000000000000.0,34.96967156793471,0.08930445254389056,892.4825197469391,7780526.705950752,12.402573933838495,1.181197517508428
3.02,std,-2,10666790846550.066,0.010666790846550067,64,10,0.15625,1.0,100000000000000.0,42.836466507535775,0.08883406307447111,891.9400644791004,7733235.768582869,12.254806128208514,1.9148134575325804
3.03,std,-2,10778694243743.012,0.010778694243743012,84,10,0.11904761904761904,1.0,100000000000000.0,44.52229253320153,0.08836526865356453,891.3915081289276,7686341.540784624,12.108762710070147,1.441519370246446
3.04,std,-2,10891405745111.479,0.01089140574511148,56,10,0.17857142857142858,1.0,100000000000000.0,38.319042651235556,0.08789809986527143,890.8369449545602,7639839.815826388,11.964428404371326,2.1365050722091654
3.05,std,-2,11004928541767.436,0.011004928541767435,94,10,0.10638297872340426,1.0,100000000000000.0,28.64996149264412,0.08743258610838046,890.2764680279278,7593726.440420668,11.821787866661959,1.2576370070916978
3.06,std,-2,11119265826847.473,0.011119265826847472,61,10,0.16393442622950818,1.0,100000000000000.0,28.950376283917336,0.08696875562208634,889.7101692464933,7547997.313944066,11.680825692606575,1.9148894578043565
3.07,std,-2,11234420795505.611,0.011234420795505611,79,10,0.12658227848101267,1.0,100000000000000.0,58.52998843916705,0.08650663551143015,889.138139351103,7502648.387664568,11.541526427218292,1.460952712306113
3.08,std,-2,11350396644906.266,0.011350396644906266,44,10,0.22727272727272727,1.0,100000000000000.0,19.50059133683154,0.08604625177245216,888.5604679367912,7457675.663981256,11.403874573658626,2.5917896758315058
3.09,std,-2,11467196574217.168,0.011467196574217168,49,10,0.20408163265306123,1.0,100000000000000.0,40.587441643063265,0.08558762931704852,887.9772434700036,7413075.195680463,11.267854601795712,2.299562163631778
3.0999999999999996,std,-2,11584823784602.363,0.011584823784602363,66,10,0.15151515151515152,1.0,100000000000000.0,33.63097108220661,0.08513079199752545,887.3885533004081,7368843.085202581,11.13345095636539,1.6868865085402107
3.11,std,-2,11703281479215.24,0.01170328147921524,104,10,0.09615384615384616,1.0,100000000000000.0,48.80664790820551,0.08467576263084305,886.7944836773584,7324975.48391775,11.000648064871104,1.0577546216222216
3.1199999999999997,std,-2,11822572863191.568,0.011822572863191569,76,10,0.13157894736842105,1.0,100000000000000.0,35.732119050434505,0.08422256302254322,886.1951197588855,7281468.591418872,10.869430345090278,1.4301882033013522
3.13,std,-2,11942701143642.656,0.011942701143642657,87,10,0.11494252873563218,1.0,100000000000000.0,26.80676843433172,0.08377121399035611,885.5905456310697,7238318.654820386,10.739782212401598,1.2344577255634022
3.1399999999999997,std,-2,12063669529648.428,0.012063669529648428,57,10,0.17543859649122806,1.0,100000000000000.0,28.120865622580425,0.08332173538748046,884.9808443174798,7195521.968076602,10.611688086708305,1.8616996643347903
3.15,std,-2,12185481232250.69,0.012185481232250689,60,10,0.16666666666666666,1.0,100000000000000.0,20.78699152809407,0.08287414612553251,884.3660977918338,7153074.871296239,10.485132399096111,1.7475220665160185
3.1599999999999997,std,-2,12308139464446.256,0.012308139464446257,54,10,0.18518518518518517,1.0,100000000000000.0,41.152213341539685,0.08242846419716175,883.7463869949545,7110973.750088734,10.360099598295907,1.91853696264739
3.17,std,-2,12431647441180.264,0.012431647441180263,65,10,0.15384615384615385,1.0,100000000000000.0,19.981319315869495,0.0819847066983287,883.1217918442536,7069215.034901877,10.236574156758707,1.5748575625782626
3.1799999999999997,std,-2,12556008379339.445,0.012556008379339446,87,10,0.11494252873563218,1.0,100000000000000.0,31.63847284584592,0.0815428898502426,882.4923912466609,7027795.200383879,10.11454057653126,1.162590870865662
3.19,std,-2,12681225497745.45,0.01268122549774545,84,10,0.11904761904761904,1.0,100000000000000.0,41.616433410054974,0.08110302902095701,881.8582631133876,6986710.76474544,9.993983394882699,1.189759927962226
3.1999999999999997,std,-2,12807302017148.26,0.01280730201714826,61,10,0.16393442622950818,1.0,100000000000000.0,40.23206979665589,0.08066513874662186,881.2194843695448,6945958.289138465,9.874887189634034,1.618833965513776
3.21,std,-2,12934241160219.51,0.01293424116021951,24,10,0.4166666666666667,1.0,100000000000000.0,34.60944690021721,0.08022923275238983,880.5761309688176,6905534.377048772,9.757236584311165,4.065515243462986
3.2199999999999998,std,-2,13062046151545.977,0.013062046151545976,43,10,0.23255813953488372,1.0,100000000000000.0,32.04669088989343,0.07979532397297763,879.9282779045592,6865435.673682141,9.641016253000394,2.2420968030233475
3.23,std,-2,13190720217623.068,0.013190720217623068,91,10,0.10989010989010989,1.0,100000000000000.0,36.02915131346453,0.07936342457287976,879.2759992204843,6825658.865381889,9.526210925005081,1.0468363653851738
3.2399999999999998,std,-2,13320266586848.254,0.013320266586848255,66,10,0.15151515151515152,1.0,100000000000000.0,43.49496882403987,0.07893354596623703,878.6193680256997,6786200.679036681,9.412805389303134,1.4261826347428992
3.25,std,-2,13450688489514.719,0.01345068848951472,93,10,0.10752688172043011,1.0,100000000000000.0,38.41796156011426,0.07850569883635809,877.9584565023998,6747057.881511198,9.300784498730614,1.0000843547022167
3.26,std,-2,13581989157804.857,0.013581989157804857,62,10,0.16129032258064516,1.0,100000000000000.0,22.49965947384367,0.07807989315489611,877.2933359213008,6708227.279078383,9.190133174032447,1.4822795441987817
3.27,std,-2,13714171825783.908,0.013714171825783909,69,10,0.14492753623188406,1.0,100000000000000.0,31.540946063671576,0.0776561382006801,876.6240766495143,6669705.71686476,9.08083640763771,1.3160632474837262
3.28,std,-2,13847239729393.63,0.013847239729393631,66,10,0.15151515151515152,1.0,100000000000000.0,33.97032042609705,0.07723444257820353,875.950748165132,6631490.078299773,8.972879267305988,1.3595271617130285
3.29,std,-2,13981196106445.975,0.013981196106445975,69,10,0.14492753623188406,1.0,100000000000000.0,28.980869507952026,0.07681481423577075,875.2734190652334,6593577.284582875,8.866246899529616,1.284963318772408
3.3,std,-2,14116044196616.691,0.014116044196616691,62,10,0.16129032258064516,1.0,100000000000000.0,29.48898204222467,0.07639726048330328,874.5921570792622,6555964.294144623,8.760924532790641,1.4130523439984906
3.31,std,-2,14251787241439.354,0.014251787241439353,83,10,0.12048192771084337,1.0,100000000000000.0,35.676938136234845,0.0759817880098082,873.9070290778848,6518648.1021335395,8.656897480619335,1.0429996964601609
3.32,std,-2,14388428484298.775,0.014388428484298775,53,10,0.18867924528301888,1.0,100000000000000.0,30.077732460200536,0.07556840290051019,873.2181010868583,6481625.739898744,8.55415114451632,1.6139907819842114
3.33,std,-2,14525971170425.154,0.014525971170425154,82,10,0.12195121951219512,1.0,100000000000000.0,26.69303821446622,0.07515711065365033,872.5254382925781,6444894.2744803615,8.452671016627578,1.0308135386131192
3.34,std,-2,14664418546887.707,0.014664418546887707,58,10,0.1724137931034483,1.0,100000000000000.0,28.698675793087023,0.07474791619695409,871.8291050576914,6408450.8081216905,8.352442682378623,1.4400763245480386
3.3499999999999996,std,-2,14803773862588.654,0.014803773862588654,79,10,0.12658227848101267,1.0,100000000000000.0,28.036732817678846,0.0743408239037712,871.1291649282551,6372292.477769603,8.253451822846012,1.0447407370691155
3.36,std,-2,14944040368257.113,0.014944040368257113,88,10,0.11363636363636363,1.0,100000000000000.0,36.1534172520886,0.07393583760889016,870.4256806447856,6336416.454597149,8.15568421703834,0.9267822973907205
3.3699999999999997,std,-2,15085221316443.006,0.015085221316443007,64,10,0.15625,1.0,100000000000000.0,28.30974794576715,0.07353296062403111,869.7187141531751,6300819.9435306,8.059125744028291,1.2592383975044206
3.38,std,-2,15227319961511.139,0.01522731996151114,49,10,0.20408163265306123,1.0,100000000000000.0,39.025245598090066,0.07313219575301971,869.0083266124759,6265500.18277916,7.963762384911241,1.6252576295737227
3.3899999999999997,std,-2,15370339559635.05,0.01537033955963505,62,10,0.16129032258064516,1.0,100000000000000.0,28.61497930422061,0.07273354530664589,868.2945784070687,6230454.443376221,7.869580224677328,1.2692871330124722
3.4,std,-2,15514283368791.225,0.015514283368791225,75,10,0.13333333333333333,1.0,100000000000000.0,22.263109074204248,0.07233701111721073,867.5775291555653,6195680.028727723,7.776565453924241,1.0368753938565654
3.4099999999999997,std,-2,15659154648753.033,0.015659154648753032,55,10,0.18181818181818182,1.0,100000000000000.0,35.84306780543132,0.07194259455276497,866.8572377188618,6161174.274165404,7.684704370436375,1.3972189764429772
3.42,std,-2,15804956661084.945,0.015804956661084946,56,10,0.17857142857142858,1.0,100000000000000.0,27.19915171723694,0.07155029653104333,866.1337622126197,6126934.5465087,7.593983380686669,1.3560684608369051
3.4299999999999997,std,-2,15951692669136.562,0.015951692669136562,41,10,0.24390243902439024,1.0,100000000000000.0,31.12025406873159,0.07116011753309788,865.4071600138872,6092958.2436328735,7.504389001170106,1.8303387807731966
3.44,std,-2,16099365938036.883,0.01609936593803688,87,10,0.11494252873563218,1.0,100000000000000.0,39.172665731253005,0.07077205761663512,864.6774877709419,6059242.794044905,7.415907859657164,0.8524032022594441
3.4499999999999997,std,-2,16247979734688.395,0.016247979734688396,64,10,0.15625,1.0,100000000000000.0,33.03794767345603,0.07038611642905952,863.9448014136691,6025785.656462501,7.328526696340562,1.1450822963032128
3.46,std,-2,16397537327761.44,0.01639753732776144,109,10,0.09174311926605505,1.0,100000000000000.0,28.96532258366033,0.07000229322022894,863.2091561605862,5992584.319403749,7.2422323648559335,0.6644249876014618
3.4699999999999998,std,-2,16548041987688.264,0.016548041987688264,73,10,0.136986301369863,1.0,100000000000000.0,23.476649466002804,0.06962058685492503,862.4706065311002,5959636.300782556,7.157011833247648,0.980412579896938
3.48,std,-2,16699496986657.553,0.016699496986657552,85,10,0.11764705882352941,1.0,100000000000000.0,34.36707445557671,0.06924099582504298,861.7292063486844,5926939.147505195,7.07285218475732,0.8321002570302729
3.4899999999999998,std,-2,16851905598608.555,0.016851905598608555,94,10,0.10638297872340426,1.0,100000000000000.0,36.13176205791906,0.06886351826150523,860.9850087550157,5894490.435082389,6.989740618624661,0.7435894275132618
3.5,std,-2,17005271099225.5,0.0170052710992255,114,10,0.08771929824561403,1.0,100000000000000.0,30.538637090541897,0.06848815194590231,860.2380662156102,5862287.767236518,6.907664450716499,0.6059354781330262
3.51,std,-2,17159596765931.977,0.017159596765931977,94,10,0.10638297872340426,1.0,100000000000000.0,22.77934707820553,0.06811489432186627,859.488430529175,5830328.775524363,6.8266111141144705,0.7262352249057947
3.52,std,-2,17314885877885.365,0.017314885877885364,71,10,0.14084507042253522,1.0,100000000000000.0,23.82936844200924,0.06774374250617998,858.7361528354362,5798611.1189587405,6.746568159601425,0.9502208675494965
3.53,std,-2,17471141715971.17,0.01747114171597117,108,10,0.09259259259259259,1.0,100000000000000.0,25.777697400839248,0.0673746932996273,857.9812836238627,5767132.483642135,6.667523256085186,0.617363264452332
3.54,std,-2,17628367562797.633,0.017628367562797634,97,10,0.10309278350515463,1.0,100000000000000.0,29.47685527472085,0.06700774319758737,857.2238727422563,5735890.582397208,6.589464190936697,0.6793262052512059
3.55,std,-2,17786566702690.06,0.01778656670269006,93,10,0.10752688172043011,1.0,100000000000000.0,27.608302692963424,0.06664288840037871,856.4639694018512,5704883.154414197,6.512378870243684,0.7002557924993209
3.56,std,-2,17945742421685.43,0.01794574242168543,88,10,0.11363636363636363,1.0,100000000000000.0,25.09254065900985,0.06628012482335588,855.7016221902882,5674107.964892094,6.436255319043467,0.731392649891303
3.57,std,-2,18105898007526.977,0.018105898007526978,95,10,0.10526315789473684,1.0,100000000000000.0,22.21022960858962,0.06591944810676449,854.9368790746116,5643562.804696245,6.361081681426795,0.6695875454133469
3.58,std,-2,18267036749658.65,0.018267036749658648,71,10,0.14084507042253522,1.0,100000000000000.0,25.491752537010804,0.06556085362535716,854.1697874118282,5613245.49001041,6.286846220625029,0.8854712986795816
3.59,std,-2,18429161939219.84,0.01842916193921984,67,10,0.14925373134328357,1.0,100000000000000.0,21.66844940302136,0.0652043364977763,853.4003939558405,5583153.862002588,6.213537319019922,0.9273936297044659
3.5999999999999996,std,-2,18592276869039.93,0.018592276869039928,113,10,0.08849557522123894,1.0,100000000000000.0,22.93162304122027,0.06484989159570673,852.6287448645157,5553285.786493722,6.141143478095244,0.5434640246101986
3.61,std,-2,18756384833632.957,0.01875638483363296,87,10,0.11494252873563218,1.0,100000000000000.0,28.583535044810912,0.06449751355280299,851.8548857069778,5523639.15362708,6.069653318331118,0.6976613009575997
3.6199999999999997,std,-2,18921489129192.324,0.018921489129192323,97,10,0.10309278350515463,1.0,100000000000000.0,28.237025894721512,0.06414719677339552,851.0788614727343,5494211.877547617,5.999055579065246,0.6184593380479635
3.63,std,-2,19087593053585.516,0.019087593053585514,88,10,0.11363636363636363,1.0,100000000000000.0,23.285311982357552,0.06379893544097907,850.300716576015,5465001.896084231,5.929339118268267,0.6737885361668485
3.6399999999999997,std,-2,19254699906348.77,0.01925469990634877,38,10,0.2631578947368421,1.0,100000000000000.0,26.499850631599493,0.06345272352648877,849.5204948656152,5436007.170438018,5.86049291231272,1.5422349769244
3.65,std,-2,19422812988681.965,0.019422812988681964,61,10,0.16393442622950818,1.0,100000000000000.0,19.85206561656482,0.0631085547963669,848.7382396301291,5407225.684871397,5.792506055660362,0.9495911566656331
3.6599999999999997,std,-2,19591935603443.234,0.019591935603443234,89,10,0.11235955056179775,1.0,100000000000000.0,25.213507424799367,0.06276642282042497,847.9539936064056,5378655.446409031,5.725367760537142,0.6432997483749597
3.67,std,-2,19762071055143.98,0.01976207105514398,75,10,0.13333333333333333,1.0,100000000000000.0,24.274037438392742,0.062426320979504686,847.1677989854982,5350294.484533614,5.659067356539808,0.7545423142053077
3.6799999999999997,std,-2,19933222649943.61,0.01993322264994361,71,10,0.14084507042253522,1.0,100000000000000.0,26.504432787484653,0.06208824247294238,846.3796974178995,5322140.850894996,5.593594290209221,0.7878301817196086
3.69,std,-2,20105393695644.332,0.020105393695644333,85,10,0.11764705882352941,1.0,100000000000000.0,21.84440021839401,0.06175218032584041,845.5897300252618,5294192.619019311,5.528938124605423,0.6504633087771086
3.6999999999999997,std,-2,20278587501686.25,0.02027858750168625,62,10,0.16129032258064516,1.0,100000000000000.0,20.60448526693657,0.061418127396149415,844.7979374006218,5266447.884021641,5.465088538770739,0.8814658933501192
3.71,std,-2,20452807379142.074,0.020452807379142075,116,10,0.08620689655172414,1.0,100000000000000.0,30.389075733765445,0.06108607638156587,844.0043596199863,5238904.762326913,5.402035327239625,0.46569270062410567
3.7199999999999998,std,-2,20628056640712.234,0.020628056640712236,64,10,0.15625,1.0,100000000000000.0,24.252926363187548,0.06075601982624775,843.2090362460467,5211561.39139034,5.33976839946058,0.8343388124157156
3.73,std,-2,20804338600719.707,0.02080433860071971,85,10,0.11764705882352941,1.0,100000000000000.0,24.717294486518107,0.06042795012735299,842.4120063351121,5184415.929424091,5.2782777792122095,0.620973856377907
3.7399999999999998,std,-2,20981656575105.125,0.020981656575105125,84,10,0.11904761904761904,1.0,100000000000000.0,21.667941862163957,0.060101859541404255,841.6133084448497,5157466.555130386,5.2175536039987565,0.6211373338093757
3.75,std,-2,21160013881421.73,0.02116001388142173,100,10,0.1,1.0,100000000000000.0,24.012493720214174,0.05977774019048319,840.8129806380424,5130711.467432381,5.157586124388065,0.5157586124388066
3.76,std,-2,21339413838830.47,0.02133941383883047,58,10,0.1724137931034483,1.0,100000000000000.0,20.695322235446515,0.059455584068258405,840.0110604904177,5104148.885215932,5.09836570335772,0.8790285695444345
3.77,std,-2,21519859768094.996,0.021519859768094996,82,10,0.12195121951219512,1.0,100000000000000.0,24.32486767466981,0.05913538304585055,839.2075850964638,5077777.047071797,5.039882815601728,0.6146198555611864
3.78,std,-2,21701354991576.848,0.021701354991576847,69,10,0.14492753623188406,1.0,100000000000000.0,27.28927300525836,0.05881712887753789,838.4025910754693,5051594.211037625,4.9821280468129086,0.7220475430163635
3.79,std,-2,21883902833230.516,0.021883902833230516,72,10,0.1388888888888889,1.0,100000000000000.0,24.703018995247568,0.05850081320630583,837.5961145768017,5025598.654353037,4.925092092949715,0.6840405684652382
3.8,std,-2,22067506618598.492,0.022067506618598492,109,10,0.09174311926605505,1.0,100000000000000.0,23.341510893957004,0.058186427569244414,836.7881912860365,4999788.673212268,4.868765759483029,0.44667575775073665
3.81,std,-2,22252169674806.7,0.0222521696748067,58,10,0.1724137931034483,1.0,100000000000000.0,20.078769094785336,0.05787396340279591,835.9788564301473,4974162.582516595,4.813139960615874,0.8298517173475645
3.82,std,-2,22437895330559.39,0.02243789533055939,97,10,0.10309278350515463,1.0,100000000000000.0,23.90693824337513,0.0575634120478575,835.1681447866763,4948718.7156405095,4.758205718519458,0.49053667201231527
3.83,std,-2,22624686916134.547,0.022624686916134548,87,10,0.11494252873563218,1.0,100000000000000.0,24.65856387947026,0.057254764754740534,834.3560906822584,4923455.424194368,4.703954162485494,0.5406843864925855
3.84,std,-2,22812547763379.035,0.022812547763379036,75,10,0.13333333333333333,1.0,100000000000000.0,22.443851436723275,0.056948012687991136,833.5427280066683,4898371.077789676,4.65037652815269,0.620050203753692
3.8499999999999996,std,-2,23001481205703.89,0.023001481205703892,120,10,0.08333333333333333,1.0,100000000000000.0,22.12987614666182,0.056643146931074334,832.7280902103604,4873464.063811505,4.597464156629434,0.38312201305245286
3.86,std,-2,23191490578079.598,0.023191490578079597,82,10,0.12195121951219512,1.0,100000000000000.0,25.53849977874049,0.056340158490925135,831.9122103162343,4848732.787193777,4.545208493684299,0.5542937187419877
3.8699999999999997,std,-2,23382579217031.418,0.023382579217031418,134,10,0.07462686567164178,1.0,100000000000000.0,20.198270551168793,0.05603903830236975,831.0951209207092,4824175.670194775,4.4936010888624445,0.3353433648404809
3.88,std,-2,23574750460634.676,0.023574750460634675,95,10,0.10526315789473684,1.0,100000000000000.0,15.69943017884187,0.05573977723241955,830.2768542022674,4799791.152178878,4.442633594636041,0.4676456415406358
3.8899999999999997,std,-2,23768007648510.117,0.023768007648510118,80,10,0.125,1.0,100000000000000.0,17.15872422887109,0.05544236608444147,829.4574419227979,4775577.689400512,4.392297765505229,0.5490372206881536
3.9,std,-2,23962354121819.35,0.02396235412181935,113,10,0.08849557522123894,1.0,100000000000000.0,20.632723388760162,0.0551467956022065,828.6369154355588,4751533.754790982,4.34258545712634,0.3842995979757823
3.9099999999999997,std,-2,24157793223260.1,0.0241577932232601,115,10,0.08695652173913043,1.0,100000000000000.0,18.809179524530887,0.0548530564738208,827.8153056915302,4727657.837746424,4.293488625421511,0.37334683699317484
3.92,std,-2,24354328297061.805,0.024354328297061804,45,10,0.2222222222222222,1.0,100000000000000.0,24.16406710518792,0.054561139335540465,826.9926432388772,4703948.4439248545,4.244999325651231,0.9433331834780514
3.9299999999999997,std,-2,24551962688980.9,0.024551962688980897,58,10,0.1724137931034483,1.0,100000000000000.0,22.05490965020279,0.054271034775474035,826.1689582346715,4680404.095037893,4.197109711537375,0.7236396054374785
3.94,std,-2,24750699746296.426,0.024750699746296425,53,10,0.18867924528301888,1.0,100000000000000.0,25.816269998471103,0.05398273333717482,825.3442804451147,4657023.328652699,4.149812034327633,0.782983402703327
3.9499999999999997,std,-2,24950542817805.383,0.02495054281780538,137,10,0.072992700729927,1.0,100000000000000.0,16.222019620740554,0.053696225523125696,824.5186392521147,4633804.697992794,4.103098641884814,0.29949625123246815
3.96,std,-2,25151495253818.312,0.025151495253818313,128,10,0.078125,1.0,100000000000000.0,20.046913882692174,0.05341150179811911,823.6920636567752,4610746.771740449,4.056961977755434,0.3169501545121433
3.9699999999999998,std,-2,25353560406154.76,0.025353560406154763,58,10,0.1724137931034483,1.0,100000000000000.0,20.966261780383704,0.05312855259253501,822.8645822865093,4587848.13384705,4.011394580257769,0.6916197552168568
3.98,std,-2,25556741628138.945,0.025556741628138945,92,10,0.10869565217391304,1.0,100000000000000.0,18.484485047924338,0.05284736830551836,822.0362233979919,4565107.3833417045,3.966389081542432,0.4311292479937426
3.9899999999999998,std,-2,25761042274595.133,0.025761042274595133,67,10,0.14925373134328357,1.0,100000000000000.0,17.008181582945404,0.05256793930805998,821.2070148802464,4542523.13414405,3.9219382066535116,0.5853639114408226
4.0,std,-2,25966465701843.473,0.025966465701843473,83,10,0.12048192771084337,1.0,100000000000000.0,19.88918019530254,0.05229025594598198,820.376984262832,4520094.014880405,3.878034772613358,0.4672331051341395
4.01,std,-2,26173015267695.395,0.026173015267695394,84,10,0.11904761904761904,1.0,100000000000000.0,22.303696548179783,0.052014308542830644,819.5461587182143,4497818.66870036,3.8346716874763414,0.45650853422337395
4.02,std,-2,26380694331449.39,0.026380694331449392,67,10,0.14925373134328357,1.0,100000000000000.0,18.062656304939466,0.051740087402679,818.7145650636896,4475695.7530969195,3.7918419493816495,0.5659465596092014
4.03,std,-2,26589506253886.586,0.026589506253886584,136,10,0.07352941176470588,1.0,100000000000000.0,21.959094272095136,0.05146758281284127,817.8822297722108,4453723.939732424,3.749538645650474,0.27570137100371134
4.04,std,-2,26799454397266.367,0.026799454397266366,77,10,0.12987012987012986,1.0,100000000000000.0,16.515276353919017,0.05119678504650158,817.0491789697485,4431901.9142613495,3.707754951816087,0.48152661711897227
4.05,std,-2,27010542125322.305,0.027010542125322303,110,10,0.09090909090909091,1.0,100000000000000.0,17.966325000761863,0.05092768436525858,816.2154384440585,4410228.376158676,3.66648413071081,0.3333167391555282
4.06,std,-2,27222772803257.55,0.02722277280325755,96,10,0.10416666666666667,1.0,100000000000000.0,21.477738232007248,0.05066027102158882,815.3810336464277,4388702.038552683,3.625719531523649,0.3776791178670468
4.07,std,-2,27436149797740.84,0.02743614979774084,98,10,0.10204081632653061,1.0,100000000000000.0,22.584682935195286,0.05039453526123035,814.5459896982499,4367321.6280537555,3.5854545888764404,0.3658627131506572
4.08,std,-2,27650676476902.01,0.027650676476902013,135,10,0.07407407407407407,1.0,100000000000000.0,18.525440204390115,0.05013046732548883,813.7103313920994,4346085.884590511,3.5456828218818286,0.26264317199124654
4.09,std,-2,27866356210328.098,0.027866356210328097,102,10,0.09803921568627451,1.0,100000000000000.0,20.902098171109326,0.049868057453468215,812.874083197592,4324993.5612532655,3.5063978332293964,0.3437644934538624
4.1,std,-2,28083192369058.746,0.028083192369058745,91,10,0.10989010989010989,1.0,100000000000000.0,15.136599297880025,0.04960729588422757,812.0372692649188,4304043.424121051,3.467593308249097,0.38105420969770293
4.109999999999999,std,-2,28301188325582.38,0.02830118832558238,128,10,0.078125,1.0,100000000000000.0,20.595460718359146,0.04934817285886632,811.1999134304386,4283234.252119073,3.4292630140097984,0.2679111729695155
4.12,std,-2,28520347453831.754,0.028520347453831755,74,10,0.13513513513513514,1.0,100000000000000.0,23.140500047465743,0.04909067862253967,810.3620392171256,4262564.836847282,3.391400798374326,0.45829740518571976
4.13,std,-2,28740673129179.938,0.02874067312917994,175,10,0.05714285714285714,1.0,100000000000000.0,21.79962343852047,0.04883480342640599,809.5236698401606,4242033.982438276,3.3540005891025766,0.19165717652014722
4.14,std,-2,28962168728436.258,0.02896216872843626,123,10,0.08130081300813008,1.0,100000000000000.0,19.90655853344024,0.04858053752950762,808.6848282127927,4221640.505400525,3.3170563929459345,0.2696793815403199
4.1499999999999995,std,-2,29184837629842.03,0.02918483762984203,77,10,0.12987012987012986,1.0,100000000000000.0,22.49494982033676,0.04832787120058748,807.8455369463386,4201383.234468503,3.280562294725791,0.4260470512630897
4.16,std,-2,29408683213066.61,0.02940868321306661,108,10,0.09259259259259259,1.0,100000000000000.0,17.735192844737718,0.04807679471984265,807.0058183559988,4181261.010457904,3.2445124564434638,0.30041782004106143
4.17,std,-2,29633708859203.19,0.029633708859203193,112,10,0.08928571428571429,1.0,100000000000000.0,18.561039243229743,0.04782729838061681,806.16569446466,4161272.6861168793,3.2089011163818233,0.2865090282483771
4.18,std,-2,29859917950764.887,0.029859917950764887,95,10,0.10526315789473684,1.0,100000000000000.0,18.639081245918966,0.0475793724910331,805.3251870058032,4141417.125983926,3.173722588212242,0.3340760619170781
4.1899999999999995,std,-2,30087313871680.633,0.03008731387168063,131,10,0.07633587786259542,1.0,100000000000000.0,18.036033403786597,0.04733300737556878,804.484317426322,4121693.2062488887,3.138971260107574,0.239616126725769
4.2,std,-2,30315900007291.164,0.030315900007291164,117,10,0.08547008547008547,1.0,100000000000000.0,17.86392305050202,0.04708819337657378,803.643106891981,4102099.814607074,3.104641593864381,0.26535398238157104
4.21,std,-2,30545679744345.008,0.03054567974434501,65,10,0.15384615384615385,1.0,100000000000000.0,18.465000100445828,0.04684492085573398,802.801576289294,4082635.850129579,3.070728124027733,0.472419711388882
4.22,std,-2,30776656470994.574,0.030776656470994573,106,10,0.09433962264150944,1.0,100000000000000.0,18.14038899526247,0.046603180195481396,801.9597462301326,4063300.22312007,3.0372254570209285,0.28653070349254045
4.2299999999999995,std,-2,31008833576792.164,0.031008833576792166,217,10,0.04608294930875576,1.0,100000000000000.0,21.413277884452835,0.0463629618003518,801.1176370527551,4044091.8549862206,3.004128270277359,0.13843909079619166
4.24,std,-2,31242214452685.977,0.031242214452685976,126,10,0.07936507936507936,1.0,100000000000000.0,16.117728640892985,0.046124256098292224,800.2752688285165,4025009.6781047075,2.971431311394036,0.2358278818566695
4.25,std,-2,31476802491016.25,0.03147680249101625,52,10,0.19230769230769232,1.0,100000000000000.0,19.615488427730668,0.04588705354191895,799.4326613628086,4006052.635690871,2.9391293972717505,0.565217191783029
4.26,std,-2,31712601085511.305,0.031712601085511306,166,10,0.060240963855421686,1.0,100000000000000.0,19.545031770266625,0.04565134460972769,798.5898341986839,3987219.681670151,2.9072174132720834,0.1751335791127761
4.27,std,-2,31949613631283.77,0.03194961363128377,84,10,0.11904761904761904,1.0,100000000000000.0,18.497622695750835,0.04541711980725716,797.7468066203888,3968509.7805564064,2.8756903123844078,0.3423440848076676
4.28,std,-2,32187843524826.62,0.03218784352482662,66,10,0.15151515151515152,1.0,100000000000000.0,20.11933268379197,0.0451843696682072,796.9035976569888,3949921.907314913,2.844543114387503,0.4309913809678035
4.29,std,-2,32427294164009.254,0.03242729416400925,93,10,0.10752688172043011,1.0,100000000000000.0,23.122875853771102,0.04495308475551311,796.0602260835749,3931455.0472522303,2.8137709050277913,0.3025560112933109
4.3,std,-2,32667968948073.766,0.032667968948073764,179,10,0.055865921787709494,1.0,100000000000000.0,18.096645502471965,0.04472325566237682,795.2167104277963,3913108.1958865277,2.783368835208123,0.15549546565408506
4.31,std,-2,32909871277631.2,0.032909871277631196,137,10,0.072992700729927,1.0,100000000000000.0,15.49971811655261,0.044494873013256726,794.3730689693234,3894880.358826569,2.7533321201636167,0.2009731474571983
4.32,std,-2,33153004554657.582,0.033153004554657584,81,10,0.12345679012345678,1.0,100000000000000.0,18.565782240555965,0.044267927464816684,793.5293197436498,3876770.551660913,2.7236560386663173,0.33625383193411323
4.33,std,-2,33397372182490.234,0.03339737218249023,100,10,0.1,1.0,100000000000000.0,21.432421482240727,0.04404240970683595,792.6854805486696,3858777.7998315697,2.6943359322341944,0.2694335932234195
4.34,std,-2,33642977565823.95,0.03364297756582395,138,10,0.07246376811594203,1.0,100000000000000.0,17.874340754686724,0.04381831046308065,791.8415689413662,3840901.138524533,2.665367204324276,0.19314255103799102
4.35,std,-2,33889824110707.332,0.03388982411070733,93,10,0.10752688172043011,1.0,100000000000000.0,23.203550834300135,0.043595620492138186,790.9976022467154,3823139.612554538,2.6367453195698785,0.283521002104288
4.36,std,-2,34137915224539.027,0.034137915224539024,127,10,0.07874015748031496,1.0,100000000000000.0,17.22413363689939,0.04337433058821551,790.1535975556719,3805492.276251821,2.608465802988383,0.2053910081093215
4.37,std,-2,34387254316063.91,0.03438725431606391,104,10,0.09615384615384616,1.0,100000000000000.0,19.907142048477738,0.0431544315819022,789.3095717320144,3787958.1933524255,2.5805242392277585,0.2481273306949768
4.38,std,-2,34637844795369.59,0.03463784479536959,116,10,0.08620689655172414,1.0,100000000000000.0,15.64188842679933,0.042935914340899516,788.465541412435,3770536.4368874063,2.552916271796149,0.2200789889479439
4.39,std,-2,34889690073882.55,0.034889690073882554,88,10,0.11363636363636363,1.0,100000000000000.0,20.302914065146055,0.04271876977071631,787.6215230107441,3753226.089076467,2.5256376023147147,0.28700427299030845
4.3999999999999995,std,-2,35142793564364.562,0.03514279356436456,96,10,0.10416666666666667,1.0,100000000000000.0,14.914295802834834,0.0425029888153329,786.7775327191238,3736026.2412209357,2.498683989766927,0.26027958226738823
4.41,std,-2,35397158680908.96,0.03539715868090896,95,10,0.10526315789473684,1.0,100000000000000.0,18.998607695101907,0.04228856245783335,785.9335865131827,3718935.9935974055,2.4720512497671443,0.2602159210281204
4.42,std,-2,35652788838937.164,0.03565278883893717,172,10,0.05813953488372093,1.0,100000000000000.0,18.198507250843825,0.042075481721007855,785.0897001515534,3701954.455356704,2.4457352538219794,0.14219391010592902
4.43,std,-2,35909687455194.9,0.0359096874551949,108,10,0.09259259259259259,1.0,100000000000000.0,20.527095391327233,0.041863737667925324,784.2458891801871,3685080.744418201,2.419731928610254,0.22404925264909759
4.4399999999999995,std,-2,36167857947748.73,0.036167857947748724,117,10,0.08547008547008547,1.0,100000000000000.0,15.74170945663137,0.041653321402477496,783.402168937633,3668313.9873721073,2.3940372552776736,0.2046185688271516
4.45,std,-2,36427303735982.31,0.03642730373598231,119,10,0.08403361344537816,1.0,100000000000000.0,20.022588958479513,0.041444224069895445,782.5585545511457,3651653.319377335,2.368647268707041,0.19904598896697823
4.46,std,-2,36688028240593.03,0.03668802824059303,87,10,0.11494252873563218,1.0,100000000000000.0,20.139776926136875,0.041236436857238865,781.7150609445148,3635097.884063798,2.343558056834403,0.2693744892913107
4.47,std,-2,36950034883588.266,0.036950034883588265,150,10,0.06666666666666667,1.0,100000000000000.0,17.723414458362434,0.04102995099385941,780.8717028400324,3618646.833436934,2.3187657599550393,0.1545843839970026
4.4799999999999995,std,-2,37213327088281.96,0.03721332708828196,99,10,0.10101010101010101,1.0,100000000000000.0,16.76691739598982,0.04082475775183858,780.028494757555,3602299.327779113,2.2942665700257425,0.23174409798239823
4.49,std,-2,37477908279291.07,0.037477908279291074,108,10,0.09259259259259259,1.0,100000000000000.0,16.98058661368369,0.04062084844640118,779.1854510213916,3586054.5355572705,2.2700567300012633,0.21019043796307993
4.5,std,-2,37743781882532.05,0.037743781882532045,133,10,0.07518796992481203,1.0,100000000000000.0,17.2878459572942,0.04041821443630461,778.342585759052,3569911.633328093,2.2461325331516773,0.16888214534975016
4.51,std,-2,38010951325217.305,0.038010951325217306,121,10,0.08264462809917356,1.0,100000000000000.0,15.917263823775773,0.04021684712420523,777.4999129060782,3553869.805647869,2.222490322407488,0.18367688614937916
4.52,std,-2,38279420035851.875,0.03827942003585187,149,10,0.06711409395973154,1.0,100000000000000.0,15.565364573249417,0.04001673795700224,776.6574462068494,3537928.2449801154,2.199126489698254,0.14759238185894322
4.53,std,-2,38549191444229.86,0.03854919144422986,129,10,0.07751937984496124,1.0,100000000000000.0,14.475009804146902,0.03981787842615967,775.8151992173114,3522086.15160432,2.176037475304332,0.16868507560498697
4.54,std,-2,38820268981430.96,0.03882026898143096,90,10,0.1111111111111111,1.0,100000000000000.0,14.525297985465102,0.03962026006800758,774.973185308779,3506342.7335315645,2.153219767222554,0.239246640802506
4.55,std,-2,39092656079817.055,0.03909265607981705,142,10,0.07042253521126761,1.0,100000000000000.0,16.690781789730796,0.0394238744640223,774.131417666728,3490697.2064130404,2.130669900520136,0.15004717609296733
4.56,std,-2,39366356173028.92,0.03936635617302892,151,10,0.06622516556291391,1.0,100000000000000.0,16.03980621156278,0.03922871324108732,773.2899092967906,3475148.7934561176,2.1083844567201826,0.1396281097165684
4.57,std,-2,39641372695982.57,0.03964137269598257,142,10,0.07042253521126761,1.0,100000000000000.0,16.075974588146895,0.03903476807173469,772.4486730248439,3459696.7253384124,2.0863600631760515,0.146926765012398
4.58,std,-2,39917709084866.15,0.03991770908486615,155,10,0.06451612903225806,1.0,100000000000000.0,15.193382299470963,0.03884203067436807,771.6077214992476,3444340.2401227453,2.064593392459032,0.1331995737070343
4.59,std,-2,40195368777136.375,0.04019536877713638,145,10,0.06896551724137931,1.0,100000000000000.0,15.311190050061805,0.0386504928134673,770.7670671935281,3429078.583176759,2.0430811617565996,0.14090214908666204
4.6,std,-2,40474355211515.21,0.04047435521151521,284,10,0.035211267605633804,1.0,100000000000000.0,15.693282124198713,0.038460146299776024,769.926722408883,3413911.0070874332,2.021820132273676,0.07119084972794634
4.61,std,-2,40754671827986.664,0.040754671827986665,135,10,0.07407407407407407,1.0,100000000000000.0,12.918016301368677,0.03827098299047199,769.0866992751669,3398836.7715838132,2.0008071086413484,0.1482079339734332
4.62,std,-2,41036322067793.2,0.0410363220677932,153,10,0.06535947712418301,1.0,100000000000000.0,17.30144890108364,0.038082994789321374,768.2470097536185,3383855.1434541843,1.980038938333484,0.12941430969499895
4.63,std,-2,41319309373432.66,0.04131930937343266,111,10,0.09009009009009009,1.0,100000000000000.0,15.364813177146555,0.03789617364681675,767.4076656386964,3368965.396468138,1.9595125110903595,0.17653265865678913
4.64,std,-2,41603637188654.92,0.041603637188654924,163,10,0.06134969325153374,1.0,100000000000000.0,15.329243983516909,0.03771051156030021,766.5686785603149,3354166.8113015178,1.9392247583514852,0.11897084407064326
4.6499999999999995,std,-2,41889308958458.49,0.04188930895845849,106,10,0.09433962264150944,1.0,100000000000000.0,14.896150101904999,0.03752600057407135,765.7300599863947,3339458.6754533774,1.919172652690958,0.18105402383876965
4.66,std,-2,42176328129087.38,0.042176328129087386,230,10,0.043478260869565216,1.0,100000000000000.0,14.439272103857709,0.03734263277948092,764.8918212225943,3324840.2831766997,1.8993532072601325,0.08258057422870141
4.67,std,-2,42464698148027.67,0.04246469814802767,201,10,0.04975124378109453,1.0,100000000000000.0,16.251784618244542,0.037160400315010805,764.0539734174546,3310310.935399574,1.8797634752447328,0.09352057090769815
4.68,std,-2,42754422464004.555,0.04275442246400456,183,10,0.0546448087431694,1.0,100000000000000.0,15.232762502635515,0.036979295366340204,763.2165275623989,3295869.9396521407,1.8604005493186189,0.10166123220320321
4.6899999999999995,std,-2,43045504526978.8,0.0430455045269788,167,10,0.059880239520958084,1.0,100000000000000.0,13.550639973285588,0.03679931016639911,762.3794944917331,3281516.609994206,1.841261561104467,0.11025518329966869
4.7,std,-2,43337947788143.734,0.04333794778814373,143,10,0.06993006993006994,1.0,100000000000000.0,18.073344720095026,0.036620436995409095,761.5428848908775,3267250.26694219,1.822343680660233,0.12743662102519113
4.71,std,-2,43631755699921.97,0.04363175569992197,188,10,0.05319148936170213,1.0,100000000000000.0,14.895697720813818,0.03644266818091213,760.7067092895215,3253070.2373980703,1.8036441159363499,0.095938516805125
4.72,std,-2,43926931715962.22,0.043926931715962216,127,10,0.07874015748031496,1.0,100000000000000.0,14.770974566651892,0.03626599609778732,759.8709780713319,3238975.8545814385,1.7851601122807867,0.1405637883685659
4.7299999999999995,std,-2,44223479291136.08,0.04422347929113608,137,10,0.072992700729927,1.0,100000000000000.0,16.11239940458045,0.03609041316825672,759.0357014704637,3224966.457955114,1.766888951914897,0.12896999649013846
4.74,std,-2,44521401881535.1,0.044521401881535104,145,10,0.06896551724137931,1.0,100000000000000.0,15.405360656818889,0.03591591186187994,758.2008895767935,3211041.393161196,1.7488279534418831,0.12060882437530228
4.75,std,-2,44820702944467.195,0.044820702944467196,176,10,0.056818181818181816,1.0,100000000000000.0,15.485940072423322,0.035742484695538375,757.3665523339969,3197200.011952672,1.7309744713419708,0.09835082223533925
4.76,std,-2,45121385938453.92,0.04512138593845392,115,10,0.08695652173913043,1.0,100000000000000.0,14.303545721449902,0.035570124233408995,756.5326995458107,3183441.672123255,1.713325895491578,0.1489848604775285
4.77,std,-2,45423454323227.305,0.04542345432322731,249,10,0.040160642570281124,1.0,100000000000000.0,14.792740635346618,0.03539882308692853,755.6993408738861,3169765.737445429,1.695879650673408,0.06810761649290795
4.78,std,-2,45726911559726.43,0.04572691155972643,79,10,0.12658227848101267,1.0,100000000000000.0,17.28119740625367,0.03522857391474806,754.8664858410544,3156171.577604061,1.678633196102463,0.21248521469651432
4.79,std,-2,46031761110094.62,0.04603176111009462,167,10,0.059880239520958084,1.0,100000000000000.0,16.355084249985943,0.0350593694226785,754.0341438342351,3142658.568130008,1.6615840249568823,0.09949604939861571
4.8,std,-2,46338006437676.31,0.04633800643767631,177,10,0.05649717514124294,1.0,100000000000000.0,14.547061020701864,0.034891202363627125,753.2023241023328,3129226.0903392765,1.6447296639063889,0.09292257988171689
4.81,std,-2,46645651007014.02,0.046645651007014025,142,10,0.07042253521126761,1.0,100000000000000.0,16.209130842296233,0.034724065537525745,752.3710357630375,3115873.5312690753,1.628067672664463,0.11465265300453965
4.82,std,-2,46954698283845.11,0.04695469828384511,156,10,0.0641025641025641,1.0,100000000000000.0,15.3403642884716,0.03455795179125056,751.5402878003644,3102600.2836156418,1.611595643526616,0.10330741304657795
4.83,std,-2,47265151735098.92,0.047265151735098924,154,10,0.06493506493506493,1.0,100000000000000.0,15.44815213257946,0.03439285401853435,750.7100890668901,3089405.7456736234,1.5953112009255275,0.10359163642373553
4.84,std,-2,47577014828893.66,0.047577014828893656,196,10,0.05102040816326531,1.0,100000000000000.0,15.43987957126821,0.034228765159870625,749.8804482871084,3076289.321274794,1.5792120009936066,0.08057204086702074
4.85,std,-2,47890291034533.35,0.04789029103453335,160,10,0.0625,1.0,100000000000000.0,14.17429735906145,0.034065678202410896,749.0513740583249,3063250.419728769,1.5632957311267457,0.0977059831954216
4.86,std,-2,48204983822505.05,0.04820498382250505,268,10,0.03731343283582089,1.0,100000000000000.0,14.733819627220418,0.03390358617985464,748.2228748507464,3050288.455764161,1.5475601095521045,0.05774478020716808
4.87,std,-2,48521096664475.54,0.04852109666447554,133,10,0.07518796992481203,1.0,100000000000000.0,15.163862838769882,0.033742482172332715,747.3949590100312,3037402.8494712934,1.5320028849072573,0.11518818683513213
4.88,std,-2,48838633033288.516,0.04883863303328852,189,10,0.05291005291005291,1.0,100000000000000.0,15.128999930094533,0.03358235930628393,746.567634760107,3024593.026241584,1.5166218358233712,0.08024454157795614
4.89,std,-2,49157596402961.625,0.04915759640296163,178,10,0.056179775280898875,1.0,100000000000000.0,16.54275754259421,0.03342321075432565,745.7409102016056,3011858.4167142524,1.5014147705083907,0.08434914441058375
4.8999999999999995,std,-2,49477990248683.48,0.049477990248683476,241,10,0.04149377593360996,1.0,100000000000000.0,15.974977836440866,0.03326502973511832,744.9147933156656,2999198.4567176998,1.4863795263437567,0.06167549901841314
4.91,std,-2,49799818046810.734,0.04979981804681073,231,10,0.04329004329004329,1.0,100000000000000.0,12.85150020349323,0.033107809513224104,744.0892919660347,2986612.5872155535,1.4715139694849881,0.06370190344090858
4.92,std,-2,50123083274865.02,0.050123083274865025,191,10,0.05235602094240838,1.0,100000000000000.0,13.701805353164271,0.032951543398960184,743.2644138979064,2974100.254251155,1.4568159944601071,0.07627308871518886
4.93,std,-2,50447789411530.34,0.050447789411530344,104,10,0.09615384615384616,1.0,100000000000000.0,16.430555501354206,0.032796224748246505,742.4401667402919,2961660.908893382,1.4422835237808866,0.13868110805585449
4.9399999999999995,std,-2,50773939936649.805,0.0507739399366498,183,10,0.0546448087431694,1.0,100000000000000.0,13.26384898250594,0.03264184696244863,741.6165580090167,2949294.0071838005,1.4279145075608344,0.0780281151672587
4.95,std,-2,51101538331222.95,0.051101538331222954,129,10,0.07751937984496124,1.0,100000000000000.0,14.320488820907162,0.03248840348821557,740.7935951064525,2936999.0100829303,1.4137069231312638,0.10958968396366386
4.96,std,-2,51430588077402.78,0.05143058807740278,135,10,0.07407407407407407,1.0,100000000000000.0,14.560026137989066,0.03233588781731316,739.9712853227248,2924775.38341962,1.3996587746667049,0.10367842775308925
4.97,std,-2,51761092658492.914,0.051761092658492915,150,10,0.06666666666666667,1.0,100000000000000.0,13.537108343187686,0.032184293486452624,739.149635838398,2912622.597837311,1.385768092816395,0.09238453952109299
4.9799999999999995,std,-2,52093055558944.78,0.05209305555894478,183,10,0.0546448087431694,1.0,100000000000000.0,14.554410020187152,0.03203361407711513,738.3286537243399,2900540.12874541,1.3720329343376216,0.07497447728620883
4.99,std,-2,52426480264354.63,0.05242648026435463,170,10,0.058823529411764705,1.0,100000000000000.0,13.598991027312826,0.03188384321537219,737.5083459446756,2888527.4562673313,1.358451381737999,0.07990890480811759
