z,luminosity_function,alpha_intrinsic,L_min_Jy_kpc2,L_min_over_L_star,n_generated,n_detected,detection_rate_10_per_n,N_ratio_detectable_L,mean_detected_L,mean_SNR,SFR_psi,comoving_volume_Mpc3,time_Gyr,nfrb_sfr_base,n_total_population_scaled
0.01,schechter,0,10000000000.0,1e-05,12,10,0.8333333333333334,1.0,1222622428101.0508,899196.2539047822,0.015366633837018974,0.19392654467669998,137678720.05218962,0.008205646767832628,0.0068380389731938565
0.02,schechter,0,10000000000.0,1e-05,17,10,0.5882352941176471,1.0,376308238441.7131,25623.622809262004,0.015778461234561884,0.7247910000091758,135706863.92550436,0.031039109224069356,0.01825829954357021
0.03,schechter,0,10000000000.0,1e-05,19,10,0.5263157894736842,1.0,3250878743128.63,174996.59419457504,0.016197006898133106,1.5979180122104168,133769703.76805276,0.06924318250983072,0.036443780268331956
0.04,schechter,0,10000000000.0,1e-05,18,10,0.5555555555555556,1.0,539042122572.84863,2342.081080234655,0.0166223021408091,2.8035815009429044,131866423.28089881,0.12290472520395329,0.06828040289108517
0.05,schechter,0,10000000000.0,1e-05,20,10,0.5,1.0,2802300914484.9785,839.4428597491615,0.01705437728000787,4.332087794095379,129996236.70924087,0.19208519437342994,0.09604259718671497
0.060000000000000005,schechter,0,10000000000.0,1e-05,32,10,0.3125,1.0,206186538636.11896,1572.3843151630047,0.017493261604641853,6.173784546329184,128158387.20751494,0.2768211632789939,0.0865066135246856
0.06999999999999999,schechter,0,10000000000.0,1e-05,29,10,0.3448275862068966,1.0,1238907758525.2876,910.5930877484382,0.017938983341287663,8.319069361676036,126352145.30294725,0.3771248823095026,0.13004306286534573
0.08,schechter,0,10000000000.0,1e-05,34,10,0.29411764705882354,1.0,637315118328.1676,8870.384963736618,0.018391569619367408,10.758398108101696,124576807.45144194,0.4929848795439914,0.1449955528070563
0.09,schechter,0,10000000000.0,1e-05,24,10,0.4166666666666667,1.0,1227600076974.859,796.7620621037719,0.018851046435337065,13.482292913337087,122831694.67989907,0.6243665973371416,0.2601527488904757
0.09999999999999999,schechter,0,10000000000.0,1e-05,40,10,0.25,1.0,164420270562.79095,428.57894967922476,0.019317438615878545,16.481349832968398,121116151.30983643,0.7712130613551881,0.19280326533879702
0.11,schechter,0,10000000000.0,1e-05,22,10,0.45454545454545453,1.0,4485795120911.869,18963.098257733847,0.019790769780093035,19.746246182993865,119429543.75708403,0.9334455785148882,0.4242934447794946
0.12,schechter,0,10000000000.0,1e-05,42,10,0.23809523809523808,1.0,8297636106225.956,163.30485168252432,0.020271062300694323,23.26774753087172,117771259.40308331,1.1109644603519715,0.26451534770285035
0.13,schechter,0,10000000000.0,1e-05,29,10,0.3448275862068966,1.0,2266828711680.4023,836.0784319469387,0.02075833726420218,27.036714339958284,116140705.53330435,1.3036497683892225,0.44953440289283536
0.14,schechter,0,10000000000.0,1e-05,39,10,0.2564102564102564,1.0,3033881466071.209,313.9001385904337,0.021252614430137,31.044108264130667,114537308.33873443,1.511362078183123,0.3875287379956725
0.15000000000000002,schechter,0,10000000000.0,1e-05,24,10,0.4166666666666667,1.0,2094971778040.1519,122.58695295479545,0.021753912189218152,35.28099809022896,112960511.97664525,1.7339432588016228,0.7224763578340095
0.16,schechter,0,10000000000.0,1e-05,36,10,0.2777777777777778,1.0,485658945133.42957,142.53718127916449,0.02226224752057046,39.738565327510734,111409777.68701176,1.9712172646054724,0.5475603512792979
0.17,schechter,0,10000000000.0,1e-05,46,10,0.21739130434782608,1.0,18887560128134.996,26090.987738855118,0.02277763594794393,44.408109444366865,109884582.96125181,2.222990936315507,0.48325889919902326
0.18000000000000002,schechter,0,10000000000.0,1e-05,29,10,0.3448275862068966,1.0,123877032482.92351,34.69907889544343,0.023300091494954225,49.281052753448535,108384420.7601139,2.489054808460083,0.8582947615379598
0.19,schechter,0,10000000000.0,1e-05,58,10,0.1724137931034483,1.0,3988004648309.1274,1010.9097317548006,0.023829626639352574,54.34894494788113,106908798.77780546,2.7691839204518973,0.47744550352618925
0.2,schechter,0,10000000000.0,1e-05,23,10,0.43478260869565216,1.0,346157864185.05164,353.96464340507697,0.024366252266335785,59.60346729200613,105457238.74949963,3.063138628666442,1.331799403768018
0.21000000000000002,schechter,0,10000000000.0,1e-05,66,10,0.15151515151515152,1.0,5767004574642.727,1747.2249153692142,0.02490997762090884,65.03643647055559,104029275.79969656,3.37066541701513,0.5107068813659288
0.22,schechter,0,10000000000.0,1e-05,43,10,0.23255813953488372,1.0,20889178423218.523,1580.0227630372206,0.025460810259314456,70.639808101966,102624457.82893437,3.691497703695934,0.8584878380688219
0.23,schechter,0,10000000000.0,1e-05,39,10,0.2564102564102564,1.0,3145055914737.6885,371.4322984224285,0.026018755999546127,76.40567992141132,101242344.93655138,4.0253566419061855,1.0321427286938936
0.24000000000000002,schechter,0,10000000000.0,1e-05,59,10,0.1694915254237288,1.0,5432956719957.784,586.343007752909,0.02658381887096318,82.326294640528,99882508.87732875,4.371951912484918,0.7410087987262572
0.25,schechter,0,10000000000.0,1e-05,37,10,0.2702702702702703,1.0,1874418154570.8035,2048.468848109464,0.027156001063028613,88.3940424908622,98544532.5499974,4.730982506571594,1.2786439206950253
0.26,schechter,0,10000000000.0,1e-05,48,10,0.20833333333333334,1.0,969315221497.0762,240.83189673761044,0.02773530287319293,94.60146345938607,97228009.51565525,5.1021374965529995,1.062945311781875
0.27,schechter,0,10000000000.0,1e-05,36,10,0.2777777777777778,1.0,15865605904779.84,1525.4876929491177,0.0283217226539493,100.94124922378269,95932543.54423486,5.48509679365336,1.5236379982370447
0.28,schechter,0,10000000000.0,1e-05,24,10,0.4166666666666667,1.0,7914622398444.162,184.66363460453945,0.028915256759088154,107.40624479755196,94657748.18751705,5.879531890783155,2.4498049544929814
0.29000000000000004,schechter,0,10000000000.0,1e-05,40,10,0.25,1.0,1843126276063.475,246.3291750923103,0.029515899489181725,113.98944989320563,93403246.37677355,6.285106589261943,1.5712766473154858
0.3,schechter,0,10000000000.0,1e-05,46,10,0.21739130434782608,1.0,2659479463405.6704,720.7506006365862,0.03012364303633178,120.68402001334375,92168670.04385954,6.701477708267138,1.4568429800580733
0.31,schechter,0,10000000000.0,1e-05,49,10,0.20408163265306123,1.0,2995842142407.6772,95.62394493371741,0.030738477428216556,127.48326728064848,90953659.76403436,7.128295776015547,1.454754240003173
0.32,schechter,0,10000000000.0,1e-05,65,10,0.15384615384615385,1.0,1448640050500.5437,93.4892791149132,0.03136039047147566,134.38066101475712,89757864.41943079,7.565205701667985,1.163877800256613
0.33,schechter,0,10000000000.0,1e-05,50,10,0.2,1.0,5366168059000.133,119.8035439203403,0.031989367694474906,141.36982806899798,88580940.88171776,8.011847427313391,1.6023694854626784
0.34,schechter,0,10000000000.0,1e-05,44,10,0.22727272727272727,1.0,2353229131141.656,503.01838206532875,0.032625392289495694,148.44455293529603,87422553.71285346,8.467856559263055,1.924512854377967
0.35000000000000003,schechter,0,10320137525.241825,1.0320137525241825e-05,65,10,0.15384615384615385,0.9842803652969134,1404943906512.583,128.8105502395573,0.03326844505439697,155.59877762879105,86282374.8828454,8.932864978176077,1.3526836313641777
0.36000000000000004,schechter,0,10941873122.326483,1.0941873122326483e-05,50,10,0.2,0.9557453174760159,4216542644730.3564,220.82164716005576,0.03391850433380093,162.82660136286103,85160083.50335014,9.406501427586159,1.798043938649386
0.37,schechter,0,11582413061.00295,1.158241306100295e-05,49,10,0.20408163265306123,0.9287839894331692,2774762892929.5664,184.48343156054503,0.03457554595985672,170.122280024199,84055365.5762477,9.888392080467217,1.874322499097081
0.38,schechter,0,12241761362.553951,1.224176136255395e-05,56,10,0.17857142857142858,0.9032721487860992,28729214187467.395,21616.83354657563,0.035239543192639965,177.48022546005262,82967913.75619605,10.378161083702814,1.673982832593663
0.39,schechter,0,12919918050.537624,1.2919918050537625e-05,43,10,0.23255813953488372,0.8790974186129585,1409073318993.5151,33.56272052445571,0.03591046666024937,184.89500458624462,81897427.12626469,10.87543108022355,2.22338683463434
0.4,schechter,0,13616879280.41921,1.3616879280419211e-05,57,10,0.17543859649122806,0.8561586786164611,2062648641844.1243,193.75450526687177,0.03658828429866464,192.3613383281897,80843610.98588744,11.379823708889774,1.7092868121914637
0.41000000000000003,schechter,0,14332637467.227821,1.433263746722782e-05,59,10,0.1694915254237288,0.8343650355782054,2893274665680.205,139.15258434082867,0.03727296129143468,199.87410040293216,79806176.65031886,11.890960082031915,1.6815934460853523
0.42000000000000004,schechter,0,15067181411.17381,1.506718141117381e-05,49,10,0.20408163265306123,0.8136343309013929,2117478198399.8594,76.61949316500814,0.037964460009266905,207.4283159549892,78784841.26087493,12.408461240930524,2.0603979712817093
0.43,schechter,0,15820496421.16573,1.5820496421165728e-05,41,10,0.24390243902439024,0.7938912093805013,3331018028377.533,716.922202161286,0.038662739949594106,215.01916005350188,77779327.60525452,12.931948589286078,2.5040390988279984
0.44,schechter,0,16592564436.173882,1.6592564436173883e-05,87,10,0.11494252873563218,0.7750691962577807,892241289311.3287,45.11868870295335,0.03936775767619714,222.64195606157165,76789363.94735558,13.461044305015216,1.1992230793423586
0.45,schechter,0,17383364144.395725,1.7383364144395724e-05,76,10,0.13157894736842105,0.7571050407619728,27703783079360.9,106.7439034820658,0.04007946675896711,230.2921738866329,75814683.86589663,13.995371730641416,1.3942061163955568
0.46,schechter,0,18192871100.18256,1.819287110018256e-05,81,10,0.12345679012345678,0.739943535034242,18581681410295.26,645.2430297800887,0.04079781771389325,237.96542812196665,74855026.10136408,14.534555742718815,1.3277469822740249
0.47000000000000003,schechter,0,19021057838.690536,1.9021057838690536e-05,80,10,0.125,0.7235319885813847,96709717152623.48,507.9457467205987,0.04152275794336715,245.65747608720864,73910134.4107027,15.07822310063466,1.3636970930344958
0.48000000000000004,schechter,0,19867893988.231922,1.986789398823192e-05,54,10,0.18518518518518517,0.707823604502722,3459299496223.179,481.157549699625,0.04225423167689769,253.36421577695015,72979757.42922702,15.626002775271983,2.048232149696769
0.49,schechter,0,20733346380.299328,2.0733346380299327e-05,54,10,0.18518518518518517,0.6927746300653448,2797062038121.471,108.32334836003103,0.042992179912334685,261.08168372637766,72063648.53939462,16.17752625808906,2.0754406979296385
0.5,schechter,0,21617379157.24647,2.1617379157246473e-05,48,10,0.20833333333333334,0.6783454030571643,8382383825704.732,130.66175724569823,0.04373654035770323,268.8060528006855,71161565.7458431,16.732427851033034,2.3646594822362346
0.51,schechter,0,22519953877.610683,2.2519953877610683e-05,68,10,0.14705882352941177,0.6644994961943123,20577255025796.56,2137.8554719039826,0.04448724737375437,276.5336299181988,70273271.55644336,17.290344938015874,1.6896213971084448
0.52,schechter,0,23441029619.07358,2.3441029619073583e-05,55,10,0.18181818181818182,0.6512022295982216,860680130773.406,139.45471081513637,0.04524423191734168,284.2608537119394,69398532.8688438,17.85091823833805,2.1135559558511448
0.53,schechter,0,24380563079.04465,2.438056307904465e-05,82,10,0.12195121951219512,0.6384225863887751,671731916173.5544,97.1842990195296,0.04600742148573693,291.9842921393901,68537120.86228469,18.413792042858322,1.433631797710568
0.54,schechter,0,25338508672.88065,2.533850867288065e-05,52,10,0.19230769230769232,0.6261312612237875,4923485770557.307,1384.4281664216946,0.046776740062001616,299.70064004596804,67688810.89416112,18.978614433402548,2.285212267589676
0.55,schechter,0,26314818629.731037,2.6314818629731036e-05,41,10,0.24390243902439024,0.614301167801408,30299696533057.96,73.31352589462267,0.04755210806153499,307.4067166891317,66853382.401291125,19.545037486140078,2.9284242323068645
0.56,schechter,0,27309443086.029118,2.730944308602912e-05,98,10,0.10204081632653061,0.6029081196443133,2149762241996.7065,106.31848660909118,0.04833344227992233,315.0994632290855,66030618.80524841,20.112717459461923,1.2373592514715857
0.5700000000000001,schechter,0,28322330176.628136,2.8322330176628135e-05,69,10,0.14492753623188406,0.5919279452219086,49001754120066.08,4360.785766272378,0.049120655842211244,322.7759401930899,65220307.42184981,20.681314967179386,1.7741809091318257
0.5800000000000001,schechter,0,29353426123.60243,2.935342612360243e-05,40,10,0.25,0.5813394580747273,2477157385696.3975,106.76234735283899,0.04991365815374634,330.43332491686834,64422239.37422575,21.250495137471404,3.0884378317593133
0.59,schechter,0,30402675322.728123,3.0402675322728123e-05,98,10,0.10204081632653061,0.5711223424131067,6304749359159.264,432.51742515438707,0.050712354852696435,338.0689089726958,63636209.50946025,21.819927758571968,1.2716171686490194
0.6,schechter,0,31470020427.66232,3.147002042766232e-05,51,10,0.19607843137254902,0.5612576904428137,2814358405848.487,291.0679474798484,0.051516647764411366,345.6800955822435,62862016.318445235,22.3892874113634,2.463952890816115
0.61,schechter,0,32555402431.84049,3.2555402431840485e-05,58,10,0.1724137931034483,0.5517281148306842,7032793293016.537,92.76434439853581,0.05232643485774771,353.26439702873057,62099461.8588071,22.958253590172962,2.1839162022605025
0.62,schechter,0,33658760748.12151,3.365876074812151e-05,61,10,0.16393442622950818,0.5425172639557092,12292582968286.865,90.00541200875585,0.05314161020350689,360.81943206149106,61348351.680681646,23.526510811671738,2.092383323929928
0.63,schechter,0,34780033286.19755,3.4780033286197545e-05,69,10,0.14492753623188406,0.5336093433289685,72560264667288.86,289.4264925481375,0.05396206393512963,368.34292330804396,60608494.75515795,24.093748713210154,1.8632825259694568
0.64,schechter,0,35919156527.80424,3.591915652780424e-05,76,10,0.13157894736842105,0.5249906670965044,2001555965946.854,110.30767164822444,0.054787682211795266,375.83269468992717,59879703.405252725,24.659662140727626,1.7034332207414487
0.65,schechter,0,37076065599.757324,3.7076065599757325e-05,58,10,0.1724137931034483,0.5166467700310071,1749966770928.0007,43.449773276246205,0.055618347184074164,383.2866688494095,59161793.23922499,25.223951227055313,2.2468746429099635
0.66,schechter,0,38250694344.84752,3.8250694344847516e-05,48,10,0.20833333333333334,0.508565700922049,3891542977194.785,96.50133875371188,0.056453936962285574,390.702864591331,58454583.086089864,25.786321461264635,2.7320913850311093
0.67,schechter,0,39442975390.622086,3.9442975390622085e-05,75,10,0.13333333333333333,0.5007350285937916,47203216153897.77,437.29354766841743,0.05729432558771266,398.0793943385665,57757894.933217816,26.346483749343044,1.759014305809754
0.68,schechter,0,40652840216.09655,4.065284021609655e-05,54,10,0.18518518518518517,0.49314368635744144,12366503749263.574,216.48950816148022,0.05813938300682973,405.4144616122735,57071553.86587637,26.904154467296458,2.456965539320852
0.6900000000000001,schechter,0,41880219216.41958,4.188021921641958e-05,72,10,0.1388888888888889,0.48578099527117624,106069658753986.33,24594.173160146947,0.05898897504869533,412.70635852956406,56395388.00860588,27.45905550656519,1.8526510157202376
0.7000000000000001,schechter,0,43125041765.53588,4.312504176553588e-05,76,10,0.13157894736842105,0.4786371167099901,15063087341305.615,295.8019744998022,0.059842963405668255,419.95346333086746,55729228.46830064,28.010914312918977,1.7640872714665963
0.7100000000000001,schechter,0,44387236276.87772,4.438723627687772e-05,67,10,0.14925373134328357,0.47170274859636196,14860207313851.396,50.2601954570322,0.06070120561760056,427.15423793178513,55072909.27894104,28.559463918868495,2.0106832282043126
0.72,schechter,0,45666730262.1267,4.56667302621267e-05,63,10,0.15873015873015872,0.4649688435141974,4904973445145.592,177.16038254344568,0.061563555059664696,434.3072255072263,54426267.3478233,29.104442970435194,2.1480411411251055
0.73,schechter,0,46963450388.08155,4.696345038808155e-05,42,10,0.23809523809523808,0.4584269209047641,848099439423.0785,76.3045951559128,0.062429860933968816,441.4110481040005,53789142.40325106,29.64559574839409,3.235795042219921
0.74,schechter,0,48277322531.668106,4.8277322531668106e-05,83,10,0.12048192771084337,0.45206920432029607,1457466893215.161,53.26008481100346,0.06329996826511489,448.4644042899751,53161376.94359302,30.182672184861417,1.6439345299844137
0.75,schechter,0,49608271833.137794,4.96082718331378e-05,59,10,0.1694915254237288,0.445888164083597,118303970803877.95,184.43993988630172,0.06417371789985252,455.4660668362846,52542816.187593825,30.715427875298662,2.3212958888744164
0.76,schechter,0,50956222747.48202,5.095622274748202e-05,75,10,0.13333333333333333,0.43987651554233786,2624114256010.0283,123.28649508075219,0.06505094651097904,462.4148804361047,51933308.025967404,31.2436240865401,1.8324448661469224
0.77,schechter,0,52321099094.11371,5.232109909411371e-05,82,10,0.12195121951219512,0.43402777656276337,2840259290203.0073,237.57867901722892,0.06593148660563516,469.30975946209344,51332702.97407133,31.76702776121542,1.681435661854623
0.78,schechter,0,53702824104.847046,5.370282410484705e-05,84,10,0.11904761904761904,0.42833542743971276,7898627711932.903,222.92409391336946,0.06681516653814157,476.1496857610061,50740854.125752576,32.28541151884815,1.6463078027372438
0.79,schechter,0,55101320470.217705,5.5101320470217705e-05,61,10,0.16393442622950818,0.42279353387305907,9973691126978.99,525.1763997840183,0.0677018105275198,482.93370648841415,50157617.108157024,32.79855365402054,2.2732813779194223
0.8,schechter,0,56516510384.18364,5.651651038418364e-05,110,10,0.09090909090909091,0.4173960771658498,1766234526805.0645,155.45999341211927,0.06859123867983588,489.6609319852933,49582850.03763585,33.30623813210999,1.2638084674085772
0.81,schechter,0,57948315587.244095,5.79483155872441e-05,80,10,0.125,0.41213774924652524,52791297156110.44,715.493469936989,0.06948326701550157,496.3305336936695,49016413.47646635,33.808254582516305,1.7417072436989742
0.8200000000000001,schechter,0,59396657408.016815,5.939665740801682e-05,40,10,0.25,0.40701339252194246,13443501243967.18,378.06544577549545,0.0703777075016633,502.94174211494163,48458170.39061373,34.3043982900454,3.490587381613825
0.8300000000000001,schechter,0,60861456803.31174,6.0861456803311735e-05,64,10,0.15625,0.4020179991671614,12899451392266.502,464.91850362011473,0.0712743680898028,509.49384481076925,47907986.10823188,34.79447018450264,2.1856255133836258
0.8400000000000001,schechter,0,62342634396.73988,6.234263439673989e-05,37,10,0.2702702702702703,0.3971467101423374,21929188671601.906,1761.5105782614323,0.07217305275866856,515.986184445999,47365728.279101126,35.278276828839154,3.78666258974706
0.85,schechter,0,63840110515.89674,6.384011051589674e-05,64,10,0.15625,0.39239532165684765,11831300967279.73,141.50713436435697,0.0730735615626498,522.4181568737735,46831266.83476413,35.755630405924705,2.192240952215029
0.86,schechter,0,65353805228.15541,6.535380522815542e-05,58,10,0.1724137931034483,0.3877594170801355,40231463484443.7,2103.878872397503,0.07397569068569808,528.7892092653651,46304473.94949488,36.226348704432134,2.421915147684884
0.87,schechter,0,66883638375.10916,6.688363837510917e-05,69,10,0.14492753623188406,0.38323495061315394,7479689377184.928,81.35372603690315,0.07487923250089422,535.0988382804618,45785224.0019454,36.6902551036288,2.037824362699015
0.88,schechter,0,68429529605.70016,6.842952960570016e-05,60,10,0.16666666666666666,0.3788178006989158,23887882320535.652,460.6918096816795,0.07578397563574907,541.3465882835545,45273393.53755888,37.14717855771525,2.345335413900602
0.89,schechter,0,69991398408.06961,6.999139840806961e-05,34,10,0.29411764705882354,0.3745045779765013,5909111828241.08,46.07162285598231,0.07668970504331966,547.5320495995531,44768861.231587745,37.59695357928661,4.141244480415542
0.9,schechter,0,71569164140.1657,7.15691641401657e-05,59,10,0.1694915254237288,0.37029170927187993,9744564744114.389,134.98360554558957,0.07759620207921059,553.654856816061,44271507.85283817,38.03942022267897,2.3874037176215444
0.91,schechter,0,73162746059.14662,7.316274605914662e-05,96,10,0.10416666666666667,0.36617562737626697,36962712639807.45,593.0848493224908,0.07850324458452297,559.7146871246273,43781216.22801512,38.47442406671776,1.4675412886011376
0.92,schechter,0,74772063349.60985,7.477206334960985e-05,59,10,0.1694915254237288,0.3621531401804645,7233342254254.342,206.77606384390342,0.07941060697480082,565.7112587068669,43297871.206686266,38.901816197414725,2.387866931291017
0.93,schechter,0,76397035150.68579,7.63970351506858e-05,79,10,0.12658227848101267,0.3582214140021538,22795536217476.65,379.1545513798384,0.08031806033501555,571.6443291616563,42821359.6268634,39.321453190469704,1.783010957279691
0.9400000000000001,schechter,0,78037580582.02713,7.803758058202713e-05,101,10,0.09900990099009901,0.35437714739688886,9849200384435.719,189.1628207080115,0.08122537252061583,577.5136939728403,42351570.28113079,39.733197093578376,1.394112578512937
0.9500000000000001,schechter,0,79693618768.72609,7.969361876872609e-05,99,10,0.10101010101010101,0.3506173319976692,3224200735245.52,65.43784292633536,0.08213230826466011,583.3191850196229,41888393.88338472,40.13691540884362,1.4214846661883724
0.9600000000000001,schechter,0,81365068865.19722,8.136506886519721e-05,79,10,0.12658227848101267,0.34693995829508417,10234626786228.984,324.5404283136862,0.0830386292910345,589.0606691269535,41431723.03608367,40.53248107509162,1.7800426954162754
0.97,schechter,0,83051850078.04909,8.305185007804909e-05,63,10,0.15873015873015872,0.34334155042865044,27887092797321.848,893.1048797785606,0.08394409443374791,594.7380466562187,40981452.198053606,40.91977245021941,2.23007271686443
0.98,schechter,0,84753881687.98428,8.475388168798428e-05,57,10,0.17543859649122806,0.33982045414687856,4386179624553.7046,87.6826830994963,0.08484845976228053,600.3512501346468,40537477.652815565,41.298673293487646,2.4621287568871115
0.99,schechter,0,86471083070.75276,8.647108307075276e-05,84,10,0.11904761904761904,0.3363737112453844,61173733305628.92,660.0856626249997,0.08575147871295036,605.9002429262314,40099697.47744613,41.669072748005725,1.668616743381023
1.0,schechter,0,88203373717.19109,8.820337371719109e-05,49,10,0.20408163265306123,0.33299909484391665,128484757817364.34,58.22894922417273,0.08665290222624604,611.3850179366119,39668011.51188104,42.03086532282939,2.856375532246684
1.01,schechter,0,89950673252.37471,8.995067325237471e-05,65,10,0.15384615384615385,0.3296944827423075,14521398152708.95,1330.9815984089987,0.08755247889006164,616.80559636222,39242321.32879002,42.383950875532236,2.1498084246898417
1.02,schechter,0,91712901453.91469,9.17129014539147e-05,65,10,0.15384615384615385,0.32645779984198153,8802373825016.74,150.72181754798095,0.08844995508875261,622.1620264698291,38822530.203856505,42.72823459413846,2.1459946856514596
1.03,schechter,0,93489978269.42223,9.348997826942223e-05,53,10,0.18867924528301888,0.3232870180608106,78684535474682.55,1246.5255441201807,0.08934507515791797,627.4543824176086,38408543.086599246,43.06362697932657,2.6267757647225585
1.04,schechter,0,95281823833.17496,9.528182383317496e-05,27,10,0.37037037037037035,0.32018015618599505,13418187100823.293,49.83797913419664,0.09023758154479809,632.6827631100883,38000266.571585506,43.39004382621502,5.145418892294331
1.05,schechter,0,97088358482.00238,9.708835848200239e-05,79,10,0.12658227848101267,0.3171352796692162,37643082852968.02,217.05585585436438,0.09112721497416236,637.8472910882653,37597608.87017283,43.70740620595039,1.754577277308875
1.06,schechter,0,98909502770.4253,9.890950277042529e-05,50,10,0.2,0.314150500368086,12510802936941.984,132.92447924069154,0.09201371461954395,642.9481114543191,37200479.78263619,44.0156404468819,2.7655070940819435
1.07,schechter,0,100745177485.06883,0.00010074517748506884,91,10,0.10989010989010989,0.3112242428788955,25725121688334.33,181.307556420688,0.09289681827966537,647.9853908307769,36808790.67077036,44.31467811538336,1.515582653283752
1.08,schechter,0,102595303658.37498,0.00010259530365837499,72,10,0.1388888888888889,0.30835492062509684,5602410235817.895,239.23284298222114,0.09377626255988103,652.959316352099,36422454.43092041,44.6044559960973,1.9102782622503067
1.09,schechter,0,104459802581.63963,0.00010445980258163963,69,10,0.14492753623188406,0.30554049267781314,159695562398723.44,821.4091962903915,0.09465178305844799,657.8700946889201,36041385.46742419,44.88491607155771,1.9875593290298603
1.1,schechter,0,106338595817.39578,0.00010633859581739578,59,10,0.1694915254237288,0.3027800538061629,5324498895491.441,19.3752928262918,0.09552311455742028,662.7179511033639,35665499.66649557,45.15600550107361,2.317345385641772
1.11,schechter,0,108231605211.16777,0.00010823160521116778,72,10,0.1388888888888889,0.30007151136969246,3718358705584.3125,35.856258164230226,0.09638999121794681,667.5031285370957,35294714.37049736,45.417676598876184,1.8928542861006517
1.12,schechter,0,110138752902.61436,0.00011013875290261437,35,10,0.2857142857142857,0.29741367203430846,11014765763835.895,93.47975640169197,0.09725214677973788,672.2258867263394,34928948.352648705,45.66988681113947,3.8808139251120637
1.1300000000000001,schechter,0,112059961336.08746,0.00011205996133608747,65,10,0.15384615384615385,0.294805316743748,20013957666404.254,183.79877639519017,0.09810931476444977,676.8865013504707,34568121.792101,45.912598692186684,2.082350492304413
1.1400000000000001,schechter,0,113995153270.62457,0.00011399515327062457,76,10,0.13157894736842105,0.2922448253076415,5339449537249.335,51.76646869697997,0.09896122868272254,681.4852632058528,34212156.24944995,46.14577987934415,1.7744559709899748
1.1500000000000001,schechter,0,115944251789.39381,0.00011594425178939382,101,10,0.09900990099009901,0.28973096956402977,2591998275477.395,67.04493086671512,0.09980762224459194,686.0224774099538,33860974.64260373,46.369403066624045,1.3301635751087406
1.1600000000000001,schechter,0,117907180308.61206,0.00011790718030861206,68,10,0.14705882352941177,0.28726254478733604,92921185651496.39,2229.640025930283,0.10064822957298275,690.4984626320772,33514501.22304822,46.583445976978695,1.9678940053397487
1.17,schechter,0,119883862585.9605,0.0001198838625859605,85,10,0.11764705882352941,0.2848383696787956,18649947546620.016,766.7166385759318,0.10148278541997709,694.9135503503704,33172661.552509196,46.787891333046474,1.5678807868251303
1.18,schechter,0,121874222728.50528,0.00012187422272850528,74,10,0.13513513513513514,0.2824572863313919,32742808613328.605,84.52397415208472,0.1023110253855389,699.2680841355741,32835382.47995832,46.98272682628731,1.7933261518651626
1.19,schechter,0,123878185200.15233,0.00012387818520015234,58,10,0.1724137931034483,0.2801181601707917,68583618406442.266,926.50918820673,0.10313268613836393,703.5624189600934,32502592.119014297,47.167945084423636,2.2780341372561534
1.2,schechter,0,125895674828.64557,0.00012589567482864557,70,10,0.14285714285714285,0.2778198798737347,21306439724461.633,535.3537632617985,0.1039475056385125,707.7969205307804,32174219.82570734,47.34354363697848,1.8789968008603253
1.21,schechter,0,127926616812.13155,0.00012792661681213156,66,10,0.15151515151515152,0.2755613572652581,103286549003434.11,293.2832373847131,0.1047552233614732,711.9719646467296,31850196.176586464,47.50952487891337,1.9836044179789265
1.22,schechter,0,129970936725.30211,0.00012997093672530212,54,10,0.18518518518518517,0.27334152719609806,36473121058491.375,54.61591091428498,0.10555558052329424,716.0879365790786,31530452.947203357,47.66589603216076,2.4127905215928247
1.23,schechter,0,132028560525.13371,0.0001320285605251337,110,10,0.09090909090909091,0.2711598176466231,3664476781635.4556,41.71180259236506,0.10634832030641155,720.1452304759123,31214923.090939093,47.81266910516113,1.1786249668867113
1.24,schechter,0,134099414556.23738,0.0001340994145562374,67,10,0.14925373134328357,0.2690148432656766,17305311386037.77,685.0128829131814,0.10713318808579403,724.1442487857389,30903540.718176357,47.94986084992731,1.9252573583812236
1.25,schechter,0,136183425555.8359,0.0001361834255558359,88,10,0.11363636363636363,0.26690570570166394,188159022787753.2,352.862785755717,0.1079099316550206,728.0854017049503,30596241.075822484,48.07749271696597,1.4581996729532285
1.26,schechter,0,138280520658.38135,0.00013828052065838136,87,10,0.11494252873563218,0.2648318866373066,14487293605698.121,207.77237080681613,0.10867830145189603,731.9691066454532,30292960.52715669,48.195590807725175,1.4670953150815507
1.27,schechter,0,140390627399.8255,0.0001403906273998255,50,10,0.2,0.26279201731753377,8956779004985.14,59.3816403416245,0.10943805078320944,735.7957877221698,29993636.532022804,48.304185824551624,2.538790887542988
1.28,schechter,0,142513673721.56216,0.00014251367372156216,99,10,0.10101010101010101,0.2607857924449688,15298422319323.807,30.474751690023748,0.11018893604823399,739.5658752594513,29698207.62734887,48.4033130180426,1.275040034583042
1.29,schechter,0,144649587974.04547,0.00014464958797404546,84,10,0.11904761904761904,0.25881200215643674,9210037626539.785,330.7923556691412,0.11093071696056572,743.2798053176051,29406613.407992665,48.49301213185275,1.4941159000525224
1.3,schechter,0,146798298920.10776,0.00014679829892010775,72,10,0.1388888888888889,0.25686994858563883,17224141905632.113,90.4137477563646,0.11166315676789583,746.9380192375704,29118794.50790167,48.573327344795835,1.7329205691237655
1.31,schechter,0,148959735737.97778,0.00014895973573797778,54,10,0.18518518518518517,0.2549591624041657,24169815444661.68,675.4957537144958,0.11238602246931209,750.5409632035431,28834692.581594545,48.644307210236406,2.2967244114912577
1.32,schechter,0,151133828024.0222,0.0001511338280240222,66,10,0.15151515151515152,0.2530785789210176,17863776619404.12,350.16393747417743,0.11309908502972522,754.0890878209301,28554250.285959702,48.70600459259849,1.8676433980629368
1.33,schechter,0,153320505795.2128,0.0001533205057952128,72,10,0.1388888888888889,0.2512275409360645,35406377354635.58,319.7183657625689,0.11380211959101888,757.5828477149264,28277411.26235228,48.7584766013147,1.701315580046796
1.34,schechter,0,155519699491.3358,0.0001555196994913358,65,10,0.15384615384615385,0.24940540165291658,17891933668702.82,468.2641816931017,0.11449490567952506,761.0227011411439,28004120.11900111,48.80178452169799,1.8725274876943347
1.35,schechter,0,157731339976.95163,0.00015773133997695163,59,10,0.1694915254237288,0.24761161947909094,12340371435646.402,93.76533031420253,0.11517722740943068,764.4091096152649,27734322.413720313,48.83599374320645,2.049552457563746
1.36,schechter,0,159955358543.11682,0.0001599553585431168,54,10,0.18518518518518517,0.24584547379263466,70561181622409.6,1052.606298043543,0.11584887368172872,767.7425375555013,27467964.636896268,48.86117368468427,2.224499702699151
1.37,schechter,0,162191686908.87817,0.00016219168690887817,45,10,0.2222222222222222,0.24410628681135504,18250117968161.996,655.0200850564372,0.11650963837833293,771.0234519417854,27204994.194798715,48.877397716960466,2.6513955701531158
1.3800000000000001,schechter,0,164440257222.54437,0.00016444025722254436,94,10,0.10638297872340426,0.24239345555795178,59372359961541.77,92.64299198492986,0.1171593205509839,774.2523219871804,26945359.393152125,48.884743082457476,1.2605682765765476
1.3900000000000001,schechter,0,166701002062.7532,0.0001667010020627532,85,10,0.11764705882352941,0.2407063873966674,3731835855669.6704,42.34122019144225,0.11779772460458442,777.4296188249757,26689009.4209975,48.88329081214389,1.38429651005316
1.4000000000000001,schechter,0,168973854439.33456,0.00016897385443933458,97,10,0.10309278350515463,0.23904453042651974,314146823485065.4,892.4145670796386,0.11842466047461185,780.555815207639,26435894.334847275,48.87312563966323,1.2044178730937731
1.4100000000000001,schechter,0,171258747793.9825,0.0001712587477939825,37,10,0.2702702702702703,0.23740744622498255,21717959022342.848,200.99663282397046,0.1190399437982678,783.6313852196466,26185965.04308979,48.85433591276587,3.1346981421803237
1.42,schechter,0,173555616000.74518,0.00017355561600074516,58,10,0.1724137931034483,0.23579446065244303,7306618039376.435,123.67394957407802,0.1196433960790384,786.6568040022046,25939173.29070372,48.82701350211587,1.9850240196553388
1.43,schechter,0,175864393366.3364,0.0001758643933663364,80,10,0.125,0.23420502012602995,101053376805658.9,2519.1265479511285,0.12023484484435139,789.6325474902479,25695471.644191947,48.79125370742453,1.4283945695651994
1.44,schechter,0,178185014630.28198,0.000178185014630282,62,10,0.16129032258064516,0.23263858123491044,7099843054555.479,116.54592570370671,0.12081412379603326,792.5590921608054,25454813.47682177,48.74715516111834,1.8291079057936472
1.45,schechter,0,180517414964.90637,0.00018051741496490637,97,10,0.10309278350515463,0.2310947599909109,30960032419668.312,150.51948751077464,0.12138107295328354,795.4369147931844,25217152.95410143,48.69481972954946,1.1601152245567943
1.46,schechter,0,182861529975.16196,0.00018286152997516196,63,10,0.15873015873015872,0.22957317950592615,294354089805022.6,35.390925232284076,0.12193553878790152,798.2664922391111,24982445.019521292,48.634352411805075,1.7722449073634599
1.47,schechter,0,185217295698.32053,0.00018521729569832054,59,10,0.1694915254237288,0.22807307324859505,9178969472973.318,101.62765577731034,0.12247737435151856,801.0483012045685,24750645.38054905,48.56586123632946,1.877383936802453
1.48,schechter,0,187584648603.5167,0.0001875846486035167,61,10,0.16393442622950818,0.22659422111869587,6525195212743.823,81.80185240842462,0.12300643939460665,803.7828180395647,24521710.494854964,48.48945715521434,1.8012181600908472
1.49,schechter,0,189963525591.16464,0.00018996352559116464,76,10,0.13157894736842105,0.22513613623775253,23515663671909.137,190.3588036755137,0.12352260047705375,806.4705185414008,24295597.556820426,48.40525393674082,1.4339173480164589
1.5,schechter,0,192353863992.2462,0.0001923538639922462,70,10,0.14285714285714285,0.22369824752517897,108584182360688.97,74.0561448634212,0.1240257310701164,809.1118777627248,24072264.484238382,48.31336805561143,1.543945109439891
1.51,schechter,0,194755601567.4782,0.00019475560156747822,56,10,0.17857142857142858,0.2222803995881807,69150681980813.48,1510.2314615285281,0.12451571164958056,811.707369832169,23851669.90529175,48.21391858166713,1.9137516228651752
1.52,schechter,0,197168676506.3679,0.00019716867650636789,53,10,0.18867924528301888,0.22088190484765235,7867759787965.511,276.077768112879,0.12499242977998155,814.257467783554,23633773.145745885,48.10702706687625,2.0049003349224903
1.53,schechter,0,199593027426.15543,0.00019959302742615542,119,10,0.08403361344537816,0.21950256756962971,124135467637283.38,145.7981826386495,0.12545578018975678,816.762643389533,23418534.21637197,47.99281743054945,0.8852560210845449
1.54,schechter,0,202028593370.6551,0.00020202859337065509,99,10,0.10101010101010101,0.21814194353970162,10290618540269.668,210.77628598124483,0.12590566483722512,819.223367009529,23205913.800602216,47.87141584353542,1.0548246153642504
1.55,schechter,0,204475313808.99817,0.00020447531380899818,90,10,0.1111111111111111,0.21679947086423768,11813526426223.021,206.7181317418303,0.12634199296731044,821.6401074411857,22995873.24240182,47.74295061089901,1.1500718255489264
1.56,schechter,0,206933128634.28296,0.00020693312863428296,94,10,0.10638297872340426,0.21547521779477952,6458661131861.005,61.66567430288343,0.12676468115894596,824.0133317795112,22788374.534365553,47.60755205352482,1.0913029412137834
1.57,schechter,0,209401978162.13254,0.00020940197816213255,78,10,0.1282051282051282,0.21416845963015474,68628052647293.56,45.2222181778906,0.12717365336312167,826.3435052863567,22583380.306024913,47.46535238894837,1.3032796675568663
1.58,schechter,0,211881803129.1737,0.0002118818031291737,68,10,0.14705882352941177,0.21287886356003183,38824519781456.766,392.93035984963365,0.1275688409315561,828.6310912633633,22380853.81236754,47.31648561120068,1.4812764242010295
1.59,schechter,0,214372544691.4316,0.0002143725446914316,66,10,0.15151515151515152,0.21160622996524836,54472922801510.99,895.3043674503986,0.12795018263599814,830.876550933195,22180758.922575094,47.16108737014623,1.5120575605239899
1.6,schechter,0,216874144422.65393,0.00021687414442265394,92,10,0.10869565217391304,0.2103502874779679,49242645082237.61,84.43449220519395,0.12831762467818383,833.080343329015,21983060.10894857,46.999294850427745,1.074599476418397
1.61,schechter,0,219386544312.5582,0.0002193865443125582,82,10,0.12195121951219512,0.20911055983119187,15159552653838.527,63.807624615654106,0.12867112069049735,835.242925185417,21787722.43604854,46.83124664987866,1.194257098115702
1.62,schechter,0,221909686765.01688,0.00022190968676501688,81,10,0.12345679012345678,0.20788675350393526,106662882435722.53,1282.1446850053553,0.12901063172740435,837.3647508420711,21594711.550035674,46.65708265819873,1.197455486639221
1.6300000000000001,schechter,0,224443514596.1766,0.0002244435145961766,116,10,0.08620689655172414,0.20667857889111052,28885877448347.01,122.5079814452778,0.1293361262477481,839.4462721455147,21403993.66818979,46.476943935210684,0.8280852348044105
1.6400000000000001,schechter,0,226987971032.51785,0.00022698797103251785,76,10,0.13157894736842105,0.20548575030411143,4703365900968.91,41.28527909238024,0.12964758008801838,841.4879383638387,21215535.568644308,46.29097258979417,1.251596741436962
1.6500000000000001,schechter,0,229542999708.859,0.00022954299970885902,57,10,0.17543859649122806,0.20430798596912736,39886633069329.34,149.398557448804,0.12994497642672279,843.4901961019322,21029304.58028762,46.099311658886236,1.6523609683491505
1.6600000000000001,schechter,0,232108544666.30652,0.00023210854466630652,84,10,0.11904761904761904,0.20314500802328195,60172936071999.08,135.4381275713018,0.13022830574001035,845.4534892228006,20845268.57286173,45.90210498710949,1.1100932721299865
1.6700000000000002,schechter,0,234684550350.15646,0.00023468455035015646,59,10,0.1694915254237288,0.20199654250869448,102904498290421.94,76.65770764591512,0.13049756574871402,847.3782587749689,20663395.94724198,45.69949710717349,1.5646000694974798
1.68,schechter,0,237270961607.74966,0.00023727096160774966,50,10,0.2,0.20086231936455445,36115804787039.17,77.45305508271728,0.13075276135699798,849.2649429243123,20483655.625891827,45.49163312112389,1.8275109880780662
1.69,schechter,0,239867723686.2812,0.0002398677236862812,93,10,0.10752688172043011,0.19974207241730269,274720905314848.8,321.8338749066741,0.13099390458281196,851.1139768894561,20306017.043500546,45.27865858258869,0.9724788281249198
1.7,schechter,0,242474782230.5728,0.0002424747822305728,56,10,0.17857142857142858,0.19863553936899958,69457312840891.79,85.17951859134571,0.13122101448037002,852.9257928818944,20130450.13778125,45.06071938020723,1.5983321961504637
1.71,schechter,0,245092083280.8031,0.0002450920832808031,57,10,0.17543859649122806,0.19754246178397383,92597823261759.84,869.8994370823117,0.13143411705488842,854.7008200523393,19956925.34045368,44.83796162254422,1.5539300561917064
1.72,schechter,0,247719573270.20697,0.00024771957327020694,72,10,0.1388888888888889,0.19646258507382397,29900737904135.54,157.40026406190174,0.13163324516982902,856.4394844364316,19785413.568385925,44.61053152423229,1.2172639367733324
1.73,schechter,0,250357199022.7386,0.0002503571990227386,77,10,0.12987012987012986,0.19539565848086027,62522115044787.1,890.219271882939,0.1318184384469108,858.1422089106975,19615886.214899182,44.378575294087604,1.126153369094894
1.74,schechter,0,253004907750.70596,0.00025300490775070596,84,10,0.11904761904761904,0.19434143506005808,147030275079723.5,169.75467235014827,0.13198974315916043,859.8094131461557,19448315.141239457,44.14223902469747,1.0212697712885481
1.75,schechter,0,255662647052.37656,0.00025566264705237656,126,10,0.07936507936507936,0.19329987495382606,114490793770597.38,390.97129275794595,0.13214721211728916,861.4415135693398,19282672.668198943,43.90166858410469,0.6735069085374404
1.76,schechter,0,258330364909.5586,0.0002583303649095586,48,10,0.20833333333333334,0.19227060713481925,34970045959446.65,739.266110197086,0.13229090454968861,863.0389233244063,19118931.567901675,43.65700950943348,1.7487416091811152
1.77,schechter,0,261008009685.1579,0.0002610080096851579,76,10,0.13157894736842105,0.19125334901761792,117220268885179.97,572.4789295884987,0.13242088597635046,864.602052241952,18957065.055737577,43.40840690284682,1.0923688415380182
1.78,schechter,0,263695530120.71164,0.00026369553012071164,80,10,0.125,0.19024786787518766,5901267315895.117,52.048312042442966,0.1325372280770222,866.1313068053948,18797046.782446537,43.15600532950446,1.0262922499935574
1.79,schechter,0,266392875333.9054,0.0002663928753339054,81,10,0.12345679012345678,0.18925427154186436,80664249370930.89,29.392948495013506,0.13264000855391733,867.6270901264569,18638850.826349083,42.89994871822279,1.0023454992408136
1.8,schechter,0,269099994816.07065,0.00026909999481607063,59,10,0.1694915254237288,0.188272037510528,32520050911380.71,212.17872961712746,0.1327293109893057,869.0898019187697,18482451.68572671,42.640380264405444,1.3606764868819186
1.81,schechter,0,271816838429.66656,0.00027181683842966654,85,10,0.11764705882352941,0.1873009356710258,39717154770127.91,321.2846900235506,0.13280522469831382,870.5198384764567,18327824.271332726,42.37744233565705,0.9338040706839419
1.82,schechter,0,274543356405.74857,0.0002745433564057486,98,10,0.10204081632653061,0.1863411545395508,21639693729542.703,79.95285625772757,0.132867844577269,871.9175926559581,18174943.89906127,42.111276380156426,0.8007208020216801
1.83,schechter,0,277279499341.4233,0.00027727949934142326,62,10,0.16129032258064516,0.18539208204219493,12699582325446.268,44.91674583984626,0.13291727094792347,873.2834538586059,18023786.282729935,41.84202283766068,1.2511580210856423
1.84,schechter,0,280025218197.29126,0.0002800252181972913,73,10,0.136986301369863,0.18445377082227798,145687718313756.47,164.81425969921438,0.13295360939789763,874.6178080152454,17874327.527015675,41.569821053385965,1.050371266534844
1.85,schechter,0,282780464294.8859,0.0002827804642948859,81,10,0.12345679012345678,0.18352597483171695,9436124963977.908,82.99701964376034,0.13297697061768127,875.9210375774111,17726544.12051855,41.29480919499997,0.9356382855558171
1.86,schechter,0,285545189314.09656,0.0002855451893140966,39,10,0.2564102564102564,0.18260847332950236,13657521997083.684,68.18296861583785,0.1329874702345315,877.1935215038824,17580412.92894541,41.017124172246405,1.9205319039642421
1.87,schechter,0,288319345290.58966,0.0002883193452905897,61,10,0.16393442622950818,0.18170121140813988,34218074716483.992,116.7358231273744,0.13298522864360543,878.4356352556852,17435911.18843124,40.73690155993204,1.2134335020416058
1.8800000000000001,schechter,0,291102884613.2268,0.0002911028846132268,66,10,0.15151515151515152,0.18080388406471481,5843061017518.553,35.44765875115074,0.13297037083666333,879.6477507896486,17293016.49898085,40.45427552382203,1.108225779050174
1.8900000000000001,schechter,0,293895760021.4718,0.00029389576002147183,59,10,0.1694915254237288,0.17991643370836752,10571562048686.059,60.06509682135559,0.13294302622867502,880.8302365534513,17151706.818034906,40.16937874964577,1.2249375201554153
1.9000000000000001,schechter,0,296697924602.80035,0.00029669792460280036,47,10,0.2127659574468085,0.17903865992866963,27214169640327.273,417.8488792868444,0.13290332848265865,881.9834574862025,17011960.454154097,39.88234237542614,1.5192513050452534
1.9100000000000001,schechter,0,299509331790.10706,0.00029950933179010705,41,10,0.24390243902439024,0.17817031841012432,29446554053160.074,458.2421138826827,0.13285141533307546,883.107775016138,16873756.06082675,39.593295926791804,1.7205732054104326
1.9200000000000002,schechter,0,302329935359.1115,0.0003023299353591115,69,10,0.14492753623188406,0.17731149253123324,53148526021928.64,331.8011266750205,0.13278742840810062,884.2035470624324,16737072.630372385,39.302367255560775,1.009965420013645
1.93,schechter,0,305159689425.7633,0.00030515968942576333,60,10,0.16666666666666666,0.1764617241523596,244447050923088.3,385.1396410617393,0.13271151305108214,885.2711280390015,16601889.488000676,39.009682481654984,1.147285971558156
1.94,schechter,0,307998548443.65204,0.000307998548443652,88,10,0.11363636363636363,0.17562110795489516,6125817127258.143,70.49613613972535,0.1326238181414942,886.3108688582269,16468186.28592861,38.71536593804099,0.7726403932861327
1.95,schechter,0,310846467201.41534,0.00031084646720141534,92,10,0.10869565217391304,0.1747894292328317,100606471929089.97,461.5098963676269,0.13252449591568408,887.3231169374423,16335942.997650843,38.41954011905441,0.7299271183475434
1.96,schechter,0,313703400820.1524,0.0003137034008201524,57,10,0.17543859649122806,0.1739664207355942,22607363068778.51,379.0112422486699,0.13241370178770218,888.3082162063384,16205139.912292665,38.12232563186044,1.1635095684722034
1.97,schechter,0,316569304750.84454,0.00031656930475084457,70,10,0.14285714285714285,0.17315210775007406,78577416021588.98,718.4869969327236,0.13229159417049882,889.2665071137516,16075757.62908553,37.823841151075236,0.9356111169303806
1.98,schechter,0,319444134771.7745,0.00031944413477177447,94,10,0.10638297872340426,0.1723463608042961,164354922785950.72,120.17199600118056,0.13215833429775978,890.1983266411513,15947777.051919853,37.52420337674331,0.6879957334108499
1.99,schechter,0,322327846985.956,0.000322327846985956,127,10,0.07874015748031496,0.1715489096261381,11876643599588.756,135.17080295930535,0.1320140860466449,891.1040083091059,15821179.384035045,37.22352699520702,0.5028075172021166
2.0,schechter,0,325220397818.569,0.000325220397818569,93,10,0.10752688172043011,0.17075963933366833,10248664142145.57,22.9278371350568,0.13185901576168338,891.9838821932531,15695946.122775251,36.921924643382674,0.6779327457643985
2.01,schechter,0,328121744014.4019,0.0003281217440144019,123,10,0.08130081300813008,0.16997854665556078,31815180422559.18,65.69144555010162,0.13169329208006922,892.8382749341646,15572059.054465903,36.619506875881946,0.5060593949598153
2.02,schechter,0,331031842635.30084,0.00033103184263530086,68,10,0.14705882352941177,0.16920549296476028,19768597758512.33,38.368969403482,0.13151708575859106,893.6675097550626,15449500.249373306,36.316382135442424,0.9036663738123748
2.03,schechter,0,333950651057.6278,0.0003339506510576278,113,10,0.08849557522123894,0.16844026229597575,115903049400074.33,537.1988816310939,0.13133056950241706,894.4719064722204,15328252.056764135,36.012656726039566,0.53681250839903
2.04,schechter,0,336878126969.72876,0.00033687812696972877,84,10,0.11904761904761904,0.167682744709029,135913554539015.25,654.9541703566549,0.13113391779594796,895.2517815148713,15208297.100052891,35.708434789302,0.7128200422301829
2.05,schechter,0,339814228369.4103,0.00033981422836941027,39,10,0.2564102564102564,0.16693283139654314,74204916956170.84,99.33621181847312,0.13092730673593825,896.007447940262,15089618.27204791,35.4038182836176,1.5153999047007662
2.0599999999999996,schechter,0,342758913561.42694,0.00034275891356142695,94,10,0.10638297872340426,0.16619041468429518,67101177216037.71,113.17484614530129,0.1307109138670736,896.7392154507429,14972198.730271557,35.09890696610615,0.6205427557087956
2.07,schechter,0,345712141154.9795,0.0003457121411549795,41,10,0.24390243902439024,0.165455393655074,76565181765563.2,147.98181037738777,0.1304849180201844,897.4473904124008,14856021.89238433,34.79379837745136,1.4041028310479242
2.0799999999999996,schechter,0,348673870061.2232,0.0003486738700612232,67,10,0.14925373134328357,0.16472773621446446,28758735307219.938,28.07797420335868,0.1302494991532604,898.1322758740498,14741071.431683572,34.488587829417185,0.8479443281154662
2.09,schechter,0,351644059490.78906,0.00035164405949078905,78,10,0.1282051282051282,0.16400724155264246,135654493024996.66,166.7936087275004,0.13000483819542183,898.7941715874756,14627331.272682121,34.18336839503408,0.7187589689035023
2.0999999999999996,schechter,0,354622668951.31604,0.000354622668951316,108,10,0.09259259259259259,0.16329380690002204,7967129567306.842,30.709431198225474,0.12975111689399202,899.4333740255308,14514785.586787315,33.8782309013092,0.5122319717511801
2.11,schechter,0,357609658244.997,0.000357609658244997,89,10,0.11235955056179775,0.16258733061149944,30418636758372.492,51.68885786171087,0.12948851766480282,900.0501764053545,14403418.788036415,33.573263924568494,0.6133244226304432
2.1199999999999997,schechter,0,360604987466.1351,0.00036060498746613506,77,10,0.12987012987012986,0.1618877121645207,167568708030410.7,95.01754569194267,0.1292172234458553,900.6448687076755,14293215.5289337,33.268553788121665,0.6994506571144564
2.13,schechter,0,363608616998.71643,0.0003636086169987164,71,10,0.14084507042253522,0.1611948521568165,57968454133987.54,329.9127655750305,0.12893741755444604,901.217737700032,14184160.69634576,32.96418456237472,0.7484023742256346
2.1399999999999997,schechter,0,366620507513.9937,0.00036662050751399373,45,10,0.2222222222222222,0.1605086523038134,25243674436968.254,192.58734008431446,0.12864928354785926,901.7690669572828,14076239.407488255,32.660238067145855,1.164944621350952
2.15,schechter,0,369640619968.0832,0.0003696406199680832,95,10,0.10526315789473684,0.15982901543574002,46506970198888.625,79.50385564917119,0.12835300508771263,902.2991368861684,13969437.005973084,32.35679387628744,0.5443741587267582
2.1599999999999997,schechter,0,372668915599.58136,0.0003726689155995814,102,10,0.09803921568627451,0.15915584549443162,11248038945601.324,25.17383535091569,0.12804876580803742,902.8082247469642,13863739.057946578,32.053929324353454,0.5001539434349245
2.17,schechter,0,375705355927.18463,0.00037570535592718464,55,10,0.18181818181818182,0.15848904752985382,39500142403549.625,472.064509920595,0.12773674918715994,903.296604677862,13759131.34827611,31.751719515342252,0.9149635969857574
2.1799999999999997,schechter,0,378749902747.33813,0.00037874990274733815,70,10,0.14285714285714285,0.15782852769634836,24018227046702.945,35.47606395466961,0.1274171384234439,903.7645477168908,13655599.876833957,31.45023733336355,0.7091063791464998
2.19,schechter,0,381802518131.8867,0.0003818025181318867,72,10,0.1388888888888889,0.1571742535015792,19692546632238.273,35.94295965644263,0.12709011631494216,904.2123218292749,13553130.854817575,31.149553455289123,0.6799871960059174
2.1999999999999997,schechter,0,384863164425.74634,0.00038486316442574634,43,10,0.23255813953488372,0.15652611548958184,56999737949036.58,130.86909990711172,0.12675586514299808,904.6401919281238,13451710.70117912,30.849736365051164,1.1229742783951513
2.21,schechter,0,387931804244.5942,0.0003879318042445942,74,10,0.13513513513513514,0.15588399402447983,74027786680260.72,310.3489361801552,0.12641456655982633,905.048419901387,13351326.039074074,30.55085236975461,0.6435660659796748
2.2199999999999998,schechter,0,391008400472.56555,0.00039100840047256557,58,10,0.1724137931034483,0.15524779931166766,148694759462771.06,119.9865426869342,0.1260664014800965,905.4372646359895,13251963.692418212,30.252965617412062,0.8097769542680638
2.23,schechter,0,394092916259.97485,0.00039409291625997487,94,10,0.10638297872340426,0.15461744264270816,92053886652166.62,993.000467877484,0.1257115499765309,905.8069820427285,13153610.682476113,29.95613811617111,0.4927384539334181
2.2399999999999998,schechter,0,397185315021.0465,0.0003971853150210465,67,10,0.14925373134328357,0.15399283639013506,55564097953611.22,115.92063643899561,0.12535019117952442,906.1578250814598,13056254.22453316,29.660429755058715,0.6817154785868433
2.25,schechter,0,400285560431.6652,0.0004002855604316652,88,10,0.11363636363636363,0.15337389400204893,57561397368655.77,572.4113870721525,0.12498250318078254,906.4900437874269,12959881.724614153,29.36589832610709,0.5118138837662835
2.26,schechter,0,403393616427.13916,0.00040339361642713914,71,10,0.14084507042253522,0.1527606751247963,19162034743322.055,82.09620751022666,0.12460866294096873,906.8038852947243,12864480.776277887,29.072599547720603,0.6255140752876968
2.27,schechter,0,406509447199.98376,0.00040650944719998374,46,10,0.21739130434782608,0.15215299925307757,45746088227673.98,97.93361275846563,0.12422884620134438,907.0995938650424,12770039.157449897,28.78058708938672,0.9519679665031722
2.28,schechter,0,409633017197.71594,0.0004096330171977159,85,10,0.11764705882352941,0.15155074520827894,56021487196329.016,295.5664603865987,0.12384322739937846,907.3774109103709,12676544.827336488,28.48991259738625,0.5079608805944259
2.29,schechter,0,412764291120.6696,0.0004127642911206696,83,10,0.12048192771084337,0.15095383038760013,10817771311203.098,57.882403557673285,0.12345197958829715,907.6375750208708,12583985.923375618,28.200625721690677,0.5128906592790708
2.3,schechter,0,415903233919.8248,0.00041590323391982483,52,10,0.19230769230769232,0.1503622710803849,195280086319159.56,1454.2222482987709,0.12305527436053831,907.8803219891663,12492350.758259717,27.912774143772374,0.8071207908483579
2.31,schechter,0,419049810794.6538,0.0004190498107946538,119,10,0.08403361344537816,0.14977603307893628,20409577582187.39,105.52465367718756,0.12265328177506969,908.1058848397149,12401627.816991834,27.626403605441222,0.3477120285933285
2.32,schechter,0,422203987190.9856,0.0004222039871909856,64,10,0.15625,0.14919490285833947,29746478793303.395,174.64804309313104,0.12224617028852493,908.3144938498341,12311805.754026573,27.34155793833774,0.6373782938446811
2.3299999999999996,schechter,0,425365728798.8836,0.00042536572879888363,70,10,0.14285714285714285,0.14861880169616293,24952091865766.33,58.637654771844474,0.12183410669010708,908.506376579944,12222873.3904306,27.05827909441028,0.5744812878530846
2.34,schechter,0,428535001550.54144,0.00042853500155054145,102,10,0.09803921568627451,0.14804790106547483,9059358858422.033,74.28062270074345,0.12141725604020252,908.681757898396,12134819.711121293,26.77660717698862,0.3886490676674406
2.3499999999999996,schechter,0,431711771618.1977,0.0004317117716181977,71,10,0.14084507042253522,0.14748191145359013,9469711786681.48,38.44736653459244,0.12099578161264772,908.8408600061234,12047633.862132035,26.496580472439355,0.5503896246562291
2.36,schechter,0,434896005412.0631,0.0004348960054120631,73,10,0.136986301369863,0.1469207298861288,265393636324855.34,42.044885132530965,0.12056984484058411,908.9839024654748,11961305.147949908,26.21823548256741,0.5276715470445486
2.3699999999999997,schechter,0,438087669578.26776,0.00043808766957826776,79,10,0.12658227848101267,0.14636454755953887,13273146873902.91,60.85986623431705,0.12013960526583477,909.1111022233873,11875823.028886234,25.941606957324787,0.4806242487691429
2.38,schechter,0,441286730996.8236,0.0004412867309968236,51,10,0.19607843137254902,0.14581307498143048,159511637752733.2,143.370827703869,0.11970522049173256,909.2226736400864,11791177.118503083,25.666727928146205,0.7338322595911291
2.3899999999999997,schechter,0,444493156779.60236,0.00044449315677960234,74,10,0.13513513513513514,0.145266243362293,96538180361291.16,167.36108224549855,0.1192668461393275,909.3188285130649,11707357.181081956,25.393629741525828,0.49849151322762875
2.4,schechter,0,447706914268.3334,0.0004477069142683334,111,10,0.09009009009009009,0.14472422554183761,62339870517050.83,103.79444325431135,0.11882463580689664,909.3997761037233,11624353.129135568,25.12234209299531,0.3275505858744013
2.4099999999999997,schechter,0,450927971032.61523,0.0004509279710326152,77,10,0.12987012987012986,0.1441866666256152,27372224444323.48,136.92160352256252,0.11837874103268001,909.4657231638554,11542155.020976886,24.852893061397953,0.4653838709773833
2.42,schechter,0,454156294867.9445,0.0004541562948679445,117,10,0.08547008547008547,0.14365372821832145,30582401754636.438,128.4869507332787,0.11792931126076286,909.516873959828,11460753.05831884,24.585309143291617,0.3018607963960536
2.4299999999999997,schechter,0,457391853793.76385,0.00045739185379376385,96,10,0.10416666666666667,0.1431252421241288,20134847923016.113,41.33527329752898,0.1174764938100209,909.5534303005197,11380137.583922423,24.319615287635866,0.3625782110842237
2.44,schechter,0,460634616051.5215,0.0004606346160515215,92,10,0.10869565217391304,0.14260113794161544,12102756645783.43,60.46374177890448,0.11702043384604897,909.5755915613896,11300299.079290532,24.055834930501067,0.372868416872295
2.4499999999999997,schechter,0,463884550102.75104,0.000463884550102751,72,10,0.1388888888888889,0.1420814833085139,14462722513849.66,142.8562625517535,0.11656127435598546,909.5835547097984,11221228.162397789,23.793990029873857,0.4695396385100651
2.46,schechter,0,467141624627.1684,0.0004671416246271684,36,10,0.2777777777777778,0.14156601790184908,106977694678106.42,109.92418775491042,0.11609915612615085,909.5775143314261,11142915.58546343,23.53410110052484,0.925452493805785
2.4699999999999998,schechter,0,470405808520.78125,0.00047040580852078127,70,10,0.14285714285714285,0.14105495828339276,30949286392959.457,147.7888735436281,0.11563421772241134,909.5576626548101,11065352.232765501,23.27618724881387,0.4690316601968398
2.48,schechter,0,473677070894.01984,0.00047367707089401986,84,10,0.11904761904761904,0.14054793952083178,69511040376558.15,38.42792202237926,0.11516659547318477,909.5241895778075,10988529.118494129,23.02026620748931,0.38517273603376845
2.4899999999999998,schechter,0,476955381069.8784,0.00047695538106987844,58,10,0.1724137931034483,0.14004524335229207,68187646133898.69,177.61105031066208,0.11469642345499854,909.47728269021,10912437.38464076,22.76635437028795,0.5497102824192232
2.5,schechter,0,480240708582.0791,0.0004802407085820791,87,10,0.11494252873563218,0.1395464824174667,153799702727421.94,185.0338909801797,0.11422383348051643,909.417127301078,10837068.298925612,22.5144668265249,0.36112812059152805
2.51,schechter,0,483533023173.2477,0.0004835330231732477,79,10,0.12658227848101267,0.1390519229798648,54186902182835.055,115.16976863289271,0.11374895508894493,909.3439064624517,10762413.25276639,22.264617395431994,0.3918908687652871
2.52,schechter,0,486832294793.10547,0.0004868322947931055,65,10,0.15384615384615385,0.1385612343667425,17368997828947.09,97.86526387774397,0.11327191553873434,909.2578009940235,10688463.759278566,22.01681866031066,0.4693350108309808
2.53,schechter,0,490138493596.6818,0.0004901384935966819,60,10,0.16666666666666666,0.13807458974792208,38867477266732.55,103.42796031293649,0.112792839802488,909.1589895075646,10615211.451314276,21.771082002452978,0.5010055359761775
2.54,schechter,0,493451589942.5345,0.0004934515899425345,63,10,0.15873015873015872,0.13759179125273868,205639686829665.66,220.50817742645344,0.11231185056399447,909.0476484315758,10542648.079530537,21.52741763479509,0.47015808784400814
2.55,schechter,0,496771554390.9962,0.0004967715543909962,62,10,0.16129032258064516,0.1371128443056978,61643524281470.69,66.75209068864885,0.11182906821729809,908.9239520354223,10470765.510502744,21.2858346352914,0.47073569842992574
2.56,schechter,0,500098357702.4273,0.0005000983577024273,58,10,0.1724137931034483,0.13663775701605263,51422612134159.29,124.41520597787705,0.1113446108677235,908.7880724530455,10399555.724859066,21.046340979937778,0.49581462498167744
2.57,schechter,0,503431970835.4902,0.0005034319708354902,66,10,0.15151515151515152,0.13616629531474467,22988016043179.773,114.77947265996484,0.11085859433477233,908.6401797065836,10329010.815461004,20.80894357548071,0.4293146600131463
2.5799999999999996,schechter,0,506772364945.4387,0.0005067723649454387,71,10,0.14084507042253522,0.1356987435960414,55042738254279.445,101.69397301673261,0.11037113215680884,908.4804417312009,10259122.985599501,20.573648291758236,0.39321383441949803
2.59,schechter,0,510119511382.42084,0.0005101195113824209,75,10,0.13333333333333333,0.13523474044940087,31853976207116.21,49.33160837918959,0.10988233559745512,908.3090243980163,10189884.547240347,20.34045999364944,0.3667649103816805
2.5999999999999996,schechter,0,513473381689.7971,0.0005134733816897971,51,10,0.19607843137254902,0.13477437086825172,127453844399979.25,157.4871446911314,0.109392313653616,908.1260915366051,10121287.9192909,20.109382572593507,0.5314175264255442
2.61,schechter,0,516833947602.4784,0.0005168339476024784,103,10,0.0970873786407767,0.1343176554852672,39773703092908.7,495.881213141097,0.108901173065055,907.9318049584425,10053325.625898778,19.880418977713717,0.25925157933507953
2.6199999999999997,schechter,0,520201181045.2717,0.0005202011810452717,69,10,0.14492753623188406,0.1338643809253618,69919686705527.73,118.28677154160054,0.1084090183254463,907.7263244823135,9985990.294780755,19.653571246548246,0.38129176056401043
2.63,schechter,0,523575054131.2513,0.0005235750541312513,107,10,0.09345794392523364,0.13341467113353167,34371176906017.207,110.69051770872386,0.10791595169482557,907.5098079524545,9919274.6555814,19.42884053517148,0.24225162341175072
2.6399999999999997,schechter,0,526955539160.133,0.000526955539160133,40,10,0.25,0.13296844289675036,72342265408762.55,39.45807487609979,0.10742207321336858,907.2824112661333,9853171.53826193,19.206227148060627,0.638455529449729
2.65,schechter,0,530342608616.67395,0.0005303426086166739,113,10,0.08849557522123894,0.1325255502634929,27530528649402.1,84.82382761285075,0.10692748071642302,907.0442883926183,9787673.871516135,18.985730567295807,0.2226632204057782
2.6599999999999997,schechter,0,533736235169.08185,0.0005337362351690818,63,10,0.15873015873015872,0.13208608093547092,241460335832044.56,82.87558910066485,0.10643226985072582,906.7955913960836,9722774.681209411,18.767349481350724,0.3934770861171365
2.67,schechter,0,537136391667.4386,0.0005371363916674386,113,10,0.08849557522123894,0.1316499995176924,64178461087861.83,49.00004272923642,0.10593653409173551,906.5364704595437,9658467.088857314,18.55108181343044,0.216128310777946
2.6799999999999997,schechter,0,540543051142.1406,0.0005405430511421406,96,10,0.10416666666666667,0.13121715101146958,42326419003310.35,100.95301734422176,0.10544036476201399,906.2670739042245,9594744.310116976,18.33692474918221,0.25063739832285375
2.69,schechter,0,543956186802.3563,0.0005439561868023563,74,10,0.13513513513513514,0.13078751566433178,10930300384991.467,81.89570038595012,0.1049438510505919,905.9875482126705,9531599.653310519,18.124874763983474,0.3203388300146676
2.6999999999999997,schechter,0,547375772034.4888,0.0005473757720344888,38,10,0.2631578947368421,0.1303612495550247,137765593687205.66,628.9151742582369,0.10444708003325524,905.6980380503971,9469026.51798176,17.914927649695038,0.6145821984479228
2.71,schechter,0,550801780400.6672,0.0005508017804006672,109,10,0.09174311926605505,0.12993811618622686,81132417362134.0,562.6544194129494,0.10395013669369071,905.3986862854418,9407018.393461363,17.707078540817133,0.21108480997755422
2.7199999999999998,schechter,0,554234185637.236,0.000554234185637236,85,10,0.11764705882352941,0.12951808558167832,45622009167554.51,314.4790673833392,0.10345310394543139,905.0896340120738,9345568.857473286,17.501321940232124,0.26667502504088103
2.73,schechter,0,557672961653.2712,0.0005576729616532713,89,10,0.11235955056179775,0.1291011474494841,21085107215407.805,117.17012431799517,0.10295606265454338,904.7710205690474,9284671.574754989,17.297651744288242,0.2509153582437283
2.7399999999999998,schechter,0,561118082529.1072,0.0005611180825291071,34,10,0.29411764705882354,0.12868740897463116,84295744831828.94,56.57094057212345,0.10245909166299956,904.4429835626197,9224320.295706078,17.096061267452512,0.6470728906411802
2.75,schechter,0,564569522514.8727,0.0005645695225148726,62,10,0.16129032258064516,0.1282766763161719,43457459961713.32,68.5351282632056,0.10196226781268383,904.1056588852948,9164508.855059594,16.89654326634444,0.34958587281275155
2.76,schechter,0,568027256029.0459,0.0005680272560290459,40,10,0.25,0.12786892041222786,84699272535536.14,231.05674545211173,0.10146566596997589,903.7591807370969,9105231.170576822,16.69908996328454,0.533823651367966
2.77,schechter,0,571491257657.0237,0.0005714912576570237,73,10,0.136986301369863,0.12746411240222189,100562873764291.7,130.60044833476059,0.10096935905086413,903.4036816453888,9046481.241760328,16.503693069271755,0.2881682997854007
2.78,schechter,0,574961502149.6987,0.0005749615021496987,109,10,0.09174311926605505,0.1270622786042449,9607080905751.902,86.51082819307378,0.1004734180465394,903.0392924842656,8988253.148596747,16.310343806433348,0.1901311420976197
2.79,schechter,0,578437964422.0565,0.0005784379644220565,58,10,0.1724137931034483,0.12666341782028834,246612643177012.0,1063.0995046422934,0.09997791204942123,902.6661424960508,8930541.050315544,16.11903292996939,0.35201582808063786
2.8,schechter,0,581920619551.7811,0.0005819206195517812,80,10,0.125,0.12626741189562163,34398364047993.26,45.19604115723953,0.09948290827957305,902.2843593079612,8873339.184167327,15.929750749476039,0.2514260499098348
2.81,schechter,0,585409442777.8794,0.0005854094427778794,105,10,0.09523809523809523,0.12587423288109856,17152233012254.05,80.32409723340157,0.09898847211146117,901.894068954408,8816641.86423281,15.742487149860168,0.18872128510754285
2.82,schechter,0,588904409499.31,0.00058890440949931,56,10,0.17857142857142858,0.1254838530287199,93870105712753.92,61.79982865440036,0.09849466710101733,901.4953958945122,8760443.480241075,15.557231611622827,0.34860381519404177
2.8299999999999996,schechter,0,592405495273.6365,0.0005924054952736365,73,10,0.136986301369863,0.12509624479164383,157861425392722.5,81.99168814221349,0.09800155501296365,901.0884630300211,8704738.496411402,15.373973230636858,0.26345566009314075
2.84,schechter,0,595912675815.6814,0.0005959126758156814,63,10,0.15873015873015872,0.12471139797711273,13405124685486.332,58.6183556607089,0.09750919584836228,900.6733917270739,8649521.450322606,15.19270073748767,0.30074649968571404
2.8499999999999996,schechter,0,599425926996.2045,0.0005994259269962045,87,10,0.11494252873563218,0.12432934559745223,69217108825021.29,557.4652539369173,0.097017647872353,900.2503018319032,8594786.951786837,15.01340251617101,0.21455247241686026
2.86,schechter,0,602945224840.5847,0.0006029452248405848,81,10,0.12345679012345678,0.12394997637502958,67048760157933.766,189.01376500119557,0.09652696764204288,899.8193116904987,8540529.681758447,14.836066622380912,0.2270284083138863
2.8699999999999997,schechter,0,606470545527.5194,0.0006064705455275194,175,10,0.05714285714285714,0.1235732636663398,33778700694155.133,38.40653346049003,0.09603721003451575,899.3805381665455,8486744.391249523,14.660680801245682,0.10352389566745021
2.88,schechter,0,610001865387.7377,0.0006100018653877377,96,10,0.10416666666666667,0.12319918102776384,164291108875963.2,75.07889602593181,0.0955484282749277,898.9340966593643,8433425.9002663,14.487232504573344,0.18591824790856623
2.8899999999999997,schechter,0,613539160902.7166,0.0006135391609027166,44,10,0.22727272727272727,0.12282770221537587,177035199057167.16,1071.2875711716315,0.09506067396466021,898.4801011218511,8380569.09677265,14.315708907623826,0.39962855243355067
2.9,schechter,0,617082408703.426,0.000617082408703426,88,10,0.11363636363636363,0.12245880118471719,66776388176158.35,125.82387360745372,0.09457399710949974,898.0186640774998,8328168.935656688,14.146096925358643,0.1968538716957083
2.9099999999999997,schechter,0,620631585569.0674,0.0006206315855690674,70,10,0.14285714285714285,0.12209245209054265,31032611005430.18,60.55523175862356,0.0940884461478178,897.5498966382075,8276220.437724468,13.97838322824461,0.2438078692282428
2.92,schechter,0,624186668425.8401,0.0006241866684258401,74,10,0.13513513513513514,0.12172862928653516,44359546538035.984,84.2323760611198,0.09360406797872392,897.0739085221022,8224718.688710108,13.812554257587397,0.22721395901648775
2.9299999999999997,schechter,0,627747634345.7065,0.0006277476343457065,39,10,0.2564102564102564,0.12136730732499423,19891597915728.65,115.78603291796159,0.09312090799016796,896.590808069,8173658.8382961275,13.648596240356046,0.42474189088668024
2.94,schechter,0,631314460545.1804,0.0006313144605451804,62,10,0.16129032258064516,0.12100846095649431,10043901210983.432,69.97156304126811,0.09263901008696694,896.1007022583219,8123036.099160874,13.486495203609913,0.26322258520741576
2.9499999999999997,schechter,0,634887124384.1206,0.0006348871243841206,77,10,0.12987012987012986,0.12065206512951698,57135247900327.17,313.8665521118161,0.09215841671873516,895.6036967263626,8072845.746031287,13.326236988450335,0.20881013156647896
2.96,schechter,0,638465603364.5363,0.0006384656033645362,69,10,0.14492753623188406,0.12029809499005839,88969068902377.58,192.11365616888986,0.09167916890769558,895.0998957807184,8023083.114753859,13.167807263495265,0.22957422159343974
2.9699999999999998,schechter,0,642049875129.4044,0.0006420498751294044,87,10,0.11494252873563218,0.11994653022508861,77419393143664.05,41.86723823191231,0.0912013062763538,894.5894024190097,7973743.601392691,13.011191538006695,0.17938474472160196
2.98,schechter,0,645639917461.5042,0.0006456399174615042,83,10,0.12048192771084337,0.11959735029248464,63700557580175.71,205.0384072813341,0.09072486707501438,894.0723183420115,7924822.661321773,12.856375174477645,0.1852516150883863
2.9899999999999998,schechter,0,649235708282.2499,0.0006492357082822499,84,10,0.11904761904761904,0.11925051688958033,64105538988875.836,174.87913055245753,0.09024988820912404,893.5487439733149,7876315.808353685,12.703343400935603,0.18034288890326308
3.0,schechter,0,652837225650.5513,0.0006528372256505513,65,10,0.15384615384615385,0.1189060060366518,45716941175666.81,43.39760582680627,0.0897764052664229,893.0187784708702,7828218.613865179,12.552081322692352,0.22961813192747713
3.01,schechter,0,656444447761.6697,0.0006564444477616697,54,10,0.18518518518518517,0.1185637939483768,31550417096748.21,229.31410462818417,0.08930445254389056,892.4825197469391,7780526.705950752,12.402573933838495,0.2723141148742845
3.02,schechter,0,660057352946.0947,0.0006600573529460947,58,10,0.1724137931034483,0.11822385703330096,343101078207356.3,313.31646954765154,0.08883406307447111,891.9400644791004,7733235.768582869,12.254806128208514,0.24979490477105928
3.03,schechter,0,663675919668.4305,0.0006636759196684306,88,10,0.11363636363636363,0.11788617680116786,116867308026073.4,112.4454069774315,0.08836526865356453,891.3915081289276,7686341.540784624,12.108762710070147,0.16221087973667248
3.04,schechter,0,667300126526.289,0.0006673001265262889,73,10,0.136986301369863,0.11755074097000118,46530710104877.89,47.572204031035724,0.08789809986527143,890.8369449545602,7639839.815826388,11.964428404371326,0.19266129098854493
3.05,schechter,0,670929952249.196,0.0006709299522491961,62,10,0.16129032258064516,0.11721751595146801,130203933167199.55,1471.2903397513935,0.08743258610838046,890.2764680279278,7593726.440420668,11.821787866661959,0.2235033238444063
3.06,schechter,0,674565375697.5096,0.0006745653756975097,109,10,0.09174311926605505,0.11688647883980952,41982214488981.94,368.35303841133805,0.08696875562208634,889.7101692464933,7547997.313944066,11.680825692606575,0.12525968671104237
3.07,schechter,0,678206375861.346,0.0006782063758613459,43,10,0.23255813953488372,0.11655760692092698,83876689469955.9,158.9120176440592,0.08650663551143015,889.138139351103,7502648.387664568,11.541526427218292,0.3128494652491164
3.08,schechter,0,681852931859.517,0.000681852931859517,54,10,0.18518518518518517,0.11623087767172868,152760980228883.8,143.99867866493656,0.08604625177245216,888.5604679367912,7457675.663981256,11.403874573658626,0.24545969454715794
3.09,schechter,0,685505022938.4789,0.0006855050229384789,70,10,0.14285714285714285,0.11590626875945853,86327239037839.03,659.2019289954809,0.08558762931704852,887.9772434700036,7413075.195680463,11.267854601795712,0.18657356911689077
3.0999999999999996,schechter,0,689162628471.289,0.0006891626284712889,79,10,0.12658227848101267,0.11558375804100884,22798340110462.875,68.94906776524185,0.08513079199752545,887.3885533004081,7368843.085202581,11.13345095636539,0.16289191158252858
3.11,schechter,0,692825727956.574,0.0006928257279565739,60,10,0.16666666666666666,0.11526332356221647,22976769332819.92,155.1748705005555,0.08467576263084305,886.7944836773584,7324975.48391775,11.000648064871104,0.21132854288255143
3.1199999999999997,schechter,0,696494301017.5072,0.0006964943010175072,53,10,0.18867924528301888,0.11494494355714235,71442810176023.83,556.9687209446382,0.08422256302254322,886.1951197588855,7281468.591418872,10.869430345090278,0.23573321839899858
3.13,schechter,0,700168327400.7971,0.0007001683274007972,49,10,0.20408163265306123,0.1146285964473367,56177327388653.695,130.38665478389208,0.08377121399035611,885.5905456310697,7238318.654820386,10.739782212401598,0.25124207370564644
3.1399999999999997,schechter,0,703847786975.6837,0.0007038477869756837,51,10,0.19607843137254902,0.11431426084108898,25774623347636.594,231.93324824897454,0.08332173538748046,884.9808443174798,7195521.968076602,10.611688086708305,0.23785632939377443
3.15,schechter,0,707532659732.9474,0.0007075326597329474,90,10,0.1111111111111111,0.11400191553266348,65605321679078.06,52.212126333138166,0.08287414612553251,884.3660977918338,7153074.871296239,10.485132399096111,0.13281390867894977
3.1599999999999997,schechter,0,711222925783.9229,0.0007112229257839229,100,10,0.1,0.11369153950152189,30270482199122.96,45.80890727203458,0.08242846419716175,883.7463869949545,7110973.750088734,10.360099598295907,0.11778556727193602
3.17,schechter,0,714918565359.5262,0.0007149185653595263,105,10,0.09523809523809523,0.11338317675912857,17027457418989.332,95.28958149439686,0.0819847066983287,883.1217918442536,7069215.034901877,10.236574156758707,0.11053859971654284
3.1799999999999997,schechter,0,718619558809.2905,0.0007186195588092905,91,10,0.10989010989010989,0.1130767661569897,33690199689113.457,81.45371437365381,0.0815428898502426,882.4923912466609,7027795.200383879,10.11454057653126,0.12568346588547352
3.19,schechter,0,722325886600.4098,0.0007223258866004097,67,10,0.14925373134328357,0.11277226703402199,18764087249493.86,37.25682625169243,0.08110302902095701,881.8582631133876,6986710.76474544,9.993983394882699,0.1682155468867602
3.1999999999999997,schechter,0,726037529316.795,0.000726037529316795,104,10,0.09615384615384616,0.11246965902854023,101801000639271.84,259.44760717214774,0.08066513874662186,881.2194843695448,6945958.289138465,9.874887189634034,0.10679088415033075
3.21,schechter,0,729754467658.1328,0.0007297544676581328,57,10,0.17543859649122806,0.11216892196070138,68888236876220.875,186.9589648685607,0.08022923275238983,880.5761309688176,6905534.377048772,9.757236584311165,0.19201029982064907
3.2199999999999998,schechter,0,733476682438.9601,0.0007334766824389601,138,10,0.07246376811594203,0.11187003583165134,34703554432254.363,32.76922169749811,0.07979532397297763,879.9282779045592,6865435.673682141,9.641016253000394,0.07815513287512225
3.23,schechter,0,737204154587.7452,0.0007372041545877453,70,10,0.14285714285714285,0.11157298082265976,49559338806856.516,226.52964070417391,0.07936342457287976,879.2759992204843,6825658.865381889,9.526210925005081,0.15183824983545768
3.2399999999999998,schechter,0,740936865145.9734,0.0007409368651459734,64,10,0.15625,0.11127784471649427,93187993433598.34,254.49267899747178,0.07893354596623703,878.6193680256997,6786200.679036681,9.412805389303134,0.16366198382147729
3.25,schechter,0,744674795267.2509,0.0007446747952672509,61,10,0.16393442622950818,0.11098451233698747,62623462494301.734,336.6108034849983,0.07850569883635809,877.9584565023998,6747057.881511198,9.300784498730614,0.16922016917098845
3.26,schechter,0,748417926216.4065,0.0007484179262164064,74,10,0.13513513513513514,0.11069295636147525,42381186601466.36,232.13145764972904,0.07807989315489611,877.2933359213008,6708227.279078383,9.190133174032447,0.13747067707963778
3.27,schechter,0,752166239368.6089,0.0007521662393686089,88,10,0.11363636363636363,0.11040315761370523,195382999404184.44,904.2718545092736,0.0776561382006801,876.6240766495143,6669705.71686476,9.08083640763771,0.11392647877007941
3.28,schechter,0,755919716208.4917,0.0007559197162084917,82,10,0.12195121951219512,0.11011509709378609,104570506559765.86,164.55570839574602,0.07723444257820353,875.950748165132,6631490.078299773,8.972879267305988,0.12049383801588036
3.29,schechter,0,759678338329.2838,0.0007596783383292838,69,10,0.14492753623188406,0.10982883655289066,27936884845905.45,80.58878951792977,0.07681481423577075,875.2734190652334,6593577.284582875,8.866246899529616,0.14112602631391477
3.3,schechter,0,763442087431.9465,0.0007634420874319466,60,10,0.16666666666666666,0.10954433537037311,54604511731973.89,46.72025681344824,0.07639726048330328,874.5921570792622,6555964.294144623,8.760924532790641,0.15995160919575788
3.31,schechter,0,767210945324.3334,0.0007672109453243334,80,10,0.125,0.1092615198029786,62382035297671.73,297.9420679271733,0.0759817880098082,873.9070290778848,6518648.1021335395,8.656897480619335,0.11823322193888064
3.32,schechter,0,770984893920.3303,0.0007709848939203303,64,10,0.15625,0.10898037148098638,208034305921648.56,303.4053320120398,0.07556840290051019,873.2181010868583,6481625.739898744,8.55415114451632,0.14566165147404583
3.33,schechter,0,774763915239.0355,0.0007747639152390355,83,10,0.12048192771084337,0.10870087681351137,128750572899877.67,28.50640236785096,0.07515711065365033,872.5254382925781,6444894.2744803615,8.452671016627578,0.11070033143657498
3.34,schechter,0,778547991403.9216,0.0007785479914039216,95,10,0.10526315789473684,0.10842316314256184,39087930394409.82,64.75495907573739,0.07474791619695409,871.8291050576914,6408450.8081216905,8.352442682378623,0.09532613216741413
3.3499999999999996,schechter,0,782337104642.0219,0.0007823371046420219,67,10,0.14925373134328357,0.10814706572421606,16758726667789.48,51.18186191140566,0.0743408239037712,871.1291649282551,6372292.477769603,8.253451822846012,0.13322188010999678
3.36,schechter,0,786131237283.1158,0.0007861312372831158,100,10,0.1,0.10787256680888913,21964895741823.457,56.26658490345949,0.07393583760889016,870.4256806447856,6336416.454597149,8.15568421703834,0.0879774590574671
3.3699999999999997,schechter,0,789930371758.9248,0.0007899303717589249,93,10,0.10752688172043011,0.1075996488161427,33665236979782.29,50.92730842240988,0.07353296062403111,869.7187141531751,6300819.9435306,8.059125744028291,0.09324291395941708
3.38,schechter,0,793734490602.3196,0.0007937344906023196,66,10,0.15151515151515152,0.10732845834542093,18889865632744.87,86.66719287252388,0.07313219575301971,869.0083266124759,6265500.18277916,7.963762384911241,0.12950580900026912
3.3899999999999997,schechter,0,797543576446.5239,0.0007975435764465239,65,10,0.15384615384615385,0.10705882200170247,58435866132327.27,60.911114077922306,0.07273354530664589,868.2945784070687,6230454.443376221,7.869580224677328,0.1296166136156689
3.4,schechter,0,801357612024.34,0.00080135761202434,40,10,0.25,0.10679071762607872,253072752221782.3,188.31254735316355,0.07233701111721073,867.5775291555653,6195680.028727723,7.776565453924241,0.20761625137268558
3.4099999999999997,schechter,0,805176580167.3701,0.0008051765801673701,106,10,0.09433962264150944,0.1065241763933078,62555421643642.81,90.22368198581918,0.07194259455276497,866.8572377188618,6161174.274165404,7.684704370436375,0.07722705697045168
3.42,schechter,0,809000463805.253,0.000809000463805253,56,10,0.17857142857142858,0.10625926775714611,134423261498555.97,338.4524824972642,0.07155029653104333,866.1337622126197,6126934.5465087,7.593983380686669,0.14409484167708972
3.4299999999999997,schechter,0,812829245964.8999,0.0008128292459648999,70,10,0.14285714285714285,0.10599584326840328,175331114315851.8,543.4425240449079,0.07116011753309788,865.4071600138872,6092958.2436328735,7.504389001170106,0.11363343434187942
3.44,schechter,0,816662909769.7471,0.0008166629097697471,74,10,0.13513513513513514,0.10573388638558445,134449181005712.33,63.92432060504772,0.07077205761663512,864.6774877709419,6059242.794044905,7.415907859657164,0.10596118365931802
3.4499999999999997,schechter,0,820501438439.0051,0.0008205014384390051,72,10,0.1388888888888889,0.10547354140037768,30963569802684.02,23.297116609059024,0.07038611642905952,863.9448014136691,6025785.656462501,7.328526696340562,0.10735634220975686
3.46,schechter,0,824344815286.9271,0.0008243448152869271,105,10,0.09523809523809523,0.1052146659567943,109939179689599.3,99.46988624204462,0.07000229322022894,863.2091561605862,5992584.319403749,7.2422323648559335,0.07257038657617156
3.4699999999999998,schechter,0,828193023722.0679,0.0008281930237220679,110,10,0.09090909090909091,0.10495721184758044,55678334616949.445,260.95642405329806,0.06962058685492503,862.4706065311002,5959636.300782556,7.157011833247648,0.06828909156161941
3.48,schechter,0,832046047246.5696,0.0008320460472465695,67,10,0.14925373134328357,0.1047012875676624,74268119222684.61,52.900316608408914,0.06924099582504298,861.7292063486844,5926939.147505195,7.07285218475732,0.11052787022684257
3.4899999999999998,schechter,0,835903869455.4369,0.0008359038694554369,58,10,0.1724137931034483,0.10444683319090653,65067120797887.31,221.48831085483926,0.06886351826150523,860.9850087550157,5894490.435082389,6.989740618624661,0.12587177111055065
3.5,schechter,0,839766474035.8271,0.0008397664740358271,78,10,0.1282051282051282,0.10419375498081362,125662650034914.38,168.39230075125033,0.06848815194590231,860.2380662156102,5862287.767236518,6.907664450716499,0.09227378170097837
3.51,schechter,0,843633844766.3472,0.0008436338447663471,80,10,0.125,0.10394215815832053,90953567266666.7,137.59693395548956,0.06811489432186627,859.488430529175,5830328.775524363,6.8266111141144705,0.08869658651357938
3.52,schechter,0,847505965516.3563,0.0008475059655163563,76,10,0.13157894736842105,0.10369199970659015,172936817874410.28,779.3486954658486,0.06774374250617998,858.7361528354362,5798611.1189587405,6.746568159601425,0.09204804521393177
3.53,schechter,0,851382820245.2708,0.0008513828202452707,71,10,0.14084507042253522,0.1034431733445883,149370190461562.2,1123.9902899948306,0.0673746932996273,857.9812836238627,5767132.483642135,6.667523256085186,0.09714222027581602
3.54,schechter,0,855264393001.8839,0.0008552643930018839,97,10,0.10309278350515463,0.10319581228143204,55743051642300.93,61.327132850303066,0.06700774319758737,857.2238727422563,5735890.582397208,6.589464190936697,0.07010361955496101
3.55,schechter,0,859150667923.6836,0.0008591506679236836,77,10,0.12987012987012986,0.10294982742101477,14486960338237.035,50.997859847486055,0.06664288840037871,856.4639694018512,5704883.154414197,6.512378870243684,0.08707120529764291
3.56,schechter,0,863041629236.1798,0.0008630416292361798,64,10,0.15625,0.10270513165062989,78067272395046.89,225.64408525587265,0.06628012482335588,855.7016221902882,5674107.964892094,6.436255319043467,0.10328694529366034
3.57,schechter,0,866937261252.2433,0.0008669372612522433,68,10,0.14705882352941177,0.10246191619771017,16913365723904.941,52.60415372903619,0.06591944810676449,854.9368790746116,5643562.804696245,6.361081681426795,0.09584832620134436
3.58,schechter,0,870837548371.4388,0.0008708375483714388,94,10,0.10638297872340426,0.10221998537309884,153499127654537.75,42.69363683965535,0.06556085362535716,854.1697874118282,5613245.49001041,6.286846220625029,0.06836609879949065
3.59,schechter,0,874742475079.3779,0.0008747424750793779,148,10,0.06756756756756757,0.10197935718763629,102207259783356.2,65.48001285122054,0.0652043364977763,853.4003939558405,5583153.862002588,6.213537319019922,0.04281436092263788
3.5999999999999996,schechter,0,878652025947.0668,0.0008786520259470668,66,10,0.15151515151515152,0.10174014325692993,111568693017837.89,61.286854252235685,0.06484989159570673,852.6287448645157,5553285.786493722,6.141143478095244,0.09466679048829865
3.61,schechter,0,882566185630.2653,0.0008825661856302653,66,10,0.15151515151515152,0.10150214965962456,30741427173401.188,38.93897810063883,0.06449751355280299,851.8548857069778,5523639.15362708,6.069653318331118,0.09334588780292151
3.6199999999999997,schechter,0,886484938868.8522,0.0008864849388688521,91,10,0.10989010989010989,0.10126552438455516,104234652673023.88,64.92493829799722,0.06414719677339552,851.0788614727343,5494211.877547617,5.999055579065246,0.06675796802484982
3.63,schechter,0,890408270486.1951,0.000890408270486195,54,10,0.18518518518518517,0.10103017383127622,232611848271089.6,231.21215148967548,0.06379893544097907,850.300716576015,5465001.896084231,5.929339118268267,0.11093373367096833
3.6399999999999997,schechter,0,894336165388.5242,0.0008943361653885242,131,10,0.07633587786259542,0.10079604877951409,42816429174881.79,171.5292233903486,0.06345272352648877,849.5204948656152,5436007.170438018,5.86049291231272,0.04509271217263127
3.65,schechter,0,898268608564.3177,0.0008982686085643178,95,10,0.10526315789473684,0.10056329485932236,17530391670005.324,39.31298969130247,0.0631085547963669,848.7382396301291,5407225.684871397,5.792506055660362,0.06131720994208245
3.6599999999999997,schechter,0,902205585083.6833,0.0009022055850836833,73,10,0.136986301369863,0.1003316952449621,43555220701454.484,87.13029655771128,0.06276642282042497,847.9539936064056,5378655.446409031,5.725367760537142,0.0786898429199375
3.67,schechter,0,906147080097.7574,0.0009061470800977575,64,10,0.15625,0.10010143432214247,283201554741445.9,1913.1069562334098,0.062426320979504686,847.1677989854982,5350294.484533614,5.659067356539808,0.0885126186430078
3.6799999999999997,schechter,0,910093078838.1005,0.0009100930788381005,122,10,0.08196721311475409,0.09987236015254064,193617509869410.53,121.31290304177728,0.06208824247294238,846.3796974178995,5322140.850894996,5.593594290209221,0.04579061176221067
3.69,schechter,0,914043566616.0972,0.0009140435666160972,103,10,0.0970873786407767,0.09964451473178104,26837668376050.875,123.6912851503728,0.06175218032584041,845.5897300252618,5294192.619019311,5.528938124605423,0.053488189942558335
3.6999999999999997,schechter,0,917998528822.3746,0.0009179985288223746,80,10,0.125,0.09941792121189863,20392595080235.242,69.25647352874189,0.061418127396149415,844.7979374006218,5266447.884021641,5.465088538770739,0.06791596772044495
3.71,schechter,0,921957950926.2074,0.0009219579509262074,70,10,0.14285714285714285,0.09919245953117806,72877372725034.6,185.048721832667,0.06108607638156587,844.0043596199863,5238904.762326913,5.402035327239625,0.07654873865474439
3.7199999999999998,schechter,0,925921818474.946,0.000925921818474946,88,10,0.11363636363636363,0.09896830247234356,34094672251794.676,39.558580061259185,0.06075601982624775,843.2090362460467,5211561.39139034,5.33976839946058,0.060053160692054144
3.73,schechter,0,929890117093.4347,0.0009298901170934347,61,10,0.16393442622950818,0.09874521197687836,41567025521585.31,88.4503500555505,0.06042795012735299,842.4120063351121,5184415.929424091,5.2782777792122095,0.0854433865870748
3.7399999999999998,schechter,0,933862832483.4482,0.0009338628324834482,39,10,0.2564102564102564,0.09852342890753008,42529544941832.016,38.56727526719277,0.060101859541404255,841.6133084448497,5157466.555130386,5.2175536039987565,0.13180801835251252
3.75,schechter,0,937839950423.1237,0.0009378399504231237,42,10,0.23809523809523808,0.09830270728094315,30423101740313.305,102.28867249651276,0.05977774019048319,840.8129806380424,5130711.467432381,5.157586124388065,0.12071539977666049
3.76,schechter,0,941821456766.4038,0.0009418214567664038,76,10,0.13157894736842105,0.09808322641199452,155410853993766.8,227.5849789034337,0.059455584068258405,840.0110604904177,5104148.885215932,5.09836570335772,0.06579791547547142
3.77,schechter,0,945807337442.48,0.00094580733744248,67,10,0.14925373134328357,0.09786483104417054,34501446476834.75,69.7374433539235,0.05913538304585055,839.2075850964638,5077777.047071797,5.039882815601728,0.07361601197481815
3.78,schechter,0,949797578455.2463,0.0009497975784552463,47,10,0.2127659574468085,0.09764762179743325,174946793462626.2,51.73666347058021,0.05881712887753789,838.4025910754693,5051594.211037625,4.9821280468129086,0.10350913941735568
3.79,schechter,0,953792165882.7548,0.0009537921658827548,57,10,0.17543859649122806,0.09743151067068767,24690497695204.715,42.00973135259242,0.05850081320630583,837.5961145768017,5025598.654353037,4.925092092949715,0.08418581803655256
3.8,schechter,0,957791085876.6708,0.0009577910858766707,107,10,0.09345794392523364,0.09721654278873393,66693097374059.73,92.57652756202302,0.058186427569244414,836.7881912860365,4999788.673212268,4.868765759483029,0.04423594156870136
3.81,schechter,0,961794324661.7491,0.0009617943246617492,125,10,0.08,0.09700267447391842,152927533898099.25,1173.5280281291434,0.05787396340279591,835.9788564301473,4974162.582516595,4.813139960615874,0.03735099590376241
3.82,schechter,0,965801868535.2949,0.000965801868535295,59,10,0.1694915254237288,0.09678991801977554,85556158776727.4,602.232867120769,0.0575634120478575,835.1681447866763,4948718.7156405095,4.758205718519458,0.07805870193503822
3.83,schechter,0,969813703866.6438,0.0009698137038666438,71,10,0.14084507042253522,0.09657825167227885,54328607109565.06,273.013343083127,0.057254764754740534,834.3560906822584,4923455.424194368,4.703954162485494,0.06398586886751939
3.84,schechter,0,973829817096.6394,0.0009738298170966394,84,10,0.11904761904761904,0.09636767702900462,90713360690798.62,42.31268049063291,0.056948012687991136,833.5427280066683,4898371.077789676,4.65037652815269,0.05335071230098598
3.8499999999999996,schechter,0,977850194737.1195,0.0009778501947371196,87,10,0.11494252873563218,0.0961581723846553,34158186167690.945,53.143074522744044,0.056643146931074334,832.7280902103604,4873464.063811505,4.597464156629434,0.05081422424200541
3.86,schechter,0,981874823370.4045,0.0009818748233704046,90,10,0.1111111111111111,0.09594975025480057,66964062130874.625,44.50265452787014,0.056340158490925135,831.9122103162343,4848732.787193777,4.545208493684299,0.04845684664722298
3.8699999999999997,schechter,0,985903689648.7916,0.0009859036896487916,79,10,0.12658227848101267,0.095742367625679,148242436794939.0,389.3296707196344,0.05603903830236975,831.0951209207092,4824175.670194775,4.4936010888624445,0.05445924144468603
3.88,schechter,0,989936780294.0522,0.0009899367802940523,126,10,0.07936507936507936,0.09553606903064182,53166662833603.3,46.87766060549863,0.05573977723241955,830.2768542022674,4799791.152178878,4.442633594636041,0.03368505950595216
3.8899999999999997,schechter,0,993974082096.9349,0.0009939740820969348,99,10,0.10101010101010101,0.09533076930080486,18366334427132.97,26.315109513224304,0.05544236608444147,829.4574419227979,4775577.689400512,4.392297765505229,0.042295063129678755
3.9,schechter,0,998015581916.6742,0.0009980155819166742,73,10,0.136986301369863,0.09512656558008104,171768367204271.2,38.477409379788874,0.0551467956022065,828.6369154355588,4751533.754790982,4.34258545712634,0.05658838907868972
3.9099999999999997,schechter,0,1002061266680.4973,0.0010020612666804974,44,10,0.22727272727272727,0.0949233102012067,85761510677893.7,182.36728183309683,0.0548530564738208,827.8153056915302,4727657.837746424,4.293488625421511,0.09262548923550878
3.92,schechter,0,1006111123383.1467,0.0010061111233831467,50,10,0.2,0.09472117301154126,65513511614147.55,101.67707417907157,0.054561139335540465,826.9926432388772,4703948.4439248545,4.244999325651231,0.08041826311177726
3.9299999999999997,schechter,0,1010165139086.3942,0.0010101651390863942,76,10,0.13157894736842105,0.09451992805763398,15782601256614.703,48.25416880261237,0.054271034775474035,826.1689582346715,4680404.095037893,4.197109711537375,0.052198751050593364
3.94,schechter,0,1014223300918.5706,0.0010142233009185705,94,10,0.10638297872340426,0.09431982531294003,189910909080919.8,117.18353094363802,0.05398273333717482,825.3442804451147,4657023.328652699,4.149812034327633,0.04163931342120411
3.9499999999999997,schechter,0,1018285596074.0901,0.0010182855960740901,85,10,0.11764705882352941,0.09412060798098432,180124335293207.06,269.6843507163414,0.053696225523125696,824.5186392521147,4633804.697992794,4.103098641884814,0.045433663385899964
3.96,schechter,0,1022352011812.9843,0.0010223520118129842,75,10,0.13333333333333333,0.0939224573461539,22422251970042.582,45.351230230589174,0.05341150179811911,823.6920636567752,4610746.771740449,4.056961977755434,0.050805311774760394
3.9699999999999998,schechter,0,1026422535460.4392,0.0010264225354604392,62,10,0.16129032258064516,0.09372524002943272,157387094309494.8,142.2456375449688,0.05312855259253501,822.8645822865093,4587848.13384705,4.011394580257769,0.06064014836893951
3.98,schechter,0,1030497154406.3376,0.0010304971544063376,80,10,0.125,0.09352900484133131,90878846230531.9,154.69677991435788,0.05284736830551836,822.0362233979919,4565107.3833417045,3.966389081542432,0.046371552951273216
3.9899999999999998,schechter,0,1034575856104.7999,0.0010345758561048,92,10,0.10869565217391304,0.0933337602473181,35462549428567.29,33.6552323905364,0.05256793930805998,821.2070148802464,4542523.13414405,3.9219382066535116,0.03978796090049951
4.0,schechter,0,1038658628073.7389,0.0010386586280737389,128,10,0.078125,0.09313940439105906,48658024637753.33,58.39583849294792,0.05229025594598198,820.376984262832,4520094.014880405,3.878034772613358,0.028218581947580024
4.01,schechter,0,1042745457894.4067,0.0010427454578944067,86,10,0.11627906976744186,0.09294610554017335,172114808620777.56,141.05252863578383,0.052014308542830644,819.5461587182143,4497818.66870036,3.8346716874763414,0.04144393016001054
4.02,schechter,0,1046836333210.9569,0.0010468363332109569,79,10,0.12658227848101267,0.0927536521435186,120182658217827.8,387.60778537630614,0.051740087402679,818.7145650636896,4475695.7530969195,3.7918419493816495,0.0445198973615376
4.03,schechter,0,1050931241730.001,0.001050931241730001,89,10,0.11235955056179775,0.09256221366868334,98393718183702.33,74.84385188172071,0.05146758281284127,817.8822297722108,4453723.939732424,3.749538645650474,0.038996134525582545
4.04,schechter,0,1055030171220.1737,0.0010550301712201737,71,10,0.14084507042253522,0.09237166891741166,259181352146742.94,301.73654722392723,0.05119678504650158,817.0491789697485,4431901.9142613495,3.707754951816087,0.04823824124451397
4.05,schechter,0,1059133109511.707,0.001059133109511707,47,10,0.2127659574468085,0.09218202324251645,88534894131014.36,150.59591768258076,0.05092768436525858,816.2154384440585,4410228.376158676,3.66648413071081,0.07191147347989396
4.06,schechter,0,1063240044495.991,0.001063240044495991,65,10,0.15384615384615385,0.09199336088392684,65937907999252.86,45.90453578798984,0.05066027102158882,815.3810336464277,4388702.038552683,3.625719531523649,0.05131417312728572
4.07,schechter,0,1067350964125.1604,0.0010673509641251605,102,10,0.09803921568627451,0.09180551941632875,57003982134015.414,72.75171124583974,0.05039453526123035,814.5459896982499,4367321.6280537555,3.5854545888764404,0.032271031458378535
4.08,schechter,0,1071465856411.6656,0.0010714658564116657,152,10,0.06578947368421052,0.0916186678040617,52074034401663.07,130.40773549693048,0.05013046732548883,813.7103313920994,4346085.884590511,3.5456828218818286,0.02137175898661574
4.09,schechter,0,1075584709427.8662,0.0010755847094278662,70,10,0.14285714285714285,0.09143267259807675,62656590469815.664,35.79267296545212,0.049868057453468215,812.874083197592,4324993.5612532655,3.5063978332293964,0.045799903583467014
4.1,schechter,0,1079707511305.6036,0.0010797075113056036,107,10,0.09345794392523364,0.09124753027355792,11075353453866.781,35.27455228345122,0.04960729588422757,812.0372692649188,4304043.424121051,3.467593308249097,0.02957096498792956
4.109999999999999,schechter,0,1083834250235.8058,0.0010838342502358057,80,10,0.125,0.09106335579699942,40070182961761.84,109.29887613098461,0.04934817285886632,811.1999134304386,4283234.252119073,3.4292630140097984,0.03903502474578311
4.12,schechter,0,1087964914468.0692,0.0010879649144680693,106,10,0.09433962264150944,0.09087997820878346,31561618570452.574,134.5698437731086,0.04909067862253967,810.3620392171256,4262564.836847282,3.391400798374326,0.029076455722029212
4.13,schechter,0,1092099492310.2622,0.0010920994923102622,87,10,0.11494252873563218,0.09069751074224086,14684942548473.281,31.489272017765607,0.04883480342640599,809.5236698401606,4242033.982438276,3.3540005891025766,0.034965460282714154
4.14,schechter,0,1096237972128.127,0.001096237972128127,67,10,0.14925373134328357,0.0905159187121023,53107350725750.14,59.27716393913475,0.04858053752950762,808.6848282127927,4221640.505400525,3.3170563929459345,0.04481289654139604
4.1499999999999995,schechter,0,1100380342344.8784,0.0011003803423448783,52,10,0.19230769230769232,0.09033510993515204,307716620201354.6,191.3450794169891,0.04832787120058748,807.8455369463386,4201383.234468503,3.280562294725791,0.05699037606599404
4.16,schechter,0,1104526591440.8167,0.0011045265914408167,102,10,0.09803921568627451,0.09015524869165037,92193453048628.03,67.88377794754514,0.04807679471984265,807.0058183559988,4181261.010457904,3.2445124564434638,0.028677434058217443
4.17,schechter,0,1108676707952.9346,0.0011086767079529346,90,10,0.1111111111111111,0.08997619084712083,341654027285122.3,583.5317193253244,0.04782729838061681,806.16569446466,4161272.6861168793,3.2089011163818233,0.032080522139678894
4.18,schechter,0,1112830680474.5342,0.0011128306804745341,71,10,0.14084507042253522,0.08979791181086905,46578750209943.8,35.52238149820606,0.0475793724910331,805.3251870058032,4141417.125983926,3.173722588212242,0.04013995226597831
4.1899999999999995,schechter,0,1116988497654.8438,0.0011169884976548437,51,10,0.19607843137254902,0.08962058048528887,44056457533518.77,49.447633873177544,0.04733300737556878,804.484317426322,4121693.2062488887,3.138971260107574,0.05516008361911362
4.2,schechter,0,1121150148198.6377,0.0011211501481986376,113,10,0.08849557522123894,0.08944400928962293,26274813156092.754,98.64468815674806,0.04708819337657378,803.643106891981,4102099.814607074,3.104641593864381,0.024574477129429683
4.21,schechter,0,1125315620865.8606,0.0011253156208658607,61,10,0.16393442622950818,0.08926822361666487,74059517366437.39,58.926789603206615,0.04684492085573398,802.801576289294,4082635.850129579,3.070728124027733,0.04493744997404745
4.22,schechter,0,1129484904471.256,0.0011294849044712562,58,10,0.1724137931034483,0.08909334526062829,214386204671662.1,112.01091504221127,0.046603180195481396,801.9597462301326,4063300.22312007,3.0372254570209285,0.04665458211667847
4.2299999999999995,schechter,0,1133657987883.9966,0.0011336579878839965,78,10,0.1282051282051282,0.08891921389858981,53551548502546.86,170.71672370383072,0.0463629618003518,801.1176370527551,4044091.8549862206,3.004128270277359,0.034246759518409366
4.24,schechter,0,1137834860027.3137,0.0011378348600273138,111,10,0.09009009009009009,0.0887458565738245,47382770261953.98,162.16528783259125,0.046124256098292224,800.2752688285165,4025009.6781047075,2.971431311394036,0.023756956484679848
4.25,schechter,0,1142015509878.1406,0.0011420155098781407,80,10,0.125,0.08857338490994904,90316205735222.05,413.28180085674273,0.04588705354191895,799.4326613628086,4006052.635690871,2.9391293972717505,0.032541079925587156
4.26,schechter,0,1146199926466.7449,0.0011461999264667448,60,10,0.16666666666666666,0.08840164728485178,106410374170197.27,48.355908864387445,0.04565134460972769,798.5898341986839,3987219.681670151,2.9072174132720834,0.042833801391409645
4.27,schechter,0,1150388098876.3784,0.0011503880988763785,90,10,0.1111111111111111,0.08823065459376522,37144489792118.85,67.17057832566896,0.04541711980725716,797.7468066203888,3968509.7805564064,2.8756903123844078,0.028191559852291718
4.28,schechter,0,1154580016242.92,0.0011545800162429199,106,10,0.09433962264150944,0.08806054406007513,145316679180661.66,108.15311585320944,0.0451843696682072,796.9035976569888,3949921.907314913,2.844543114387503,0.023631322099556984
4.29,schechter,0,1158775667754.5198,0.0011587756677545198,79,10,0.12658227848101267,0.08789115479044507,40588746319541.22,30.64040480103234,0.04495308475551311,796.0602260835749,3931455.0472522303,2.8137709050277913,0.03130450305805675
4.3,schechter,0,1162975042651.2556,0.0011629750426512557,73,10,0.136986301369863,0.08772248331161225,75353832201838.89,101.12973571536467,0.04472325566237682,795.2167104277963,3913108.1958865277,2.783368835208123,0.03344712687624742
4.31,schechter,0,1167178130224.79,0.00116717813022479,89,10,0.11235955056179775,0.08755467005108164,151823359566804.56,39.15249744962124,0.044494873013256726,794.3730689693234,3894880.358826569,2.7533321201636167,0.027086189362019158
4.32,schechter,0,1171384919818.0217,0.0011713849198180218,75,10,0.13333333333333333,0.0873875844669646,142246429837578.9,85.40730658509631,0.044267927464816684,793.5293197436498,3876770.551660913,2.7236560386663173,0.03173516295172146
4.33,schechter,0,1175595400824.7498,0.0011755954008247497,117,10,0.08547008547008547,0.08722120412311185,6200618169035.888,26.49840429169999,0.04404240970683595,792.6854805486696,3858777.7998315697,2.6943359322341944,0.020085745668515686
4.34,schechter,0,1179809562689.3333,0.0011798095626893333,54,10,0.18518518518518517,0.08705561291404962,196423027354168.3,197.11894340133358,0.04381831046308065,791.8415689413662,3840901.138524533,2.665367204324276,0.04296947696545495
4.35,schechter,0,1184027394906.3616,0.0011840273949063616,106,10,0.09433962264150944,0.08689078705298514,138690021135881.92,200.66705517145778,0.043595620492138186,790.9976022467154,3823139.612554538,2.6367453195698785,0.021614044912802034
4.36,schechter,0,1188248887020.3213,0.0011882488870203214,67,10,0.14925373134328357,0.08672665406148394,264937506367231.16,841.5129560910552,0.04337433058821551,790.1535975556719,3805492.276251821,2.608465802988383,0.033764703183132
4.37,schechter,0,1192474028625.2651,0.0011924740286252651,52,10,0.19230769230769232,0.08656322534793659,70386365085036.48,95.55358418428155,0.0431544315819022,789.3095717320144,3787958.1933524255,2.5805242392277585,0.04295740408386252
4.38,schechter,0,1196702809364.4917,0.0011967028093644917,57,10,0.17543859649122806,0.08640061595062198,118292823554844.2,79.46905003029552,0.042935914340899516,788.465541412435,3770536.4368874063,2.552916271796149,0.03869711199185136
4.39,schechter,0,1200935218930.217,0.001200935218930217,63,10,0.15873015873015872,0.08623868723143047,72590204712368.22,69.8782940478341,0.04271876977071631,787.6215230107441,3753226.089076467,2.5256376023147147,0.034572646229517244
4.3999999999999995,schechter,0,1205171247063.2568,0.001205171247063257,68,10,0.14705882352941177,0.08607743585972283,182322564137828.8,64.32906970526184,0.0425029888153329,786.7775327191238,3736026.2412209357,2.498683989766927,0.031629457479835144
4.41,schechter,0,1209410883552.7063,0.0012094108835527062,105,10,0.09523809523809523,0.08591692720129418,130894729886035.05,45.916147865521125,0.04228856245783335,785.9335865131827,3718935.9935974055,2.4720512497671443,0.02022771878705829
4.42,schechter,0,1213654118235.6301,0.00121365411823563,41,10,0.24390243902439024,0.0857571603722308,37561661284723.31,91.83393213443777,0.042075481721007855,785.0897001515534,3701954.455356704,2.4457352538219794,0.05115592936342197
4.43,schechter,0,1217900940996.7441,0.0012179009409967441,102,10,0.09803921568627451,0.08559805892197281,128452972641472.2,149.20205187508773,0.041863737667925324,784.2458891801871,3685080.744418201,2.419731928610254,0.020306309431427395
4.4399999999999995,schechter,0,1222151341768.1099,0.0012221513417681098,137,10,0.072992700729927,0.08543961957457769,46134514984740.02,45.99361527479313,0.041653321402477496,783.402168937633,3668313.9873721073,2.3940372552776736,0.014930338126882521
4.45,schechter,0,1226405310528.821,0.001226405310528821,85,10,0.11764705882352941,0.08528193283250829,132228038434338.0,305.45107560989425,0.041444224069895445,782.5585545511457,3651653.319377335,2.368647268707041,0.02376503732632683
4.46,schechter,0,1230662837304.708,0.001230662837304708,116,10,0.08620689655172414,0.08512493979218061,94977548335713.75,280.3452215993915,0.041236436857238865,781.7150609445148,3635097.884063798,2.343558056834403,0.01719786538685417
4.47,schechter,0,1234923912168.0251,0.001234923912168025,56,10,0.17857142857142858,0.08496859710800553,66262656201642.414,22.732752472215118,0.04102995099385941,780.8717028400324,3618646.833436934,2.3187657599550393,0.03518254886526036
4.4799999999999995,schechter,0,1239188525237.1587,0.0012391885252371587,84,10,0.11904761904761904,0.0848129015588075,100946304158801.88,68.28714707655254,0.04082475775183858,780.028494757555,3602299.327779113,2.2942665700257425,0.023164691042054313
4.49,schechter,0,1243456666676.3237,0.0012434566666763237,97,10,0.10309278350515463,0.08465794108917524,69455348196029.67,186.75686129224806,0.04062084844640118,779.1854510213916,3586054.5355572705,2.2700567300012633,0.0198121988574776
4.5,schechter,0,1247728326695.2742,0.0012477283266952742,47,10,0.2127659574468085,0.0845036544202924,373121265320654.06,55.19373769833662,0.04041821443630461,778.342585759052,3569911.633328093,2.2461325331516773,0.040384341992260694
4.51,schechter,0,1252003495549.0037,0.0012520034955490038,103,10,0.0970873786407767,0.08435000336064569,54664101981031.3,81.89742093151804,0.04021684712420523,777.4999129060782,3553869.805647869,2.222490322407488,0.018200686035347
4.52,schechter,0,1256282163537.462,0.0012562821635374618,41,10,0.24390243902439024,0.0841969847438312,47105617637702.53,24.58687812491498,0.04001673795700224,776.6574462068494,3537928.2449801154,2.199126489698254,0.045160931586068036
4.53,schechter,0,1260564321005.2634,0.0012605643210052634,92,10,0.10869565217391304,0.08404465736190303,143995950487246.78,116.1520947583746,0.03981787842615967,775.8151992173114,3522086.15160432,2.176037475304332,0.01987873087158838
4.54,schechter,0,1264849958341.4016,0.0012648499583414016,75,10,0.13333333333333333,0.08389301099984181,197377952431430.94,59.183874478214385,0.03962026006800758,774.973185308779,3506342.7335315645,2.153219767222554,0.024085345282223808
4.55,schechter,0,1269139065978.9648,0.0012691390659789648,72,10,0.1388888888888889,0.08374198577465164,28987459922678.355,71.00491999808631,0.0394238744640223,774.131417666728,3490697.2064130404,2.130669900520136,0.024781462291643838
4.56,schechter,0,1273431634394.8594,0.0012734316343948593,47,10,0.2127659574468085,0.08359157857464194,68215731928830.266,95.23110709979458,0.03922871324108732,773.2899092967906,3475148.7934561176,2.1083844567201826,0.03749854999563382
4.57,schechter,0,1277727654109.524,0.001277727654109524,71,10,0.14084507042253522,0.08344179351850955,20296080281840.9,34.92910929369882,0.03903476807173469,772.4486730248439,3459696.7253384124,2.0863600631760515,0.024519665577014176
4.58,schechter,0,1282027115686.661,0.0012820271156866608,75,10,0.13333333333333333,0.08329272274079857,52963338355311.234,62.29209471774355,0.03884203067436807,771.6077214992476,3444340.2401227453,2.064593392459032,0.02292874733474332
4.59,schechter,0,1286330009732.9558,0.0012863300097329558,83,10,0.12048192771084337,0.08314425890072197,93511802730538.34,34.05574662345192,0.0386504928134673,770.7670671935281,3429078.583176759,2.0430811617565996,0.020466321574491388
4.6,schechter,0,1290636326897.8066,0.0012906363268978067,44,10,0.22727272727272727,0.08299639894118616,91712774420051.48,44.31900693362697,0.038460146299776024,769.926722408883,3413911.0070874332,2.021820132273676,0.038137225064888126
4.61,schechter,0,1294946057873.0576,0.0012949460578730576,61,10,0.16393442622950818,0.08284913981580788,60227794097829.414,64.59699190367687,0.03827098299047199,769.0866992751669,3398836.7715838132,2.0008071086413484,0.027174614407916287
4.62,schechter,0,1299259193392.7256,0.0012992591933927255,91,10,0.10989010989010989,0.08270250924970801,251863383553162.94,341.48849463536664,0.038082994789321374,768.2470097536185,3383855.1434541843,1.980038938333484,0.017994965781572198
4.63,schechter,0,1303575724232.7375,0.0013035757242327375,66,10,0.15151515151515152,0.08255654367451692,51249972137307.54,94.24199403772812,0.03789617364681675,767.4076656386964,3368965.396468138,1.9595125110903595,0.02451069397008994
4.64,schechter,0,1307895641210.67,0.00130789564121067,58,10,0.1724137931034483,0.08241116810654181,63346490035152.15,30.844506853679228,0.03771051156030021,766.5686785603149,3354166.8113015178,1.9392247583514852,0.027554099578771064
4.6499999999999995,schechter,0,1312218935185.4805,0.0013122189351854805,69,10,0.14492753623188406,0.08226637955383043,99516015062636.16,142.5753709646463,0.03752600057407135,765.7300599863947,3339458.6754533774,1.919172652690958,0.02288165012689941
4.66,schechter,0,1316545597057.2546,0.0013165455970572547,67,10,0.14925373134328357,0.0821221750351554,64949259904050.664,49.65592062883606,0.03734263277948092,764.8918212225943,3324840.2831766997,1.8993532072601325,0.02328045022988065
4.67,schechter,0,1320875617766.9429,0.0013208756177669429,116,10,0.08620689655172414,0.08197856734271225,29221720698789.48,34.18172764130609,0.037160400315010805,764.0539734174546,3310310.935399574,1.8797634752447328,0.013284510055493203
4.68,schechter,0,1325208988296.1145,0.0013252089882961145,86,10,0.11627906976744186,0.08183561463220246,319958428988128.56,90.51105022214787,0.036979295366340204,763.2165275623989,3295869.9396521407,1.8604005493186189,0.017703142141346075
4.6899999999999995,schechter,0,1329545699666.6926,0.0013295456996666925,69,10,0.14492753623188406,0.08169323538724982,71549994704712.12,116.1105284264681,0.03679931016639911,762.3794944917331,3281516.609994206,1.841261561104467,0.021799799147942358
4.7,schechter,0,1333885742940.712,0.001333885742940712,93,10,0.10752688172043011,0.08155142668081417,158577264483522.44,78.47806136786372,0.036620436995409095,761.5428848908775,3267250.26694219,1.822343680660233,0.015980078178560002
4.71,schechter,0,1338229109220.0664,0.0013382291092200664,85,10,0.11764705882352941,0.08141018559657542,32703470362809.8,55.03510874448269,0.03644266818091213,760.7067092895215,3253070.2373980703,1.8036441159363499,0.01727470614453523
4.72,schechter,0,1342575789646.261,0.001342575789646261,45,10,0.2222222222222222,0.08126950922894005,216857695388598.28,137.26283020811698,0.03626599609778732,759.8709780713319,3238975.8545814385,1.7851601122807867,0.03223979693780868
4.7299999999999995,schechter,0,1346925775400.1653,0.0013469257754001652,70,10,0.14285714285714285,0.08112944339804662,22201326251325.19,44.83810253881428,0.03609041316825672,759.0357014704637,3224966.457955114,1.766888951914897,0.020478102459287648
4.74,schechter,0,1351279057701.7778,0.0013512790577017778,53,10,0.18867924528301888,0.0809899708051085,122822225025378.84,81.86098101423195,0.03591591186187994,758.2008895767935,3211041.393161196,1.7488279534418831,0.026724061300455806
4.75,schechter,0,1355635627809.972,0.001355635627809972,80,10,0.125,0.08085105265949688,62906664496071.86,84.02042986420737,0.035742484695538375,757.3665523339969,3197200.011952672,1.7309744713419708,0.017493888516839307
4.76,schechter,0,1359995477022.2656,0.0013599954770222656,120,10,0.08333333333333333,0.0807126861094637,41018045588983.35,30.853934340374668,0.035570124233408995,756.5326995458107,3183441.672123255,1.713325895491578,0.011523927933835628
4.77,schechter,0,1364358596674.5857,0.0013643585966745856,84,10,0.11904761904761904,0.08057486831396232,31146459419784.207,51.545573529430314,0.03539882308692853,755.6993408738861,3169765.737445429,1.695879650673408,0.01626729518206408
4.78,schechter,0,1368724978141.019,0.0013687249781410191,56,10,0.17857142857142858,0.08043759644264903,205169574826650.28,137.608980108176,0.03522857391474806,754.8664858410544,3156171.577604061,1.678633196102463,0.024111646357736438
4.79,schechter,0,1373094612833.5918,0.0013730946128335919,60,10,0.16666666666666666,0.08030089754165759,134615080505830.3,79.2600435815784,0.0350593694226785,754.0341438342351,3142658.568130008,1.6615840249568823,0.022237781424152937
4.8,schechter,0,1377467492202.0308,0.0013774674922020307,81,10,0.12345679012345678,0.08016478292130391,97951089710715.84,47.27392933906795,0.034891202363627125,753.2023241023328,3129226.0903392765,1.6447296639063889,0.016277703268059853
4.81,schechter,0,1381843607733.5364,0.0013818436077335365,71,10,0.14084507042253522,0.08002920425166926,50181103008048.18,88.96027100700344,0.034724065537525745,752.3710357630375,3115873.5312690753,1.628067672664463,0.018351121170592132
4.82,schechter,0,1386222950952.5486,0.0013862229509525486,79,10,0.12658227848101267,0.07989415875582384,177509551765284.06,250.3903966572819,0.03455795179125056,751.5402878003644,3102600.2836156418,1.611595643526616,0.0162983643283683
4.83,schechter,0,1390605513420.5261,0.0013906055134205262,75,10,0.13333333333333333,0.07975964366749766,94947874158496.06,77.73142191782335,0.03439285401853435,750.7100890668901,3089405.7456736234,1.5953112009255275,0.01696552705661171
4.84,schechter,0,1394991286735.7166,0.0013949912867357165,50,10,0.2,0.0796256562310782,85328519704922.16,158.65812307624205,0.034228765159870625,749.8804482871084,3076289.321274794,1.5792120009936066,0.02514915838142201
4.85,schechter,0,1399380262532.9346,0.0013993802625329346,70,10,0.14285714285714285,0.07949219370160832,46229420107921.09,34.93572310599881,0.034065678202410896,749.0513740583249,3063250.419728769,1.5632957311267457,0.017752829581660665
4.86,schechter,0,1403772432483.344,0.001403772432483344,86,10,0.11627906976744186,0.07935928058388708,117238618072264.9,129.99031576257184,0.03390358617985464,748.2228748507464,3050288.455764161,1.5475601095521045,0.014280611273764707
4.87,schechter,0,1408167788294.2324,0.0014081677882942325,79,10,0.12658227848101267,0.07922692333036241,18720879182998.305,39.16579540176499,0.033742482172332715,747.3949590100312,3037402.8494712934,1.5320028849072573,0.015364034823347
4.88,schechter,0,1412566321708.7937,0.0014125663217087938,54,10,0.18518518518518517,0.0790950813446083,64888302828437.65,147.15266870992372,0.03358235930628393,746.567634760107,3024593.026241584,1.5166218358233712,0.022214319902492355
4.89,schechter,0,1416968024505.9143,0.0014169680245059142,68,10,0.14705882352941177,0.078963751934511,24049061145735.797,92.1620179462805,0.03342321075432565,745.7409102016056,3011858.4167142524,1.5014147705083907,0.01743490345429931
4.8999999999999995,schechter,0,1421372888499.9565,0.0014213728884999565,57,10,0.17543859649122806,0.07883293241855005,11936077206295.848,23.400625147189412,0.03326502973511832,744.9147933156656,2999198.4567176998,1.4863795263437567,0.020557132762907684
4.91,schechter,0,1425780905540.5457,0.0014257809055405457,59,10,0.1694915254237288,0.07870262012579299,242737645010400.4,121.45320734045129,0.033107809513224104,744.0892919660347,2986612.5872155535,1.4715139694849881,0.01962915338138555
4.92,schechter,0,1430192067512.3557,0.0014301920675123558,63,10,0.15873015873015872,0.07857281239588942,66545734419015.48,133.34681821829898,0.032951543398960184,743.2644138979064,2974100.254251155,1.4568159944601071,0.01816922695683255
4.93,schechter,0,1434606366334.9062,0.0014346063663349061,152,10,0.06578947368421052,0.07844350657906385,45812596260218.78,72.09103651679956,0.032796224748246505,742.4401667402919,2961660.908893382,1.4422835237808866,0.007443274808327721
4.9399999999999995,schechter,0,1439023793962.3455,0.0014390237939623455,82,10,0.12195121951219512,0.07831471458127426,40461785659477.7,64.3368491579791,0.03264184696244863,741.6165580090167,2949294.0071838005,1.4279145075608344,0.013637404525132625
4.95,schechter,0,1443444342383.2483,0.0014434443423832484,78,10,0.1282051282051282,0.07818645732349716,147452922273627.66,76.18590510566342,0.03248840348821557,740.7935951064525,2936999.0100829303,1.4137069231312638,0.01417086359145321
4.96,schechter,0,1447868003620.411,0.001447868003620411,68,10,0.14705882352941177,0.07805869271032151,217752945079778.38,117.81086923689966,0.03233588781731316,739.9712853227248,2924775.38341962,1.3996587746667049,0.01606699032220786
4.97,schechter,0,1452294769730.6443,0.0014522947697306443,49,10,0.20408163265306123,0.07793141814407478,24498330253224.426,66.59421646958415,0.032184293486452624,739.149635838398,2912622.597837311,1.385768092816395,0.022039769937141122
4.9799999999999995,schechter,0,1456724632804.5767,0.0014567246328045767,87,10,0.11494252873563218,0.07780463103757917,69461324595848.69,223.92152053922123,0.03203361407711513,738.3286537243399,2900540.12874541,1.3720329343376216,0.012270174279028245
4.99,schechter,0,1461157584966.4475,0.0014611575849664475,62,10,0.16129032258064516,0.0776783288141416,69663529746483.67,177.96417364526468,0.03188384321537219,737.5083459446756,2888527.4562673313,1.358451381737999,0.017019715017527304
