z,luminosity_function,alpha_intrinsic,L_min_Jy_kpc2,L_min_over_L_star,n_generated,n_detected,detection_rate_10_per_n,N_ratio_detectable_L,mean_detected_L,mean_SNR,SFR_psi,comoving_volume_Mpc3,time_Gyr,nfrb_sfr_base,n_total_population_scaled
0.01,schechter,-4,10000000000.0,1e-05,12,10,0.8333333333333334,1.0,1222622428101.0508,1044905.228058887,0.015366633837018974,0.16932742371797857,137678720.05218962,0.007164779991585113,0.005970649992987595
0.02,schechter,-4,10000000000.0,1e-05,17,10,0.5882352941176471,1.0,376308238441.7131,28813.52454012192,0.015778461234561884,0.632852985495784,135706863.92550436,0.027101872042193314,0.015942277671878422
0.03,schechter,-4,10000000000.0,1e-05,19,10,0.5263157894736842,1.0,3250878743128.63,192403.3975243212,0.016197006898133106,1.3952259128383888,133769703.76805276,0.06045984949595272,0.03182097341892248
0.04,schechter,-4,10000000000.0,1e-05,18,10,0.5555555555555556,1.0,539042122572.84863,2583.0144512607994,0.0166223021408091,2.447953855566648,131866423.28089881,0.10731455312755823,0.0596191961819768
0.05,schechter,-4,10000000000.0,1e-05,19,10,0.5263157894736842,1.0,135509623363.52933,626.8475649772838,0.01705437728000787,3.7825727608212545,129996236.70924087,0.16771964432122385,0.08827349701117045
0.060000000000000005,schechter,-4,10000000000.0,1e-05,32,10,0.3125,1.0,2872821770164.3687,1697.899609689914,0.017493261604641853,5.3906546603126895,128158387.20751494,0.24170705710654422,0.07553345534579507
0.06999999999999999,schechter,-4,10000000000.0,1e-05,28,10,0.35714285714285715,1.0,1233696360526.6628,882.9293630226796,0.017938983341287663,7.263815199162977,126352145.30294725,0.3292874879396866,0.11760267426417378
0.08,schechter,-4,10000000000.0,1e-05,35,10,0.2857142857142857,1.0,639088236024.6536,7928.518842741172,0.018391569619367408,9.393720895786727,124576807.45144194,0.43045092008557595,0.12298597716730741
0.09,schechter,-4,10000000000.0,1e-05,24,10,0.4166666666666667,1.0,715220042853.6064,662.9417164319448,0.018851046435337065,11.772096123470087,122831694.67989907,0.5451671794540105,0.22715299143917106
0.09999999999999999,schechter,-4,10000000000.0,1e-05,41,10,0.24390243902439024,1.0,680501863102.8221,397.74782631330396,0.019317438615878545,14.390729805781865,121116151.30983643,0.6733865187699558,0.16424061433413556
0.11,schechter,-4,10000000000.0,1e-05,22,10,0.45454545454545453,1.0,4485795120911.869,15341.22706618289,0.019790769780093035,17.241481819012918,119429543.75708403,0.8150402269806158,0.3704728304457345
0.12,schechter,-4,10000000000.0,1e-05,43,10,0.23255813953488372,1.0,8677302116700.295,633.3479680678035,0.020271062300694323,20.31628909642629,117771259.40308331,0.9700412608663141,0.22559099089914283
0.13,schechter,-4,10000000000.0,1e-05,32,10,0.3125,1.0,1885325049915.3208,254.6230554683415,0.02075833726420218,23.60717142986414,116140705.53330435,1.1382848958604097,0.355714029956378
0.14,schechter,-4,10000000000.0,1e-05,38,10,0.2631578947368421,1.0,3117902995199.1924,284.2916003593631,0.021252614430137,27.106236965912533,114537308.33873443,1.3196493931784374,0.3472761560995888
0.15000000000000002,schechter,-4,10000000000.0,1e-05,32,10,0.3125,1.0,2217656358020.666,89.63143071582166,0.021753912189218152,30.805687394558966,112960511.97664525,1.5139966804209817,0.47312396263155676
0.16,schechter,-4,10000000000.0,1e-05,37,10,0.2702702702702703,1.0,635512100152.4934,231.8484827126279,0.02226224752057046,34.697822829637836,111409777.68701176,1.7211730429194247,0.46518190349173644
0.17,schechter,-4,10000000000.0,1e-05,49,10,0.20408163265306123,1.0,18517318897005.562,17203.91808235604,0.02277763594794393,38.775046381281356,109884582.96125181,1.9410098231897557,0.39612445371219507
0.18000000000000002,schechter,-4,10000000000.0,1e-05,46,10,0.21739130434782608,1.0,180233443776.06976,72.14276528404886,0.023300091494954225,43.02986842137982,108384420.7601139,2.173324125957218,0.4724617665124387
0.19,schechter,-4,10000000000.0,1e-05,38,10,0.2631578947368421,1.0,4049855023931.966,637.793040964509,0.023829626639352574,47.454910544387474,106908798.77780546,2.417919526349963,0.6362946121973587
0.2,schechter,-4,10000000000.0,1e-05,46,10,0.21739130434782608,1.0,5796830520180.283,1316.7452566552479,0.024366252266335785,52.04290922647888,105457238.74949963,2.674586778967286,0.5814319084711491
0.21000000000000002,schechter,-4,10000000000.0,1e-05,62,10,0.16129032258064516,1.0,20245294952477.742,1116.7047017092843,0.02490997762090884,56.786719186464694,104029275.79969656,2.9431045256334745,0.4746942783279797
0.22,schechter,-4,10000000000.0,1e-05,47,10,0.2127659574468085,1.0,3798623034022.704,208.86922926116222,0.025460810259314456,61.679316453450014,102624457.82893437,3.223239999814053,0.6857957446412879
0.23,schechter,-4,10000000000.0,1e-05,66,10,0.15151515151515152,1.0,5514071593508.18,394.97653211423915,0.026018755999546127,66.71380114610733,101242344.93655138,3.5147497257600637,0.5325378372363733
0.24000000000000002,schechter,-4,10000000000.0,1e-05,50,10,0.2,1.0,1676809074149.8728,1150.1055230240763,0.02658381887096318,71.8833999696521,99882508.87732875,3.817380210605616,0.7634760421211233
0.25,schechter,-4,10942135895.616179,1.094213589561618e-05,47,10,0.2127659574468085,0.9557337704176674,1149257506123.5781,176.23358757788782,0.027156001063028613,77.18146843665986,98544532.5499974,4.130868627748216,0.8400022656803954
0.26,schechter,-4,12253593935.27169,1.225359393527169e-05,30,10,0.3333333333333333,0.9028334625672707,18207388111048.11,1007.3774558736466,0.02773530287319293,82.60149281901245,97228009.51565525,4.454943490002874,1.3406906855402718
0.27,schechter,-4,13677140121.984669,1.3677140121984668e-05,31,10,0.3225806451612903,0.8542581350810599,10326034163329.748,165.71023650702847,0.0283217226539493,88.13709183769684,95932543.54423486,4.789325311093729,1.3197806801778857
0.28,schechter,-4,15219256977.558252,1.5219256977558253e-05,45,10,0.2222222222222222,0.8095305377229459,1920944664871.1555,130.37031316408223,0.028915256759088154,93.7820180992331,94657748.18751705,5.1337272542742465,0.9235353299279052
0.29000000000000004,schechter,-4,16886667532.673044,1.6886667532673046e-05,62,10,0.16129032258064516,0.7682412169904841,7621593106063.966,510.65424031695557,0.029515899489181725,99.53015928595138,93403246.37677355,5.487855766866986,0.6799995150009902
0.3,schechter,-4,18686339983.907536,1.8686339983907537e-05,63,10,0.15873015873015872,0.7300332356134014,1677490042518.6777,110.63221812926147,0.03012364303633178,105.37553910866806,92168670.04385954,5.851411199720488,0.6780515319105465
0.31,schechter,-4,20625492358.75769,2.062549235875769e-05,59,10,0.1694915254237288,0.6945980470532351,7095453484216.76,105.05953498777305,0.030738477428216556,111.31231803139664,90953659.76403436,6.2240884107160745,0.7327524838593321
0.32,schechter,-4,22711597188.44283,2.2711597188442828e-05,44,10,0.22727272727272727,0.6616662174316785,7533135062544.039,51.153218690072535,0.03136039047147566,117.33479377504594,89757864.41943079,6.605577351442967,0.993338040927644
0.33,schechter,-4,24952386188.298634,2.4952386188298633e-05,45,10,0.2222222222222222,0.6310001305898676,4204985011555.9077,544.642479394566,0.031989367694474906,123.43740161144166,88580940.88171776,6.9955636364797655,0.9809336818152135
0.34,schechter,-4,27355854945.604168,2.7355854945604168e-05,61,10,0.16393442622950818,0.6023914708010386,1380461591941.5845,47.18655645231784,0.032625392289495694,129.61471445492523,87422553.71285346,7.393729094610497,0.7301507121322702
0.35000000000000003,schechter,-4,29930267614.699646,2.9930267614699647e-05,28,10,0.35714285714285715,0.5756559026578864,12001286836262.617,279.10151799734786,0.03326844505439697,135.86144276160766,86282374.8828454,7.799752301557128,1.6035619470217126
0.36000000000000004,schechter,-4,32684161619.26733,3.268416161926733e-05,59,10,0.1694915254237288,0.5506294877734546,45334768758976.04,12775.331668236451,0.03391850433380093,142.17243424561553,85160083.50335014,8.21330909385311,0.7665237591988804
0.37,schechter,-4,35626352361.68895,3.562635236168895e-05,43,10,0.23255813953488372,0.5271665726349827,2043492465196.6245,25.970525738275803,0.03457554595985672,148.54267342075318,84055365.5762477,8.63407306354152,1.0585103964621414
0.38,schechter,-4,38765937939.38752,3.876593793938752e-05,60,10,0.16666666666666666,0.5051372993725585,1930978223073.61,95.4511240837473,0.035239543192639965,154.967280978154,82967913.75619605,9.061716033579804,0.7629017941472523
0.39,schechter,-4,42112303868.09556,4.211230386809556e-05,53,10,0.18867924528301888,0.484425115083996,9217294910403.875,133.4667285615455,0.03591046666024937,161.4415130074466,81897427.12626469,9.495908513745315,0.867935202754372
0.4,schechter,-4,45675127811.998436,4.567512781199844e-05,58,10,0.1724137931034483,0.46492556807360597,3184862860971.044,140.06581794421137,0.03658828429866464,167.96076007210115,80843610.98588744,9.936320137109078,0.7964912559149394
0.41000000000000003,schechter,-4,49464384320.71606,4.946438432071606e-05,37,10,0.2702702702702703,0.44654434303880763,5794717214983.881,77.30432509504048,0.03727296129143468,174.52054614596253,79806176.65031886,10.382620077001262,1.2530541246773141
0.42000000000000004,schechter,-4,53490349573.10465,5.349034957310465e-05,71,10,0.14084507042253522,0.42919640461663233,10366717916042.082,606.891902615703,0.037964460009266905,181.1165274221338,78784841.26087493,10.834477444714665,0.654946304953737
0.43,schechter,-4,57763606127.86496,5.7763606127864956e-05,78,10,0.1282051282051282,0.4128051532267919,3068905965898.2407,66.82252070997117,0.038662739949594106,187.7444910007599,77779327.60525452,11.291561667989912,0.5975916467338904
0.44,schechter,-4,62295047680.952866,6.229504768095287e-05,60,10,0.16666666666666666,0.3973004192176428,47009583348761.43,65.28845537279177,0.03936775767619714,194.40035346520997,76789363.94735558,11.753542850576306,0.7782812503044158
0.45,schechter,-4,67095883829.80839,6.709588382980839e-05,69,10,0.14492753623188406,0.38261941841761293,39288785417409.64,719.7120445475769,0.04007946675896711,201.08015935438598,75814683.86589663,12.220092113102378,0.6776296430905638
0.46,schechter,-4,72177644844.41829,7.217764484441828e-05,89,10,0.11235955056179775,0.36870403146113995,130467690409924.34,85.88441133289122,0.04079781771389325,207.78007953998107,74855026.10136408,12.69088191563919,0.5257504859655555
0.47000000000000003,schechter,-4,77552186445.22566,7.755218644522566e-05,50,10,0.2,0.3555017639942263,10358584082980.059,400.656168130577,0.04152275794336715,214.49640951554443,73910134.4107027,13.165586362257995,0.9360778351602093
0.48000000000000004,schechter,-4,83231694587.93466,8.323169458793466e-05,49,10,0.20408163265306123,0.3429645359982413,8708611145017.922,100.4357893381583,0.04225423167689769,221.22556760529724,72979757.42922702,13.643881488002869,0.9549729558669179
0.49,schechter,-4,89228690255.23114,8.922869025523114e-05,46,10,0.21739130434782608,0.33104808863118607,21146665075667.94,130.9616794131261,0.042992179912334685,227.96409310051087,72063648.53939462,14.125445528764136,1.0165655963828915
0.5,schechter,-4,95556034255.46553,9.555603425546553e-05,69,10,0.14492753623188406,0.3197124082129086,47080239192167.5,1219.588016025067,0.04373654035770323,234.7086443293274,71161565.7458431,14.60995917441718,0.6769543813833615
0.51,schechter,-4,102226932028.33658,0.00010222693202833658,54,10,0.18518518518518517,0.30891990954104287,3102637042037.699,115.58239773741977,0.04448724737375437,241.45599666869873,70273271.55644336,15.097105805862288,0.8636660296071353
0.52,schechter,-4,109254938457.6469,0.0001092549384576469,69,10,0.14492753623188406,0.29863674310862476,738726975288.7954,22.17135553754628,0.04524423191734168,248.20304050257752,69398532.8688438,15.586571716302153,0.6745975382007946
0.53,schechter,-4,116653962691.13159,0.00011665396269113159,52,10,0.19230769230769232,0.28883120911904314,14044957073021.572,849.7733712532997,0.04600742148573693,254.94677913487732,68537120.86228469,16.0780463174541,0.8930464534888936
0.54,schechter,-4,124438272967.47273,0.00012443827296747273,50,10,0.2,0.2794744915569727,61516125013621.836,150.88236235806335,0.046776740062001616,261.68432666201295,67688810.89416112,16.571222331127352,0.9262467870938738
0.55,schechter,-4,132622501450.49165,0.00013262250145049166,95,10,0.10526315789473684,0.27053948819280105,10612141494085.617,119.03458037680903,0.04755210806153499,268.4129058110693,66853382.401291125,17.065795966801698,0.4859970217327683
0.56,schechter,-4,141221649070.63388,0.00014122164907063388,72,10,0.1388888888888889,0.26200127662126893,116644464557129.66,2080.9753780788724,0.04833344227992233,275.1298457488037,66030618.80524841,17.561467085673684,0.6390453883040139
0.5700000000000001,schechter,-4,150251090373.74783,0.00015025109037374783,35,10,0.2857142857142857,0.2538372312767191,5881040968318.119,84.85291661072553,0.049120655842211244,281.83257986760253,65220307.42184981,18.057939351885466,1.3096506650415765
0.5800000000000001,schechter,-4,159726578377.24515,0.00015972657837724514,86,10,0.11627906976744186,0.2460255421369847,23850449872559.105,292.7849496001652,0.04991365815374634,288.5186435514392,64422239.37422575,18.554920371310025,0.5308121329837361
0.59,schechter,-4,169664249433.68698,0.00016966424943368698,62,10,0.16129032258064516,0.23854652385329755,10157372428708.7,210.06507795141601,0.050712354852696435,295.18567193020385,63636209.50946025,19.052121818758483,0.7330350696603873
0.6,schechter,-4,180080628101.8518,0.0001800806281018518,58,10,0.1724137931034483,0.23138152161744252,5835125460337.306,45.19113824849187,0.051516647764411366,301.83139762072267,62862016.318445235,19.549259553754283,0.779885762421033
0.61,schechter,-4,190992632025.32492,0.00019099263202532492,58,10,0.1724137931034483,0.22451379815673178,50656913966746.92,87.42273434569816,0.05232643485774771,308.45364846717166,62099461.8588071,20.046053726006978,0.7759682172551261
0.62,schechter,-4,202417576818.6968,0.00020241757681869682,76,10,0.13157894736842105,0.21792690085595845,138088876819012.25,176.44557905957595,0.05314161020350689,315.05034527486816,61348351.680681646,20.542228870497574,0.58904003610807
0.63,schechter,-4,214373180961.36746,0.00021437318096136746,74,10,0.13513513513513514,0.21160590826211456,8906796265234.115,105.6555701449217,0.05396206393512963,321.619499550614,60608494.75515795,21.037513993340443,0.6015759805591554
0.64,schechter,-4,226877570699.0531,0.0002268775706990531,62,10,0.16129032258064516,0.20553712766302878,7936009966659.505,50.08970680082173,0.054787682211795266,328.15921124632445,59879703.405252725,21.531642648541805,0.7137987070722664
0.65,schechter,-4,239949284953.0195,0.0002399492849530195,38,10,0.2631578947368421,0.19970713646764904,15401331009039.541,68.74973060650447,0.055618347184074164,334.6676665121558,59161793.23922499,22.02435300636998,1.1574790714354752
0.66,schechter,-4,253607280237.0954,0.0002536072802370954,65,10,0.15384615384615385,0.19410394764501215,111614304491604.69,257.6561782586396,0.056453936962285574,341.1431354628418,58454583.086089864,22.51538791390723,0.6723577964381828
0.67,schechter,-4,267870935582.4775,0.0002678709355824775,65,10,0.15384615384615385,0.1887161295356784,47346505029500.5,150.9401851474667,0.05729432558771266,347.58396995592653,57757894.933217816,23.004494948028903,0.6678952690023203
0.68,schechter,-4,282760057470.4368,0.00028276005747043684,69,10,0.14492753623188406,0.1835327907384512,4551477553519.736,46.882734721244844,0.05813938300682973,353.98860139163577,57071553.86587637,23.491426461770004,0.6248473995588042
0.6900000000000001,schechter,-4,298294884772.8807,0.00029829488477288067,45,10,0.2222222222222222,0.17854395870245088,202557263136015.06,5609.442904333836,0.05898897504869533,360.35553852796386,56395388.00860588,23.975939623980192,0.9512798164614167
0.7000000000000001,schechter,-4,314496093700.8734,0.0003144960937008734,90,10,0.1111111111111111,0.17374010122289307,50392472906901.516,100.55087733215933,0.059842963405668255,366.68336532168456,55729228.46830064,24.45779645328507,0.4721444479425181
0.7100000000000001,schechter,-4,331384802761.10095,0.00033138480276110097,68,10,0.14705882352941177,0.16911241810995048,9628305736788.406,76.17118947567664,0.06070120561760056,372.9707387907471,55072909.27894104,24.936763846386384,0.6201641814557635
0.72,schechter,-4,348982577720.3477,0.0003489825777203477,45,10,0.2222222222222222,0.16465249781813884,16373412005960.12,96.91163245099403,0.061563555059664696,379.2163869048584,54426267.3478233,25.412613601436156,0.9298334012363716
0.73,schechter,-4,367311436577.99164,0.00036731143657799163,76,10,0.13157894736842105,0.16035236943529962,7632233015488.661,69.89261355563781,0.062429860933968816,385.4191065009131,53789142.40325106,25.885122436584897,0.5461500941880558
0.74,schechter,-4,386393854546.5317,0.0003863938545465317,73,10,0.136986301369863,0.1562048647608114,218853565401960.06,126.93935480052967,0.06329996826511489,391.57776123034915,53161376.94359302,26.354072004465127,0.5639225004594741
0.75,schechter,-4,406252769040.2248,0.0004062527690402248,71,10,0.14084507042253522,0.1522028000568415,18178939758813.547,70.88258134974721,0.06417371789985252,397.6912795353638,52542816.187593825,26.819248902672765,0.574924616677207
0.76,schechter,-4,426911584671.7648,0.00042691158467176476,78,10,0.1282051282051282,0.14833959166697697,16851621446038.838,191.00878355809567,0.06505094651097904,403.7586526570557,51933308.025967404,27.280444680776345,0.5188166697999893
0.77,schechter,-4,448394178257.1145,0.0004483941782571145,43,10,0.23255813953488372,0.14460898896556407,30777724285765.117,112.23105347580761,0.06593148660563516,409.7789326773291,51332702.97407133,27.737455844178687,0.9328105688613154
0.78,schechter,-4,470724903828.4388,0.0004707249038284388,90,10,0.1111111111111111,0.14100526234108735,49857725571878.086,322.761755887082,0.06681516653814157,415.7512305932568,50740854.125752576,28.190083855075954,0.44166112993358175
0.79,schechter,-4,493928597655.1783,0.0004939285976551783,71,10,0.14084507042253522,0.13752264445262552,11963051240802.58,71.38611561026349,0.0677018105275198,421.67471442645996,50157617.108157024,28.638135130855336,0.5547031092094172
0.8,schechter,-4,518030583273.2762,0.0005180305832732762,114,10,0.08771929824561403,0.1341560743668072,46972293646750.63,262.01821102554425,0.06859123867983588,427.54860736904544,49582850.03763585,29.081421040372305,0.3422323933144403
0.81,schechter,-4,543056676522.5564,0.0005430566765225564,45,10,0.2222222222222222,0.13090042094851728,126729660459523.8,158.66405014020899,0.06948326701550157,433.3721859636475,49016413.47646635,29.519757898036946,0.8586997189225231
0.8200000000000001,schechter,-4,569033190592.2639,0.0005690331905922639,60,10,0.16666666666666666,0.12775099760292163,49549373766028.92,279.75275377435156,0.0703777075016633,439.1447783207324,48458170.39061373,29.952966956290652,0.6377535683055796
0.8300000000000001,schechter,-4,595986941074.7665,0.0005959869410747665,56,10,0.17857142857142858,0.12470330141919084,69374431000747.31,626.4331731506675,0.0712743680898028,444.86576237306883,47907986.10823188,30.380874396519506,0.6765348816513839
0.8400000000000001,schechter,-4,623945251027.4218,0.0006239452510274217,60,10,0.16666666666666666,0.12175325936611259,44789669763002.86,89.78244298630742,0.07217305275866856,450.5345641669043,47365728.279101126,30.80331131870423,0.625067258720218
0.85,schechter,-4,652935956042.6162,0.0006529359560426162,56,10,0.17857142857142858,0.11889661899033577,50045672677382.1,78.26906314442529,0.0730735615626498,456.1506561899732,46831266.83476413,31.22011372987084,0.6628510655313221
0.86,schechter,-4,682987409325.9485,0.0006829874093259485,68,10,0.14705882352941177,0.11612977918347311,110591193571940.12,515.4721673253005,0.07397569068569808,461.71355573855715,46304473.94949488,31.63112253176565,0.540193422785195
0.87,schechter,-4,714128486782.5774,0.0007141284867825774,61,10,0.16393442622950818,0.11344895929526944,23494112133352.918,113.88912922805999,0.07487923250089422,467.2228233198657,45785224.0019454,32.036183507575906,0.5958150292994691
0.88,schechter,-4,746388592111.715,0.000746388592111715,42,10,0.23809523809523808,0.11085075546733258,89998922343896.97,137.91227830334665,0.07578397563574907,472.6780610946704,45273393.53755888,32.43514730825499,0.8560620435272106
0.89,schechter,-4,779797661909.2589,0.0007797976619092589,47,10,0.2127659574468085,0.10833188774503277,45761084558371.7,74.28941804483557,0.07668970504331966,478.0789113541919,44768861.231587745,32.82786943808175,0.7566606525265669
0.9,schechter,-4,814386170778.5358,0.0008143861707785358,104,10,0.09615384615384616,0.10588919750936132,89444544246044.78,158.29319239273514,0.07759620207921059,483.4250550377271,44271507.85283817,33.214210240119314,0.33817558348398513
0.91,schechter,-4,850185136449.1863,0.0008501851364491863,65,10,0.15384615384615385,0.10351989042158394,34835103457065.887,119.81673825437751,0.07850324458452297,488.7162102843091,43781216.22801512,33.59403488115184,0.5350232014947242
0.92,schechter,-4,887226124904.1127,0.0008872261249041126,88,10,0.11363636363636363,0.10122089270660328,51615839681856.89,198.3083377872644,0.07941060697480082,493.95213102354495,43297871.206686266,33.96721333657631,0.3907035973504425
0.93,schechter,-4,925541255514.5383,0.0009255412555145383,106,10,0.09433962264150944,0.09898975808869426,56116145220554.46,115.41498533014314,0.08031806033501555,499.1326056023169,42821359.6268634,34.33362037512391,0.32062988445684715
0.9400000000000001,schechter,-4,965163206183.1105,0.0009651632061831105,85,10,0.11764705882352941,0.09682375280096278,20645350373234.344,29.9346893346845,0.08122537252061583,504.25745544685793,42351570.28113079,34.693135543412026,0.3951905387936025
0.9500000000000001,schechter,-4,1006125218495.0428,0.0010061252184950429,95,10,0.10526315789473684,0.09472047133421757,82168810456655.75,299.0055317946054,0.08213230826466011,509.32653376209475,41888393.88338472,35.045643150586656,0.3494252460457223
0.9600000000000001,schechter,-4,1048461102877.3105,0.0010484611028773105,56,10,0.17857142857142858,0.09267758937907644,63060640502542.914,166.63728924664883,0.0830386292910345,514.3397242659155,41431723.03608367,35.39103225288166,0.5857063490775388
0.97,schechter,-4,1092205243765.8024,0.0010922052437658024,58,10,0.1724137931034483,0.0906928623079355,27663849582428.79,65.16939452820404,0.08394409443374791,519.296939958628,40981452.198053606,35.72919663820556,0.5586867432899878
0.98,schechter,-4,1137392604780.479,0.001137392604780479,89,10,0.11235955056179775,0.0887641689361034,172741279550913.3,162.81553802654793,0.08484845976228053,524.1981219262207,40537477.652815565,36.06003481068028,0.35964483390752733
0.99,schechter,-4,1184058733908.4702,0.0011840587339084702,62,10,0.16129032258064516,0.08688956565990091,214242322574171.38,29.6016946592336,0.08575147871295036,529.0432381798779,40099697.47744613,36.383449975348185,0.5098938976720543
1.0,schechter,-4,1232239768695.0981,0.0012322397686950982,59,10,0.1694915254237288,0.0850669491707966,89717874400429.16,449.021512870047,0.08665290222624604,533.8322825251416,39668011.51188104,36.69935002254036,0.529135888638765
1.01,schechter,-4,1281972441442.7903,0.0012819724414427902,71,10,0.14084507042253522,0.08329461203556898,32592622387942.2,65.01951198204897,0.08755247889006164,538.5652734697265,39242321.32879002,37.00764751265902,0.43416023125577785
1.02,schechter,-4,1333294084417.8804,0.0013332940844178803,39,10,0.2564102564102564,0.08157071796060378,188991136303765.1,237.70985663106234,0.08844995508875261,543.2422531578809,38822530.203856505,37.30825966040201,0.7803234682973392
1.03,schechter,-4,1386242635065.2083,0.0013862426350652083,56,10,0.17857142857142858,0.07989355316697744,52619655514941.86,38.32902154626431,0.08934507515791797,547.8632863409863,38408543.086599246,37.60110831922387,0.5364439547569981
1.04,schechter,-4,1440856641230.5916,0.0014408566412305915,70,10,0.14285714285714285,0.0782615087157994,111539135503528.78,114.94025198135986,0.09023758154479809,552.4284593777686,38000266.571585506,37.88611996543204,0.42357498684035444
1.05,schechter,-4,1497175266391.002,0.001497175266391002,76,10,0.13157894736842105,0.07667302652469687,131475456281225.22,81.87165428933936,0.09112721497416236,556.9378792651904,37597608.87017283,38.1632256821104,0.3850118440779531
1.06,schechter,-4,1555238294892.5413,0.0015552382948925412,83,10,0.12048192771084337,0.07512659846930836,58650698315822.836,157.83254101416776,0.09201371461954395,561.3916726995654,37200479.78263619,38.43236114268189,0.3478665739510496
1.07,schechter,-4,1615086137196.1008,0.0016150861371961008,64,10,0.15625,0.0736208582555381,27528537931064.48,46.62602591259918,0.09289681827966537,565.789985167749,36808790.67077036,38.693466594163006,0.4451009718037927
1.08,schechter,-4,1676759835130.7053,0.0016767598351307054,74,10,0.13513513513513514,0.07215440273871343,263021681873442.2,117.7288446099274,0.09377626255988103,570.1329800666406,36422454.43092041,38.94648683991404,0.37975141847367033
1.09,schechter,-4,1740301067154.51,0.00174030106715451,78,10,0.1282051282051282,0.0707258849754473,35278198552714.34,31.944438993284848,0.09465178305844799,574.4208378511963,36041385.46742419,39.19137122184656,0.3553646683418429
1.1,schechter,-4,1805752153623.392,0.001805752153623392,46,10,0.21739130434782608,0.06933409377048705,73023592502839.14,55.021142586447354,0.09552311455742028,578.6537552095753,35665499.66649557,39.42807360198553,0.5942847287629847
1.11,schechter,-4,1873156062067.1362,0.0018731560620671363,69,10,0.14492753623188406,0.06797783052498574,105581115442135.11,89.26651220485684,0.09638999121794681,582.8319442668701,35294714.37049736,39.65655234338852,0.3906907817976943
1.12,schechter,-4,1942556412473.1182,0.0019425564124731182,107,10,0.09345794392523364,0.06665589006374362,31227974717135.93,44.1019681337565,0.09725214677973788,586.9556318123829,34928948.352648705,39.87677029008119,0.24841323519185135
1.1300000000000001,schechter,-4,2013997482577.5332,0.002013997482577533,93,10,0.10752688172043011,0.06536718054765678,121494284210143.2,57.26960169046388,0.09810931476444977,591.0250585562159,34568121.792101,40.088694746281774,0.2817725749892581
1.1400000000000001,schechter,-4,2087524213164.0793,0.002087524213164079,71,10,0.14084507042253522,0.06411064167941716,266241004333267.0,516.9114532228907,0.09896122868272254,595.0404784079053,34212156.24944995,40.292297454444814,0.36382606261160616
1.1500000000000001,schechter,-4,2163182213370.0461,0.002163182213370046,113,10,0.08849557522123894,0.06288524421652486,82152467033284.45,169.36427051979769,0.09980762224459194,599.0021577814941,33860974.64260373,40.48755457228204,0.22531590769980833
1.1600000000000001,schechter,-4,2241017765999.7754,0.0022410177659997754,58,10,0.1724137931034483,0.06168998946623239,141772914888578.22,227.8425734496618,0.10064822957298275,602.9103749238428,33514501.22304822,40.67444664853636,0.43262175608500675
1.17,schechter,-4,2321077832845.5693,0.0023210778328455694,88,10,0.11363636363636363,0.06052390876432534,176464689235954.94,184.4390104725965,0.10148278541997709,606.7654192658838,33172661.552509196,40.85295859743832,0.28097508396637694
1.18,schechter,-4,2403410060015.7793,0.002403410060015779,78,10,0.1282051282051282,0.05938620149810714,252469080189582.94,71.78614243750523,0.1023110253855389,610.5675907972266,32835382.47995832,41.02307967175691,0.31233395839228956
1.19,schechter,-4,2488062783270.2754,0.0024880627832702755,74,10,0.13513513513513514,0.058275850548000996,84931429787709.14,34.36269149710108,0.10313268613836393,614.3171994628711,32502592.119014297,41.18480343437044,0.3243350607824554
1.2,schechter,-4,2575085033363.0674,0.0025750850333630675,90,10,0.1111111111111111,0.05719211320594242,89197746034784.2,157.2694173841524,0.1039475056385125,618.014564580625,32174219.82570734,41.338127728176055,0.262690542305728
1.21,schechter,-4,2664526541392.198,0.0026645265413921984,88,10,0.11363636363636363,0.05613408376523621,199515093606621.3,65.62724386133684,0.1047552233614732,621.6600142803613,31850196.176586464,41.4830546443401,0.26461514366400657
1.22,schechter,-4,2756437744156.7456,0.002756437744156746,95,10,0.10526315789473684,0.05510108970386107,299692760495382.9,117.75683328883113,0.10555558052329424,625.2538849624902,31530452.947203357,41.6195904887101,0.24139839883751352
1.23,schechter,-4,2850869789520.954,0.002850869789520954,60,10,0.16666666666666666,0.054092315279288594,83876574849173.72,94.38459068341577,0.10634832030641155,628.7965207783496,31214923.090939093,41.74774574648441,0.3763720375197357
1.24,schechter,-4,2947874541785.4277,0.002947874541785428,104,10,0.09615384615384616,0.0531070336707119,63247459085050.73,26.567474115797012,0.10713318808579403,632.2882731268115,30903540.718176357,41.86753504472287,0.21379428782017385
1.25,schechter,-4,3047504587065.3955,0.0030475045870653954,97,10,0.10309278350515463,0.05214455585460831,113878119303798.16,128.91145860819424,0.1079099316550206,635.7295001718311,30596241.075822484,41.97897711298641,0.22566753781313853
1.26,schechter,-4,3149813238675.963,0.0031498132386759627,68,10,0.14705882352941177,0.05120421123204055,104163005696907.33,52.25324698599022,0.10867830145189603,639.1205663776075,30292960.52715669,42.082094741816476,0.31687948062451676
1.27,schechter,-4,3254854542524.287,0.003254854542524287,51,10,0.19607843137254902,0.05028534736353174,107718807076706.53,179.66940225365923,0.10943805078320944,642.4618420610938,29993636.532022804,42.17691473904011,0.41585898203425364
1.28,schechter,-4,3362683282508.748,0.003362683282508748,73,10,0.136986301369863,0.049387329695124715,163687987710247.16,108.96261496917593,0.11018893604823399,645.7537029610205,29698207.62734887,42.26346788380017,0.2859287427995279
1.29,schechter,-4,3473354985924.8896,0.0034733549859248896,74,10,0.13513513513513514,0.048509582163407616,71356048840037.34,105.07052262080114,0.11093071696056572,648.9965298244824,29406613.407992665,42.341788878363246,0.27756520088386766
1.3,schechter,-4,3586925928878.3374,0.0035869259288783375,81,10,0.12345679012345678,0.047651531266271085,84093517375721.9,101.20267221233658,0.11166315676789583,652.1907080093702,29118794.50790167,42.41191629756562,0.24950527845875559
1.31,schechter,-4,3703453141704.369,0.003703453141704369,59,10,0.1694915254237288,0.04681254572702431,105397437731002.28,51.535723720750106,0.11238602246931209,655.3366271024756,28834692.581594545,42.473892535893064,0.3370018706002052
1.32,schechter,-4,3822994414394.3696,0.0038229944143943696,56,10,0.17857142857142858,0.04599218388824311,209922485848120.94,184.6311022752477,0.11309908502972522,658.4346805509815,28554250.285959702,42.527763752043136,0.3492758447928085
1.33,schechter,-4,3945608302028.942,0.0039456083020289415,69,10,0.14492753623188406,0.04518980952552054,91850745472282.31,132.85435279619222,0.11380211959101888,661.4852653119581,28277411.26235228,42.57357981125274,0.2788249221000084
1.34,schechter,-4,4071354130217.7134,0.0040713541302177135,87,10,0.11494252873563218,0.04440504544553214,240881363048863.0,30.689964407737186,0.11449490567952506,664.4887815123828,28004120.11900111,42.611394224938664,0.2174897582822859
1.35,schechter,-4,4200292000545.789,0.004200292000545789,110,10,0.09090909090909091,0.043637305686527905,60061225916355.27,62.795385889755174,0.11517722740943068,667.4456321257715,27734322.413720313,42.641264088061746,0.16915907962461044
1.36,schechter,-4,4332482796026.798,0.004332482796026798,76,10,0.13157894736842105,0.04288613564750565,375473804623845.6,129.2845682587012,0.11584887368172872,670.3562226599903,27467964.636896268,42.663250013850906,0.2407449904286128
1.37,schechter,-4,4467988186562.543,0.004467988186562543,38,10,0.2631578947368421,0.04215109271655659,62106845108618.7,58.12320422184397,0.11650963837833293,673.2209608596778,27204994.194798715,42.67741606621999,0.47339466355534227
1.3800000000000001,schechter,-4,4606870634409.09,0.00460687063440909,89,10,0.11235955056179775,0.04143176126085002,157996427300195.72,220.76718865903868,0.1171593205509839,676.040256419336,26945359.393152125,42.68382968957387,0.19870407206710183
1.3900000000000001,schechter,-4,4749193399649.458,0.004749193399649458,53,10,0.18867924528301888,0.04072768919670999,220024900760808.72,142.65686858534127,0.11779772460458442,678.8145207101172,26689009.4209975,42.68256163629549,0.3279928498948038
1.4000000000000001,schechter,-4,4895020545672.663,0.004895020545672663,74,10,0.13513513513513514,0.040038462269065045,160081550686889.28,64.42000395198988,0.11842466047461185,681.544166516963,26435894.334847275,42.67368589176723,0.23089037330533183
1.4100000000000001,schechter,-4,5044416944659.199,0.005044416944659199,120,10,0.08333333333333333,0.03936370812087853,44304492478953.73,38.544201372837634,0.1190399437982678,684.2296077878614,26185965.04308979,42.65727959703745,0.1399290586073741
1.42,schechter,-4,5197448283072.957,0.005197448283072957,72,10,0.1388888888888889,0.038703027994642536,60601256347960.89,55.93449995047996,0.1196433960790384,686.8712593934863,25939173.29070372,42.63342296919496,0.22917257815058178
1.43,schechter,-4,5354181067159.35,0.00535418106715935,50,10,0.2,0.03805603729096352,77483172367985.81,43.52420573482891,0.12023484484435139,689.4695368975586,25695471.644191947,42.602199219409364,0.32425417643418
1.44,schechter,-4,5514682628449.837,0.005514682628449837,82,10,0.12195121951219512,0.0374223647716857,121469445379090.38,78.03039538217516,0.12081412379603326,692.0248563371289,25454813.47682177,42.56369446881846,0.1942480610295982
1.45,schechter,-4,5679021129272.695,0.005679021129272695,86,10,0.11627906976744186,0.036801704551993275,263733619239519.8,43.01029234047924,0.12138107295328354,694.5376340131836,25217152.95410143,42.51799766226987,0.1819459055940926
1.46,schechter,-4,5847265568269.891,0.00584726556826989,64,10,0.15625,0.03619369561455499,206650651783031.03,166.83042948876817,0.12193553878790152,697.0082862899415,24982445.019521292,42.46520047996633,0.24015195943483683
1.47,schechter,-4,6019485785920.396,0.006019485785920396,108,10,0.09259259259259259,0.03559799750947157,95450889220447.28,108.227236892785,0.12247737435151856,699.4372294043652,24750645.38054905,42.40539724720087,0.1397728912587045
1.48,schechter,-4,6195752470069.349,0.006195752470069349,112,10,0.08928571428571429,0.03501432672048077,97892089595396.6,62.44032336978738,0.12300643939460665,701.8248792825976,24521710.494854964,42.338684842056274,0.13236254856921653
1.49,schechter,-4,6376137161463.52,0.006376137161463519,102,10,0.09803921568627451,0.034442354256573826,100888485811240.08,91.55504471257177,0.12352260047705375,704.1716513681836,24295597.556820426,42.265162601577785,0.14271683363090565
1.5,schechter,-4,6560712259292.777,0.006560712259292777,92,10,0.10869565217391304,0.03388176192145076,85620544225011.36,31.054384400798124,0.1240257310701164,706.4779604544726,24072264.484238382,42.184932225928925,0.1553586772121152
1.51,schechter,-4,6749551026737.617,0.006749551026737617,128,10,0.078125,0.033332332731735304,95977340111149.34,85.72135058918316,0.12451571164958056,708.7442205280079,23851669.90529175,42.098097681224544,0.10962717181903679
1.52,schechter,-4,6942727596522.72,0.006942727596522719,62,10,0.16129032258064516,0.03279372969382799,232423010394662.56,53.3195859238549,0.12499242977998155,710.9708446193946,23633773.145745885,42.00476510085487,0.22217627622099578
1.53,schechter,-4,7140316976476.371,0.007140316976476371,112,10,0.08928571428571429,0.032265688687421745,132334855582376.92,135.14034325054146,0.12545578018975678,713.1582446580469,23418534.21637197,41.905042685260725,0.120722773367477
1.54,schechter,-4,7342395055095.9,0.007342395055095901,85,10,0.11764705882352941,0.031747953572303644,204800568881013.8,49.97384319099943,0.12590566483722512,715.3068313394141,23205913.800602216,41.79904060081874,0.15612164710136806
1.55,schechter,-4,7549038607119.01,0.00754903860711901,140,10,0.07142857142857142,0.03124027380997918,389824856719309.6,174.99413973703787,0.12634199296731044,717.4170139952735,22995873.24240182,41.68687087740147,0.09302209003509063
1.56,schechter,-4,7760325299100.988,0.007760325299100988,95,10,0.10526315789473684,0.030742404401722934,103009172341243.19,36.99497960007828,0.12676468115894596,719.4892004707422,22788374.534365553,41.56864730499923,0.13451791219819753
1.57,schechter,-4,7976333694997.582,0.007976333694997582,78,10,0.1282051282051282,0.03025410582452792,75353445008734.83,25.801658988832365,0.12717365336312167,721.5237970103125,22583380.306024913,41.444485329667614,0.16075203141113575
1.58,schechter,-4,8197143261753.902,0.008197143261753902,78,10,0.1282051282051282,0.02977514396510461,253508997054943.8,61.69296814516355,0.1275688409315561,723.5212081469141,22380853.81236754,41.31450194861355,0.15771092863673888
1.59,schechter,-4,8422834374898.887,0.008422834374898887,68,10,0.14705882352941177,0.029305290052088817,289018308895901.44,33.150164273251846,0.12795018263599814,725.4818365982129,22180758.922575094,41.178815604838775,0.17746428460312963
1.6,schechter,-4,8653488324145.661,0.00865348832414566,72,10,0.1388888888888889,0.028844320586602024,238251042430575.94,34.375979211969565,0.12831762467818383,727.4060831701074,21983060.10894857,41.037546081440404,0.1644027965639612
1.61,schechter,-4,8889187318997.371,0.008889187318997372,111,10,0.09009009009009009,0.028392037767376754,162825529473040.0,49.62497678414203,0.12867112069049735,729.2943466614942,21787722.43604854,40.89081439544632,0.10459221141029773
1.62,schechter,-4,9130014494358.86,0.00913001449435886,78,10,0.1282051282051282,0.02794824929946893,157626124011225.7,110.91015952957704,0.12901063172740435,731.1470237801367,21594711.550035674,40.73874269188058,0.14597135088456364
1.6300000000000001,schechter,-4,9376053916153.916,0.009376053916153915,89,10,0.11235955056179775,0.027512713398851862,259083573052642.9,107.60311975188594,0.1293361262477481,732.964509056914,21403993.66818979,40.58145413746291,0.12545010303288406
1.6400000000000001,schechter,-4,9627390586948.057,0.009627390586948057,93,10,0.10752688172043011,0.0270852708523468,214069701504747.44,139.09687347087655,0.12964758008801838,734.7471947713282,21215535.568644308,40.41907281489956,0.11771629406368622
1.6500000000000001,schechter,-4,9884110451576.908,0.009884110451576908,86,10,0.11627906976744186,0.02666572059407868,561287349116785.6,59.414231706566554,0.12994497642672279,736.4954708775,21029304.58028762,40.25172361723229,0.12480711807060396
1.6600000000000001,schechter,-4,10146300402780.1,0.0101463004027801,130,10,0.07692307692307693,0.026253877088940558,148748280452765.53,95.56249307381839,0.13022830574001035,738.2097249354688,20845268.57286173,40.07953214273549,0.08094177774289384
1.6700000000000002,schechter,-4,10414048286840.682,0.010414048286840682,84,10,0.11904761904761904,0.025849564162836125,359039233514913.7,63.892534469939186,0.13049756574871402,739.8903420478027,20663395.94724198,39.90262459048822,0.12279350650206998
1.68,schechter,-4,10687442909229.979,0.010687442909229978,95,10,0.10526315789473684,0.02545262273889637,129256113096533.66,27.999269136407996,0.13075276135699798,741.5377048000781,20483655.625891827,39.72112765668678,0.10642177652728331
1.69,schechter,-4,10966574040257.82,0.010966574040257821,100,10,0.1,0.025062851288276677,120537524563117.0,21.085983552723757,0.13099390458281196,743.1521932044727,20306017.043500546,39.53516843182764,0.09908640470638669
1.7,schechter,-4,11251532420728.29,0.011251532420728289,66,10,0.15151515151515152,0.02468012400323416,199415183840820.5,62.69726563093853,0.13122101448037002,744.7341846474804,20130450.13778125,39.34487429892322,0.14712672372561908
1.71,schechter,-4,11542409767600.668,0.011542409767600669,99,10,0.10101010101010101,0.02430427125826229,256925234803761.9,67.33683088331703,0.13143411705488842,746.2840538430664,19956925.34045368,39.15037283301429,0.09611326072683656
1.72,schechter,-4,11839298779655.938,0.011839298779655937,135,10,0.07407407407407407,0.02393512489883942,261399012864503.34,30.566663415880953,0.13163324516982902,747.8021727852637,19785413.568385925,38.9517917017551,0.06906044440111742
1.73,schechter,-4,12142293143168.395,0.012142293143168394,85,10,0.11764705882352941,0.023572539407585746,349344157788144.3,44.20009081630106,0.1318184384469108,749.2889107097168,19615886.214899182,38.749258567721206,0.1074609911296868
1.74,schechter,-4,12451487537582.592,0.012451487537582592,79,10,0.12658227848101267,0.023216372092900395,112926479037518.55,29.425643723755048,0.13198974315916043,750.7446340531739,19448315.141239457,38.54290099200271,0.11326915581900693
1.75,schechter,-4,12766977641195.56,0.01276697764119556,73,10,0.136986301369863,0.022866483062556564,183064687665799.44,29.323290744269002,0.13214721211728916,752.1697064194532,19282672.668198943,38.3328463396281,0.12007361391297112
1.76,schechter,-4,13088860136844.244,0.013088860136844243,103,10,0.0970873786407767,0.022522735196370713,100609331412901.95,35.98299853252221,0.13229090454968861,753.5644885463574,19118931.567901675,38.119221686683524,0.08335428504280824
1.77,schechter,-4,13417232717598.139,0.013417232717598138,46,10,0.21739130434782608,0.022184994117996237,209467167582198.03,71.0039050337908,0.13242088597635046,754.9293382784473,18957065.055737577,37.902153729467706,0.1827954472929631
1.78,schechter,-4,13752194092456.938,0.013752194092456937,64,10,0.15625,0.02185312816591045,241916173231336.2,59.41482200316648,0.1325372280770222,756.2646105376856,18797046.782446537,37.681768695393714,0.12866633137791111
1.79,schechter,-4,14093843992053.49,0.01409384399205349,90,10,0.1111111111111111,0.021527008363640965,322941371089184.6,90.26170923464011,0.13264000855391733,757.5706573020312,18638850.826349083,37.45819225624989,0.08959586866524027
1.8,schechter,-4,14442283174361.81,0.01444228317436181,60,10,0.16666666666666666,0.021206508389288614,521792526192459.6,54.24457213564398,0.1327293109893057,758.8478275823926,18482451.68572671,37.23154944344351,0.1315918609364331
1.81,schechter,-4,14797613430410.086,0.014797613430410085,105,10,0.09523809523809523,0.02089150454439992,114737911512004.6,32.55878322546665,0.13280522469831382,760.0964674039258,18327824.271332726,37.001964565587144,0.07362159151177987
1.82,schechter,-4,15159937589998.805,0.015159937589998805,83,10,0.12048192771084337,0.02058187572224146,374863054747610.7,77.72406227552698,0.132867844577269,761.316919790166,18174943.89906127,36.76956112849455,0.09117910090458256
1.83,schechter,-4,15529359527423.838,0.015529359527423839,87,10,0.11494252873563218,0.02027753785149733,354757727364482.94,120.58256413987954,0.13291727094792347,762.5095247478125,18023786.282729935,36.53446175747368,0.08515275070933956
1.84,schechter,-4,15905984167204.48,0.01590598416720448,124,10,0.08064516129032258,0.019978352739254412,338450183128043.8,57.764358900912,0.13295360939789763,763.6746192533008,17874327.527015675,36.29678812213141,0.0584798416456388
1.85,schechter,-4,16289917489816.719,0.01628991748981672,128,10,0.078125,0.019684199070769015,169269356405561.5,49.39653347032042,0.13297697061768127,764.8125372450977,17726544.12051855,36.05666086389543,0.055448944552509684
1.86,schechter,-4,16681266537430.945,0.016681266537430944,191,10,0.05235602094240838,0.01939501402275523,147050726317217.06,23.11785676449445,0.1329874702345315,765.9236096119629,17580412.92894541,35.81419952583407,0.03636737706896887
1.87,schechter,-4,17080139419654.95,0.01708013941965495,145,10,0.06896551724137931,0.01911065323590233,259107866891124.44,68.96077398898726,0.13298522864360543,767.008164188584,17435911.18843124,35.569522485412314,0.04687977999898935
1.8800000000000001,schechter,-4,17486645319281.83,0.01748664531928183,131,10,0.07633587786259542,0.018831039916787917,454587177936279.8,76.9854423364586,0.13297037083666333,768.0665257499512,17293016.49898085,35.32274688978709,0.050775882187189085
1.8900000000000001,schechter,-4,17900894498042.414,0.017900894498042413,106,10,0.09433962264150944,0.018556062485558855,442497054074649.4,35.60705898867451,0.13294302622867502,769.0990160070313,17151706.818034906,35.07398859381863,0.061399539996667654
1.9000000000000001,schechter,-4,18322998302362.73,0.018322998302362732,63,10,0.15873015873015872,0.01828564114550313,420597728904176.3,35.99856391879867,0.13290332848265865,770.1059536072754,17011960.454154097,34.82336210098348,0.10107420680293615
1.9100000000000001,schechter,-4,18753069169126.31,0.018753069169126307,102,10,0.09803921568627451,0.018019653477102104,289453941228960.3,20.429677332425833,0.13285141533307546,771.0876541326074,16873756.06082675,34.57098050689238,0.06107422442135808
1.9200000000000002,schechter,-4,19191220631441.215,0.019191220631441214,140,10,0.07142857142857142,0.017758058224047635,198339754812254.8,33.685721367301554,0.13278742840810062,772.0444301010059,16737072.630372385,34.31695544566433,0.04352874949115397
1.93,schechter,-4,19637567324411.715,0.019637567324411714,132,10,0.07575757575757576,0.017500722189280893,231936142575233.84,20.06087265085341,0.13271151305108214,772.9765909698242,16601889.488000676,34.0613970392091,0.045159018709241903
1.94,schechter,-4,20092224990914.883,0.020092224990914884,110,10,0.09090909090909091,0.01724756430415819,524395764785325.2,26.320287161769066,0.1326238181414942,773.884443139043,16468186.28592861,33.804413849152155,0.05300398196614796
1.95,schechter,-4,20555310487381.633,0.020555310487381632,48,10,0.20833333333333334,0.016998532351999884,283040510533715.3,79.51030334630903,0.13252449591568408,774.7682899569336,16335942.997650843,33.546112831714,0.11879889255286018
1.96,schechter,-4,21026941789582.566,0.021026941789582566,117,10,0.08547008547008547,0.016753518653653376,254250044983326.0,28.502646030037745,0.13241370178770218,775.6284317265234,16205139.912292665,33.286599295327754,0.04766390275307341
1.97,schechter,-4,21507237998418.7,0.0215072379984187,129,10,0.07751937984496124,0.01651244287478404,263469164584733.75,48.27428029961184,0.13229159417049882,776.4651657115235,16075757.62908553,33.02597686101678,0.04227438420941698
1.98,schechter,-4,21996319345716.324,0.021996319345716324,114,10,0.08771929824561403,0.01627522945648796,188113874765631.97,37.74965103637618,0.13215833429775978,777.2787861481055,15947777.051919853,32.7643474257025,0.04677607652152621
1.99,schechter,-4,22494307200026.78,0.02249430720002678,71,10,0.14084507042253522,0.016041804140512483,310182355500363.6,25.339275788493776,0.1320140860466449,778.0695842505469,15821179.384035045,32.50181112803752,0.0734348856799869
2.0,schechter,-4,23001324072430.79,0.02300132407243079,87,10,0.11494252873563218,0.01581209395866634,257013886391055.44,60.60569564232361,0.13185901576168338,778.8378482251758,15695946.122775251,32.238466317213195,0.05859283430931897
2.01,schechter,-4,23517493622347.324,0.023517493622347323,98,10,0.10204081632653061,0.01558602722188307,350923065595925.8,39.202150088358486,0.13169329208006922,779.5838632789844,15572059.054465903,31.974409524251666,0.05085245073965548
2.02,schechter,-4,24042940663346.9,0.024042940663346897,87,10,0.11494252873563218,0.015363533508962246,378980307707363.4,79.1764568924529,0.13151708575859106,780.3079116350976,15449500.249373306,31.709735436187163,0.05599696355565391
2.03,schechter,-4,24577791168969.43,0.02457779116896943,115,10,0.08695652173913043,0.015144543655005616,412335662540560.6,29.23611988106486,0.13133056950241706,781.0102725418554,15328252.056764135,31.444536872588696,0.0414098401198568
2.04,schechter,-4,25122172278546.645,0.025122172278546646,74,10,0.13513513513513514,0.014928989739563137,266932158502181.2,58.20748706449763,0.13113391779594796,781.6912222901954,15208297.100052891,31.178904764966997,0.06290129044959575
2.05,schechter,-4,25676212303028.79,0.02567621230302879,115,10,0.08695652173913043,0.014716805074511008,297304565383087.4,28.130813193198158,0.13092730673593825,782.3510342267969,15089618.27204791,30.912928138530933,0.0395599597997501
2.0599999999999996,schechter,-4,26240040730815.965,0.026240040730815966,57,10,0.17543859649122806,0.014507924191676569,327372223320287.0,41.99003019097881,0.1307109138670736,782.9899787690039,14972198.730271557,30.646694096446886,0.07800349380293915
2.07,schechter,-4,26813788233593.742,0.026813788233593743,67,10,0.14925373134328357,0.01430228283022672,237163324332921.8,31.444120092368138,0.1304849180201844,783.6083234210938,14856021.89238433,30.380287806594858,0.06485186099606086
2.0799999999999996,schechter,-4,27397586672173.1,0.0273975866721731,143,10,0.06993006993006994,0.014099817923837743,569935891708911.2,79.61579033678936,0.1302494991532604,784.2063327908594,14741071.431683572,30.113792490668217,0.029692237140884904
2.09,schechter,-4,27991569102334.965,0.027991569102334964,78,10,0.1282051282051282,0.013900473173675265,257880990167392.6,34.39465966281695,0.13000483819542183,784.7842686072852,14627331.272682121,29.84728941560487,0.05319121100365861
2.0999999999999996,schechter,-4,28595869780678.816,0.028595869780678816,106,10,0.09433962264150944,0.013704205563826233,264501864289152.5,33.093699839719946,0.12975111689399202,785.3423897363476,14514785.586787315,29.580857887222145,0.03824359973970027
2.11,schechter,-4,29210624170475.918,0.02921062417047592,101,10,0.09900990099009901,0.013510934956190046,179644012145212.66,16.4785591503503,0.12948851766480282,785.8809522012891,14403418.788036415,29.3145752461497,0.039214586081095786
2.1199999999999997,schechter,-4,29835968947526.434,0.029835968947526433,149,10,0.06711409395973154,0.013320602791376701,152900893912421.66,21.010571012161172,0.1292172234458553,786.4002091994727,14293215.5289337,29.04851686579072,0.025969379519986915
2.13,schechter,-4,30472042006021.35,0.03047204200602135,86,10,0.11627906976744186,0.01313318562521304,328834067938493.3,38.20096335517301,0.12893741755444604,786.9004111226562,14184160.69634576,28.78275615242017,0.04395456736685776
2.1399999999999997,schechter,-4,31118982464408.176,0.031118982464408175,182,10,0.054945054945054944,0.012948599396173543,422346234244152.44,32.458083625576556,0.12864928354785926,787.3818055749024,14076239.407488255,28.517364547206903,0.02028900710749583
2.15,schechter,-4,31776930671261.07,0.03177693067126107,142,10,0.07042253521126761,0.012766800705705128,331656165398457.5,37.68717134140246,0.12835300508771263,787.8446373940235,13969437.005973084,28.25241153024937,0.02540090897621545
2.1599999999999997,schechter,-4,32446028211155.438,0.032446028211155435,178,10,0.056179775280898875,0.012587749327715003,165511226068273.2,25.920125756672924,0.12804876580803742,788.2891486704883,13863739.057946578,27.987964626397304,0.019792442860114827
2.17,schechter,-4,33126417910546.04,0.03312641791054604,76,10,0.13157894736842105,0.012411374809184528,219835322826762.56,25.478026196818906,0.12773674918715994,788.715578768711,13759131.34827611,27.724089412885508,0.0452755348614035
2.1799999999999997,schechter,-4,33818243843650.16,0.03381824384365016,77,10,0.12987012987012986,0.012237654368330464,177357794347477.06,27.411410988964292,0.1274171384234439,789.1241643461914,13655599.876833957,27.460849528647714,0.04364368638861315
2.19,schechter,-4,34521651338334.24,0.034521651338334236,34,10,0.29411764705882354,0.012066515833289215,512784901768470.4,17.424456327698618,0.12709011631494216,789.5151393774023,13553130.854817575,27.198306685362635,0.09652611713458358
2.1999999999999997,schechter,-4,35236786982004.72,0.03523678698200472,98,10,0.10204081632653061,0.011897929454472544,321657363613273.1,34.5470155685402,0.12675586514299808,789.8887351718555,13451710.70117912,26.93652067993852,0.032702941101923406
2.21,schechter,-4,35963798627503.63,0.03596379862750363,171,10,0.05847953216374269,0.011731844735900276,449256557401756.5,42.086269553513496,0.12641456655982633,790.2451803976368,13351326.039074074,26.675549408581762,0.01830136864949226
2.2199999999999998,schechter,-4,36702835399007.234,0.03670283539900723,97,10,0.10309278350515463,0.011568203488515394,475654421629552.0,37.44894110620168,0.1260664014800965,790.5847011024805,13251963.692418212,26.415448882282128,0.03150301937223878
2.23,schechter,-4,37454047697929.79,0.03745404769792979,96,10,0.10416666666666667,0.01140699529906175,294452238634401.94,33.396574653966034,0.1257115499765309,790.9075207355078,13153610.682476113,26.156273243601166,0.031079633951118037
2.2399999999999998,schechter,-4,38217587208830.51,0.038217587208830506,103,10,0.0970873786407767,0.011248148583134943,497178802242382.8,28.333589743572123,0.12535019117952442,791.2138601692187,13056254.22453316,25.89807478478521,0.02828207700935966
2.25,schechter,-4,38993606905325.21,0.03899360690532521,77,10,0.12987012987012986,0.011091623347340596,236102906830885.7,24.963628730735632,0.12498250318078254,791.5039377224805,12959881.724614153,25.640903967084633,0.036934967414056365
2.26,schechter,-4,39782261056001.39,0.03978226105600139,89,10,0.11235955056179775,0.010937393933296069,329247190285529.4,36.6163287154731,0.12460866294096873,791.7779691810157,12864480.776277887,25.38480944115674,0.03119591694152635
2.27,schechter,-4,40583705230338.01,0.04058370523033801,133,10,0.07518796992481203,0.010785416295576389,306540640895525.1,31.621568687819035,0.12422884620134438,792.0361678225,12770039.157449897,25.129838068642155,0.02037862894817511
2.28,schechter,-4,41398096304628.33,0.041398096304628325,69,10,0.14492753623188406,0.010635643783803217,553986954211342.2,30.582687565450794,0.12384322739937846,792.2787444363868,12676544.827336488,24.876034944613796,0.038343861800630916
2.29,schechter,-4,42225592467907.73,0.042225592467907726,162,10,0.06172839506172839,0.010488039758923429,394749058977137.1,47.012502882328874,0.12345197958829715,792.5059073482422,12583985.923375618,24.62344342106235,0.015941460098870583
2.3,schechter,-4,43066353227884.5,0.0430663532278845,120,10,0.08333333333333333,0.010342568126255669,412845036538181.75,28.243571982214103,0.12305527436053831,792.717862440957,12492350.758259717,24.37210513117883,0.021005846474956867
2.31,schechter,-4,43920539416875.29,0.043920539416875286,133,10,0.07518796992481203,0.010199193331876577,307206161274153.75,24.399045524254255,0.12265328177506969,792.9148131803906,12401627.816991834,24.122060014533336,0.018498161928673307
2.32,schechter,-4,44788313197744.164,0.044788313197744165,111,10,0.09009009009009009,0.010057882794172635,176006327605210.72,16.45006637315106,0.12224617028852493,793.0969606337305,12311805.754026573,23.873346342827016,0.021632010758634596
2.3299999999999996,schechter,-4,45669838069845.414,0.04566983806984541,142,10,0.07042253521126761,0.009918601546474282,360535397461160.8,26.193159804566413,0.12183410669010708,793.2645034958985,12222873.3904306,23.62600074650336,0.016502597714174
2.34,schechter,-4,46565278874970.4,0.046565278874970396,109,10,0.09174311926605505,0.009781311377084156,236534887518369.1,25.176139787639933,0.12141725604020252,793.4176381112305,12134819.711121293,23.38005824188015,0.020980516484237845
2.3499999999999996,schechter,-4,47474801803298.26,0.04747480180329826,132,10,0.07575757575757576,0.00964597894035124,679161850327848.4,77.3679086853685,0.12099578161264772,793.556558495,12047633.862132035,23.13555225878943,0.016906443171339276
2.36,schechter,-4,48398574399350.41,0.04839857439935041,108,10,0.09259259259259259,0.009512571410046688,446216286326249.9,44.344779255722656,0.12056984484058411,793.6814563585938,11961305.147949908,22.89251466886899,0.02016358153177385
2.3699999999999997,schechter,-4,49336765567948.77,0.049336765567948776,117,10,0.08547008547008547,0.009381056475137872,338022378943894.4,38.012865687737666,0.12013960526583477,793.7925211297461,11875823.028886234,22.65097581412207,0.018161545583697536
2.38,schechter,-4,50289545580178.01,0.05028954558017801,75,10,0.13333333333333333,0.009251406498680836,358425486015575.4,25.173518626565578,0.11970522049173256,793.8899399775977,11791177.118503083,22.410964536024462,0.027644392393370992
2.3899999999999997,schechter,-4,51257086079351.06,0.05125708607935106,128,10,0.078125,0.009123590079443411,366263484727918.06,31.936628930067382,0.1192668461393275,793.9738978336328,11707357.181081956,22.172508204842085,0.0158041309292246
2.4,schechter,-4,52239560086979.26,0.052239560086979255,114,10,0.08771929824561403,0.008997574196977554,710963350626848.8,52.913014964749564,0.11882463580689664,794.0445774149414,11624353.129135568,21.935632749299046,0.017312937124514816
2.4099999999999997,schechter,-4,53237142008745.23,0.05323714200874523,147,10,0.06802721088435375,0.008873328482917775,234919547684798.25,21.07481442131809,0.11837874103268001,794.1021592473438,11542155.020976886,21.700362686504153,0.01309894192624513
2.42,schechter,-4,54250007640480.266,0.05425000764048027,110,10,0.09090909090909091,0.008750823063294,349137243840956.2,24.86037988390079,0.11792931126076286,794.1468216865039,11460753.05831884,21.466721151989912,0.017077407140921316
2.4299999999999997,schechter,-4,55278334174145.16,0.055278334174145155,101,10,0.09900990099009901,0.008630028553841984,481351940909724.7,21.476330162146688,0.1174764938100209,794.1787409423242,11380137.583922423,21.23472992999971,0.018144190656338665
2.44,schechter,-4,56322300203814.53,0.05632230020381453,134,10,0.07462686567164178,0.008510920430315316,474957417298671.8,44.73198234950918,0.11702043384604897,794.198091099961,11300299.079290532,21.00440948379413,0.013340810283756138
2.4499999999999997,schechter,-4,57382085731664.94,0.057382085731664936,239,10,0.04184100418410042,0.008393480451827973,387747323166429.9,22.712142084421384,0.11656127435598546,794.2050441419336,11221228.162397789,20.77577898604143,0.007296280116771428
2.46,schechter,-4,58457872173967.04,0.058457872173967036,119,10,0.08403361344537816,0.008277667524452914,718235637517780.6,29.222546981256805,0.11609915612615085,794.1997699711915,11142915.58546343,20.54885634926235,0.014293832005624962
2.4699999999999998,schechter,-4,59549842367080.664,0.05954984236708066,157,10,0.06369426751592357,0.008163454109293866,688824491452099.8,44.437678893825066,0.11563421772241134,794.1824364325391,11065352.232765501,20.323658256220444,0.01056759563742847
2.48,schechter,-4,60658180573454.28,0.06065818057345428,88,10,0.11363636363636363,0.008050829250960678,195501742076599.22,19.0341313567322,0.11516659547318477,794.1532093357422,10988529.118494129,20.100200190307113,0.018389009050260214
2.4899999999999998,schechter,-4,61783072487627.26,0.06178307248762726,79,10,0.12658227848101267,0.007939759090859644,464562259624988.0,27.526699633298847,0.11469642345499854,794.1122524752734,10912437.38464076,19.878496465752633,0.019978540889440607
2.5,schechter,-4,62924705242236.67,0.06292470524223667,73,10,0.136986301369863,0.007830209755851025,329594413390786.06,42.63776486528545,0.11422383348051643,794.0597276541797,10837068.298925612,19.65856025782838,0.021086390454360688
2.51,schechter,-4,64083267414026.83,0.06408326741402683,202,10,0.04950495049504951,0.00772217989911439,409717459945889.1,28.057222157443938,0.11374895508894493,793.9957947047852,10762413.25276639,19.440403632829497,0.007431796740797342
2.52,schechter,-4,65258949029862.76,0.06525894902986276,118,10,0.0847457627118644,0.007615624457734116,522643638827083.2,34.41390066947013,0.11327191553873434,793.9206115102344,10688463.759278566,19.224037577895547,0.012407038199544156
2.53,schechter,-4,66451941572747.414,0.06645194157274742,114,10,0.08771929824561403,0.00751052963624399,436272062138478.56,22.03645419398822,0.112792839802488,793.8343340258203,10615211.451314276,19.009472030628793,0.012523789741700769
2.54,schechter,-4,67662437987841.71,0.06766243798784172,71,10,0.14084507042253522,0.00740687319830835,393126517923705.3,39.763662108353195,0.11231185056399447,793.7371163005079,10542648.079530537,18.7967159084787,0.019609139616722122
2.55,schechter,-4,68890632688489.13,0.06889063268848913,113,10,0.08849557522123894,0.007304626632409494,981453990083690.0,25.897147964498735,0.11182906821729809,793.6291104980078,10470765.510502744,18.58577713788276,0.012014350678354506
2.56,schechter,-4,70136721562242.93,0.07013672156224293,140,10,0.07142857142857142,0.0072037771203868894,573431488906303.1,65.09427639129567,0.1113446108677235,793.5104669174805,10399555.724859066,18.376662683100736,0.009455813013256329
2.57,schechter,-4,71400901976896.95,0.07140090197689695,155,10,0.06451612903225806,0.00710429437393989,390214566553563.5,39.60040598551874,0.11085859433477233,793.3813340141602,10329010.815461004,18.169378574774747,0.00832778154753266
2.5799999999999996,schechter,-4,72683372786520.72,0.07268337278652072,83,10,0.12048192771084337,0.007006162477916078,526454101893898.1,36.96355439501947,0.11037113215680884,793.2418584210352,10259122.985599501,17.963929938167833,0.015163639986590937
2.59,schechter,-4,73984334337496.97,0.07398433433749697,128,10,0.078125,0.006909361428239058,644636777843153.1,43.5939935455385,0.10988233559745512,793.0921849688672,10189884.547240347,17.76032102106074,0.00958691226687972
2.5999999999999996,schechter,-4,75303988474562.8,0.0753039884745628,70,10,0.14285714285714285,0.006813860559475304,371063993660959.7,33.20230115239711,0.109392313653616,792.9324567058399,10121287.9192909,17.558555221272858,0.017091649557657185
2.61,schechter,-4,76642538546855.12,0.07664253854685513,95,10,0.10526315789473684,0.006719661365720442,666581775274137.5,41.3414393229229,0.108901173065055,792.7628149180274,10053325.625898778,17.358635113838183,0.012278331551168073
2.6199999999999997,schechter,-4,78000189413958.11,0.07800018941395812,101,10,0.09900990099009901,0.006626722554350484,395215676766419.3,32.368784658806625,0.1084090183254463,792.5833991515821,9985990.294780755,17.160562477838017,0.011259236278933646
2.63,schechter,-4,79377147451955.72,0.07937714745195572,185,10,0.05405405405405406,0.006535032679064523,379744290690806.44,22.677244552152434,0.10791595169482557,792.3943472285742,9919274.6555814,16.964338322701465,0.0059925678550032824
2.6399999999999997,schechter,-4,80773620559485.62,0.08077362055948563,104,10,0.09615384615384616,0.006444581644632907,379576814420326.1,24.16924630113456,0.10742207321336858,792.1957952710742,9853171.53826193,16.76996291428352,0.010391864921015978
2.65,schechter,-4,82189818163798.6,0.0821898181637986,98,10,0.10204081632653061,0.006355337458613164,295468596153567.56,23.337908768522755,0.10692748071642302,791.9878777177148,9787673.871516135,16.57743580036121,0.010750530480590869
2.6599999999999997,schechter,-4,83625951226819.52,0.08362595122681951,132,10,0.07575757575757576,0.006267283277889502,453543769744682.2,30.469600851792187,0.10643226985072582,791.7707273436914,9722774.681209411,16.38675583577224,0.007780336426393452
2.67,schechter,-4,85082232251212.81,0.08508223225121281,97,10,0.10309278350515463,0.006180415244428694,469259084442271.0,33.74146139927079,0.10593653409173551,791.5444752816602,9658467.088857314,16.197921207158156,0.010320606098636609
2.6799999999999997,schechter,-4,86558875286450.39,0.08655887528645038,157,10,0.06369426751592357,0.0060947048403670046,530267058252820.3,33.21475938707515,0.10544036476201399,791.3092510386524,9594744.310116976,16.01092945716017,0.006215406959320302
2.69,schechter,-4,88056095934884.19,0.08805609593488418,109,10,0.09174311926605505,0.006010133659233419,859836940271706.2,43.09771377376863,0.1049438510505919,791.06518251625,9531599.653310519,15.825777508245716,0.008726150283105208
2.6999999999999997,schechter,-4,89574111357819.88,0.08957411135781987,87,10,0.11494252873563218,0.005926685706252766,543418518399700.8,27.512330870240437,0.10444708003325524,790.8123960294922,9469026.51798176,15.642461686068042,0.010656086676485746
2.71,schechter,-4,91113140281596.73,0.09111314028159674,92,10,0.10869565217391304,0.005844345185406108,1185641834107779.8,51.35984174371059,0.10395013669369071,790.5510163239453,9407018.393461363,15.460977742304452,0.009821662046729131
2.7199999999999998,schechter,-4,92673403003667.55,0.09267340300366755,142,10,0.07042253521126761,0.0057631043061472376,418006157558425.94,18.276942595736973,0.10345310394543139,790.2811665964063,9345568.857473286,15.281320877133611,0.006201960996522986
2.73,schechter,-4,94255121398684.52,0.09425512139868451,165,10,0.06060606060606061,0.005682939085276284,632778836826338.4,25.57070101992971,0.10295606265454338,790.0029685108399,9284671.574754989,15.103485761137462,0.005201950882174662
2.7399999999999998,schechter,-4,95858518924587.08,0.09585851892458708,111,10,0.09009009009009009,0.005603833824716742,629268850976315.4,27.706082795810495,0.10245909166299956,789.7165422184765,9224320.295706078,14.927466556826985,0.0075361299106734255
2.75,schechter,-4,97483820628692.95,0.09748382062869296,139,10,0.07194244604316546,0.005525773551136703,430444061872438.8,18.82065538003625,0.10196226781268383,789.4220063741797,9164508.855059594,14.753256939627274,0.005864975323029958
2.76,schechter,-4,99131253153792.55,0.09913125315379255,152,10,0.06578947368421052,0.005448743483932872,383193342485127.7,19.332834195047912,0.10146566596997589,789.1194781550196,9105231.170576822,14.580850118438988,0.0052267968469109395
2.77,schechter,-4,100801044744247.34,0.10080104474424735,132,10,0.07575757575757576,0.0053727290340522815,390875223814956.5,19.967256128079107,0.10096935905086413,788.8090732775781,9046481.241760328,14.410238855701136,0.00586532641573135
2.78,schechter,-4,102493425252089.86,0.10249342525208986,115,10,0.08695652173913043,0.00529771580279248,597431113772494.2,18.386463130667817,0.1004734180465394,788.4909060148829,8988253.148596747,14.24141548699327,0.0065606062503980695
2.79,schechter,-4,104208626143128.38,0.10420862614312837,125,10,0.08,0.005223689580571289,659693050806842.2,25.174862660842166,0.09997791204942123,788.1650892151758,8930541.050315544,14.074371940196333,0.00588161200456708
2.8,schechter,-4,105946880503053.7,0.1059468805030537,88,10,0.11363636363636363,0.005150636345672033,1060284799423665.4,46.95073078615893,0.09948290827957305,787.8317343164648,8873339.184167327,13.909099754111166,0.00814099031012533
2.81,schechter,-4,107708423043550.23,0.10770842304355023,186,10,0.053763440860215055,0.005078542262968333,781831420729275.2,12.915984022520536,0.09898847211146117,787.4909513659961,8816641.86423281,13.74559009672015,0.003753094636324315
2.82,schechter,-4,109493490108408.47,0.10949349010840848,155,10,0.06451612903225806,0.005007393682621153,605990419040878.0,29.19459004342135,0.09849466710101733,787.1428490355469,8760443.480241075,13.58383378289776,0.004388361514210196
2.8299999999999996,schechter,-4,111302319679642.78,0.11130231967964278,145,10,0.06896551724137931,0.004937177138755411,714415998931433.9,23.61669996588722,0.09800155501296365,786.7875346370703,8704738.496411402,13.423821291679431,0.004570743696277091
2.84,schechter,-4,113135151383610.23,0.11313515138361023,174,10,0.05747126436781609,0.004867879348119719,774131587109829.9,24.707494260648264,0.09750919584836228,786.4251141416993,8649521.450322606,13.265542783149002,0.0037112104457292876
2.8499999999999996,schechter,-4,114992226497133.98,0.11499222649713399,163,10,0.06134969325153374,0.004799487208721809,1051986264818876.2,52.16869883182197,0.097017647872353,786.055692193457,8594786.951786837,13.108988114764745,0.003859903115098136
2.86,schechter,-4,116873787953629.12,0.11687378795362913,171,10,0.05847953216374269,0.0047319877984479675,371186071116634.75,19.77934891878448,0.09652696764204288,785.6793721264258,8540529.681758447,12.954146857327492,0.0035847289396594606
2.8699999999999997,schechter,-4,118780080349231.38,0.11878008034923138,195,10,0.05128205128205128,0.0046653713842130795,721163633824171.2,25.582555410819513,0.09603721003451575,785.2962559804101,8486744.391249523,12.801008310466866,0.003062638864652612
2.88,schechter,-4,120711349948930.14,0.12071134994893014,257,10,0.038910505836575876,0.004599627584058297,563426442831580.6,20.70485665623325,0.0955484282749277,784.9064445166016,8433425.9002663,12.649561517699219,0.002263940547978664
2.8899999999999997,schechter,-4,122667844692701.94,0.12266784469270194,187,10,0.053475935828877004,0.004534739564879597,1045900544913090.8,20.654774152252212,0.09506067396466021,784.5100372332422,8380569.09677265,12.49979528107224,0.0030311933804263945
2.9,schechter,-4,124649814201650.86,0.12464981420165086,168,10,0.05952380952380952,0.0044706950801687295,643282805099202.8,26.325996356058447,0.09457399710949974,784.1071323804883,8328168.935656688,12.351698175353462,0.0032869450157310596
2.9099999999999997,schechter,-4,126657509784147.56,0.12665750978414755,152,10,0.06578947368421052,0.00440748205667485,380470575688082.4,18.56045477605775,0.0940884461478178,783.697826975957,8276220.437724468,12.205258561829277,0.0035391090860749748
2.92,schechter,-4,128691184441975.4,0.12869118444197541,170,10,0.058823529411764705,0.004345091546029578,1020363957742688.4,47.57856584756056,0.09360406797872392,783.282216820293,8224718.688710108,12.060464601693482,0.0030825778107063137
2.9299999999999997,schechter,-4,130751092876475.97,0.13075109287647596,122,10,0.08196721311475409,0.004283518080282045,573458585846912.8,22.89344584133093,0.09312090799016796,782.860396510664,8173658.8382961275,11.917304268991344,0.004184261336430067
2.94,schechter,-4,132837491494700.62,0.13283749149470062,132,10,0.07575757575757576,0.004222741489579684,663116796399238.2,20.585834696865028,0.09263901008696694,782.4324594564063,8123036.099160874,11.775765363216504,0.003767122194758312
2.9499999999999997,schechter,-4,134950638415563.2,0.1349506384155632,120,10,0.08333333333333333,0.004162750351579425,566801614690452.5,18.90877055104773,0.09215841671873516,781.9984978941015,8072845.746031287,11.635835521492915,0.004036423200667916
2.96,schechter,-4,137090793475996.36,0.13709079347599637,76,10,0.13157894736842105,0.004103541954157741,491727012999818.7,16.09874846887607,0.09167916890769558,781.5586029001757,8023083.114753859,11.497502230340261,0.006207958259239929
2.9699999999999998,schechter,-4,139258218237110.05,0.13925821823711004,88,10,0.11363636363636363,0.004045103052281229,882780735099671.5,22.44232573328858,0.0912013062763538,781.1128644072461,7973743.601392691,11.360752837136186,0.005222206361103661
2.98,schechter,-4,141453175990355.1,0.1414531759903551,134,10,0.07462686567164178,0.003987416829559609,619465246747906.5,16.501382508107227,0.09072486707501438,780.661371215586,7924822.661321773,11.225574561106653,0.0033403764870472306
2.9899999999999998,schechter,-4,143675931763686.25,0.14367593176368626,141,10,0.07092198581560284,0.003930481894748872,458449241175637.1,20.716488214259822,0.09024988820912404,780.204211010293,7876315.808353685,11.091954504068736,0.0030919664082000265
3.0,schechter,-4,145926752327732.34,0.14592675232773233,159,10,0.06289308176100629,0.0038742856705803463,922077606183053.2,40.132204466345364,0.0897764052664229,779.7414703713672,7828218.613865179,10.95987966068999,0.0026705474667104542
3.01,schechter,-4,148205906201965.12,0.14820590620196514,101,10,0.09900990099009901,0.0038188106566889868,561709746928450.4,32.1786770746157,0.08930445254389056,779.2732347911328,7780526.705950752,10.829336928524931,0.004094572996784811
3.02,schechter,-4,150513663660874.25,0.15051366366087424,187,10,0.053475935828877004,0.0037640635179144732,653992242992808.1,24.01739184527387,0.08883406307447111,778.7995886838477,7733235.768582869,10.700313117589213,0.0021538319912395316
3.03,schechter,-4,152850296740143.97,0.15285029674014397,159,10,0.06289308176100629,0.0037100186169236604,542976049120332.3,21.595067640858453,0.08836526865356453,778.3206154020118,7686341.540784624,10.57279495969307,0.0024669978700237695
3.04,schechter,-4,155216079242832.0,0.155216079242832,163,10,0.06134969325153374,0.003656675699665435,577002313111778.5,22.857218121560543,0.08789809986527143,777.8363972473437,7639839.815826388,10.446769117388454,0.0023435856915073427
3.05,schechter,-4,157611286745552.2,0.1576112867455522,141,10,0.07092198581560284,0.0036040226619296067,378585357016617.6,15.103359111272619,0.08743258610838046,777.3470154858203,7593726.440420668,10.322222192632278,0.002638405865512018
3.06,schechter,-4,160036196604660.4,0.1600361966046604,91,10,0.10989010989010989,0.0035520492690643835,752616202443977.2,24.629121981895707,0.08696875562208634,776.8525503579297,7547997.313944066,10.199140735092383,0.003981082460787876
3.07,schechter,-4,162491087962441.56,0.16249108796244155,152,10,0.06578947368421052,0.0035007507917753644,567866989774071.8,19.165157520264863,0.08650663551143015,776.3530810942578,7502648.387664568,10.07751125021022,0.002320977334756485
3.08,schechter,-4,164976241753301.53,0.16497624175330153,165,10,0.06060606060606061,0.003450112985301179,921901126677530.4,20.885438492567644,0.08604625177245216,775.8486859249219,7457675.663981256,9.95732020688441,0.002082053317852953
3.09,schechter,-4,167491940709960.7,0.16749194070996068,188,10,0.05319148936170213,0.0034001327000264814,866191487928823.1,20.962913865506675,0.08558762931704852,775.3394420946094,7413075.195680463,9.838554044943367,0.0017793824111271143
3.0999999999999996,schechter,-4,170038469369650.4,0.17003846936965042,198,10,0.050505050505050504,0.003350797293583896,680587256090500.1,15.836818963817475,0.08513079199752545,774.8254258728906,7368843.085202581,9.721199182271205,0.0016451397934517341
3.11,schechter,-4,172616114080312.5,0.1726161140803125,126,10,0.07936507936507936,0.003302099753476506,650870098273432.2,28.095428502188078,0.08467576263084305,774.3067125685938,7324975.48391775,9.605242021705514,0.002517259310472695
3.1199999999999997,schechter,-4,175225163006801.22,0.17522516300680122,181,10,0.055248618784530384,0.0032540343044935582,798735496751709.6,28.096049748105862,0.08422256302254322,773.7833765376563,7281468.591418872,9.49066895759159,0.001706241014397522
3.13,schechter,-4,177865906137088.88,0.17786590613708889,165,10,0.06060606060606061,0.003206584971209181,638754860901297.2,20.77689022927718,0.08377121399035611,773.255491200039,7238318.654820386,9.37746638218027,0.001822402592067793
3.1399999999999997,schechter,-4,180538635288472.6,0.18053863528847258,217,10,0.04608294930875576,0.0031597577726980575,764208811486868.2,20.621078249772303,0.08332173538748046,772.7231290479688,7195521.968076602,9.265620691673014,0.0013491758985892056
3.15,schechter,-4,183243644113786.47,0.18324364411378646,182,10,0.054945054945054944,0.003113530410045251,496977475748042.5,15.248618268074773,0.08287414612553251,772.1863616569922,7153074.871296239,9.155118292035276,0.0015661944620776577
3.1599999999999997,schechter,-4,185981228107612.9,0.18598122810761292,156,10,0.0641025641025641,0.003067903075080758,819096204902013.2,25.069461451770167,0.08242846419716175,771.6452597007813,7110973.750088734,9.045945604639451,0.0017789797652235024
3.17,schechter,-4,188751684612500.2,0.1887516846125002,154,10,0.06493506493506493,0.003022868463274042,381317974957811.3,16.308535888070512,0.0819847066983287,771.0998929594141,7069215.034901877,8.93808907156921,0.001754458933531229
3.1799999999999997,schechter,-4,191555312825180.53,0.19155531282518054,139,10,0.07194244604316546,0.0029784124263990686,1066650910323432.6,17.580694779908516,0.0815428898502426,770.5503303306641,7027795.200383879,8.831535160749816,0.0018923707961839961
3.19,schechter,-4,194392413802791.6,0.1943924138027916,207,10,0.04830917874396135,0.002934535383511516,933815457495123.0,33.12489718271758,0.08110302902095701,769.9966398428907,6986710.76474544,8.726270370861029,0.0012370796700183501
3.1999999999999997,schechter,-4,197263290469101.56,0.19726329046910157,120,10,0.08333333333333333,0.0028912280911207455,585819147240496.2,22.721217536276328,0.08066513874662186,769.4388886634375,6945958.289138465,8.622281235990588,0.0020774151432532743
3.21,schechter,-4,200168247620734.62,0.20016824762073462,189,10,0.05291005291005291,0.00284847877002381,651561521805661.6,18.15513118358254,0.08022923275238983,768.8771431114453,6905534.377048772,8.519554330133559,0.001284008975632268
3.2199999999999998,schechter,-4,203107591933401.38,0.2031075919334014,183,10,0.0546448087431694,0.002806282956766104,939745977914638.2,31.147559205963557,0.07979532397297763,768.3114686675391,6865435.673682141,8.41807627143195,0.0012909018562446246
3.23,schechter,-4,206081631968131.8,0.2060816319681318,174,10,0.05747126436781609,0.0027646398427630947,777225493707318.0,25.280072317480276,0.07936342457287976,767.741929983164,6825658.865381889,8.317833726240664,0.0013215985359220433
3.2399999999999998,schechter,-4,209090678177508.34,0.20909067817750834,146,10,0.0684931506849315,0.0027235347444554137,704853015599885.8,16.937049779310883,0.07893354596623703,767.168590893711,6786200.679036681,8.218813413019587,0.001533166019764043
3.25,schechter,-4,212135042911905.88,0.21213504291190588,143,10,0.06993006993006994,0.0026829613780902095,566575264447167.2,14.790212026248179,0.07850569883635809,766.5915144252344,6747057.881511198,8.1210021059865,0.0015236597903322403
3.26,schechter,-4,215215040425730.4,0.21521504042573042,219,10,0.045662100456621,0.0026429137019331472,583322847526732.0,16.753411865148287,0.07807989315489611,766.0107628079297,6708227.279078383,8.024386638653969,0.0009683909313656549
3.27,schechter,-4,218330986883662.3,0.21833098688366231,163,10,0.06134969325153374,0.002603392414969874,1099142738423493.6,17.441256749059924,0.0776561382006801,765.4263974830078,6669705.71686476,7.928953907125751,0.0012663913165924497
3.28,schechter,-4,221483200366902.62,0.22148320036690264,99,10,0.10101010101010101,0.0025643837365926236,1491173676006790.8,23.836110809280495,0.07723444257820353,764.8384791154297,6631490.078299773,7.8346908732806115,0.0020294094804718644
3.29,schechter,-4,224672000879420.84,0.22467200087942085,143,10,0.06993006993006994,0.0025258816360160807,923104379212540.4,17.340110722119142,0.07681481423577075,764.2470676008985,6593577.284582875,7.741584567743005,0.0013674354051278004
3.3,schechter,-4,227897710354203.94,0.22789771035420395,197,10,0.050761421319796954,0.0024878801411062357,570942984286423.8,17.94467896164184,0.07639726048330328,763.652222077539,6555964.294144623,7.6496220927269,0.0009660580147950649
3.31,schechter,-4,231160652659514.78,0.23116065265951477,93,10,0.10752688172043011,0.002450373338160561,655229816948321.8,19.20327698720218,0.0759817880098082,763.0540009336328,6518648.1021335395,7.558790624706321,0.0019915977436041265
3.32,schechter,-4,234461153605141.47,0.23446115360514147,272,10,0.03676470588235294,0.0024133553716807477,1245010050089156.8,22.170582478637897,0.07556840290051019,762.4524618197265,6481625.739898744,7.469077416966816,0.0006627036068285379
3.33,schechter,-4,237799540948662.0,0.237799540948662,181,10,0.055248618784530384,0.002376824305719505,742116347871812.2,20.514260946697966,0.07515711065365033,761.8476616534766,6444894.2744803615,7.380469801941147,0.0009691756913194772
3.34,schechter,-4,241176144401701.62,0.24117614440170163,123,10,0.08130081300813008,0.0023407700907178697,786423195374517.0,14.105113921204275,0.07474791619695409,761.2396566332812,6408450.8081216905,7.292955193509312,0.0013878968609684675
3.3499999999999996,schechter,-4,244591295636198.56,0.24459129563619855,246,10,0.04065040650406504,0.0023051869694790117,786211041813780.2,18.78133429064053,0.0743408239037712,760.6285022445313,6372292.477769603,7.206521089069254,0.0006752999394226886
3.36,schechter,-4,248045328290669.6,0.24804532829066958,116,10,0.08620689655172414,0.002270069331237745,689414159225924.5,18.569028840938838,0.07393583760889016,760.0142532692578,6336416.454597149,7.121155071528505,0.0013935789423159474
3.3699999999999997,schechter,-4,251538577976478.88,0.2515385779764789,128,10,0.078125,0.0022354116220345555,586716637706146.1,14.565975808510496,0.07353296062403111,759.3969637956641,6300819.9435306,7.036844811165792,0.001228925365104185
3.38,schechter,-4,255071382284110.88,0.25507138228411086,226,10,0.04424778761061947,0.00220120834445503,981024334901270.6,19.06370594685273,0.07313219575301971,758.776687224922,6265500.18277916,6.953578067341205,0.0006772687639668558
3.3899999999999997,schechter,-4,258644080789441.3,0.2586440807894413,127,10,0.07874015748031496,0.002167454057363738,695268278260845.8,15.679608597264496,0.07273354530664589,758.1534762817969,6230454.443376221,6.871342690130782,0.001172702330178002
3.4,schechter,-4,262257015060017.2,0.2622570150600172,176,10,0.056818181818181816,0.0021341433756321138,965480002263022.0,22.59755740711367,0.07233701111721073,757.5273830224219,6195680.028727723,6.790126621822053,0.0008233581675945907
3.4099999999999997,schechter,-4,265910528661333.1,0.2659105286613331,145,10,0.06896551724137931,0.0021012709698624565,956670050250048.8,15.392541844636032,0.07194259455276497,756.8984588413282,6161174.274165404,6.709917898292875,0.0009723693579202292
3.42,schechter,-4,269604967163115.0,0.269604967163115,165,10,0.06060606060606061,0.0020688315661091528,685598517184647.6,16.128515902902215,0.07155029653104333,756.2667544823438,6126934.5465087,6.630704650322759,0.0008313824900687562
3.4299999999999997,schechter,-4,273340678145602.25,0.27334067814560226,191,10,0.05235602094240838,0.0020368199455912395,994949926809905.2,16.2476060406811,0.07116011753309788,755.632320044375,6092958.2436328735,6.552475104757236,0.0006987545542596641
3.44,schechter,-4,277118011205836.1,0.27711801120583607,237,10,0.04219409282700422,0.0020052309444056338,1081044906971368.4,19.30663293899393,0.07077205761663512,754.99520499,6059242.794044905,6.475217585602292,0.0005478610411143144
3.4499999999999997,schechter,-4,280937317963946.75,0.2809373179639468,156,10,0.0641025641025641,0.0019740594532333677,910420436989071.6,17.980304434384692,0.07038611642905952,754.3554581545312,6025785.656462501,6.398920515025661,0.0008097339444343162
3.46,schechter,-4,284798952069447.5,0.2847989520694475,259,10,0.03861003861003861,0.0019433004170427148,743279265915654.8,15.648184703201043,0.07000229322022894,753.7131277521485,5992584.319403749,6.323572414248033,0.0004744633555910428
3.4699999999999998,schechter,-4,288703269207524.7,0.2887032692075247,170,10,0.058823529411764705,0.0019129488347898738,844686916640527.8,14.853406197074861,0.06962058685492503,753.0682613866015,5959636.300782556,6.249161904386349,0.0007031957049064197
3.48,schechter,-4,292650627105339.2,0.2926506271053392,129,10,0.07751937984496124,0.0018829997591151004,1248799503425766.5,20.86615984609614,0.06924099582504298,752.4209060539844,5926939.147505195,6.1756777071423095,0.0009014573360404236
3.4899999999999998,schechter,-4,296641385538321.25,0.29664138553832126,134,10,0.07462686567164178,0.0018534482960353982,1128980139789597.5,18.691414167522016,0.06886351826150523,751.7711081550782,5894490.435082389,6.10310864550162,0.0008441639044420809
3.5,schechter,-4,300675906336473.75,0.30067590633647373,204,10,0.049019607843137254,0.0018242896046345436,929238433032035.2,17.82702555943197,0.06848815194590231,751.1189135002735,5862287.767236518,6.0314436442832315,0.000539367644176715
3.51,schechter,-4,304754553390675.44,0.3047545533906754,150,10,0.06666666666666667,0.0017955224712217221,1040795383334375.6,19.429858901646085,0.06811489432186627,750.4643673177344,5830328.775524363,5.96067173065249,0.0007135013357308412
3.52,schechter,-4,308877692658988.1,0.3088776926589881,142,10,0.07042253521126761,0.0017671389623762357,737722840721265.2,16.677768389999184,0.06774374250617998,749.8075142602344,5798611.1189587405,5.890782034545828,0.0007330866515571752
3.53,schechter,-4,313045692172963.4,0.31304569217296335,165,10,0.06060606060606061,0.0017391343089669942,1064288268382190.8,18.042086543039844,0.0673746932996273,749.1483984127734,5767132.483642135,5.821763789040786,0.0006136260087407587
3.54,schechter,-4,317258922043956.3,0.31725892204395634,208,10,0.04807692307692308,0.001711503867854347,917331754002160.6,14.73028230581123,0.06700774319758737,748.4870633000781,5735890.582397208,5.753606330651257,0.0004734288215875425
3.55,schechter,-4,321517754469435.75,0.32151775446943576,131,10,0.07633587786259542,0.0016842430475304537,1225992499616950.2,24.575844614831304,0.06664288840037871,747.8235518910546,5704883.154414197,5.686299099548973,0.0007310770782132852
3.56,schechter,-4,325822563739302.44,0.32582256373930246,197,10,0.050761421319796954,0.0016573473077958756,1055947417375597.2,22.930552059851575,0.06628012482335588,747.1579066101172,5674107.964892094,5.6198316397667885,0.00047279252986972425
3.57,schechter,-4,330173726242207.25,0.33017372624220725,313,10,0.03194888178913738,0.0016308158936705341,1474783580882592.8,22.941890704171453,0.06591944810676449,746.4901693398047,5643562.804696245,5.554193599289347,0.00028938872837840947
3.58,schechter,-4,334571620471869.94,0.33457162047186995,235,10,0.0425531914893617,0.001604642704647219,1071675945132940.0,22.087356645011926,0.06556085362535716,745.82038143,5613245.49001041,5.489374730129191,0.0003748291537777277
3.59,schechter,-4,339016627033405.0,0.339016627033405,242,10,0.04132231404958678,0.0015788215055320132,1082446780358062.2,17.62794928668505,0.0652043364977763,745.1485837039844,5583153.862002588,5.425364888335321,0.0003539538331017394
3.5999999999999996,schechter,-4,343509128649644.4,0.3435091286496444,180,10,0.05555555555555555,0.0015533479476029788,1216063388658159.2,13.957187628491454,0.06484989159570673,744.4748164646094,5553285.786493722,5.36215403395094,0.0004627383868538181
3.61,schechter,-4,348049510167466.4,0.3480495101674664,204,10,0.049019607843137254,0.0015282192381147475,1693205859768589.5,16.863420377715034,0.06449751355280299,743.7991195006641,5523639.15362708,5.2997322309212045,0.00039701729177208696
3.6199999999999997,schechter,-4,352638158564125.56,0.35263815856412556,319,10,0.03134796238244514,0.0015034350365232818,1095821096943698.2,16.540809007115797,0.06414719677339552,743.1215320948438,5494211.877547617,5.238089646972047,0.00024686920061779444
3.63,schechter,-4,357275462953585.9,0.35727546295358587,178,10,0.056179775280898875,0.001478985911575803,1002716454599240.8,19.00144101244699,0.06379893544097907,742.442093027539,5465001.896084231,5.177216553414028,0.00043017024402676316
3.6399999999999997,schechter,-4,361961814592853.2,0.3619618145928532,146,10,0.0684931506849315,0.0014548677018312306,1124108904904144.0,18.51803790319781,0.06345272352648877,741.7608405854297,5436007.170438018,5.117103324940615,0.0005099115311225548
3.65,schechter,-4,366697606888315.9,0.3666976068883159,240,10,0.041666666666666664,0.0014310807194966024,1062211247228258.8,17.75650153536123,0.0631085547963669,741.0778125660547,5407225.684871397,5.057740439355152,0.0003015847844574764
3.6599999999999997,schechter,-4,371483235402079.6,0.3714832354020796,149,10,0.06711409395973154,0.0014076199245155463,1205258599200513.5,17.60440677113557,0.06276642282042497,740.3930462851953,5378655.446409031,4.999118477287065,0.0004722724009156437
3.67,schechter,-4,376319097858314.0,0.376319097858314,201,10,0.04975124378109453,0.0013844779956876385,1000391609327561.4,18.1099676882263,0.062426320979504686,739.7065785820703,5350294.484533614,4.941228121848383,0.0003403493336503504
3.6799999999999997,schechter,-4,381205594149593.56,0.38120559414959354,119,10,0.08403361344537816,0.0013616542591177172,1083910379032593.2,23.86133922772698,0.06208824247294238,739.0184458239063,5322140.850894996,4.884060158261155,0.0005588572534691978
3.69,schechter,-4,386143126343243.3,0.3861431263432433,266,10,0.03759398496240601,0.001339146732135088,1254133422181938.5,18.46618554702728,0.06175218032584041,738.3286839161719,5294192.619019311,4.827605473486433,0.00024304030428033162
3.6999999999999997,schechter,-4,391132098687690.7,0.39113209868769067,142,10,0.07042253521126761,0.0013169463946386406,1116846353666638.6,14.729681081072481,0.061418127396149415,737.6373283027734,5266447.884021641,4.771855055755477,0.00044255474024051727
3.71,schechter,-4,396172917618813.1,0.3961729176188131,87,10,0.11494252873563218,0.0012950542139474885,766447009318351.5,12.799583499058198,0.06108607638156587,736.9444139761719,5238904.762326913,4.716799994141775,0.0007021277826161834
3.7199999999999998,schechter,-4,401265991766293.06,0.4012659917662931,165,10,0.06060606060606061,0.001273465920128225,793314270912073.0,14.594947916088993,0.06075601982624775,736.249975480625,5211561.39139034,4.6624314780562806,0.0003598453086204692
3.73,schechter,-4,406411731959972.1,0.4064117319599721,260,10,0.038461538461538464,0.0012521735057382521,915055959951272.2,15.176716524935426,0.06042795012735299,735.5540469182422,5184415.929424091,4.608740796737562,0.0002219593507880684
3.7399999999999998,schechter,-4,411610551236209.9,0.4116105512362099,393,10,0.02544529262086514,0.0012311819627981446,1234080904482438.5,19.442724978782657,0.060101859541404255,734.8566619557422,5157466.555130386,4.555719338723988,0.00014272059738950802
3.75,schechter,-4,416862864844242.94,0.41686286484424295,247,10,0.04048582995951417,0.0012104798800719463,1285948615444570.5,18.695990811732592,0.05977774019048319,734.1578538277344,5130711.467432381,4.503358591275685,0.0002206973671047919
3.76,schechter,-4,422169090252548.25,0.42216909025254823,122,10,0.08196721311475409,0.0011900674090640218,777643288740691.2,13.607046538029739,0.059455584068258405,733.4576553435547,5104148.885215932,4.45165013980361,0.0004342429301586535
3.77,schechter,-4,427529647155205.7,0.4275296471552057,192,10,0.052083333333333336,0.0011699416696882015,1137034955597862.5,15.202483110885208,0.05913538304585055,732.7560988923437,5077777.047071797,4.400585667264179,0.0002681473199565116
3.78,schechter,-4,432944957478266.3,0.43294495747826633,196,10,0.05102040816326531,0.0011500955976787575,1099921592220628.8,17.93697998182543,0.05881712887753789,732.0532164483203,5051594.211037625,4.35015695353269,0.0002552600184423256
3.79,schechter,-4,438415445386121.4,0.43841544538612137,239,10,0.04184100418410042,0.0011305324715054077,1073579649930222.0,18.24143353557982,0.05850081320630583,731.3490395753906,5025598.654353037,4.3003558747631345,0.00020341807344973915
3.8,schechter,-4,443941537287869.4,0.4439415372878694,205,10,0.04878048780487805,0.001111240317335338,1157032065097804.5,17.47100619740657,0.058186427569244414,730.6435994325,4999788.673212268,4.251174402730545,0.00023044275084576374
3.81,schechter,-4,449523661843696.94,0.44952366184369696,113,10,0.08849557522123894,0.001092226330464463,1191104912099858.5,16.508634610284744,0.05787396340279591,729.9369267781641,4974162.582516595,4.202604604149684,0.00040621198275959887
3.82,schechter,-4,455162249971246.5,0.4551622499712465,211,10,0.04739336492890995,0.0010734764479854997,1059100409155150.6,18.14821034746226,0.0575634120478575,729.2290519784766,4948718.7156405095,4.154638640007987,0.00021136998720090432
3.83,schechter,-4,460857734851999.06,0.46085773485199905,312,10,0.03205128205128205,0.0010549977369759267,1226578287312856.5,17.90206067655145,0.057254764754740534,728.5200050058203,4923455.424194368,4.107268764825415,0.00013888330936034368
3.84,schechter,-4,466610551937651.8,0.46661055193765183,335,10,0.029850746268656716,0.0010367771185623154,1573359826325349.2,21.618750412089714,0.056948012687991136,727.8098154511329,4898371.077789676,4.060487325979062,0.0001256662790981305
3.8499999999999996,schechter,-4,472421138956500.9,0.4724211389565009,263,10,0.03802281368821293,0.0010188216242779102,1404311621220446.2,19.64391102725196,0.056643146931074334,727.0985125217578,4873464.063811505,4.014286762937122,0.00015550730646893203
3.86,schechter,-4,478289935919825.4,0.4782899359198254,121,10,0.08264462809917356,0.0010011182453208978,1293038294882763.2,19.335135180262633,0.056340158490925135,726.3861250517188,4848732.787193777,3.9686596065520794,0.0003283551687262267
3.8699999999999997,schechter,-4,484217385128273.9,0.4842173851282739,185,10,0.05405405405405406,0.0009836733656980456,1707824174931296.0,18.059793758618554,0.05603903830236975,725.6726815026562,4824175.670194775,3.923598478289192,0.00020862374706953838
3.88,schechter,-4,490203931178253.06,0.49020393117825306,440,10,0.022727272727272728,0.0009664758852157007,1497186533731936.0,19.198279445416524,0.05573977723241955,724.9582099712891,4799791.152178878,3.87909608948468,8.520574606639704e-05
3.8899999999999997,schechter,-4,496250020968317.25,0.4962500209683173,239,10,0.04184100418410042,0.0009495287718391809,1149555665694899.5,16.225838040742993,0.05544236608444147,724.2427381905859,4775577.689400512,3.8351452405607325,0.00015236739540144402
3.9,schechter,-4,502356103705564.0,0.502356103705564,245,10,0.04081632653061224,0.0009328256577685323,1155917054639182.5,17.5229668230039,0.0551467956022065,723.5262935367188,4751533.754790982,3.791738820264305,0.00014436862282038893
3.9099999999999997,schechter,-4,508522630912024.6,0.5085226309120247,226,10,0.04424778761061947,0.0009163640876824752,1799752976203566.0,15.774936572475037,0.0548530564738208,722.8089030346094,4727657.837746424,3.748869804889678,0.00015200573710611102
3.92,schechter,-4,514750056431066.7,0.5147500564310666,327,10,0.03058103975535168,0.0009001439955071966,1330076524440952.8,16.56269218496805,0.054561139335540465,722.090593357461,4703948.4439248545,3.7065312574686504,0.00010203094359541727
3.9299999999999997,schechter,-4,521038836433788.9,0.5210388364337889,217,10,0.04608294930875576,0.0008841572225425365,1170536887862370.8,13.884576942115507,0.054271034775474035,721.3713908369922,4680404.095037893,3.6647163270048195,0.0001493172999581045
3.94,schechter,-4,527389429425425.56,0.5273894294254255,204,10,0.049019607843137254,0.0008684077615204178,1591267972168624.8,17.948505952652745,0.05398273333717482,720.6513214636328,4657023.328652699,3.6234182476566734,0.00015424532007351797
3.9499999999999997,schechter,-4,533802296251748.06,0.533802296251748,295,10,0.03389830508474576,0.0008528876060827084,1668775705158573.5,19.32955352497252,0.053696225523125696,719.9304108922656,4633804.697992794,3.5826303379424247,0.00010357901736972879
3.96,schechter,-4,540277900105470.9,0.5402779001054708,213,10,0.046948356807511735,0.000837594246389961,1625032703477216.5,21.84824570091757,0.05341150179811911,719.2086844452734,4610746.771740449,3.542345999926741,0.00013929805766484183
3.9699999999999998,schechter,-4,546816706532659.06,0.546816706532659,274,10,0.0364963503649635,0.0008225298156727678,1438876625002881.8,17.93896768947778,0.05312855259253501,718.48616711875,4587848.13384705,3.5025587184244804,0.00010514448821345744
3.98,schechter,-4,553419183439140.2,0.5534191834391402,148,10,0.06756756756756757,0.0008076858895971206,1703036832535752.2,20.993115878077454,0.05284736830551836,717.7628835850782,4565107.3833417045,3.463262060180426,0.0001890018849989719
3.9899999999999998,schechter,-4,560085801096911.6,0.5600858010969116,311,10,0.03215434083601286,0.0007930617509501747,1635592149604231.2,17.131044305475214,0.05256793930805998,717.038858195625,4542523.13414405,3.4244496730495184,8.73247605707204e-05
4.0,schechter,-4,566817032150560.5,0.5668170321505605,208,10,0.04807692307692308,0.0007786577863819755,1355396752716888.2,14.40893043989721,0.05229025594598198,716.3141149878907,4520094.014880405,3.3861152851977425,0.0001267608188656849
4.01,schechter,-4,573613351623674.6,0.5736133516236747,167,10,0.059880239520958084,0.0007644669175896901,2066463436560279.2,21.94633790011436,0.052014308542830644,715.5886776875782,4497818.66870036,3.348252704275902,0.0001532711631227032
4.02,schechter,-4,580475236925263.4,0.5804752369252634,286,10,0.03496503496503497,0.000750487283130985,1258798550149509.5,16.307758492211565,0.051740087402679,714.8625697102734,4475695.7530969195,3.3108558165925768,8.68795519801742e-05
4.03,schechter,-4,587403167856177.9,0.5874031678561779,175,10,0.05714285714285714,0.0007367209872807257,1446199617900101.2,15.870149912007708,0.05146758281284127,714.1358141708985,4453723.939732424,3.273918586325823,0.00013782654475398158
4.04,schechter,-4,594397626615529.9,0.5943976266155299,235,10,0.0425531914893617,0.000723160537522527,1373484857945499.0,17.70743885134324,0.05119678504650158,713.4084338814063,4431901.9142613495,3.237435054676287,9.962490529080747e-05
4.05,schechter,-4,601459097807122.6,0.6014590978071226,226,10,0.04424778761061947,0.0007098036410321251,1478383314410111.8,17.111427408942575,0.05092768436525858,712.6804513584375,4410228.376158676,3.201399339069987,0.00010054711979069537
4.06,schechter,-4,608588068445869.4,0.6085880684458693,163,10,0.06134969325153374,0.0006966504993380918,1457791566690689.8,14.540397028241495,0.05066027102158882,711.9518888248438,4388702.038552683,3.165805632335484,0.00013530429905361094
4.07,schechter,-4,615785027964229.0,0.615785027964229,251,10,0.0398406374501992,0.0006836983624963766,1571433629058061.2,19.83757435597915,0.05039453526123035,711.2227682154297,4367321.6280537555,3.13064820189722,8.52756593302532e-05
4.08,schechter,-4,623050468218629.2,0.6230504682186293,258,10,0.03875968992248062,0.0006709427356758058,1719878400915151.2,16.520799605223935,0.05013046732548883,710.4931111778907,4346085.884590511,3.095921388952986,8.05110839589673e-05
4.09,schechter,-4,630384883495907.2,0.6303848834959073,138,10,0.07246376811594203,0.0006583813873403122,1401297924392196.0,14.612134083880946,0.049868057453468215,709.7629390779297,4324993.5612532655,3.061619607675976,0.0001460661858557979
4.1,schechter,-4,637788770519736.2,0.6377887705197363,321,10,0.03115264797507788,0.0006460137603075955,1689766184597888.8,21.68730792506863,0.04960729588422757,709.0322730023438,4304043.424121051,3.027737344397021,6.093333293076799e-05
4.109999999999999,schechter,-4,645262628457068.4,0.6452626284570684,178,10,0.056179775280898875,0.000633837986364516,1989396112431723.2,14.454654179631124,0.04934817285886632,708.3011337639063,4283234.252119073,2.9942691568174773,0.00010662255803317793
4.12,schechter,-4,652806958924568.5,0.6528069589245685,231,10,0.04329004329004329,0.0006218496542573781,1325496109841489.5,14.287527893905207,0.04909067862253967,707.5695419017578,4262564.836847282,2.9612096731841397,7.971546369927103e-05
4.13,schechter,-4,660422265995055.5,0.6604222659950555,325,10,0.03076923076923077,0.0006100465940352962,1818888541440073.2,20.15813580804143,0.04883480342640599,706.8375176862891,4242033.982438276,2.9285535915061196,5.497089673686592e-05
4.14,schechter,-4,668109056203948.9,0.6681090562039489,225,10,0.044444444444444446,0.0005984266498815227,1964900394269896.5,14.141085349117523,0.04858053752950762,706.1050811242578,4221640.505400525,2.8962956787641336,7.703202311596229e-05
4.1499999999999995,schechter,-4,675867838555707.8,0.6758678385557078,174,10,0.05747126436781609,0.0005869889860349309,1346663312178847.5,14.041177565926725,0.04832787120058748,705.3722519587891,4201383.234468503,2.864430770105912,9.663156973055894e-05
4.16,schechter,-4,683699124530281.5,0.6836991245302815,243,10,0.0411522633744856,0.0005757315820380526,1746859272249220.2,16.67296386154748,0.04807679471984265,704.6390496744532,4181261.010457904,2.8329537680690176,6.712020389839663e-05
4.17,schechter,-4,691603428089554.0,0.691603428089554,241,10,0.04149377593360996,0.0005646507117538224,1509291029458616.5,15.982069320524811,0.04782729838061681,703.905493500586,4161272.6861168793,2.8018596417964376,6.564614277903189e-05
4.18,schechter,-4,699581265683798.5,0.6995812656837985,206,10,0.04854368932038835,0.0005537442812942883,1857592013751747.5,18.598520451405623,0.0475793724910331,703.1716024138282,4141417.125983926,2.771143426256806,7.449052548232848e-05
4.1899999999999995,schechter,-4,707633156258127.9,0.7076331562581278,176,10,0.056818181818181816,0.0005430102110400847,1782479837466010.8,21.271810913589164,0.04733300737556878,702.437395140586,4121693.2062488887,2.740800221469903,8.456150606131154e-05
4.2,schechter,-4,715759621258949.2,0.7157596212589492,137,10,0.072992700729927,0.000532446435673295,1823988261446019.5,17.549619361677788,0.04708819337657378,701.7028901617969,4102099.814607074,2.7108251917402244,0.00010535541686682182
4.21,schechter,-4,723961184640418.1,0.7239611846404181,297,10,0.03367003367003367,0.0005220509042089816,1709538814783958.0,16.610271231108566,0.04684492085573398,700.9681057145704,4082635.850129579,2.681213564892799,4.712895508180715e-05
4.22,schechter,-4,732238372870901.1,0.7322383728709011,180,10,0.05555555555555555,0.0005118225901485918,1728066959487383.5,17.86553711679072,0.046603180195481396,700.2330597962109,4063300.22312007,2.651960631513302,7.540740885517963e-05
4.2299999999999995,schechter,-4,740591714939433.4,0.7405917149394333,122,10,0.08196721311475409,0.0005017590174261066,1801357200582576.5,13.702134662931964,0.0463629618003518,699.4977701651172,4044091.8549862206,2.62306174419004,0.00010788072814859049
4.24,schechter,-4,749021742362180.1,0.7490217423621801,272,10,0.03676470588235294,0.0004918574564655165,2020820662503823.2,18.83789605792737,0.046124256098292224,698.7622543466406,4025009.6781047075,2.594512316774851,4.691655253299017e-05
4.25,schechter,-4,757528989188902.4,0.7575289891889023,357,10,0.028011204481792718,0.0004821159186356727,1266707433450766.8,13.21970690668196,0.04588705354191895,698.0265296339063,4006052.635690871,2.5663078236323353,3.465708274208452e-05
4.26,schechter,-4,766113992009421.2,0.7661139920094212,322,10,0.031055900621118012,0.00047253242974709675,1518528804716000.2,14.944656507192445,0.04565134460972769,697.2906130909765,3987219.681670151,2.538443798903789,3.725146012647385e-05
4.27,schechter,-4,774777289960089.2,0.7747772899600892,177,10,0.05649717514124294,0.00046310503007696013,1435563086382993.5,13.534145007597896,0.04541711980725716,696.5545215559375,3968509.7805564064,2.510915835779882,6.569591828528574e-05
4.28,schechter,-4,783519424730257.5,0.7835194247302575,356,10,0.028089887640449437,0.00045383177439717315,1879900510121828.8,13.667445321362845,0.0451843696682072,695.8182716440625,3949921.907314913,2.48371958576861,3.1662664795347755e-05
4.29,schechter,-4,792340940568745.2,0.7923409405687453,378,10,0.026455026455026454,0.0004447107320006971,2133399753137848.0,16.19499689413317,0.04495308475551311,695.0818797488672,3931455.0472522303,2.456850757977773,2.8904441772401138e-05
4.3,schechter,-4,801242384290317.8,0.8012423842903178,221,10,0.04524886877828054,0.0004357399867260803,2040605337376007.2,16.452318922078298,0.04472325566237682,694.3453620478125,3913108.1958865277,2.430305118406663,4.7917697739133224e-05
4.31,schechter,-4,810224305282161.6,0.8102243052821616,210,10,0.047619047619047616,0.00042691763698210483,2113813171922246.0,16.324780304479713,0.044494873013256726,693.6087345018359,3894880.358826569,2.4040784892264417,4.887350036857433e-05
4.32,schechter,-4,819287255510360.1,0.8192872555103601,235,10,0.0425531914893617,0.0004182417957718787,1787763021366654.8,14.186307750315276,0.044267927464816684,692.8720128586718,3876770.551660913,2.378166748085693,4.232547793039699e-05
4.33,schechter,-4,828431789526372.2,0.8284317895263722,387,10,0.025839793281653745,0.00040971059071481797,1655226431468860.2,13.867827121064494,0.04404240970683595,692.1352126585938,3858777.7998315697,2.352565827419752,2.4906230874616048e-05
4.34,schechter,-4,837658464473516.2,0.8376584644735162,374,10,0.026737967914438502,0.0004013221640685183,1813610229467432.0,13.185811901428375,0.04381831046308065,691.3983492315234,3840901.138524533,2.32727171374619,2.497288022823717e-05
4.35,schechter,-4,846967840093451.1,0.8469678400934512,222,10,0.04504504504504504,0.0003930746727504042,1772420132514570.5,14.089294118942046,0.043595620492138186,690.6614377048047,3823139.612554538,2.3022804469988007,4.076433032809495e-05
4.36,schechter,-4,856360478732664.2,0.8563604787326643,304,10,0.03289473684210526,0.00038496628835715807,1762190450087669.8,17.23424259392032,0.04337433058821551,689.9244930014453,3805492.276251821,2.2775881198358654,2.8841929108538526e-05
4.37,schechter,-4,865836945348951.5,0.8658369453489515,263,10,0.03802281368821293,0.0003769951971831498,2024823555044121.5,14.745076057722766,0.0431544315819022,689.1875298460938,3787958.1933524255,2.2531908769822593,3.2298180188562775e-05
4.38,schechter,-4,875397807517915.9,0.8753978075179158,304,10,0.03289473684210526,0.0003691596002394215,1996912402143759.5,14.60369589539269,0.042935914340899516,688.4505627651172,3770536.4368874063,2.2290849145567555,2.7068687367022925e-05
4.39,schechter,-4,885043635439450.4,0.8850436354394504,220,10,0.045454545454545456,0.0003614577132701191,2153340248302778.0,14.109097079180136,0.04271876977071631,687.7136060902734,3753226.089076467,2.205266479419647,3.62322990364669e-05
4.3999999999999995,schechter,-4,894775001944233.0,0.894775001944233,354,10,0.02824858757062147,0.0003538877667684792,1910814645822462.8,15.97742574306032,0.0425029888153329,686.9766739598047,3736026.2412209357,2.1817318685172657,2.181040165641798e-05
4.41,schechter,-4,904592482500221.4,0.9045924825002214,213,10,0.046948356807511735,0.00034644800599226144,2064060300397567.5,16.32235478944486,0.04228856245783335,686.2397803228516,3718935.9935974055,2.1584774282433354,3.510799065700507e-05
4.42,schechter,-4,914496655219148.4,0.9144966552191484,227,10,0.04405286343612335,0.00033913669097629384,2066027286043310.8,16.4735156434352,0.042075481721007855,685.5029389391016,3701954.455356704,2.135499553794036,3.190424018744764e-05
4.43,schechter,-4,924488100863020.2,0.9244881008630202,322,10,0.031055900621118012,0.00033195209654546254,1984546232259242.8,17.878380624873635,0.041863737667925324,684.766163382539,3685080.744418201,2.112794688539295,2.178095113138933e-05
4.4399999999999995,schechter,-4,934567402850618.2,0.9345674028506182,285,10,0.03508771929824561,0.0003248925123271462,2109540394655204.0,13.940634213782456,0.041653321402477496,684.0294670460547,3668313.9873721073,2.0903593234069233,2.3829547096426276e-05
4.45,schechter,-4,944735147263996.0,0.944735147263996,226,10,0.04424778761061947,0.00031795624276020895,1895527762459134.0,13.745346861104816,0.041444224069895445,683.2928631380469,3651653.319377335,2.0681899962454118,2.909707612922309e-05
4.46,schechter,-4,954991922854987.2,0.9549919228549872,310,10,0.03225806451612903,0.0003111416071036599,1902603325334486.0,16.90382485495473,0.041236436857238865,682.5563646892579,3635097.884063798,2.0462832912268145,2.0538189413602504e-05
4.47,schechter,-4,965338321051708.8,0.9653383210517088,289,10,0.03460207612456748,0.00030444693944564616,1736585397465964.5,14.839374054895776,0.04102995099385941,681.8199845544922,3618646.833436934,2.0246358382407745,2.1328518492884918e-05
4.4799999999999995,schechter,-4,975774935965068.8,0.9757749359650687,381,10,0.026246719160104987,0.00029787104952805343,1972435221924346.0,15.930327713339532,0.04082475775183858,681.0837354117969,3602299.327779113,2.0032443122853096,1.5661640046234354e-05
4.49,schechter,-4,986302364395274.9,0.9863023643952749,423,10,0.02364066193853428,0.00029141270075994097,2116229411287572.0,16.17613559899345,0.04062084844640118,680.3476297684766,3586054.5355572705,1.982105432887424,1.3655099229046718e-05
4.5,schechter,-4,996921205838345.6,0.9969212058383456,469,10,0.021321961620469083,0.00028506946899409247,1837995677654318.0,14.745665735941305,0.04041821443630461,679.6116799600001,3569911.633328093,1.9612159635070678,1.1920741861400794e-05
4.51,schechter,-4,1007632062492620.9,1.007632062492621,494,10,0.020242914979757085,0.00027883974418174695,1779331014438803.5,14.541295508103804,0.04021684712420523,678.8758981542188,3553869.805647869,1.9405727109653128,1.0953619398616336e-05
4.52,schechter,-4,1018435539265279.9,1.01843553926528,325,10,0.03076923076923077,0.0002727219311697837,2191979648174119.2,17.756339630920053,0.04001673795700224,678.1402963520703,3537928.2449801154,1.920172524866871,1.6113020281872386e-05
4.53,schechter,-4,1029332243778855.5,1.0293322437788555,240,10,0.041666666666666664,0.0002667144497020546,1872220091800796.5,12.6280313016424,0.03981787842615967,677.404886389961,3522086.15160432,1.9000122970340703,2.111503059294078e-05
4.54,schechter,-4,1040322786377750.5,1.0403227863777504,425,10,0.023529411764705882,0.00026081573441616435,1892576930818578.5,13.045934681098803,0.03962026006800758,676.669679943086,3506342.7335315645,1.8800889609529905,1.1537806661615942e-05
4.55,schechter,-4,1051407780134758.5,1.0514077801347586,231,10,0.04329004329004329,0.0002550245266714768,1653821340019060.8,12.458926665481911,0.0394238744640223,675.934688524375,3490697.2064130404,1.8603994912093316,2.0538852799372988e-05
4.56,schechter,-4,1062587840857588.2,1.0625878408575882,404,10,0.024752475247524754,0.00024934050376390626,2211967389027841.5,15.297894075821603,0.03922871324108732,675.1999234897265,3475148.7934561176,1.8409409029518604,1.1361909211425676e-05
4.57,schechter,-4,1073863587095380.4,1.0738635870953803,503,10,0.019880715705765408,0.0002437606742188292,2096123012896514.5,14.329035702759452,0.03903476807173469,674.4653960380859,3459696.7253384124,1.8217102513461412,8.8282568409441e-06
4.58,schechter,-4,1085235640145239.2,1.0852356401452392,260,10,0.038461538461538464,0.00023828352904120553,2295786452375123.0,13.093057315487732,0.03884203067436807,673.7311172133984,3444340.2401227453,1.8027046310398807,1.6521339280888736e-05
4.59,schechter,-4,1096704624058755.2,1.0967046240587552,191,10,0.05235602094240838,0.0002329075741482889,2055046091047245.2,15.214775420173925,0.0386504928134673,672.9970979069532,3429078.583176759,1.7839211756375148,2.1753337879031265e-05
4.6,schechter,-4,1108271165648534.2,1.1082711656485342,247,10,0.04048582995951417,0.00022763133035808014,1862603008960619.2,13.537202939990696,0.038460146299776024,672.2633488595703,3413911.0070874332,1.7653570571774182,1.6269254068110164e-05
4.61,schechter,-4,1119935894494731.0,1.119935894494731,267,10,0.03745318352059925,0.00022245510326845963,2239617318809445.2,13.779581498108996,0.03827098299047199,671.529880662461,3398836.7715838132,1.747009485615625,1.4555474739086235e-05
4.62,schechter,-4,1131699442951573.8,1.1316994429515737,273,10,0.03663003663003663,0.00021737599901683335,2375927057551855.0,13.970982071365148,0.038082994789321374,670.7967037596094,3383855.1434541843,1.728875708316444,1.3766156933011811e-05
4.63,schechter,-4,1143562446153905.5,1.1435624461539056,314,10,0.03184713375796178,0.0002123922729414529,2353430575604104.5,14.055266064965204,0.03789617364681675,670.063828449375,3368965.396468138,1.7109530095492012,1.1573031802362236e-05
4.64,schechter,-4,1155525542023718.0,1.155525542023718,315,10,0.031746031746031744,0.0002075025024560473,2185367624564667.2,14.662454089459072,0.03771051156030021,669.3312648864453,3354166.8113015178,1.693238709993006,1.115400855806343e-05
4.6499999999999995,schechter,-4,1167589371276684.8,1.1675893712766847,208,10,0.04807692307692308,0.00020270623798279708,2422568364090125.0,16.224876184933656,0.03752600057407135,668.5990230840625,3339458.6754533774,1.6757301662437312,1.63308152823824e-05
4.66,schechter,-4,1179754577428704.8,1.1797545774287048,323,10,0.030959752321981424,0.00019800245052326026,3009554368166725.0,14.387235358508729,0.03734263277948092,667.8671129137891,3324840.2831766997,1.6584247703273773,1.016632100722278e-05
4.67,schechter,-4,1192021806802437.5,1.1920218068024375,222,10,0.04504504504504504,0.00019338844378369302,2580711473828786.0,16.41131023119091,0.037160400315010805,667.1355441100001,3310310.935399574,1.6413199492260515,1.4297851834772798e-05
4.68,schechter,-4,1204391708533854.5,1.2043917085338545,487,10,0.02053388090349076,0.00018886285185959473,2754187923339843.5,14.232455797538805,0.036979295366340204,666.4043262698829,3295869.9396521407,1.6244131644010196,6.299616074477314e-06
4.6899999999999995,schechter,-4,1216864934578773.8,1.2168649345787736,236,10,0.0423728813559322,0.00018442561214704334,2590590855226689.5,16.81945518161927,0.03679931016639911,665.6734688534375,3281516.609994206,1.6077019113217985,1.256361903158874e-05
4.7,schechter,-4,1229442139719411.5,1.2294421397194115,370,10,0.02702702702702703,0.00018007522977647739,2374576176798490.0,15.259463513365196,0.036620436995409095,664.9429811906641,3267250.26694219,1.5911837190177636,7.744129022127394e-06
4.71,schechter,-4,1242123981570926.5,1.2421239815709264,249,10,0.040160642570281124,0.00017580924624227556,2077535060226332.8,14.305330175948765,0.03644266818091213,664.212872475586,3253070.2373980703,1.5748561496041926,1.1119448698872508e-05
4.72,schechter,-4,1254911120587971.5,1.2549111205879715,674,10,0.01483679525222552,0.00017162640021950448,2284778503187750.5,13.750555295790477,0.03626599609778732,663.4831517747266,3238975.8545814385,1.5587167978501146,3.969094257814366e-06
4.7299999999999995,schechter,-4,1267804220071241.8,1.2678042200712418,355,10,0.028169014084507043,0.00016752782899975838,2132132295153616.5,12.450089230074422,0.03609041316825672,662.7538280240625,3224966.457955114,1.5427632907206397,7.280444640984559e-06
4.74,schechter,-4,1280803946174034.2,1.2808039461740341,303,10,0.033003300330033,0.00016350975819812152,2448121374511118.5,16.305991280355904,0.03591591186187994,662.0249100335938,3211041.393161196,1.526993286947777,8.240208023728903e-06
4.75,schechter,-4,1293910967908788.0,1.293910967908788,523,10,0.019120458891013385,0.00015957092038509924,2154912763084140.8,13.74891036653644,0.035742484695538375,661.2964064856641,3197200.011952672,1.5114044765896437,4.6113996826686155e-06
4.76,schechter,-4,1307125957153654.0,1.307125957153654,270,10,0.037037037037037035,0.0001557121164648123,2151987393096003.2,11.998862482513633,0.035570124233408995,660.5683259404296,3183441.672123255,1.4959945806106252,8.62757342099147e-06
4.77,schechter,-4,1320449588659050.8,1.3204495886590508,285,10,0.03508771929824561,0.00015193059162443845,2323216920703843.0,13.522308182427704,0.03539882308692853,659.8406768339844,3169765.737445429,1.4807613504536155,7.89378765014106e-06
4.78,schechter,-4,1333882540054214.2,1.3338825400542142,251,10,0.0398406374501992,0.0001482245610148203,2398196585985629.0,12.922513216562592,0.03522857391474806,659.1134674812109,3156171.577604061,1.4657025676261495,8.655502775485296e-06
4.79,schechter,-4,1347425491853767.2,1.3474254918537671,233,10,0.04291845493562232,0.00014459488278506516,2008813586459932.0,13.454390585049405,0.0350593694226785,658.3867060783203,3142658.568130008,1.4508160432907582,9.003458185507262e-06
4.8,schechter,-4,1361079127464280.2,1.3610791274642802,354,10,0.02824858757062147,0.0001410388678310115,2684755751249140.5,15.354772674790556,0.034891202363627125,657.6604007010156,3129226.0903392765,1.436099617853227,5.721634581767441e-06
4.81,schechter,-4,1374844133190837.0,1.374844133190837,488,10,0.020491803278688523,0.00013755472631427068,2640309431887569.0,16.367579288173197,0.034724065537525745,656.9345593104297,3115873.5312690753,1.4215511605715776,4.00698936135568e-06
4.82,schechter,-4,1388721198243597.0,1.388721198243597,333,10,0.03003003003003003,0.00013414384209653463,2242435291972019.2,15.025928884529662,0.03455795179125056,656.2091897509765,3102600.2836156418,1.4071685691529092,5.668558508818451e-06
4.83,schechter,-4,1402711014744363.8,1.4027110147443638,498,10,0.020080321285140562,0.00013080263300668804,2193669776982650.0,13.906423264524506,0.03439285401853435,655.4842997523047,3089405.7456736234,1.392949769364966,3.6586646080119755e-06
4.84,schechter,-4,1416814277733156.5,1.4168142777331565,441,10,0.022675736961451247,0.00012753049973357466,2409484832505986.0,14.313262511151326,0.034228765159870625,654.7598969322265,3076289.321274794,1.378892714654186,3.9875482308125555e-06
4.85,schechter,-4,1431031685174778.2,1.4310316851747782,333,10,0.03003003003003003,0.0001243276386634351,2725161915888060.0,14.727497153777467,0.034065678202410896,654.0359887975001,3063250.419728769,1.3649953857647934,5.0962958888474905e-06
4.86,schechter,-4,1445363937965394.8,1.4453639379653946,329,10,0.030395136778115502,0.00012119086434059234,1959012352087983.2,11.6667027738265,0.03390358617985464,653.3125827439063,3050288.455764161,1.351255790361405,4.977503257724284e-06
4.87,schechter,-4,1459811739939098.2,1.4598117399390982,305,10,0.03278688524590164,0.00011812100743013865,3263687657327202.5,12.265509902121043,0.033742482172332715,652.5896860584766,3037402.8494712934,1.3376719626615639,5.180562617725729e-06
4.88,schechter,-4,1474375797874489.8,1.4743757978744898,491,10,0.020366598778004074,0.00011511585209555975,2736226758428994.5,13.413469690163183,0.03358235930628393,651.8673059219532,3024593.026241584,1.3242419630717908,3.1047096122139705e-06
4.89,schechter,-4,1489056821501257.2,1.4890568215012572,395,10,0.02531645569620253,0.00011217416393205504,2819875726957993.5,14.048336264110782,0.03342321075432565,651.1454494074219,3011858.4167142524,1.3109638778236392,3.722943719999784e-06
4.8999999999999995,schechter,-4,1503855523506752.2,1.5038555235067523,372,10,0.026881720430107527,0.00010929627246902829,2662889108686309.5,13.364878763400094,0.03326502973511832,650.4241234836328,2999198.4567176998,1.2978358186215708,3.813134872369021e-06
4.91,schechter,-4,1518772619542572.0,1.518772619542572,375,10,0.02666666666666667,0.00010647900110516417,2971092402159573.0,13.70386611506774,0.033107809513224104,649.7033350168359,2986612.5872155535,1.284855922294202,3.6482713378650955e-06
4.92,schechter,-4,1533808828231136.8,1.5338088282311368,261,10,0.038314176245210725,0.00010372380225487365,2931463340055997.5,15.292264183230106,0.032951543398960184,648.9830907697657,2974100.254251155,1.2720223504436678,5.0551338981302136e-06
4.93,schechter,-4,1548964871172284.8,1.5489648711722848,387,10,0.025839793281653745,0.00010102742175277513,2508940421021091.0,13.478522012550746,0.032796224748246505,648.263397403711,2961660.908893382,1.259333289106181,3.28752442702428e-06
4.9399999999999995,schechter,-4,1564241472949845.2,1.5642414729498453,406,10,0.024630541871921183,9.83902813898041e-05,2796302648835679.0,12.752361067028925,0.03264184696244863,647.5442614811328,2949294.0071838005,1.2467869484184764,3.021470903646036e-06
4.95,schechter,-4,1579639361138234.5,1.5796393611382344,420,10,0.023809523809523808,9.581066728436838e-05,2614066549450267.0,11.349876747359223,0.03248840348821557,646.8256894654297,2936999.0100829303,1.234381562282579,2.8158790753765477e-06
4.96,schechter,-4,1595159266309037.5,1.5951592663090375,591,10,0.01692047377326565,9.328771389705004e-05,3317789636071979.5,14.285608084241144,0.03233588781731316,646.1076877219922,2924775.38341962,1.2221153880387325,1.9290753074202975e-06
4.97,schechter,-4,1610801922037604.8,1.6108019220376049,502,10,0.0199203187250996,9.082083256639617e-05,2571377836685151.0,12.371820514891432,0.032184293486452624,645.3902625205469,2912622.597837311,1.2099867061436353,2.1890836662596874e-06
4.9799999999999995,schechter,-4,1626568064909641.8,1.6265680649096417,369,10,0.02710027100271003,8.84082687051535e-05,2708587255650151.0,12.232420565432143,0.03203361407711513,644.673420035039,2900540.12874541,1.197993819850291,2.8702590659197235e-06
4.99,schechter,-4,1642458434527800.8,1.6424584345278008,558,10,0.017921146953405017,8.605017746898813e-05,2739406075828673.0,13.739219963808742,0.03188384321537219,643.9571663462109,2888527.4562673313,1.1861350548956622,1.829160071253758e-06
