z,luminosity_function,alpha_intrinsic,L_min_Jy_kpc2,L_min_over_L_star,n_generated,n_detected,detection_rate_10_per_n,N_ratio_detectable_L,mean_detected_L,mean_SNR,SFR_psi,comoving_volume_Mpc3,time_Gyr,nfrb_sfr_base,n_total_population_scaled
0.01,schechter,0,10000000000.0,1e-05,12,10,0.8333333333333334,1.0,1222622428101.0508,1029827.4117512142,0.015366633837018974,0.16932742371797857,137678720.05218962,0.007164779991585113,0.005970649992987595
0.02,schechter,0,10000000000.0,1e-05,17,10,0.5882352941176471,1.0,376308238441.7131,29346.10663997042,0.015778461234561884,0.632852985495784,135706863.92550436,0.027101872042193314,0.015942277671878422
0.03,schechter,0,10000000000.0,1e-05,19,10,0.5263157894736842,1.0,3250878743128.63,200419.306555252,0.016197006898133106,1.3952259128383888,133769703.76805276,0.06045984949595272,0.03182097341892248
0.04,schechter,0,10000000000.0,1e-05,18,10,0.5555555555555556,1.0,539042122572.84863,2682.328008480502,0.0166223021408091,2.447953855566648,131866423.28089881,0.10731455312755823,0.0596191961819768
0.05,schechter,0,10000000000.0,1e-05,19,10,0.5263157894736842,1.0,135509623363.52933,699.4343700391835,0.01705437728000787,3.7825727608212545,129996236.70924087,0.16771964432122385,0.08827349701117045
0.060000000000000005,schechter,0,10000000000.0,1e-05,32,10,0.3125,1.0,2872821770164.3687,1924.2311629762087,0.017493261604641853,5.3906546603126895,128158387.20751494,0.24170705710654422,0.07553345534579507
0.06999999999999999,schechter,0,10000000000.0,1e-05,28,10,0.35714285714285715,1.0,1233696360526.6628,1029.5800128733044,0.017938983341287663,7.263815199162977,126352145.30294725,0.3292874879396866,0.11760267426417378
0.08,schechter,0,10000000000.0,1e-05,35,10,0.2857142857142857,1.0,639088236024.6536,10197.684855280935,0.018391569619367408,9.393720895786727,124576807.45144194,0.43045092008557595,0.12298597716730741
0.09,schechter,0,10000000000.0,1e-05,24,10,0.4166666666666667,1.0,715220042853.6064,858.2358797989134,0.018851046435337065,11.772096123470087,122831694.67989907,0.5451671794540105,0.22715299143917106
0.09999999999999999,schechter,0,10000000000.0,1e-05,39,10,0.2564102564102564,1.0,670758203570.6846,483.9666530429702,0.019317438615878545,14.390729805781865,121116151.30983643,0.6733865187699558,0.1726632099410143
0.11,schechter,0,10000000000.0,1e-05,23,10,0.43478260869565216,1.0,4419427304559.943,21216.62986837828,0.019790769780093035,17.241481819012918,119429543.75708403,0.8150402269806158,0.3543653160785286
0.12,schechter,0,10000000000.0,1e-05,31,10,0.3225806451612903,1.0,8371618995945.15,641.8583619626688,0.020271062300694323,20.31628909642629,117771259.40308331,0.9700412608663141,0.3129165357633271
0.13,schechter,0,10000000000.0,1e-05,40,10,0.25,1.0,2267789040305.1064,956.8218744131713,0.02075833726420218,23.60717142986414,116140705.53330435,1.1382848958604097,0.2845712239651024
0.14,schechter,0,10000000000.0,1e-05,30,10,0.3333333333333333,1.0,104687809743.19519,156.24102724677874,0.021252614430137,27.106236965912533,114537308.33873443,1.3196493931784374,0.4398831310594791
0.15000000000000002,schechter,0,10000000000.0,1e-05,24,10,0.4166666666666667,1.0,4993042176699.121,307.9428389189055,0.021753912189218152,30.805687394558966,112960511.97664525,1.5139966804209817,0.630831950175409
0.16,schechter,0,10000000000.0,1e-05,30,10,0.3333333333333333,1.0,430054276921.5522,98.59636230073113,0.02226224752057046,34.697822829637836,111409777.68701176,1.7211730429194247,0.5737243476398082
0.17,schechter,0,10000000000.0,1e-05,44,10,0.22727272727272727,1.0,623680373018.3948,441.65547390451167,0.02277763594794393,38.775046381281356,109884582.96125181,1.9410098231897557,0.4411385961794899
0.18000000000000002,schechter,0,10000000000.0,1e-05,34,10,0.29411764705882354,1.0,18377516751279.34,26247.086048720324,0.023300091494954225,43.02986842137982,108384420.7601139,2.173324125957218,0.6392129782227112
0.19,schechter,0,10000000000.0,1e-05,45,10,0.2222222222222222,1.0,258363007983.48178,110.13259831167495,0.023829626639352574,47.454910544387474,106908798.77780546,2.417919526349963,0.5373154502999917
0.2,schechter,0,10000000000.0,1e-05,33,10,0.30303030303030304,1.0,4018620340612.2686,1015.4483160597314,0.024366252266335785,52.04290922647888,105457238.74949963,2.674586778967286,0.8104808421112988
0.21000000000000002,schechter,0,10000000000.0,1e-05,43,10,0.23255813953488372,1.0,5801145730552.434,2198.7691193963424,0.02490997762090884,56.786719186464694,104029275.79969656,2.9431045256334745,0.6844429129380173
0.22,schechter,0,10000000000.0,1e-05,63,10,0.15873015873015872,1.0,412314671169.40814,368.7292712448864,0.025460810259314456,61.679316453450014,102624457.82893437,3.223239999814053,0.5116253967958814
0.23,schechter,0,10000000000.0,1e-05,34,10,0.29411764705882354,1.0,20723702282739.438,1428.3085155942183,0.026018755999546127,66.71380114610733,101242344.93655138,3.5147497257600637,1.0337499193411952
0.24000000000000002,schechter,0,10000000000.0,1e-05,44,10,0.22727272727272727,1.0,7586321932581.703,585.7174297421453,0.02658381887096318,71.8833999696521,99882508.87732875,3.817380210605616,0.8675864115012764
0.25,schechter,0,10000000000.0,1e-05,45,10,0.2222222222222222,1.0,1476784520871.8086,1197.6991008624718,0.027156001063028613,77.18146843665986,98544532.5499974,4.130868627748216,0.9179708061662701
0.26,schechter,0,10000000000.0,1e-05,47,10,0.2127659574468085,1.0,1334447181150.073,1456.5008880195378,0.02773530287319293,82.60149281901245,97228009.51565525,4.454943490002874,0.9478603170218881
0.27,schechter,0,10000000000.0,1e-05,47,10,0.2127659574468085,1.0,1058925714278.4924,309.2734412362218,0.0283217226539493,88.13709183769684,95932543.54423486,4.789325311093729,1.0190053853390912
0.28,schechter,0,10000000000.0,1e-05,28,10,0.35714285714285715,1.0,15815479897574.363,1581.098470746484,0.028915256759088154,93.7820180992331,94657748.18751705,5.1337272542742465,1.8334740193836594
0.29000000000000004,schechter,0,10000000000.0,1e-05,30,10,0.3333333333333333,1.0,8487385530268.68,346.58041094530114,0.029515899489181725,99.53015928595138,93403246.37677355,5.487855766866986,1.8292852556223285
0.3,schechter,0,10000000000.0,1e-05,43,10,0.23255813953488372,1.0,1355752118072.9358,197.12923655663212,0.03012364303633178,105.37553910866806,92168670.04385954,5.851411199720488,1.3607933022605785
0.31,schechter,0,10000000000.0,1e-05,45,10,0.2222222222222222,1.0,5009895449139.375,695.7746845204719,0.030738477428216556,111.31231803139664,90953659.76403436,6.2240884107160745,1.3831307579369054
0.32,schechter,0,10000000000.0,1e-05,40,10,0.25,1.0,548270931703.87354,97.37903310994237,0.03136039047147566,117.33479377504594,89757864.41943079,6.605577351442967,1.6513943378607419
0.33,schechter,0,10000000000.0,1e-05,62,10,0.16129032258064516,1.0,1446433693727.9543,98.8503499495504,0.031989367694474906,123.43740161144166,88580940.88171776,6.9955636364797655,1.1283167155612526
0.34,schechter,0,10000000000.0,1e-05,50,10,0.2,1.0,5376252189572.507,133.14903242933764,0.032625392289495694,129.61471445492523,87422553.71285346,7.393729094610497,1.4787458189220994
0.35000000000000003,schechter,0,10000000000.0,1e-05,44,10,0.22727272727272727,1.0,2397106267802.488,538.5276958133722,0.03326844505439697,135.86144276160766,86282374.8828454,7.799752301557128,1.77267097762662
0.36000000000000004,schechter,0,10000000000.0,1e-05,68,10,0.14705882352941177,1.0,1557715262518.2344,135.9946499850168,0.03391850433380093,142.17243424561553,85160083.50335014,8.21330909385311,1.2078395726254576
0.37,schechter,0,10113211511.743774,1.0113211511743774e-05,45,10,0.2222222222222222,0.9943557089208676,4139251917794.1084,310.29006860660087,0.03457554595985672,148.54267342075318,84055365.5762477,8.63407306354152,1.9078532982160874
0.38,schechter,0,10688923049.432352,1.0688923049432351e-05,51,10,0.19607843137254902,0.9670535425447294,2150072095425.4277,101.59968792091271,0.035239543192639965,154.967280978154,82967913.75619605,9.061716033579804,1.7182675670211225
0.39,schechter,0,11281057174.468351,1.1281057174468352e-05,56,10,0.17857142857142858,0.9411825289479756,27730953522248.6,22612.517075146152,0.03591046666024937,161.4415130074466,81897427.12626469,9.495908513745315,1.5959612838616837
0.4,schechter,0,11889610529.9871,1.18896105299871e-05,49,10,0.20408163265306123,0.916634014486466,1266305235446.8855,34.277907667768716,0.03658828429866464,167.96076007210115,80843610.98588744,9.936320137109078,1.8587691870410217
0.41000000000000003,schechter,0,12514576493.153234,1.2514576493153234e-05,50,10,0.2,0.8933107547216038,1937867197844.9644,195.23496621506052,0.03727296129143468,174.52054614596253,79806176.65031886,10.382620077001262,1.8549812353947348
0.42000000000000004,schechter,0,13155945284.843777,1.3155945284843777e-05,58,10,0.1724137931034483,0.87112526019245,2664639483792.705,141.36527100023872,0.037964460009266905,181.1165274221338,78784841.26087493,10.834477444714665,1.6272736177717746
0.43,schechter,0,13813704077.497297,1.3813704077497298e-05,50,10,0.2,0.8499968792673503,2002851947730.7402,76.07813272430265,0.038662739949594106,187.7444910007599,77779327.60525452,11.291561667989912,1.9195584359692526
0.44,schechter,0,14487837101.082756,1.4487837101082755e-05,52,10,0.19230769230769232,0.8298536802697959,3666067675751.71,724.3815791555994,0.03936775767619714,194.40035346520997,76789363.94735558,11.753542850576306,1.8757155366845182
0.45,schechter,0,15178325747.149073,1.5178325747149072e-05,81,10,0.12345679012345678,0.8106288334938366,888166815341.7595,68.63294746341907,0.04007946675896711,201.08015935438598,75814683.86589663,12.220092113102378,1.2229579030656066
0.46,schechter,0,15885148670.919949,1.588514867091995e-05,82,10,0.12195121951219512,0.7922631013152857,25821601907723.89,90.60097801127537,0.04079781771389325,207.78007953998107,74855026.10136408,12.69088191563919,1.2261606664524851
0.47000000000000003,schechter,0,16608281891.401653,1.6608281891401654e-05,68,10,0.14705882352941177,0.7746998654441011,17702739654772.09,666.7144155087642,0.04152275794336715,214.49640951554443,73910134.4107027,13.165586362257995,1.4999085269608767
0.48000000000000004,schechter,0,17347698889.482803,1.7347698889482804e-05,80,10,0.125,0.7578890108597844,94345448543019.28,517.3765344095387,0.04225423167689769,221.22556760529724,72979757.42922702,13.643881488002869,1.2925684806538273
0.49,schechter,0,18103370704.002285,1.8103370704002284e-05,54,10,0.18518518518518517,0.7417840776317673,3196556913939.691,487.2387339935591,0.042992179912334685,227.96409310051087,72063648.53939462,14.125445528764136,1.940376033831866
0.5,schechter,0,18875266025.770966,1.8875266025770966e-05,54,10,0.18518518518518517,0.7263422669063524,2579076111722.4526,109.17426626153733,0.04373654035770323,234.7086443293274,71161565.7458431,14.60995917441718,1.965153864102858
0.51,schechter,0,19663351289.53429,1.966335128953429e-05,48,10,0.20833333333333334,0.7115246060862159,7878385554713.826,134.37560326453416,0.04448724737375437,241.45599666869873,70273271.55644336,15.097105805862288,2.2379088044912687
0.52,schechter,0,20467590763.87263,2.046759076387263e-05,68,10,0.14705882352941177,0.6972939920148346,19343754289168.37,2217.411200437707,0.04524423191734168,248.20304050257752,69398532.8688438,15.586571716302153,1.5982974726302706
0.53,schechter,0,21287946639.026085,2.1287946639026086e-05,55,10,0.18181818181818182,0.6836175630098724,786052866100.9171,140.05975329907818,0.04600742148573693,254.94677913487732,68537120.86228469,16.0780463174541,1.9984063348177865
0.54,schechter,0,22124379112.65499,2.2124379112654993e-05,82,10,0.12195121951219512,0.6704636302407078,614821084586.8474,97.97367279671896,0.046776740062001616,261.68432666201295,67688810.89416112,16.571222331127352,1.3549270587382352
0.55,schechter,0,22976846473.527576,2.2976846473527575e-05,52,10,0.19230769230769232,0.6578032147678392,4571280304583.494,1418.9589264932883,0.04755210806153499,268.4129058110693,66853382.401291125,17.065795966801698,2.158833740295035
0.56,schechter,0,23845305183.152,2.3845305183152e-05,41,10,0.24390243902439024,0.6456107448853013,28844467067061.2,74.51848162981406,0.04833344227992233,275.1298457488037,66030618.80524841,17.561467085673684,2.76533459669768
0.5700000000000001,schechter,0,24729709955.352,2.4729709955352e-05,98,10,0.10204081632653061,0.6338600437719745,1972065522466.77,107.52541111435849,0.049120655842211244,281.83257986760253,65220307.42184981,18.057939351885466,1.1679802273487532
0.5800000000000001,schechter,0,25630013833.80389,2.563001383380389e-05,69,10,0.14492753623188406,0.622528444621411,46145979860580.71,4557.797626531546,0.04991365815374634,288.5186435514392,64422239.37422575,18.554920371310025,1.6740530027283718
0.59,schechter,0,26546168267.54734,2.654616826754734e-05,40,10,0.25,0.6115942121024336,2269308467337.545,108.08730201342314,0.050712354852696435,295.18567193020385,63636209.50946025,19.052121818758483,2.9130418581557946
0.6,schechter,0,27478123184.486656,2.7478123184486656e-05,98,10,0.10204081632653061,0.6010374013787764,5835761554978.078,442.9292422527302,0.051516647764411366,301.83139762072267,62862016.318445235,19.549259553754283,1.1989628735783358
0.61,schechter,0,28425827062.89969,2.842582706289969e-05,51,10,0.19607843137254902,0.5908388366404971,2592352907129.2544,296.66883080645476,0.05232643485774771,308.45364846717166,62099461.8588071,20.046053726006978,2.3223504044523264
0.62,schechter,0,29389227000.980045,2.9389227000980045e-05,58,10,0.1724137931034483,0.5809815874021954,6509314241993.007,94.2867737213214,0.05314161020350689,315.05034527486816,61348351.680681646,20.542228870497574,2.0576994375794637
0.63,schechter,0,30368268784.42779,3.036826878442779e-05,61,10,0.16393442622950818,0.5714486819828316,11434370858721.121,91.36393699296983,0.05396206393512963,321.619499550614,60608494.75515795,21.037513993340443,1.9707966628999627
0.64,schechter,0,31362896952.119305,3.1362896952119304e-05,69,10,0.14492753623188406,0.5622251124634767,69867465234284.44,299.56836884952713,0.054787682211795266,328.15921124632445,59879703.405252725,21.531642648541805,1.7544391608115664
0.65,schechter,0,32373054859.87947,3.2373054859879473e-05,76,10,0.13157894736842105,0.5532954982854008,1827131976829.8145,111.52336939984684,0.055618347184074164,334.6676665121558,59161793.23922499,22.02435300636998,1.6034178119832954
0.66,schechter,0,33398684742.38365,3.339868474238365e-05,58,10,0.1724137931034483,0.5446473704839794,1599997718170.9646,43.64343673425909,0.056453936962285574,341.1431354628418,58454583.086089864,22.51538791390723,2.114301176333852
0.67,schechter,0,34439727773.21449,3.4439727773214496e-05,48,10,0.20833333333333334,0.5362671634280864,3562547380451.286,98.13021803559631,0.05729432558771266,347.58396995592653,57757894.933217816,23.004494948028903,2.5701156774740013
0.68,schechter,0,35496124123.111435,3.5496124123111434e-05,75,10,0.13333333333333333,0.5281430371865776,44598622473281.99,450.46409578503443,0.05813938300682973,353.98860139163577,57071553.86587637,23.491426461770004,1.6542444425819132
0.6900000000000001,schechter,0,36567813016.433,3.6567813016432996e-05,54,10,0.18518518518518517,0.5202635666541828,11499384256502.316,220.9953777234211,0.05898897504869533,360.35553852796386,56395388.00860588,23.975939623980192,2.309964419010608
0.7000000000000001,schechter,0,37654732785.87102,3.765473278587102e-05,72,10,0.1388888888888889,0.5126184684791621,103231833167254.12,26648.967549027344,0.059842963405668255,366.68336532168456,55729228.46830064,24.45779645328507,1.7413219667025108
0.7100000000000001,schechter,0,38756820925.44361,3.875682092544361e-05,76,10,0.13157894736842105,0.5051973013762308,13976969309666.422,302.3567862832853,0.06070120561760056,372.9707387907471,55072909.27894104,24.936763846386384,1.65762971055931
0.72,schechter,0,39874014141.80318,3.987401414180318e-05,67,10,0.14925373134328357,0.4979908679930585,13735972271190.559,51.37836921081701,0.061563555059664696,379.2163869048584,54426267.3478233,25.412613601436156,1.8888432097539394
0.73,schechter,0,41006248403.890594,4.10062484038906e-05,63,10,0.15873015873015872,0.4909898525067271,4484413772994.732,179.5360011488216,0.062429860933968816,385.4191065009131,53789142.40325106,25.885122436584897,2.0173543567075223
0.74,schechter,0,42153458990.96739,4.215345899096739e-05,42,10,0.23809523809523808,0.4841859351297789,765564718056.576,76.7038209944374,0.06329996826511489,391.57776123034915,53161376.94359302,26.354072004465127,3.0381597614189224
0.75,schechter,0,43315580539.06603,4.331558053906603e-05,83,10,0.12048192771084337,0.4775710600787494,1317060305698.5034,53.548662748792744,0.06417371789985252,397.6912795353638,52542816.187593825,26.819248902672765,1.543144232405454
0.76,schechter,0,44492547085.882576,4.449254708588258e-05,59,10,0.1694915254237288,0.47113743370651695,114140787337258.84,188.94760311481244,0.06505094651097904,403.7586526570557,51933308.025967404,27.280444680776345,2.1784472368260284
0.77,schechter,0,45684292114.15625,4.568429211415625e-05,75,10,0.13333333333333333,0.4648783412967902,2384128892487.2334,124.61515855188972,0.06593148660563516,409.7789326773291,51332702.97407133,27.737455844178687,1.719272328617966
0.78,schechter,0,46890748593.56303,4.6890748593563026e-05,82,10,0.12195121951219512,0.45878636378104887,2580960818257.7627,241.22838199583316,0.06681516653814157,415.7512305932568,50740854.125752576,28.190083855075954,1.577222691043067
0.79,schechter,0,48111849021.16025,4.811184902116025e-05,84,10,0.11904761904761904,0.4528555902681829,7203402450799.361,227.27354139387822,0.0677018105275198,421.67471442645996,50157617.108157024,28.638135130855336,1.5439213796266045
0.8,schechter,0,49347525460.41725,4.934752546041725e-05,61,10,0.16393442622950818,0.447079361200564,9168906065034.371,538.3087704805447,0.06859123867983588,427.54860736904544,49582850.03763585,29.081421040372305,2.131426744513818
0.81,schechter,0,50597709578.86483,5.059770957886483e-05,110,10,0.09090909090909091,0.44145199764073384,1594876107904.0227,156.77118327632024,0.06948326701550157,433.3721859636475,49016413.47646635,29.519757898036946,1.1846869176326582
0.8200000000000001,schechter,0,51862332684.398445,5.186233268439845e-05,80,10,0.125,0.43596798163829986,50239736691385.02,751.8837059485378,0.0703777075016633,439.1447783207324,48458170.39061373,29.952966956290652,1.6323168185015906
0.8300000000000001,schechter,0,53141325760.26869,5.314132576026869e-05,40,10,0.25,0.4306219554700985,12442768202632.973,384.70329096776686,0.0712743680898028,444.86576237306883,47907986.10823188,30.380874396519506,3.2706678853801696
0.8400000000000001,schechter,0,54434619498.792755,5.443461949879275e-05,64,10,0.15625,0.42540872058841595,11970321026603.738,481.01044488170066,0.07217305275866856,450.5345641669043,47365728.279101126,30.80331131870423,2.0474995715588498
0.85,schechter,0,55742144333.821144,5.574214433382114e-05,37,10,0.2702702702702703,0.420323978952431,20566711481604.69,1854.1494623491133,0.0730735615626498,456.1506561899732,46831266.83476413,31.22011372987084,3.546638493591009
0.86,schechter,0,57063830471.99056,5.706383047199056e-05,64,10,0.15625,0.4153626038338617,10849084214610.486,144.28765118698362,0.07397569068569808,461.71355573855715,46304473.94949488,31.63112253176565,2.052872721403455
0.87,schechter,0,58399607922.79753,5.839960792279753e-05,58,10,0.1724137931034483,0.41052066359195927,38114560538204.14,2241.504350611097,0.07487923250089422,467.2228233198657,45785224.0019454,32.036183507575906,2.2675026400834213
0.88,schechter,0,59749406527.524796,5.97494065275248e-05,69,10,0.14492753623188406,0.40579354923326694,6926720901466.835,82.92314025206795,0.07578397563574907,472.6780610946704,45273393.53755888,32.43514730825499,1.9075323979884982
0.89,schechter,0,61113155987.05136,6.111315598705136e-05,60,10,0.16666666666666666,0.4011774876919352,22136527170921.875,477.68275718468374,0.07668970504331966,478.0789113541919,44768861.231587745,32.82786943808175,2.194967031241416
0.9,schechter,0,62490785888.57789,6.24907858885779e-05,34,10,0.29411764705882354,0.3966689083267202,5394134217827.744,46.495877553124714,0.07759620207921059,483.4250550377271,44271507.85283817,33.214210240119314,3.8750130932006766
0.91,schechter,0,63882225731.30001,6.388222573130001e-05,59,10,0.1694915254237288,0.39226393312700836,8958273351181.871,138.27825775874928,0.07850324458452297,488.7162102843091,43781216.22801512,33.59403488115184,2.2335132630655137
0.92,schechter,0,65287404951.05679,6.528740495105679e-05,96,10,0.10416666666666667,0.38795928763083354,35245499834581.69,632.5127584852615,0.07941060697480082,493.95213102354495,43297871.206686266,33.96721333657631,1.3726974884231973
0.93,schechter,0,66706252943.98766,6.670625294398766e-05,59,10,0.1694915254237288,0.3837515693291773,6626898934858.21,211.82975502749045,0.08031806033501555,499.1326056023169,42821359.6268634,34.33362037512391,2.233149271136613
0.9400000000000001,schechter,0,68138699089.22497,6.813869908922496e-05,79,10,0.12658227848101267,0.379637432561752,21134521431029.27,389.1319072877741,0.08122537252061583,504.25745544685793,42351570.28113079,34.693135543412026,1.6671915069895955
0.9500000000000001,schechter,0,69584672770.65065,6.958467277065065e-05,101,10,0.09900990099009901,0.375613758679732,8976478978360.936,192.37165025592432,0.08213230826466011,509.32653376209475,41888393.88338472,35.045643150586656,1.303329282093115
0.9600000000000001,schechter,0,71044103397.74945,7.104410339774945e-05,99,10,0.10101010101010101,0.3716782746239232,2917350956961.1787,66.16457526057789,0.0830386292910345,514.3397242659155,41431723.03608367,35.39103225288166,1.3286947277687549
0.97,schechter,0,72516920425.57953,7.251692042557953e-05,79,10,0.12658227848101267,0.3678273811443338,9360459709760.06,334.60518788969887,0.08394409443374791,519.296939958628,40981452.198053606,35.72919663820556,1.6635666873192514
0.98,schechter,0,74003053373.89435,7.400305337389435e-05,63,10,0.15873015873015872,0.36405903519373395,25970753184458.188,933.5079587788766,0.08484845976228053,524.1981219262207,40537477.652815565,36.06003481068028,2.0838065844807496
0.99,schechter,0,75502431845.43823,7.550243184543823e-05,57,10,0.17543859649122806,0.3603704201584744,4012627084506.2993,89.80663824094914,0.08575147871295036,529.0432381798779,40099697.47744613,36.383449975348185,2.3002665183212385
1.0,schechter,0,77014985543.44363,7.701498554344364e-05,84,10,0.11904761904761904,0.35675897861852135,57927701362890.664,700.282472082797,0.08665290222624604,533.8322825251416,39668011.51188104,36.69935002254036,1.5586693607148936
1.01,schechter,0,78540644288.35405,7.854064428835405e-05,49,10,0.20408163265306123,0.3532224401064551,125256618280864.17,62.13995095423614,0.08755247889006164,538.5652734697265,39242321.32879002,37.00764751265902,2.6677411340859187
1.02,schechter,0,80079338033.79973,8.007933803379973e-05,65,10,0.15384615384615385,0.349758584545648,13442749151928.09,1389.259788198386,0.08844995508875261,543.2422531578809,38822530.203856505,37.30825966040201,2.007520629335955
1.03,schechter,0,81630996881.84703,8.163099688184703e-05,65,10,0.15384615384615385,0.346365242159167,8042780243081.075,153.7328375911932,0.08934507515791797,547.8632863409863,38408543.086599246,37.60110831922387,2.0036487674524683
1.04,schechter,0,83195551097.55049,8.31955510975505e-05,53,10,0.18867924528301888,0.34304029331237573,75162940589494.55,1344.990684880429,0.09023758154479809,552.4284593777686,38000266.571585506,37.88611996543204,2.4521633406433323
1.05,schechter,0,84772931122.82335,8.477293112282334e-05,27,10,0.37037037037037035,0.3397816682937802,12309069057765.342,50.842039633567055,0.09112721497416236,556.9378792651904,37597608.87017283,38.1632256821104,4.802653514718338
1.06,schechter,0,86363067589.65648,8.636306758965647e-05,79,10,0.12658227848101267,0.33658734703841986,35402506502964.9,222.18568646640423,0.09201371461954395,561.3916726995654,37200479.78263619,38.43236114268189,1.6374489211946524
1.07,schechter,0,87965891332.7032,8.79658913327032e-05,50,10,0.2,0.3334558028866712,11445243989519.055,135.59569826723106,0.09289681827966537,565.789985167749,36808790.67077036,38.693466594163006,2.5805121939250437
1.08,schechter,0,89581333401.25243,8.958133340125243e-05,91,10,0.10989010989010989,0.3303850192032981,24038849453885.574,185.63199508556607,0.09377626255988103,570.1329800666406,36422454.43092041,38.94648683991404,1.4139929453303293
1.09,schechter,0,91209325070.61197,9.120932507061196e-05,72,10,0.1388888888888889,0.327373128850621,5091601291313.095,244.6506027033009,0.09465178305844799,574.4208378511963,36041385.46742419,39.19137122184656,1.7819724751169572
1.1,schechter,0,92849797852.92094,9.284979785292094e-05,69,10,0.14492753623188406,0.3244188497930156,155839343787820.1,896.6008896070437,0.09552311455742028,578.6537552095753,35665499.66649557,39.42807360198553,1.8537985923928273
1.11,schechter,0,94502683507.41307,9.450268350741307e-05,59,10,0.1694915254237288,0.3215202539391403,4825777729017.897,19.538241179865835,0.09638999121794681,582.8319442668701,35294714.37049736,39.65655234338852,2.1610821660673025
1.12,schechter,0,96167914050.1462,9.616791405014619e-05,72,10,0.1388888888888889,0.3186757566187357,3362424133041.565,36.11035572146126,0.09725214677973788,586.9556318123829,34928948.352648705,39.87677029008119,1.7649666588476591
1.1300000000000001,schechter,0,97845421763.22176,9.784542176322176e-05,35,10,0.2857142857142857,0.3158843587845923,10050037790530.58,95.09381459325915,0.09810931476444977,591.0250585562159,34568121.792101,40.088694746281774,3.6181118955544207
1.1400000000000001,schechter,0,99535139203.5096,9.95351392035096e-05,65,10,0.15384615384615385,0.31314417384714754,18387866827598.945,188.2028508492933,0.09896122868272254,595.0404784079053,34212156.24944995,40.292297454444814,1.941122799811638
1.1500000000000001,schechter,0,101236999210.89505,0.00010123699921089505,76,10,0.13157894736842105,0.310453887841977,4821815489890.652,52.44465551093539,0.09980762224459194,599.0021577814941,33860974.64260373,40.48755457228204,1.6538840429183121
1.1600000000000001,schechter,0,102950934916.06572,0.00010295093491606572,101,10,0.09900990099009901,0.30781221187759766,2326272204498.4214,67.56157048976732,0.10064822957298275,602.9103749238428,33514501.22304822,40.67444664853636,1.2396130088894373
1.17,schechter,0,104676879747.8596,0.0001046768797478596,68,10,0.14705882352941177,0.3052178821252248,87329266781727.6,2368.0665244904267,0.10148278541997709,606.7654192658838,33172661.552509196,40.85295859743832,1.8336843384793557
1.18,schechter,0,106414767440.18102,0.00010641476744018101,85,10,0.11764705882352941,0.3026696597812599,17171310408674.959,796.3499051959883,0.1023110253855389,610.5675907972266,32835382.47995832,41.02307967175691,1.4607578314623746
1.19,schechter,0,108164532038.50978,0.00010816453203850978,74,10,0.13513513513513514,0.3001663310040992,30485132656248.664,87.44186380319096,0.10313268613836393,614.3171994628711,32502592.119014297,41.18480343437044,1.670579910813513
1.2,schechter,0,109926107906.01166,0.00010992610790601166,58,10,0.1724137931034483,0.29770670682682243,64606973993851.125,976.3120874496941,0.1039475056385125,618.014564580625,32174219.82570734,41.338127728176055,2.1218341159210086
1.21,schechter,0,111699429729.27045,0.00011169942972927044,70,10,0.14285714285714285,0.29528962304724204,19550392708121.305,554.11735409379,0.1047552233614732,621.6600142803613,31850196.176586464,41.4830546443401,1.749930795539333
1.22,schechter,0,113484432523.6513,0.00011348443252365131,66,10,0.15151515151515152,0.2929140465179205,99331458127006.83,313.25157148450756,0.10555558052329424,625.2538849624902,31530452.947203357,41.6195904887101,1.8471155552222474
1.23,schechter,0,115281051638.31212,0.00011528105163831211,54,10,0.18518518518518517,0.2905791846803484,34199041491495.695,56.26037410121146,0.10634832030641155,628.7965207783496,31214923.090939093,41.74774574648441,2.2464862817140596
1.24,schechter,0,117089222760.8748,0.0001170892227608748,110,10,0.09090909090909091,0.28828359609836873,3298193531822.954,42.15081134230808,0.10713318808579403,632.2882731268115,30903540.718176357,41.86753504472287,1.097247596587926
1.25,schechter,0,118908881921.77124,0.00011890888192177124,38,10,0.2631578947368421,0.2860264897167619,18408992457295.82,666.1110352401384,0.1079099316550206,635.7295001718311,30596241.075822484,41.97897711298641,3.1597630172441558
1.26,schechter,0,120739965498.2749,0.0001207399654982749,88,10,0.11363636363636363,0.2838070366078934,89352906335916.94,385.25313827658493,0.10867830145189603,639.1205663776075,30292960.52715669,42.082094741816476,1.3571812048781304
1.27,schechter,0,122582410218.22975,0.00012258241021822976,91,10,0.10989010989010989,0.28162404472055647,104314800771438.1,236.27220887405178,0.10943805078320944,642.4618420610938,29993636.532022804,42.17691473904011,1.3052783871035745
1.28,schechter,0,124436153163.49243,0.00012443615316349243,72,10,0.1388888888888889,0.2794769171596174,4426399569914.37,45.7698554718904,0.11018893604823399,645.7537029610205,29698207.62734887,42.26346788380017,1.640508848977635
1.29,schechter,0,126301131773.09155,0.00012630113177309157,87,10,0.11494252873563218,0.27736462775152515,12531426635570.104,40.84629893703482,0.11093071696056572,648.9965298244824,29406613.407992665,42.341788878363246,1.3498982196069986
1.3,schechter,0,128177283846.12471,0.0001281772838461247,84,10,0.11904761904761904,0.2752861777758637,15165013636592.072,315.61359970141905,0.11166315676789583,652.1907080093702,29118794.50790167,42.41191629756562,1.3899302773460358
1.31,schechter,0,130064547544.39394,0.00013006454754439393,73,10,0.136986301369863,0.27324128702631423,16093337280691.62,123.884453119793,0.11238602246931209,655.3366271024756,28834692.581594545,42.473892535893064,1.5898111043184633
1.32,schechter,0,131962861394.79924,0.00013196286139479925,48,10,0.20833333333333334,0.2712287261443963,22178615517595.203,690.4564174178756,0.11309908502972522,658.4346805509815,28554250.285959702,42.527763752043136,2.4030731642159355
1.33,schechter,0,133872164291.49326,0.00013387216429149325,69,10,0.14492753623188406,0.2692477779434216,16981215785852.793,373.6888604189041,0.11380211959101888,661.4852653119581,28277411.26235228,42.57357981125274,1.6612814149676398
1.34,schechter,0,135792395497.80968,0.0001357923954978097,61,10,0.16393442622950818,0.26729775044193527,32417796126705.938,334.6068357024326,0.11449490567952506,664.4887815123828,28004120.11900111,42.611394224938664,1.8672016097574715
1.35,schechter,0,137723494647.9752,0.0001377234946479752,75,10,0.13333333333333333,0.2653779628029117,16696211510568.043,499.79735713996325,0.11517722740943068,667.4456321257715,27734322.413720313,42.641264088061746,1.5088069060041045
1.36,schechter,0,139665401748.61234,0.00013966540174861232,68,10,0.14705882352941177,0.2634878221813248,7380601057383.136,87.28654675597889,0.11584887368172872,670.3562226599903,27467964.636896268,42.663250013850906,1.6531245343127872
1.37,schechter,0,141618057180.04437,0.00014161805718004438,58,10,0.1724137931034483,0.2616265522969633,26038142874456.312,166.84692230007803,0.11650963837833293,673.2209608596778,27204994.194798715,42.67741606621999,1.9250940045427873
1.3800000000000001,schechter,0,143581401697.40567,0.00014358140169740566,44,10,0.22727272727272727,0.2597934824794811,62374323388039.836,1647.9891728190837,0.1171593205509839,676.040256419336,26945359.393152125,42.68382968957387,2.520222900139878
1.3900000000000001,schechter,0,145555376431.57352,0.0001455553764315735,60,10,0.16666666666666666,0.25798798416792057,41524712010859.0,45.70493691635927,0.11779772460458442,678.8145207101172,26689009.4209975,42.68256163629549,1.8352646726118158
1.4000000000000001,schechter,0,147539922889.9215,0.00014753992288992152,100,10,0.1,0.25620957312899295,17102176581170.807,92.88698135779352,0.11842466047461185,681.544166516963,26435894.334847275,42.67368589176723,1.093340684617041
1.4100000000000001,schechter,0,149534982956.9065,0.00014953498295690648,107,10,0.09345794392523364,0.25445755057223785,282621629301761.9,950.9352309349861,0.1190399437982678,684.2296077878614,26185965.04308979,42.65727959703745,1.0144361570408642
1.42,schechter,0,151540498894.4964,0.0001515404988944964,50,10,0.2,0.252731313297635,40838116755982.97,196.5817002030944,0.1196433960790384,686.8712593934863,25939173.29070372,42.63342296919496,2.1549601954756397
1.43,schechter,0,153556413342.44208,0.00015355641334244207,44,10,0.22727272727272727,0.25103026904603376,143983030423445.9,150.0011450189184,0.12023484484435139,689.4695368975586,25695471.644191947,42.602199219409364,2.430554893636605
1.44,schechter,0,155582669318.40527,0.00015558266931840528,88,10,0.11363636363636363,0.24935383644060183,66661908329017.0,1866.4013532183974,0.12081412379603326,692.0248563371289,25454813.47682177,42.56369446881846,1.206070512373353
1.45,schechter,0,157619210217.94696,0.00015761921021794696,43,10,0.23255813953488372,0.24770172331736273,36226976338080.664,931.7923642967573,0.12138107295328354,694.5376340131836,25217152.95410143,42.51799766226987,2.4492514634762435
1.46,schechter,0,159665979814.37814,0.00015966597981437815,92,10,0.10869565217391304,0.24607328831377395,25705881870258.492,158.20567085733376,0.12193553878790152,697.0082862899415,24982445.019521292,42.46520047996633,1.1358208175009745
1.47,schechter,0,161722922258.49054,0.00016172292225849055,72,10,0.1388888888888889,0.24446783083612433,293856090508764.5,48.487994870983194,0.12247737435151856,699.4372294043652,24750645.38054905,42.40539724720087,1.439827150106577
1.48,schechter,0,163789982078.15793,0.00016378998207815793,64,10,0.15625,0.2428852317777035,7816780387242.307,92.6906210263709,0.12300643939460665,701.8248792825976,24521710.494854964,42.338684842056274,1.6067877001603093
1.49,schechter,0,165867104177.82687,0.00016586710417782686,70,10,0.14285714285714285,0.24132473666926657,5582098835601.338,58.00363899982517,0.12352260047705375,704.1716513681836,24295597.556820426,42.265162601577785,1.4570898907299275
1.5,schechter,0,167954233837.8951,0.00016795423383789512,52,10,0.19230769230769232,0.2397859666718959,21307294896525.727,198.77955450497072,0.1240257310701164,706.4779604544726,24072264.484238382,42.184932225928925,1.9452605293813041
1.51,schechter,0,170051316713.98456,0.00017005131671398455,93,10,0.10752688172043011,0.23826852483399652,103832215044291.4,116.93938801173006,0.12451571164958056,708.7442205280079,23851669.90529175,42.098097681224544,1.0785646917013831
1.52,schechter,0,172158298836.1164,0.0001721582988361164,47,10,0.2127659574468085,0.2367719048147493,67174679638073.016,1625.0597540021542,0.12499242977998155,710.9708446193946,23633773.145745885,42.00476510085487,2.1160740945160663
1.53,schechter,0,174275126607.78793,0.00017427512660778794,54,10,0.18518518518518517,0.23529566935634816,7579091150586.433,291.0885197692811,0.12545578018975678,713.1582446580469,23418534.21637197,41.905042685260725,1.825939827413845
1.54,schechter,0,176401746804.96057,0.00017640174680496056,119,10,0.08403361344537816,0.23383956964087793,24684957482554.664,150.77048257004478,0.12590566483722512,715.3068313394141,23205913.800602216,41.79904060081874,0.8213671987812637
1.55,schechter,0,178538106574.96234,0.00017853810657496235,98,10,0.10204081632653061,0.232402891005985,102131836853138.34,173.39363041742095,0.12634199296731044,717.4170139952735,22995873.24240182,41.68687087740147,0.9885866641736024
1.56,schechter,0,180684153435.3091,0.0001806841534353091,92,10,0.10869565217391304,0.23098559556837983,8054407603101.425,247.28143889047305,0.12676468115894596,719.4892004707422,22788374.534365553,41.56864730499923,1.0436694298605624
1.57,schechter,0,182839835272.44516,0.00018283983527244517,88,10,0.11363636363636363,0.22958713040768608,9118584151837.203,49.457898053710764,0.12717365336312167,721.5237970103125,22583380.306024913,41.444485329667614,1.081263688416117
1.58,schechter,0,185005100340.41525,0.00018500510034041525,85,10,0.11764705882352941,0.22820702796116454,67180483339973.61,52.148502191265855,0.1275688409315561,723.5212081469141,22380853.81236754,41.31450194861355,1.1092070236928044
1.59,schechter,0,187179897259.46283,0.00018717989725946282,65,10,0.15384615384615385,0.2268449657460856,34399235940397.99,417.0856969810091,0.12795018263599814,725.4818365982129,22180758.922575094,41.178815604838775,1.4371087715913888
1.6,schechter,0,189364175014.56662,0.0001893641750145666,69,10,0.14492753623188406,0.22550087186818735,33610806949608.24,138.8179608866106,0.12831762467818383,727.4060831701074,21983060.10894857,41.037546081440404,1.3411597711153227
1.61,schechter,0,191557882953.91064,0.00019155788295391064,97,10,0.10309278350515463,0.22417412727701092,21120922294576.363,834.9396208012458,0.12867112069049735,729.2943466614942,21787722.43604854,40.89081439544632,0.9450167660562281
1.62,schechter,0,193760970787.299,0.000193760970787299,79,10,0.12658227848101267,0.2228644179470215,56987994577238.85,127.20116511450881,0.12901063172740435,731.1470237801367,21594711.550035674,40.73874269188058,1.1492678706227142
1.6300000000000001,schechter,0,195973388584.51428,0.00019597338858451429,65,10,0.15384615384615385,0.22157143404199797,93842671186705.53,1199.5272451073752,0.1293361262477481,732.964509056914,21403993.66818979,40.58145413746291,1.3833370751918816
1.6400000000000001,schechter,0,198195086773.62277,0.00019819508677362276,117,10,0.08547008547008547,0.22029486991565905,19488777801105.48,296.7443445381123,0.12964758008801838,734.7471947713282,21215535.568644308,40.41907281489956,0.7610354177666537
1.6500000000000001,schechter,0,200426016139.23215,0.00020042601613923214,91,10,0.10989010989010989,0.21903442410985963,18183384373944.28,25.23091584912933,0.12994497642672279,736.4954708775,21029304.58028762,40.25172361723229,0.9688475936186495
1.6600000000000001,schechter,0,202666127820.70135,0.00020266612782070134,61,10,0.16393442622950818,0.2177897993504596,38804335921896.15,132.22833390116085,0.13022830574001035,738.2097249354688,20845268.57286173,40.07953214273549,1.430969387446993
1.6700000000000002,schechter,0,204915373310.30856,0.00020491537331030857,83,10,0.12048192771084337,0.21656070254097126,16769811016966.762,143.52058447763798,0.13049756574871402,739.8903420478027,20663395.94724198,39.90262459048822,1.0411253511499716
1.68,schechter,0,207173704451.37827,0.00020717370445137826,48,10,0.20833333333333334,0.21534684475408072,56853737046538.08,101.99636046504943,0.13075276135699798,741.5377048000781,20483655.625891827,39.72112765668678,1.7820457314461564
1.69,schechter,0,209441073436.36856,0.00020944107343636855,69,10,0.14492753623188406,0.214147941221143,116798345899568.88,93.88101241225736,0.13099390458281196,743.1521932044727,20306017.043500546,39.53516843182764,1.2270108587691326
1.7,schechter,0,211717432804.92633,0.00021171743280492633,74,10,0.13513513513513514,0.21296371131973924,4659346878087.087,21.80478916466702,0.13122101448037002,744.7341846474804,20130450.13778125,39.34487429892322,1.1323014124469342
1.71,schechter,0,214002735441.9052,0.0002140027354419052,51,10,0.19607843137254902,0.2117938785593927,329028088615803.2,355.8303564150839,0.13143411705488842,746.2840538430664,19956925.34045368,39.15037283301429,1.6258449626177205
1.72,schechter,0,216296934575.35672,0.0002162969345753567,67,10,0.14925373134328357,0.2106381705655238,60913473202550.1,488.2452024796962,0.13163324516982902,747.8021727852637,19785413.568385925,38.9517917017551,1.2245871857174695
1.73,schechter,0,218599983774.49005,0.00021859998377449005,63,10,0.15873015873015872,0.20949631906173616,50400803079489.58,543.9111699726407,0.1318184384469108,749.2889107097168,19615886.214899182,38.749258567721206,1.2885439740173072
1.74,schechter,0,220911836947.60638,0.0002209118369476064,75,10,0.13333333333333333,0.20836811076224582,61216708851704.48,958.4870550708059,0.13198974315916043,750.7446340531739,19448315.141239457,38.54290099200271,1.0708148617333193
1.75,schechter,0,223232448340.00845,0.00022323244834000845,100,10,0.1,0.207253449977172,142827214530144.9,261.6454612338234,0.13214721211728916,752.1697064194532,19282672.668198943,38.3328463396281,0.7944614651332733
1.76,schechter,0,225561772531.88812,0.00022556177253188811,94,10,0.10638297872340426,0.20615189255693822,112637561623322.17,415.26659869217036,0.13229090454968861,753.5644885463574,19118931.567901675,38.119221686683524,0.8359946482454566
1.77,schechter,0,227899764436.194,0.000227899764436194,78,10,0.1282051282051282,0.20506318551170577,31975389972826.727,792.8394775328874,0.13242088597635046,754.9293382784473,18957065.055737577,37.902153729467706,0.9964533822460291
1.78,schechter,0,230246379296.4773,0.0002302463792964773,64,10,0.15625,0.20398715949752932,49205233085373.67,164.23191210318316,0.1325372280770222,756.2646105376856,18797046.782446537,37.681768695393714,1.2010307751587945
1.79,schechter,0,232601572684.72415,0.00023260157268472416,85,10,0.11764705882352941,0.2029237885902524,67391589031748.19,489.9885712658098,0.13264000855391733,757.5706573020312,18638850.826349083,37.45819225624989,0.894253916044739
1.8,schechter,0,234965300499.1705,0.0002349653004991705,70,10,0.14285714285714285,0.20187255687900585,35621766113670.65,49.779353944640604,0.1327293109893057,758.8478275823926,18482451.68572671,37.23154944344351,1.073718297530724
1.81,schechter,0,237337518962.1033,0.0002373375189621033,61,10,0.16393442622950818,0.20083333343542353,97066760101086.08,167.76245278570255,0.13280522469831382,760.0964674039258,18327824.271332726,37.001964565587144,1.2182340798961129
1.82,schechter,0,239718184617.65033,0.00023971818461765033,82,10,0.12195121951219512,0.19980612597583447,12984149982303.004,153.82572332094483,0.132867844577269,761.316919790166,18174943.89906127,36.76956112849455,0.8959492149897718
1.83,schechter,0,242107254329.55768,0.0002421072543295577,70,10,0.14285714285714285,0.19879037692498214,39366078412960.53,306.09631869905195,0.13291727094792347,762.5095247478125,18023786.282729935,36.53446175747368,1.0375284890742196
1.84,schechter,0,244504685278.95703,0.00024450468527895705,105,10,0.09523809523809523,0.19778623784341254,20263474408938.78,35.664089191177354,0.13295360939789763,763.6746192533008,17874327.527015675,36.29678812213141,0.6837147779500794
1.85,schechter,0,246910434962.12958,0.00024691043496212955,56,10,0.17857142857142858,0.1967932544661024,115684220209675.6,144.27503876638167,0.13297697061768127,764.8125372450977,17726544.12051855,36.05666086389543,1.2670906493904517
1.86,schechter,0,249324461188.2557,0.0002493244611882557,59,10,0.1694915254237288,0.19581138074217597,60492231587463.61,115.16524096857498,0.1329874702345315,765.9236096119629,17580412.92894541,35.81419952583407,1.1886148914117547
1.87,schechter,0,251746722077.1636,0.0002517467220771636,77,10,0.12987012987012986,0.1948403687328073,1933861938345.4185,38.11411206626139,0.13298522864360543,767.008164188584,17435911.18843124,35.569522485412314,0.9000492047672227
1.8800000000000001,schechter,0,254177176057.0744,0.0002541771760570744,41,10,0.24390243902439024,0.1938800804112354,42983876304748.06,169.850405571577,0.13297037083666333,768.0665257499512,17293016.49898085,35.32274688978709,1.6703358554482037
1.8900000000000001,schechter,0,256615781862.33853,0.0002566157818623385,76,10,0.13157894736842105,0.1929302667893904,4711515314182.207,23.240060625955206,0.13294302622867502,769.0990160070313,17151706.818034906,35.07398859381863,0.890372891680719
1.9000000000000001,schechter,0,259062498531.17392,0.0002590624985311739,70,10,0.14285714285714285,0.1919908999234905,6281571085439.782,69.13420820260627,0.13290332848265865,770.1059536072754,17011960.454154097,34.82336210098348,0.9551098040184843
1.9100000000000001,schechter,0,261517285403.4017,0.0002615172854034017,34,10,0.29411764705882354,0.19106153286657201,21256526702188.695,382.18442805489383,0.13285141533307546,771.0876541326074,16873756.06082675,34.57098050689238,1.9427013318668351
1.9200000000000002,schechter,0,263980102118.1814,0.0002639801021181814,54,10,0.18518518518518517,0.19014243948434761,11390563460566.441,105.00025195957953,0.13278742840810062,772.0444301010059,16737072.630372385,34.31695544566433,1.2083536340952374
1.93,schechter,0,266450908611.74542,0.0002664509086117454,65,10,0.15384615384615385,0.18923303711801698,49059885613730.14,769.5096105092969,0.13271151305108214,772.9765909698242,16601889.488000676,34.0613970392091,0.9916217861864876
1.94,schechter,0,268929665115.13712,0.0002689296651151371,52,10,0.19230769230769232,0.18833333617872594,207099614651318.2,100.53488318588441,0.1326238181414942,773.884443139043,16468186.28592861,33.804413849152155,1.2243265457263754
1.95,schechter,0,271416332151.94794,0.00027141633215194795,56,10,0.17857142857142858,0.187443289098853,58632771780723.086,388.3319945943839,0.13252449591568408,774.7682899569336,16335942.997650843,33.546112831714,1.1228560224388768
1.96,schechter,0,273910870536.05887,0.00027391087053605886,102,10,0.09803921568627451,0.18656251870755747,12754116623312.928,31.362340154979456,0.13241370178770218,775.6284317265234,16205139.912292665,33.286599295327754,0.6088266474260347
1.97,schechter,0,276413241369.3883,0.00027641324136938833,75,10,0.13333333333333333,0.1856909624233043,92424844051521.89,581.5125905518223,0.13229159417049882,776.4651657115235,16075757.62908553,33.02597686101678,0.8176833904389312
1.98,schechter,0,278923406039.63855,0.00027892340603963853,78,10,0.1282051282051282,0.1848286613641268,30777473103043.637,414.6286848553394,0.13215833429775978,777.2787861481055,15947777.051919853,32.7643474257025,0.7763833942515085
1.99,schechter,0,281441326218.0518,0.0002814413262180518,54,10,0.18518518518518517,0.18397523637911073,70953086790559.44,684.6604398743136,0.1320140860466449,778.0695842505469,15821179.384035045,32.50181112803752,1.1073200713018359
2.0,schechter,0,283966963857.1702,0.0002839669638571702,123,10,0.08130081300813008,0.18313056456159726,147560080804519.4,117.73856164977038,0.13185901576168338,778.8378482251758,15695946.122775251,32.238466317213195,0.4799876859570154
2.01,schechter,0,286500281188.60297,0.00028650028118860297,106,10,0.09433962264150944,0.18229455437374364,7468200710462.586,100.3803299763423,0.13169329208006922,779.5838632789844,15572059.054465903,31.974409524251666,0.5498830882629285
2.02,schechter,0,289041240720.79877,0.0002890412407207988,110,10,0.09090909090909091,0.18146723394048148,13184550116986.2,39.803042638038804,0.13151708575859106,780.3079116350976,15449500.249373306,31.709735436187163,0.5231161798717593
2.03,schechter,0,291589805236.8268,0.0002915898052368268,92,10,0.10869565217391304,0.18064828381235387,39663997553882.71,70.09569877251185,0.13133056950241706,781.0102725418554,15328252.056764135,31.444536872588696,0.617434958837764
2.04,schechter,0,294145937792.16565,0.00029414593779216564,101,10,0.09900990099009901,0.17983758636947111,14629365204028.025,35.59062652170641,0.13113391779594796,781.6912222901954,15208297.100052891,31.178904764966997,0.5551622751064621
2.05,schechter,0,296709601712.50037,0.0002967096017125004,91,10,0.10989010989010989,0.1790350252038313,167768740831879.2,955.9776576395216,0.13092730673593825,782.3510342267969,15089618.27204791,30.912928138530933,0.6081864690556167
2.0599999999999996,schechter,0,299280760591.5281,0.0002992807605915281,60,10,0.16666666666666666,0.17824048511969925,68117158296484.6,298.0963895754058,0.1307109138670736,782.9899787690039,14972198.730271557,30.646694096446886,0.9104136038442859
2.07,schechter,0,301859378288.77405,0.00030185937828877403,59,10,0.1694915254237288,0.17745385213353781,115568574093873.83,150.55660246189865,0.1304849180201844,783.6083234210938,14856021.89238433,30.380287806594858,0.9137456102043738
2.0799999999999996,schechter,0,304445418927.4158,0.0003044454189274158,84,10,0.11904761904761904,0.1766750245581734,11135745800949.66,76.2928337719925,0.1302494991532604,784.2063327908594,14741071.431683572,30.113792490668217,0.6333755985510173
2.09,schechter,0,307038846892.11865,0.00030703884689211865,57,10,0.17543859649122806,0.17590394065965398,70728833328488.6,147.4306908356403,0.13000483819542183,784.7842686072852,14627331.272682121,29.84728941560487,0.9210975133708906
2.0999999999999996,schechter,0,309639626826.8814,0.0003096396268268814,67,10,0.14925373134328357,0.17514041075239328,114576723319807.0,127.70931389781317,0.12975111689399202,785.3423897363476,14514785.586787315,29.580857887222145,0.773254268772576
2.11,schechter,0,312247723632.89307,0.00031224772363289306,110,10,0.09090909090909091,0.17438432609071008,41648326166392.234,79.95986095314133,0.12948851766480282,785.8809522012891,14403418.788036415,29.3145752461497,0.46472749535774793
2.1199999999999997,schechter,0,314863102466.39954,0.00031486310246639954,57,10,0.17543859649122806,0.1736355791298455,20898847064537.37,36.19143060606414,0.1292172234458553,786.4002091994727,14293215.5289337,29.04851686579072,0.8848870261148519
2.13,schechter,0,317485728736.58405,0.00031748572873658404,106,10,0.09433962264150944,0.17289406352353964,172296018303322.5,90.64349205585513,0.12893741755444604,786.9004111226562,14184160.69634576,28.78275615242017,0.46946864816972494
2.1399999999999997,schechter,0,320115568103.4575,0.0003201155681034575,86,10,0.11627906976744186,0.1721596741212631,22130309294760.5,57.49534444597678,0.12864928354785926,787.3818055749024,14076239.407488255,28.517364547206903,0.5708767659586514
2.15,schechter,0,322752586475.7598,0.0003227525864757598,49,10,0.20408163265306123,0.17143230696512002,39431819633854.3,360.7570726696214,0.12835300508771263,787.8446373940235,13969437.005973084,28.25241153024937,0.9884440991752258
2.1599999999999997,schechter,0,325396750008.8793,0.00032539675000887926,80,10,0.125,0.17071185928643073,37514413397323.73,229.1064760868525,0.12804876580803742,788.2891486704883,13863739.057946578,27.987964626397304,0.5972346848768921
2.17,schechter,0,328048025102.7742,0.0003280480251027742,71,10,0.14084507042253522,0.1699982295020125,32093188046713.22,36.36413139910087,0.12773674918715994,788.715578768711,13759131.34827611,27.724089412885508,0.66380931193606
2.1799999999999997,schechter,0,330706378399.9198,0.0003307063783999198,95,10,0.10526315789473684,0.16929136838262326,32525223127159.79,359.72476766711134,0.1274171384234439,789.1241643461914,13655599.876833957,27.460849528647714,0.4893562940688512
2.19,schechter,0,333371776783.2571,0.0003333717767832571,52,10,0.19230769230769232,0.16859116923795348,21110512729086.555,157.95381414366392,0.12709011631494216,789.5151393774023,13553130.854817575,27.198306685362635,0.8818066010341794
2.1999999999999997,schechter,0,336044187374.16003,0.00033604418737416005,73,10,0.136986301369863,0.1678975049633472,105647234527167.47,37.74998346530147,0.12675586514299808,789.8887351718555,13451710.70117912,26.93652067993852,0.619530769117162
2.21,schechter,0,338723577530.4183,0.00033872357753041827,69,10,0.14492753623188406,0.16721027832364999,60867885892312.086,115.0415417408951,0.12641456655982633,790.2451803976368,13351326.039074074,26.675549408581762,0.6464385566732223
2.2199999999999998,schechter,0,341409914844.226,0.000341409914844226,33,10,0.30303030303030304,0.166529393251043,12846620127395.697,88.96331229334831,0.1260664014800965,790.5847011024805,13251963.692418212,26.415448882282128,1.3330147499455711
2.23,schechter,0,344103167140.193,0.00034410316714019297,97,10,0.10309278350515463,0.16585475483971035,71962427722299.77,340.25951977148395,0.1257115499765309,790.9075207355078,13153610.682476113,26.156273243601166,0.44723116353999454
2.2399999999999998,schechter,0,346803302473.3619,0.00034680330247336186,64,10,0.15625,0.1651862693402779,140039086775426.22,116.49636885584466,0.12535019117952442,791.2138601692187,13056254.22453316,25.89807478478521,0.6684384932490921
2.25,schechter,0,349510289127.24536,0.00034951028912724534,79,10,0.12658227848101267,0.16452388371089488,89977684025447.0,1058.2648638715204,0.12498250318078254,791.5039377224805,12959881.724614153,25.640903967084633,0.5339925446231463
2.26,schechter,0,352224095611.87177,0.00035222409561187177,68,10,0.14705882352941177,0.16386762245628028,48811838302402.86,98.30943834354653,0.12460866294096873,791.7779691810157,12864480.776277887,25.38480944115674,0.6117277014158958
2.27,schechter,0,354944690661.8509,0.0003549446906618509,87,10,0.11494252873563218,0.16321725207238602,61647085471993.67,608.5380853161266,0.12422884620134438,792.0361678225,12770039.157449897,25.129838068642155,0.47145093271124233
2.28,schechter,0,357672043234.4474,0.0003576720432344474,60,10,0.16666666666666666,0.16257268305530026,9985787377271.64,84.19996689960519,0.12384322739937846,792.2787444363868,12676544.827336488,24.876034944613796,0.674027290787212
2.29,schechter,0,360406122507.67413,0.0003604061225076741,69,10,0.14492753623188406,0.16193382703112524,43067615645290.33,105.06544388257252,0.12345197958829715,792.5059073482422,12583985.923375618,24.62344342106235,0.5778794822981174
2.3,schechter,0,363146897878.3958,0.00036314689787839583,58,10,0.1724137931034483,0.16130077959297173,55981591094180.38,329.2597104793669,0.12305527436053831,792.717862440957,12492350.758259717,24.37210513117883,0.6777999237898297
2.31,schechter,0,365894338960.4487,0.00036589433896044876,85,10,0.11764705882352941,0.16067334747989714,10277455449742.58,95.1755096019411,0.12265328177506969,792.9148131803906,12401627.816991834,24.122060014533336,0.4559731918407115
2.32,schechter,0,368648415582.7767,0.0003686484155827767,112,10,0.08928571428571429,0.1600513807473105,193754374549111.16,1537.0935253834261,0.12224617028852493,793.0969606337305,12311805.754026573,23.873346342827016,0.34115732546680533
2.3299999999999996,schechter,0,371409097787.5766,0.0003714090977875766,73,10,0.136986301369863,0.15943484355008297,28353570434213.008,155.0637780668616,0.12183410669010708,793.2645034958985,12222873.3904306,23.62600074650336,0.5160010592784804
2.34,schechter,0,374176355828.4625,0.00037417635582846255,57,10,0.17543859649122806,0.15882385118990638,20030297927107.75,127.85439813072965,0.12141725604020252,793.4176381112305,12134819.711121293,23.38005824188015,0.6514580510560907
2.3499999999999996,schechter,0,376950160168.6439,0.00037695016016864395,67,10,0.14925373134328357,0.1582180847687038,17986921417607.566,82.23427115261356,0.12099578161264772,793.556558495,12047633.862132035,23.13555225878943,0.5463377266346153
2.36,schechter,0,379730481479.1165,0.0003797304814791165,98,10,0.10204081632653061,0.1576174945431038,5797679098413.697,57.00740994282569,0.12056984484058411,793.6814563585938,11961305.147949908,22.89251466886899,0.3681898781528961
2.3699999999999997,schechter,0,382517290636.8696,0.00038251729063686963,63,10,0.15873015873015872,0.15702226672319408,7053778082561.177,34.579920448594095,0.12013960526583477,793.7925211297461,11875823.028886234,22.65097581412207,0.5645567564802688
2.38,schechter,0,385310558723.10657,0.00038531055872310655,83,10,0.12048192771084337,0.15643203347498968,258858913057275.84,46.17692390974592,0.11970522049173256,793.8899399775977,11791177.118503083,22.410964536024462,0.4223846692176127
2.3899999999999997,schechter,0,388110257021.48016,0.00038811025702148016,73,10,0.136986301369863,0.1558468417876443,88915292836870.98,80.79467435749136,0.1192668461393275,793.9738978336328,11707357.181081956,22.172508204842085,0.47335827099113276
2.4,schechter,0,390916357016.34375,0.00039091635701634373,58,10,0.1724137931034483,0.15526672501779204,74935708723694.28,132.7335938792688,0.11882463580689664,794.0445774149414,11624353.129135568,21.935632749299046,0.5872196307201187
2.4099999999999997,schechter,0,393728830391.01495,0.00039372883039101494,63,10,0.15873015873015872,0.1546913794177408,91895344017852.52,174.4844671882716,0.11837874103268001,794.1021592473438,11542155.020976886,21.700362686504153,0.5328347679112061
2.42,schechter,0,396547649026.05524,0.00039654764902605525,137,10,0.072992700729927,0.15412105266172682,57562556148701.83,109.71628363828972,0.11792931126076286,794.1468216865039,11460753.05831884,21.466721151989912,0.2414944278204702
2.4299999999999997,schechter,0,399372784997.56476,0.0003993727849975648,56,10,0.17857142857142858,0.15355541492192826,25079019715900.08,141.04306816317592,0.1174764938100209,794.1787409423242,11380137.583922423,21.23472992999971,0.5822692437778918
2.44,schechter,0,402204210575.4886,0.0004022042105754886,124,10,0.08064516129032258,0.15299454024753467,28313987421651.414,133.96598392867264,0.11702043384604897,794.198091099961,11300299.079290532,21.00440948379413,0.25915806226968063
2.4499999999999997,schechter,0,405041898221.93976,0.0004050418982219398,90,10,0.1111111111111111,0.15243835214553814,20611777449620.64,40.902185881116125,0.11656127435598546,794.2050441419336,11221228.162397789,20.77577898604143,0.35189172368578386
2.46,schechter,0,407885820589.53766,0.00040788582058953765,89,10,0.11235955056179775,0.15188672045195906,10669045290392.209,77.96854301246576,0.11609915612615085,794.1997699711915,11142915.58546343,20.54885634926235,0.3506852134750421
2.4699999999999998,schechter,0,410735950519.75757,0.0004107359505197576,66,10,0.15151515151515152,0.1513397290229106,11670717666730.035,133.5148979054175,0.11563421772241134,794.1824364325391,11065352.232765501,20.323658256220444,0.46602680806827906
2.48,schechter,0,413592261041.2981,0.0004135922610412981,36,10,0.2777777777777778,0.1507971347580982,106255649498763.86,119.58524202309579,0.11516659547318477,794.1532093357422,10988529.118494129,20.100200190307113,0.841959054656248
2.4899999999999998,schechter,0,416454725368.4587,0.0004164547253684587,81,10,0.12345679012345678,0.15025909225967793,69382282644290.984,148.78610164266357,0.11469642345499854,794.1122524752734,10912437.38464076,19.878496465752633,0.36875615239891435
2.5,schechter,0,419323316899.5363,0.0004193233168995363,73,10,0.136986301369863,0.14972533341840655,21603013205658.38,41.810819630652745,0.11422383348051643,794.0597276541797,10837068.298925612,19.65856025782838,0.40320335467523155
2.51,schechter,0,422198009215.23285,0.00042219800921523284,61,10,0.16393442622950818,0.1491959972923511,64704342385069.164,181.39703187710546,0.11374895508894493,793.9957947047852,10762413.25276639,19.440403632829497,0.47548039471571185
2.52,schechter,0,425078776077.0759,0.00042507877607707593,85,10,0.11764705882352941,0.14867087541082613,145182433782259.56,194.71749353814678,0.11327191553873434,793.9206115102344,10688463.759278566,19.224037577895547,0.3362417053689822
2.53,schechter,0,427965591425.8584,0.0004279655914258584,82,10,0.12195121951219512,0.14815000824128488,51815444752975.016,131.38871636312996,0.112792839802488,793.8343340258203,10615211.451314276,19.009472030628793,0.3434455412195281
2.54,schechter,0,430858429380.0845,0.0004308584293800845,63,10,0.15873015873015872,0.1476333283885125,14630855726606.781,92.02655893176221,0.11231185056399447,793.7371163005079,10542648.079530537,18.7967159084787,0.44047964005428775
2.55,schechter,0,433757264234.43866,0.00043375726423443864,66,10,0.15151515151515152,0.14712069785747173,77104057717917.22,105.00877845771251,0.11182906821729809,793.6291104980078,10470765.510502744,18.58577713788276,0.41429583374981144
2.56,schechter,0,436662070458.2602,0.0004366620704582602,70,10,0.14285714285714285,0.146612268623594,157657000757668.1,247.07863675985513,0.1113446108677235,793.5104669174805,10399555.724859066,18.376662683100736,0.3848920293857058
2.57,schechter,0,439572822694.0359,0.0004395728226940359,49,10,0.20408163265306123,0.14610771822958357,57132671278704.89,58.983450685435606,0.11085859433477233,793.3813340141602,10329010.815461004,18.169378574774747,0.5417727439203717
2.5799999999999996,schechter,0,442489495755.90704,0.00044248949575590704,60,10,0.16666666666666666,0.1456072809453841,56897773676173.8,203.3866640878045,0.11037113215680884,793.2418584210352,10259122.985599501,17.963929938167833,0.43594649889833337
2.59,schechter,0,445412064628.1873,0.0004454120646281873,64,10,0.15625,0.14511071116382768,12429477327628.502,43.48489298831547,0.10988233559745512,793.0921849688672,10189884.547240347,17.76032102106074,0.4026895021662503
2.5999999999999996,schechter,0,448340504463.8943,0.0004483405044638943,77,10,0.12987012987012986,0.1446179586734444,51548668258828.05,104.61604147254154,0.109392313653616,792.9324567058399,10121287.9192909,17.558555221272858,0.32977693679940645
2.61,schechter,0,451274790583.298,0.000451274790583298,71,10,0.14084507042253522,0.14412918649036732,38987743772026.39,50.781150559991204,0.108901173065055,792.7628149180274,10053325.625898778,17.358635113838183,0.3523783038789609
2.6199999999999997,schechter,0,454214898472.4772,0.0004542148984724772,47,10,0.2127659574468085,0.14364409576900738,116289003983852.95,232.7649220949498,0.1084090183254463,792.5833991515821,9985990.294780755,17.160562477838017,0.524470953195021
2.63,schechter,0,457160803781.896,0.000457160803781896,103,10,0.0970873786407767,0.1431627494133485,33339039354682.68,462.8406783723989,0.10791595169482557,792.3943472285742,9919274.6555814,16.964338322701465,0.23579236080157034
2.6399999999999997,schechter,0,460112482324.9858,0.00046011248232498577,70,10,0.14285714285714285,0.14268519798449508,67363303306686.02,121.96334319972576,0.10742207321336858,792.1957952710742,9853171.53826193,16.76996291428352,0.3418322112310263
2.65,schechter,0,463069910076.7464,0.0004630699100767464,105,10,0.09523809523809523,0.14221121544842175,31775620078276.46,114.83737460862524,0.10692748071642302,791.9878777177148,9787673.871516135,16.57743580036121,0.22452355182738554
2.6599999999999997,schechter,0,466033063172.35864,0.00046603306317235865,37,10,0.2702702702702703,0.1417408266058836,76247425643313.6,29.022520409348903,0.10643226985072582,791.7707273436914,9722774.681209411,16.38675583577224,0.6277492750138229
2.67,schechter,0,469001917905.80695,0.00046900191790580695,100,10,0.1,0.1412741318313322,23569739490659.188,99.03504579225633,0.10593653409173551,791.5444752816602,9658467.088857314,16.197921207158156,0.2288347256013593
2.6799999999999997,schechter,0,471976450728.51776,0.00047197645072851775,78,10,0.1282051282051282,0.14081089608465458,236388207022890.4,87.50326622425037,0.10544036476201399,791.3092510386524,9594744.310116976,16.01092945716017,0.28904016974498914
2.69,schechter,0,474956638248.0127,0.0004749566382480127,102,10,0.09803921568627451,0.14035108653135575,60522609586843.71,50.50111101323058,0.1049438510505919,791.06518251625,9531599.653310519,15.825777508245716,0.21776128122409588
2.6999999999999997,schechter,0,477942457226.5664,0.0004779424572265664,105,10,0.09523809523809523,0.13989483708481099,16575011799639.865,100.97107042019232,0.10444708003325524,790.8123960294922,9469026.51798176,15.642461686068042,0.20840948849313204
2.71,schechter,0,480933884579.8891,0.0004809338845798891,72,10,0.1388888888888889,0.1394419961566674,32442932641554.35,86.33348307123693,0.10395013669369071,790.5510163239453,9407018.393461363,15.460977742304452,0.2994318887389914
2.7199999999999998,schechter,0,483930897375.8074,0.0004839308973758074,38,10,0.2631578947368421,0.13899247501838286,121501091106799.03,616.9729080273157,0.10345310394543139,790.2811665964063,9345568.857473286,15.281320877133611,0.5589443711218121
2.73,schechter,0,486933472832.969,0.000486933472832969,99,10,0.10101010101010101,0.1385462418147757,86034958388767.31,658.8601144575479,0.10295606265454338,790.0029685108399,9284671.574754989,15.103485761137462,0.21136678692005784
2.7399999999999998,schechter,0,489941588319.5563,0.0004899415883195563,86,10,0.11627906976744186,0.13810340641958707,41730959070464.13,322.0449860259325,0.10245909166299956,789.7165422184765,9224320.295706078,14.927466556826985,0.2397132535711943
2.75,schechter,0,492955221352.0078,0.0004929552213520078,102,10,0.09803921568627451,0.13766383376586455,16628614784115.975,93.82135973179001,0.10196226781268383,789.4220063741797,9164508.855059594,14.753256939627274,0.19911665792568006
2.76,schechter,0,495974349593.757,0.000495974349593757,33,10,0.30303030303030304,0.13722744609039128,82039966547931.7,75.66197288366595,0.10146566596997589,789.1194781550196,9105231.170576822,14.580850118438988,0.6063311586606551
2.77,schechter,0,498998950853.9827,0.0004989989508539827,34,10,0.29411764705882354,0.13679421251672053,40114334622142.86,60.850626026496535,0.10096935905086413,788.8090732775781,9046481.241760328,14.410238855701136,0.5797756695422014
2.78,schechter,0,502029003086.3669,0.0005020290030863669,64,10,0.15625,0.13636410238398577,82046968945377.58,269.06307123851957,0.1004734180465394,788.4909060148829,8988253.148596747,14.24141548699327,0.30344028743144236
2.79,schechter,0,505064484387.8692,0.0005050644843878692,64,10,0.15625,0.13593722454700974,95011025936415.84,138.31807646465782,0.09997791204942123,788.1650892151758,8930541.050315544,14.074371940196333,0.2989423529363441
2.8,schechter,0,508105372997.5105,0.0005081053729975105,102,10,0.09803921568627451,0.13551340895857011,8460354515200.51,88.23548978641475,0.09948290827957305,787.8317343164648,8873339.184167327,13.909099754111166,0.18479112972788367
2.81,schechter,0,511151647295.1706,0.0005111516472951706,71,10,0.14084507042253522,0.1350926180371118,241579333592064.84,1176.2549818279938,0.09898847211146117,787.4909513659961,8816641.86423281,13.74559009672015,0.26153912008886226
2.82,schechter,0,514203285800.39185,0.0005142032858003919,88,10,0.11363636363636363,0.13467482209643045,32392343785396.418,46.795546476000936,0.09849466710101733,787.1428490355469,8760443.480241075,13.58383378289776,0.20788640887491336
2.8299999999999996,schechter,0,517260267171.20245,0.0005172602671712024,102,10,0.09803921568627451,0.1342599916655215,15252942359797.73,82.00816214990415,0.09800155501296365,786.7875346370703,8704738.496411402,13.423821291679431,0.17669432693532652
2.84,schechter,0,520322570202.9423,0.0005203225702029423,53,10,0.18867924528301888,0.13384809748855364,89332166185210.47,62.25780673274251,0.09750919584836228,786.4251141416993,8649521.450322606,13.265542783149002,0.33501276673160507
2.8499999999999996,schechter,0,523390173827.1077,0.0005233901738271078,69,10,0.14492753623188406,0.13343916480356632,152164582753946.78,81.78903089264483,0.097017647872353,786.055692193457,8594786.951786837,13.108988114764745,0.253514844268708
2.86,schechter,0,526463057110.2014,0.0005264630571102015,60,10,0.16666666666666666,0.13303314995266036,13063892918521.182,66.54077232019033,0.09652696764204288,785.6793721264258,8540529.681758447,12.954146857327492,0.28722182689660536
2.8699999999999997,schechter,0,529541199252.5961,0.0005295411992525961,86,10,0.11627906976744186,0.1326299774695585,64920310060734.914,594.8126907911733,0.09603721003451575,785.2962559804101,8486744.391249523,12.801008310466866,0.1974183074191688
2.88,schechter,0,532624579587.4118,0.0005326245795874118,94,10,0.10638297872340426,0.1322296190634915,62098461829605.9,206.452353227012,0.0955484282749277,784.9064445166016,8433425.9002663,12.649561517699219,0.1779411383835712
2.8899999999999997,schechter,0,535713177579.3941,0.0005357131775793941,175,10,0.05714285714285714,0.1318320466573233,29970468038907.168,36.820832828133106,0.09506067396466021,784.5100372332422,8380569.09677265,12.49979528107224,0.09416420541150314
2.9,schechter,0,538806972823.8191,0.0005388069728238191,71,10,0.14084507042253522,0.13143723238730887,87358555491824.42,34.12506117134588,0.09457399710949974,784.1071323804883,8328168.935656688,12.351698175353462,0.22865817231715943
2.9099999999999997,schechter,0,541905945045.39087,0.0005419059450453909,64,10,0.15625,0.13104514860282335,189512798174568.12,665.5753421734864,0.0940884461478178,783.697826975957,8276220.437724468,12.205258561829277,0.24991248780793743
2.92,schechter,0,545010074097.1658,0.0005450100740971658,81,10,0.12345679012345678,0.13065576786605648,115312366169128.47,674.6414951056656,0.09360406797872392,783.282216820293,8224718.688710108,12.060464601693482,0.1945394152290932
2.9299999999999997,schechter,0,548119339959.4733,0.0005481193399594733,70,10,0.14285714285714285,0.13026906295167884,26782643851624.566,61.683417229741636,0.09312090799016796,782.860396510664,8173658.8382961275,11.917304268991344,0.22177943714736348
2.94,schechter,0,551233722738.8582,0.0005512337227388582,62,10,0.16129032258064516,0.1298850068464774,31607686952039.086,38.408064947957094,0.09263901008696694,782.4324594564063,8123036.099160874,11.775765363216504,0.2466928007780463
2.9499999999999997,schechter,0,554353202667.027,0.000554353202667027,58,10,0.1724137931034483,0.12950357274896174,26994215649365.836,123.38594777012159,0.09215841671873516,781.9984978941015,8072845.746031287,11.635835521492915,0.25980728826769156
2.96,schechter,0,557477760099.8059,0.0005574777600998059,56,10,0.17857142857142858,0.1291247340689441,13728796951222.857,114.99171215886174,0.09167916890769558,781.5586029001757,8023083.114753859,11.497502230340261,0.26510927106246035
2.9699999999999998,schechter,0,560607375516.1072,0.0005606073755161072,69,10,0.14492753623188406,0.12874846442708943,42604205482405.95,335.66536376890923,0.0912013062763538,781.1128644072461,7973743.601392691,11.360752837136186,0.21198253369811354
2.98,schechter,0,563742029516.9111,0.0005637420295169112,81,10,0.12345679012345678,0.12837473765444185,91106970465503.66,203.3528814906815,0.09072486707501438,780.661371215586,7924822.661321773,11.225574561106653,0.17791113448178303
2.9899999999999998,schechter,0,566881702824.2488,0.0005668817028242488,77,10,0.12987012987012986,0.12800352779192403,75980583420258.02,43.60368445225753,0.09024988820912404,780.204211010293,7876315.808353685,11.091954504068736,0.18439081904263888
3.0,schechter,0,570026376280.2045,0.0005700263762802044,82,10,0.12195121951219512,0.12763480908981129,45623820477755.66,75.68531302180654,0.0897764052664229,779.7414703713672,7828218.613865179,10.95987966068999,0.17059294489505764
3.01,schechter,0,573176030845.919,0.0005731760308459189,79,10,0.12658227848101267,0.1272685560071829,63674438323735.23,268.2013600085784,0.08930445254389056,779.2732347911328,7780526.705950752,10.829336928524931,0.17446000929223157
3.02,schechter,0,576330647600.6077,0.0005763306476006077,74,10,0.13513513513513514,0.12690474321134837,52067653295852.2,99.31101891048499,0.08883406307447111,778.7995886838477,7733235.768582869,10.700313117589213,0.18350276871198398
3.03,schechter,0,579490207740.5887,0.0005794902077405887,59,10,0.1694915254237288,0.12654334557725277,26937163081307.777,240.80272591209518,0.08836526865356453,778.3206154020118,7686341.540784624,10.57279495969307,0.22676556716980956
3.04,schechter,0,582654692578.3156,0.0005826546925783156,57,10,0.17543859649122806,0.1261843381868586,183048781287436.2,288.33110832484937,0.08789809986527143,777.8363972473437,7639839.815826388,10.446769117388454,0.231266429345364
3.05,schechter,0,585824083541.4236,0.0005858240835414235,84,10,0.11904761904761904,0.1258276963285071,170532564527500.12,164.1018635819175,0.08743258610838046,777.3470154858203,7593726.440420668,10.322222192632278,0.1546215999392751
3.06,schechter,0,588998362171.784,0.0005889983621717841,78,10,0.1282051282051282,0.1254733954962588,137445310412612.97,50.5993991045145,0.08696875562208634,776.8525503579297,7547997.313944066,10.199140735092383,0.16406677168926287
3.07,schechter,0,592177510124.5668,0.0005921775101245668,66,10,0.15151515151515152,0.12512141138921418,108325861762924.39,1600.0507549497818,0.08650663551143015,776.3530810942578,7502648.387664568,10.07751125021022,0.1910473380177253
3.08,schechter,0,595361509167.3126,0.0005953615091673126,82,10,0.12195121951219512,0.12477171991081437,53836142527704.09,376.303811581255,0.08604625177245216,775.8486859249219,7457675.663981256,9.95732020688441,0.1515112155994724
3.09,schechter,0,598550341179.0156,0.0005985503411790156,69,10,0.14492753623188406,0.12442429716812364,57996460324359.95,35.48322132780559,0.08558762931704852,775.3394420946094,7413075.195680463,9.838554044943367,0.17741379307140265
3.0999999999999996,schechter,0,601743988149.2118,0.0006017439881492118,40,10,0.25,0.12407911947109385,163938976694915.94,286.8083018715646,0.08513079199752545,774.8254258728906,7368843.085202581,9.721199182271205,0.30154945868483213
3.11,schechter,0,604942432177.0784,0.0006049424321770783,67,10,0.14925373134328357,0.12373616333181137,37731750858943.664,341.25110198978683,0.08467576263084305,774.3067125685938,7324975.48391775,9.605242021705514,0.1773904172596017
3.1199999999999997,schechter,0,608145655470.5403,0.0006081456554705403,89,10,0.11235955056179775,0.12339540546372729,68719144173205.4,431.4565904402051,0.08422256302254322,773.7833765376563,7281468.591418872,9.49066895759159,0.1315848251847218
3.13,schechter,0,611353640345.3882,0.0006113536403453882,60,10,0.16666666666666666,0.12305682278086949,17983759642358.945,117.1715221017402,0.08377121399035611,773.255491200039,7238318.654820386,9.37746638218027,0.19232686978758645
3.1399999999999997,schechter,0,614566369224.401,0.000614566369224401,43,10,0.23255813953488372,0.12272039239704213,52153457790871.484,640.8990384198662,0.08332173538748046,772.7231290479688,7195521.968076602,9.265620691673014,0.26443735048471284
3.15,schechter,0,617783824636.481,0.000617783824636481,56,10,0.17857142857142858,0.12238609162500713,37047546485225.48,88.12058745976712,0.08287414612553251,772.1863616569922,7153074.871296239,9.155118292035276,0.20008199037978713
3.1599999999999997,schechter,0,621005989215.7927,0.0006210059892157927,48,10,0.20833333333333334,0.12205393623645566,51186077086734.99,298.4715944376604,0.08242846419716175,771.6452597007813,7110973.750088734,9.045945604639451,0.23001943083898124
3.17,schechter,0,624232845700.9137,0.0006242328457009137,90,10,0.1111111111111111,0.12172391815151684,62608895944618.75,41.492674836580036,0.0819847066983287,771.0998929594141,7069215.034901877,8.93808907156921,0.12088658028651753
3.1799999999999997,schechter,0,627464376933.9921,0.000627464376933992,82,10,0.12195121951219512,0.12139596733320623,28247182814631.637,63.63296753844209,0.0815428898502426,770.5503303306641,7027795.200383879,8.831535160749816,0.1307454577898106
3.19,schechter,0,630700565859.9115,0.0006307005658599115,113,10,0.08849557522123894,0.12107006180182045,17120423714420.072,67.11803479094036,0.08110302902095701,769.9966398428907,6986710.76474544,8.726270370861029,0.09349469850438401
3.1999999999999997,schechter,0,633941395525.468,0.000633941395525468,96,10,0.10416666666666667,0.12074617977309388,34705509808957.79,102.73418292635236,0.08066513874662186,769.4388886634375,6945958.289138465,8.622281235990588,0.10844870001823892
3.21,schechter,0,637186849078.5469,0.0006371868490785469,57,10,0.17543859649122806,0.1204242996572984,20037670614277.598,37.233657222654905,0.08022923275238983,768.8771431114453,6905534.377048772,8.519554330133559,0.17999322168397155
3.2199999999999998,schechter,0,640436909767.3154,0.0006404369097673154,99,10,0.10101010101010101,0.12010440005832934,83578151423534.47,63.72334917865332,0.07979532397297763,768.3114686675391,6865435.673682141,8.41807627143195,0.10212606062884771
3.23,schechter,0,643691560939.4205,0.0006436915609394205,75,10,0.13333333333333333,0.11978650996481788,70948805238783.33,339.092131292268,0.07936342457287976,767.741929983164,6825658.865381889,8.317833726240664,0.1328485696712034
3.2399999999999998,schechter,0,646950786041.19,0.0006469507860411899,78,10,0.1282051282051282,0.11947063126994273,30827533752119.54,102.56989628924353,0.07893354596623703,767.168590893711,6786200.679036681,8.218813413019587,0.12588549060811827
3.25,schechter,0,650214568616.8497,0.0006502145686168498,125,10,0.08,0.11915667405565844,44085773693115.78,123.29268816435126,0.07850569883635809,766.5915144252344,6747057.881511198,8.1210021059865,0.07741372807586794
3.26,schechter,0,653482892307.741,0.000653482892307741,55,10,0.18181818181818182,0.11884461761623755,28259716202781.863,139.3797923152305,0.07807989315489611,766.0107628079297,6708227.279078383,8.024386638653969,0.17339184757739576
3.27,schechter,0,656755740851.548,0.0006567557408515479,64,10,0.15625,0.11853444143560388,123524309551974.72,432.992204848085,0.0776561382006801,765.4263974830078,6669705.71686476,7.928953907125751,0.14685220664840623
3.28,schechter,0,660033098081.5344,0.0006600330980815344,60,10,0.16666666666666666,0.11822612518635356,38770047861547.65,226.2013481516953,0.07723444257820353,764.8384791154297,6631490.078299773,7.8346908732806115,0.1543775239968092
3.29,schechter,0,663314947925.7842,0.0006633149479257842,82,10,0.12195121951219512,0.11791979276398756,50867390558893.5,480.0773432305032,0.07681481423577075,764.2470676008985,6593577.284582875,7.741584567743005,0.11132756681623651
3.3,schechter,0,666601274406.4482,0.0006666012744064483,90,10,0.1111111111111111,0.11761528488728745,231727257014792.0,844.3989780716007,0.07639726048330328,763.652222077539,6555964.294144623,7.6496220927269,0.09996805352401804
3.31,schechter,0,669892061639.0107,0.0006698920616390108,73,10,0.136986301369863,0.11731258065357941,24041270969849.555,25.498566088135853,0.0759817880098082,763.0540009336328,6518648.1021335395,7.558790624706321,0.12147140202799728
3.32,schechter,0,673187293831.5381,0.0006731872938315381,58,10,0.1724137931034483,0.1170116604096233,71690927716601.56,115.36020056634425,0.07556840290051019,762.4524618197265,6481625.739898744,7.469077416966816,0.15068433625643232
3.33,schechter,0,676486955283.9629,0.0006764869552839628,83,10,0.12048192771084337,0.11671256688948872,18544310944391.688,48.37249389333263,0.07515711065365033,761.8476616534766,6444894.2744803615,7.380469801941147,0.10378235848613346
3.34,schechter,0,679791030387.3531,0.0006797910303873531,67,10,0.14925373134328357,0.11641532162177093,89906222659351.31,293.84228068391195,0.07474791619695409,761.2396566332812,6408450.8081216905,7.292955193509312,0.12671816782470913
3.3499999999999996,schechter,0,683099503623.2004,0.0006830995036232005,76,10,0.13157894736842105,0.11611980578842729,157399007663026.53,322.08325901793347,0.0743408239037712,760.6285022445313,6372292.477769603,7.206521089069254,0.11010787227275358
3.36,schechter,0,686412359562.7097,0.0006864123595627098,98,10,0.10204081632653061,0.11582600039964497,130378009022641.28,39.08980135571271,0.07393583760889016,760.0142532692578,6336416.454597149,7.121155071528505,0.08416478675110148
3.3699999999999997,schechter,0,689729582866.0968,0.0006897295828660968,48,10,0.20833333333333334,0.11553393800022516,28857604864268.21,67.90706632676438,0.07353296062403111,759.3969637956641,6300819.9435306,7.036844811165792,0.16937383169384057
3.38,schechter,0,693051158281.8962,0.0006930511582818962,84,10,0.11904761904761904,0.11524367793441026,19633404428715.293,53.5150692336055,0.07313219575301971,758.776687224922,6265500.18277916,6.953578067341205,0.09539951324814866
3.3899999999999997,schechter,0,696377070646.266,0.0006963770706462659,102,10,0.09803921568627451,0.11495507546722228,20505990655829.59,63.47400432936413,0.07273354530664589,758.1534762817969,6230454.443376221,6.871342690130782,0.07744075661815002
3.4,schechter,0,699707304882.3112,0.0006997073048823112,88,10,0.11363636363636363,0.11466811226096663,35254745207323.49,73.73649780259412,0.07233701111721073,757.5273830224219,6195680.028727723,6.790126621822053,0.08847852292468969
3.4099999999999997,schechter,0,703041845999.4047,0.0007030418459994047,58,10,0.1724137931034483,0.11438287784428669,35059142492527.82,71.93316127403114,0.07194259455276497,756.8984588413282,6161174.274165404,6.709917898292875,0.13232753781131498
3.42,schechter,0,706380679092.5199,0.0007063806790925199,77,10,0.12987012987012986,0.1140993340130192,90626340600591.5,41.39359076186933,0.07155029653104333,756.2667544823438,6126934.5465087,6.630704650322759,0.09825441358946183
3.4299999999999997,schechter,0,709723789341.564,0.000709723789341564,63,10,0.15873015873015872,0.11381737828087168,186136839411788.0,219.99169581688466,0.07116011753309788,755.632320044375,6092958.2436328735,6.552475104757236,0.11837865677367437
3.44,schechter,0,713071162010.725,0.000713071162010725,76,10,0.13157894736842105,0.11353701440573749,80794327414520.97,390.18438964731234,0.07077205761663512,754.99520499,6059242.794044905,6.475217585602292,0.09673379898642265
3.4499999999999997,schechter,0,716422782447.817,0.000716422782447817,62,10,0.16129032258064516,0.11325838802752863,155270722009506.8,364.1980777722588,0.07038611642905952,754.3554581545312,6025785.656462501,6.398920515025661,0.11689216494324027
3.46,schechter,0,719778636083.6404,0.0007197786360836404,85,10,0.11764705882352941,0.11298129978693117,151936854392510.4,254.78432292581346,0.07000229322022894,753.7131277521485,5992584.319403749,6.323572414248033,0.08405240360688529
3.4699999999999998,schechter,0,723138708431.3352,0.0007231387084313352,62,10,0.16129032258064516,0.11270573244352289,109573773921479.61,72.11848572559089,0.06962058685492503,753.0682613866015,5959636.300782556,6.249161904386349,0.11359941445032642
3.48,schechter,0,726502985085.7576,0.0007265029850857576,93,10,0.10752688172043011,0.11243185732268657,77980119636933.31,78.61911691405156,0.06924099582504298,752.4209060539844,5926939.147505195,6.1756777071423095,0.07466052847745379
3.4899999999999998,schechter,0,729871451722.8469,0.0007298714517228469,107,10,0.09345794392523364,0.11215949965435346,53692409897159.484,163.37041720206508,0.06886351826150523,751.7711081550782,5894490.435082389,6.10310864550162,0.0639739824313664
3.5,schechter,0,733244094099.0061,0.0007332440940990061,84,10,0.11904761904761904,0.11188861455956933,96351373103587.8,191.60163588895225,0.06848815194590231,751.1189135002735,5862287.767236518,6.0314436442832315,0.08033927061344888
3.51,schechter,0,736620898050.4869,0.000736620898050487,60,10,0.16666666666666666,0.11161936948046947,14042625398603.297,33.17265714309518,0.06811489432186627,750.4643673177344,5830328.775524363,5.96067173065249,0.11088773670924826
3.52,schechter,0,740001849492.7819,0.0007400018494927819,79,10,0.12658227848101267,0.11135160849965464,154548967319894.75,336.45702099609787,0.06774374250617998,749.8075142602344,5798611.1189587405,5.890782034545828,0.08303139935032229
3.53,schechter,0,743386934420.0173,0.0007433869344200173,78,10,0.1282051282051282,0.11108527293566717,46686516465610.07,170.77795373323775,0.0673746932996273,749.1483984127734,5767132.483642135,5.821763789040786,0.08291182300930507
3.54,schechter,0,746776138904.3591,0.0007467761389043591,61,10,0.16393442622950818,0.11082055979588257,192587451263464.44,829.1998287343127,0.06700774319758737,748.4870633000781,5735890.582397208,5.753606330651257,0.1045275203947387
3.55,schechter,0,750169449095.4172,0.0007501694490954173,77,10,0.12987012987012986,0.11055726462195425,159240049964574.38,1270.0669224360138,0.06664288840037871,747.8235518910546,5704883.154414197,5.686299099548973,0.08164437328161245
3.56,schechter,0,753566851219.658,0.0007535668512196579,99,10,0.10101010101010101,0.11029537851139137,27765994751250.195,65.56105256108734,0.06628012482335588,747.1579066101172,5674107.964892094,5.6198316397667885,0.06261024827054254
3.57,schechter,0,756968331579.8275,0.0007569683315798275,62,10,0.16129032258064516,0.1100350712147794,46061733325897.79,62.525227492998496,0.06591944810676449,746.4901693398047,5643562.804696245,5.554193599289347,0.09857356261910889
3.58,schechter,0,760373876554.3682,0.0007603738765543682,72,10,0.1388888888888889,0.10977611393925146,13229553351453.516,21.277078948675456,0.06556085362535716,745.82038143,5613245.49001041,5.489374730129191,0.08369475358748747
3.59,schechter,0,763783472596.8553,0.0007637834725968554,79,10,0.12658227848101267,0.10951860446535477,71676849680502.22,248.87915688288007,0.0652043364977763,745.1485837039844,5583153.862002588,5.425364888335321,0.07521245459314174
3.5999999999999996,schechter,0,767197106235.4258,0.0007671971062354258,102,10,0.09803921568627451,0.10926255426692588,121713772832170.3,51.845747609890545,0.06484989159570673,744.4748164646094,5553285.786493722,5.36215403395094,0.05743947511001766
3.61,schechter,0,770614764072.2203,0.0007706147640722203,107,10,0.09345794392523364,0.10900780992008297,60757004933850.27,76.77422233715724,0.06449751355280299,743.7991195006641,5523639.15362708,5.2997322309212045,0.05399179473416784
3.6199999999999997,schechter,0,774036432782.8273,0.0007740364327828272,114,10,0.08771929824561403,0.10875458327382648,181916647323192.34,32.049561985102144,0.06414719677339552,743.1215320948438,5494211.877547617,5.238089646972047,0.04997072427257805
3.63,schechter,0,777462099115.7343,0.0007774620991157342,45,10,0.2222222222222222,0.10850266699470035,20582537277269.6,58.417054205962316,0.06379893544097907,742.442093027539,5465001.896084231,5.177216553414028,0.12483151192322946
3.6399999999999997,schechter,0,780891749891.7803,0.0007808917498917803,72,10,0.1388888888888889,0.10825211539697732,109414134820073.22,77.64862505323552,0.06345272352648877,741.7608405854297,5436007.170438018,5.117103324940615,0.07693573050412886
3.65,schechter,0,784325372003.6194,0.0007843253720036194,80,10,0.125,0.10800297753228716,176939113654789.2,139.94886582856753,0.0631085547963669,741.0778125660547,5407225.684871397,5.057740439355152,0.06828137837947683
3.6599999999999997,schechter,0,787762952415.1805,0.0007877629524151806,50,10,0.2,0.10775507487780045,72912789399327.88,137.0684560381921,0.06276642282042497,740.3930462851953,5378655.446409031,4.999118477287065,0.1077360771686127
3.67,schechter,0,791204478161.1431,0.0007912044781611431,146,10,0.0684931506849315,0.1075086576332357,35998177159153.91,191.23034610380478,0.062426320979504686,739.7065785820703,5350294.484533614,4.941228121848383,0.036385260441062606
3.6799999999999997,schechter,0,794649936346.409,0.0007946499363464091,99,10,0.10101010101010101,0.1072634572311465,11416456932495.793,37.62978598713099,0.06208824247294238,739.0184458239063,5322140.850894996,4.884060158261155,0.05291729069696889
3.69,schechter,0,798099314145.579,0.0007980993141455789,65,10,0.15384615384615385,0.1070196243967717,38657989224249.95,77.96580792021436,0.06175218032584041,738.3286839161719,5294192.619019311,4.827605473486433,0.07948438838589497
3.6999999999999997,schechter,0,801552598802.4441,0.0008015525988024441,69,10,0.14492753623188406,0.10677707832249783,280296495262215.25,2131.066038023616,0.061418127396149415,737.6373283027734,5266447.884021641,4.771855055755477,0.07384416536695795
3.71,schechter,0,805009777629.4672,0.0008050097776294672,116,10,0.08620689655172414,0.10653579591799145,184900814458916.8,122.23023496291705,0.06108607638156587,736.9444139761719,5238904.762326913,4.716799994141775,0.04331965875533375
3.7199999999999998,schechter,0,808470838007.2828,0.0008084708380072829,93,10,0.10752688172043011,0.1062958568956458,29685356790650.406,129.68868846584414,0.06075601982624775,736.249975480625,5211561.39139034,4.6624314780562806,0.0532900160405618
3.73,schechter,0,811935767384.1893,0.0008119357673841894,82,10,0.12195121951219512,0.10605709128458862,21296405578451.867,77.79139245940331,0.06042795012735299,735.5540469182422,5184415.929424091,4.608740796737562,0.05960849309592723
3.7399999999999998,schechter,0,815404553275.6578,0.0008154045532756579,66,10,0.15151515151515152,0.10581971268324741,66177564213504.734,191.56644460184194,0.060101859541404255,734.8566619557422,5157466.555130386,4.555719338723988,0.07304316840746763
3.75,schechter,0,818877183263.8346,0.0008188771832638346,98,10,0.10204081632653061,0.10558344973434863,36966365787406.99,50.125466833798335,0.05977774019048319,734.1578538277344,5130711.467432381,4.503358591275685,0.0485183811691534
3.76,schechter,0,822353644997.0559,0.0008223536449970559,52,10,0.19230769230769232,0.10534856640311885,56112437145675.58,83.33212496317813,0.059455584068258405,733.4576553435547,5104148.885215932,4.45165013980361,0.09018749237626038
3.77,schechter,0,825833926189.3623,0.0008258339261893623,43,10,0.23255813953488372,0.10511479260416956,11029199822418.293,34.438782271896926,0.05913538304585055,732.7560988923437,5077777.047071797,4.400585667264179,0.10757363947705938
3.78,schechter,0,829318014620.0201,0.0008293180146200202,47,10,0.2127659574468085,0.1048823397542541,26970305201651.727,106.10836428858961,0.05881712887753789,732.0532164483203,5051594.211037625,4.35015695353269,0.09707545523079714
3.79,schechter,0,832805898133.0475,0.0008328058981330475,83,10,0.12048192771084337,0.10465101015190281,149615560994227.34,257.2552981644079,0.05850081320630583,731.3490395753906,5025598.654353037,4.3003558747631345,0.05422127545863033
3.8,schechter,0,836297564636.7382,0.0008362975646367381,62,10,0.16129032258064516,0.10442095541257979,32293772532006.637,65.00728441986845,0.058186427569244414,730.6435994325,4999788.673212268,4.251174402730545,0.07159866012235915
3.81,schechter,0,839793002103.2041,0.0008397930021032041,44,10,0.22727272727272727,0.10419202568309471,165137056658986.22,46.45545632265524,0.05787396340279591,729.9369267781641,4974162.582516595,4.202604604149684,0.09951770155714908
3.82,schechter,0,843292198567.9045,0.0008432921985679046,56,10,0.17857142857142858,0.10396433702646213,24483716076557.04,59.39975441889484,0.0575634120478575,729.2290519784766,4948718.7156405095,4.154638640007987,0.0771311163915987
3.83,schechter,0,846795142129.1924,0.0008467951421291924,114,10,0.08771929824561403,0.10373776347145236,63356651978362.25,127.02005785766826,0.057254764754740534,728.5200050058203,4923455.424194368,4.107268764825415,0.0373753399683459
3.84,schechter,0,850301820947.8583,0.0008503018209478582,117,10,0.08547008547008547,0.10351240921197458,150659306951917.4,1287.5095691843749,0.056948012687991136,727.8098154511329,4898371.077789676,4.060487325979062,0.035924002195451374
3.8499999999999996,schechter,0,853812223246.6812,0.0008538122232466811,60,10,0.16666666666666666,0.10328814875400827,79248617355212.1,597.6480450364477,0.056643146931074334,727.0985125217578,4873464.063811505,4.014286762937122,0.06910470805191594
3.86,schechter,0,857326337309.9822,0.0008573263373099822,96,10,0.10416666666666667,0.10306509754794069,91332846445249.16,299.9475762198846,0.056340158490925135,726.3861250517188,4848732.787193777,3.9686596065520794,0.042607321821235625
3.8699999999999997,schechter,0,860844151483.1829,0.0008608441514831828,52,10,0.19230769230769232,0.10284310772606375,48047245931185.58,32.126544455912644,0.05603903830236975,725.6726815026562,4824175.670194775,3.923598478289192,0.07759905018779138
3.88,schechter,0,864365654172.3663,0.0008643656541723663,86,10,0.11627906976744186,0.10262232857076203,25520615319756.04,63.232177824714654,0.05573977723241955,724.9582099712891,4799791.152178878,3.87909608948468,0.04628858993635523
3.8899999999999997,schechter,0,867890833843.8434,0.0008678908338438434,92,10,0.10869565217391304,0.10240256753592547,65137589593643.125,39.147738635858204,0.05544236608444147,724.2427381905859,4775577.689400512,3.8351452405607325,0.042687904294196034
3.9,schechter,0,871419679023.7231,0.0008714196790237231,89,10,0.11235955056179775,0.1021840297690444,173943825804981.25,423.3502898238885,0.0551467956022065,723.5262935367188,4751533.754790982,3.791738820264305,0.043534286796216744
3.9099999999999997,schechter,0,874952178297.4833,0.0008749521782974832,135,10,0.07407407407407407,0.1019664583727733,14314426686950.402,37.63635185647574,0.0548530564738208,722.8089030346094,4727657.837746424,3.748869804889678,0.02831547977075778
3.92,schechter,0,878488320309.552,0.000878488320309552,90,10,0.1111111111111111,0.1017501295780292,61936531608325.4,29.272947829502424,0.054561139335540465,722.090593357461,4703948.4439248545,3.7065312574686504,0.04190444841471674
3.9299999999999997,schechter,0,882028093762.8846,0.0008820280937628847,62,10,0.16129032258064516,0.1015347574928992,178809099360520.16,190.62041059033385,0.054271034775474035,721.3713908369922,4680404.095037893,3.6647163270048195,0.06001549734559719
3.94,schechter,0,885571487418.5529,0.0008855714874185528,44,10,0.22727272727272727,0.10132055737384449,22696913582577.812,42.22089896177888,0.05398273333717482,720.6513214636328,4657023.328652699,3.6234182476566734,0.08343789919343933
3.9499999999999997,schechter,0,889118490095.3287,0.0008891184900953287,49,10,0.20408163265306123,0.10110735472747856,61074970831946.336,105.41552695746591,0.053696225523125696,719.9304108922656,4633804.697992794,3.5826303379424247,0.07392454621138186
3.96,schechter,0,892669090669.2786,0.0008926690906692785,73,10,0.136986301369863,0.10089524346758216,15404178848939.043,48.62409359833542,0.05341150179811911,719.2086844452734,4610746.771740449,3.542345999926741,0.04895970713822251
3.9699999999999998,schechter,0,896223278073.3584,0.0008962232780733584,94,10,0.10638297872340426,0.10068418072496899,181331628927181.56,123.35140258693039,0.05312855259253501,718.48616711875,4587848.13384705,3.5025587184244804,0.03751619734102832
3.98,schechter,0,899781041297.0143,0.0008997810412970143,85,10,0.11764705882352941,0.10047411909921411,170068064481193.94,287.8924080636317,0.05284736830551836,717.7628835850782,4565107.3833417045,3.463262060180426,0.04093743584780679
3.9899999999999998,schechter,0,903342369385.7819,0.0009033423693857818,75,10,0.13333333333333333,0.10026516706146171,20531569200319.4,47.00426726400474,0.05256793930805998,717.038858195625,4542523.13414405,3.4244496730495184,0.045780402474917055
4.0,schechter,0,906907251440.897,0.000906907251440897,62,10,0.16129032258064516,0.10005713086206613,148862417344585.44,149.30792297406342,0.05229025594598198,716.3141149878907,4520094.014880405,3.3861152851977425,0.05464596454920531
4.01,schechter,0,910475676618.9001,0.0009104756766189001,80,10,0.125,0.09985024623435779,85810725721686.53,165.3204754644642,0.052014308542830644,715.5886776875782,4497818.66870036,3.348252704275902,0.041790482122100396
4.02,schechter,0,914047634131.2545,0.0009140476341312545,92,10,0.10869565217391304,0.09964428060506314,32454914899662.78,34.46486857842552,0.051740087402679,714.8625697102734,4475695.7530969195,3.3108558165925768,0.03585954848168002
4.03,schechter,0,917623113243.9592,0.0009176231132439592,128,10,0.078125,0.09943935165590267,45562246062600.95,60.81010769953728,0.05146758281284127,714.1358141708985,4453723.939732424,3.273918586325823,0.02543408918737885
4.04,schechter,0,921202103277.1686,0.0009212021032771686,86,10,0.11627906976744186,0.09923542817844277,165057417390239.06,151.49973223384467,0.05119678504650158,713.4084338814063,4431901.9142613495,3.237435054676287,0.03735677370356996
4.05,schechter,0,924784593604.8202,0.0009247845936048201,79,10,0.12658227848101267,0.09903241764658877,113853827118023.66,412.1249053698157,0.05092768436525858,712.6804513584375,4410228.376158676,3.201399339069987,0.04013193878484712
4.06,schechter,0,928370573654.2526,0.0009283705736542525,89,10,0.11235955056179775,0.09883050823447215,94119070439278.97,78.38990802837716,0.05066027102158882,711.9518888248438,4388702.038552683,3.165805632335484,0.03515485164216521
4.07,schechter,0,931960032905.8439,0.0009319600329058439,66,10,0.15151515151515152,0.09862947711138015,249345736309326.7,314.30096153462085,0.05039453526123035,711.2227682154297,4367321.6280537555,3.13064820189722,0.04678396896557656
4.08,schechter,0,935552960892.6367,0.0009355529608926367,49,10,0.20408163265306123,0.09842945632533806,85997016378038.4,165.59466550607613,0.05013046732548883,710.4931111778907,4346085.884590511,3.095921388952986,0.062189767171556706
4.09,schechter,0,939149347199.983,0.0009391493471999831,62,10,0.16129032258064516,0.09823040061280852,54122679322069.086,46.90703603556314,0.049868057453468215,709.7629390779297,4324993.5612532655,3.061619607675976,0.04850711622355496
4.1,schechter,0,942749181465.1721,0.0009427491814651721,91,10,0.10989010989010989,0.09803220889624231,61209454273160.7,73.2760320163887,0.04960729588422757,709.0322730023438,4304043.424121051,3.027737344397021,0.03261711866251458
4.109999999999999,schechter,0,946352453377.0847,0.0009463524533770847,168,10,0.05952380952380952,0.09783510127858641,48212997870424.61,138.88109258967572,0.04934817285886632,708.3011337639063,4283234.252119073,2.9942691568174773,0.017437180131701514
4.12,schechter,0,949959152675.828,0.000949959152675828,69,10,0.14492753623188406,0.09763884627098895,59456445447825.71,36.16922377711562,0.04909067862253967,707.5695419017578,4262564.836847282,2.9612096731841397,0.04190276754437561
4.13,schechter,0,953569269152.3895,0.0009535692691523895,102,10,0.09803921568627451,0.09744351676643292,9643283442407.037,36.78327086449773,0.04883480342640599,706.8375176862891,4242033.982438276,2.9285535915061196,0.027977309901502347
4.14,schechter,0,957182792648.2892,0.0009571827926482892,82,10,0.12195121951219512,0.0972491722256299,37044418914257.516,110.23113659534981,0.04858053752950762,706.1050811242578,4221640.505400525,2.8962956787641336,0.03434906796103425
4.1499999999999995,schechter,0,960799713055.2296,0.0009607997130552296,86,10,0.11627906976744186,0.09705566570747104,27584455826057.195,143.11008373896806,0.04832787120058748,705.3722519587891,4201383.234468503,2.864430770105912,0.03232665526344107
4.16,schechter,0,964420020314.7573,0.0009644200203147574,95,10,0.10526315789473684,0.0968631249843257,15368065164206.965,31.05566725436746,0.04807679471984265,704.6390496744532,4181261.010457904,2.8329537680690176,0.028885132095924807
4.17,schechter,0,968043704417.921,0.000968043704417921,67,10,0.14925373134328357,0.09667149188866009,16365569546696.488,59.81185610825239,0.04782729838061681,703.905493500586,4161272.6861168793,2.8018596417964376,0.04042685845299826
4.18,schechter,0,971670755404.9343,0.0009716707554049344,49,10,0.20408163265306123,0.09648068242165309,314877481634805.3,207.0297491715236,0.0475793724910331,703.1716024138282,4141417.125983926,2.771143426256806,0.05456363445990501
4.1899999999999995,schechter,0,975301163364.8445,0.0009753011633648445,97,10,0.10309278350515463,0.09629085848205343,101173512316965.97,72.22595257137924,0.04733300737556878,702.437395140586,4121693.2062488887,2.740800221469903,0.0272076295106329
4.2,schechter,0,978934918435.1984,0.0009789349184351984,86,10,0.11627906976744186,0.09610188597440716,296137479477714.75,272.2949756487625,0.04708819337657378,701.7028901617969,4102099.814607074,2.7108251917402244,0.03029248993874064
4.21,schechter,0,982572010801.7147,0.0009825720108017147,85,10,0.11764705882352941,0.09591372289503775,73528404414527.64,376.5032906517197,0.04684492085573398,700.9681057145704,4082635.850129579,2.681213564892799,0.03025472645712285
4.22,schechter,0,986212430697.9604,0.0009862124306979604,49,10,0.20408163265306123,0.09572654515933365,49901642548873.44,61.84848728365863,0.046603180195481396,700.2330597962109,4063300.22312007,2.651960631513302,0.0518087814598639
4.2299999999999995,schechter,0,989856168405.0267,0.0009898561684050268,94,10,0.10638297872340426,0.09554018315445278,20913477910725.883,82.31820276077995,0.0463629618003518,699.4977701651172,4044091.8549862206,2.62306174419004,0.026660404198442
4.24,schechter,0,993503214251.2072,0.0009935032142512072,87,10,0.11494252873563218,0.0953546165710949,55438487370010.59,70.12299067787319,0.046124256098292224,698.7622543466406,4025009.6781047075,2.594512316774851,0.02843663530517805
4.25,schechter,0,997153558611.6844,0.0009971535586116844,58,10,0.1724137931034483,0.09517001586297313,139288168609874.72,96.69581195020615,0.04588705354191895,698.0265296339063,4006052.635690871,2.5663078236323353,0.042109578669717485
4.26,schechter,0,1000807191908.211,0.0010008071919082112,56,10,0.17857142857142858,0.09498621504430238,123718527784546.83,152.69012914228702,0.04565134460972769,697.2906130909765,3987219.681670151,2.538443798903789,0.04305663724295557
4.27,schechter,0,1004464104608.8022,0.0010044641046088021,87,10,0.11494252873563218,0.09480319583391084,50801936839243.31,226.2835595223974,0.04541711980725716,696.5545215559375,3968509.7805564064,2.510915835779882,0.027361246632403226
4.28,schechter,0,1008124287227.4244,0.0010081242872274244,113,10,0.08849557522123894,0.09462110436518978,18044595200270.156,56.44914152298627,0.0451843696682072,695.8182716440625,3949921.907314913,2.48371958576861,0.02079754779990067
4.29,schechter,0,1011787730323.6854,0.0010117877303236855,78,10,0.1282051282051282,0.09443981618130193,169104676726301.3,440.0866191290203,0.04495308475551311,695.0818797488672,3931455.0472522303,2.456850757977773,0.029746735124142717
4.3,schechter,0,1015454424502.5339,0.0010154544245025339,82,10,0.12195121951219512,0.09425929598570792,31914696616253.242,42.832532819934514,0.04472325566237682,694.3453620478125,3913108.1958865277,2.430305118406663,0.027936445059935925
4.31,schechter,0,1019124360413.9592,0.0010191243604139593,109,10,0.09174311926605505,0.09407964734083485,138002620993024.03,133.08943339980334,0.044494873013256726,693.6087345018359,3894880.358826569,2.4040784892264417,0.02074998682991841
4.32,schechter,0,1022797528752.6881,0.001022797528752688,65,10,0.15384615384615385,0.09390082400148114,40374049499490.625,37.94164954188927,0.044267927464816684,692.8720128586718,3876770.551660913,2.378166748085693,0.03435566419356453
4.33,schechter,0,1026473920257.8905,0.0010264739202578905,95,10,0.10526315789473684,0.0937227552233153,61353606263366.0,77.13839344212393,0.04404240970683595,692.1352126585938,3858777.7998315697,2.352565827419752,0.023209363283157647
4.34,schechter,0,1030153525712.8845,0.0010301535257128845,74,10,0.13513513513513514,0.09354548434359655,124810994180787.05,54.99083724899437,0.04381831046308065,691.3983492315234,3840901.138524533,2.32727171374619,0.02941969725155937
4.35,schechter,0,1033836335944.845,0.001033836335944845,59,10,0.1694915254237288,0.0933690788154008,105882676716460.97,98.42866271369448,0.043595620492138186,690.6614377048047,3823139.612554538,2.3022804469988007,0.036434204154404605
4.36,schechter,0,1037522341824.5159,0.0010375223418245159,131,10,0.07633587786259542,0.09319341461366804,68513010645070.875,33.76031846890324,0.04337433058821551,689.9244930014453,3805492.276251821,2.2775881198358654,0.01620276442526935
4.37,schechter,0,1041211534265.9194,0.0010412115342659195,65,10,0.15384615384615385,0.09301848812789937,167317223602492.12,148.26879972241267,0.0431544315819022,689.1875298460938,3787958.1933524255,2.2531908769822593,0.032244370590840836
4.38,schechter,0,1044903904226.0773,0.0010449039042260773,102,10,0.09803921568627451,0.09284442378307756,148331661535154.75,271.9326382245084,0.042935914340899516,688.4505627651172,3770536.4368874063,2.2290849145567555,0.020290010240742413
4.39,schechter,0,1048599442704.7231,0.0010485994427047232,52,10,0.19230769230769232,0.09267111806840589,255923570153966.8,923.6154143008749,0.04271876977071631,687.7136060902734,3753226.089076467,2.205266479419647,0.039300867362806906
4.3999999999999995,schechter,0,1052298140744.0259,0.001052298140744026,60,10,0.16666666666666666,0.09249853707400202,64810495186562.164,101.18233574126813,0.0425029888153329,686.9766739598047,3736026.2412209357,2.1817318685172657,0.03363450102092933
4.41,schechter,0,1055999989428.31,0.00105599998942831,56,10,0.17857142857142858,0.0923267048880575,107642770742424.95,73.80428270392,0.04228856245783335,686.2397803228516,3718935.9935974055,2.1584774282433354,0.03558662652231352
4.42,schechter,0,1059704979883.7844,0.0010597049798837844,67,10,0.14925373134328357,0.09215571231764252,26238171325047.727,71.8675430487028,0.042075481721007855,685.5029389391016,3701954.455356704,2.135499553794036,0.029372907840880175
4.43,schechter,0,1063413103278.2642,0.0010634131032782642,48,10,0.20833333333333334,0.09198543166284834,187794267518215.56,65.91685988761922,0.041863737667925324,684.766163382539,3685080.744418201,2.112794688539295,0.04048881905005422
4.4399999999999995,schechter,0,1067124350820.905,0.0010671243508209051,122,10,0.08196721311475409,0.09181585941894677,44364400677230.56,47.482989446735786,0.041653321402477496,684.0294670460547,3668313.9873721073,2.0903593234069233,0.015731814571558585
4.45,schechter,0,1070838713761.9292,0.0010708387137619293,44,10,0.22727272727272727,0.09164704688297132,143697398867019.75,96.96910479394357,0.041444224069895445,683.2928631380469,3651653.319377335,2.0681899962454118,0.043078069442908075
4.46,schechter,0,1074556183392.3665,0.0010745561833923666,51,10,0.19607843137254902,0.09147902215641113,80748554625882.05,129.54837242127093,0.041236436857238865,682.5563646892579,3635097.884063798,2.0462832912268145,0.036704312654202285
4.47,schechter,0,1078276751043.7821,0.001078276751043782,152,10,0.06578947368421052,0.09131169327355493,88951773450779.61,92.29411599796603,0.04102995099385941,681.8199845544922,3618646.833436934,2.0246358382407745,0.012162692542900552
4.4799999999999995,schechter,0,1082000408088.0216,0.0010820004080880216,126,10,0.07936507936507936,0.09114505678826335,122565830129087.1,323.2883066553807,0.04082475775183858,681.0837354117969,3602299.327779113,2.0032443122853096,0.014490937825715087
4.49,schechter,0,1085727145936.9457,0.0010857271459369458,88,10,0.11363636363636363,0.09097916157475217,45854256116874.69,187.93294087379851,0.04062084844640118,680.3476297684766,3586054.5355572705,1.982105432887424,0.020492078458733978
4.5,schechter,0,1089456956042.1781,0.001089456956042178,69,10,0.14492753623188406,0.09081403256543141,63121227927902.29,135.23233776453222,0.04041821443630461,679.6116799600001,3569911.633328093,1.9612159635070678,0.025812453677938378
4.51,schechter,0,1093189829894.8434,0.0010931898298948434,79,10,0.12658227848101267,0.09064958362287645,137533800124508.22,44.41166140074044,0.04021684712420523,678.8758981542188,3553869.805647869,1.9405727109653128,0.022267355473281288
4.52,schechter,0,1096925759025.3193,0.0010969257590253193,88,10,0.11363636363636363,0.09048581135954126,73709227697547.38,208.9970899268029,0.04001673795700224,678.1402963520703,3537928.2449801154,1.920172524866871,0.019744132825327016
4.53,schechter,0,1100664735002.983,0.0011006647350029829,71,10,0.14084507042253522,0.09032273377184541,17956797599585.633,40.67643918731688,0.03981787842615967,677.404886389961,3522086.15160432,1.9000122970340703,0.0241710288546818
4.54,schechter,0,1104406749435.9614,0.0011044067494359615,99,10,0.10101010101010101,0.09016042980022132,398776643787859.56,118.38166103546216,0.03962026006800758,676.669679943086,3506342.7335315645,1.8800889609529905,0.017122184725472035
4.55,schechter,0,1108151793970.883,0.001108151793970883,46,10,0.21739130434782608,0.08999879041213599,49420248822168.57,28.30268109850612,0.0394238744640223,675.934688524375,3490697.2064130404,1.8603994912093316,0.03639863128091153
4.56,schechter,0,1111899860292.6357,0.0011118998602926357,75,10,0.13333333333333333,0.0898378122785739,33249080905262.773,83.50974264322656,0.03922871324108732,675.1999234897265,3475148.7934561176,1.8409409029518604,0.02205148043404501
4.57,schechter,0,1115650940124.1177,0.0011156509401241176,81,10,0.12345679012345678,0.08967749208196008,259440695674259.66,95.85076634276811,0.03903476807173469,674.4653960380859,3459696.7253384124,1.8217102513461412,0.02016869217786655
4.58,schechter,0,1119405025226.004,0.001119405025226004,76,10,0.13157894736842105,0.08951790703435325,54543920039874.05,58.146777808905505,0.03884203067436807,673.7311172133984,3444340.2401227453,1.8027046310398807,0.0212334665226087
4.59,schechter,0,1123162107396.499,0.001123162107396499,55,10,0.18181818181818182,0.08935900824920773,30068796914172.0,44.87786624878433,0.0386504928134673,672.9970979069532,3429078.583176759,1.7839211756375148,0.028983532190859827
4.6,schechter,0,1126922178471.1028,0.0011269221784711027,57,10,0.17543859649122806,0.08920075558595408,45857949828388.734,90.08467669527008,0.038460146299776024,672.2633488595703,3413911.0070874332,1.7653570571774182,0.027626523399863517
4.61,schechter,0,1130685230322.3767,0.0011306852303223766,72,10,0.1388888888888889,0.0890431457854417,61615692433621.39,82.30783866741726,0.03827098299047199,671.529880662461,3398836.7715838132,1.747009485615625,0.021605447266141893
4.62,schechter,0,1134451254859.7056,0.0011344512548597055,77,10,0.12987012987012986,0.08888617559999235,79928123248624.66,31.383604675158693,0.038082994789321374,670.7967037596094,3383855.1434541843,1.728875708316444,0.01995755192207488
4.63,schechter,0,1138220244029.0684,0.0011382202440290683,65,10,0.15384615384615385,0.08872993857258893,94747034886089.97,40.11932243006474,0.03789617364681675,670.063828449375,3368965.396468138,1.7109530095492012,0.02335580852890566
4.64,schechter,0,1141992189812.8098,0.0011419921898128099,53,10,0.18867924528301888,0.0885743441402419,46889081494939.34,58.69941864550126,0.03771051156030021,669.3312648864453,3354166.8113015178,1.693238709993006,0.028297643058584863
4.6499999999999995,schechter,0,1145767084229.4077,0.0011457670842294077,70,10,0.14285714285714285,0.0884193777864829,224203037235323.3,140.78493758986076,0.03752600057407135,668.5990230840625,3339458.6754533774,1.6757301662437312,0.02116671694818718
4.66,schechter,0,1149544919333.2488,0.0011495449193332488,87,10,0.11494252873563218,0.08826503632186355,43475091588355.51,286.48604861261646,0.03734263277948092,667.8671129137891,3324840.2831766997,1.6584247703273773,0.016825393401152203
4.67,schechter,0,1153325687214.4038,0.0011533256872144038,45,10,0.2222222222222222,0.0881113165684182,64197524973766.44,82.88946189510446,0.037160400315010805,667.1355441100001,3310310.935399574,1.6413199492260515,0.032137524808070375
4.68,schechter,0,1157109379998.4077,0.0011571093799984077,97,10,0.10309278350515463,0.0879582875380377,115614358090582.1,119.30631840965641,0.036979295366340204,666.4043262698829,3295869.9396521407,1.6244131644010196,0.01472995878298542
4.6899999999999995,schechter,0,1160895989846.0317,0.0011608959898460316,62,10,0.16129032258064516,0.08780589908618874,38191344312983.19,74.97491391725258,0.03679931016639911,665.6734688534375,3281516.609994206,1.6077019113217985,0.02276866319132171
4.7,schechter,0,1164685508953.0698,0.0011646855089530697,85,10,0.11764705882352941,0.08765412108526838,46776600658589.42,45.10306751759796,0.036620436995409095,664.9429811906641,3267250.26694219,1.5911837190177636,0.01640868357361067
4.71,schechter,0,1168477929550.1196,0.0011684779295501196,117,10,0.08547008547008547,0.08750295041526479,300225653696600.9,73.77807887521213,0.03644266818091213,664.212872475586,3253070.2373980703,1.5748561496041926,0.011778167484614573
4.72,schechter,0,1172273243902.3652,0.0011722732439023653,58,10,0.1724137931034483,0.08735238396764056,47058587552760.8,75.88822872567798,0.03626599609778732,663.4831517747266,3238975.8545814385,1.5587167978501146,0.02347545314183007
4.7299999999999995,schechter,0,1176071444309.362,0.001176071444309362,61,10,0.16393442622950818,0.08720242732657102,60918689462035.45,122.85558954509527,0.03609041316825672,662.7538280240625,3224966.457955114,1.5427632907206397,0.022054541596912808
4.74,schechter,0,1179872523104.8306,0.0011798725231048305,99,10,0.10101010101010101,0.08705314891998228,145986328065132.53,51.342252075687256,0.03591591186187994,662.0249100335938,3211041.393161196,1.526993286947777,0.013427229697826067
4.75,schechter,0,1183676472656.436,0.001183676472656436,54,10,0.18518518518518517,0.08690446374912564,109296877458657.03,57.67244256299058,0.035742484695538375,661.2964064856641,3197200.011952672,1.5114044765896437,0.024323665841861276
4.76,schechter,0,1187483285365.5847,0.0011874832853655847,67,10,0.14925373134328357,0.08675636876306758,125794232011632.95,154.3613048871986,0.035570124233408995,660.5683259404296,3183441.672123255,1.4959945806106252,0.019371202612388956
4.77,schechter,0,1191292953667.2205,0.0011912929536672205,50,10,0.2,0.086608860922322,79200351418188.9,49.8907445392293,0.03539882308692853,659.8406768339844,3169765.737445429,1.4807613504536155,0.025649410772117378
4.78,schechter,0,1195105470029.6077,0.0011951054700296076,78,10,0.1282051282051282,0.08646193719885287,53110709893133.3,80.1966517114735,0.03522857391474806,659.1134674812109,3156171.577604061,1.4657025676261495,0.01624711325054994
4.79,schechter,0,1198920826954.1357,0.0011989208269541358,85,10,0.11764705882352941,0.0863155945760743,70946749994599.44,80.37428705296789,0.0350593694226785,658.3867060783203,3142658.568130008,1.4508160432907582,0.014732711693782274
4.8,schechter,0,1202739016975.1135,0.0012027390169751136,135,10,0.07407407407407407,0.0861698980528669,44368106732969.33,60.68843283971971,0.034891202363627125,657.6604007010156,3129226.0903392765,1.436099617853227,0.009166559826975828
4.81,schechter,0,1206560032659.5696,0.0012065600326595697,54,10,0.18518518518518517,0.08602478604329378,36203395895501.89,36.22789472524953,0.034724065537525745,656.9345593104297,3115873.5312690753,1.4215511605715776,0.022646043414401094
4.82,schechter,0,1210383866607.049,0.0012103838666070491,70,10,0.14285714285714285,0.08588024450990761,259768256657941.94,170.93845262038016,0.03455795179125056,656.2091897509765,3102600.2836156418,1.4071685691529092,0.017263997255072668
4.83,schechter,0,1214210511449.419,0.001214210511449419,70,10,0.14285714285714285,0.08573627049321708,91338794901512.89,75.07108857722453,0.03439285401853435,655.4842997523047,3089405.7456736234,1.392949769364966,0.017060902601391294
4.84,schechter,0,1218039959850.67,0.0012180399598506698,76,10,0.13157894736842105,0.08559286104513208,63270979005488.58,25.62947053542632,0.034228765159870625,654.7598969322265,3076289.321274794,1.378892714654186,0.015529391121255356
4.85,schechter,0,1221872204506.7195,0.0012218722045067194,67,10,0.14925373134328357,0.08545001322896184,170824556832723.25,263.22645966019456,0.034065678202410896,654.0359887975001,3063250.419728769,1.3649953857647934,0.017408787130010962
4.86,schechter,0,1225707238145.2253,0.0012257072381452253,84,10,0.11904761904761904,0.08530772411941123,78434819908338.19,103.92812030834702,0.03390358617985464,653.3125827439063,3050288.455764161,1.351255790361405,0.013722923354631872
4.87,schechter,0,1229545053525.3857,0.0012295450535253858,57,10,0.17543859649122806,0.08516604556021268,42788377646516.49,99.23180874499253,0.033742482172332715,652.5896860584766,3037402.8494712934,1.3376719626615639,0.019986707248535764
4.88,schechter,0,1233385643437.7505,0.0012333856434377504,48,10,0.20833333333333334,0.08502493172375503,75812477967624.23,138.08717421979685,0.03358235930628393,651.8673059219532,3024593.026241584,1.3242419630717908,0.023456996353314656
4.89,schechter,0,1237229000704.0352,0.0012372290007040352,68,10,0.14705882352941177,0.084884366326478,88747817430741.97,79.44443851312275,0.03342321075432565,651.1454494074219,3011858.4167142524,1.3109638778236392,0.016364755594994403
4.8999999999999995,schechter,0,1241075118176.9304,0.0012410751181769304,97,10,0.10309278350515463,0.08474434649955431,65527890534262.46,112.4961541830024,0.03326502973511832,650.4241234836328,2999198.4567176998,1.2978358186215708,0.011338582300288568
4.91,schechter,0,1244923988739.9172,0.0012449239887399172,71,10,0.14084507042253522,0.08460486938548328,27126646544920.105,59.486623430798794,0.033107809513224104,649.7033350168359,2986612.5872155535,1.284855922294202,0.015310572885192341
4.92,schechter,0,1248775605307.0793,0.0012487756053070793,41,10,0.24390243902439024,0.08446593213808429,51508083654609.945,177.43821714057424,0.032951543398960184,648.9830907697657,2974100.254251155,1.2720223504436678,0.02620550086114666
4.93,schechter,0,1252629960822.9265,0.0012526299608229265,64,10,0.15625,0.08432753192248998,13422309540110.676,31.107466256766873,0.032796224748246505,648.263397403711,2961660.908893382,1.259333289106181,0.016593198146586843
4.9399999999999995,schechter,0,1256487048262.2036,0.0012564870482622036,81,10,0.12345679012345678,0.08418966591513943,18471870712660.336,44.762909176992146,0.03264184696244863,647.5442614811328,2949294.0071838005,1.2467869484184764,0.01295883662403799
4.95,schechter,0,1260346860629.716,0.001260346860629716,42,10,0.23809523809523808,0.08405236122212045,238727037270524.7,143.70461971800077,0.03248840348821557,646.8256894654297,2936999.0100829303,1.234381562282579,0.024703020228309686
4.96,schechter,0,1264209390960.149,0.0012642093909601489,92,10,0.10869565217391304,0.08391561010294879,59492844981997.9,112.04872822763919,0.03233588781731316,646.1076877219922,2924775.38341962,1.2221153880387325,0.011147234609073069
4.97,schechter,0,1268074632317.8884,0.0012680746323178885,133,10,0.07518796992481203,0.08377938332045509,47020469267087.64,70.3487673072155,0.032184293486452624,645.3902625205469,2912622.597837311,1.2099867061436353,0.007621950380952066
4.9799999999999995,schechter,0,1271942577796.8472,0.0012719425777968471,75,10,0.13333333333333333,0.08364367810673778,24561248738622.773,66.14841183063857,0.03203361407711513,644.673420035039,2900540.12874541,1.197993819850291,0.013360614592189193
4.99,schechter,0,1275813220520.2869,0.001275813220520287,77,10,0.12987012987012986,0.08350849170511232,301926862343192.06,87.85699545619278,0.03188384321537219,643.9571663462109,2888527.4562673313,1.1861350548956622,0.012863941479597059
