z,luminosity_function,alpha_intrinsic,L_min_Jy_kpc2,L_min_over_L_star,n_generated,n_detected,detection_rate_10_per_n,N_ratio_detectable_L,mean_detected_L,mean_SNR,SFR_psi,comoving_volume_Mpc3,time_Gyr,nfrb_sfr_base,n_total_population_scaled
0.01,std,0,10000000000.0,1e-05,11,10,0.9090909090909091,1.0,100000000000000.0,23372524.774061214,0.015366633837018974,0.17501870657072174,137678720.05218962,0.007405596207968945,0.006732360189062678
0.02,std,0,10000000000.0,1e-05,13,10,0.7692307692307693,1.0,100000000000000.0,6283282.330853078,0.015778461234561884,0.6541238775082812,135706863.92550436,0.028012796074722592,0.021548304672863533
0.03,std,0,10000000000.0,1e-05,13,10,0.7692307692307693,1.0,100000000000000.0,1543112.1397788161,0.016197006898133106,1.4421210060199012,133769703.76805276,0.062491972215122225,0.04807074785778633
0.04,std,0,10000000000.0,1e-05,12,10,0.8333333333333334,1.0,100000000000000.0,1669665.51399075,0.0166223021408091,2.5302323046009714,131866423.28089881,0.11092151449656784,0.09243459541380654
0.05,std,0,10000000000.0,1e-05,10,10,1.0,1.0,100000000000000.0,166312.86467668577,0.01705437728000787,3.9097092341710797,129996236.70924087,0.17335688792202048,0.17335688792202048
0.060000000000000005,std,0,10000000000.0,1e-05,15,10,0.6666666666666666,1.0,100000000000000.0,725181.1837999154,0.017493261604641853,5.5718405530620885,128158387.20751494,0.24983109985929194,0.1665540665728613
0.06999999999999999,std,0,10000000000.0,1e-05,13,10,0.7692307692307693,1.0,100000000000000.0,238824.18130390835,0.017938983341287663,7.507960098912622,126352145.30294725,0.3403552062843261,0.2618116971417893
0.08,std,0,10000000000.0,1e-05,11,10,0.9090909090909091,1.0,100000000000000.0,139060.8120889179,0.018391569619367408,9.70945429256178,124576807.45144194,0.4449188537884523,0.4044716852622294
0.09,std,0,10000000000.0,1e-05,18,10,0.5555555555555556,1.0,100000000000000.0,140725.47279654775,0.018851046435337065,12.16776935428672,122831694.67989907,0.5634908540967702,0.3130504744982057
0.09999999999999999,std,0,10000000000.0,1e-05,10,10,1.0,1.0,100000000000000.0,225775.68039953095,0.019317438615878545,14.87441822425398,121116151.30983643,0.6960197878730572,0.6960197878730572
0.11,std,0,10000000000.0,1e-05,16,10,0.625,1.0,100000000000000.0,104315.759816548,0.019790769780093035,17.820987180151963,119429543.75708403,0.8424346346096866,0.5265216466310542
0.12,std,0,10000000000.0,1e-05,17,10,0.5882352941176471,1.0,100000000000000.0,46034.8055174614,0.020271062300694323,20.999142146611728,117771259.40308331,1.0026454254676542,0.589791426745679
0.13,std,0,10000000000.0,1e-05,10,10,1.0,1.0,100000000000000.0,136662.8839814787,0.02075833726420218,24.400634691812353,116140705.53330435,1.1765439159712736,1.1765439159712736
0.14,std,0,10000000000.0,1e-05,12,10,0.8333333333333334,1.0,100000000000000.0,86550.78263659407,0.021252614430137,28.017307708377928,114537308.33873443,1.3640042755602682,1.136670229633557
0.15000000000000002,std,0,10000000000.0,1e-05,10,10,1.0,1.0,100000000000000.0,71458.61371437137,0.021753912189218152,31.84110077643164,112960511.97664525,1.5648837910684645,1.5648837910684645
0.16,std,0,10000000000.0,1e-05,12,10,0.8333333333333334,1.0,100000000000000.0,92511.01799939372,0.02226224752057046,35.86405520807844,111409777.68701176,1.779023581306439,1.4825196510886993
0.17,std,0,10000000000.0,1e-05,13,10,0.7692307692307693,1.0,100000000000000.0,87069.26661446952,0.02277763594794393,40.07831877354109,109884582.96125181,2.0062493200247444,1.543268707711342
0.18000000000000002,std,0,10000000000.0,1e-05,15,10,0.6666666666666666,1.0,100000000000000.0,15033.65844133828,0.023300091494954225,44.4761501099873,108384420.7601139,2.246371964635225,1.4975813097568165
0.19,std,0,10000000000.0,1e-05,13,10,0.7692307692307693,1.0,100000000000000.0,6740.751126130769,0.023829626639352574,49.04992281546272,106908798.77780546,2.499188488207837,1.9224526832367979
0.2,std,0,10000000000.0,1e-05,14,10,0.7142857142857143,1.0,100000000000000.0,86341.45696679756,0.024366252266335785,53.79212923103554,105457238.74949963,2.7644826123714643,1.9746304374081889
0.21000000000000002,std,0,10000000000.0,1e-05,13,10,0.7692307692307693,1.0,100000000000000.0,80871.60901137014,0.02490997762090884,58.69538391467643,104029275.79969656,3.0420255388561555,2.3400196452739657
0.22,std,0,10000000000.0,1e-05,15,10,0.6666666666666666,1.0,100000000000000.0,17168.06868585584,0.025460810259314456,63.752426812024304,102624457.82893437,3.3315766775855806,2.221051118390387
0.23,std,0,10000000000.0,1e-05,23,10,0.43478260869565216,1.0,100000000000000.0,20076.4794750308,0.026018755999546127,68.95612612907372,101242344.93655138,3.632884369320333,1.5795149431827535
0.24000000000000002,std,0,10000000000.0,1e-05,12,10,0.8333333333333334,1.0,100000000000000.0,21223.0739373661,0.02658381887096318,74.29948091307652,99882508.87732875,3.945686601017638,3.2880721675146987
0.25,std,0,10000000000.0,1e-05,12,10,0.8333333333333334,1.0,100000000000000.0,23354.40844539736,0.027156001063028613,79.77562334800315,98544532.5499974,4.2697117121808645,3.558093093484054
0.26,std,0,10000000000.0,1e-05,11,10,0.9090909090909091,1.0,100000000000000.0,36477.84024183859,0.02773530287319293,85.37782077209593,97228009.51565525,4.604679090639082,4.186071900580983
0.27,std,0,10000000000.0,1e-05,14,10,0.7142857142857143,1.0,100000000000000.0,9836.099605407811,0.0283217226539493,91.09947742446387,95932543.54423486,4.950299856272157,3.535928468765827
0.28,std,0,10000000000.0,1e-05,12,10,0.8333333333333334,1.0,100000000000000.0,28760.579663350236,0.028915256759088154,96.93413592979066,94657748.18751705,5.306277531431799,4.421897942859832
0.29000000000000004,std,0,10000000000.0,1e-05,10,10,1.0,1.0,100000000000000.0,8156.904139268107,0.029515899489181725,102.87547852861809,93403246.37677355,5.672308696808903,5.672308696808903
0.3,std,0,10000000000.0,1e-05,13,10,0.7692307692307693,1.0,100000000000000.0,11237.340216703926,0.03012364303633178,108.91732806204274,92168670.04385954,6.048083631711092,4.652372024393149
0.31,std,0,10000000000.0,1e-05,14,10,0.7142857142857143,1.0,100000000000000.0,12895.173293518725,0.030738477428216556,115.05364872078525,90953659.76403436,6.433286937854032,4.595204955610023
0.32,std,0,10000000000.0,1e-05,14,10,0.7142857142857143,1.0,100000000000000.0,6293.510496361903,0.03136039047147566,121.27854656581832,89757864.41943079,6.827598145755356,4.876855818396683
0.33,std,0,10000000000.0,1e-05,16,10,0.625,1.0,100000000000000.0,7307.254034086118,0.031989367694474906,127.58626983227067,88580940.88171776,7.230692303150335,4.51918268946896
0.34,std,0,10000000000.0,1e-05,12,10,0.8333333333333334,1.0,100000000000000.0,12535.08175523081,0.032625392289495694,133.97120902410467,87422553.71285346,7.642240544734906,6.368533787279088
0.35000000000000003,std,0,10000000000.0,1e-05,17,10,0.5882352941176471,1.0,100000000000000.0,12934.470397260064,0.03326844505439697,140.42789680998393,86282374.8828454,8.06191064280391,4.742300378119948
0.36000000000000004,std,0,10000000000.0,1e-05,14,10,0.7142857142857143,1.0,100000000000000.0,6971.988599958,0.03391850433380093,146.95100772998208,85160083.50335014,8.489367538396507,6.063833955997506
0.37,std,0,10453127787.55516,1.045312778755516e-05,13,10,0.7692307692307693,1.0,100000000000000.0,12589.36402457431,0.03457554595985672,153.5353577218396,84055365.5762477,8.924273852621663,6.864826040478203
0.38,std,0,11048189629.704937,1.1048189629704937e-05,14,10,0.7142857142857143,1.0,100000000000000.0,23101.125031402873,0.035239543192639965,160.17590347769752,82967913.75619605,9.366290378041793,6.690207412886995
0.39,std,0,11660226040.610203,1.1660226040610204e-05,15,10,0.6666666666666666,1.0,100000000000000.0,9330.488912318495,0.03591046666024937,166.86774163908578,81897427.12626469,9.815076549901754,6.543384366601169
0.4,std,0,12289233550.578333,1.2289233550578334e-05,13,10,0.7692307692307693,1.0,100000000000000.0,4163.315325172871,0.03658828429866464,173.6061078411912,80843610.98588744,10.270290897273021,7.9002237671330935
0.41000000000000003,std,0,12935205314.173105,1.2935205314173105e-05,13,10,0.7692307692307693,1.0,100000000000000.0,5171.198056819329,0.03727296129143468,180.38637561364627,79806176.65031886,10.731591474033806,8.255070364641389
0.42000000000000004,std,0,13598131223.584358,1.3598131223584358e-05,14,10,0.7142857142857143,1.0,100000000000000.0,9363.299794404313,0.037964460009266905,187.20405514937775,78784841.26087493,11.198636269939799,7.999025907099856
0.43,std,0,14277998020.102066,1.4277998020102066e-05,15,10,0.6666666666666666,1.0,100000000000000.0,11382.513616394812,0.038662739949594106,194.05479194828544,77779327.60525452,11.671083601830686,7.780722401220457
0.44,std,0,14974789403.646925,1.4974789403646925e-05,14,10,0.7142857142857143,1.0,100000000000000.0,10059.308630194522,0.03936775767619714,200.9343653455684,76789363.94735558,12.148592485276232,8.677566060911595
0.45,std,0,15688486140.317139,1.568848614031714e-05,14,10,0.7142857142857143,1.0,100000000000000.0,10330.48379473026,0.04007946675896711,207.8386869326862,75814683.86589663,12.630822986903878,9.022016419217056
0.46,std,0,16419066167.914755,1.6419066167914755e-05,15,10,0.6666666666666666,1.0,100000000000000.0,5635.680330825177,0.04079781771389325,214.7637988800749,74855026.10136408,13.117436557803728,8.744957705202484
0.47000000000000003,std,0,17166504699.418205,1.7166504699418205e-05,20,10,0.5,1.0,100000000000000.0,3712.6806793641763,0.04152275794336715,221.7058721687058,73910134.4107027,13.60809634832278,6.80404817416139
0.48000000000000004,std,0,17930774324.379307,1.7930774324379307e-05,19,10,0.5263157894736842,1.0,100000000000000.0,7548.1051212762395,0.04225423167689769,228.6612047386975,72979757.42922702,14.102467504682966,7.422351318254193
0.49,std,0,18711845108.22014,1.8711845108220137e-05,19,10,0.5263157894736842,1.0,100000000000000.0,6883.161947682948,0.042992179912334685,235.62621956305583,72063648.53939462,14.600217447925377,7.684324972592304
0.5,std,0,19509684689.414936,1.9509684689414936e-05,18,10,0.5555555555555556,1.0,100000000000000.0,7138.411657217186,0.04373654035770323,242.59746265261867,71161565.7458431,15.10101613555731,8.38945340864295
0.51,std,0,20324258374.543636,2.0324258374543637e-05,15,10,0.6666666666666666,1.0,100000000000000.0,5839.375728838934,0.04448724737375437,249.57160100117446,70273271.55644336,15.604536306559329,10.403024204372885
0.52,std,0,21155529231.2139,2.1155529231213903e-05,13,10,0.7692307692307693,1.0,100000000000000.0,5247.207739891252,0.04524423191734168,256.54542047502525,69398532.8688438,16.110453710100085,12.392656700076989
0.53,std,0,22003458178.83779,2.2003458178837792e-05,13,10,0.7692307692307693,1.0,100000000000000.0,8270.172840846535,0.04600742148573693,263.5158236557996,68537120.86228469,16.618447318679635,12.783421014368951
0.54,std,0,22868004077.274776,2.2868004077274778e-05,14,10,0.7142857142857143,1.0,100000000000000.0,3513.9267671164853,0.046776740062001616,270.47982764148617,67688810.89416112,17.1281995261458,12.234428232961285
0.55,std,0,23749123813.332253,2.3749123813332253e-05,19,10,0.5263157894736842,1.0,100000000000000.0,5741.473707407296,0.04755210806153499,277.4345618119414,66853382.401291125,17.63939633124143,9.28389280591654
0.56,std,0,24646772385.141273,2.4646772385141273e-05,14,10,0.7142857142857143,1.0,100000000000000.0,2809.887055452371,0.04833344227992233,284.3772655642496,66030618.80524841,18.151727507164384,12.96551964797456
0.5700000000000001,std,0,25560902984.406883,2.5560902984406882e-05,14,10,0.7142857142857143,1.0,100000000000000.0,4747.787164598811,0.049120655842211244,291.30528602426364,65220307.42184981,18.66488675787939,13.33206196991385
0.5800000000000001,std,0,26491467076.55118,2.649146707655118e-05,13,10,0.7692307692307693,1.0,100000000000000.0,8933.992703779088,0.04991365815374634,298.2160757374737,64422239.37422575,19.178571861567946,14.752747585821497
0.59,std,0,27438414478.762127,2.7438414478762127e-05,17,10,0.5882352941176471,1.0,100000000000000.0,4695.030928742365,0.050712354852696435,305.10719034785797,63636209.50946025,19.692484802111203,11.583814589477178
0.6,std,0,28401693435.965233,2.8401693435965232e-05,16,10,0.625,1.0,100000000000000.0,5562.426967554295,0.051516647764411366,311.9762862629747,62862016.318445235,20.206331888755464,12.628957430472166
0.61,std,0,29381250694.736034,2.9381250694736033e-05,14,10,0.7142857142857143,1.0,100000000000000.0,10206.834573770937,0.05232643485774771,318.82111831842934,62099461.8588071,20.719823865131097,14.799874189379356
0.62,std,0,30377031575.179653,3.0377031575179653e-05,12,10,0.8333333333333334,1.0,100000000000000.0,1717.3260108725196,0.05314161020350689,325.6395374354957,61348351.680681646,21.232676007533744,17.69389667294479
0.63,std,0,31388980040.793278,3.1388980040793275e-05,17,10,0.5882352941176471,1.0,100000000000000.0,1603.5002542614568,0.05396206393512963,332.42948828550965,60608494.75515795,21.744608213672162,12.790946008042448
0.64,std,0,32417038766.34331,3.241703876634331e-05,14,10,0.7142857142857143,1.0,100000000000000.0,4826.522627536032,0.054787682211795266,339.1890069576593,59879703.405252725,22.255345082006684,15.896675058576204
0.65,std,0,33461149203.78097,3.346114920378097e-05,19,10,0.5263157894736842,1.0,100000000000000.0,5529.057341594984,0.055618347184074164,345.91621863659213,59161793.23922499,22.76461598241742,11.981376832851273
0.66,std,0,34521251646.22488,3.452125164622488e-05,12,10,0.8333333333333334,1.0,100000000000000.0,4624.395488044574,0.056453936962285574,352.6093352936762,58454583.086089864,23.272155118791332,19.393462598992777
0.67,std,0,35597285290.03642,3.5597285290036425e-05,17,10,0.5882352941176471,1.0,100000000000000.0,2525.414661396338,0.05729432558771266,359.26665339055626,57757894.933217816,23.777701583782097,13.986883284577704
0.68,std,0,36689188295.02712,3.668918829502712e-05,12,10,0.8333333333333334,1.0,100000000000000.0,3983.1930602944603,0.05813938300682973,365.8865516050769,57071553.86587637,24.280999406735052,20.23416617227921
0.6900000000000001,std,0,37796897842.81866,3.7796897842818656e-05,19,10,0.5263157894736842,1.0,100000000000000.0,6133.307137205966,0.05898897504869533,372.4674885729316,56395388.00860588,24.781797594675087,13.043051365618465
0.7000000000000001,std,0,38920350193.39612,3.892035019339612e-05,14,10,0.7142857142857143,1.0,100000000000000.0,1795.3931719166787,0.059842963405668255,379.00800065610787,55729228.46830064,25.27985016740938,18.057035833863843
0.7100000000000001,std,0,40059480739.88213,4.005948073988213e-05,19,10,0.5263157894736842,1.0,100000000000000.0,5473.860798008361,0.06070120561760056,385.5066997334361,55072909.27894104,25.774916186778817,13.565745361462534
0.72,std,0,41214224061.56933,4.121422406156933e-05,20,10,0.5,1.0,100000000000000.0,4563.423387894656,0.061563555059664696,391.9622710202717,54426267.3478233,26.26675978081776,13.13337989040888
0.73,std,0,42384513975.24359,4.238451397524359e-05,22,10,0.45454545454545453,1.0,100000000000000.0,2282.0679519704727,0.062429860933968816,398.37347091386044,53789142.40325106,26.75515016292567,12.16143189223894
0.74,std,0,43570283584.83045,4.3570283584830455e-05,16,10,0.625,1.0,100000000000000.0,7484.235310803071,0.06329996826511489,404.73912487170253,53161376.94359302,27.239861646837426,17.02491352927339
0.75,std,0,44771465329.40685,4.477146532940685e-05,16,10,0.625,1.0,100000000000000.0,3937.7562891622356,0.06417371789985252,411.05812531974686,52542816.187593825,27.72067365745704,17.32542103591065
0.76,std,0,45987991029.60251,4.598799102960251e-05,19,10,0.5263157894736842,1.0,100000000000000.0,3815.7195615551545,0.06505094651097904,417.3294295935845,51933308.025967404,28.197370738102443,14.840721441106547
0.77,std,0,47219791932.43761,4.7219791932437606e-05,17,10,0.5882352941176471,1.0,100000000000000.0,1692.8932423269987,0.06593148660563516,423.5520579145394,51332702.97407133,28.669742554496917,16.864554443821717
0.78,std,0,48466798754.62444,4.846679875462444e-05,15,10,0.6666666666666666,1.0,100000000000000.0,4136.6188348583055,0.06681516653814157,429.725091399308,50740854.125752576,29.137583895760457,19.42505593050697
0.79,std,0,49728941724.37146,4.972894172437146e-05,17,10,0.5882352941176471,1.0,100000000000000.0,1662.3694733753764,0.0677018105275198,435.8476701057938,50157617.108157024,29.600694672753534,17.412173336913845
0.8,std,0,51006150621.72572,5.1006150621725723e-05,19,10,0.5263157894736842,1.0,100000000000000.0,1617.3882555586763,0.06859123867983588,441.9189911167272,49582850.03763585,30.05887991422926,15.82046311275224
0.81,std,0,52298354817.48778,5.2298354817487775e-05,14,10,0.7142857142857143,1.0,100000000000000.0,1211.4554112945636,0.06948326701550157,447.93830665853676,49016413.47646635,30.51194976072097,21.794249829086407
0.8200000000000001,std,0,53605483310.73516,5.360548331073516e-05,14,10,0.7142857142857143,1.0,100000000000000.0,2675.851248067745,0.0703777075016633,453.9049222587348,48458170.39061373,30.95971945676597,22.114085326261407
0.8300000000000001,std,0,54927464764.98883,5.492746476498883e-05,16,10,0.625,1.0,100000000000000.0,1054.7849215746942,0.0712743680898028,459.81819494171924,47907986.10823188,31.402009341513633,19.62625583844602
0.8400000000000001,std,0,56264227543.05773,5.626422754305773e-05,19,10,0.5263157894736842,1.0,100000000000000.0,3156.3601930621016,0.07217305275866856,465.67753146251414,47365728.279101126,31.83864483802734,16.7571814936986
0.85,std,0,57615699740.5968,5.76156997405968e-05,17,10,0.5882352941176471,1.0,100000000000000.0,3071.8740480165034,0.0730735615626498,471.4823865785806,46831266.83476413,32.269456441347046,18.98203320079238
0.86,std,0,58981809218.41025,5.898180921841025e-05,22,10,0.45454545454545453,1.0,100000000000000.0,2264.6075242213897,0.07397569068569808,477.23226136199196,46304473.94949488,32.69427970575,14.861036229886363
0.87,std,0,60362483633.535995,6.036248363353599e-05,10,10,1.0,1.0,100000000000000.0,3748.9716288490977,0.07487923250089422,482.9267015481168,45785224.0019454,33.112955231025,33.112955231025
0.88,std,0,61757650469.14437,6.175765046914437e-05,17,10,0.5882352941176471,1.0,100000000000000.0,2853.09684828315,0.07578397563574907,488.56529592590795,45273393.53755888,33.52532864833801,19.72078155784589
0.89,std,0,63167237063.28281,6.316723706328281e-05,16,10,0.625,1.0,100000000000000.0,3709.685981287445,0.07668970504331966,494.1476747635967,44768861.231587745,33.93125060530616,21.20703162831635
0.9,std,0,64591170636.49953,6.459117063649952e-05,20,10,0.5,1.0,100000000000000.0,1327.4164999367597,0.07759620207921059,499.6735082764951,44271507.85283817,34.33057675096777,17.165288375483886
0.91,std,0,66029378318.37981,6.602937831837981e-05,13,10,0.7692307692307693,1.0,100000000000000.0,4304.927288343102,0.07850324458452297,505.14250512997614,43781216.22801512,34.72316772021278,26.710129015548294
0.92,std,0,67481787173.022865,6.748178717302286e-05,14,10,0.7142857142857143,1.0,100000000000000.0,656.9875247390219,0.07941060697480082,510.55441098294745,43297871.206686266,35.10888911816679,25.07777794154771
0.93,std,0,68948324223.49391,6.894832422349391e-05,19,10,0.5263157894736842,1.0,100000000000000.0,1356.9821468361724,0.08031806033501555,515.9090070683948,42821359.6268634,35.487611504398906,18.677690265473107
0.9400000000000001,std,0,70428916475.27946,7.042891647527947e-05,21,10,0.47619047619047616,1.0,100000000000000.0,2086.77847969293,0.08122537252061583,521.2061088104884,42351570.28113079,35.859210376954486,17.07581446521642
0.9500000000000001,std,0,71923490938.77528,7.192349093877528e-05,22,10,0.45454545454545453,1.0,100000000000000.0,2792.646180507286,0.08213230826466011,526.4455644802096,41888393.88338472,36.22356615648136,16.465257343855164
0.9600000000000001,std,0,73431974650.84047,7.343197465084047e-05,18,10,0.5555555555555556,1.0,100000000000000.0,1926.2787339044874,0.0830386292910345,531.6272538870755,41431723.03608367,36.58056417027018,20.3225356501501
0.97,std,0,74954294695.43929,7.495429469543929e-05,19,10,0.5263157894736842,1.0,100000000000000.0,4076.4432914656486,0.08394409443374791,536.7510871072374,40981452.198053606,36.93009463632303,19.43689191385422
0.98,std,0,76490378223.40579,7.64903782234058e-05,16,10,0.625,1.0,100000000000000.0,2680.434946864922,0.08484845976228053,541.8170032465187,40537477.652815565,37.2720526473726,23.295032904607872
0.99,std,0,78040152471.35434,7.804015247135434e-05,17,10,0.5882352941176471,1.0,100000000000000.0,2075.2979520247504,0.08575147871295036,546.8249692409239,40099697.47744613,37.60633815507517,22.121375385338336
1.0,std,0,79603544779.76494,7.960354477976494e-05,15,10,0.6666666666666666,1.0,100000000000000.0,2906.307303622266,0.08665290222624604,551.7749786877922,39668011.51188104,37.93285595385352,25.288570635902346
1.01,std,0,81180482610.26816,8.118048261026816e-05,17,10,0.5882352941176471,1.0,100000000000000.0,2951.74725866761,0.08755247889006164,556.6670507169035,39242321.32879002,38.251515665167844,22.500891567745793
1.02,std,0,82770893562.15799,8.277089356215799e-05,17,10,0.5882352941176471,1.0,100000000000000.0,1012.2471929099672,0.08844995508875261,561.5012288890208,38822530.203856505,38.56223172120996,22.683665718358803
1.03,std,0,84374705388.15353,8.437470538815353e-05,21,10,0.47619047619047616,1.0,100000000000000.0,915.0361803661742,0.08934507515791797,566.2775801318917,38408543.086599246,38.86492334884223,18.50710635659154
1.04,std,0,85991846009.44037,8.599184600944037e-05,16,10,0.625,1.0,100000000000000.0,2077.7895411670384,0.09023758154479809,570.9961937068547,38000266.571585506,39.15951455315905,24.474696595724406
1.05,std,0,87622243530.00713,8.762224353000712e-05,22,10,0.45454545454545453,1.0,100000000000000.0,1359.4679340206028,0.09112721497416236,575.6571802071594,37597608.87017283,39.445934100870225,17.9299700458501
1.06,std,0,89265826250.3088,8.92658262503088e-05,16,10,0.625,1.0,100000000000000.0,2093.226684107223,0.09201371461954395,580.2606705875231,37200479.78263619,39.72411550331093,24.82757218956933
1.07,std,0,90922522680.2746,9.09225226802746e-05,23,10,0.43478260869565216,1.0,100000000000000.0,2596.0457539867652,0.09289681827966537,584.8068152247762,36808790.67077036,39.993996999133486,17.38869434744934
1.08,std,0,92592261551.6834,9.25922615516834e-05,22,10,0.45454545454545453,1.0,100000000000000.0,2530.981801692302,0.09377626255988103,589.2957830077694,36422454.43092041,40.25552153647782,18.297964334762646
1.09,std,0,94274971829.92973,9.427497182992973e-05,15,10,0.6666666666666666,1.0,100000000000000.0,1965.225351372556,0.09465178305844799,593.7277604567504,36041385.46742419,40.50863675458084,27.005757836387225
1.1,std,0,95970582725.19966,9.597058272519965e-05,14,10,0.7142857142857143,1.0,100000000000000.0,1065.6165592002667,0.09552311455742028,598.1029508707859,35665499.66649557,40.75329496471893,29.109496403370667
1.11,std,0,97679023703.0789,9.76790237030789e-05,18,10,0.5555555555555556,1.0,100000000000000.0,1646.9634003832023,0.09638999121794681,602.4215735047288,35294714.37049736,40.98945313048574,22.771918405825414
1.12,std,0,99400224494.60944,9.940022449460943e-05,16,10,0.625,1.0,100000000000000.0,1338.7605802568044,0.09725214677973788,606.6838627705213,34928948.352648705,41.217072847053366,25.760670529408355
1.1300000000000001,std,0,101134115105.81891,0.0001011341151058189,27,10,0.37037037037037035,1.0,100000000000000.0,1282.1565173261592,0.09810931476444977,610.8900674687998,34568121.792101,41.43612031969847,15.34671122951795
1.1400000000000001,std,0,102880625826.73865,0.00010288062582673865,11,10,0.9090909090909091,1.0,100000000000000.0,1635.9162103517451,0.09896122868272254,615.0404500432821,34212156.24944995,41.64656634110809,37.86051485555281
1.1500000000000001,std,0,104639687239.92789,0.00010463968723992789,26,10,0.38461538461538464,1.0,100000000000000.0,1649.5071823051057,0.09980762224459194,619.1352858624833,33860974.64260373,41.8483862676282,16.095533179857
1.1600000000000001,std,0,106411230228.52237,0.00010641123022852237,16,10,0.625,1.0,100000000000000.0,1300.4583306517986,0.10064822957298275,623.1748625254497,33514501.22304822,42.04155999422326,26.27597499638954
1.17,std,0,108195185983.82933,0.00010819518598382933,19,10,0.5263157894736842,1.0,100000000000000.0,557.7504024491947,0.10148278541997709,627.1594791912094,33172661.552509196,42.22607192807444,22.22424838319707
1.18,std,0,109991486012.47598,0.00010999148601247598,17,10,0.5882352941176471,1.0,100000000000000.0,890.164734935508,0.1023110253855389,631.0894459323556,32835382.47995832,42.4019109607243,24.942300565131944
1.19,std,0,111800062143.13745,0.00011180006214313744,22,10,0.45454545454545453,1.0,100000000000000.0,963.137285293508,0.10313268613836393,634.9650831114843,32502592.119014297,42.569070438692336,19.34957747213288
1.2,std,0,113620846532.8526,0.0001136208465328526,19,10,0.5263157894736842,1.0,100000000000000.0,756.7175766065151,0.1039475056385125,638.7867207790293,32174219.82570734,42.72754813237308,22.48818322756478
1.21,std,0,115453771672.9487,0.0001154537716729487,29,10,0.3448275862068966,1.0,100000000000000.0,1185.3804888184518,0.1047552233614732,642.5546980936736,31850196.176586464,42.87734620321932,14.78529179421356
1.22,std,0,117298770394.58513,0.00011729877039458514,27,10,0.37037037037037035,1.0,100000000000000.0,1603.5691296441612,0.10555558052329424,646.2693627626184,31530452.947203357,43.01847116902508,15.932767099638916
1.23,std,0,119155775873.93315,0.00011915577587393316,20,10,0.5,1.0,100000000000000.0,2007.5321918761904,0.10634832030641155,649.9310705045108,31214923.090939093,43.150933867407915,21.575466933703957
1.24,std,0,121024721637.0042,0.0001210247216370042,16,10,0.625,1.0,100000000000000.0,555.7910826217988,0.10713318808579403,653.5401845291294,30903540.718176357,43.2747494170594,27.046718385662125
1.25,std,0,122905541564.14186,0.00012290554156414187,18,10,0.5555555555555556,1.0,100000000000000.0,414.0172296977918,0.1079099316550206,657.0970750387177,30596241.075822484,43.38993717706179,24.105520653923218
1.26,std,0,124798169894.18913,0.00012479816989418912,21,10,0.47619047619047616,1.0,100000000000000.0,384.47509440026226,0.10867830145189603,660.6021187475214,30292960.52715669,43.49652070397197,20.71262890665332
1.27,std,0,126702541228.34247,0.00012670254122834247,18,10,0.5555555555555556,1.0,100000000000000.0,1704.5292120882182,0.10943805078320944,664.0556984192583,29993636.532022804,43.59452770665784,24.219182059254358
1.28,std,0,128618590533.70982,0.00012861859053370982,15,10,0.6666666666666666,1.0,100000000000000.0,1265.7057991410022,0.11018893604823399,667.4582024216548,29698207.62734887,43.683989998783446,29.12265999918896
1.29,std,0,130546253146.57602,0.00013054625314657601,20,10,0.5,1.0,100000000000000.0,2183.7289793814466,0.11093071696056572,670.8100242991387,29406613.407992665,43.76494344899713,21.882471724498565
1.3,std,0,132485464775.39722,0.0001324854647753972,21,10,0.47619047619047616,1.0,100000000000000.0,1344.3884215084777,0.11166315676789583,674.1115623619073,29118794.50790167,43.83742792867824,20.87496568032297
1.31,std,0,134436161503.52492,0.00013443616150352492,18,10,0.5555555555555556,1.0,100000000000000.0,1145.9420829834964,0.11238602246931209,677.3632192911978,28834692.581594545,43.90148725723836,24.3897151429102
1.32,std,0,136398279791.67998,0.00013639827979167998,16,10,0.625,1.0,100000000000000.0,1071.72430523906,0.11309908502972522,680.5654017583895,28554250.285959702,43.957169144820135,27.473230715512585
1.33,std,0,138371756480.17953,0.00013837175648017953,14,10,0.7142857142857143,1.0,100000000000000.0,919.1418478103973,0.11380211959101888,683.718520062721,28277411.26235228,44.00452513268651,31.43180366620465
1.34,std,0,140356528790.9305,0.0001403565287909305,18,10,0.5555555555555556,1.0,100000000000000.0,1222.37141136592,0.11449490567952506,686.8229877798824,28004120.11900111,44.043610530832446,24.46867251712914
1.35,std,0,142352534329.1988,0.0001423525343291988,20,10,0.5,1.0,100000000000000.0,258.6182804555371,0.11517722740943068,689.8792214277767,27734322.413720313,44.074484353243825,22.037242176621913
1.36,std,0,144359711085.1629,0.0001443597110851629,16,10,0.625,1.0,100000000000000.0,858.6894510810125,0.11584887368172872,692.8876401438399,27467964.636896268,44.097209250427554,27.560755781517223
1.37,std,0,146377997435.2625,0.0001463779974352625,17,10,0.5882352941176471,1.0,100000000000000.0,1902.801411182864,0.11650963837833293,695.8486653774614,27204994.194798715,44.11185143955684,25.94814790562167
1.3800000000000001,std,0,148407332143.34625,0.00014840733214334625,21,10,0.47619047619047616,1.0,100000000000000.0,893.8721918577287,0.1171593205509839,698.7627205934303,26945359.393152125,44.118480631917876,21.008800300913272
1.3900000000000001,std,0,150447654361.63474,0.00015044765436163473,24,10,0.4166666666666667,1.0,100000000000000.0,808.3366292246333,0.11779772460458442,701.6302309895406,26689009.4209975,44.11716995795986,18.382154149149944
1.4000000000000001,std,0,152498903631.49942,0.00015249890363149942,23,10,0.43478260869565216,1.0,100000000000000.0,1624.1962746914896,0.11842466047461185,704.4516232248942,26435894.334847275,44.107995889796065,19.177389517302636
1.4100000000000001,std,0,154561019884.06918,0.0001545610198840692,21,10,0.47619047619047616,1.0,100000000000000.0,1150.9070007632145,0.1190399437982678,707.2273251607312,26185965.04308979,44.09103816127121,20.995732457748193
1.42,std,0,156633943440.6725,0.0001566339434406725,20,10,0.5,1.0,100000000000000.0,1784.7534286179507,0.1196433960790384,709.9577656119897,25939173.29070372,44.06637968565957,22.033189842829785
1.43,std,0,158717615013.11856,0.00015871761501311856,21,10,0.47619047619047616,1.0,100000000000000.0,1042.6969583913574,0.12023484484435139,712.6433741099488,25695471.644191947,44.03410647095063,20.96862212902411
1.44,std,0,160811975703.82944,0.00016081197570382943,21,10,0.47619047619047616,1.0,100000000000000.0,1493.9015766057046,0.12081412379603326,715.2845806751269,25454813.47682177,43.99430753290931,20.94967025376634
1.45,std,0,162916967005.82794,0.00016291696700582793,19,10,0.5263157894736842,1.0,100000000000000.0,299.2092771424216,0.12138107295328354,717.881815600849,25217152.95410143,43.94707480591839,23.130039371535993
1.46,std,0,165032530802.58362,0.00016503253080258362,22,10,0.45454545454545453,1.0,100000000000000.0,1127.3004166702362,0.12193553878790152,720.4355092457978,24982445.019521292,43.89250305165408,19.951137750751855
1.47,std,0,167158609367.73425,0.00016715860936773427,27,10,0.37037037037037035,1.0,100000000000000.0,990.9176363053379,0.12247737435151856,722.946091837123,24750645.38054905,43.83068976578735,16.233588802143462
1.48,std,0,169295145364.67377,0.00016929514536467377,15,10,0.6666666666666666,1.0,100000000000000.0,1903.4447721818283,0.12300643939460665,725.4139932807072,24521710.494854964,43.76173508258095,29.174490055053965
1.49,std,0,171442081846.02606,0.00017144208184602605,18,10,0.5555555555555556,1.0,100000000000000.0,1364.2319537424296,0.12352260047705375,727.8396429836142,24295597.556820426,43.685741677908595,24.269856487726997
1.5,std,0,173599362253.00214,0.00017359936225300215,13,10,0.7692307692307693,1.0,100000000000000.0,384.97058870841647,0.1240257310701164,730.2234696808591,24072264.484238382,43.602814670189304,33.54062666937639
1.51,std,0,175766930414.64905,0.00017576693041464905,21,10,0.47619047619047616,1.0,100000000000000.0,1045.5662005792751,0.12451571164958056,732.5659012735325,23851669.90529175,43.51306151995459,20.720505485692662
1.52,std,0,177944730546.99698,0.00017794473054699698,26,10,0.38461538461538464,1.0,100000000000000.0,340.0069014462942,0.12499242977998155,734.8673646746576,23633773.145745885,43.41659192785582,16.69868920302147
1.53,std,0,180132707252.10522,0.00018013270725210522,19,10,0.5263157894736842,1.0,100000000000000.0,1563.7111199548538,0.12545578018975678,737.1282856590535,23418534.21637197,43.313517731070874,22.796588279510985
1.54,std,0,182330805517.01617,0.00018233080551701618,23,10,0.43478260869565216,1.0,100000000000000.0,132.16112763175187,0.12590566483722512,739.3490887260999,23205913.800602216,43.2039527987907,18.784327303822042
1.55,std,0,184538970712.6208,0.00018453897071262079,21,10,0.47619047619047616,1.0,100000000000000.0,590.9645175756732,0.12634199296731044,741.5301969656701,22995873.24240182,43.088012926336354,20.518101393493502
1.56,std,0,186757148592.44034,0.00018675714859244034,25,10,0.4,1.0,100000000000000.0,852.9685748418857,0.12676468115894596,743.6720319310089,22788374.534365553,42.965815728306154,17.186326291322462
1.57,std,0,188985285291.32455,0.00018898528529132455,17,10,0.5882352941176471,1.0,100000000000000.0,157.16155742691404,0.12717365336312167,745.7750135209369,22583380.306024913,42.83748053102589,25.198517959426994
1.58,std,0,191223327324.0792,0.00019122332732407919,19,10,0.5263157894736842,1.0,100000000000000.0,999.2171532668239,0.1275688409315561,747.8395598651854,22380853.81236754,42.703128264108614,22.47533066532032
1.59,std,0,193471221584.017,0.000193471221584017,19,10,0.5263157894736842,1.0,100000000000000.0,1027.4284478986353,0.12795018263599814,749.8660872172084,22180758.922575094,42.56288135155697,22.401516500819454
1.6,std,0,195728915341.4451,0.0001957289153414451,17,10,0.5882352941176471,1.0,100000000000000.0,1062.8742415757413,0.12831762467818383,751.855009854436,21983060.10894857,42.41686360251104,24.951096236771203
1.61,std,0,197996356242.08374,0.00019799635624208374,13,10,0.7692307692307693,1.0,100000000000000.0,402.6718703616522,0.12867112069049735,753.8067399798389,21787722.43604854,42.26520010151549,32.511692385781146
1.62,std,0,200273492305.42767,0.00020027349230542768,16,10,0.625,1.0,100000000000000.0,479.47049104029395,0.12901063172740435,755.7216876349692,21594711.550035674,42.10801709902435,26.31751068689022
1.6300000000000001,std,0,202560271923.04932,0.00020256027192304933,14,10,0.7142857142857143,1.0,100000000000000.0,670.7318525339964,0.1293361262477481,757.600260611327,21403993.66818979,41.94544190152765,29.961029929662608
1.6400000000000001,std,0,204856643856.84732,0.00020485664385684732,20,10,0.5,1.0,100000000000000.0,931.8454157495835,0.12964758008801838,759.4428643733645,21215535.568644308,41.77760276228924,20.88880138114462
1.6500000000000001,std,0,207162557237.2452,0.00020716255723724522,21,10,0.47619047619047616,1.0,100000000000000.0,73.37840022527894,0.12994497642672279,761.2499019819937,21029304.58028762,41.60462877214482,19.81172798673563
1.6600000000000001,std,0,209477961561.34155,0.00020947796156134155,26,10,0.38461538461538464,1.0,100000000000000.0,974.6423509350967,0.13022830574001035,763.0217740235776,20845268.57286173,41.42664975086631,15.933326827256273
1.6700000000000002,std,0,211802806691.01614,0.00021180280669101615,22,10,0.45454545454545453,1.0,100000000000000.0,711.6651046723787,0.13049756574871402,764.7588785444095,20663395.94724198,41.243796139224074,18.74718006328367
1.68,std,0,214137042850.99402,0.000214137042850994,20,10,0.5,1.0,100000000000000.0,1319.613024499248,0.13075276135699798,766.4616109891919,20483655.625891827,41.05619889181431,20.528099445907156
1.69,std,0,216480620626.86874,0.00021648062062686873,16,10,0.625,1.0,100000000000000.0,754.2748977501166,0.13099390458281196,768.1303641427342,20306017.043500546,40.86398937078629,25.539993356741434
1.7,std,0,218833490963.0919,0.0002188334909630919,25,10,0.4,1.0,100000000000000.0,625.0831549543107,0.13122101448037002,769.7655280759097,20130450.13778125,40.667299240637035,16.266919696254813
1.71,std,0,221195605160.92474,0.00022119560516092475,18,10,0.5555555555555556,1.0,100000000000000.0,634.4443467063821,0.13143411705488842,771.3674900972362,19956925.34045368,40.46626036434616,22.481255757970093
1.72,std,0,223566914876.36172,0.00022356691487636173,21,10,0.47619047619047616,1.0,100000000000000.0,812.6858981408038,0.13163324516982902,772.9366347038795,19785413.568385925,40.261004700619644,19.171907000295068
1.73,std,0,225947372118.02155,0.00022594737211802153,27,10,0.37037037037037035,1.0,100000000000000.0,148.57139683499776,0.1318184384469108,774.4733435419046,19615886.214899182,40.05166420291406,14.833949704782984
1.74,std,0,228336929245.01205,0.00022833692924501206,20,10,0.5,1.0,100000000000000.0,1433.5065843892357,0.13198974315916043,775.9779953644055,19448315.141239457,39.83837071978946,19.91918535989473
1.75,std,0,230735538964.7698,0.0002307355389647698,14,10,0.7142857142857143,1.0,100000000000000.0,1044.2937553945096,0.13214721211728916,777.4509659963293,19282672.668198943,39.62125589715449,28.300897069396065
1.76,std,0,233143154330.87656,0.00023314315433087656,30,10,0.3333333333333333,1.0,100000000000000.0,560.5155295360428,0.13229090454968861,778.8926283002767,19118931.567901675,39.40045108226372,13.133483694087907
1.77,std,0,235559728740.85498,0.00023555972874085497,16,10,0.625,1.0,100000000000000.0,277.5062755493543,0.13242088597635046,780.3033521483618,18957065.055737577,39.17608722981926,24.485054518637035
1.78,std,0,237985215933.9422,0.0002379852159339422,17,10,0.5882352941176471,1.0,100000000000000.0,864.7317835613333,0.1325372280770222,781.683504391869,18797046.782446537,38.94829480987778,22.910761652869283
1.79,std,0,240419569988.84955,0.00024041956998884954,26,10,0.38461538461538464,1.0,100000000000000.0,136.0416965519045,0.13264000855391733,783.0334488391273,18638850.826349083,38.71720371819607,14.891232199306181
1.8,std,0,242862745321.5037,0.0002428627453215037,24,10,0.4166666666666667,1.0,100000000000000.0,844.3087068000599,0.1327293109893057,784.3535462316897,18482451.68572671,38.482943188625924,16.03455966192747
1.81,std,0,245314696682.774,0.000245314696682774,28,10,0.35714285714285715,1.0,100000000000000.0,773.4046450141225,0.13280522469831382,785.6441542250022,18327824.271332726,38.24564170793049,13.659157752832318
1.82,std,0,247775379156.18802,0.000247775379156188,20,10,0.5,1.0,100000000000000.0,529.0668565815201,0.132867844577269,786.9056273720022,18174943.89906127,38.00542693309118,19.00271346654559
1.83,std,0,250244748155.63443,0.00025024474815563445,24,10,0.4166666666666667,1.0,100000000000000.0,1058.4310543576082,0.13291727094792347,788.1383171073918,18023786.282729935,37.762425610988764,15.734344004578652
1.84,std,0,252722759423.05533,0.00025272275942305535,16,10,0.625,1.0,100000000000000.0,443.2146906053822,0.13295360939789763,789.342571733759,17874327.527015675,37.51676350068083,23.44797718792552
1.85,std,0,255209369026.13446,0.00025520936902613447,14,10,0.7142857142857143,1.0,100000000000000.0,529.4997306490834,0.13297697061768127,790.5187364136135,17726544.12051855,37.268565298487474,26.62040378463391
1.86,std,0,257704533355.97208,0.00025770453335597206,26,10,0.38461538461538464,1.0,100000000000000.0,360.69893600136845,0.1329874702345315,791.6671531572539,17580412.92894541,37.01795456545238,14.2376748328663
1.87,std,0,260208209124.7571,0.0002602082091247571,19,10,0.5263157894736842,1.0,100000000000000.0,607.4396569544017,0.13298522864360543,792.7881608182558,17435911.18843124,36.76505365783868,19.350028240967724
1.8800000000000001,std,0,262720353363.43713,0.0002627203533634371,19,10,0.5263157894736842,1.0,100000000000000.0,435.60481508559633,0.13297037083666333,793.882095087658,17293016.49898085,36.50998366024938,19.215780873815465
1.8900000000000001,std,0,265240923419.3782,0.0002652409234193782,31,10,0.3225806451612903,1.0,100000000000000.0,1071.750347873029,0.13294302622867502,794.9492884894898,17151706.818034906,36.25286432155531,11.694472361792034
1.9000000000000001,std,0,267769876954.02725,0.00026776987695402725,24,10,0.4166666666666667,1.0,100000000000000.0,255.0062434835175,0.13290332848265865,795.9900703812978,17011960.454154097,35.993813993822094,14.997422497425873
1.9100000000000001,std,0,270307171940.57156,0.00027030717194057155,20,10,0.5,1.0,100000000000000.0,1015.0064859178228,0.13285141533307546,797.0047669520645,16873756.06082675,35.73294957392961,17.866474786964805
1.9200000000000002,std,0,272852766661.59805,0.00027285276666159805,32,10,0.3125,1.0,100000000000000.0,1513.8083084076547,0.13278742840810062,797.9937012238453,16737072.630372385,35.4703864481436,11.084495765044874
1.93,std,0,275406619706.7513,0.00027540661970675126,24,10,0.4166666666666667,1.0,100000000000000.0,292.6362699877865,0.13271151305108214,798.9571930551989,16601889.488000676,35.20623843969362,14.669266016539009
1.94,std,0,277968689970.39594,0.00027796868997039594,15,10,0.6666666666666666,1.0,100000000000000.0,476.72948152923635,0.1326238181414942,799.8955591445497,16468186.28592861,34.94061775908199,23.293745172721323
1.95,std,0,280538936649.2773,0.0002805389366492773,18,10,0.5555555555555556,1.0,100000000000000.0,764.9520946626085,0.13252449591568408,800.8091130360417,16335942.997650843,34.67363495744661,19.263130531914783
1.96,std,0,283117319240.1875,0.0002831173192401875,18,10,0.5555555555555556,1.0,100000000000000.0,664.6886884279348,0.13241370178770218,801.6981651262205,16205139.912292665,34.40539888275405,19.114110490418916
1.97,std,0,285703797537.63715,0.00028570379753763717,21,10,0.47619047619047616,1.0,100000000000000.0,798.5035803516128,0.13229159417049882,802.5630226701608,16075757.62908553,34.1360166388454,16.255246018497807
1.98,std,0,288298331631.52637,0.00028829833163152637,31,10,0.3225806451612903,1.0,100000000000000.0,212.81997098217244,0.13215833429775978,803.4039897936391,15947777.051919853,33.86559354751084,10.924385015326077
1.99,std,0,290900881904.8252,0.0002909008819048252,24,10,0.4166666666666667,1.0,100000000000000.0,283.0339462547526,0.1320140860466449,804.2213674989681,15821179.384035045,33.59423311317433,13.997597130489305
2.0,std,0,293511409031.2584,0.0002935114090312584,23,10,0.43478260869565216,1.0,100000000000000.0,648.0602781253052,0.13185901576168338,805.0154536794109,15695946.122775251,33.32203699065286,14.48784216984907
2.01,std,0,296129873972.9977,0.00029612987397299766,32,10,0.3125,1.0,100000000000000.0,786.8270545453961,0.13169329208006922,805.7865431280836,15572059.054465903,33.04910495548346,10.327845298588581
2.02,std,0,298756237978.3589,0.00029875623797835887,27,10,0.37037037037037035,1.0,100000000000000.0,774.4253812992321,0.13151708575859106,806.534927553944,15449500.249373306,32.775534877236794,12.139086991569183
2.03,std,0,301390462579.509,0.000301390462579509,22,10,0.45454545454545453,1.0,100000000000000.0,371.3361757347426,0.13133056950241706,807.260895591179,15328252.056764135,32.50142269525071,14.773373952386686
2.04,std,0,304032509590.1801,0.0003040325095901801,23,10,0.43478260869565216,1.0,100000000000000.0,1310.1740705144468,0.13113391779594796,807.9647328171714,15208297.100052891,32.22686239734506,14.011679303193503
2.05,std,0,306682341103.39264,0.0003066823411033926,19,10,0.5263157894736842,1.0,100000000000000.0,681.3180642534396,0.13092730673593825,808.6467217660864,15089618.27204791,31.95194600096489,16.816813684718362
2.0599999999999996,std,0,309339919489.1878,0.0003093399194891878,27,10,0.37037037037037035,1.0,100000000000000.0,584.4232953246171,0.1307109138670736,809.3071419442955,14972198.730271557,31.6767635369108,11.732134643300297
2.07,std,0,312005207392.36896,0.000312005207392369,22,10,0.45454545454545453,1.0,100000000000000.0,267.7828464670435,0.1304849180201844,809.9462698471916,14856021.89238433,31.40140303564985,14.273365016204476
2.0799999999999996,std,0,314678167730.25385,0.0003146781677302538,23,10,0.43478260869565216,1.0,100000000000000.0,528.1933111808295,0.1302494991532604,810.56437897633,14741071.431683572,31.12595051604901,13.53302196349957
2.09,std,0,317358763690.4371,0.00031735876369043707,22,10,0.45454545454545453,1.0,100000000000000.0,701.7220362312555,0.13000483819542183,811.1617398576967,14627331.272682121,30.85048997651826,14.022949989326483
2.0999999999999996,std,0,320046958728.5626,0.0003200469587285626,24,10,0.4166666666666667,1.0,100000000000000.0,344.09550540140174,0.12975111689399202,811.7386200580416,14514785.586787315,30.575103388431558,12.739626411846483
2.11,std,0,322742716566.10974,0.0003227427165661097,26,10,0.38461538461538464,1.0,100000000000000.0,390.88013906116356,0.12948851766480282,812.2952842058324,14403418.788036415,30.299870691923072,11.653796419970414
2.1199999999999997,std,0,325446001188.1868,0.0003254460011881868,24,10,0.4166666666666667,1.0,100000000000000.0,532.5754558979779,0.1292172234458553,812.8319940086772,14293215.5289337,30.024869793779803,12.510362414074919
2.13,std,0,328156776841.34143,0.00032815677684134144,21,10,0.47619047619047616,1.0,100000000000000.0,437.5415371717061,0.12893741755444604,813.3490082742788,14184160.69634576,29.750176567543182,14.166750746449134
2.1399999999999997,std,0,330875008031.3792,0.0003308750080313792,22,10,0.45454545454545453,1.0,100000000000000.0,672.0738395187616,0.12864928354785926,813.8465829289477,14076239.407488255,29.47586485559913,13.398120388908696
2.15,std,0,333600659521.195,0.000333600659521195,29,10,0.3448275862068966,1.0,100000000000000.0,837.0137501810268,0.12835300508771263,814.3249710397671,13969437.005973084,29.20200647334942,10.06965740460325
2.1599999999999997,std,0,336333696328.62213,0.0003363336963286221,16,10,0.625,1.0,100000000000000.0,627.8264428787644,0.12804876580803742,814.7844228341353,13863739.057946578,28.928671215229,18.080419509518123
2.17,std,0,339074083724.28406,0.00033907408372428404,36,10,0.2777777777777778,1.0,100000000000000.0,694.140868653649,0.12773674918715994,815.2251857217705,13759131.34827611,28.655926862596385,7.959979684054551
2.1799999999999997,std,0,341821787229.4726,0.0003418217872294726,21,10,0.47619047619047616,1.0,100000000000000.0,822.1924425414647,0.1274171384234439,815.647504314494,13655599.876833957,28.3838391933606,13.516113901600285
2.19,std,0,344576772614.02765,0.00034457677261402764,18,10,0.5555555555555556,1.0,100000000000000.0,323.0051818318651,0.12709011631494216,816.0516204509206,13553130.854817575,28.112471993398433,15.618039996332463
2.1999999999999997,std,0,347339005894.2359,0.0003473390058942359,38,10,0.2631578947368421,1.0,100000000000000.0,161.05184045204572,0.12675586514299808,816.4377732151318,13451710.70117912,27.841887069458675,7.326812386699651
2.21,std,0,350108453330.74615,0.00035010845333074617,23,10,0.43478260869565216,1.0,100000000000000.0,327.4499031390136,0.12641456655982633,816.8061989610018,13351326.039074074,27.57214426370354,11.987888810305886
2.2199999999999998,std,0,352885081426.4903,0.00035288508142649027,21,10,0.47619047619047616,1.0,100000000000000.0,297.19031348422817,0.1260664014800965,817.1571313339805,13251963.692418212,27.303301469714384,13.00157212843542
2.23,std,0,355668856924.62714,0.00035566885692462713,15,10,0.6666666666666666,1.0,100000000000000.0,712.2968090433872,0.1257115499765309,817.4908012935624,13153610.682476113,27.035414649844427,18.02360976656295
2.2399999999999998,std,0,358459746806.4943,0.00035845974680649435,23,10,0.43478260869565216,1.0,100000000000000.0,136.8809735749166,0.12535019117952442,817.8074371360175,13056254.22453316,26.768537853940494,11.638494719104562
2.25,std,0,361257718289.57776,0.00036125771828957775,26,10,0.38461538461538464,1.0,100000000000000.0,407.6668247248439,0.12498250318078254,818.1072645181528,12959881.724614153,26.50272323931165,10.193355092042943
2.26,std,0,364062738825.493,0.000364062738825493,13,10,0.7692307692307693,1.0,100000000000000.0,469.4532317960526,0.12460866294096873,818.3905064784886,12864480.776277887,26.238021091817842,20.18309314755219
2.27,std,0,366874776097.9852,0.00036687477609798525,26,10,0.38461538461538464,1.0,100000000000000.0,526.5228098800492,0.12422884620134438,818.6573834632007,12770039.157449897,25.974479848171512,9.990184556989044
2.28,std,0,369693798020.93854,0.00036969379802093854,22,10,0.45454545454545453,1.0,100000000000000.0,456.9231518610812,0.12384322739937846,818.9081133466098,12676544.827336488,25.712146119141092,11.687339145064133
2.29,std,0,372519772736.40424,0.00037251977273640424,25,10,0.4,1.0,100000000000000.0,534.3991478572297,0.12345197958829715,819.1429114563359,12583985.923375618,25.451064713825836,10.180425885530335
2.3,std,0,375352668612.64185,0.00037535266861264184,18,10,0.5555555555555556,1.0,100000000000000.0,276.4344633154305,0.12305527436053831,819.3619905952226,12492350.758259717,25.191278664754567,13.995154813752537
2.31,std,0,378192454242.1749,0.0003781924542421749,29,10,0.3448275862068966,1.0,100000000000000.0,518.7287875441165,0.12265328177506969,819.5655610678427,12401627.816991834,24.932829253910704,8.597527328934726
2.32,std,0,381039098439.8644,0.0003810390984398644,27,10,0.37037037037037035,1.0,100000000000000.0,568.0725240131926,0.12224617028852493,819.7538306994753,12311805.754026573,24.67575603934981,9.139168903462892
2.3299999999999996,std,0,383892570240.9923,0.00038389257024099233,17,10,0.5882352941176471,1.0,100000000000000.0,647.2937693555704,0.12183410669010708,819.9270048633995,12222873.3904306,24.42009688270528,14.364762872179577
2.34,std,0,386752838899.3636,0.0003867528388993636,31,10,0.3225806451612903,1.0,100000000000000.0,895.5938072134935,0.12141725604020252,820.0852865033024,12134819.711121293,24.165887977232234,7.795447734591043
2.3499999999999996,std,0,389619873885.42334,0.00038961987388542335,16,10,0.625,1.0,100000000000000.0,218.27888763366437,0.12099578161264772,820.2288761555265,12047633.862132035,23.91316387637652,14.945727422735324
2.36,std,0,392493644884.38684,0.00039249364488438683,18,10,0.5555555555555556,1.0,100000000000000.0,467.8508127934757,0.12056984484058411,820.357971975091,11961305.147949908,23.661957523017087,13.145531957231716
2.3699999999999997,std,0,395374121794.38654,0.0003953741217943865,23,10,0.43478260869565216,1.0,100000000000000.0,431.60606562349903,0.12013960526583477,820.472769756607,11875823.028886234,23.41230027898562,10.179260990863312
2.38,std,0,398261274724.6332,0.0003982612747246332,12,10,0.8333333333333334,1.0,100000000000000.0,461.2305100994337,0.11970522049173256,820.5734629601781,11791177.118503083,23.164221955151955,19.303518295959964
2.3899999999999997,std,0,401155073993.59106,0.0004011550739935911,22,10,0.45454545454545453,1.0,100000000000000.0,538.4898338796675,0.1192668461393275,820.6602427330411,11707357.181081956,22.917750841727056,10.417159473512298
2.4,std,0,404055490127.1708,0.0004040554901271708,35,10,0.2857142857142857,1.0,100000000000000.0,330.3444240465083,0.11882463580689664,820.7332979336103,11624353.129135568,22.672913738928266,6.477975353979504
2.4099999999999997,std,0,406962493856.9351,0.00040696249385693513,14,10,0.7142857142857143,1.0,100000000000000.0,320.56591106891403,0.11837874103268001,820.7928151553795,11542155.020976886,22.429735987911656,16.02123999136547
2.42,std,0,409876056118.3198,0.00040987605611831983,24,10,0.4166666666666667,1.0,100000000000000.0,426.67605237528414,0.11792931126076286,820.8389787487448,11460753.05831884,22.188241501820684,9.245100625758619
2.4299999999999997,std,0,412796148048.87177,0.00041279614804887177,28,10,0.35714285714285715,1.0,100000000000000.0,605.5115807337028,0.1174764938100209,820.871970846219,11380137.583922423,21.948452797091367,7.838733141818345
2.44,std,0,415722740986.49805,0.00041572274098649806,20,10,0.5,1.0,100000000000000.0,589.1870865529914,0.11702043384604897,820.8919713841541,11300299.079290532,21.71039102477721,10.855195512388605
2.4499999999999997,std,0,418655806467.73267,0.0004186558064677327,12,10,0.8333333333333334,1.0,100000000000000.0,145.1963747916128,0.11656127435598546,820.8991581255931,11221228.162397789,21.47407600196116,17.895063334967634
2.46,std,0,421595316226.01935,0.00042159531622601936,20,10,0.5,1.0,100000000000000.0,411.1773015326163,0.11609915612615085,820.8937066841121,11142915.58546343,21.23952624322367,10.619763121611834
2.4699999999999998,std,0,424541242190.00494,0.00042454124219000494,26,10,0.38461538461538464,1.0,100000000000000.0,804.2121952362834,0.11563421772241134,820.8757905459661,11065352.232765501,21.006758992054518,8.079522689251737
2.48,std,0,427493556481.85284,0.0004274935564818528,36,10,0.2777777777777778,1.0,100000000000000.0,807.2610542537387,0.11516659547318477,820.8455810939713,10988529.118494129,20.775790252259103,5.771052847849751
2.4899999999999998,std,0,430452231415.5652,0.0004304522314155652,19,10,0.5263157894736842,1.0,100000000000000.0,294.6288658505243,0.11469642345499854,820.8032476279146,10912437.38464076,20.546634819184874,10.814018325886774
2.5,std,0,433417239495.32623,0.00043341723949532625,23,10,0.43478260869565216,1.0,100000000000000.0,480.7914620729496,0.11422383348051643,820.7489573892229,10837068.298925612,20.319306310938718,8.834481004755965
2.51,std,0,436388553413.85596,0.00043638855341385593,20,10,0.5,1.0,100000000000000.0,473.8397127118745,0.11374895508894493,820.6828755823627,10762413.25276639,20.093817199377376,10.046908599688688
2.52,std,0,439366146050.7776,0.0004393661460507776,21,10,0.47619047619047616,1.0,100000000000000.0,636.3806248957742,0.11327191553873434,820.6051653971061,10688463.759278566,19.870178840930368,9.461989924252556
2.53,std,0,442349990471.00525,0.00044234999047100526,36,10,0.2777777777777778,1.0,100000000000000.0,370.74640175705224,0.112792839802488,820.5159880305771,10615211.451314276,19.648401507213816,5.457889307559394
2.54,std,0,445340059923.1373,0.0004453400599231373,27,10,0.37037037037037035,1.0,100000000000000.0,565.8496842765592,0.11231185056399447,820.4155027094971,10542648.079530537,19.428494415402564,7.19573867237132
2.55,std,0,448336327837.87396,0.00044833632783787395,17,10,0.5882352941176471,1.0,100000000000000.0,450.4566725721214,0.11182906821729809,820.3038667119687,10470765.510502744,19.210465758350495,11.300273975500291
2.56,std,0,451338767826.44055,0.0004513387678264405,20,10,0.5,1.0,100000000000000.0,264.3061558479851,0.1113446108677235,820.1812353888736,10399555.724859066,18.994322734393844,9.497161367196922
2.57,std,0,454347353679.02985,0.0004543473536790298,28,10,0.35714285714285715,1.0,100000000000000.0,136.86739564287043,0.11085859433477233,820.0477621851917,10329010.815461004,18.78007157687134,6.707168420311193
2.5799999999999996,std,0,457362059363.2583,0.0004573620593632583,18,10,0.5555555555555556,1.0,100000000000000.0,361.980398095826,0.11037113215680884,819.9035986624089,10259122.985599501,18.567717583311808,10.315398657395448
2.59,std,0,460382859022.63464,0.00046038285902263467,22,10,0.45454545454545453,1.0,100000000000000.0,364.32304771729434,0.10988233559745512,819.7488945192097,10189884.547240347,18.357265144268617,8.344211429213008
2.5999999999999996,std,0,463409726975.0418,0.0004634097269750418,18,10,0.5555555555555556,1.0,100000000000000.0,297.0866238642083,0.109392313653616,819.5837976117862,10121287.9192909,18.14871777176564,10.082620984314245
2.61,std,0,466442637711.2366,0.0004664426377112366,20,10,0.5,1.0,100000000000000.0,711.0610476888858,0.108901173065055,819.4084539749944,10053325.625898778,17.94207812738663,8.971039063693315
2.6199999999999997,std,0,469481565893.3576,0.0004694815658933576,31,10,0.3225806451612903,1.0,100000000000000.0,251.60594076644605,0.1084090183254463,819.2230078452881,9985990.294780755,17.737348050009796,5.721725177422515
2.63,std,0,472526486353.45416,0.00047252648635345417,21,10,0.47619047619047616,1.0,100000000000000.0,275.2889300905416,0.10791595169482557,819.0276016770903,9919274.6555814,17.53452858299227,8.349775515710604
2.6399999999999997,std,0,475577374092.01996,0.00047557737409202,24,10,0.4166666666666667,1.0,100000000000000.0,555.936768289034,0.10742207321336858,818.8223761676853,9853171.53826193,17.333620001124718,7.222341667135299
2.65,std,0,478634204276.54816,0.0004786342042765482,33,10,0.30303030303030304,1.0,100000000000000.0,406.3954568379298,0.10692748071642302,818.6074702743381,9787673.871516135,17.134621836984465,5.19230964757105
2.6599999999999997,std,0,481696952240.09625,0.0004816969522400962,47,10,0.2127659574468085,1.0,100000000000000.0,108.09393221352835,0.10643226985072582,818.3830212349656,9722774.681209411,16.937532906919028,3.6037304057274526
2.67,std,0,484765593479.86316,0.00048476559347986314,30,10,0.3333333333333333,1.0,100000000000000.0,598.7996707240396,0.10593653409173551,818.1491645897382,9658467.088857314,16.74235133662097,5.5807837788736565
2.6799999999999997,std,0,487840103655.78174,0.00048784010365578173,24,10,0.4166666666666667,1.0,100000000000000.0,388.9305585707499,0.10544036476201399,817.9060341985627,9594744.310116976,16.549074586136946,6.895447744223728
2.69,std,0,490920458589.1264,0.0004909204585891264,32,10,0.3125,1.0,100000000000000.0,278.19897656618144,0.1049438510505919,817.6537622619351,9531599.653310519,16.35769947449509,5.1117810857797155
2.6999999999999997,std,0,494006634261.126,0.000494006634261126,25,10,0.4,1.0,100000000000000.0,156.32564570758123,0.10444708003325524,817.3924793404835,9469026.51798176,16.168222203849776,6.467288881539911
2.71,std,0,497098606811.60205,0.000497098606811602,22,10,0.45454545454545453,1.0,100000000000000.0,379.52964144669807,0.10395013669369071,817.1223143726113,9407018.393461363,15.980638383087467,7.26392653776703
2.7199999999999998,std,0,500196352537.6053,0.0005001963525376053,25,10,0.4,1.0,100000000000000.0,146.68260810238866,0.10345310394543139,816.8433946958966,9345568.857473286,15.794943051059493,6.317977220423797
2.73,std,0,503299847892.0771,0.0005032998478920771,29,10,0.3448275862068966,1.0,100000000000000.0,318.57091883351904,0.10295606265454338,816.5558460635654,9284671.574754989,15.61113069922014,5.383148516972462
2.7399999999999998,std,0,506409069482.5191,0.0005064090694825191,22,10,0.45454545454545453,1.0,100000000000000.0,287.4695592213249,0.10245909166299956,816.2597926652643,9224320.295706078,15.429195293875893,7.013270588125406
2.75,std,0,509523994069.6724,0.0005095239940696724,21,10,0.47619047619047616,1.0,100000000000000.0,415.3307113578227,0.10196226781268383,815.9553571439785,9164508.855059594,15.24913029787586,7.261490618036124
2.76,std,0,512644598566.2138,0.0005126445985662138,16,10,0.625,1.0,100000000000000.0,331.49618392276915,0.10146566596997589,815.6426606152299,9105231.170576822,15.070928691864298,9.419330432415187
2.77,std,0,515770860035.4637,0.0005157708600354637,20,10,0.5,1.0,100000000000000.0,524.8269246508537,0.10096935905086413,815.3218226849634,9046481.241760328,14.894582995017757,7.447291497508878
2.78,std,0,518902755690.103,0.0005189027556901031,20,10,0.5,1.0,100000000000000.0,273.44507296256995,0.1004734180465394,814.9929614670498,8988253.148596747,14.720085285306101,7.360042642653051
2.79,std,0,522040262890.9059,0.0005220402628909059,19,10,0.5263157894736842,1.0,100000000000000.0,365.22623213186944,0.09997791204942123,814.6561936026859,8930541.050315544,14.547427219297376,7.656540641735461
2.8,std,0,525183359145.48236,0.0005251833591454824,22,10,0.45454545454545453,1.0,100000000000000.0,388.5211029653312,0.09948290827957305,814.3116342754349,8873339.184167327,14.376600051402125,6.534818205182784
2.81,std,0,528332022107.036,0.000528332022107036,21,10,0.47619047619047616,1.0,100000000000000.0,292.37203355932604,0.09898847211146117,813.9593972313533,8816641.86423281,14.2075946527488,6.765521263213714
2.82,std,0,531486229573.12714,0.0005314862295731272,33,10,0.30303030303030304,1.0,100000000000000.0,159.90269554620446,0.09849466710101733,813.5995947947972,8760443.480241075,14.040401529489598,4.254667130148363
2.8299999999999996,std,0,534645959484.4567,0.0005346459594844568,30,10,0.3333333333333333,1.0,100000000000000.0,450.92487555635455,0.09800155501296365,813.2323378845941,8704738.496411402,13.875010840649768,4.625003613549922
2.84,std,0,537811189923.6523,0.0005378111899236522,19,10,0.5263157894736842,1.0,100000000000000.0,750.0258338439085,0.09750919584836228,812.8577360336841,8649521.450322606,13.711412415582618,7.216532850306641
2.8499999999999996,std,0,540981899114.07434,0.0005409818991140744,21,10,0.47619047619047616,1.0,100000000000000.0,307.1173275212185,0.097017647872353,812.4758974032927,8594786.951786837,13.549595770844338,6.452188462306827
2.86,std,0,544158065418.6276,0.0005441580654186276,27,10,0.37037037037037035,1.0,100000000000000.0,355.09198156861254,0.09652696764204288,812.0869288006751,8540529.681758447,13.389550126698776,4.959092639518065
2.8699999999999997,std,0,547339667338.5861,0.0005473396673385861,24,10,0.4166666666666667,1.0,100000000000000.0,852.8648229055985,0.09603721003451575,811.6909356953073,8486744.391249523,13.231264423124225,5.5130268429684275
2.88,std,0,550526683512.4331,0.0005505266835124331,27,10,0.37037037037037035,1.0,100000000000000.0,188.80972171178084,0.0955484282749277,811.2880222350763,8433425.9002663,13.07472733537744,4.842491605695348
2.8899999999999997,std,0,553719092714.7015,0.0005537190927147015,31,10,0.3225806451612903,1.0,100000000000000.0,427.1254532922021,0.09506067396466021,810.8782912624706,8380569.09677265,12.9199272891305,4.167718480364678
2.9,std,0,556916873854.8419,0.000556916873854842,19,10,0.5263157894736842,1.0,100000000000000.0,308.65872952633714,0.09457399710949974,810.4618443299436,8328168.935656688,12.766852475136176,6.719396039545355
2.9099999999999997,std,0,560120005976.0831,0.0005601200059760831,19,10,0.5263157894736842,1.0,100000000000000.0,205.69981814835438,0.0940884461478178,810.0387817159823,8276220.437724468,12.615490863490761,6.639732033416189
2.92,std,0,563328468254.3204,0.0005633284682543204,25,10,0.4,1.0,100000000000000.0,565.7076885386831,0.09360406797872392,809.6092024411973,8224718.688710108,12.465830217472627,4.9863320869890515
2.9299999999999997,std,0,566542239997.0,0.000566542239997,20,10,0.5,1.0,100000000000000.0,160.1638935752938,0.09312090799016796,809.1732042822725,8173658.8382961275,12.317858106921332,6.158929053460666
2.94,std,0,569761300642.0253,0.0005697613006420253,12,10,0.8333333333333334,1.0,100000000000000.0,272.15538675022293,0.09263901008696694,808.7308837881355,8123036.099160874,12.171561921257947,10.142968267714956
2.9499999999999997,std,0,572985629756.6687,0.0005729856297566687,43,10,0.23255813953488372,1.0,100000000000000.0,331.5113604851716,0.09215841671873516,808.2823362955422,8072845.746031287,12.026928882076428,2.7969602051340527
2.96,std,0,576215207036.4938,0.0005762152070364938,35,10,0.2857142857142857,1.0,100000000000000.0,135.67135518321865,0.09167916890769558,807.8276559420984,8023083.114753859,11.883946055304477,3.395413158658422
2.9699999999999998,std,0,579450012304.2872,0.0005794500123042873,20,10,0.5,1.0,100000000000000.0,400.83964431447095,0.0912013062763538,807.3669356831564,7973743.601392691,11.742600363051041,5.871300181525521
2.98,std,0,582690025509.0073,0.0005826900255090073,27,10,0.37037037037037035,1.0,100000000000000.0,529.1756619092336,0.09072486707501438,806.9002673036654,7924822.661321773,11.602878594966072,4.2973624425800265
2.9899999999999998,std,0,585935226724.7303,0.0005859352267247303,40,10,0.25,1.0,100000000000000.0,189.4816525378402,0.09024988820912404,806.4277414359167,7876315.808353685,11.46476741934438,2.866191854836095
3.0,std,0,589185596149.6224,0.0005891855961496224,34,10,0.29411764705882354,1.0,100000000000000.0,189.757283436351,0.0897764052664229,805.9494475699604,7828218.613865179,11.328253393729847,3.331839233449955
3.01,std,0,592441114104.9067,0.0005924411141049067,22,10,0.45454545454545453,1.0,100000000000000.0,202.36085330823937,0.08930445254389056,805.4654740716126,7780526.705950752,11.193322975289243,5.087874079676928
3.02,std,0,595701761033.8502,0.0005957017610338502,24,10,0.4166666666666667,1.0,100000000000000.0,169.5428257490355,0.08883406307447111,804.9759081923881,7733235.768582869,11.059962530708184,4.60831772112841
3.03,std,0,598967517500.7584,0.0005989675175007584,16,10,0.625,1.0,100000000000000.0,395.5148940961494,0.08836526865356453,804.4808360863572,7686341.540784624,10.928158345838309,6.8300989661489435
3.04,std,0,602238364189.9756,0.0006022383641899755,32,10,0.3125,1.0,100000000000000.0,255.9669127977886,0.08789809986527143,803.9803428214906,7639839.815826388,10.79789663494512,3.37434269842035
3.05,std,0,605514281904.8993,0.0006055142819048993,20,10,0.5,1.0,100000000000000.0,377.25494419912746,0.08743258610838046,803.4745123952049,7593726.440420668,10.66916354966242,5.33458177483121
3.06,std,0,608795251567.0022,0.0006087952515670022,23,10,0.43478260869565216,1.0,100000000000000.0,345.0669486011499,0.08696875562208634,802.9634277449601,7547997.313944066,10.541945187577433,4.583454429381493
3.07,std,0,612081254214.8646,0.0006120812542148647,26,10,0.38461538461538464,1.0,100000000000000.0,80.73181301209985,0.08650663551143015,802.4471707643704,7502648.387664568,10.41622760056451,4.006241384832504
3.08,std,0,615372271003.2139,0.0006153722710032139,39,10,0.2564102564102564,1.0,100000000000000.0,458.0973945808895,0.08604625177245216,801.925822312954,7457675.663981256,10.291996802726912,2.6389735391607463
3.09,std,0,618668283201.977,0.000618668283201977,22,10,0.45454545454545453,1.0,100000000000000.0,242.37092671496316,0.08558762931704852,801.3994622316782,7413075.195680463,10.16923877812063,4.622381262782104
3.0999999999999996,std,0,621969272195.338,0.000621969272195338,31,10,0.3225806451612903,1.0,100000000000000.0,378.3285712450165,0.08513079199752545,800.8681693536183,7368843.085202581,10.047939488119765,3.2412708026192787
3.11,std,0,625275219480.8077,0.0006252752194808078,24,10,0.4166666666666667,1.0,100000000000000.0,165.39949405065215,0.08467576263084305,800.332021518816,7324975.48391775,9.928084878546171,4.136702032727571
3.1199999999999997,std,0,628586106668.3,0.0006285861066683,26,10,0.38461538461538464,1.0,100000000000000.0,235.50479231330723,0.08422256302254322,799.7910955823942,7281468.591418872,9.809660886443973,3.7729464947861437
3.13,std,0,631901915479.2192,0.0006319019154792193,21,10,0.47619047619047616,1.0,100000000000000.0,214.53695378138804,0.08377121399035611,799.2454674320404,7238318.654820386,9.692653446692441,4.6155492603297334
3.1399999999999997,std,0,635222627745.5544,0.0006352226277455545,12,10,0.8333333333333334,1.0,100000000000000.0,446.18483219765767,0.08332173538748046,798.6952119965255,7195521.968076602,9.577048498254246,7.980873748545205
3.15,std,0,638548225408.9849,0.0006385482254089848,22,10,0.45454545454545453,1.0,100000000000000.0,286.00337476990063,0.08287414612553251,798.1404032571301,7153074.871296239,9.46283199018424,4.301287268265564
3.1599999999999997,std,0,641878690519.9901,0.0006418786905199901,38,10,0.2631578947368421,1.0,100000000000000.0,134.13772144850586,0.08242846419716175,797.5811142629465,7110973.750088734,9.349989887462057,2.4605236545952778
3.17,std,0,645214005236.9722,0.0006452140052369722,30,10,0.3333333333333333,1.0,100000000000000.0,206.32260215899447,0.0819847066983287,797.0174171394389,7069215.034901877,9.238508176474731,3.0795027254915768
3.1799999999999997,std,0,648554151825.3845,0.0006485541518253845,28,10,0.35714285714285715,1.0,100000000000000.0,154.47187388921841,0.0815428898502426,796.4493831001114,7027795.200383879,9.128372870319462,3.260133167971236
3.19,std,0,651899112656.8696,0.0006518991126568697,33,10,0.30303030303030304,1.0,100000000000000.0,215.0591320508157,0.08110302902095701,795.8770824598323,6986710.76474544,9.019570013881635,2.7332030345095863
3.1999999999999997,std,0,655248870208.4073,0.0006552488702084074,27,10,0.37037037037037035,1.0,100000000000000.0,380.86920439348347,0.08066513874662186,795.3005846435142,6945958.289138465,8.912085688644714,3.30077247727582
3.21,std,0,658603407061.4647,0.0006586034070614647,22,10,0.45454545454545453,1.0,100000000000000.0,322.9070490695166,0.08022923275238983,794.7199581993578,6905534.377048772,8.805906017340826,4.002684553336739
3.2199999999999998,std,0,661962705901.1614,0.0006619627059011614,30,10,0.3333333333333333,1.0,100000000000000.0,198.3225515922964,0.07979532397297763,794.1352708088647,6865435.673682141,8.701017168332855,2.9003390561109517
3.23,std,0,665326749515.44,0.00066532674951544,28,10,0.35714285714285715,1.0,100000000000000.0,209.257868933432,0.07936342457287976,793.5465892964871,6825658.865381889,8.597405359817088,3.070501914220389
3.2399999999999998,std,0,668695520794.2408,0.0006686955207942408,20,10,0.5,1.0,100000000000000.0,414.0119131256227,0.07893354596623703,792.9539796431941,6786200.679036681,8.495056863846079,4.2475284319230395
3.25,std,0,672069002728.6938,0.0006720690027286939,22,10,0.45454545454545453,1.0,100000000000000.0,229.17601615411212,0.07850569883635809,792.3575069934159,6747057.881511198,8.39395801010438,3.815435459138354
3.26,std,0,675447178410.3066,0.0006754471784103066,28,10,0.35714285714285715,1.0,100000000000000.0,412.1290136667214,0.07807989315489611,791.757235668974,6708227.279078383,8.294095189564283,2.9621768534158153
3.27,std,0,678830031030.1694,0.0006788300310301695,30,10,0.3333333333333333,1.0,100000000000000.0,393.0261245710411,0.0776561382006801,791.1532291761868,6669705.71686476,8.195454857893035,2.7318182859643447
3.28,std,0,682217543878.1637,0.0006822175438781637,30,10,0.3333333333333333,1.0,100000000000000.0,176.16466321120487,0.07723444257820353,790.5455502190316,6631490.078299773,8.098023538743654,2.699341179581218
3.29,std,0,685609700342.1785,0.0006856097003421785,32,10,0.3125,1.0,100000000000000.0,393.436619515473,0.07681481423577075,789.9342607063732,6593577.284582875,8.001787826825478,2.5005586958829618
3.3,std,0,689006483907.3315,0.0006890064839073316,28,10,0.35714285714285715,1.0,100000000000000.0,297.50627514343756,0.07639726048330328,789.3194217640341,6555964.294144623,7.906734390843554,2.823833711015555
3.31,std,0,692407878155.2108,0.0006924078781552108,23,10,0.43478260869565216,1.0,100000000000000.0,163.9125971024232,0.0759817880098082,788.701093742791,6518648.1021335395,7.81284997625895,3.39689129402563
3.32,std,0,695813866763.098,0.000695813866763098,24,10,0.4166666666666667,1.0,100000000000000.0,490.6996510457493,0.07556840290051019,788.0793362308897,6481625.739898744,7.72012140792598,3.216717253302492
3.33,std,0,699224433503.2294,0.0006992244335032293,29,10,0.3448275862068966,1.0,100000000000000.0,307.4349521817953,0.07515711065365033,787.4542080590518,6444894.2744803615,7.628535592506391,2.6305295146573764
3.34,std,0,702639562242.0391,0.0007026395622420391,27,10,0.37037037037037035,1.0,100000000000000.0,309.9949592643551,0.07474791619695409,786.8257673145665,6408450.8081216905,7.5380795208467095,2.7918813040173
3.3499999999999996,std,0,706059236939.4246,0.0007060592369394246,28,10,0.35714285714285715,1.0,100000000000000.0,235.173277697417,0.0743408239037712,786.1940713477502,6372292.477769603,7.448740270118525,2.6602643821851877
3.36,std,0,709483441648.0118,0.0007094834416480118,24,10,0.4166666666666667,1.0,100000000000000.0,244.33725179117954,0.07393583760889016,785.5591767819191,6336416.454597149,7.360505005877104,3.0668770857821266
3.3699999999999997,std,0,712912160512.4294,0.0007129121605124294,20,10,0.5,1.0,100000000000000.0,148.6476980563055,0.07353296062403111,784.9211395232406,6300819.9435306,7.2733609839855315,3.6366804919927658
3.38,std,0,716345377768.5931,0.0007163453777685932,30,10,0.3333333333333333,1.0,100000000000000.0,270.0237853151392,0.07313219575301971,784.2800147677596,6265500.18277916,7.187295552382396,2.395765184127465
3.3899999999999997,std,0,719783077742.9877,0.0007197830777429877,24,10,0.4166666666666667,1.0,100000000000000.0,209.56616450838618,0.07273354530664589,783.6358570123796,6230454.443376221,7.10229615277129,2.9592900636547044
3.4,std,0,723225244851.9667,0.0007232252448519667,17,10,0.5882352941176471,1.0,100000000000000.0,460.8021070920091,0.07233701111721073,782.9887200628978,6195680.028727723,7.0183503221666275,4.128441365980369
3.4099999999999997,std,0,726671863601.0514,0.0007266718636010514,40,10,0.25,1.0,100000000000000.0,269.5781614188359,0.07194259455276497,782.3386570412728,6161174.274165404,6.935445694318829,1.7338614235797072
3.42,std,0,730122918584.2407,0.0007301229185842407,31,10,0.3225806451612903,1.0,100000000000000.0,150.09788258217355,0.07155029653104333,781.6857203968892,6126934.5465087,6.853570001069719,2.2108290326031352
3.4299999999999997,std,0,733578394483.322,0.000733578394483322,24,10,0.4166666666666667,1.0,100000000000000.0,211.63681213633294,0.07116011753309788,781.0299619125332,6092958.2436328735,6.77271107355602,2.8219629473150083
3.44,std,0,737038276067.1967,0.0007370382760671966,26,10,0.38461538461538464,1.0,100000000000000.0,191.68227503149407,0.07077205761663512,780.371432713275,6059242.794044905,6.69285684334059,2.57417570897715
3.4499999999999997,std,0,740502548191.202,0.000740502548191202,26,10,0.38461538461538464,1.0,100000000000000.0,265.4554378431691,0.07038611642905952,779.7101832758364,6025785.656462501,6.613995343447358,2.5438443628643683
3.46,std,0,743971195796.4515,0.0007439711957964515,17,10,0.5882352941176471,1.0,100000000000000.0,338.61974015550874,0.07000229322022894,779.0462634349291,5992584.319403749,6.53611470928248,3.844773358401459
3.4699999999999998,std,0,747444203909.1661,0.0007474442039091661,32,10,0.3125,1.0,100000000000000.0,220.61557727986542,0.06962058685492503,778.3797223943179,5959636.300782556,6.459203179506002,2.0185009935956257
3.48,std,0,750921557640.0289,0.000750921557640029,35,10,0.2857142857142857,1.0,100000000000000.0,330.61311314992935,0.06924099582504298,777.7106087296878,5926939.147505195,6.383249096743481,1.823785456212423
3.4899999999999998,std,0,754403242183.5315,0.0007544032421835315,24,10,0.4166666666666667,1.0,100000000000000.0,454.5951314291359,0.06886351826150523,777.0389704014016,5894490.435082389,6.308240908308757,2.6284337117953154
3.5,std,0,757889242817.3337,0.0007578892428173337,34,10,0.29411764705882354,1.0,100000000000000.0,290.38621163601493,0.06848815194590231,776.3648547595882,5862287.767236518,6.234167166771641,1.8335785784622474
3.51,std,0,761379544901.6282,0.0007613795449016281,23,10,0.43478260869565216,1.0,100000000000000.0,68.66515250684874,0.06811489432186627,775.6883085525805,5830328.775524363,6.161016530488308,2.678702839342743
3.52,std,0,764874133878.5115,0.0007648741338785115,22,10,0.45454545454545453,1.0,100000000000000.0,394.52635227315153,0.06774374250617998,775.0093779339812,5798611.1189587405,6.0887777640402865,2.7676262563819485
3.53,std,0,768372995271.3567,0.0007683729952713567,17,10,0.5882352941176471,1.0,100000000000000.0,319.2844621729157,0.0673746932996273,774.3281084705361,5767132.483642135,6.01743973861688,3.539670434480518
3.54,std,0,771876114684.2001,0.0007718761146842001,26,10,0.38461538461538464,1.0,100000000000000.0,194.4375168172787,0.06700774319758737,773.6445451498863,5735890.582397208,5.946991432320369,2.287304397046296
3.55,std,0,775383477801.1243,0.0007753834778011242,21,10,0.47619047619047616,1.0,100000000000000.0,260.5844676350977,0.06664288840037871,772.9587323851707,5704883.154414197,5.877421930394925,2.7987723478071067
3.56,std,0,778895070385.652,0.000778895070385652,24,10,0.4166666666666667,1.0,100000000000000.0,405.9776013261321,0.06628012482335588,772.270714026735,5674107.964892094,5.8087204254367295,2.420300177265304
3.57,std,0,782410878280.1494,0.0007824108782801494,27,10,0.37037037037037035,1.0,100000000000000.0,193.3777471637102,0.06591944810676449,771.580533364837,5643562.804696245,5.740876217487683,2.126250450921364
3.58,std,0,785930887405.2233,0.0007859308874052233,33,10,0.30303030303030304,1.0,100000000000000.0,267.674239147307,0.06556085362535716,770.888233139175,5613245.49001041,5.673878714114088,1.7193571860951782
3.59,std,0,789455083759.1384,0.0007894550837591384,30,10,0.3333333333333333,1.0,100000000000000.0,219.96482678532257,0.0652043364977763,770.1938555451461,5583153.862002588,5.60771743041548,1.8692391434718267
3.5999999999999996,std,0,792983453417.2275,0.0007929834534172275,28,10,0.35714285714285715,1.0,100000000000000.0,238.20342476891545,0.06484989159570673,769.4974422402255,5553285.786493722,5.542381988980958,1.9794221389217708
3.61,std,0,796515982531.3143,0.0007965159825313144,20,10,0.5,1.0,100000000000000.0,174.14576343763264,0.06449751355280299,768.7990343505476,5523639.15362708,5.477862119793834,2.738931059896917
3.6199999999999997,std,0,800052657329.1389,0.0008000526573291389,29,10,0.3448275862068966,1.0,100000000000000.0,322.74862074352984,0.06414719677339552,768.0986724791427,5494211.877547617,5.4141476601063845,1.8669474690022017
3.63,std,0,803593464113.7908,0.0008035934641137908,35,10,0.2857142857142857,1.0,100000000000000.0,374.63088083716536,0.06379893544097907,767.3963967098535,5465001.896084231,5.35122855423711,1.5289224440677458
3.6399999999999997,std,0,807138389263.143,0.000807138389263143,26,10,0.38461538461538464,1.0,100000000000000.0,149.72965063248574,0.06345272352648877,766.6922466162177,5436007.170438018,5.289094853362229,2.034267251293165
3.65,std,0,810687419229.2966,0.0008106874192292966,21,10,0.47619047619047616,1.0,100000000000000.0,124.36713386863546,0.0631085547963669,765.9862612661916,5407225.684871397,5.227736715233478,2.4893984358254655
3.6599999999999997,std,0,814240540538.024,0.0008142405405380241,22,10,0.45454545454545453,1.0,100000000000000.0,363.5846634427021,0.06276642282042497,765.278479229781,5378655.446409031,5.1671444038847705,2.3487020017658047
3.67,std,0,817797739788.226,0.000817797739788226,19,10,0.5263157894736842,1.0,100000000000000.0,306.20589536248747,0.062426320979504686,764.5689385844122,5350294.484533614,5.107308289277176,2.6880569943564083
3.6799999999999997,std,0,821359003651.3855,0.0008213590036513855,24,10,0.4166666666666667,1.0,100000000000000.0,188.80185907032143,0.06208824247294238,763.8576769196543,5322140.850894996,5.048218846913822,2.103424519547426
3.69,std,0,824924318871.0275,0.0008249243188710274,31,10,0.3225806451612903,1.0,100000000000000.0,214.25646614636034,0.06175218032584041,763.1447313477988,5294192.619019311,4.989866657456394,1.609634405631095
3.6999999999999997,std,0,828493672262.1927,0.0008284936722621928,25,10,0.4,1.0,100000000000000.0,306.1611753438773,0.061418127396149415,762.4301385040611,5266447.884021641,4.932242406240592,1.972896962496237
3.71,std,0,832067050710.902,0.000832067050710902,27,10,0.37037037037037035,1.0,100000000000000.0,316.5000615023708,0.06108607638156587,761.7139345570376,5238904.762326913,4.875336882833762,1.8056803269754675
3.7199999999999998,std,0,835644441173.6387,0.0008356444411736387,14,10,0.7142857142857143,1.0,100000000000000.0,219.5072739173482,0.06075601982624775,760.9961552120571,5211561.39139034,4.819140980513172,3.442243557509409
3.73,std,0,839225830676.8245,0.0008392258306768245,23,10,0.43478260869565216,1.0,100000000000000.0,154.40558633122947,0.06042795012735299,760.2768357174386,5184415.929424091,4.763645695739019,2.0711503024952256
3.7399999999999998,std,0,842811206316.3119,0.0008428112063163119,26,10,0.38461538461538464,1.0,100000000000000.0,237.63578836303978,0.060101859541404255,759.5560108714769,5157466.555130386,4.708842127608878,1.8110931260034147
3.75,std,0,846400555256.8689,0.0008464005552568689,26,10,0.38461538461538464,1.0,100000000000000.0,276.9959929888606,0.05977774019048319,758.8337150258333,5130711.467432381,4.654721477260228,1.790277491253934
3.76,std,0,849993864731.6792,0.0008499938647316792,27,10,0.37037037037037035,1.0,100000000000000.0,328.25920139430207,0.059455584068258405,758.109982092602,5104148.885215932,4.6012750472803425,1.7041759434371637
3.77,std,0,853591122041.838,0.000853591122041838,35,10,0.2857142857142857,1.0,100000000000000.0,157.41100528090357,0.05913538304585055,757.3848455495587,5077777.047071797,4.54849424108056,1.2995697831658741
3.78,std,0,857192314555.8595,0.0008571923145558594,21,10,0.47619047619047616,1.0,100000000000000.0,361.48323786820254,0.05881712887753789,756.6583384456111,5051594.211037625,4.49637056224865,2.141128839166024
3.79,std,0,860797429709.1859,0.0008607974297091859,33,10,0.30303030303030304,1.0,100000000000000.0,213.23977266848723,0.05850081320630583,755.9304934055635,5025598.654353037,4.444895613887118,1.3469380648142781
3.8,std,0,864406455003.6951,0.0008644064550036951,26,10,0.38461538461538464,1.0,100000000000000.0,468.2935012706863,0.058186427569244414,755.201342635648,4999788.673212268,4.394061097933434,1.6900234992051668
3.81,std,0,868019378007.2283,0.0008680193780072283,29,10,0.3448275862068966,1.0,100000000000000.0,260.52944601193076,0.05787396340279591,754.470917928208,4974162.582516595,4.343858814455826,1.497882349812354
3.82,std,0,871636186353.1035,0.0008716361863531035,24,10,0.4166666666666667,1.0,100000000000000.0,311.0407490456219,0.0575634120478575,753.7392506699754,4948718.7156405095,4.2942806609638104,1.789283608734921
3.83,std,0,875256867739.6456,0.0008752568677396456,34,10,0.29411764705882354,1.0,100000000000000.0,166.58255817607164,0.057254764754740534,753.0063718407382,4923455.424194368,4.245318631643159,1.2486231269538703
3.84,std,0,878881409929.7168,0.0008788814099297168,48,10,0.20833333333333334,1.0,100000000000000.0,127.72662720480362,0.056948012687991136,752.2723120260182,4898371.077789676,4.196964816657803,0.8743676701370423
3.8499999999999996,std,0,882509800750.25,0.00088250980075025,22,10,0.45454545454545453,1.0,100000000000000.0,254.00772846486961,0.056643146931074334,751.5371014148502,4873464.063811505,4.149211401358064,1.8860051824354838
3.86,std,0,886142028091.7898,0.0008861420280917898,55,10,0.18181818181818182,1.0,100000000000000.0,330.6938029450822,0.056340158490925135,750.8007698104016,4848732.787193777,4.102050665550081,0.7458273937363784
3.8699999999999997,std,0,889778079908.0342,0.0008897780799080342,36,10,0.2777777777777778,1.0,100000000000000.0,155.8271899108069,0.05603903830236975,750.06334663094,4824175.670194775,4.055474982698356,1.1265208285273212
3.88,std,0,893417944215.3818,0.0008934179442153819,30,10,0.3333333333333333,1.0,100000000000000.0,393.6300847977978,0.05573977723241955,749.3248609175463,4799791.152178878,4.009476819159026,1.3364922730530087
3.8899999999999997,std,0,897061609092.4835,0.0008970616090924835,39,10,0.2564102564102564,1.0,100000000000000.0,197.26219116347093,0.05544236608444147,748.5853413353251,4775577.689400512,3.964048733368468,1.016422752145761
3.9,std,0,900709062679.7982,0.0009007090626797982,15,10,0.6666666666666666,1.0,100000000000000.0,137.57617932594934,0.0551467956022065,747.8448161805918,4751533.754790982,3.919183375056522,2.612788916704348
3.9099999999999997,std,0,904360293179.1487,0.0009043602931791487,24,10,0.4166666666666667,1.0,100000000000000.0,408.2159790211763,0.0548530564738208,747.103313386606,4727657.837746424,3.874873484442914,1.6145306185178807
3.92,std,0,908015288853.2897,0.0009080152888532897,22,10,0.45454545454545453,1.0,100000000000000.0,408.65280040784444,0.054561139335540465,746.3608605230868,4703948.4439248545,3.8311118914002367,1.7414144960910165
3.9299999999999997,std,0,911674038025.4706,0.0009116740380254706,30,10,0.3333333333333333,1.0,100000000000000.0,201.73903924917994,0.054271034775474035,745.6174848067911,4680404.095037893,3.7878915146624816,1.2626305048874937
3.94,std,0,915336529079.0098,0.0009153365290790098,22,10,0.45454545454545453,1.0,100000000000000.0,150.32016216285564,0.05398273333717482,744.873213101716,4657023.328652699,3.745205360980689,1.7023660731730403
3.9499999999999997,std,0,919002750456.8661,0.0009190027504568661,35,10,0.2857142857142857,1.0,100000000000000.0,313.4551233384153,0.053696225523125696,744.1280719250335,4633804.697992794,3.703046524301045,1.0580132926574413
3.96,std,0,922672690661.2179,0.0009226726906612179,32,10,0.3125,1.0,100000000000000.0,425.82994459611837,0.05341150179811911,743.3820874502396,4610746.771740449,3.6614081849242797,1.1441900577888373
3.9699999999999998,std,0,926346338253.0463,0.0009263463382530462,31,10,0.3225806451612903,1.0,100000000000000.0,362.7598891026675,0.05312855259253501,742.6352855135747,4587848.13384705,3.620283608682637,1.1678334221556892
3.98,std,0,930023681851.7195,0.0009300236818517195,27,10,0.37037037037037035,1.0,100000000000000.0,79.8398359968463,0.05284736830551836,741.8876916166877,4565107.3833417045,3.5796661460920456,1.3258022763303872
3.9899999999999998,std,0,933704710134.5815,0.0009337047101345815,29,10,0.3448275862068966,1.0,100000000000000.0,307.2117087319326,0.05256793930805998,741.1393309294224,4542523.13414405,3.5395492315047945,1.220534217760274
4.0,std,0,937389411836.5491,0.0009373894118365491,40,10,0.25,1.0,100000000000000.0,317.20812096247374,0.05229025594598198,740.3902282972059,4520094.014880405,3.4999263822835553,0.8749815955708888
4.01,std,0,941077775749.7018,0.0009410777757497018,33,10,0.30303030303030304,1.0,100000000000000.0,98.31499434370403,0.052014308542830644,739.6404082431884,4497818.66870036,3.460791197947398,1.0487246054386055
4.02,std,0,944769790722.8882,0.0009447697907228881,28,10,0.35714285714285715,1.0,100000000000000.0,217.47956452783706,0.051740087402679,738.8898949699799,4475695.7530969195,3.4221373593169386,1.2221919140417639
4.03,std,0,948465445661.3256,0.0009484654456613256,26,10,0.38461538461538464,1.0,100000000000000.0,283.506863795116,0.05146758281284127,738.1387123694203,4453723.939732424,3.383958627699552,1.3015225491152125
4.04,std,0,952164729526.2065,0.0009521647295262065,29,10,0.3448275862068966,1.0,100000000000000.0,422.4263252104056,0.05119678504650158,737.386884020198,4431901.9142613495,3.3462488440140175,1.1538789117289716
4.05,std,0,955867631334.3153,0.0009558676313343153,27,10,0.37037037037037035,1.0,100000000000000.0,104.17394504713923,0.05092768436525858,736.6344331957628,4410228.376158676,3.309001927966506,1.2255562696172244
4.06,std,0,959574140157.6316,0.0009595741401576316,22,10,0.45454545454545453,1.0,100000000000000.0,249.72283445483058,0.05066027102158882,735.8813828659011,4388702.038552683,3.2722118772000934,1.4873690350909514
4.07,std,0,963284245122.9568,0.0009632842451229568,28,10,0.35714285714285715,1.0,100000000000000.0,316.73197407850125,0.05039453526123035,735.1277557026706,4367321.6280537555,3.235872766460988,1.1556688451646386
4.08,std,0,966997935411.528,0.000966997935411528,16,10,0.625,1.0,100000000000000.0,155.76177234746075,0.05013046732548883,734.3735740813697,4346085.884590511,3.1999787467483496,1.9999867167177185
4.09,std,0,970715200258.649,0.000970715200258649,28,10,0.35714285714285715,1.0,100000000000000.0,342.769356384262,0.049868057453468215,733.6188600858268,4324993.5612532655,3.1645240444895304,1.1301871587462609
4.1,std,0,974436028953.307,0.0009744360289533071,36,10,0.2777777777777778,1.0,100000000000000.0,292.7575214761688,0.04960729588422757,732.8636355115892,4304043.424121051,3.1295029606948095,0.8693063779707805
4.109999999999999,std,0,978160410837.8145,0.0009781604108378146,22,10,0.45454545454545453,1.0,100000000000000.0,294.5760393056136,0.04934817285886632,732.1079218709709,4283234.252119073,3.0949098701438427,1.4067772137017467
4.12,std,0,981888335307.4321,0.0009818883353074322,42,10,0.23809523809523808,1.0,100000000000000.0,142.6797375983124,0.04909067862253967,731.3517403934558,4262564.836847282,3.0607392205328288,0.7287474334601973
4.13,std,0,985619791810.0112,0.0009856197918100113,31,10,0.3225806451612903,1.0,100000000000000.0,211.59994750571732,0.04883480342640599,730.5951120307449,4242033.982438276,3.026985531665075,0.9764469456984112
4.14,std,0,989354769845.6344,0.0009893547698456343,25,10,0.4,1.0,100000000000000.0,185.62142053466738,0.04858053752950762,729.8380574620454,4221640.505400525,2.9936433946337058,1.1974573578534824
4.1499999999999995,std,0,993093258966.2526,0.0009930932589662525,31,10,0.3225806451612903,1.0,100000000000000.0,249.84354993595375,0.04832787120058748,729.0805970940706,4201383.234468503,2.960707470990027,0.9550669261258152
4.16,std,0,996835248775.3368,0.0009968352487753369,30,10,0.3333333333333333,1.0,100000000000000.0,420.5537250435532,0.04807679471984265,728.3227510662889,4181261.010457904,2.928172491940226,0.9760574973134086
4.17,std,0,1000580728927.5233,0.0010005807289275234,29,10,0.3448275862068966,1.0,100000000000000.0,199.25230049211794,0.04782729838061681,727.5645392543556,4161272.6861168793,2.896033257534595,0.99863215777055
4.18,std,0,1004329689128.2668,0.0010043296891282668,30,10,0.3333333333333333,1.0,100000000000000.0,101.8011479684292,0.0475793724910331,726.8059812727374,4141417.125983926,2.864284635861549,0.9547615452871829
4.1899999999999995,std,0,1008082119133.4961,0.001008082119133496,31,10,0.3225806451612903,1.0,100000000000000.0,53.848645670157836,0.04733300737556878,726.0470964772556,4121693.2062488887,2.8329215622470856,0.9138456652409953
4.2,std,0,1011838008749.2703,0.0010118380087492703,35,10,0.2857142857142857,1.0,100000000000000.0,277.5217444023946,0.04708819337657378,725.2879039700128,4102099.814607074,2.801939038462604,0.8005540109893154
4.21,std,0,1015597347831.439,0.001015597347831439,34,10,0.29411764705882354,1.0,100000000000000.0,286.9403809254908,0.04684492085573398,724.5284226010879,4082635.850129579,2.7713321319350293,0.8150976858632439
4.22,std,0,1019360126285.3083,0.0010193601262853084,35,10,0.2857142857142857,1.0,100000000000000.0,183.9066196213916,0.046603180195481396,723.7686709726947,4063300.22312007,2.741095974961388,0.7831702785603966
4.2299999999999995,std,0,1023126334065.3068,0.0010231263340653067,35,10,0.2857142857142857,1.0,100000000000000.0,193.73472992325767,0.0463629618003518,723.0086674401115,4044091.8549862206,2.711225763925317,0.7746359325500906
4.24,std,0,1026895961174.6505,0.0010268959611746506,45,10,0.2222222222222222,1.0,100000000000000.0,316.94678804916714,0.046124256098292224,722.2484301177361,4025009.6781047075,2.6817167585331174,0.5959370574518038
4.25,std,0,1030668997665.0215,0.0010306689976650216,30,10,0.3333333333333333,1.0,100000000000000.0,220.03047257304388,0.04588705354191895,721.4879768799348,4006052.635690871,2.6525642810377548,0.8841880936792516
4.26,std,0,1034445433636.2368,0.0010344454336362369,21,10,0.47619047619047616,1.0,100000000000000.0,214.96603831996222,0.04565134460972769,720.7273253643122,3987219.681670151,2.6237637154780553,1.2494112930847883
4.27,std,0,1038225259235.9313,0.0010382252592359314,39,10,0.2564102564102564,1.0,100000000000000.0,108.48102835206312,0.04541711980725716,719.966492974901,3968509.7805564064,2.595310506926928,0.6654642325453661
4.28,std,0,1042008464659.235,0.001042008464659235,42,10,0.23809523809523808,1.0,100000000000000.0,162.66922887150764,0.0451843696682072,719.2054968854325,3949921.907314913,2.5672001607347212,0.611238133508267
4.29,std,0,1045795040148.4537,0.0010457950401484538,37,10,0.2702702702702703,1.0,100000000000000.0,110.37014574951115,0.04495308475551311,718.4443540404263,3931455.0472522303,2.5394282417875815,0.6863319572398869
4.3,std,0,1049584975992.758,0.001049584975992758,22,10,0.45454545454545453,1.0,100000000000000.0,158.3519916261585,0.04472325566237682,717.6830811610862,3913108.1958865277,2.511990373775331,1.1418138062615142
4.31,std,0,1053378262527.8728,0.0010533782625278727,29,10,0.3448275862068966,1.0,100000000000000.0,269.8263412459147,0.044494873013256726,716.9216947448143,3894880.358826569,2.4848822384476636,0.8568559442922978
4.32,std,0,1057174890135.7643,0.0010571748901357643,38,10,0.2631578947368421,1.0,100000000000000.0,276.12383722488954,0.044267927464816684,716.1602110686439,3876770.551660913,2.4580995748963517,0.6468683091832504
4.33,std,0,1060974849244.3363,0.0010609748492443362,26,10,0.38461538461538464,1.0,100000000000000.0,190.52420499823359,0.04404240970683595,715.3986461951743,3858777.7998315697,2.4316381788413604,0.9352454534005232
4.34,std,0,1064778130327.1229,0.001064778130327123,23,10,0.43478260869565216,1.0,100000000000000.0,178.65860749372973,0.04381831046308065,714.637015969583,3840901.138524533,2.405493901902659,1.0458669138707213
4.35,std,0,1068584723902.9911,0.0010685847239029912,27,10,0.37037037037037035,1.0,100000000000000.0,157.84346006539283,0.043595620492138186,713.8753360276606,3823139.612554538,2.3796626509118157,0.8813565373747465
4.36,std,0,1072394620535.8397,0.0010723946205358397,28,10,0.35714285714285715,1.0,100000000000000.0,356.07677812664576,0.04337433058821551,713.113621793994,3805492.276251821,2.3541403871970155,0.8407644239989341
4.37,std,0,1076207810834.3015,0.0010762078108343014,43,10,0.23255813953488372,1.0,100000000000000.0,211.86242921372937,0.0431544315819022,712.351888488143,3787958.1933524255,2.328923125903052,0.5416100292797795
4.38,std,0,1080024285451.4535,0.0010800242854514534,38,10,0.2631578947368421,1.0,100000000000000.0,189.46254015202635,0.042935914340899516,711.5901511247225,3770536.4368874063,2.304006935296024,0.6063176145515852
4.39,std,0,1083844035084.5206,0.0010838440350845206,44,10,0.22727272727272727,1.0,100000000000000.0,157.75959180395458,0.04271876977071631,710.8284245171966,3753226.089076467,2.27938793608903,0.5180427127475068
4.3999999999999995,std,0,1087667050474.589,0.001087667050474589,25,10,0.4,1.0,100000000000000.0,245.59509272741144,0.0425029888153329,710.0667232790092,3736026.2412209357,2.2550623007646515,0.9020249203058607
4.41,std,0,1091493322406.317,0.001091493322406317,22,10,0.45454545454545453,1.0,100000000000000.0,116.69866728722377,0.04228856245783335,709.3050618281475,3718935.9935974055,2.2310262529148477,1.0141028422340217
4.42,std,0,1095322841707.6559,0.001095322841707656,25,10,0.4,1.0,100000000000000.0,183.17815049596814,0.042075481721007855,708.543454386777,3701954.455356704,2.2072760665743356,0.8829104266297343
4.43,std,0,1099155599249.5612,0.001099155599249561,29,10,0.3448275862068966,1.0,100000000000000.0,203.79101918443843,0.041863737667925324,707.7819149851189,3685080.744418201,2.1838080655707546,0.7530372639899154
4.4399999999999995,std,0,1102991585945.7188,0.0011029915859457188,51,10,0.19607843137254902,1.0,100000000000000.0,170.49607417286478,0.041653321402477496,707.0204574662138,3668313.9873721073,2.1606186228881006,0.4236507103702158
4.45,std,0,1106830792752.2607,0.0011068307927522608,47,10,0.2127659574468085,1.0,100000000000000.0,138.67518725539037,0.041444224069895445,706.2590954824091,3651653.319377335,2.137704160008105,0.45483067234214997
4.46,std,0,1110673210667.4985,0.0011106732106674986,38,10,0.2631578947368421,1.0,100000000000000.0,165.62691866623692,0.041236436857238865,705.4978425024245,3635097.884063798,2.115061146293049,0.5565950384981708
4.47,std,0,1114518830731.6423,0.0011145188307316424,28,10,0.35714285714285715,1.0,100000000000000.0,174.04740752225052,0.04102995099385941,704.7367118131293,3618646.833436934,2.0926860983594233,0.7473878922712226
4.4799999999999995,std,0,1118367644026.5354,0.0011183676440265353,17,10,0.5882352941176471,1.0,100000000000000.0,166.50376773603384,0.04082475775183858,703.9757165186934,3602299.327779113,2.070575579448233,1.2179856349695488
4.49,std,0,1122219641675.3818,0.001122219641675382,22,10,0.45454545454545453,1.0,100000000000000.0,141.0056553850878,0.04062084844640118,703.214869546806,3586054.5355572705,2.0487261988261403,0.9312391812846091
4.5,std,0,1126074814842.4846,0.0011260748148424846,39,10,0.2564102564102564,1.0,100000000000000.0,184.37306553869,0.04041821443630461,702.4541836475445,3569911.633328093,2.0271346111693886,0.5197781054280484
4.51,std,0,1129933154732.9753,0.0011299331547329754,33,10,0.30303030303030304,1.0,100000000000000.0,233.75665167513324,0.04021684712420523,701.6936713977356,3553869.805647869,2.005797515972758,0.607817429082654
4.52,std,0,1133794652592.559,0.001133794652592559,40,10,0.25,1.0,100000000000000.0,167.1601556807075,0.04001673795700224,700.9333452016816,3537928.2449801154,1.9847116569526742,0.49617791423816854
4.53,std,0,1137659299707.2498,0.0011376592997072498,36,10,0.2777777777777778,1.0,100000000000000.0,160.11336262679396,0.03981787842615967,700.1732172936236,3522086.15160432,1.9638738214621598,0.5455205059617111
4.54,std,0,1141527087403.1145,0.0011415270874031145,20,10,0.5,1.0,100000000000000.0,146.57238388380264,0.03962026006800758,699.413299741173,3506342.7335315645,1.9432808399183545,0.9716404199591773
4.55,std,0,1145398007046.0156,0.0011453980070460156,44,10,0.22727272727272727,1.0,100000000000000.0,71.67145872021713,0.0394238744640223,698.6536044442221,3490697.2064130404,1.9229295852194228,0.43702945118623243
4.56,std,0,1149272050041.3604,0.0011492720500413604,32,10,0.3125,1.0,100000000000000.0,243.60879844533548,0.03922871324108732,697.8941431403535,3475148.7934561176,1.902816972189965,0.5946303038093641
4.57,std,0,1153149207833.845,0.001153149207833845,27,10,0.37037037037037035,1.0,100000000000000.0,275.1145179748295,0.03903476807173469,697.1349274049217,3459696.7253384124,1.8829399570163867,0.6973851692653283
4.58,std,0,1157029471907.2112,0.0011570294719072112,39,10,0.2564102564102564,1.0,100000000000000.0,108.59453839421931,0.03884203067436807,696.375968653071,3444340.2401227453,1.8632955366942767,0.4777680863318658
4.59,std,0,1160912833783.9922,0.0011609128337839922,24,10,0.4166666666666667,1.0,100000000000000.0,271.66948174590954,0.0386504928134673,695.6172781421591,3429078.583176759,1.8438807484853312,0.7682836452022214
4.6,std,0,1164799285025.2703,0.0011647992850252703,51,10,0.19607843137254902,1.0,100000000000000.0,263.25964680449374,0.038460146299776024,694.858866974017,3413911.0070874332,1.8246926693769923,0.35778287634842987
4.61,std,0,1168688817230.4343,0.0011686888172304343,21,10,0.47619047619047616,1.0,100000000000000.0,354.577073710913,0.03827098299047199,694.1007460958381,3398836.7715838132,1.805728415548817,0.8598706740708651
4.62,std,0,1172581422036.9346,0.0011725814220369345,26,10,0.38461538461538464,1.0,100000000000000.0,217.98658840462954,0.038082994789321374,693.3429263026408,3383855.1434541843,1.7869851418459697,0.6873019776330653
4.63,std,0,1176477091120.0454,0.0011764770911200453,23,10,0.43478260869565216,1.0,100000000000000.0,197.2910934480408,0.03789617364681675,692.5854182389235,3368965.396468138,1.7684600412590494,0.7688956701126302
4.64,std,0,1180375816192.6292,0.0011803758161926291,28,10,0.35714285714285715,1.0,100000000000000.0,104.54615334973403,0.03771051156030021,691.8282324006842,3354166.8113015178,1.7501503444122153,0.625053694432934
4.6499999999999995,std,0,1184277589004.896,0.001184277589004896,35,10,0.2857142857142857,1.0,100000000000000.0,207.85270242328616,0.03752600057407135,691.0713791377214,3339458.6754533774,1.73205331905359,0.4948723768724543
4.66,std,0,1188182401344.1719,0.001188182401344172,51,10,0.19607843137254902,1.0,100000000000000.0,228.60651510861976,0.03734263277948092,690.3148686533915,3324840.2831766997,1.71416626955227,0.3361110332455431
4.67,std,0,1192090245034.6658,0.0011920902450346658,32,10,0.3125,1.0,100000000000000.0,335.8517346284182,0.037160400315010805,689.5587110092528,3310310.935399574,1.6964865364083714,0.5301520426276161
4.68,std,0,1196001111937.243,0.0011960011119372428,41,10,0.24390243902439024,1.0,100000000000000.0,253.3322844608715,0.036979295366340204,688.802916125065,3295869.9396521407,1.6790114957600537,0.40951499896586674
4.6899999999999995,std,0,1199914993949.1897,0.0011999149939491897,21,10,0.47619047619047616,1.0,100000000000000.0,125.98670064812677,0.03679931016639911,688.0474937787892,3281516.609994206,1.6617385588967812,0.7913040756651338
4.7,std,0,1203831883003.9922,0.0012038318830039922,29,10,0.3448275862068966,1.0,100000000000000.0,104.56595980189566,0.036620436995409095,687.292453614017,3267250.26694219,1.6446651717958602,0.5671259213089174
4.71,std,0,1207751771071.1096,0.0012077517710711097,22,10,0.45454545454545453,1.0,100000000000000.0,210.79591081981235,0.03644266818091213,686.5378051337932,3253070.2373980703,1.6277888146325559,0.7399040066511617
4.72,std,0,1211674650155.75,0.00121167465015575,29,10,0.3448275862068966,1.0,100000000000000.0,124.34158190035173,0.03626599609778732,685.7835577093771,3238975.8545814385,1.61110700133341,0.555554138390831
4.7299999999999995,std,0,1215600512298.649,0.0012156005122986489,35,10,0.2857142857142857,1.0,100000000000000.0,116.75381991281259,0.03609041316825672,685.0297205770935,3224966.457955114,1.5946172791031945,0.45560493688662695
4.74,std,0,1219529349575.8542,0.0012195293495758542,39,10,0.2564102564102564,1.0,100000000000000.0,206.75221884129778,0.03591591186187994,684.2763028430562,3211041.393161196,1.5783172279812996,0.4046967251234101
4.75,std,0,1223461154098.4993,0.0012234611540984993,31,10,0.3225806451612903,1.0,100000000000000.0,235.96543431941055,0.035742484695538375,683.5233134814323,3197200.011952672,1.5622044603861287,0.5039369227052027
4.76,std,0,1227395918012.5945,0.0012273959180125944,24,10,0.4166666666666667,1.0,100000000000000.0,202.4852948366169,0.035570124233408995,682.7707613400942,3183441.672123255,1.5462766206811491,0.6442819252838121
4.77,std,0,1231333633498.8132,0.0012313336334988133,26,10,0.38461538461538464,1.0,100000000000000.0,108.840152395812,0.03539882308692853,682.0186551386822,3169765.737445429,1.530531384732751,0.5886659172049042
4.78,std,0,1235274292772.2695,0.0012352742927722695,35,10,0.2857142857142857,1.0,100000000000000.0,110.60197802317559,0.03522857391474806,681.2670034715517,3156171.577604061,1.5149664594824725,0.43284755985213497
4.79,std,0,1239217888082.3162,0.0012392178880823162,27,10,0.37037037037037035,1.0,100000000000000.0,225.31407018226568,0.0350593694226785,680.5158148103973,3142658.568130008,1.4995795825235865,0.555399845379106
4.8,std,0,1243164411712.3325,0.0012431644117123326,39,10,0.2564102564102564,1.0,100000000000000.0,177.89422619803437,0.034891202363627125,679.7650975023554,3129226.0903392765,1.484368521675516,0.3806073132501323
4.81,std,0,1247113855979.516,0.0012471138559795162,26,10,0.38461538461538464,1.0,100000000000000.0,191.7125936129323,0.034724065537525745,679.0148597761414,3115873.5312690753,1.469331074579678,0.5651273363767992
4.82,std,0,1251066213234.6748,0.0012510662132346748,20,10,0.5,1.0,100000000000000.0,94.139068236774,0.03455795179125056,678.2651097398289,3102600.2836156418,1.4544650682827711,0.7272325341413856
4.83,std,0,1255021475862.0244,0.0012550214758620243,26,10,0.38461538461538464,1.0,100000000000000.0,207.8441001102727,0.03439285401853435,677.5158553828683,3089405.7456736234,1.4397683588352883,0.5537570610904955
4.84,std,0,1258979636278.984,0.0012589796362789838,38,10,0.2631578947368421,1.0,100000000000000.0,171.29183428411739,0.034228765159870625,676.7671045791153,3076289.321274794,1.4252388308967299,0.3750628502359815
4.85,std,0,1262940686935.9731,0.001262940686935973,23,10,0.43478260869565216,1.0,100000000000000.0,114.40969092036607,0.034065678202410896,676.0188650876382,3063250.419728769,1.410874397341888,0.6134236510182122
4.86,std,0,1266904620316.2178,0.0012669046203162178,35,10,0.2857142857142857,1.0,100000000000000.0,215.5369877607353,0.03390358617985464,675.2711445527987,3050288.455764161,1.3966729988707742,0.39904942824879264
4.87,std,0,1270871428935.5444,0.0012708714289355444,29,10,0.3448275862068966,1.0,100000000000000.0,199.7755151224122,0.033742482172332715,674.5239505065532,3037402.8494712934,1.3826326036288,0.4767698633202759
4.88,std,0,1274841105342.1858,0.0012748411053421858,27,10,0.37037037037037035,1.0,100000000000000.0,114.06902863146233,0.03358235930628393,673.7772903709965,3024593.026241584,1.3687512068305923,0.5069448914187379
4.89,std,0,1278813642116.5874,0.0012788136421165875,37,10,0.2702702702702703,1.0,100000000000000.0,260.970330152901,0.03342321075432565,673.0311714569491,3011858.4167142524,1.3550268303838227,0.3662234676713034
4.8999999999999995,std,0,1282789031871.2107,0.0012827890318712106,49,10,0.20408163265306123,1.0,100000000000000.0,170.20677306645618,0.03326502973511832,672.2856009673883,2999198.4567176998,1.3414575225252403,0.2737668413316817
4.91,std,0,1286767267250.342,0.001286767267250342,24,10,0.4166666666666667,1.0,100000000000000.0,188.60055252932443,0.033107809513224104,671.5405859993463,2986612.5872155535,1.328041357460202,0.5533505656084174
4.92,std,0,1290748340929.9006,0.0012907483409299006,45,10,0.2222222222222222,1.0,100000000000000.0,130.0073519595043,0.032951543398960184,670.7961335428605,2974100.254251155,1.3147764350002467,0.2921725411111659
4.93,std,0,1294732245617.2527,0.0012947322456172527,36,10,0.2777777777777778,1.0,100000000000000.0,292.9805561675754,0.032796224748246505,670.0522504831134,2961660.908893382,1.30166088021225,0.36157246672562504
4.9399999999999995,std,0,1298718974051.0164,0.0012987189740510164,42,10,0.23809523809523808,1.0,100000000000000.0,89.3245814667089,0.03264184696244863,669.3089436031375,2949294.0071838005,1.288692843073653,0.3068316293032507
4.95,std,0,1302708519000.8813,0.0013027085190008814,42,10,0.23809523809523808,1.0,100000000000000.0,156.7998507037723,0.03248840348821557,668.5662195835733,2936999.0100829303,1.2758704981259659,0.30377869002999186
4.96,std,0,1306700873267.4207,0.0013067008732674207,18,10,0.5555555555555556,1.0,100000000000000.0,217.73481838788993,0.03233588781731316,667.8240850037591,2924775.38341962,1.263192044136701,0.7017733578537229
4.97,std,0,1310696029681.9062,0.0013106960296819063,29,10,0.3448275862068966,1.0,100000000000000.0,107.55456695823352,0.032184293486452624,667.0825463441541,2912622.597837311,1.2506557037667962,0.4312605875057918
4.9799999999999995,std,0,1314693981106.13,0.00131469398110613,29,10,0.3448275862068966,1.0,100000000000000.0,326.794514744976,0.03203361407711513,666.3416099862168,2900540.12874541,1.2382597232397037,0.4269861114619668
4.99,std,0,1318694720432.2185,0.0013186947204322185,26,10,0.38461538461538464,1.0,100000000000000.0,219.3225470037211,0.03188384321537219,665.6012822150698,2888527.4562673313,1.2260023720185442,0.47153937385328626
