z,luminosity_function,alpha_intrinsic,L_min_Jy_kpc2,L_min_over_L_star,n_generated,n_detected,detection_rate_10_per_n,N_ratio_detectable_L,mean_detected_L,mean_SNR,SFR_psi,comoving_volume_Mpc3,time_Gyr,nfrb_sfr_base,n_total_population_scaled
0.01,schechter,-4,10000000000.0,1e-05,11,10,0.9090909090909091,1.0,1226742227715.6194,1078919.1229938038,0.015366633837018974,0.16390929855738767,137678720.05218962,0.0069355219429469836,0.006305019948133621
0.02,schechter,-4,10000000000.0,1e-05,15,10,0.6666666666666666,1.0,146024088952.2986,29886.489752086076,0.015778461234561884,0.6126030070316889,135706863.92550436,0.026234668540322924,0.01748977902688195
0.03,schechter,-4,10000000000.0,1e-05,21,10,0.47619047619047616,1.0,3469873209836.5474,198732.76705045943,0.016197006898133106,1.3505815873235287,133769703.76805276,0.05852526013903226,0.027869171494777266
0.04,schechter,-4,10000000000.0,1e-05,18,10,0.5555555555555556,1.0,526560748481.0205,2683.745282055226,0.0166223021408091,2.3696244267855087,131866423.28089881,0.1038807107668169,0.05771150598156495
0.05,schechter,-4,10000000000.0,1e-05,19,10,0.5263157894736842,1.0,159902282629.5109,645.7207604762947,0.01705437728000787,3.661538304634726,129996236.70924087,0.16235296475527417,0.08544892881856535
0.060000000000000005,schechter,-4,10000000000.0,1e-05,30,10,0.3333333333333333,1.0,2865545981463.131,1671.9275268439014,0.017493261604641853,5.21816493002693,128158387.20751494,0.23397293431151175,0.07799097810383725
0.06999999999999999,schechter,-4,10000000000.0,1e-05,28,10,0.35714285714285715,1.0,1031979751992.6637,966.9197233438006,0.017938983341287663,7.031388229991008,126352145.30294725,0.3187509736273605,0.11383963343834304
0.08,schechter,-4,10000000000.0,1e-05,35,10,0.2857142857142857,1.0,848043271688.7107,8191.190869411704,0.018391569619367408,9.093141377008951,124576807.45144194,0.4166773864824215,0.11905068185212042
0.09,schechter,-4,10000000000.0,1e-05,23,10,0.43478260869565216,1.0,469832621985.80554,683.5315818207796,0.018851046435337065,11.395413547198801,122831694.67989907,0.527722964294582,0.22944476708460085
0.09999999999999999,schechter,-4,10000000000.0,1e-05,36,10,0.2777777777777778,1.0,900573535868.739,344.5464339948054,0.019317438615878545,13.930256401486556,121116151.30983643,0.6518395515980764,0.1810665421105768
0.11,schechter,-4,10000000000.0,1e-05,29,10,0.3448275862068966,1.0,3632727335284.868,9276.54984216545,0.019790769780093035,16.68979028318082,119429543.75708403,0.7889606359507991,0.27205539170717213
0.12,schechter,-4,10000000000.0,1e-05,31,10,0.3225806451612903,1.0,8369990811326.701,5454.424003764636,0.020271062300694323,19.66621012689964,117771259.40308331,0.9390019593349518,0.3029038578499844
0.13,schechter,-4,10000000000.0,1e-05,41,10,0.24390243902439024,1.0,3069809416187.9297,706.4795627512229,0.02075833726420218,22.851791074538102,116140705.53330435,1.101862148152077,0.26874686540294557
0.14,schechter,-4,10000000000.0,1e-05,38,10,0.2631578947368421,1.0,3034812740366.6665,254.01682360377953,0.021252614430137,26.238893795567257,114537308.33873443,1.2774233590054542,0.3361640418435406
0.15000000000000002,schechter,-4,10000000000.0,1e-05,29,10,0.3448275862068966,1.0,2268252794029.913,104.49377935032776,0.021753912189218152,29.819969509665427,112960511.97664525,1.465551937525097,0.5053627370776197
0.16,schechter,-4,10000000000.0,1e-05,42,10,0.23809523809523808,1.0,609225546570.339,100.79443985959117,0.02226224752057046,33.58756471099957,111409777.68701176,1.666099087591878,0.3966902589504471
0.17,schechter,-4,10000000000.0,1e-05,49,10,0.20408163265306123,1.0,18569138140301.5,17904.646144195805,0.02277763594794393,37.5343255943673,109884582.96125181,1.8789015484102705,0.38344929559393276
0.18000000000000002,schechter,-4,10000000000.0,1e-05,41,10,0.24390243902439024,1.0,170591662281.11447,69.2131301967792,0.023300091494954225,41.65300218417125,108384420.7601139,2.1037822769736754,0.5131176285301647
0.19,schechter,-4,10000000000.0,1e-05,40,10,0.25,1.0,3884123859767.3345,658.7945479043948,0.023829626639352574,45.936452168487456,106908798.77780546,2.3405511335973497,0.5851377833993374
0.2,schechter,-4,10000000000.0,1e-05,44,10,0.22727272727272727,1.0,5922440891242.491,1359.3116268761282,0.024366252266335785,50.37764444113629,105457238.74949963,2.589005568297937,0.5884103564313493
0.21000000000000002,schechter,-4,10000000000.0,1e-05,68,10,0.14705882352941177,1.0,20263814357013.918,1154.4151904138,0.02490997762090884,54.96966235505596,104029275.79969656,2.8489313059006656,0.4189604861618626
0.22,schechter,-4,10000000000.0,1e-05,46,10,0.21739130434782608,1.0,3803500355689.341,217.04004025198475,0.025460810259314456,59.705706691802156,102624457.82893437,3.120103027915736,0.6782832669382034
0.23,schechter,-4,10000000000.0,1e-05,58,10,0.1724137931034483,1.0,5517386342283.608,410.0820545049959,0.026018755999546127,64.57909835189005,101242344.93655138,3.4022850493114456,0.5866008705709389
0.24000000000000002,schechter,-4,10000000000.0,1e-05,61,10,0.16393442622950818,1.0,1676809074149.8728,1188.122985892112,0.02658381887096318,69.58328077187187,99882508.87732875,3.69523198846605,0.6057757358141065
0.25,schechter,-4,10592010319.35167,1.0592010319351669e-05,47,10,0.2127659574468085,0.9714933435019317,1115814862144.2214,176.6142501791763,0.027156001063028613,74.71182207409242,98544532.5499974,3.9986894286813497,0.8265319495096752
0.26,schechter,-4,11861504431.099371,1.1861504431099371e-05,30,10,0.3333333333333333,0.9177258612426682,17843650143141.832,1018.2945667973632,0.02773530287319293,79.95841695617725,97228009.51565525,4.312394569797267,1.3191986735284675
0.27,schechter,-4,13239500102.472677,1.3239500102472678e-05,31,10,0.3225806451612903,0.8683544761843167,10096543103382.0,166.401540195138,0.0283217226539493,85.31688832676117,95932543.54423486,4.636076868517109,1.2986316453907747
0.28,schechter,-4,14732272428.06823,1.473227242806823e-05,45,10,0.2222222222222222,0.8228938213877632,1869795103190.063,130.80438466235256,0.028915256759088154,90.78118869595377,94657748.18751705,4.969458666273276,0.9087415182484785
0.29000000000000004,schechter,-4,16346329315.576593,1.6346329315576594e-05,62,10,0.16129032258064516,0.7809271045838675,7431964464006.997,513.2546285822955,0.029515899489181725,96.34540132752994,93403246.37677355,5.3122558034630725,0.6691104102269779
0.3,schechter,-4,18088415993.787712,1.8088415993787713e-05,63,10,0.15873015873015872,0.7420931068231575,1629305005060.7163,110.90881340874141,0.03012364303633178,102.00374116112222,92168670.04385954,5.664178219084269,0.667198033682588
0.31,schechter,-4,19965519528.339592,1.9965519528339592e-05,59,10,0.1694915254237288,0.7060770435319331,6918002708204.8545,105.62484391316329,0.030738477428216556,107.75055551374268,90953659.76403436,6.024930534930934,0.7210279897608987
0.32,schechter,-4,21984873345.00411,2.198487334500411e-05,44,10,0.22727272727272727,0.6726049047661223,7352261508171.222,51.306669338462754,0.03136039047147566,113.58032456736365,89757864.41943079,6.39421262349617,0.9774497210638587
0.33,schechter,-4,24153961760.317184,2.4153961760317183e-05,45,10,0.2222222222222222,0.6414362143094812,4091105456742.2515,547.2983541639485,0.031989367694474906,119.48766165353132,88580940.88171776,6.771720159037775,0.9652503429280862
0.34,schechter,-4,26480524519.405087,2.6480524519405086e-05,61,10,0.16393442622950818,0.6123588061157899,1340569944423.475,47.24821880879803,0.032625392289495694,125.46731334203349,87422553.71285346,7.15714515115652,0.7184821081901018
0.35000000000000003,schechter,-4,28972561340.868217,2.8972561340868217e-05,28,10,0.35714285714285715,0.5851844880301638,11724658779877.293,281.51805939412594,0.03326844505439697,131.51415934337723,86282374.8828454,7.550176460482328,1.5779450523445517
0.36000000000000004,schechter,-4,31638336468.598804,3.16383364685988e-05,59,10,0.1694915254237288,0.5597479023110659,44732449914238.86,13033.496225614055,0.03391850433380093,137.6232122341143,85160083.50335014,7.9505002961049485,0.7542840445878394
0.37,schechter,-4,34486383230.448654,3.448638323044865e-05,43,10,0.23255813953488372,0.535900191406105,1988999239971.7058,26.008693879769186,0.03457554595985672,143.78961701316925,84055365.5762477,8.357800694442766,1.0416155795083617
0.38,schechter,-4,37525508603.65791,3.752550860365791e-05,60,10,0.16666666666666666,0.5135100706091269,1877741557790.2195,95.66710386434804,0.035239543192639965,150.00865049940452,82967913.75619605,8.7717599794356,0.7507311810677147
0.39,schechter,-4,40764797786.98846,4.0764797786988454e-05,53,10,0.18867924528301888,0.4924583389006546,8984217492315.463,134.14744449118223,0.03591046666024937,156.2757205777078,81897427.12626469,9.192059203862204,0.8540955106812179
0.4,schechter,-4,44213618779.51256,4.421361877951256e-05,58,10,0.1724137931034483,0.47263884918650734,3096347619575.7686,140.5998778950057,0.03658828429866464,162.58636530392516,80843610.98588744,9.618378571847783,0.7837964446962584
0.41000000000000003,schechter,-4,47881626966.02095,4.788162696602095e-05,37,10,0.2702702702702703,0.45395636926173666,5656224322887.674,77.53306673743793,0.03727296129143468,168.93625187542312,79806176.65031886,10.050397842487431,1.2330924633004285
0.42000000000000004,schechter,-4,51778769709.032906,5.1778769709032904e-05,71,10,0.14084507042253522,0.4363238452237862,10104445964358.824,611.1385923103767,0.037964460009266905,175.32117547808528,78784841.26087493,10.487796714823952,0.6445177169770957
0.43,schechter,-4,55915290947.394806,5.591529094739481e-05,78,10,0.1282051282051282,0.4196639528276148,2986512203137.227,67.0409056343957,0.038662739949594106,181.73705801608415,77779327.60525452,10.930255194222283,0.5880812949002425
0.44,schechter,-4,60301735801.4635,6.03017358014635e-05,60,10,0.16666666666666666,0.40390517771132883,46400671985682.82,65.96985747754977,0.03936775767619714,188.17994673362284,76789363.94735558,11.37745394042519,0.7659020926183158
0.45,schechter,-4,64948955184.88999,6.494895518489e-05,69,10,0.14492753623188406,0.38898323489439235,38682880300573.86,729.3042966284868,0.04007946675896711,194.6460127361265,75814683.86589663,11.829074597516637,0.6668567685143629
0.46,schechter,-4,69868110423.01784,6.986811042301783e-05,89,10,0.11235955056179775,0.3748399801946317,129517650532324.0,86.33109600904518,0.04079781771389325,201.13154941942497,74855026.10136408,12.284800106163743,0.5173971043246547
0.47000000000000003,schechter,-4,75070677877.90968,7.507067787790969e-05,50,10,0.2,0.36142125263377567,10105394609929.846,403.5507986647017,0.04152275794336715,207.6329708135642,73910134.4107027,12.74431499842924,0.9212132581383422
0.48000000000000004,schechter,-4,80568453580.04814,8.056845358004815e-05,49,10,0.20408163265306123,0.34867818911721327,8489766241321.459,100.90257309130092,0.04225423167689769,214.14680984893627,72979757.42922702,13.207305675561571,0.9398162094025106
0.49,schechter,-4,86373557866.73132,8.637355786673132e-05,46,10,0.21739130434782608,0.33656659909896436,20756311059791.758,132.2999050102324,0.042992179912334685,220.66971655228951,72063648.53939462,13.673460669232922,1.0004413381211248
0.5,schechter,-4,92498440027.20796,9.249844002720796e-05,69,10,0.14492753623188406,0.3250448388070821,46263757438813.96,1239.1613403986967,0.04373654035770323,227.19845617831092,71161565.7458431,14.142470886578126,0.6662227782118317
0.51,schechter,-4,98955882954.58911,9.895588295458911e-05,54,10,0.18518518518518517,0.31407563216784873,3014207091606.05,115.93073130268226,0.04448724737375437,233.72990728517897,70273271.55644336,14.614029839649735,0.8499834556310731
0.52,schechter,-4,105759007804.6057,0.00010575900780460569,69,10,0.14492753623188406,0.3036238264491238,715913440658.9323,22.196103902343676,0.04524423191734168,240.26105975808815,69398532.8688438,15.087833859615067,0.6639167897514462
0.53,schechter,-4,112921278661.2125,0.0001129212786612125,52,10,0.19230769230769232,0.2936574600174813,13749945621137.215,860.2824862464447,0.04600742148573693,246.78901278899025,68537120.86228469,15.56358229637011,0.8789157780625163
0.54,schechter,-4,120456507209.14833,0.00012045650720914833,50,10,0.2,0.28414732938969045,60672206072682.96,151.92521544551306,0.046776740062001616,253.31097281720866,67688810.89416112,16.0409777039867,0.911600195077478
0.55,schechter,-4,128378857413.44424,0.00012837885741344424,95,10,0.10526315789473684,0.2750657939878558,10349104053075.615,119.84402246914968,0.04755210806153499,259.8242514367817,66853382.401291125,16.51972601260903,0.4783170054863303
0.56,schechter,-4,136702850205.99086,0.00013670285020599086,72,10,0.1388888888888889,0.2663876700299742,114814429760633.75,2118.288772426777,0.04833344227992233,266.32626327557193,66030618.80524841,16.99953668725072,0.6289537457924703
0.5700000000000001,schechter,-4,145443368179.16647,0.00014544336817916647,35,10,0.2857142857142857,0.2580895961118921,5727700961250.759,85.41843900870592,0.049120655842211244,272.8145238520679,65220307.42184981,17.480122874184655,1.2889822435955898
0.5800000000000001,schechter,-4,154615660286.61017,0.00015461566028661017,86,10,0.11627906976744186,0.2501497643719547,23345911516665.1,296.15012674994074,0.04991365815374634,279.28664741282654,64422239.37422575,17.961201535287355,0.5224407362662004
0.59,schechter,-4,164235346551.1835,0.0001642353465511835,62,10,0.16129032258064516,0.24254815448536104,9926773830100.674,212.07152154192426,0.050712354852696435,285.7403447586599,63636209.50946025,18.442493571175945,0.7214827064188485
0.6,schechter,-4,174318422780.1745,0.0001743184227801745,58,10,0.1724137931034483,0.2352657943609754,5680269052983.492,45.41178431438948,0.051516647764411366,292.17342105793676,62862016.318445235,18.92372393327775,0.7676043005914468
0.61,schechter,-4,184881265287.78207,0.00018488126528778208,58,10,0.1724137931034483,0.22828535105736436,49714354298503.58,88.16801751791213,0.05232643485774771,298.5837736592991,62099461.8588071,19.40462172592923,0.7637570487653644
0.62,schechter,-4,195940635624.96646,0.00019594063562496645,76,10,0.13157894736842105,0.2215904222702737,136559340877540.28,178.5167735875188,0.05314161020350689,304.9693898979668,61348351.680681646,19.884920298418695,0.5797773533864915
0.63,schechter,-4,207513685316.662,0.000207513685316662,74,10,0.13513513513513514,0.21516583273113465,8683492252675.225,106.28422543029853,0.05396206393512963,311.3283449083857,60608494.75515795,20.36435732810088,0.592123500342596
0.64,schechter,-4,219617960606.44562,0.00021961796060644562,62,10,0.16129032258064516,0.20899737118686845,7741058066837.305,50.23976517515621,0.054787682211795266,317.6587994400555,59879703.405252725,20.842674894699282,0.7025910099184983
0.65,schechter,-4,232271407208.6852,0.00023227140720868521,38,10,0.2631578947368421,0.2030718109514834,15041477152394.059,69.35741570998549,0.055618347184074164,323.9589976825524,59161793.23922499,21.319619546488738,1.1393194079216082
0.66,schechter,-4,245492375068.2186,0.0002454923750682186,65,10,0.15384615384615385,0.19737674981964282,110052565491712.56,260.9812706069912,0.056453936962285574,330.22726510333877,58454583.086089864,21.794942358909672,0.661817674662777
0.67,schechter,-4,259299623127.57526,0.00025929962312757525,65,10,0.15384615384615385,0.19190046280050987,46437311564778.97,152.30578987399127,0.05729432558771266,336.46200629708704,57757894.933217816,22.26839898585212,0.6574332417248349
0.68,schechter,-4,273712324101.84595,0.00027371232410184596,69,10,0.14492753623188406,0.18663221643721595,4422685606884.227,47.03141059355575,0.05813938300682973,342.66170285595126,57071553.86587637,22.73974970453855,0.6150680997950081
0.6900000000000001,schechter,-4,288750069261.15753,0.0002887500692611575,45,10,0.2222222222222222,0.18156146446024335,200736896752081.44,5756.9111762333105,0.05898897504869533,348.8249112545665,56395388.00860588,23.20875945391007,0.9364036343905399
0.7000000000000001,schechter,-4,304432873220.8508,0.0003044328732208508,73,10,0.136986301369863,0.17667877552573108,50664570649119.05,86.6801472184842,0.059842963405668255,354.9502607601426,55729228.46830064,23.675197867500977,0.5730006807615715
0.7100000000000001,schechter,-4,320781178739.34894,0.0003207811787393489,73,10,0.136986301369863,0.17197519977164522,25803959603422.207,89.94280462102905,0.06070120561760056,361.0364513632596,55072909.27894104,24.138839300833435,0.5686687275365029
0.72,schechter,-4,337815861523.78107,0.00033781586152378107,54,10,0.18518518518518517,0.16744218264853117,15993173811343.707,98.26661776400123,0.061563555059664696,367.08225173594644,54426267.3478233,24.59946285404369,0.7627755096782484
0.73,schechter,-4,355558235043.3682,0.00035555823504336825,73,10,0.136986301369863,0.16307155452951594,7501282920024.994,69.66885644063788,0.062429860933968816,373.0864972138131,53789142.40325106,25.05685238983673,0.5597342288804509
0.74,schechter,-4,374030055350.584,0.000374030055350584,70,10,0.14285714285714285,0.15885599652994153,216217182596941.6,113.01916939887728,0.06329996826511489,379.0480878090866,53161376.94359302,25.510796547506434,0.578934715403818
0.75,schechter,-4,393253525910.1657,0.0003932535259101657,76,10,0.13157894736842105,0.1547882431801363,12468935286483.668,58.603784300063445,0.06417371789985252,384.9659862515839,52542816.187593825,25.961088753081512,0.5287462262017213
0.76,schechter,-4,413251302435.9097,0.0004132513024359097,73,10,0.136986301369863,0.15086166213037866,22501519744235.766,220.63353504198875,0.06505094651097904,390.83921606058897,51933308.025967404,26.407527226110503,0.5457374589156517
0.77,schechter,-4,434046497735.36,0.00043404649773536,48,10,0.20833333333333334,0.14706989650376667,20529682085174.164,53.86617330999252,0.06593148660563516,396.66685964941246,51332702.97407133,26.849914983399817,0.8226696286965719
0.78,schechter,-4,455662686562.3365,0.0004556626865623365,91,10,0.10989010989010989,0.14340692092539575,47243314673951.66,203.92847680166034,0.06681516653814157,402.4480564613706,50740854.125752576,27.28805983994215,0.43003259776637925
0.79,schechter,-4,478123910477.3463,0.0004781239104773463,70,10,0.14285714285714285,0.13986727197744953,23281575222437.06,249.65114024876934,0.0677018105275198,408.18200113966117,50157617.108157024,27.721774407365434,0.5539098515332115
0.8,schechter,-4,501454682715.88495,0.0005014546827158849,114,10,0.08771929824561403,0.1364454103396191,45544494489689.41,258.53502810989454,0.06859123867983588,413.86794173262695,49582850.03763585,28.15087609032917,0.33693489820743294
0.81,schechter,-4,525679993064.6289,0.0005256799930646289,42,10,0.23809523809523808,0.13313631602789378,125926513197205.75,167.06591472759752,0.06948326701550157,419.50517793203227,49016413.47646635,28.575187080800067,0.9058083661299011
0.8200000000000001,schechter,-4,550825312745.5294,0.0005508253127455295,52,10,0.19230769230769232,0.12993522277387093,48863275914467.58,284.17744391830877,0.0703777075016633,425.0930593474103,48458170.39061373,28.994534350769378,0.724502169248437
0.8300000000000001,schechter,-4,576916599307.8063,0.0005769165993078063,60,10,0.16666666666666666,0.12683755114334738,68132835925670.67,638.3321174539471,0.0712743680898028,430.63098381638633,47907986.10823188,29.408749643457092,0.6216889644939813
0.8400000000000001,schechter,-4,603980301527.8453,0.0006039803015278454,69,10,0.14492753623188406,0.12383898660975434,33096558492502.906,71.86930999272974,0.07217305275866856,436.1183957505335,47365728.279101126,29.817669463293033,0.5351579665795402
0.85,schechter,-4,632043364317.0073,0.0006320433643170073,54,10,0.18518518518518517,0.12093555327662131,53145333773217.72,66.18358620570088,0.0730735615626498,441.55478451688083,46831266.83476413,30.221135064737087,0.6768166092039778
0.86,schechter,-4,661133233637.3192,0.0006611332336373192,65,10,0.15384615384615385,0.11812324785166606,116748653992225.66,556.943575207976,0.07397569068569808,446.9396828572245,46304473.94949488,30.61899244034859,0.5564330512307055
0.87,schechter,-4,691277861425.0708,0.0006912778614250708,67,10,0.14925373134328357,0.11539839770062998,11343320575699.691,60.72746805775681,0.07487923250089422,452.27266534162857,45785224.0019454,31.01109230793183,0.5341239348181588
0.88,schechter,-4,722505710522.2926,0.0007225057105222926,37,10,0.2702702702702703,0.11275754109816583,100490438091015.22,193.5175055991802,0.07578397563574907,457.5533468608919,45273393.53755888,31.39729009729886,0.9568327644641111
0.89,schechter,-4,754845759616.117,0.0007548457596161169,52,10,0.19230769230769232,0.1101973423471777,44500026412710.97,74.28496674695648,0.07668970504331966,462.78138115217166,44768861.231587745,31.77744593629089,0.6734211709154573
0.9,schechter,-4,788327508185.9868,0.0007883275081859868,88,10,0.11363636363636363,0.107714589166654,88606150686930.05,161.9070913573235,0.07759620207921059,467.95645936404327,44271507.85283817,32.15142463670238,0.3935428972573903
0.91,schechter,-4,822980981458.7471,0.000822980981458747,78,10,0.1282051282051282,0.10530629218828913,34168208555961.426,120.58653514172431,0.07850324458452297,473.07830865450416,43781216.22801512,32.51909567969979,0.43903402453146106
0.92,schechter,-4,858836735371.5413,0.0008588367353715413,91,10,0.10989010989010989,0.10296962396894149,48036839940432.27,201.78026756744276,0.07941060697480082,478.1466908269018,43297871.206686266,32.880333201196784,0.37205225776931156
0.93,schechter,-4,895925861542.5594,0.0008959258615425594,101,10,0.09900990099009901,0.10070180442208188,57760791525224.31,116.21795493860627,0.08031806033501555,483.1614010005778,42821359.6268634,33.23501597706453,0.33136891870169494
0.9400000000000001,schechter,-4,934279992249.5723,0.0009342799922495723,73,10,0.136986301369863,0.0985002008728798,17834782752116.34,27.963786598511746,0.08122537252061583,488.12226631575396,42351570.28113079,33.583027408177976,0.453141773373282
0.9500000000000001,schechter,-4,973931305416.2477,0.0009739313054162477,105,10,0.09523809523809523,0.09636236691863531,38075682058884.37,163.8673979988081,0.08213230826466011,493.02914467449386,41888393.88338472,33.92425550554967,0.31133538633022007
0.9600000000000001,schechter,-4,1014912529606.2628,0.001014912529606263,63,10,0.15873015873015872,0.09428593874840785,107473335644967.0,307.1250617925399,0.0830386292910345,497.88192351547127,41431723.03608367,34.2585928753831,0.5127148554690496
0.97,schechter,-4,1057256949025.1176,0.0010572569490251175,57,10,0.17543859649122806,0.09226863359898141,24998448061435.992,48.81274416818645,0.08394409443374791,502.68051862280294,40981452.198053606,34.58593670415267,0.5598591441110571
0.98,schechter,-4,1100998408529.6995,0.0011009984085296994,84,10,0.11904761904761904,0.09030824815266836,172646269003992.03,182.03353024951505,0.08484845976228053,507.42487296760333,40537477.652815565,34.90618874363719,0.3752758041814602
0.99,schechter,-4,1146171318645.5308,0.0011461713186455308,62,10,0.16129032258064516,0.08840281914604498,213300513315055.0,28.018260247691007,0.08575147871295036,512.1149555846321,40099697.47744613,35.219255296116174,0.5021744284517653
1.0,schechter,-4,1192810660591.6917,0.0011928106605916917,60,10,0.16666666666666666,0.08655026787575215,87922287043464.56,455.1535847624659,0.08665290222624604,516.7507604776409,39668011.51188104,35.525047199238465,0.5124503918988046
1.01,schechter,-4,1240951991313.378,0.0012409519913133779,63,10,0.15873015873015872,0.08474881840127035,31046393160635.324,69.45648846256404,0.08755247889006164,521.3323055621364,39242321.32879002,35.82347981129141,0.4819043785759858
1.02,schechter,-4,1290631448522.0957,0.0012906314485220957,51,10,0.19607843137254902,0.08299656612274597,204626398751236.47,237.97380652448592,0.08844995508875261,525.8596316338384,38822530.203856505,36.11447299593024,0.5877210286264408
1.03,schechter,-4,1341885755743.403,0.001341885755743403,31,10,0.3225806451612903,0.08129182214921804,40153939418923.33,28.76827751222754,0.08934507515791797,530.332801372219,38408543.086599246,36.39795110713632,0.9544696025797612
1.04,schechter,-4,1394752227372.277,0.001394752227372277,93,10,0.10752688172043011,0.07963295019696293,136858131700833.22,129.43269454561613,0.09023758154479809,534.7518983727047,38000266.571585506,36.67384297382221,0.31402648506081965
1.05,schechter,-4,1449268773735.932,0.001449268773735932,34,10,0.29411764705882354,0.07801836571036924,119723634632655.95,71.70177523680547,0.09112721497416236,539.117026208578,37597608.87017283,36.94208188426972,0.8476943689851063
1.06,schechter,-4,1505473906164.1907,0.0015054739061641906,110,10,0.09090909090909091,0.07644653494803133,39825324807344.97,81.52152996452494,0.09201371461954395,543.428307522134,37200479.78263619,37.20260557021835,0.25854638971650207
1.07,schechter,-4,1563406742067.2983,0.0015634067420672983,76,10,0.13157894736842105,0.07491597403805828,46166854047029.09,133.59282102906906,0.09289681827966537,547.6858831449516,36808790.67077036,37.455356190655706,0.36921111736386686
1.08,schechter,-4,1623107010021.1648,0.0016231070100211648,71,10,0.14084507042253522,0.07342543417737135,270245782339623.2,123.20289289833082,0.09377626255988103,551.8899112455697,36422454.43092041,37.700280315119706,0.3898816127811649
1.09,schechter,-4,1684615054860.0244,0.0016846150548600245,74,10,0.13513513513513514,0.0719733917765093,34497722379356.082,31.053255773685002,0.09465178305844799,556.040566504761,36041385.46742419,37.937328906475294,0.3689835454513564
1.1,schechter,-4,1747971842776.4426,0.0017479718427764427,54,10,0.18518518518518517,0.07055874940325624,57820647451199.95,49.291493095218655,0.09552311455742028,560.1380393170732,35665499.66649557,38.166457303066636,0.4986995363809551
1.11,schechter,-4,1813218966428.6724,0.0018132189664286725,46,10,0.21739130434782608,0.06918014492200297,95200166435088.8,95.90099365329169,0.09638999121794681,564.1825350200373,35294714.37049736,38.387625200246795,0.577317711861871
1.12,schechter,-4,1880398650055.2744,0.0018803986500552745,107,10,0.09345794392523364,0.0678364353776808,52578198796349.74,38.43934816722784,0.09725214677973788,568.1742731461698,34928948.352648705,38.60079663095528,0.2447234061853081
1.1300000000000001,schechter,-4,1949553754597.0356,0.0019495537545970356,107,10,0.09345794392523364,0.0665265103723689,69729470974647.08,50.89762173810041,0.09810931476444977,572.1134867033504,34568121.792101,38.80593994560731,0.24127324918700643
1.1400000000000001,schechter,-4,2020727782826.1035,0.0020207277828261034,64,10,0.15625,0.06524929159036597,276365889176022.25,453.8607031394096,0.09896122868272254,576.0004214765389,34212156.24944995,39.00302779084005,0.3976437395674484
1.1500000000000001,schechter,-4,2093964884482.296,0.002093964884482296,126,10,0.07936507936507936,0.06400373230286405,111032352535666.06,253.29969494265669,0.09980762224459194,579.8353353550832,33860974.64260373,39.192037087268865,0.1990822738204346
1.1600000000000001,schechter,-4,2169309861416.537,0.002169309861416537,52,10,0.19230769230769232,0.06278881685423765,140874686945799.8,201.07823948649025,0.10064822957298275,583.6184976825231,33514501.22304822,39.37294900603636,0.4754194007983183
1.17,schechter,-4,2246808172741.5107,0.0022468081727415106,93,10,0.10752688172043011,0.06160356013188506,178809623935432.0,219.26186228065157,0.10148278541997709,587.350188628604,33172661.552509196,39.54574894408637,0.26195257236961883
1.18,schechter,-4,2326505939989.261,0.0023265059399892613,65,10,0.15384615384615385,0.060447060203194125,250922836991077.5,71.00746309250194,0.1023110253855389,591.0306985838918,32835382.47995832,39.710426498076856,0.369289006342118
1.19,schechter,-4,2408449952275.936,0.002408449952275936,64,10,0.15625,0.05931845978273298,85749921335856.73,34.75696960745522,0.10313268613836393,594.6603275757917,32502592.119014297,39.86697543686067,0.3695074342360349
1.2,schechter,-4,2492687671473.4595,0.0024926876714734597,110,10,0.09090909090909091,0.05821682943965523,38345935642146.984,29.808349030719274,0.1039475056385125,598.239384704606,32174219.82570734,40.015393672357725,0.2117790316713008
1.21,schechter,-4,2579267237388.2344,0.002579267237388234,76,10,0.13157894736842105,0.05714139975117605,93901809806874.56,184.4733683738416,0.1047552233614732,601.7681876007348,31850196.176586464,40.15568322882142,0.30191472995522106
1.22,schechter,-4,2668237472946.7363,0.0026682374729467364,82,10,0.12195121951219512,0.05609137695406463,422959022345571.5,133.03406011043208,0.10555558052329424,605.247061900475,31530452.947203357,40.28785021032525,0.27558548692881046
1.23,schechter,-4,2759647889388.0005,0.0027596478893880004,87,10,0.11494252873563218,0.055065957853092096,111641006026169.97,91.16773101522756,0.10634832030641155,608.6763407430382,31214923.090939093,40.41190476656308,0.25578393616537176
1.24,schechter,-4,2853548691462.9507,0.0028535486914629507,98,10,0.10204081632653061,0.054064422714740656,53917194108547.16,30.72380137287371,0.10713318808579403,612.0563642832636,30903540.718176357,40.52786105655926,0.22358320529449957
1.25,schechter,-4,2949990782640.5674,0.0029499907826405674,84,10,0.11904761904761904,0.0530860708054357,86076712961251.84,48.789051483419556,0.1079099316550206,615.3874792246054,30596241.075822484,40.63573721056774,0.2568085265227711
1.26,schechter,-4,3049025770320.828,0.0030490257703208283,92,10,0.10869565217391304,0.05213022013176727,118383727443304.34,131.28378288789753,0.10867830145189603,618.6700383691668,30292960.52715669,40.7355552898801,0.23082102874469845
1.27,schechter,-4,3150705971054.339,0.0031507059710543387,52,10,0.19230769230769232,0.051196207170824626,122785925670934.75,182.8869432851222,0.10943805078320944,621.9044001845291,29993636.532022804,40.82734124452867,0.4019625039593928
1.28,schechter,-4,3255084415768.7456,0.0032550844157687455,69,10,0.14492753623188406,0.05028338659155551,104481484058846.78,51.28430555050418,0.11018893604823399,625.0909283865653,29698207.62734887,40.91112486878783,0.2981376677786463
1.29,schechter,-4,3362214855001.6963,0.0033622148550016963,65,10,0.15384615384615385,0.04939113096803549,125984640256941.3,163.361776182191,0.11093071696056572,628.2299915392557,29406613.407992665,40.986939754523824,0.31144481682994873
1.3,schechter,-4,3472151764140.5566,0.0034721517641405565,62,10,0.16129032258064516,0.04851891005016051,85494814671208.22,106.49397358986259,0.11166315676789583,631.3219626698403,29118794.50790167,41.0548232422585,0.3212798832284483
1.31,schechter,-4,3584950348668.5645,0.0035849503486685644,87,10,0.11494252873563218,0.04766610185538367,75764498676423.8,48.87584319605212,0.11238602246931209,634.3672188991445,28834692.581594545,41.11481636994227,0.22526241665000735
1.32,schechter,-4,3700666549417.6523,0.0037006665494176525,62,10,0.16129032258064516,0.0468321562949342,112841941210513.05,70.620545421851,0.11309908502972522,637.36614108486,28554250.285959702,41.16696381929045,0.3109576909311148
1.33,schechter,-4,3819357047827.7046,0.0038193570478277047,46,10,0.21739130434782608,0.04601656530861786,213194720878600.22,252.4125113988943,0.11380211959101888,640.319113482257,28277411.26235228,41.21131385995615,0.4122615468892653
1.34,schechter,-4,3941079271212.3096,0.00394107927121231,104,10,0.09615384615384616,0.04521881112887449,240688864835491.7,29.934807055280054,0.11449490567952506,643.2265234150823,28004120.11900111,41.247918291102174,0.1793444064100574
1.35,schechter,-4,4065891398030.928,0.004065891398030928,106,10,0.09433962264150944,0.0444383634772878,55312323105802.734,61.89778303871326,0.11517722740943068,646.0887609625379,27734322.413720313,41.27683238076945,0.17304480004978448
1.36,schechter,-4,4193852363167.461,0.004193852363167461,80,10,0.125,0.04367478206023612,361313180473929.7,113.55378303850041,0.11584887368172872,648.9062186570821,27467964.636896268,41.298114802689696,0.22546077043826043
1.37,schechter,-4,4325021863215.2,0.0043250218632152,39,10,0.2564102564102564,0.04292761471940454,76018555409097.58,80.69439115488248,0.11650963837833293,651.6792911963738,27204994.194798715,41.31182757086487,0.45472261982475926
1.3800000000000001,schechter,-4,4459460361768.01,0.00445946036176801,70,10,0.14285714285714285,0.04219638374536805,50212257905025.7,21.868940522518024,0.1171593205509839,654.4083751655435,26945359.393152125,41.31803597161924,0.24906738592333805
1.3900000000000001,schechter,-4,4597229094717.909,0.004597229094717909,72,10,0.1388888888888889,0.041480661511884676,308739666050163.25,322.1551783516478,0.11779772460458442,657.0938687727227,26689009.4209975,41.31680849340674,0.2380345205369954
1.4000000000000001,schechter,-4,4738390075558.79,0.0047383900755587904,58,10,0.1724137931034483,0.04078003087770443,161017313829063.7,74.94535741587971,0.11842466047461185,659.7361715945939,26435894.334847275,41.308216754231495,0.29043971633456345
1.4100000000000001,schechter,-4,4883006100696.38,0.00488300610069638,121,10,0.08264462809917356,0.040094085048319905,84308875305162.47,45.634383773443304,0.1190399437982678,662.3356843336711,26185965.04308979,41.29233542678884,0.13682466185499378
1.42,schechter,-4,5031140754764.434,0.005031140754764433,74,10,0.13513513513513514,0.0394224432128637,56484197461015.625,51.492192917101406,0.1196433960790384,664.8928085856302,25939173.29070372,41.26924216138773,0.21985599399259842
1.43,schechter,-4,5182858415946.917,0.005182858415946917,66,10,0.15151515151515152,0.03876475006862923,78901968610504.17,52.00843856169212,0.12023484484435139,667.4079466170175,25695471.644191947,41.239017506613486,0.24221518283631774
1.44,schechter,-4,5338224261306.413,0.005338224261306413,66,10,0.15151515151515152,0.038120595632732956,112437170196250.48,64.1360118694733,0.12081412379603326,669.8815011525642,25454813.47682177,41.20174482790674,0.23797500817389078
1.45,schechter,-4,5497304272118.551,0.0054973042721185505,89,10,0.11235955056179775,0.03748961215040514,233857881512423.7,37.69958464999295,0.12138107295328354,672.3138751724912,25217152.95410143,41.15751022406508,0.17336843768275662
1.46,schechter,-4,5660165239212.351,0.0056601652392123504,61,10,0.16393442622950818,0.03687154638884904,238261974853152.06,177.4491036637953,0.12193553878790152,674.7054717182289,24982445.019521292,41.10640244171558,0.24846829909973991
1.47,schechter,-4,5826874768316.807,0.005826874768316807,82,10,0.12195121951219512,0.03626595623101758,98072834361123.0,123.93417819461506,0.12247737435151856,677.0566937080237,24750645.38054905,41.04851278793819,0.18154433757508928
1.48,schechter,-4,5997501285413.126,0.005997501285413126,109,10,0.09174311926605505,0.03567261551237866,67153580497279.86,49.163955915416594,0.12300643939460665,679.367943759247,24521710.494854964,40.983935040918674,0.13412882173385274
1.49,schechter,-4,6172114042093.071,0.0061721140420930715,109,10,0.09174311926605505,0.03509112874782039,88298721288325.03,57.31842149645303,0.12352260047705375,681.6396240221153,24295597.556820426,40.91276535912355,0.13171331345379544
1.5,schechter,-4,6350783120923.11,0.0063507831209231105,80,10,0.125,0.034521262067495395,105518238741401.95,66.60993677609555,0.1240257310701164,683.8721360174538,24072264.484238382,40.83510218852276,0.17620990802536862
1.51,schechter,-4,6533579440814.435,0.006533579440814435,139,10,0.07194244604316546,0.03396269499053994,67694591833308.234,34.513311146175,0.12451571164958056,686.0658804850981,23851669.90529175,40.75104616853187,0.09956944975304025
1.52,schechter,-4,6720574762398.817,0.006720574762398818,86,10,0.11627906976744186,0.033415131515933005,256896052087635.5,106.18664663277215,0.12499242977998155,688.2212572395335,23633773.145745885,40.66070003649348,0.15798635340108508
1.53,schechter,-4,6911841693410.142,0.006911841693410142,78,10,0.1282051282051282,0.0328783053909425,148615401629303.22,148.22777642108798,0.12545578018975678,690.3386650292904,23418534.21637197,40.56416853065951,0.17098475908726696
1.54,schechter,-4,7107453694071.763,0.007107453694071762,124,10,0.08064516129032258,0.03235195612112318,209644554182956.56,51.853144356214806,0.12590566483722512,692.4185014084183,23205913.800602216,40.46155829231179,0.10556536761815637
1.55,schechter,-4,7307485082489.555,0.007307485082489555,83,10,0.12048192771084337,0.031835828909609676,337770721888809.5,157.3915689351025,0.12634199296731044,694.4611626109294,22995873.24240182,40.35297776660013,0.15477957785189939
1.56,schechter,-4,7512011040050.674,0.007512011040050674,126,10,0.07936507936507936,0.03132967459410363,144972345597966.3,58.4707813565423,0.12676468115894596,696.467043431746,22788374.534365553,40.23853710247194,0.10005240266374693
1.57,schechter,-4,7721107616827.787,0.007721107616827787,87,10,0.11494252873563218,0.030833249581721955,71227460006799.28,22.858238340177667,0.12717365336312167,698.436537116382,22583380.306024913,40.11834805194932,0.1421814986542692
1.58,schechter,-4,7934851736989.147,0.007934851736989148,75,10,0.13333333333333333,0.030346315781865862,183347960321623.44,50.65437084008704,0.1275688409315561,700.3700352535554,22380853.81236754,39.99252386857206,0.1618167677639327
1.59,schechter,-4,8153321204214.04,0.00815332120421404,79,10,0.12658227848101267,0.029868640537261237,274957275466862.66,43.5985216201634,0.12795018263599814,702.2679276748049,22180758.922575094,39.86117920541235,0.15070876368073594
1.6,schechter,-4,8376594707113.949,0.008376594707113948,81,10,0.12345679012345678,0.029399996553323482,302135151186208.5,22.767111514087123,0.12831762467818383,704.1306023610744,21983060.10894857,39.72443001275748,0.14418495129108763
1.61,schechter,-4,8604751824659.01,0.00860475182465901,92,10,0.10869565217391304,0.028940161825993793,173159768412675.28,63.38911644300824,0.12867112069049735,705.9584453505254,21787722.43604854,39.58239343534228,0.12451313820423478
1.62,schechter,-4,8837873031610.129,0.008837873031610129,84,10,0.11904761904761904,0.02848895842965682,80703028105800.27,47.16217753873285,0.12901063172740435,707.751840657099,21594711.550035674,39.43518770980428,0.133746121825039
1.6300000000000001,schechter,-4,9076039703956.488,0.009076039703956488,89,10,0.11235955056179775,0.02804616839595575,294437114451387.5,156.13103187426063,0.1293361262477481,709.5111701875071,21403993.66818979,39.28293206178447,0.12379053120131421
1.6400000000000001,schechter,-4,9319334124358.412,0.009319334124358413,94,10,0.10638297872340426,0.02761156135056808,227753671150064.4,141.71679795924712,0.12964758008801838,711.2368136691238,21215535.568644308,39.12574660360074,0.11492797369490453
1.6500000000000001,schechter,-4,9567839487595.654,0.009567839487595655,100,10,0.1,0.02718502095505726,561354754630912.8,64.65298373701171,0.12994497642672279,712.92914857835,21029304.58028762,38.96375223197746,0.10592304209139664
1.6600000000000001,schechter,-4,9821639906021.012,0.009821639906021012,128,10,0.078125,0.026766271524787055,164493039052649.38,111.95831767368914,0.13022830574001035,714.5885500741101,20845268.57286173,38.7970705263056,0.08112913469323506
1.6700000000000002,schechter,-4,10080820415019.3,0.010080820415019301,73,10,0.136986301369863,0.026355219746580283,199043264148367.6,37.95494114498024,0.13049756574871402,716.2153909364916,20663395.94724198,38.625823647556366,0.1394509685101377
1.68,schechter,-4,10345466978471.584,0.010345466978471584,97,10,0.10309278350515463,0.02595161912272248,241125245872693.3,49.58324656427568,0.13075276135699798,717.8100415091287,20483655.625891827,38.45013423791143,0.1028704370061679
1.69,schechter,-4,10615666494224.6,0.0106156664942246,105,10,0.09523809523809523,0.02555532816722461,115665657931369.08,24.690113749929715,0.13099390458281196,719.3728696446001,20306017.043500546,38.27012532123586,0.09314339157952328
1.7,schechter,-4,10891506799565.55,0.010891506799565551,62,10,0.16129032258064516,0.025166196837574817,225115773273594.3,46.32989812084114,0.13122101448037002,720.9042406538175,20130450.13778125,38.0859202045508,0.1545931878399828
1.71,schechter,-4,11173076676701.898,0.011173076676701898,88,10,0.11363636363636363,0.0247840337327897,262043137111973.25,86.34275914223727,0.13143411705488842,722.404517260679,19956925.34045368,37.897642380761226,0.10673368717704396
1.72,schechter,-4,11460465858246.557,0.011460465858246557,146,10,0.0684931506849315,0.024408687961471665,85610901771123.39,25.037928421872316,0.13163324516982902,723.8740595561826,19785413.568385925,37.705415432422136,0.06303696710600343
1.73,schechter,-4,11753765032708.016,0.011753765032708016,99,10,0.10101010101010101,0.024040011532179606,508581789557809.0,47.065827594030004,0.1318184384469108,725.3132249612008,19615886.214899182,37.50936293717238,0.09108338561356912
1.74,schechter,-4,12053065849985.652,0.012053065849985653,69,10,0.14492753623188406,0.02367787052714798,72244425735976.03,28.87575654543795,0.13198974315916043,726.7223681872684,19448315.141239457,37.30960837441261,0.1280307357257881
1.75,schechter,-4,12358460926870.11,0.01235846092687011,70,10,0.14285714285714285,0.02332210893789599,232400349523855.1,36.9243718863826,0.13214721211728916,728.1018412036382,19282672.668198943,37.1062750337555,0.12362808408811087
1.76,schechter,-4,12670043852548.766,0.012670043852548765,93,10,0.10752688172043011,0.02297258249843126,73029306846033.02,23.515607784289625,0.13229090454968861,729.4519932052539,19118931.567901675,36.899485925116906,0.09114800909295176
1.77,schechter,-4,12987909194116.207,0.012987909194116206,71,10,0.14084507042253522,0.022629154889079572,191737878875843.12,77.95430166067152,0.13242088597635046,730.7731705863949,18957065.055737577,36.68936369077766,0.11693652024512394
1.78,schechter,-4,13312152502089.564,0.013312152502089565,54,10,0.18518518518518517,0.022291692542803054,173016441640752.44,43.03202796396532,0.1325372280770222,732.0657169122601,18797046.782446537,36.47603051913631,0.15057638102120136
1.79,schechter,-4,13642870315928.996,0.013642870315928996,74,10,0.13513513513513514,0.021960080294351036,437749276320313.56,113.74223756067491,0.13264000855391733,733.3299728982462,18638850.826349083,36.259608060745535,0.10760323033184731
1.8,schechter,-4,13980160169563.04,0.013980160169563039,76,10,0.13157894736842105,0.021634183425625175,415830423656074.5,26.099003872179885,0.1327293109893057,734.5662763876386,18482451.68572671,36.04021734626777,0.10259219378533618
1.81,schechter,-4,14324120596918.826,0.014324120596918826,89,10,0.11235955056179775,0.02131387306748378,197951330362794.56,61.49177158167189,0.13280522469831382,735.7749623335088,18327824.271332726,35.81797870669869,0.08577751142566435
1.82,schechter,-4,14674851137457.225,0.014674851137457225,98,10,0.10204081632653061,0.020999026056503278,346063719871711.6,61.774737764831094,0.132867844577269,736.9563627833527,18174943.89906127,35.59301169592306,0.0762672020440933
1.83,schechter,-4,15032452341712.832,0.015032452341712832,85,10,0.11764705882352941,0.020689522518637427,258690508742309.1,92.85449213501148,0.13291727094792347,738.1108068643626,18023786.282729935,35.36543501549416,0.08608164283934999
1.84,schechter,-4,15397025776838.684,0.015397025776838684,96,10,0.10416666666666667,0.02038529112155074,380319248366816.0,104.60243356824033,0.13295360939789763,739.2386207704297,17874327.527015675,35.13536644184469,0.07460882016451754
1.85,schechter,-4,15768674032156.1,0.0157686740321561,148,10,0.06756756756756757,0.020086173657237083,209653615982182.06,49.26499195276774,0.13297697061768127,740.3401277546848,17726544.12051855,34.9029227561277,0.04736933565031845
1.86,schechter,-4,16147500724708.785,0.016147500724708785,159,10,0.06289308176100629,0.019792073096313034,120106418249377.4,24.088164082581972,0.1329874702345315,741.4156481181358,17580412.92894541,34.66821967628214,0.04315446150641597
1.87,schechter,-4,16533610504822.082,0.01653361050482208,159,10,0.06289308176100629,0.019502909360381904,249389516996637.84,25.68304124670744,0.13298522864360543,742.4654992054425,17435911.18843124,34.431371791940485,0.042233454290051924
1.8800000000000001,schechter,-4,16927109061666.94,0.016927109061666938,125,10,0.08,0.01921853839344445,468361737881607.1,92.19620426964063,0.13297037083666333,743.4899953994715,17293016.49898085,34.19249250179442,0.052570378393063805
1.8900000000000001,schechter,-4,17328103128828.264,0.017328103128828265,119,10,0.08403361344537816,0.018938911903224165,438465963798181.6,58.447539650218445,0.13294302622867502,744.489448117108,17151706.818034906,33.95169395358978,0.054034297542207184
1.9000000000000001,schechter,-4,17736700489878.188,0.017736700489878188,85,10,0.11764705882352941,0.018663884325038738,277862969081569.0,34.431160976839344,0.13290332848265865,745.4641658097481,17011960.454154097,33.70908698693016,0.07401676473255683
1.9100000000000001,schechter,-4,18153009983953.96,0.01815300998395396,72,10,0.1388888888888889,0.01839339480334734,300722112111619.6,28.04943424191243,0.13285141533307546,746.4144539613507,16873756.06082675,33.46478107860212,0.08549040699809954
1.9200000000000002,schechter,-4,18577141511340.477,0.018577141511340475,111,10,0.09009009009009009,0.01812733850335202,380196471917249.25,35.67593916949927,0.13278742840810062,747.3406150899694,16737072.630372385,33.21888429066518,0.05424954596761896
1.93,schechter,-4,19009206039057.24,0.019009206039057237,132,10,0.07575757575757576,0.01786561156289146,239006411134947.6,18.08293287211521,0.13271151305108214,748.2429487509667,16601889.488000676,32.97150322135719,0.04462545978768121
1.94,schechter,-4,19449315606450.133,0.01944931560645013,112,10,0.08928571428571429,0.017608158211162683,397404439235198.2,21.071712744651872,0.1326238181414942,749.121751540161,16468186.28592861,32.72274295855753,0.05144528884977596
1.95,schechter,-4,19897583330787.48,0.01989758333078748,104,10,0.09615384615384616,0.01735487519761192,303228831027857.9,66.74940777519097,0.13252449591568408,749.9773170993105,16335942.997650843,32.472707036110236,0.05418844018656804
1.96,schechter,-4,20354123412860.758,0.020354123412860758,100,10,0.1,0.017105672960361806,315095472538209.1,51.77236693148366,0.13241370178770218,750.8099361223709,16205139.912292665,32.22149739279776,0.05511703966943491
1.97,schechter,-4,20819051142590.01,0.02081905114259001,124,10,0.08064516129032258,0.016860473323215608,151505078404266.16,16.650045523430105,0.13229159417049882,751.6198963612327,16075757.62908553,31.969214333986326,0.04346903914857568
1.98,schechter,-4,21292482904633.316,0.021292482904633318,84,10,0.11904761904761904,0.01661919944326884,316839028912775.56,68.985296589551,0.13215833429775978,752.4074826371228,15947777.051919853,31.71595649610796,0.06274926268367334
1.99,schechter,-4,21774536184000.957,0.021774536184000957,118,10,0.0847457627118644,0.016381784106825004,141986947357283.3,20.897879425082273,0.1320140860466449,753.1729768460679,15821179.384035045,31.46182081358678,0.04367803018438915
2.0,schechter,-4,22265329571674.04,0.02226532957167404,66,10,0.15151515151515152,0.016148144308267942,359344012438637.25,37.70787003149364,0.13185901576168338,753.9166579723931,15695946.122775251,31.206902488644715,0.07635357042434558
2.01,schechter,-4,22764982770227.477,0.022764982770227475,90,10,0.1111111111111111,0.015918203260731678,385167407472575.0,54.82011615293137,0.13169329208006922,754.6388020970605,15572059.054465903,30.951294963512076,0.054743222712449545
2.02,schechter,-4,23273616599457.297,0.023273616599457297,129,10,0.07751937984496124,0.01569188952561895,355713527374201.4,75.81014085397891,0.13151708575859106,755.3396824126427,15449500.249373306,30.695089895435075,0.037338291443264324
2.03,schechter,-4,23791353002012.3,0.0237913530020123,74,10,0.13513513513513514,0.015469132938135344,258007347941080.06,32.79297373001878,0.13133056950241706,756.0195692321134,15328252.056764135,30.438377133949672,0.06362909490623873
2.04,schechter,-4,24318315049030.207,0.024318315049030207,107,10,0.09345794392523364,0.015249864595266116,395289898931386.8,63.99061895421365,0.13113391779594796,756.6787300056756,15208297.100052891,30.1812447009475,0.04301494345850863
2.05,schechter,-4,24854626945777.88,0.024854626945777877,66,10,0.15151515151515152,0.015034023701081534,361165633671874.3,34.221253403912044,0.13092730673593825,757.3174293334836,15089618.27204791,29.923778773016025,0.06816284837870355
2.0599999999999996,schechter,-4,25400414037296.113,0.025400414037296114,88,10,0.11363636363636363,0.014821545933819125,302513149316445.25,39.94446764738398,0.1307109138670736,757.9359289800893,14972198.730271557,29.666063666201577,0.04996555969366014
2.07,schechter,-4,25955802814048.48,0.02595580281404848,83,10,0.12048192771084337,0.014612360505962263,168992371112421.7,26.62106450087715,0.1304849180201844,758.5344878901899,14856021.89238433,29.408181823189246,0.05177384995485877
2.0799999999999996,schechter,-4,26520920917574.44,0.02652092091757444,123,10,0.08130081300813008,0.014406403280640023,605290588665622.9,85.0533827120391,0.1302494991532604,759.1133622046794,14741071.431683572,29.150213802751413,0.03414225493978179
2.09,schechter,-4,27095897146146.844,0.027095897146146845,74,10,0.13513513513513514,0.01420361132262915,260772993551717.06,26.598870760359244,0.13000483819542183,759.6728052777596,14627331.272682121,28.8922382714531,0.05545596252006899
2.0999999999999996,schechter,-4,27680861460433.383,0.027680861460433383,107,10,0.09345794392523364,0.014003932719800716,237896197565699.0,37.191525624368325,0.12975111689399202,760.2130676922345,14514785.586787315,28.63433199749053,0.0374760054924574
2.11,schechter,-4,28275944989162.574,0.028275944989162576,117,10,0.08547008547008547,0.013807319655278039,207399251116534.9,29.100966326800595,0.12948851766480282,760.7343972791354,14403418.788036415,28.37656984675417,0.033487553042261455
2.1199999999999997,schechter,-4,28881280034793.418,0.028881280034793417,91,10,0.10989010989010989,0.013613692741280325,163070298979873.9,14.522923586877306,0.1292172234458553,761.2370391340369,14293215.5289337,28.119024780855174,0.04206634764296809
2.13,schechter,-4,29497000079189.777,0.02949700007918978,138,10,0.07246376811594203,0.013423003732599192,185481210029877.22,33.37957731303761,0.12893741755444604,761.7212356366815,14184160.69634576,27.861767857220464,0.02710062419886105
2.1399999999999997,schechter,-4,30123239789298.35,0.030123239789298352,95,10,0.10526315789473684,0.013235216253471793,477293217149866.8,36.74579845952418,0.12864928354785926,762.1872264683172,14076239.407488255,27.604868231050173,0.03845856849332025
2.15,schechter,-4,30760135022831.03,0.03076013502283103,181,10,0.055248618784530384,0.01305024532015675,231973539518454.44,21.152357381974127,0.12835300508771263,762.6352486324561,13969437.005973084,27.34839315922422,0.019718411040882473
2.1599999999999997,schechter,-4,31407822833951.465,0.031407822833951465,171,10,0.05847953216374269,0.012868074843685573,330017626418965.9,47.10764108688448,0.12804876580803742,763.0655364731756,13863739.057946578,27.092408005937664,0.020387551690998366
2.17,schechter,-4,32066441478965.105,0.032066441478965105,145,10,0.06896551724137931,0.012688621398917466,210136105788841.06,22.985159420973478,0.12773674918715994,763.4783216957267,13759131.34827611,26.836976250090267,0.023484429733043804
2.1799999999999997,schechter,-4,32736130422014.12,0.03273613042201412,67,10,0.14925373134328357,0.012511863536877721,154594484766221.78,24.93013592241298,0.1274171384234439,763.873833385062,13655599.876833957,26.58215949430233,0.049640649568392425
2.19,schechter,-4,33417030340775.69,0.03341703034077569,43,10,0.23255813953488372,0.012337724052094767,371505851085081.3,24.542504676558913,0.12709011631494216,764.2522980289579,13553130.854817575,26.328017475607272,0.07554135219831888
2.1999999999999997,schechter,-4,34109283132164.31,0.03410928313216431,69,10,0.14492753623188406,0.012166190736943916,443254891449065.1,34.174924568685626,0.12675586514299808,764.6139395355032,13451710.70117912,26.07460807753674,0.04597516742932906
2.21,schechter,-4,34813031918038.78,0.03481303191803878,117,10,0.08547008547008547,0.011997182144037777,295263003760672.1,35.086001978543656,0.12641456655982633,764.9589792558809,13351326.039074074,25.821987343739,0.026477870554177354
2.2199999999999998,schechter,-4,35528421050912.06,0.035528421050912064,153,10,0.06535947712418301,0.011830677991923388,655886605309744.4,42.304045154117325,0.1260664014800965,765.2876360047684,13251963.692418212,25.570209492968726,0.019772085927930432
2.23,schechter,-4,36255596119666.19,0.03625559611966619,107,10,0.09345794392523364,0.01166662623537329,217144794043143.1,30.578388211492133,0.1257115499765309,765.6001260813799,13153610.682476113,25.319326935338175,0.027606647092131772
2.2399999999999998,schechter,-4,36994703955270.13,0.03699470395527013,97,10,0.10309278350515463,0.01150497331011302,279584376757296.6,24.490213906826497,0.12535019117952442,765.8966632907552,13056254.22453316,25.069390289850617,0.029734295483045136
2.25,schechter,-4,37745892636502.38,0.03774589263650238,88,10,0.11363636363636363,0.01134569151342224,475188982388783.2,31.951975543493415,0.12498250318078254,766.1774589660118,12959881.724614153,24.820448403101434,0.032000585318909376
2.26,schechter,-4,38509311495676.71,0.03850931149567671,63,10,0.15873015873015872,0.01118874036638251,372978673986711.4,35.04469811024493,0.12460866294096873,766.4427219881787,12864480.776277887,24.57254836902816,0.043640613308163816
2.27,schechter,-4,39285111124372.47,0.03928511112437247,120,10,0.08333333333333333,0.011034067930822067,237676092017968.1,39.76535715346388,0.12422884620134438,766.6926588104897,12770039.157449897,24.32573554979642,0.022367651543638914
2.28,schechter,-4,40073443379168.08,0.04007344337916808,111,10,0.09009009009009009,0.010881636389901805,370253229372271.25,20.2420007130431,0.12384322739937846,766.9274734775742,12676544.827336488,24.08005359753068,0.02360634121600682
2.29,schechter,-4,40874461387378.96,0.04087446138737896,130,10,0.07692307692307693,0.010731408484031979,523126938390960.6,51.36841639036919,0.12345197958829715,767.1473676490139,12583985.923375618,23.83554447704813,0.019676074170962763
2.3,schechter,-4,41688319552798.72,0.04168831955279872,124,10,0.08064516129032258,0.010583354133631429,434881336992056.3,28.881315379366782,0.12305527436053831,767.3525406198754,12492350.758259717,23.592248489364316,0.0201358968202882
2.31,schechter,-4,42515173561444.6,0.0425151735614446,92,10,0.10869565217391304,0.010437433147623576,285425786597090.6,26.43950395648646,0.12265328177506969,767.5431893455342,12401627.816991834,23.350204296066217,0.026490890904733038
2.32,schechter,-4,43355180387306.47,0.04335518038730647,165,10,0.06060606060606061,0.010293604805929002,321328742139916.44,22.46566876552308,0.12224617028852493,767.7195084594462,12311805.754026573,23.1094489442402,0.014416941497866778
2.3299999999999996,schechter,-4,44208498298099.59,0.04420849829809959,124,10,0.08064516129032258,0.010151834129575987,264613957144076.3,13.500406770790386,0.12183410669010708,767.8816902987091,12222873.3904306,22.87001789223179,0.018723599046965494
2.34,schechter,-4,45075286861021.05,0.045075286861021045,150,10,0.06666666666666667,0.010012086676222332,280114464775234.9,33.627902541199205,0.12141725604020252,768.029924925049,12134819.711121293,22.631945035909478,0.01510619969006836
2.3499999999999996,schechter,-4,45955706948510.12,0.04595570694851012,47,10,0.2127659574468085,0.009874328536044974,323191800918010.4,50.14193054081343,0.12099578161264772,768.1644001456542,12047633.862132035,22.395262735420257,0.04705067700012444
2.36,schechter,-4,46849920744012.22,0.046849920744012216,145,10,0.06896551724137931,0.00973852632753125,633556797944474.0,50.3277654031785,0.12056984484058411,768.2853015375462,11961305.147949908,22.160001842575838,0.014883155956004538
2.3699999999999997,schechter,-4,47758091747746.48,0.04775809174774648,149,10,0.06711409395973154,0.009604647193178772,422848068942919.44,55.77314121776967,0.12013960526583477,768.3928124671658,11875823.028886234,21.926191728498498,0.014133780929008237
2.38,schechter,-4,48680384782477.22,0.04868038478247722,66,10,0.15151515151515152,0.009472658795107392,248696885267222.0,26.193063656970992,0.11970522049173256,768.4871141146308,11791177.118503083,21.693860311796833,0.031136141921571735
2.3899999999999997,schechter,-4,49616965999288.6,0.0496169659992886,113,10,0.08849557522123894,0.009342529310587766,520179801785856.8,38.38202262688814,0.1192668461393275,768.568385494003,11707357.181081956,21.463034086945214,0.01774504646472832
2.4,schechter,-4,50568002883363.66,0.050568002883363654,151,10,0.06622516556291391,0.009214231737243117,269702799876830.0,28.813637579840492,0.11882463580689664,768.6368034758057,11624353.129135568,21.233738153002538,0.012957124767530201
2.4099999999999997,schechter,-4,51533664259766.15,0.051533664259766146,98,10,0.10204081632653061,0.009087738845148241,634398834025762.6,44.11042100419347,0.11837874103268001,768.6925428094085,11542155.020976886,21.005996242581155,0.019479286534157425
2.42,schechter,-4,52514120299226.63,0.052514120299226634,129,10,0.07751937984496124,0.008963014152302273,327728695512697.1,24.66689746902949,0.11792931126076286,768.7357761434654,11460753.05831884,20.779830750924678,0.014437978069998749
2.4299999999999997,schechter,-4,53509542523931.91,0.053509542523931905,112,10,0.08928571428571429,0.008840027778036164,523091617443010.6,22.75539885395873,0.1174764938100209,768.7666740495287,11380137.583922423,20.555262765226043,0.016224026234770598
2.44,schechter,-4,54520103813317.89,0.05452010381331789,92,10,0.10869565217391304,0.008718750334925862,340809718430204.1,24.63777474902985,0.11702043384604897,768.785405042392,11300299.079290532,20.33231209396409,0.019268734008594194
2.4499999999999997,schechter,-4,55545978409866.11,0.05554597840986611,134,10,0.07462686567164178,0.00859915900802144,354695594131044.9,38.768872954434656,0.11656127435598546,768.7921356014919,11221228.162397789,20.110997296321578,0.012905795788131232
2.46,schechter,-4,56587341924904.125,0.056587341924904125,248,10,0.04032258064516129,0.008481234089351086,386538253269682.5,23.634764764460712,0.11609915612615085,768.787030193237,11142915.58546343,19.89133571165588,0.006802543327436391
2.4699999999999998,schechter,-4,57644371344408.75,0.05764437134440875,93,10,0.10752688172043011,0.008364934210846275,939735409634043.6,48.425359852154045,0.11563421772241134,768.7702512917476,11065352.232765501,19.67334348891682,0.017695292902383884
2.48,schechter,-4,58717245034813.59,0.05871724503481359,159,10,0.06289308176100629,0.008250231843619282,447872341460415.1,25.789154036034727,0.11516659547318477,768.7419594012218,10988529.118494129,19.457035616059514,0.010095915397613127
2.4899999999999998,schechter,-4,59806142748819.234,0.059806142748819235,84,10,0.11904761904761904,0.008137124806400498,332002847613836.1,23.703965152317263,0.11469642345499854,768.70231307505,10912437.38464076,19.24242594928864,0.01864024065800967
2.5,schechter,-4,60911245631207.79,0.06091124563120779,77,10,0.12987012987012986,0.008025563526695034,349124088699016.8,30.00762621018586,0.11422383348051643,768.6514689389185,10837068.298925612,19.029527242294325,0.019834114255325566
2.51,schechter,-4,62032736224660.234,0.06203273622466023,104,10,0.09615384615384616,0.007915529281774969,378986739452131.0,48.50801819892782,0.11374895508894493,768.5895817108495,10762413.25276639,18.818351175275378,0.014322808631020834
2.52,schechter,-4,63170798475577.37,0.06317079847557737,172,10,0.05813953488372093,0.007807009697316181,456328056217632.4,18.053075591974043,0.11327191553873434,768.5168042220557,10688463.759278566,18.60890838380576,0.00844650745400232
2.53,schechter,-4,64325617739904.59,0.0643256177399046,131,10,0.07633587786259542,0.007699958900100556,595360915697169.1,33.87312632551676,0.112792839802488,768.4332874375851,10615211.451314276,18.401208487505134,0.010815919776028325
2.54,schechter,-4,65497380788959.19,0.06549738078895918,95,10,0.10526315789473684,0.007594383219042933,352567000917399.9,32.01330294251803,0.11231185056399447,768.3391804771564,10542648.079530537,18.19526011848315,0.014545450327361008
2.55,schechter,-4,66686275815262.28,0.06668627581526228,88,10,0.11363636363636363,0.007490229140176274,934787512420427.6,29.508438332301182,0.11182906821729809,768.2346306355586,10470765.510502744,17.991070949547808,0.01531332316923657
2.56,schechter,-4,67892492438373.06,0.06789249243837306,150,10,0.06666666666666667,0.007387502229068921,367536605270465.56,26.185536301302058,0.1113446108677235,768.1197834026912,10399555.724859066,17.788647722117023,0.008760911646617419
2.57,schechter,-4,69116221710726.76,0.06911622171072676,94,10,0.10638297872340426,0.007286152768196885,567455698450958.2,73.1499505615229,0.11085859433477233,767.9947824835301,10329010.815461004,17.58799627386494,0.013632854014665694
2.5799999999999996,schechter,-4,70357656123476.516,0.07035765612347651,142,10,0.07042253521126761,0.007186190063541931,584176476403067.5,42.915698318854545,0.11037113215680884,767.8597698191134,10259122.985599501,17.389121566056843,0.008800107930402845
2.59,schechter,-4,71616989612337.75,0.07161698961233776,113,10,0.08849557522123894,0.007087564476741082,564164169843479.8,50.74912041907584,0.10988233559745512,767.7148856059196,10189884.547240347,17.192027710553333,0.010783150874731515
2.5999999999999996,schechter,-4,72894417563436.08,0.07289441756343608,106,10,0.09433962264150944,0.006990275179707073,424775810319410.7,28.29101100855967,0.109392313653616,767.5602683148882,10121287.9192909,16.996717996450652,0.011208654334629201
2.61,schechter,-4,74190136819159.22,0.07419013681915922,88,10,0.11363636363636363,0.006894292969396587,525153125745305.8,45.70864279629633,0.108901173065055,767.396054711233,10053325.625898778,16.803194916387064,0.013164335065391797
2.6199999999999997,schechter,-4,75504345684011.0,0.075504345684011,72,10,0.1388888888888889,0.0067995912713639806,490171703310900.3,34.397809297606685,0.1084090183254463,767.2223798759201,9985990.294780755,16.611460192516976,0.015687658295784536
2.63,schechter,-4,76837243930470.17,0.07683724393047017,125,10,0.08,0.006706173350715772,412834691715280.1,23.867197588247297,0.10791595169482557,767.0393772210001,9919274.6555814,16.421514801969863,0.008810041995468391
2.6399999999999997,schechter,-4,78189032804850.72,0.07818903280485072,156,10,0.0641025641025641,0.006613999042386465,378893141296944.25,19.860765792654224,0.10742207321336858,766.8471785129207,9853171.53826193,16.23335900209391,0.00688252698042082
2.65,schechter,-4,79559915033167.19,0.07955991503316719,129,10,0.07751937984496124,0.006523050819257414,353754774466125.75,29.712110252092252,0.10692748071642302,766.645913888558,9787673.871516135,16.046992355136332,0.008114367955720118
2.6599999999999997,schechter,-4,80950094827001.97,0.08095009482700197,106,10,0.09433962264150944,0.006433323789459933,340928885525120.9,16.339522679305556,0.10643226985072582,766.4357118745775,9722774.681209411,15.862413752577654,0.009627173938935304
2.67,schechter,-4,82359777889376.44,0.08235977788937644,102,10,0.09803921568627451,0.006344791716266895,504137842326731.3,41.40029369998625,0.10593653409173551,766.2166994076632,9658467.088857314,15.679621439083116,0.009753326688323075
2.6799999999999997,schechter,-4,83789171420624.89,0.08378917142062489,190,10,0.05263157894736842,0.006257433440592708,422957698402298.3,31.43745500759535,0.10544036476201399,765.9890018508911,9594744.310116976,15.498613035924299,0.0051042915523051985
2.69,schechter,-4,85238484124272.69,0.08523848412427269,97,10,0.10309278350515463,0.006171232498832557,647321549699718.2,34.831831636490314,0.1049438510505919,765.7527430132586,9531599.653310519,15.319385564043262,0.009746339180924752
2.6999999999999997,schechter,-4,86707926212915.69,0.08670792621291569,93,10,0.10752688172043011,0.006086176190860382,651630504669163.1,37.37753357148138,0.10444708003325524,765.5080451679866,9469026.51798176,15.141935466664718,0.009909299690404213
2.71,schechter,-4,88197709414105.52,0.08819770941410551,88,10,0.11363636363636363,0.006002251076902998,853241249400750.2,49.595993207157974,0.10395013669369071,765.2550290690427,9407018.393461363,14.966258631403448,0.010208095680403425
2.7199999999999998,schechter,-4,89708046976234.92,0.08970804697623493,132,10,0.07575757575757576,0.005919433753605041,807333185149711.5,29.26874257572648,0.10345310394543139,764.993813971183,9345568.857473286,14.792350412022417,0.006633510479096889
2.73,schechter,-4,91239153674429.03,0.09123915367442903,128,10,0.078125,0.00583770860412236,603797589605327.2,16.52561664856541,0.10295606265454338,764.7245176453785,9284671.574754989,14.620205649633844,0.006667851587102018
2.7399999999999998,schechter,-4,92791245816438.25,0.09279124581643824,142,10,0.07042253521126761,0.005757060209989229,754284592238087.4,34.22539672162495,0.10245909166299956,764.4472563982704,9224320.295706078,14.449818693536216,0.005858343397332105
2.75,schechter,-4,94364541248534.52,0.09436454124853452,168,10,0.05952380952380952,0.005677473349982254,400732724190714.4,21.474050242655128,0.10196226781268383,764.1621450880132,9164508.855059594,14.281183421527858,0.004826252278686475
2.76,schechter,-4,95959259361410.58,0.09595925936141057,90,10,0.1111111111111111,0.005598932998953865,354913299355161.9,17.99101929150357,0.10146566596997589,763.8692971422548,9105231.170576822,14.114293259810474,0.008780553587696107
2.77,schechter,-4,97575621096083.38,0.09757562109608338,143,10,0.06993006993006994,0.005521424326634272,410557213616567.25,19.373217745252184,0.10096935905086413,763.5688245748877,9046481.241760328,13.94914120240997,0.005385952976968032
2.78,schechter,-4,99213848949798.78,0.09921384894979877,119,10,0.08403361344537816,0.0054449326964089995,487758256831352.3,19.126196071780942,0.1004734180465394,763.2608380024399,8988253.148596747,13.785719830151393,0.006307757701405482
2.79,schechter,-4,100874166981940.9,0.1008741669819409,101,10,0.09900990099009901,0.005369443664065221,524185786520222.4,27.21424895627477,0.09997791204942123,762.9454466622448,8930541.050315544,13.624021329206697,0.0072429123767523106
2.8,schechter,-4,102556800819943.55,0.10255680081994355,151,10,0.06622516556291391,0.005294942976517114,745172301584463.4,30.27951725399198,0.09948290827957305,762.6227584265259,8873339.184167327,13.464037509117496,0.004721278863871832
2.81,schechter,-4,104261977665205.67,0.10426197766520567,120,10,0.08333333333333333,0.005221416570503679,919263766670177.8,34.04854306437015,0.09898847211146117,762.2928798212464,8816641.86423281,13.30575982047234,0.0057895762341463606
2.82,schechter,-4,105989926299008.34,0.10598992629900834,198,10,0.050505050505050504,0.005148850571263686,746621987947093.9,15.868799506345463,0.09849466710101733,761.955916040913,8760443.480241075,13.149179372050614,0.0034193515010823975
2.8299999999999996,schechter,-4,107740877088436.78,0.10774087708843678,171,10,0.05847953216374269,0.005077231291191309,807158900716181.8,25.721621536076924,0.09800155501296365,761.6119709637197,8704738.496411402,12.994286947538804,0.003858187151857474
2.84,schechter,-4,109515061992303.3,0.10951506199230329,105,10,0.09523809523809523,0.005006545228466774,777587024872501.8,30.062562476564104,0.09750919584836228,761.2611471699435,8649521.450322606,12.841073021877582,0.006122801225340441
2.8499999999999996,schechter,-4,111312714567074.86,0.11131271456707485,174,10,0.05747126436781609,0.004936779065667474,787721527065559.5,33.225715225082055,0.097017647872353,760.9035459552168,8594786.951786837,12.689527777065456,0.0036003100622426813
2.86,schechter,-4,113134069972802.86,0.11313406997280286,195,10,0.05128205128205128,0.004867919668364418,838554445207232.8,43.55770337611533,0.09652696764204288,760.5392673471463,8540529.681758447,12.53964111761592,0.0031303572118294206
2.8699999999999997,schechter,-4,114979364979055.7,0.1149793649790557,123,10,0.08130081300813008,0.004799954083696156,579063743472414.2,24.120736687308394,0.09603721003451575,760.1684101204751,8486744.391249523,12.391402685548181,0.00483562308318866
2.88,schechter,-4,116848837970855.69,0.11684883797085568,261,10,0.038314176245210725,0.004732869538928264,499377370843063.8,21.692302649790893,0.0955484282749277,759.7910718122462,8433425.9002663,12.244801874963262,0.0022204233641465636
2.8899999999999997,schechter,-4,118742728954616.05,0.11874272895461604,215,10,0.046511627906976744,0.004666662212557848,701594060126464.4,16.471195776594712,0.09506067396466021,759.4073487369651,8380569.09677265,12.09982784622003,0.0026263167157400107
2.9,schechter,-4,120661279564085.1,0.1206612795640851,174,10,0.05747126436781609,0.004601312114922762,940448187726732.0,30.107976246130796,0.09457399710949974,759.0173360009877,8328168.935656688,11.956469539669676,0.00316180736463144
2.9099999999999997,schechter,-4,122604733066288.58,0.12260473306628858,177,10,0.05649717514124294,0.0045368065120833245,489999314872907.3,18.595701502297793,0.0940884461478178,758.6211275175692,8276220.437724468,11.814715689013198,0.0030283095523349207
2.92,schechter,-4,124573334367479.36,0.12457333436747936,112,10,0.08928571428571429,0.004473133307932309,525108729844558.9,20.784389434281735,0.09360406797872392,758.2188160219329,8224718.688710108,11.674554834261563,0.0046626642932515675
2.9299999999999997,schechter,-4,126567330019086.19,0.12656733001908618,174,10,0.05747126436781609,0.004410284608536874,1031108240485904.4,44.781818458558966,0.09312090799016796,757.8104930843342,8173658.8382961275,11.535975334265554,0.002923961750642092
2.94,schechter,-4,128586968223668.36,0.12858696822366836,125,10,0.08,0.004348253730630858,528893993746512.6,22.374717566628085,0.09263901008696694,757.3962491252049,8123036.099160874,11.398965378909626,0.003965247498734062
2.9499999999999997,schechter,-4,130632498840871.73,0.13063249884087175,119,10,0.08403361344537816,0.004287020589153534,672464296667804.9,21.465340624773326,0.09215841671873516,756.9761734297481,8072845.746031287,11.263513000904043,0.004057723709333961
2.96,schechter,-4,132704173393387.78,0.13270417339338778,132,10,0.07575757575757576,0.004226573744555928,621340103086151.0,20.10310317344402,0.09167916890769558,756.5503541601337,8023083.114753859,11.129606087173805,0.0035636440057044425
2.9699999999999998,schechter,-4,134802245072915.36,0.13480224507291536,56,10,0.17857142857142858,0.0041669148629657204,528834745103288.1,15.366136984701996,0.0912013062763538,756.1188783713222,7973743.601392691,10.99723238995415,0.00818295198164071
2.98,schechter,-4,136926968746126.83,0.13692696874612684,118,10,0.0847457627118644,0.004108022796030397,860237006096963.6,23.822344851958512,0.09072486707501438,755.6818320221631,7924822.661321773,10.866379537429204,0.003782994478820119
2.9899999999999998,schechter,-4,139078600960633.9,0.1390786009606339,117,10,0.08547008547008547,0.004049884192682485,520722312696953.3,15.725272120066814,0.09024988820912404,755.2392999920136,7876315.808353685,10.737035044131053,0.003716559700983268
3.0,schechter,-4,141257399950960.53,0.14125739995096054,146,10,0.0684931506849315,0.003992504302721911,480649713889376.8,20.27152844150378,0.0897764052664229,754.7913660904935,7828218.613865179,10.609186320870823,0.002901179591401041
3.01,schechter,-4,143463625644514.2,0.14346362564451418,162,10,0.06172839506172839,0.00393585809086916,893007113848202.8,41.824195563497646,0.08930445254389056,754.338113074351,7780526.705950752,10.482820684454024,0.0025468453460517873
3.02,schechter,-4,145697539667563.3,0.14569753966756332,86,10,0.11627906976744186,0.0038799406292153726,746151033756639.2,40.071533470005306,0.08883406307447111,753.879622656763,7733235.768582869,10.357925366948349,0.004673039007628307
3.03,schechter,-4,147959405351216.4,0.1479594053512164,178,10,0.056179775280898875,0.0038247469717073157,511438323996461.2,16.22918301378738,0.08836526865356453,753.4159755231232,7686341.540784624,10.234487524718498,0.002199119391412549
3.04,schechter,-4,150249487737403.28,0.1502494877374033,164,10,0.06097560975609756,0.003770255914505971,660579414035729.4,30.746352469836193,0.08789809986527143,752.9472513416665,7639839.815826388,10.112494247087003,0.0023247982466760597
3.05,schechter,-4,152568053584859.5,0.1525680535848595,174,10,0.05747126436781609,0.0037164759499628275,372965128186034.5,12.759164542181114,0.08743258610838046,752.4735287780273,7593726.440420668,9.991932564720265,0.0021341825902547852
3.06,schechter,-4,154915371375114.9,0.1549153713751149,130,10,0.07692307692307693,0.0036633781125198217,590568947074606.2,18.31321846324905,0.08696875562208634,751.9948855051655,7547997.313944066,9.872789457668771,0.002782135446826171
3.07,schechter,-4,157291711318482.12,0.15729171131848213,133,10,0.07518796992481203,0.0036109718837828986,560562196325776.7,22.46717445649849,0.08650663551143015,751.511398218453,7502648.387664568,9.755051863171754,0.0026485126317862544
3.08,schechter,-4,159697345360050.8,0.1596973453600508,189,10,0.05291005291005291,0.0035592307202806373,697529741050022.9,20.732764054326726,0.08604625177245216,751.023142644806,7457675.663981256,9.63870668309492,0.0018151524301717314
3.09,schechter,-4,162132547185682.62,0.16213254718568262,158,10,0.06329113924050633,0.003508163354776106,842418836377741.9,22.303600508531062,0.08558762931704852,750.5301935572428,7413075.195680463,9.52374079116396,0.002114610028097962
3.0999999999999996,schechter,-4,164597592228009.75,0.16459759222800974,146,10,0.0684931506849315,0.003457743130747204,754178746998154.0,18.460947425392497,0.08513079199752545,750.0326247848662,7368843.085202581,9.410141039862422,0.002228619899996345
3.11,schechter,-4,167092757672435.75,0.16709275767243575,182,10,0.054945054945054944,0.003407980647342712,691168896100379.5,15.317166565497397,0.08467576263084305,749.5305092267787,7324975.48391775,9.297894267108797,0.0017410463584255783
3.1199999999999997,schechter,-4,169618322463139.3,0.16961832246313932,139,10,0.07194244604316546,0.003358850457579887,765298243512545.2,31.509138761817336,0.08422256302254322,749.0239188596823,7281468.591418872,9.186987302601016,0.0022199796046850385
3.13,schechter,-4,172174567309081.16,0.17217456730908115,196,10,0.05102040816326531,0.003310355727314751,735610229715752.5,26.510452725733636,0.08377121399035611,748.5129247542521,7238318.654820386,9.07740697400957,0.0015331350084479309
3.1399999999999997,schechter,-4,174761774690012.2,0.1747617746900122,122,10,0.08196721311475409,0.003262483371522129,632616758288395.2,20.07958305690071,0.08332173538748046,747.9975970831143,7195521.968076602,8.969140112829157,0.0023984975799145277
3.15,schechter,-4,177380228862486.9,0.17738022886248692,231,10,0.04329004329004329,0.003215222219976943,732552488005697.9,21.828102161751964,0.08287414612553251,747.4780051315473,7153074.871296239,8.862173560006052,0.001233500318070287
3.1599999999999997,schechter,-4,180030215865876.16,0.18003021586587617,190,10,0.05263157894736842,0.0031685762378713678,586688538804978.0,16.692966904210397,0.08242846419716175,746.9542173118124,7110973.750088734,8.756494171400467,0.0014602957557136131
3.17,schechter,-4,182712023528385.44,0.18271202352838545,206,10,0.04854368932038835,0.0031225248466528743,699280523733755.4,23.692187786779467,0.0819847066983287,746.4263011711705,7069215.034901877,8.652088822921183,0.0013114738992727676
3.1799999999999997,schechter,-4,185425941473074.16,0.18542594147307415,99,10,0.10101010101010101,0.0030770650498350705,851674672840508.6,17.98088350121336,0.0815428898502426,745.8943234028098,7027795.200383879,8.548944415491691,0.002657137179181029
3.19,schechter,-4,188172261123878.22,0.18817226112387822,173,10,0.057803468208092484,0.0030321948844883595,605940341918108.8,17.262086003588735,0.08110302902095701,745.3583498583235,6986710.76474544,8.4470478798059,0.0014805257439407917
3.1999999999999997,schechter,-4,190951275711635.6,0.1909512757116356,151,10,0.06622516556291391,0.002987898190375815,929112720183392.0,33.5343512070783,0.08066513874662186,744.8184455558405,6945958.289138465,8.34638618083272,0.0016515332560190594
3.21,schechter,-4,193763280280112.84,0.19376328028011283,154,10,0.06493506493506493,0.0029441687781111003,592775794135861.1,22.830502022706064,0.08022923275238983,744.2746746924266,6905534.377048772,8.246946322171429,0.0015766494724996937
3.2199999999999998,schechter,-4,196608571692036.1,0.1966085716920361,165,10,0.06060606060606061,0.0029010096641708394,719940789726215.4,22.004359624920237,0.07979532397297763,743.7271006534633,6865435.673682141,8.14871535015564,0.001432697089780532
3.23,schechter,-4,199487448635124.56,0.19948744863512458,200,10,0.05,0.002858403564155121,818187336105891.4,28.587472225256516,0.07936342457287976,743.1757860216841,6825658.865381889,8.051680357789156,0.0011507475916071152
3.2399999999999998,schechter,-4,202400211628124.03,0.20240021162812402,167,10,0.059880239520958084,0.0028163440399436857,784000897756942.8,25.26658918031027,0.07893354596623703,742.6207925898799,6786200.679036681,7.955828488513496,0.0013416976135592314
3.25,schechter,-4,205347163026847.6,0.2053471630268476,147,10,0.06802721088435375,0.002774825527305902,648169314053097.6,14.991691941374802,0.07850569883635809,742.062181367403,6747057.881511198,7.861146939743956,0.0014838987212451838
3.26,schechter,-4,208328607030214.12,0.20832860703021414,203,10,0.04926108374384237,0.002733848047259513,628709066439030.6,14.870066718977679,0.07807989315489611,741.5000125932119,6708227.279078383,7.767622966293292,0.0010460837871058652
3.27,schechter,-4,211344849686292.38,0.21134484968629239,153,10,0.06535947712418301,0.0026933975365615037,542097815647221.2,18.54391390784414,0.0776561382006801,740.9343457425265,6669705.71686476,7.675243883562674,0.001351142677679507
3.28,schechter,-4,214396198898346.78,0.21439619889834677,188,10,0.05319148936170213,0.0026534678156644453,1284762809322128.5,16.06986076946938,0.07723444257820353,740.3652395391555,6631490.078299773,7.583997070623609,0.0010704197947336799
3.29,schechter,-4,217482964430885.88,0.21748296443088588,81,10,0.12345679012345678,0.0026140527649683998,1315719297006680.5,23.335862605130636,0.07681481423577075,739.792751962264,6593577.284582875,7.493869973093577,0.00241844092882456
3.3,schechter,-4,220605457915711.06,0.22060545791571107,156,10,0.0641025641025641,0.002575146324603206,904392914635283.0,19.038588940850467,0.07639726048330328,739.2169402576802,6555964.294144623,7.404850105888864,0.0012223443932318824
3.31,schechter,-4,223763992857974.75,0.22376399285797474,170,10,0.058823529411764705,0.002536746040662563,622047084494242.4,16.582192810550247,0.0759817880098082,738.6378609453818,6518648.1021335395,7.316925055809632,0.001091834156773517
3.32,schechter,-4,226958884642229.94,0.22695888464222994,95,10,0.10526315789473684,0.0024988434077126698,752264356037537.1,21.257874996718332,0.07556840290051019,738.0555698312181,6481625.739898744,7.230082484009762,0.001901773047619646
3.33,schechter,-4,230190450538494.16,0.23019045053849416,278,10,0.03597122302158273,0.002461430998779046,1132598517390286.8,20.281885546740718,0.07515711065365033,737.4701220115988,6444894.2744803615,7.144310128257805,0.0006325621012440599
3.34,schechter,-4,233459009708307.0,0.233459009708307,161,10,0.062111801242236024,0.0024245030054594885,738268708654163.2,20.949278785773956,0.07474791619695409,736.8815718866908,6408450.8081216905,7.059595805163411,0.0010631062886303035
3.3499999999999996,schechter,-4,236764883210794.78,0.23676488321079478,131,10,0.07633587786259542,0.002388053677708557,760005434955459.2,13.876852748223204,0.0743408239037712,736.2899731664673,6372292.477769603,6.97592741218176,0.0012716709245869152
3.36,schechter,-4,240108394008736.22,0.2401083940087362,245,10,0.04081632653061224,0.002352077323579227,815060306060577.6,18.880285631110063,0.07393583760889016,735.6953788800489,6336416.454597149,6.89329292954151,0.0006617778769128002
3.3699999999999997,schechter,-4,243489866974630.16,0.24348986697463015,110,10,0.09090909090909091,0.002316568308961542,681883444425219.2,18.6505202646307,0.07353296062403111,735.0978413849286,6300819.9435306,6.811680422046804,0.0014345202724079461
3.38,schechter,-4,246909628896768.22,0.2469096288967682,133,10,0.07518796992481203,0.002281521057313607,631530318917608.8,14.722283535596393,0.07313219575301971,734.497412373552,6265500.18277916,6.731078040732732,0.0011546688938611235
3.3899999999999997,schechter,-4,250368008485304.78,0.25036800848530477,241,10,0.04149377593360996,0.0022469300493879185,894655859280526.9,19.15536303608753,0.07273354530664589,733.894142883602,6230454.443376221,6.651474024447617,0.0006201409484752922
3.4,schechter,-4,253865336378336.22,0.2538653363783362,126,10,0.07936507936507936,0.002212789822953254,686969055486460.1,15.912008488207467,0.07233701111721073,733.2880833055233,6195680.028727723,6.572856701300691,0.0011543135251085924
3.4099999999999997,schechter,-4,257401945147976.3,0.2574019451479763,161,10,0.062111801242236024,0.002179094972511675,952569672431723.4,23.126178179534506,0.07194259455276497,732.6792833893293,6161174.274165404,6.495214489996822,0.0008791111329526122
3.42,schechter,-4,260978169306438.94,0.2609781693064389,142,10,0.07042253521126761,0.002145840149009759,1023772462122282.2,15.119973455444221,0.07155029653104333,732.0677922551512,6126934.5465087,6.4185359011058765,0.0009699402841164452
3.4299999999999997,schechter,-4,264594345312119.28,0.2645943453121193,193,10,0.05181347150259067,0.0021130200595458337,604253572838091.0,16.69156792954816,0.07116011753309788,731.4536583988344,6092958.2436328735,6.3428095381898215,0.0006944292118172921
3.44,schechter,-4,268250811575680.72,0.2682508115756807,175,10,0.05714285714285714,0.0020806294670752123,1048021290435853.2,18.008681748224284,0.07077205761663512,730.8369297002575,6059242.794044905,6.268024098862155,0.000745224893738866
3.4499999999999997,schechter,-4,271947908466141.1,0.2719479084661411,235,10,0.0425531914893617,0.002048663190107214,1032061798473929.2,17.597298858811616,0.07038611642905952,730.2176534321047,6025785.656462501,6.194168375757149,0.0005399899891378664
3.46,schechter,-4,275685978316965.3,0.2756859783169653,157,10,0.06369426751592357,0.0020171161024018502,925496831536186.4,17.817864249840184,0.07000229322022894,729.5958762658023,5992584.319403749,6.12123125739254,0.0007864480341281539
3.4699999999999998,schechter,-4,279465365432153.97,0.27946536543215394,250,10,0.04,0.0019859831326617394,678691295187731.9,15.806336075799232,0.06962058685492503,728.9716442818793,5959636.300782556,6.0492017289858495,0.0004805445039933652
3.48,schechter,-4,283286416092343.3,0.2832864160923433,189,10,0.05291005291005291,0.0019552592642194666,837238130871015.8,14.891306480433991,0.06924099582504298,728.3450029726524,5926939.147505195,5.978068873120845,0.0006184483886937333
3.4899999999999998,schechter,-4,287149478560898.5,0.2871494785608985,124,10,0.08064516129032258,0.001924939534722836,1320663784262861.8,22.53273388603839,0.06886351826150523,727.7159972541742,5894490.435082389,5.907821870424434,0.0009171128937484035
3.5,schechter,-4,291054903090015.4,0.29105490309001536,126,10,0.07936507936507936,0.001895019035817458,1069781608140248.4,17.5803474213948,0.06848815194590231,727.0846714709983,5862287.767236518,5.83845000009831,0.0008780931658614869
3.51,schechter,-4,295003041926822.0,0.295003041926822,245,10,0.04081632653061224,0.0018654929128247844,900085561493029.0,18.407454125509066,0.06811489432186627,726.4510694040815,5830328.775524363,5.76994264041569,0.0004393382491061629
3.52,schechter,-4,298994249319483.7,0.2989942493194837,112,10,0.08928571428571429,0.0018363571618016383,1021327163840551.6,19.42568686950654,0.06774374250617998,725.8152342774017,5798611.1189587405,5.7022892691324225,0.000934949976610353
3.53,schechter,-4,303028881523308.4,0.30302888152330837,133,10,0.07518796992481203,0.0018076098363438708,789140955386484.6,18.83639379866195,0.0673746932996273,725.1772087653303,5767132.483642135,5.635479463845152,0.0007659209106286
3.54,schechter,-4,307107296806857.94,0.30710729680685794,198,10,0.050505050505050504,0.001779242928022673,983003968169328.0,15.74833738656142,0.06700774319758737,724.5370349998935,5735890.582397208,5.569502902277141,0.0005004797298726442
3.55,schechter,-4,311229855458056.94,0.3112298554580569,189,10,0.05291005291005291,0.001751251782253993,1011887673678582.0,17.446114270018825,0.06664288840037871,723.8947545750818,5704883.154414197,5.504349362492645,0.0005100265413340674
3.56,schechter,-4,315396919790308.25,0.31539691979030826,124,10,0.08064516129032258,0.001723631796640701,1147242648513332.0,22.590110945067615,0.06628012482335588,723.2504085578163,5674107.964892094,5.44000872309371,0.0007561751620263787
3.57,schechter,-4,319608854148609.1,0.3196088541486091,200,10,0.05,0.0016963784206370791,1068680452577816.2,23.861313534323823,0.06591944810676449,722.6040374904821,5643562.804696245,5.376470963307924,0.00045602646606687064
3.58,schechter,-4,323866024915668.2,0.3238660249156682,330,10,0.030303030303030304,0.0016694903607835654,1402829853799806.2,22.31302224519669,0.06556085362535716,721.9556813998516,5613245.49001041,5.313726163062101,0.0002688246851235036
3.59,schechter,-4,328168800518028.25,0.32816880051802827,212,10,0.04716981132075472,0.001642962984930163,1109921590810955.8,22.203145917406054,0.0652043364977763,721.3053798029464,5583153.862002588,5.2517645029905635,0.00040700257943319105
3.5999999999999996,schechter,-4,332517551432187.1,0.33251755143218714,281,10,0.03558718861209965,0.001616789095299942,1049154605586511.0,17.686737426514007,0.06484989159570673,720.6531717130102,5553285.786493722,5.190576264394236,0.0002986500748254559
3.61,schechter,-4,336912650190723.94,0.3369126501907239,143,10,0.06993006993006994,0.0015909643348975822,1220207677166370.0,14.696038010669469,0.06449751355280299,719.9990956456741,5523639.15362708,5.130151829151354,0.0005707614400552028
3.6199999999999997,schechter,-4,341354471388426.6,0.3413544713884266,220,10,0.045454545454545456,0.0015654866872439888,1672338555354015.5,16.4654779231773,0.06414719677339552,719.3431896266684,5494211.877547617,5.070481679600151,0.0003608077985149353
3.63,schechter,-4,345843391688421.9,0.3458433916884219,292,10,0.03424657534246575,0.0015403546409537006,1096336810309246.6,16.508099024164373,0.06379893544097907,718.6854911954924,5465001.896084231,5.011556398349011,0.00026436897796568875
3.6399999999999997,schechter,-4,350379789828305.75,0.35037978982830575,178,10,0.056179775280898875,0.0015155591326058149,991275965357074.6,19.150019039886235,0.06345272352648877,718.0260374137315,5436007.170438018,4.9533666680811725,0.00042174831971660996
3.65,schechter,-4,354964046626280.94,0.35496404662628095,146,10,0.0684931506849315,0.0014910959944012259,1112520151390674.2,18.658342468507012,0.0631085547963669,717.3648648694822,5407225.684871397,4.895903271290456,0.0005000179285477436
3.6599999999999997,schechter,-4,359596544987289.0,0.359596544987289,236,10,0.0423728813559322,0.0014669675785723424,1120834859788400.2,17.614229076484985,0.06276642282042497,716.7020096844983,5378655.446409031,4.839157090006548,0.000300800277909241
3.67,schechter,-4,364277669909153.75,0.3642776699091537,120,10,0.08333333333333333,0.0014431651363970843,1180013110521756.5,17.33840398173256,0.062426320979504686,716.0375075192205,5350294.484533614,4.783119105462497,0.0005752358946865237
3.6799999999999997,schechter,-4,369007808488719.6,0.3690078084887196,231,10,0.04329004329004329,0.001419682994089344,997654129168354.4,18.743973655249853,0.06208824247294238,715.3713935771996,5322140.850894996,4.727780397734068,0.00029056058140484894
3.69,schechter,-4,373787349927994.0,0.373787349927994,113,10,0.08849557522123894,0.0013965233517763131,1024141307563104.4,22.324478057727386,0.06175218032584041,714.703702615004,5294192.619019311,4.673132145380597,0.0005775343510584553
3.6999999999999997,schechter,-4,378616685540295.94,0.3786166855402959,236,10,0.0423728813559322,0.0013736788428959645,1201430123423736.5,18.99813665220594,0.061418127396149415,714.0344689424089,5266447.884021641,4.619165624991188,0.0002688665292746911
3.71,schechter,-4,383496208756400.75,0.3834962087564007,162,10,0.06172839506172839,0.0013511429398445074,1116746764150307.6,15.436368041375312,0.06108607638156587,713.3637264321892,5238904.762326913,4.565872210770433,0.00038081148159350016
3.7199999999999998,schechter,-4,388426315130691.25,0.38842631513069126,92,10,0.10869565217391304,0.00132892029282905,819662013162329.0,12.721466418004198,0.06075601982624775,712.6915085232584,5211561.39139034,4.513243374049797,0.000651928337635981
3.73,schechter,-4,393407402347309.3,0.3934074023473093,121,10,0.08264462809917356,0.0013069996227723646,861000740233515.2,15.664483745291815,0.06042795012735299,712.0178482265294,5184415.929424091,4.461270682794086,0.0004818908346691967
3.7399999999999998,schechter,-4,398439870226310.5,0.3984398702263105,280,10,0.03571428571428571,0.001285379447375945,886083000303869.6,14.09797220995954,0.060101859541404255,711.3427781314559,5157466.555130386,4.40994580109052,0.0002024447748844143
3.75,schechter,-4,403524120729820.1,0.40352412072982013,332,10,0.030120481927710843,0.0012640595870502258,1112069300384381.6,18.123485946270026,0.05977774019048319,710.6663304092091,5130711.467432381,4.359260488589184,0.00016597484979067497
3.76,schechter,-4,408660557968192.7,0.4086605579681927,321,10,0.03115264797507788,0.0012430296847092404,1357126397524099.5,20.967207220869483,0.059455584068258405,709.9885368192942,5104148.885215932,4.309206599950372,0.00016686827792159777
3.77,schechter,-4,413849588206170.94,0.41384958820617096,133,10,0.07518796992481203,0.001222295662805406,743754696245525.1,12.706302714673745,0.05913538304585055,709.309428714467,5077777.047071797,4.259776084258589,0.0003914816415271781
3.78,schechter,-4,419091619869050.4,0.41909161986905036,152,10,0.06578947368421052,0.0012018452358423248,1133691139891508.0,16.182662682922462,0.05881712887753789,708.6290370458377,5051594.211037625,4.21096098441601,0.00033295548667357157
3.79,schechter,-4,424387063548844.5,0.4243870635488445,177,10,0.05649717514124294,0.0011816811380960246,1012412694174670.2,16.394274601472663,0.05850081320630583,707.9473923673331,5025598.654353037,4.162753436522794,0.00027791227223070017
3.8,schechter,-4,429736332010448.2,0.4297363320104482,243,10,0.0411522633744856,0.0011617964371307687,1208513513008390.5,20.429562884205218,0.058186427569244414,707.2645248408774,4999788.673212268,4.115145669240468,0.00019674738999167444
3.81,schechter,-4,435139840197814.0,0.435139840197814,175,10,0.05714285714285714,0.0011421897562922112,1042036775422530.0,15.827293302766652,0.05787396340279591,706.5804642407774,4974162.582516595,4.068130003132406,0.00026551865239101915
3.82,schechter,-4,440598005240116.75,0.4405980052401168,201,10,0.04975124378109453,0.0011228572908470458,1226235799311701.2,17.929366877177248,0.0575634120478575,705.8952399614753,4948718.7156405095,4.0216988500181365,0.00022466636195691764
3.83,schechter,-4,446111246457931.6,0.4461112464579316,215,10,0.046511627906976744,0.0011037957133502863,967224281548371.2,16.717772150040638,0.057254764754740534,705.2088810163,4923455.424194368,3.975844712256859,0.0002041172255970011
3.84,schechter,-4,451679985369407.7,0.4516799853694077,262,10,0.03816793893129771,0.001085002249766709,1308402745361549.0,19.25192426886445,0.056948012687991136,704.5214160493406,4898371.077789676,3.930560182093676,0.00016277353589370548
3.8499999999999996,schechter,-4,457304645696446.56,0.4573046456964466,386,10,0.025906735751295335,0.0010664736549882425,1384178308819337.0,20.150940650013464,0.056643146931074334,703.8328733333665,4873464.063811505,3.8858379409180626,0.00010736123812287234
3.86,schechter,-4,462985653370882.1,0.4629856533708821,222,10,0.04504504504504504,0.0010482062143002402,1545832203126229.8,21.854654767198873,0.056340158490925135,703.1432807797725,4848732.787193777,3.841670758579679,0.00018139023254228547
3.8699999999999997,schechter,-4,468723436540662.8,0.4687234365406628,155,10,0.06451612903225806,0.0010301986737721869,1066580700154783.8,19.3693870526117,0.05603903830236975,702.4526659394859,4824175.670194775,3.79805149264154,0.00025243532971856703
3.88,schechter,-4,474518425576035.5,0.4745184255760355,180,10,0.05555555555555555,0.0010124445295428552,1607735670273396.5,18.590513563184302,0.05573977723241955,701.761056010189,4799791.152178878,3.754973087661939,0.00021120566451022078
3.8899999999999997,schechter,-4,480371053075730.8,0.4803710530757308,392,10,0.025510204081632654,0.0009949463061151853,1595315564372634.0,17.81507602543531,0.05544236608444147,701.0684778374532,4775577.689400512,3.7124285744345698,9.422620145025864e-05
3.9,schechter,-4,486281753873154.1,0.48628175387315414,260,10,0.038461538461538464,0.0009776938578105465,1278745344478429.2,17.5523786893815,0.0551467956022065,700.3749579214699,4751533.754790982,3.670411069251686,0.000138020706078739
3.9099999999999997,schechter,-4,492250965042571.4,0.4922509650425714,230,10,0.043478260869565216,0.0009606925291989477,1138738535178558.0,17.795855382677527,0.0548530564738208,699.6805224224197,4727657.837746424,3.628913773151531,0.00015157697178147132
3.92,schechter,-4,498279125905307.0,0.498279125905307,209,10,0.04784688995215311,0.000943932438167594,1386196006956059.5,16.11674069607586,0.054561139335540465,698.9851971600187,4703948.4439248545,3.587929971134456,0.000162046099790791
3.9299999999999997,schechter,-4,504366678035933.75,0.5043666780359337,318,10,0.031446540880503145,0.0009274137578203501,1623012056087896.8,14.688241643336886,0.054271034775474035,698.2890076234255,4680404.095037893,3.547453031421678,0.00010345775932584814
3.94,schechter,-4,510514065268472.8,0.5105140652684728,260,10,0.038461538461538464,0.0009111347473501619,1182174245797084.0,15.342829338239374,0.05398273333717482,697.5919789714302,4657023.328652699,3.5074764046645366,0.00012291475491541066
3.9499999999999997,schechter,-4,516721733702589.9,0.5167217337025899,146,10,0.0684931506849315,0.0008950882959664064,1430389665175033.8,17.8507957857973,0.053696225523125696,696.8941360380126,4633804.697992794,3.4679936231747557,0.0002126137330540997
3.96,schechter,-4,522990131709796.56,0.5229901317097966,364,10,0.027472527472527472,0.0008792778229181897,1939875763392809.2,19.991324053597975,0.05341150179811911,696.195503335292,4610746.771740449,3.428998300137202,8.28308285751322e-05
3.9699999999999998,schechter,-4,529319709939652.8,0.5293197099396528,186,10,0.053763440860215055,0.0008636961449403069,1506238768751794.5,21.175425388244975,0.05312855259253501,695.4961050595392,4587848.13384705,3.3904841288390983,0.00015743806836342067
3.98,schechter,-4,535710921325973.44,0.5357109213259734,261,10,0.038314176245210725,0.0008483393843363718,1332421728526615.2,17.073023019110785,0.05284736830551836,694.7959650936721,4565107.3833417045,3.3524448818760044,0.00010896593973610383
3.9899999999999998,schechter,-4,542164221093030.5,0.5421642210930305,207,10,0.04830917874396135,0.0008332114070231933,1629970484685667.5,20.827022083722643,0.05256793930805998,694.0951070098648,4542523.13414405,3.314874410358288,0.00013342952519612594
4.0,schechter,-4,548680066761768.06,0.5486800667617681,232,10,0.04310344827586207,0.0008183034937504496,1789747914494836.2,19.411226331346036,0.05229025594598198,693.3935540764675,4520094.014880405,3.2777666431375647,0.00011561240930078244
4.01,schechter,-4,555258918156007.75,0.5552589181560077,273,10,0.03663003663003663,0.0008036130173203482,1165243753779981.5,11.733154013576124,0.052014308542830644,692.6913292600099,4497818.66870036,3.2411155860069276,9.540669141227237e-05
4.02,schechter,-4,561901237408664.44,0.5619012374086645,158,10,0.06329113924050633,0.0007891425416584052,2083445347912806.0,24.159532061644605,0.051740087402679,691.9884552268281,4475695.7530969195,3.204915320900358,0.00016007183684400457
4.03,schechter,-4,568607488967960.1,0.5686074889679601,252,10,0.03968253968253968,0.000774885365800948,1380822272623894.5,15.02268388981474,0.05146758281284127,691.2849543522146,4453723.939732424,3.169160005129654,9.744982975621531e-05
4.04,schechter,-4,575378139603638.8,0.5753781396036387,129,10,0.07751937984496124,0.0007608383073320901,1707715395511428.8,17.0521580849686,0.05119678504650158,690.5808487181874,4431901.9142613495,3.1338438705646374,0.00018483321441267012
4.05,schechter,-4,582213658413190.4,0.5822136584131904,242,10,0.04132231404958678,0.000747001049297813,1063364447451018.0,16.801583918346942,0.05092768436525858,689.8761601209017,4410228.376158676,3.0989612228614516,9.565815228143545e-05
4.06,schechter,-4,589114516828064.9,0.5891145168280649,257,10,0.038910505836575876,0.0007333721220397216,1421292586247896.0,18.197270328495915,0.05066027102158882,689.1709100721237,4388702.038552683,3.0645064406660607,8.744838877025926e-05
4.07,schechter,-4,596081188619900.5,0.5960811886199004,124,10,0.08064516129032258,0.000719946153612594,1514912883994278.0,12.93166665502389,0.05039453526123035,688.4651198047902,4367321.6280537555,3.0304739748333906,0.0001759498453068039
4.08,schechter,-4,603114149906743.1,0.6031141499067432,276,10,0.036231884057971016,0.0007067208780383583,1570440164872610.8,20.06168424875232,0.05013046732548883,687.7588102739154,4346085.884590511,2.9968583476311292,7.673704213023388e-05
4.09,schechter,-4,610213879159279.9,0.6102138791592798,226,10,0.04424778761061947,0.0006936959003540633,1681206423804964.8,17.552351632154405,0.049868057453468215,687.0520021615444,4324993.5612532655,2.9636541519673028,9.09679086410184e-05
4.1,schechter,-4,617380857207060.2,0.6173808572070603,232,10,0.04310344827586207,0.0006808692300220853,1511491096296540.5,15.323327377963983,0.04960729588422757,686.3447158797401,4304043.424121051,2.9308560505986776,8.60142113136505e-05
4.109999999999999,schechter,-4,624615567244732.8,0.6246155672447328,113,10,0.08849557522123894,0.0006682363024833604,1432237694996876.5,16.998531680463664,0.04934817285886632,685.6369715753109,4283234.252119073,2.898458775368843,0.0001714031305268075
4.12,schechter,-4,631918494838272.8,0.6319184948382728,284,10,0.035211267605633804,0.0006557949137884211,1798146712194819.2,18.18158244550107,0.04909067862253967,684.9287891301875,4262564.836847282,2.8664571264095176,6.619042267929349e-05
4.13,schechter,-4,639290127931218.1,0.6392901279312181,287,10,0.03484320557491289,0.0006435428741977667,1555195117299059.2,15.361074145329624,0.04883480342640599,684.2201881661503,4242033.982438276,2.8348459713824843,6.35660252380294e-05
4.14,schechter,-4,646730956850909.1,0.6467309568509091,264,10,0.03787878787878788,0.0006314802945547315,1451499699371984.5,14.707122902812035,0.04858053752950762,683.5111880497823,4221640.505400525,2.803620244714188,6.706177795271683e-05
4.1499999999999995,schechter,-4,654241474314721.5,0.6542414743147215,288,10,0.034722222222222224,0.0006196034140060203,1987782633088536.8,19.814244093073818,0.04832787120058748,682.8018078924698,4201383.234468503,2.7727749468168827,5.965350080965631e-05
4.16,schechter,-4,661822175436310.8,0.6618221754363107,135,10,0.07407407407407407,0.0006079091888200328,1836914553099495.2,13.32675221644443,0.04807679471984265,682.0920665553174,4181261.010457904,2.7423051433363193,0.00012348685149500633
4.17,schechter,-4,669473557731850.1,0.6694735577318501,216,10,0.046296296296296294,0.0005963954915549907,1334018794280871.0,14.586124968912944,0.04782729838061681,681.3819826523621,4161272.6861168793,2.712205964392441,7.488645413575034e-05
4.18,schechter,-4,677196121126278.8,0.6771961211262788,240,10,0.041666666666666664,0.0005850602090951007,1735577201096735.8,18.22127537236841,0.0475793724910331,680.6715745530319,4141417.125983926,2.682472603824551,6.539199927022795e-05
4.1899999999999995,schechter,-4,684990367959546.1,0.6849903679595462,241,10,0.04149377593360996,0.0005739012426781986,1705357434930557.5,18.392078290498738,0.04733300737556878,679.9608603845265,4121693.2062488887,2.653100318441599,6.317915226985719e-05
4.2,schechter,-4,692856802992859.2,0.6928568029928592,125,10,0.08,0.0005629175130141828,1629496495320241.0,16.46835445757268,0.04708819337657378,679.2498580364323,4102099.814607074,2.6240844272802746,0.00011817144637950868
4.21,schechter,-4,700795933414931.5,0.7007959334149315,235,10,0.0425531914893617,0.0005521068736982215,1817409769000748.5,21.13274346462483,0.04684492085573398,678.5385851623091,4082635.850129579,2.5954203108652716,6.097656994743367e-05
4.22,schechter,-4,708808268848237.2,0.7088082688482372,83,10,0.12048192771084337,0.0005414661609409732,2103755191506877.2,19.464290268752983,0.046603180195481396,677.827059183585,4063300.22312007,2.5671034104737243,0.00016746983474791408
4.2299999999999995,schechter,-4,716894321355263.5,0.7168943213552635,349,10,0.02865329512893983,0.0005309933385396759,1618022792472567.5,15.829272839146332,0.0463629618003518,677.1152972904268,4044091.8549862206,2.5391292274014408,3.86321119037696e-05
4.24,schechter,-4,725054605444764.2,0.7250546054447643,115,10,0.08695652173913043,0.0005206863847383447,1584930603115448.5,15.61579820313629,0.046124256098292224,676.4033164474115,4025009.6781047075,2.511493322247456,0.00011371307637004542
4.25,schechter,-4,733289638078019.6,0.7332896380780196,228,10,0.043859649122807015,0.000510543292252863,1893012105082918.0,16.063266165201192,0.04588705354191895,675.6911333943198,4006052.635690871,2.484191314187284,5.5626632111015006e-05
4.26,schechter,-4,741599938675093.0,0.741599938675093,309,10,0.032362459546925564,0.0005005620682956291,1597424640498660.5,15.971247437381825,0.04565134460972769,674.9787646491997,3987219.681670151,2.4572188802604056,3.9805519901560465e-05
4.27,schechter,-4,749986029121096.0,0.749986029121096,390,10,0.02564102564102564,0.0004907407345992043,1379990823240110.5,14.243106198455706,0.04541711980725716,674.2662265113536,3968509.7805564064,2.430571754666217,3.058411713797375e-05
4.28,schechter,-4,758448433772447.8,0.7584484337724477,258,10,0.03875968992248062,0.0004810773274381841,1674797324852783.5,14.634285405344551,0.0451843696682072,673.5535350644008,3949921.907314913,2.40424572805541,4.483054687432433e-05
4.29,schechter,-4,766987679463138.0,0.766987679463138,146,10,0.0684931506849315,0.000471569897653068,1284338785286904.2,13.352794223892428,0.04495308475551311,672.8407061772983,3931455.0472522303,2.378236646835404,7.681539809198268e-05
4.3,schechter,-4,775604295510997.2,0.7756042955109973,378,10,0.026455026455026454,0.0004622165106702436,2026125248816180.0,13.833327478985051,0.04472325566237682,672.1277555098621,3913108.1958865277,2.3525404124847014,2.8766746578555934e-05
4.31,schechter,-4,784298813723965.9,0.7842988137239659,357,10,0.028011204481792718,0.0004530152465221926,2138026965399023.5,17.013666241497845,0.044494873013256726,671.4146985123131,3894880.358826569,2.327152980856293,2.9530414042506135e-05
4.32,schechter,-4,793071768406360.9,0.7930717684063608,200,10,0.05,0.00044396419986914015,1948614821170779.5,16.82668655433096,0.044267927464816684,670.7015504284906,3876770.551660913,2.302070361505428,5.110184130441098e-05
4.33,schechter,-4,801923696365149.0,0.801923696365149,243,10,0.0411522633744856,0.0004350614800162633,2081380866524793.5,16.502375739747805,0.04404240970683595,669.9883263014119,3858777.7998315697,2.2772886170210453,4.07720393475459e-05
4.34,schechter,-4,810855136916221.5,0.8108551369162215,284,10,0.035211267605633804,0.00042630521093223184,1771984511854587.5,13.49531040994531,0.04381831046308065,669.2750409704731,3840901.138524533,2.2528038623438014,3.381626851145848e-05
4.35,schechter,-4,819866631890669.4,0.8198666318906693,372,10,0.026881720430107527,0.0004176935312674157,1917861053311492.5,14.268728448288604,0.043595620492138186,668.5617090789746,3823139.612554538,2.2286122641213675,2.5023573291040983e-05
4.36,schechter,-4,828958725641062.6,0.8289587256410627,278,10,0.03597122302158273,0.0004092245943689843,1466795897224820.5,12.167048550437064,0.04337433058821551,667.8483450724189,3805492.276251821,2.204710040038828,3.245401337539987e-05
4.37,schechter,-4,838131965047723.6,0.8381319650477236,328,10,0.03048780487804878,0.00040089656829689346,1856923276664170.0,15.627845957742405,0.0431544315819022,667.1349632042962,3787958.1933524255,2.1810934581818384,2.665831958902143e-05
4.38,schechter,-4,847386899525017.2,0.8473868995250172,272,10,0.03676470588235294,0.00039270763583920676,1622833838525572.0,16.977338451689153,0.042935914340899516,666.4215775361605,3770536.4368874063,2.157758836385454,3.115324894662093e-05
4.39,schechter,-4,856724081027626.4,0.8567240810276264,243,10,0.0411522633744856,0.0003846559945250849,2253666633142795.0,15.363051606162534,0.04271876977071631,665.708201941183,3753226.089076467,2.1347025416026293,3.3791198730674314e-05
4.3999999999999995,schechter,-4,866144064056839.9,0.8661440640568399,284,10,0.035211267605633804,0.0003767398566369984,2088212699464220.5,13.942465740843849,0.0425029888153329,664.9948501052115,3736026.2412209357,2.111920989269705,2.8015662349511848e-05
4.41,schechter,-4,875647405666838.0,0.875647405666838,325,10,0.03076923076923077,0.0003689574492232728,2060823038889735.5,15.282114841806493,0.04228856245783335,664.2815355310433,3718935.9935974055,2.0894106426882026,2.3720111418652255e-05
4.42,schechter,-4,885234665470981.4,0.8852346654709814,292,10,0.03424657534246575,0.00036130701410841404,1667583363990183.5,14.509161146160091,0.042075481721007855,663.5682715380844,3701954.455356704,2.067168012400522,2.5578161034960877e-05
4.43,schechter,-4,894906405648100.9,0.8949064056481009,141,10,0.07092198581560284,0.00035378680790254524,2415202271003750.0,17.92330605647614,0.041863737667925324,662.8550712659802,3685080.744418201,2.045189655581352,5.131639147542074e-05
4.4399999999999995,schechter,-4,904663190948791.0,0.904663190948791,312,10,0.03205128205128205,0.00034639510201073254,1787868130738726.0,15.562611940997082,0.041653321402477496,662.1419476790763,3668313.9873721073,2.0234721754415097,2.246541187910066e-05
4.45,schechter,-4,914505588701699.0,0.914505588701699,302,10,0.033112582781456956,0.00033913018263920236,1859176285897648.5,18.671359760865673,0.041444224069895445,661.4289135631302,3651653.319377335,2.002012220611128,2.2481548676217453e-05
4.46,schechter,-4,924434168819825.4,0.9244341688198254,244,10,0.040983606557377046,0.0003319903508021138,2439162645761920.5,13.59677769690787,0.041236436857238865,660.7159815319272,3635097.884063798,1.9808064845616482,2.6951173757406694e-05
4.47,schechter,-4,934449503806818.2,0.9344495038068182,315,10,0.031746031746031744,0.00032497392232710975,1373652940459977.0,12.652741583627314,0.04102995099385941,660.0031640289452,3618646.833436934,1.9598517050192306,2.0219069706653112e-05
4.4799999999999995,schechter,-4,944552168763273.1,0.9445521687632731,282,10,0.03546099290780142,0.00031807922785875853,1940334731121576.0,17.412742549316683,0.04082475775183858,659.2904733265599,3602299.327779113,1.9391446633750358,2.1872398483431334e-05
4.49,schechter,-4,954742741393033.1,0.9547427413930332,229,10,0.043668122270742356,0.0003113046128603303,2088701445568613.2,16.62932702219875,0.04062084844640118,658.5779215318681,3586054.5355572705,1.9186821841243764,2.6082734258989166e-05
4.5,schechter,-4,965021802009491.6,0.9650218020094916,477,10,0.020964360587002098,0.0003046490158740145,1794132033922334.0,15.106059589968902,0.04041821443630461,657.8655205856295,3569911.633328093,1.89846113428975,1.212503807623559e-05
4.51,schechter,-4,975389933541895.0,0.975389933541895,375,10,0.02666666666666667,0.00029811117550127,2222422360304470.8,17.339841324199732,0.04021684712420523,657.1532822663496,3553869.805647869,1.878478422867307,1.4933210954526524e-05
4.52,schechter,-4,985847721541651.4,0.9858477215416513,604,10,0.016556291390728478,0.00029168859330030994,1780543354236877.5,13.472046258120383,0.04001673795700224,656.4412181909609,3537928.2449801154,1.858731000267853,8.976334946884239e-06
4.53,schechter,-4,996395754188637.6,0.9963957541886376,289,10,0.03460207612456748,0.0002853796705464262,1909214247207944.8,16.00369268822125,0.03981787842615967,655.7293398171291,3522086.15160432,1.8392158577689317,1.8161758323662993e-05
4.54,schechter,-4,1007034622297505.5,1.0070346222975055,348,10,0.028735632183908046,0.00027918282337857647,2070694529918048.0,15.548801538390709,0.03962026006800758,655.0176584464679,3506342.7335315645,1.8199300269786878,1.4600379404694222e-05
4.55,schechter,-4,1017764919323995.5,1.0177649193239955,286,10,0.03496503496503497,0.00027309648279350007,1883707559825024.8,12.763202001897271,0.0394238744640223,654.306185223517,3490697.2064130404,1.8008705792897821,1.7196203537424216e-05
4.56,schechter,-4,1028587241371250.8,1.0285872413712507,357,10,0.028011204481792718,0.0002671190946396118,1733044461491564.0,12.89761602028681,0.03922871324108732,653.5949311408096,3475148.7934561176,1.7820346253600086,1.3333766827523959e-05
4.57,schechter,-4,1039502187196127.0,1.039502187196127,278,10,0.03597122302158273,0.00026125070488935975,1687398650294176.0,11.813280878480764,0.03903476807173469,652.8839070389485,3459696.7253384124,1.7634193145835044,1.6571746005411946e-05
4.58,schechter,-4,1050510358215514.2,1.0505103582155142,394,10,0.025380710659898477,0.0002554885858212508,2134432912618411.5,15.141235743965208,0.03884203067436807,652.1731236084952,3444340.2401227453,1.7450218345732036,1.131556245538864e-05
4.59,schechter,-4,1061612358512650.9,1.061612358512651,414,10,0.024154589371980676,0.00024983087559160566,2080615974929708.0,14.383320131149556,0.0386504928134673,651.4625913922405,3429078.583176759,1.726839410652235,1.0420719854331886e-05
4.6,schechter,-4,1072808794843443.6,1.0728087948434437,260,10,0.038461538461538464,0.0002442760762333407,2279760743865645.5,13.14434854563623,0.038460146299776024,650.7523207873207,3413911.0070874332,1.7088693053478596,1.6055226488691142e-05
4.61,schechter,-4,1084100276642792.9,1.084100276642793,191,10,0.05235602094240838,0.00023882270462649569,2039675642564913.2,15.268940860959034,0.03827098299047199,650.0423220460502,3398836.7715838132,1.6911088178917115,2.1145297471550497e-05
4.62,schechter,-4,1095487416030907.4,1.0954874160309074,247,10,0.04048582995951417,0.00023347097393588978,1847291642180056.8,13.578332818363455,0.038082994789321374,649.3326052782274,3383855.1434541843,1.6735552837267142,1.581888996061661e-05
4.63,schechter,-4,1106970827819637.0,1.106970827819637,267,10,0.03745318352059925,0.00022821829703389973,2223421083997702.0,13.832562913528728,0.03789617364681675,648.6231804526858,3368965.396468138,1.6562060740199214,1.4156424335207015e-05
4.64,schechter,-4,1118551129518797.2,1.1185511295187973,273,10,0.03663003663003663,0.0002230627017612008,2359246937736066.0,14.030183077638986,0.03771051156030021,647.9140573991839,3354166.8113015178,1.6390585951831358,1.3392411669834013e-05
4.6499999999999995,schechter,-4,1130228941342493.5,1.1302289413424935,311,10,0.03215434083601286,0.00021800276133376872,2352039818012877.0,13.489474147646622,0.03752600057407135,647.205245810561,3339458.6754533774,1.6221102883956617,1.1370563410230551e-05
4.66,schechter,-4,1142004886215456.0,1.142004886215456,303,10,0.033003300330033,0.00021303820967899512,2121224103657348.0,15.21182079760328,0.03734263277948092,646.4967552425102,3324840.2831766997,1.6053586291332391,1.1287218753903337e-05
4.67,schechter,-4,1153879589779363.0,1.153879589779363,210,10,0.047619047619047616,0.00020816776961818384,2394107483949481.0,15.326062316231617,0.037160400315010805,645.7885951179267,3310310.935399574,1.5888011267091928,1.574938985304334e-05
4.68,schechter,-4,1165853680399187.0,1.165853680399187,267,10,0.03745318352059925,0.00020338879542924904,2983666248874299.0,15.413690289424204,0.036979295366340204,645.0807747269079,3295869.9396521407,1.5724353238127453,1.1978117093658255e-05
4.6899999999999995,schechter,-4,1177927789169515.8,1.1779277891695157,281,10,0.03558718861209965,0.00019869991671228604,2644095999850319.0,16.342181757699358,0.03679931016639911,644.3733032267536,3281516.609994206,1.556258796053177,1.1004572710267931e-05
4.7,schechter,-4,1190102549920898.0,1.190102549920898,450,10,0.022222222222222223,0.00019410152773657874,2455953082172191.5,12.994558796993013,0.036620436995409095,643.6661896489233,3267250.26694219,1.5402691515257796,6.643746565259505e-06
4.71,schechter,-4,1202378599226175.8,1.2023785992261757,243,10,0.0411522633744856,0.00018959133530715988,2794246559203345.5,17.695613338211242,0.03644266818091213,642.9594428932505,3253070.2373980703,1.5244640303530697,1.1894039964706715e-05
4.72,schechter,-4,1214756576406827.2,1.2147565764068273,349,10,0.02865329512893983,0.00018516720725048064,2313539330777551.5,15.614282688659944,0.03626599609778732,642.2530717361492,3238975.8545814385,1.508841104266461,8.005383766812374e-06
4.7299999999999995,schechter,-4,1227237123539306.2,1.2272371235393063,308,10,0.032467532467532464,0.00018082848137479512,2164348298299615.2,14.40527241891563,0.03609041316825672,641.547084827663,3224966.457955114,1.4933980761632413,8.767821629890895e-06
4.74,schechter,-4,1239820885461390.0,1.23982088546139,601,10,0.016638935108153077,0.00017657520983738184,2278128767937224.0,13.848740304007572,0.03591591186187994,640.8414906958902,3211041.393161196,1.4781326796911232,4.34278848725377e-06
4.75,schechter,-4,1252508509778512.5,1.2525085097785125,428,10,0.02336448598130841,0.00017240408829966025,2084554041769061.2,12.809403772815491,0.035742484695538375,640.136297745358,3197200.011952672,1.4630426788215567,5.893330354806615e-06
4.76,schechter,-4,1265300646870121.8,1.2653006468701218,257,10,0.038910505836575876,0.00016831403170647352,2395537548709113.5,15.68953458169312,0.035570124233408995,639.431514262315,3183441.672123255,1.4481258674433237,9.484042924817901e-06
4.77,schechter,-4,1278197949896027.5,1.2781979498960274,478,10,0.02092050209205021,0.00016430614604179272,2156377291572750.8,14.288006988259372,0.03539882308692853,638.7271484129177,3169765.737445429,1.4333800689484657,4.927053450670325e-06
4.78,schechter,-4,1291201074802740.5,1.2912010748027405,348,10,0.028735632183908046,0.00016037661302437112,2137672224386884.0,12.031652640534686,0.03522857391474806,638.0232082459901,3156171.577604061,1.4188031358316604,6.53858739865053e-06
4.79,schechter,-4,1304310680329831.0,1.304310680329831,294,10,0.034013605442176874,0.00015652448495118154,2230746591306548.8,13.210054224834105,0.0350593694226785,637.3197016954812,3142658.568130008,1.404392949293681,7.476934797866131e-06
4.8,schechter,-4,1317527428016282.5,1.3175274280162825,198,10,0.050505050505050504,0.00015275077782905822,2202708312760098.8,12.34546315123658,0.034891202363627125,636.6166365786886,3129226.0903392765,1.3901474188428349,1.0724550481075788e-05
4.81,schechter,-4,1330851982206843.5,1.3308519822068434,277,10,0.036101083032490974,0.0001490517431692595,2183763436249702.0,13.97339396753215,0.034724065537525745,635.9140206020054,3115873.5312690753,1.3760644819164516,7.404505766893542e-06
4.82,schechter,-4,1344285010058383.8,1.3442850100583839,333,10,0.03003003003003003,0.00014542706037223851,2644136271861464.5,15.107331441744739,0.03455795179125056,635.2118613588407,3102600.2836156418,1.3621421034906283,5.948718375972959e-06
4.83,schechter,-4,1357827181546248.5,1.3578271815462486,497,10,0.02012072434607646,0.00014187665356679702,2750487762068423.0,17.36317074439747,0.03439285401853435,634.5101663315103,3089405.7456736234,1.3483782757042242,3.849162927546949e-06
4.84,schechter,-4,1371479169470623.8,1.3714791694706236,355,10,0.028169014084507043,0.00013839735619858295,2194652774107400.5,14.835219431841637,0.034228765159870625,633.8089428940725,3076289.321274794,1.3347710174891327,5.203627604253197e-06
4.85,schechter,-4,1385241649462890.8,1.3852416494628907,388,10,0.02577319587628866,0.00013498989705762465,2121230361163818.0,13.664800255049983,0.034065678202410896,633.1081983130847,3063250.419728769,1.32131837420156,4.597026580253003e-06
4.86,schechter,-4,1399115299991997.0,1.399115299991997,506,10,0.019762845849802372,0.00013165224241462603,2463575160168782.0,14.699663658675888,0.03390358617985464,632.4079397476783,3050288.455764161,1.3080184172567084,3.4032323666299534e-06
4.87,schechter,-4,1413100802370808.2,1.4131008023708083,259,10,0.03861003861003861,0.0001283825944903283,2496871677296086.5,13.91546464199891,0.033742482172332715,631.7081742517147,3037402.8494712934,1.2948692437730693,6.4184815846067955e-06
4.88,schechter,-4,1427198840762481.5,1.4271988407624816,391,10,0.02557544757033248,0.00012518205940592608,2127408397732322.8,12.282144591697733,0.03358235930628393,631.0089087761673,3024593.026241584,1.2818689762201176,4.104015302603591e-06
4.89,schechter,-4,1441410102186831.8,1.4414101021868317,243,10,0.0411522633744856,0.0001220469393342638,2583708114005085.0,12.161187562190051,0.03342321075432565,630.3101501677983,3011858.4167142524,1.269015762066015,6.373641552555369e-06
4.8999999999999995,schechter,-4,1455735276526698.0,1.455735276526698,575,10,0.017391304347826087,0.00011897817508033093,3113865562911366.0,12.084750977367168,0.03326502973511832,629.611905172372,2999198.4567176998,1.2563077734367496,2.599534021265014e-06
4.91,schechter,-4,1470175056534316.8,1.4701750565343168,273,10,0.03663003663003663,0.00011597354124714965,2827584792203111.0,14.434757571708326,0.033107809513224104,628.9141804364325,2986612.5872155535,1.2437432067785448,5.2835642524613094e-06
4.92,schechter,-4,1484730137837685.5,1.4847301378376856,501,10,0.01996007984031936,0.0001130321170120796,2535565738413165.5,13.727508458272045,0.032951543398960184,628.216982506321,2974100.254251155,1.231320282518441,2.7780187276042184e-06
4.93,schechter,-4,1499401218946949.8,1.4994012189469497,270,10,0.037037037037037035,0.00011015367392885889,2863757071003126.0,14.285735977532411,0.032796224748246505,627.520317830179,2961660.908893382,1.2190372447357178,4.973386339398251e-06
4.9399999999999995,schechter,-4,1514189001260764.0,1.514189001260764,272,10,0.03676470588235294,0.00010733557356712442,2985159384308591.0,13.851795351116849,0.03264184696244863,626.8241927604826,2949294.0071838005,1.206892360839009,4.762591315604262e-06
4.95,schechter,-4,1529094189072677.8,1.5290941890726777,401,10,0.02493765586034913,0.00010457911546724041,2770726752090718.0,14.795996816850522,0.03248840348821557,626.1286135538147,2936999.0100829303,1.1948839212417992,3.116207071558482e-06
4.96,schechter,-4,1544117489577505.5,1.5441174895775056,430,10,0.023255813953488372,0.00010188062048144264,2501981414687851.0,12.305659732139787,0.03233588781731316,625.4335863718868,2924775.38341962,1.183010239045818,2.8029259811601794e-06
4.97,schechter,-4,1559259612877713.0,1.559259612877713,198,10,0.050505050505050504,9.924180596576626e-05,2863543331762887.0,12.434222543953307,0.032184293486452624,624.7391172838072,2912622.597837311,1.1712696497295698,5.870652288487524e-06
4.9799999999999995,schechter,-4,1574521271989796.8,1.5745212719897967,544,10,0.01838235294117647,9.665915452394813e-05,2912755043283790.5,12.394313922031161,0.03203361407711513,624.0452122659678,2900540.12874541,1.1596605108384321,2.0605111123612618e-06
4.99,schechter,-4,1589903182850663.2,1.5899031828506633,638,10,0.01567398119122257,9.413384836753913e-05,2702565255038707.0,13.826481324971464,0.03188384321537219,623.3518772045397,2888527.4562673313,1.1481812016822992,1.694086444163329e-06
