z,luminosity_function,alpha_intrinsic,L_min_Jy_kpc2,L_min_over_L_star,n_generated,n_detected,detection_rate_10_per_n,N_ratio_detectable_L,mean_detected_L,mean_SNR,SFR_psi,comoving_volume_Mpc3,time_Gyr,nfrb_sfr_base,n_total_population_scaled
0.01,std,-2,10000000000.0,1e-05,11,10,0.9090909090909091,1.0,100000000000000.0,23565443.311646726,0.015366633837018974,0.17501870657072174,137678720.05218962,0.007405596207968945,0.006732360189062678
0.02,std,-2,10000000000.0,1e-05,13,10,0.7692307692307693,1.0,100000000000000.0,6221585.341503039,0.015778461234561884,0.6541238775082812,135706863.92550436,0.028012796074722592,0.021548304672863533
0.03,std,-2,10000000000.0,1e-05,13,10,0.7692307692307693,1.0,100000000000000.0,1500457.5609367492,0.016197006898133106,1.4421210060199012,133769703.76805276,0.062491972215122225,0.04807074785778633
0.04,std,-2,10000000000.0,1e-05,12,10,0.8333333333333334,1.0,100000000000000.0,1578049.6866521074,0.0166223021408091,2.5302323046009714,131866423.28089881,0.11092151449656784,0.09243459541380654
0.05,std,-2,10000000000.0,1e-05,10,10,1.0,1.0,100000000000000.0,157758.8975122043,0.01705437728000787,3.9097092341710797,129996236.70924087,0.17335688792202048,0.17335688792202048
0.060000000000000005,std,-2,10000000000.0,1e-05,15,10,0.6666666666666666,1.0,100000000000000.0,663413.0711622785,0.017493261604641853,5.5718405530620885,128158387.20751494,0.24983109985929194,0.1665540665728613
0.06999999999999999,std,-2,10000000000.0,1e-05,13,10,0.7692307692307693,1.0,100000000000000.0,215579.6000201088,0.017938983341287663,7.507960098912622,126352145.30294725,0.3403552062843261,0.2618116971417893
0.08,std,-2,10000000000.0,1e-05,11,10,0.9090909090909091,1.0,100000000000000.0,122198.34588186513,0.018391569619367408,9.70945429256178,124576807.45144194,0.4449188537884523,0.4044716852622294
0.09,std,-2,10000000000.0,1e-05,18,10,0.5555555555555556,1.0,100000000000000.0,123455.46202999486,0.018851046435337065,12.16776935428672,122831694.67989907,0.5634908540967702,0.3130504744982057
0.09999999999999999,std,-2,10000000000.0,1e-05,10,10,1.0,1.0,100000000000000.0,191057.38782394418,0.019317438615878545,14.87441822425398,121116151.30983643,0.6960197878730572,0.6960197878730572
0.11,std,-2,10000000000.0,1e-05,16,10,0.625,1.0,100000000000000.0,86876.44158301954,0.019790769780093035,17.820987180151963,119429543.75708403,0.8424346346096866,0.5265216466310542
0.12,std,-2,10000000000.0,1e-05,17,10,0.5882352941176471,1.0,100000000000000.0,38309.27636734561,0.020271062300694323,20.999142146611728,117771259.40308331,1.0026454254676542,0.589791426745679
0.13,std,-2,10000000000.0,1e-05,10,10,1.0,1.0,100000000000000.0,109901.14152018905,0.02075833726420218,24.400634691812353,116140705.53330435,1.1765439159712736,1.1765439159712736
0.14,std,-2,10000000000.0,1e-05,12,10,0.8333333333333334,1.0,100000000000000.0,68463.92352668202,0.021252614430137,28.017307708377928,114537308.33873443,1.3640042755602682,1.136670229633557
0.15000000000000002,std,-2,10000000000.0,1e-05,10,10,1.0,1.0,100000000000000.0,55782.600150881815,0.021753912189218152,31.84110077643164,112960511.97664525,1.5648837910684645,1.5648837910684645
0.16,std,-2,10000000000.0,1e-05,12,10,0.8333333333333334,1.0,100000000000000.0,70395.4304480842,0.02226224752057046,35.86405520807844,111409777.68701176,1.779023581306439,1.4825196510886993
0.17,std,-2,10000000000.0,1e-05,13,10,0.7692307692307693,1.0,100000000000000.0,65478.10654830585,0.02277763594794393,40.07831877354109,109884582.96125181,2.0062493200247444,1.543268707711342
0.18000000000000002,std,-2,10000000000.0,1e-05,15,10,0.6666666666666666,1.0,100000000000000.0,11262.748818169946,0.023300091494954225,44.4761501099873,108384420.7601139,2.246371964635225,1.4975813097568165
0.19,std,-2,10000000000.0,1e-05,13,10,0.7692307692307693,1.0,100000000000000.0,5023.174533615225,0.023829626639352574,49.04992281546272,106908798.77780546,2.499188488207837,1.9224526832367979
0.2,std,-2,10000000000.0,1e-05,14,10,0.7142857142857143,1.0,100000000000000.0,61608.837303720764,0.024366252266335785,53.79212923103554,105457238.74949963,2.7644826123714643,1.9746304374081889
0.21000000000000002,std,-2,10000000000.0,1e-05,13,10,0.7692307692307693,1.0,100000000000000.0,56627.693766532946,0.02490997762090884,58.69538391467643,104029275.79969656,3.0420255388561555,2.3400196452739657
0.22,std,-2,10000000000.0,1e-05,15,10,0.6666666666666666,1.0,100000000000000.0,11866.95471763647,0.025460810259314456,63.752426812024304,102624457.82893437,3.3315766775855806,2.221051118390387
0.23,std,-2,10000000000.0,1e-05,23,10,0.43478260869565216,1.0,100000000000000.0,13726.519570814562,0.026018755999546127,68.95612612907372,101242344.93655138,3.632884369320333,1.5795149431827535
0.24000000000000002,std,-2,10000000000.0,1e-05,13,10,0.7692307692307693,1.0,100000000000000.0,15108.50334086418,0.02658381887096318,74.29948091307652,99882508.87732875,3.945686601017638,3.0351435392443373
0.25,std,-2,10000000000.0,1e-05,12,10,0.8333333333333334,1.0,100000000000000.0,14468.104181041092,0.027156001063028613,79.77562334800315,98544532.5499974,4.2697117121808645,3.558093093484054
0.26,std,-2,10000000000.0,1e-05,11,10,0.9090909090909091,1.0,100000000000000.0,23807.509773187518,0.02773530287319293,85.37782077209593,97228009.51565525,4.604679090639082,4.186071900580983
0.27,std,-2,10000000000.0,1e-05,17,10,0.5882352941176471,1.0,100000000000000.0,9573.588262675328,0.0283217226539493,91.09947742446387,95932543.54423486,4.950299856272157,2.9119410919247986
0.28,std,-2,10000000000.0,1e-05,11,10,0.9090909090909091,1.0,100000000000000.0,15386.796225418002,0.028915256759088154,96.93413592979066,94657748.18751705,5.306277531431799,4.823888664937999
0.29000000000000004,std,-2,10488700914.254015,1.0488700914254016e-05,10,10,1.0,1.0,100000000000000.0,10582.877065724588,0.029515899489181725,102.87547852861809,93403246.37677355,5.672308696808903,5.672308696808903
0.3,std,-2,11428644161.755413,1.1428644161755413e-05,13,10,0.7692307692307693,1.0,100000000000000.0,1724.1402070699,0.03012364303633178,108.91732806204274,92168670.04385954,6.048083631711092,4.652372024393149
0.31,std,-2,12422783097.808558,1.2422783097808557e-05,17,10,0.5882352941176471,1.0,100000000000000.0,10397.862301368988,0.030738477428216556,115.05364872078525,90953659.76403436,6.433286937854032,3.784286434031783
0.32,std,-2,13472772730.173538,1.3472772730173538e-05,13,10,0.7692307692307693,1.0,100000000000000.0,1441.9089244847246,0.03136039047147566,121.27854656581832,89757864.41943079,6.827598145755356,5.251998573657967
0.33,std,-2,14580283573.38509,1.458028357338509e-05,16,10,0.625,1.0,100000000000000.0,5247.0243937302785,0.031989367694474906,127.58626983227067,88580940.88171776,7.230692303150335,4.51918268946896
0.34,std,-2,15747001350.92465,1.5747001350924652e-05,16,10,0.625,1.0,100000000000000.0,6311.379248333662,0.032625392289495694,133.97120902410467,87422553.71285346,7.642240544734906,4.7764003404593165
0.35000000000000003,std,-2,16974626702.377283,1.6974626702377283e-05,15,10,0.6666666666666666,1.0,100000000000000.0,8552.711938035276,0.03326844505439697,140.42789680998393,86282374.8828454,8.06191064280391,5.374607095202607
0.36000000000000004,std,-2,18264874895.66719,1.826487489566719e-05,12,10,0.8333333333333334,1.0,100000000000000.0,9304.400055177251,0.03391850433380093,146.95100772998208,85160083.50335014,8.489367538396507,7.0744729486637565
0.37,std,-2,19619475544.46228,1.961947554446228e-05,14,10,0.7142857142857143,1.0,100000000000000.0,12763.752091362487,0.03457554595985672,153.5353577218396,84055365.5762477,8.924273852621663,6.374481323301188
0.38,std,-2,21040172330.810078,2.104017233081008e-05,15,10,0.6666666666666666,1.0,100000000000000.0,6300.7162465037745,0.035239543192639965,160.17590347769752,82967913.75619605,9.366290378041793,6.244193585361195
0.39,std,-2,22528722733.062977,2.2528722733062977e-05,15,10,0.6666666666666666,1.0,100000000000000.0,1089.7645444402997,0.03591046666024937,166.86774163908578,81897427.12626469,9.815076549901754,6.543384366601169
0.4,std,-2,24086897759.13353,2.408689775913353e-05,14,10,0.7142857142857143,1.0,100000000000000.0,2607.454853738363,0.03658828429866464,173.6061078411912,80843610.98588744,10.270290897273021,7.33592206948073
0.41000000000000003,std,-2,25716481685.107555,2.5716481685107554e-05,15,10,0.6666666666666666,1.0,100000000000000.0,5495.930604637516,0.03727296129143468,180.38637561364627,79806176.65031886,10.731591474033806,7.154394316022537
0.42000000000000004,std,-2,27419271799.235497,2.7419271799235496e-05,18,10,0.5555555555555556,1.0,100000000000000.0,7152.0468945453085,0.037964460009266905,187.20405514937775,78784841.26087493,11.198636269939799,6.221464594411
0.43,std,-2,29197078151.30671,2.919707815130671e-05,13,10,0.7692307692307693,1.0,100000000000000.0,5382.927512854376,0.038662739949594106,194.05479194828544,77779327.60525452,11.671083601830686,8.977756616792837
0.44,std,-2,31051723307.402264,3.1051723307402266e-05,15,10,0.6666666666666666,1.0,100000000000000.0,5270.007768940586,0.03936775767619714,200.9343653455684,76789363.94735558,12.148592485276232,8.099061656850822
0.45,std,-2,32985042110.01678,3.298504211001678e-05,16,10,0.625,1.0,100000000000000.0,2970.191505392548,0.04007946675896711,207.8386869326862,75814683.86589663,12.630822986903878,7.894264366814924
0.46,std,-2,34998881443.52709,3.4998881443527094e-05,22,10,0.45454545454545453,1.0,100000000000000.0,2917.1963243038326,0.04079781771389325,214.7637988800749,74855026.10136408,13.117436557803728,5.962471162638058
0.47000000000000003,std,-2,37095100004.9728,3.70951000049728e-05,29,10,0.3448275862068966,1.0,100000000000000.0,2902.02487260096,0.04152275794336715,221.7058721687058,73910134.4107027,13.60809634832278,4.692447016663028
0.48000000000000004,std,-2,39275568080.12044,3.927556808012044e-05,17,10,0.5882352941176471,1.0,100000000000000.0,5677.791363361644,0.04225423167689769,228.6612047386975,72979757.42922702,14.102467504682966,8.295569120401746
0.49,std,-2,41542167324.75953,4.1542167324759527e-05,15,10,0.6666666666666666,1.0,100000000000000.0,3236.430140047974,0.042992179912334685,235.62621956305583,72063648.53939462,14.600217447925377,9.733478298616918
0.5,std,-2,43896790551.18361,4.3896790551183606e-05,16,10,0.625,1.0,100000000000000.0,2998.4569805827146,0.04373654035770323,242.59746265261867,71161565.7458431,15.10101613555731,9.438135084723319
0.51,std,-2,46341341519.796936,4.6341341519796935e-05,14,10,0.7142857142857143,1.0,100000000000000.0,2787.4233977219965,0.04448724737375437,249.57160100117446,70273271.55644336,15.604536306559329,11.146097361828092
0.52,std,-2,48877734735.7966,4.88777347357966e-05,15,10,0.6666666666666666,1.0,100000000000000.0,3278.339291252174,0.04524423191734168,256.54542047502525,69398532.8688438,16.110453710100085,10.740302473400057
0.53,std,-2,51507895250.841385,5.150789525084138e-05,21,10,0.47619047619047616,1.0,100000000000000.0,2739.2813299825934,0.04600742148573693,263.5158236557996,68537120.86228469,16.618447318679635,7.913546342228397
0.54,std,-2,54233758469.66486,5.423375846966486e-05,15,10,0.6666666666666666,1.0,100000000000000.0,1344.1433329310482,0.046776740062001616,270.47982764148617,67688810.89416112,17.1281995261458,11.418799684097198
0.55,std,-2,57057269961.53074,5.7057269961530736e-05,16,10,0.625,1.0,100000000000000.0,3283.5869803151572,0.04755210806153499,277.4345618119414,66853382.401291125,17.63939633124143,11.024622707025893
0.56,std,-2,59980385276.479805,5.9980385276479806e-05,14,10,0.7142857142857143,1.0,100000000000000.0,3611.2886833729835,0.04833344227992233,284.3772655642496,66030618.80524841,18.151727507164384,12.96551964797456
0.5700000000000001,std,-2,63005069766.26453,6.300506976626453e-05,21,10,0.47619047619047616,1.0,100000000000000.0,1557.7632668639228,0.049120655842211244,291.30528602426364,65220307.42184981,18.66488675787939,8.888041313275899
0.5800000000000001,std,-2,66133298409.90238,6.613329840990238e-05,13,10,0.7692307692307693,1.0,100000000000000.0,3569.3388214656798,0.04991365815374634,298.2160757374737,64422239.37422575,19.178571861567946,14.752747585821497
0.59,std,-2,69367055643.75851,6.936705564375851e-05,17,10,0.5882352941176471,1.0,100000000000000.0,3693.5941578221705,0.050712354852696435,305.10719034785797,63636209.50946025,19.692484802111203,11.583814589477178
0.6,std,-2,72708335196.071,7.2708335196071e-05,19,10,0.5263157894736842,1.0,100000000000000.0,887.4602723344303,0.051516647764411366,311.9762862629747,62862016.318445235,20.206331888755464,10.634911520397612
0.61,std,-2,76159139925.82526,7.615913992582525e-05,17,10,0.5882352941176471,1.0,100000000000000.0,2342.5702339342165,0.05232643485774771,318.82111831842934,62099461.8588071,20.719823865131097,12.188131685371234
0.62,std,-2,79721481665.90149,7.972148166590149e-05,19,10,0.5263157894736842,1.0,100000000000000.0,2405.7885722303936,0.05314161020350689,325.6395374354957,61348351.680681646,21.232676007533744,11.175092635544075
0.63,std,-2,83397381070.38365,8.339738107038365e-05,15,10,0.6666666666666666,1.0,100000000000000.0,1979.7666857969302,0.05396206393512963,332.42948828550965,60608494.75515795,21.744608213672162,14.49640547578144
0.64,std,-2,87188867465.95699,8.718886746595698e-05,17,10,0.5882352941176471,1.0,100000000000000.0,1244.1037246307465,0.054787682211795266,339.1890069576593,59879703.405252725,22.255345082006684,13.091379460003932
0.65,std,-2,91097978707.29369,9.109797870729369e-05,14,10,0.7142857142857143,1.0,100000000000000.0,2078.9327151839257,0.055618347184074164,345.91621863659213,59161793.23922499,22.76461598241742,16.260439987441014
0.66,std,-2,95126761036.33728,9.512676103633729e-05,17,10,0.5882352941176471,1.0,100000000000000.0,2160.5791487790366,0.056453936962285574,352.6093352936762,58454583.086089864,23.272155118791332,13.689503011053725
0.67,std,-2,99277268945.38257,9.927726894538257e-05,19,10,0.5263157894736842,1.0,100000000000000.0,1206.7963007258318,0.05729432558771266,359.26665339055626,57757894.933217816,23.777701583782097,12.514579780937945
0.68,std,-2,103551565043.88457,0.00010355156504388456,18,10,0.5555555555555556,1.0,100000000000000.0,2677.459142471465,0.05813938300682973,365.8865516050769,57071553.86587637,24.280999406735052,13.489444114852807
0.6900000000000001,std,-2,107951719928.87436,0.00010795171992887437,23,10,0.43478260869565216,1.0,100000000000000.0,843.5145545011643,0.05898897504869533,372.4674885729316,56395388.00860588,24.781797594675087,10.774694606380473
0.7000000000000001,std,-2,112479812058.91481,0.00011247981205891481,24,10,0.4166666666666667,1.0,100000000000000.0,2947.0630647741127,0.059842963405668255,379.00800065610787,55729228.46830064,25.27985016740938,10.533270903087242
0.7100000000000001,std,-2,117137927631.48935,0.00011713792763148935,14,10,0.7142857142857143,1.0,100000000000000.0,1886.8851661491449,0.06070120561760056,385.5066997334361,55072909.27894104,25.774916186778817,18.410654419127727
0.72,std,-2,121928160463.7467,0.0001219281604637467,22,10,0.45454545454545453,1.0,100000000000000.0,1236.4444477173286,0.061563555059664696,391.9622710202717,54426267.3478233,26.26675978081776,11.939436264008073
0.73,std,-2,126852611876.50653,0.00012685261187650652,18,10,0.5555555555555556,1.0,100000000000000.0,1202.8769895522528,0.062429860933968816,398.37347091386044,53789142.40325106,26.75515016292567,14.863972312736484
0.74,std,-2,131913390581.4327,0.0001319133905814327,16,10,0.625,1.0,100000000000000.0,1565.7593943831623,0.06329996826511489,404.73912487170253,53161376.94359302,27.239861646837426,17.02491352927339
0.75,std,-2,137112612571.30849,0.00013711261257130848,21,10,0.47619047619047616,1.0,100000000000000.0,705.9609065969005,0.06417371789985252,411.05812531974686,52542816.187593825,27.72067365745704,13.200320789265257
0.76,std,-2,142452401013.29672,0.00014245240101329673,25,10,0.4,1.0,100000000000000.0,626.0395485008517,0.06505094651097904,417.3294295935845,51933308.025967404,28.197370738102443,11.278948295240978
0.77,std,-2,147934886145.1338,0.0001479348861451338,16,10,0.625,1.0,100000000000000.0,1381.8957803978356,0.06593148660563516,423.5520579145394,51332702.97407133,28.669742554496917,17.918589096560574
0.78,std,-2,153562205174.15207,0.00015356220517415207,18,10,0.5555555555555556,1.0,100000000000000.0,373.7165893673767,0.06681516653814157,429.725091399308,50740854.125752576,29.137583895760457,16.18754660875581
0.79,std,-2,159336502179.05862,0.0001593365021790586,20,10,0.5,1.0,100000000000000.0,1180.162332866502,0.0677018105275198,435.8476701057938,50157617.108157024,29.600694672753534,14.800347336376767
0.8,std,-2,165259928014.39133,0.00016525992801439134,18,10,0.5555555555555556,1.0,100000000000000.0,1499.8800730588491,0.06859123867983588,441.9189911167272,49582850.03763585,30.05887991422926,16.699377730127367
0.81,std,-2,171334640217.57172,0.00017133464021757173,25,10,0.4,1.0,100000000000000.0,775.5475370919233,0.06948326701550157,447.93830665853676,49016413.47646635,30.51194976072097,12.204779904288388
0.8200000000000001,std,-2,177562802918.4792,0.00017756280291847919,16,10,0.625,1.0,100000000000000.0,1083.8862703510438,0.0703777075016633,453.9049222587348,48458170.39061373,30.95971945676597,19.34982466047873
0.8300000000000001,std,-2,183946586751.4711,0.0001839465867514711,14,10,0.7142857142857143,1.0,100000000000000.0,1347.7049001468158,0.0712743680898028,459.81819494171924,47907986.10823188,31.402009341513633,22.430006672509737
0.8400000000000001,std,-2,190488168769.77628,0.00019048816876977628,27,10,0.37037037037037035,1.0,100000000000000.0,1170.3756706376155,0.07217305275866856,465.67753146251414,47365728.279101126,31.83864483802734,11.792090680750865
0.85,std,-2,197189732362.1926,0.0001971897323621926,13,10,0.7692307692307693,1.0,100000000000000.0,1151.8668404721075,0.0730735615626498,471.4823865785806,46831266.83476413,32.269456441347046,24.82265880103619
0.86,std,-2,204053467172.01205,0.00020405346717201206,15,10,0.6666666666666666,1.0,100000000000000.0,610.6369545582972,0.07397569068569808,477.23226136199196,46304473.94949488,32.69427970575,21.796186470499997
0.87,std,-2,211081569018.11206,0.00021108156901811207,20,10,0.5,1.0,100000000000000.0,476.20368890910703,0.07487923250089422,482.9267015481168,45785224.0019454,33.112955231025,16.5564776155125
0.88,std,-2,218276239818.14386,0.00021827623981814385,26,10,0.38461538461538464,1.0,100000000000000.0,712.191250364535,0.07578397563574907,488.56529592590795,45273393.53755888,33.52532864833801,12.894357172437697
0.89,std,-2,225639687513.75253,0.00022563968751375252,22,10,0.45454545454545453,1.0,100000000000000.0,1315.729908484088,0.07668970504331966,494.1476747635967,44768861.231587745,33.93125060530616,15.423295729684618
0.9,std,-2,233174125997.76328,0.00023317412599776328,23,10,0.43478260869565216,1.0,100000000000000.0,995.7058194627323,0.07759620207921059,499.6735082764951,44271507.85283817,34.33057675096777,14.926337717812075
0.91,std,-2,240881775043.2814,0.0002408817750432814,21,10,0.47619047619047616,1.0,100000000000000.0,1198.1736186738763,0.07850324458452297,505.14250512997614,43781216.22801512,34.72316772021278,16.534841771529894
0.92,std,-2,248764860234.63147,0.00024876486023463147,20,10,0.5,1.0,100000000000000.0,875.2983550714567,0.07941060697480082,510.55441098294745,43297871.206686266,35.10888911816679,17.554444559083397
0.93,std,-2,256825612900.09253,0.0002568256129000925,20,10,0.5,1.0,100000000000000.0,1626.0057018967245,0.08031806033501555,515.9090070683948,42821359.6268634,35.487611504398906,17.743805752199453
0.9400000000000001,std,-2,265066270046.36176,0.00026506627004636174,24,10,0.4166666666666667,1.0,100000000000000.0,432.6031468325543,0.08122537252061583,521.2061088104884,42351570.28113079,35.859210376954486,14.94133765706437
0.9500000000000001,std,-2,273489074294.69305,0.00027348907429469303,27,10,0.37037037037037035,1.0,100000000000000.0,432.3291625682906,0.08213230826466011,526.4455644802096,41888393.88338472,36.22356615648136,13.416135613511614
0.9600000000000001,std,-2,282096273818.6687,0.0002820962738186687,24,10,0.4166666666666667,1.0,100000000000000.0,771.0657472232601,0.0830386292910345,531.6272538870755,41431723.03608367,36.58056417027018,15.241901737612576
0.97,std,-2,290890122283.53033,0.00029089012228353034,21,10,0.47619047619047616,1.0,100000000000000.0,474.11203302680576,0.08394409443374791,536.7510871072374,40981452.198053606,36.93009463632303,17.585759350630013
0.98,std,-2,299872878787.04004,0.00029987287878704006,16,10,0.625,1.0,100000000000000.0,849.7718725979912,0.08484845976228053,541.8170032465187,40537477.652815565,37.2720526473726,23.295032904607872
0.99,std,-2,309046807801.81036,0.00030904680780181036,33,10,0.30303030303030304,1.0,100000000000000.0,1028.817700912828,0.08575147871295036,546.8249692409239,40099697.47744613,37.60633815507517,11.395860046992476
1.0,std,-2,318414179119.05975,0.00031841417911905974,18,10,0.5555555555555556,1.0,100000000000000.0,756.8255083193004,0.08665290222624604,551.7749786877922,39668011.51188104,37.93285595385352,21.073808863251955
1.01,std,-2,327977267793.7443,0.00032797726779374434,14,10,0.7142857142857143,1.0,100000000000000.0,233.9275555509771,0.08755247889006164,556.6670507169035,39242321.32879002,38.251515665167844,27.322511189405603
1.02,std,-2,337738354091.0295,0.00033773835409102947,15,10,0.6666666666666666,1.0,100000000000000.0,507.19038034662873,0.08844995508875261,561.5012288890208,38822530.203856505,38.56223172120996,25.70815448080664
1.03,std,-2,347699723434.042,0.000347699723434042,20,10,0.5,1.0,100000000000000.0,202.39197580316065,0.08934507515791797,566.2775801318917,38408543.086599246,38.86492334884223,19.432461674421116
1.04,std,-2,357863666352.8871,0.0003578636663528871,28,10,0.35714285714285715,1.0,100000000000000.0,634.5659721685718,0.09023758154479809,570.9961937068547,38000266.571585506,39.15951455315905,13.985540911842518
1.05,std,-2,368232478434.85486,0.00036823247843485485,16,10,0.625,1.0,100000000000000.0,487.1524901690931,0.09112721497416236,575.6571802071594,37597608.87017283,39.445934100870225,24.65370881304389
1.06,std,-2,378808460275.8105,0.0003788084602758105,25,10,0.4,1.0,100000000000000.0,743.6266920154071,0.09201371461954395,580.2606705875231,37200479.78263619,39.72411550331093,15.889646201324371
1.07,std,-2,389593917432.70874,0.0003895939174327087,18,10,0.5555555555555556,1.0,100000000000000.0,213.16007597293247,0.09289681827966537,584.8068152247762,36808790.67077036,39.993996999133486,22.218887221740825
1.08,std,-2,400591160377.2031,0.0004005911603772031,27,10,0.37037037037037035,1.0,100000000000000.0,270.30963933258715,0.09377626255988103,589.2957830077694,36422454.43092041,40.25552153647782,14.909452420917711
1.09,std,-2,411802504450.31604,0.00041180250445031606,28,10,0.35714285714285715,1.0,100000000000000.0,298.59672131665815,0.09465178305844799,593.7277604567504,36041385.46742419,40.50863675458084,14.467370269493157
1.1,std,-2,423230269818.13055,0.00042323026981813054,23,10,0.43478260869565216,1.0,100000000000000.0,307.6042919726116,0.09552311455742028,598.1029508707859,35665499.66649557,40.75329496471893,17.718823897703885
1.11,std,-2,434876781428.47766,0.00043487678142847765,29,10,0.3448275862068966,1.0,100000000000000.0,348.8370220490986,0.09638999121794681,602.4215735047288,35294714.37049736,40.98945313048574,14.13429418292612
1.12,std,-2,446744368968.5727,0.0004467443689685727,29,10,0.3448275862068966,1.0,100000000000000.0,484.1570227358396,0.09725214677973788,606.6838627705213,34928948.352648705,41.217072847053366,14.21278374036323
1.1300000000000001,std,-2,458835366823.5898,0.0004588353668235898,19,10,0.5263157894736842,1.0,100000000000000.0,409.4428238427573,0.09810931476444977,610.8900674687998,34568121.792101,41.43612031969847,21.808484378788666
1.1400000000000001,std,-2,471152114036.1323,0.00047115211403613233,29,10,0.3448275862068966,1.0,100000000000000.0,256.90655502254424,0.09896122868272254,615.0404500432821,34212156.24944995,41.64656634110809,14.360884945209687
1.1500000000000001,std,-2,483696954266.56683,0.00048369695426656685,24,10,0.4166666666666667,1.0,100000000000000.0,346.97032444710646,0.09980762224459194,619.1352858624833,33860974.64260373,41.8483862676282,17.436827611511752
1.1600000000000001,std,-2,496472235754.19403,0.000496472235754194,24,10,0.4166666666666667,1.0,100000000000000.0,460.2829249877018,0.10064822957298275,623.1748625254497,33514501.22304822,42.04155999422326,17.517316664259695
1.17,std,-2,509480311279.2539,0.0005094803112792539,18,10,0.5555555555555556,1.0,100000000000000.0,541.1147475606898,0.10148278541997709,627.1594791912094,33172661.552509196,42.22607192807444,23.458928848930245
1.18,std,-2,522723538125.6907,0.0005227235381256907,22,10,0.45454545454545453,1.0,100000000000000.0,419.7809476979143,0.1023110253855389,631.0894459323556,32835382.47995832,42.4019109607243,19.27359589123832
1.19,std,-2,536204278044.7015,0.0005362042780447015,24,10,0.4166666666666667,1.0,100000000000000.0,314.08517757054574,0.10313268613836393,634.9650831114843,32502592.119014297,42.569070438692336,17.737112682788474
1.2,std,-2,549924897219.0066,0.0005499248972190066,18,10,0.5555555555555556,1.0,100000000000000.0,267.52639329191555,0.1039475056385125,638.7867207790293,32174219.82570734,42.72754813237308,23.73752674020727
1.21,std,-2,563887766227.8488,0.0005638877662278488,22,10,0.45454545454545453,1.0,100000000000000.0,347.8444199870645,0.1047552233614732,642.5546980936736,31850196.176586464,42.87734620321932,19.489702819645142
1.22,std,-2,578095260012.6732,0.0005780952600126732,26,10,0.38461538461538464,1.0,100000000000000.0,254.1256023459955,0.10555558052329424,646.2693627626184,31530452.947203357,43.01847116902508,16.545565834240413
1.23,std,-2,592549757843.4822,0.0005925497578434821,20,10,0.5,1.0,100000000000000.0,316.4624288207952,0.10634832030641155,649.9310705045108,31214923.090939093,43.150933867407915,21.575466933703957
1.24,std,-2,607253643285.8324,0.0006072536432858324,26,10,0.38461538461538464,1.0,100000000000000.0,516.1735550553932,0.10713318808579403,653.5401845291294,30903540.718176357,43.2747494170594,16.644134391176692
1.25,std,-2,622209304168.4683,0.0006222093041684683,32,10,0.3125,1.0,100000000000000.0,278.52009961554177,0.1079099316550206,657.0970750387177,30596241.075822484,43.38993717706179,13.55935536783181
1.26,std,-2,637419132551.5603,0.0006374191325515603,25,10,0.4,1.0,100000000000000.0,401.3050734297505,0.10867830145189603,660.6021187475214,30292960.52715669,43.49652070397197,17.39860828158879
1.27,std,-2,652885524695.5259,0.0006528855246955259,25,10,0.4,1.0,100000000000000.0,323.78596072930304,0.10943805078320944,664.0556984192583,29993636.532022804,43.59452770665784,17.43781108266314
1.28,std,-2,668610881030.4373,0.0006686108810304372,25,10,0.4,1.0,100000000000000.0,479.1515951301818,0.11018893604823399,667.4582024216548,29698207.62734887,43.683989998783446,17.47359599951338
1.29,std,-2,684597606125.9592,0.0006845976061259592,26,10,0.38461538461538464,1.0,100000000000000.0,443.45635698334235,0.11093071696056572,670.8100242991387,29406613.407992665,43.76494344899713,16.83267055730659
1.3,std,-2,700848108661.8512,0.0007008481086618512,34,10,0.29411764705882354,1.0,100000000000000.0,186.59654706242807,0.11166315676789583,674.1115623619073,29118794.50790167,43.83742792867824,12.8933611554936
1.31,std,-2,717364801398.9594,0.0007173648013989593,37,10,0.2702702702702703,1.0,100000000000000.0,450.2235406924976,0.11238602246931209,677.3632192911978,28834692.581594545,43.90148725723836,11.865266826280639
1.32,std,-2,734150101150.7384,0.0007341501011507384,17,10,0.5882352941176471,1.0,100000000000000.0,458.8016087284965,0.11309908502972522,680.5654017583895,28554250.285959702,43.957169144820135,25.857158320482434
1.33,std,-2,751206428755.2467,0.0007512064287552467,18,10,0.5555555555555556,1.0,100000000000000.0,320.4286536403082,0.11380211959101888,683.718520062721,28277411.26235228,44.00452513268651,24.44695840704806
1.34,std,-2,768536209047.6189,0.0007685362090476188,21,10,0.47619047619047616,1.0,100000000000000.0,192.22554019504395,0.11449490567952506,686.8229877798824,28004120.11900111,44.043610530832446,20.973147871824974
1.35,std,-2,786141870833.0002,0.0007861418708330003,26,10,0.38461538461538464,1.0,100000000000000.0,202.763747275577,0.11517722740943068,689.8792214277767,27734322.413720313,44.074484353243825,16.951724751247625
1.36,std,-2,804025846859.9235,0.0008040258468599234,31,10,0.3225806451612903,1.0,100000000000000.0,356.90466181750287,0.11584887368172872,692.8876401438399,27467964.636896268,44.097209250427554,14.22490620981534
1.37,std,-2,822190573794.1262,0.0008221905737941262,36,10,0.2777777777777778,1.0,100000000000000.0,136.05464179236134,0.11650963837833293,695.8486653774614,27204994.194798715,44.11185143955684,12.253292066543567
1.3800000000000001,std,-2,840638492192.7704,0.0008406384921927704,30,10,0.3333333333333333,1.0,100000000000000.0,132.76933687483594,0.1171593205509839,698.7627205934303,26945359.393152125,44.118480631917876,14.706160210639291
1.3900000000000001,std,-2,859372046479.0938,0.0008593720464790938,32,10,0.3125,1.0,100000000000000.0,244.581305130166,0.11779772460458442,701.6302309895406,26689009.4209975,44.11716995795986,13.786615611862455
1.4000000000000001,std,-2,878393684917.4369,0.0008783936849174369,21,10,0.47619047619047616,1.0,100000000000000.0,322.914042935466,0.11842466047461185,704.4516232248942,26435894.334847275,44.107995889796065,21.003807566569552
1.4100000000000001,std,-2,897705859588.6624,0.0008977058595886623,18,10,0.5555555555555556,1.0,100000000000000.0,259.14556151574305,0.1190399437982678,707.2273251607312,26185965.04308979,44.09103816127121,24.495021200706226
1.42,std,-2,917311026365.9543,0.0009173110263659543,20,10,0.5,1.0,100000000000000.0,114.94671490331609,0.1196433960790384,709.9577656119897,25939173.29070372,44.06637968565957,22.033189842829785
1.43,std,-2,937211644890.9635,0.0009372116448909635,20,10,0.5,1.0,100000000000000.0,108.29384133572701,0.12023484484435139,712.6433741099488,25695471.644191947,44.03410647095063,22.017053235475316
1.44,std,-2,957410178550.3188,0.0009574101785503189,16,10,0.625,1.0,100000000000000.0,274.43595322428484,0.12081412379603326,715.2845806751269,25454813.47682177,43.99430753290931,27.49644220806832
1.45,std,-2,977909094452.4824,0.0009779090944524824,40,10,0.25,1.0,100000000000000.0,201.55114472610472,0.12138107295328354,717.881815600849,25217152.95410143,43.94707480591839,10.986768701479598
1.46,std,-2,998710863404.915,0.0009987108634049151,34,10,0.29411764705882354,1.0,100000000000000.0,218.92285458087173,0.12193553878790152,720.4355092457978,24982445.019521292,43.89250305165408,12.90955972107473
1.47,std,-2,1019817959891.6096,0.0010198179598916097,25,10,0.4,1.0,100000000000000.0,232.1772604820829,0.12247737435151856,722.946091837123,24750645.38054905,43.83068976578735,17.53227590631494
1.48,std,-2,1041232862050.8895,0.0010412328620508894,18,10,0.5555555555555556,1.0,100000000000000.0,230.62181882873566,0.12300643939460665,725.4139932807072,24521710.494854964,43.76173508258095,24.312075045878306
1.49,std,-2,1062958051653.5464,0.0010629580516535464,28,10,0.35714285714285715,1.0,100000000000000.0,212.22569165915166,0.12352260047705375,727.8396429836142,24295597.556820426,43.685741677908595,15.60205059925307
1.5,std,-2,1084996014081.2633,0.0010849960140812632,31,10,0.3225806451612903,1.0,100000000000000.0,168.48453260254615,0.1240257310701164,730.2234696808591,24072264.484238382,43.602814670189304,14.06542408715784
1.51,std,-2,1107349238305.3303,0.0011073492383053304,37,10,0.2702702702702703,1.0,100000000000000.0,211.19025809038467,0.12451571164958056,732.5659012735325,23851669.90529175,43.51306151995459,11.760286897285026
1.52,std,-2,1130020216865.6497,0.0011300202168656496,21,10,0.47619047619047616,1.0,100000000000000.0,253.3043848537764,0.12499242977998155,734.8673646746576,23633773.145745885,43.41659192785582,20.674567584693246
1.53,std,-2,1153011445850.0007,0.0011530114458500008,31,10,0.3225806451612903,1.0,100000000000000.0,239.4136202163608,0.12545578018975678,737.1282856590535,23418534.21637197,43.313517731070874,13.97210249389383
1.54,std,-2,1176325424873.5818,0.0011763254248735818,27,10,0.37037037037037035,1.0,100000000000000.0,100.14217228234173,0.12590566483722512,739.3490887260999,23205913.800602216,43.2039527987907,16.00146399955211
1.55,std,-2,1199964657058.8164,0.0011999646570588164,27,10,0.37037037037037035,1.0,100000000000000.0,154.16505161021362,0.12634199296731044,741.5301969656701,22995873.24240182,43.088012926336354,15.9585233060505
1.56,std,-2,1223931649015.417,0.001223931649015417,26,10,0.38461538461538464,1.0,100000000000000.0,120.92006681586399,0.12676468115894596,743.6720319310089,22788374.534365553,42.965815728306154,16.525313741656213
1.57,std,-2,1248228910820.67,0.0012482289108206699,27,10,0.37037037037037035,1.0,100000000000000.0,187.67918089529817,0.12717365336312167,745.7750135209369,22583380.306024913,42.83748053102589,15.865733530009587
1.58,std,-2,1272858956000.001,0.001272858956000001,35,10,0.2857142857142857,1.0,100000000000000.0,157.70776416018708,0.1275688409315561,747.8395598651854,22380853.81236754,42.703128264108614,12.200893789745317
1.59,std,-2,1297824301507.7444,0.0012978243015077445,22,10,0.45454545454545453,1.0,100000000000000.0,249.16616339599494,0.12795018263599814,749.8660872172084,22180758.922575094,42.56288135155697,19.34676425070771
1.6,std,-2,1323127467708.1692,0.0013231274677081692,19,10,0.5263157894736842,1.0,100000000000000.0,68.60320074832957,0.12831762467818383,751.855009854436,21983060.10894857,42.41686360251104,22.32466505395318
1.61,std,-2,1348770978356.699,0.001348770978356699,27,10,0.37037037037037035,1.0,100000000000000.0,103.3111576454395,0.12867112069049735,753.8067399798389,21787722.43604854,42.26520010151549,15.653777815376106
1.62,std,-2,1374757360581.378,0.001374757360581378,24,10,0.4166666666666667,1.0,100000000000000.0,138.96508835747244,0.12901063172740435,755.7216876349692,21594711.550035674,42.10801709902435,17.545007124593482
1.6300000000000001,std,-2,1401089144864.5398,0.0014010891448645397,32,10,0.3125,1.0,100000000000000.0,230.75367688482794,0.1293361262477481,757.600260611327,21403993.66818979,41.94544190152765,13.107950594227392
1.6400000000000001,std,-2,1427768865024.683,0.001427768865024683,44,10,0.22727272727272727,1.0,100000000000000.0,125.0503132164639,0.12964758008801838,759.4428643733645,21215535.568644308,41.77760276228924,9.4949097187021
1.6500000000000001,std,-2,1454799058198.5547,0.0014547990581985546,27,10,0.37037037037037035,1.0,100000000000000.0,325.90507746602145,0.12994497642672279,761.2499019819937,21029304.58028762,41.60462877214482,15.409121767461045
1.6600000000000001,std,-2,1482182264823.4285,0.0014821822648234285,31,10,0.3225806451612903,1.0,100000000000000.0,174.2296566016268,0.13022830574001035,763.0217740235776,20845268.57286173,41.42664975086631,13.363435403505262
1.6700000000000002,std,-2,1509921028619.5847,0.0015099210286195848,35,10,0.2857142857142857,1.0,100000000000000.0,125.53102087145058,0.13049756574871402,764.7588785444095,20663395.94724198,41.243796139224074,11.78394175406402
1.68,std,-2,1538017896572.9792,0.0015380178965729793,22,10,0.45454545454545453,1.0,100000000000000.0,174.64549829512333,0.13075276135699798,766.4616109891919,20483655.625891827,41.05619889181431,18.66190858718832
1.69,std,-2,1566475418918.0847,0.0015664754189180848,18,10,0.5555555555555556,1.0,100000000000000.0,161.15966362214024,0.13099390458281196,768.1303641427342,20306017.043500546,40.86398937078629,22.702216317103495
1.7,std,-2,1595296149120.9402,0.0015952961491209402,47,10,0.2127659574468085,1.0,100000000000000.0,118.0648313188522,0.13122101448037002,769.7655280759097,20130450.13778125,40.667299240637035,8.652616859710008
1.71,std,-2,1624482643862.3474,0.0016244826438623473,45,10,0.2222222222222222,1.0,100000000000000.0,111.67665474665425,0.13143411705488842,771.3674900972362,19956925.34045368,40.46626036434616,8.992502303188035
1.72,std,-2,1654037463021.2744,0.0016540374630212744,34,10,0.29411764705882354,1.0,100000000000000.0,201.4130416574639,0.13163324516982902,772.9366347038795,19785413.568385925,40.261004700619644,11.841471970770485
1.73,std,-2,1683963169658.4028,0.001683963169658403,35,10,0.2857142857142857,1.0,100000000000000.0,198.83206435238625,0.1318184384469108,774.4733435419046,19615886.214899182,40.05166420291406,11.443332629404017
1.74,std,-2,1714262329999.8525,0.0017142623299998526,31,10,0.3225806451612903,1.0,100000000000000.0,150.501061891946,0.13198974315916043,775.9779953644055,19448315.141239457,39.83837071978946,12.851087328964342
1.75,std,-2,1744937513421.0715,0.0017449375134210715,22,10,0.45454545454545453,1.0,100000000000000.0,210.6503507527704,0.13214721211728916,777.4509659963293,19282672.668198943,39.62125589715449,18.00966177143386
1.76,std,-2,1775991292430.885,0.001775991292430885,37,10,0.2702702702702703,1.0,100000000000000.0,125.85592980100687,0.13229090454968861,778.8926283002767,19118931.567901675,39.40045108226372,10.64877056277398
1.77,std,-2,1807426242655.706,0.001807426242655706,32,10,0.3125,1.0,100000000000000.0,121.20501260918547,0.13242088597635046,780.3033521483618,18957065.055737577,39.17608722981926,12.242527259318518
1.78,std,-2,1839244942823.8792,0.0018392449428238792,30,10,0.3333333333333333,1.0,100000000000000.0,133.6111123510501,0.1325372280770222,781.683504391869,18797046.782446537,38.94829480987778,12.982764936625927
1.79,std,-2,1871449974750.2039,0.0018714499747502038,43,10,0.23255813953488372,1.0,100000000000000.0,117.04807158632119,0.13264000855391733,783.0334488391273,18638850.826349083,38.71720371819607,9.00400086469676
1.8,std,-2,1904043923320.5889,0.0019040439233205888,29,10,0.3448275862068966,1.0,100000000000000.0,97.2482092079981,0.1327293109893057,784.3535462316897,18482451.68572671,38.482943188625924,13.269980409871009
1.81,std,-2,1937029376476.8516,0.0019370293764768515,29,10,0.3448275862068966,1.0,100000000000000.0,108.52496328992697,0.13280522469831382,785.6441542250022,18327824.271332726,38.24564170793049,13.18815231307948
1.82,std,-2,1970408925201.6702,0.0019704089252016704,37,10,0.2702702702702703,1.0,100000000000000.0,191.90193792607494,0.132867844577269,786.9056273720022,18174943.89906127,38.00542693309118,10.271737008943562
1.83,std,-2,2004185163503.6606,0.0020041851635036606,38,10,0.2631578947368421,1.0,100000000000000.0,181.33074737342184,0.13291727094792347,788.1383171073918,18023786.282729935,37.762425610988764,9.937480423944411
1.84,std,-2,2038360688402.5947,0.002038360688402595,32,10,0.3125,1.0,100000000000000.0,187.39635282250228,0.13295360939789763,789.342571733759,17874327.527015675,37.51676350068083,11.72398859396276
1.85,std,-2,2072938099914.7773,0.0020729380999147773,25,10,0.4,1.0,100000000000000.0,85.6820165413929,0.13297697061768127,790.5187364136135,17726544.12051855,37.268565298487474,14.90742611939499
1.86,std,-2,2107920001038.5095,0.0021079200010385097,56,10,0.17857142857142858,1.0,100000000000000.0,54.73326008793897,0.1329874702345315,791.6671531572539,17580412.92894541,37.01795456545238,6.610349029545068
1.87,std,-2,2143308997739.7122,0.002143308997739712,29,10,0.3448275862068966,1.0,100000000000000.0,84.90990807289293,0.13298522864360543,792.7881608182558,17435911.18843124,36.76505365783868,12.677604709599544
1.8800000000000001,std,-2,2179107698937.6929,0.002179107698937693,19,10,0.5263157894736842,1.0,100000000000000.0,118.87716875685882,0.13297037083666333,793.882095087658,17293016.49898085,36.50998366024938,19.215780873815465
1.8900000000000001,std,-2,2215318716490.989,0.002215318716490989,36,10,0.2777777777777778,1.0,100000000000000.0,75.8883287161903,0.13294302622867502,794.9492884894898,17151706.818034906,36.25286432155531,10.070240089320919
1.9000000000000001,std,-2,2251944665183.3696,0.00225194466518337,19,10,0.5263157894736842,1.0,100000000000000.0,76.9062922064508,0.13290332848265865,795.9900703812978,17011960.454154097,35.993813993822094,18.944112628327417
1.9100000000000001,std,-2,2288988162709.954,0.002288988162709954,35,10,0.2857142857142857,1.0,100000000000000.0,119.16970070512264,0.13285141533307546,797.0047669520645,16873756.06082675,35.73294957392961,10.209414163979888
1.9200000000000002,std,-2,2326451829663.4497,0.0023264518296634497,40,10,0.25,1.0,100000000000000.0,135.44163352154544,0.13278742840810062,797.9937012238453,16737072.630372385,35.4703864481436,8.8675966120359
1.93,std,-2,2364338289520.489,0.002364338289520489,40,10,0.25,1.0,100000000000000.0,85.9967837444444,0.13271151305108214,798.9571930551989,16601889.488000676,35.20623843969362,8.801559609923405
1.94,std,-2,2402650168628.1143,0.002402650168628114,35,10,0.2857142857142857,1.0,100000000000000.0,148.8323654955528,0.1326238181414942,799.8955591445497,16468186.28592861,34.94061775908199,9.983033645451997
1.95,std,-2,2441390096190.336,0.002441390096190336,26,10,0.38461538461538464,1.0,100000000000000.0,104.6149086540574,0.13252449591568408,800.8091130360417,16335942.997650843,34.67363495744661,13.336013445171773
1.96,std,-2,2480560704254.8267,0.0024805607042548265,27,10,0.37037037037037035,1.0,100000000000000.0,148.09677662412068,0.13241370178770218,801.6981651262205,16205139.912292665,34.40539888275405,12.742740326945944
1.97,std,-2,2520164627699.743,0.002520164627699743,28,10,0.35714285714285715,1.0,100000000000000.0,87.51645917016165,0.13229159417049882,802.5630226701608,16075757.62908553,34.1360166388454,12.191434513873357
1.98,std,-2,2560204504220.607,0.002560204504220607,25,10,0.4,1.0,100000000000000.0,97.17876799767845,0.13215833429775978,803.4039897936391,15947777.051919853,33.86559354751084,13.546237419004337
1.99,std,-2,2600682974317.328,0.002600682974317328,25,10,0.4,1.0,100000000000000.0,96.99734717668706,0.1320140860466449,804.2213674989681,15821179.384035045,33.59423311317433,13.437693245269735
2.0,std,-2,2641602681281.3257,0.002641602681281326,35,10,0.2857142857142857,1.0,100000000000000.0,82.94293853446196,0.13185901576168338,805.0154536794109,15695946.122775251,33.32203699065286,9.520581997329389
2.01,std,-2,2682966271182.756,0.0026829662711827557,26,10,0.38461538461538464,1.0,100000000000000.0,52.760505311150986,0.13169329208006922,805.7865431280836,15572059.054465903,33.04910495548346,12.711194213647484
2.02,std,-2,2724776392857.824,0.0027247763928578243,41,10,0.24390243902439024,1.0,100000000000000.0,119.80945509606674,0.13151708575859106,806.534927553944,15449500.249373306,32.775534877236794,7.994032896887023
2.03,std,-2,2767035697896.214,0.002767035697896214,28,10,0.35714285714285715,1.0,100000000000000.0,126.59838265841513,0.13133056950241706,807.260895591179,15328252.056764135,32.50142269525071,11.60765096258954
2.04,std,-2,2809746840628.6084,0.0028097468406286085,31,10,0.3225806451612903,1.0,100000000000000.0,82.71125798192315,0.13113391779594796,807.9647328171714,15208297.100052891,32.22686239734506,10.395762063659696
2.05,std,-2,2852912478114.3096,0.0028529124781143094,34,10,0.29411764705882354,1.0,100000000000000.0,168.51827061810897,0.13092730673593825,808.6467217660864,15089618.27204791,31.95194600096489,9.39763117675438
2.0599999999999996,std,-2,2896535270128.958,0.002896535270128958,40,10,0.25,1.0,100000000000000.0,97.59963730291545,0.1307109138670736,809.3071419442955,14972198.730271557,31.6767635369108,7.9191908842277
2.07,std,-2,2940617879152.3374,0.0029406178791523373,27,10,0.37037037037037035,1.0,100000000000000.0,92.84608433738345,0.1304849180201844,809.9462698471916,14856021.89238433,31.40140303564985,11.630149272462907
2.0799999999999996,std,-2,2985162970356.2793,0.0029851629703562792,31,10,0.3225806451612903,1.0,100000000000000.0,116.85716841460808,0.1302494991532604,810.56437897633,14741071.431683572,31.12595051604901,10.040629198725487
2.09,std,-2,3030173211592.6616,0.0030301732115926615,37,10,0.2702702702702703,1.0,100000000000000.0,98.97740476772188,0.13000483819542183,811.1617398576967,14627331.272682121,30.85048997651826,8.337970263923856
2.0999999999999996,std,-2,3075651273381.4863,0.0030756512733814863,38,10,0.2631578947368421,1.0,100000000000000.0,87.41587206472643,0.12975111689399202,811.7386200580416,14514785.586787315,30.575103388431558,8.046079839060935
2.11,std,-2,3121599828899.07,0.0031215998288990697,29,10,0.3448275862068966,1.0,100000000000000.0,92.4885035087542,0.12948851766480282,812.2952842058324,14403418.788036415,30.299870691923072,10.448231273076923
2.1199999999999997,std,-2,3168021553966.285,0.003168021553966285,44,10,0.22727272727272727,1.0,100000000000000.0,47.11422223505106,0.1292172234458553,812.8319940086772,14293215.5289337,30.024869793779803,6.823834044040864
2.13,std,-2,3214919127036.938,0.003214919127036938,27,10,0.37037037037037035,1.0,100000000000000.0,65.05496792223309,0.12893741755444604,813.3490082742788,14184160.69634576,29.750176567543182,11.018583913904882
2.1399999999999997,std,-2,3262295229186.186,0.003262295229186186,31,10,0.3225806451612903,1.0,100000000000000.0,121.51990668123508,0.12864928354785926,813.8465829289477,14076239.407488255,29.47586485559913,9.508343501806172
2.15,std,-2,3310152544099.0576,0.0033101525440990577,41,10,0.24390243902439024,1.0,100000000000000.0,70.09289350438453,0.12835300508771263,814.3249710397671,13969437.005973084,29.20200647334942,7.122440603255956
2.1599999999999997,std,-2,3358493758059.0884,0.0033584937580590883,46,10,0.21739130434782608,1.0,100000000000000.0,124.82773115056057,0.12804876580803742,814.7844228341353,13863739.057946578,28.928671215229,6.288841568528043
2.17,std,-2,3407321559936.958,0.003407321559936958,39,10,0.2564102564102564,1.0,100000000000000.0,63.830407911088855,0.12773674918715994,815.2251857217705,13759131.34827611,28.655926862596385,7.347673554511893
2.1799999999999997,std,-2,3456638641179.318,0.0034566386411793177,68,10,0.14705882352941177,1.0,100000000000000.0,80.97172157730296,0.1274171384234439,815.647504314494,13655599.876833957,28.3838391933606,4.174093999023618
2.19,std,-2,3506447695797.6064,0.0035064476957976064,40,10,0.25,1.0,100000000000000.0,92.82661090950504,0.12709011631494216,816.0516204509206,13553130.854817575,28.112471993398433,7.028117998349608
2.1999999999999997,std,-2,3556751420356.9756,0.0035567514203569757,65,10,0.15384615384615385,1.0,100000000000000.0,59.67723803154247,0.12675586514299808,816.4377732151318,13451710.70117912,27.841887069458675,4.283367241455181
2.21,std,-2,3607552513965.342,0.0036075525139653416,32,10,0.3125,1.0,100000000000000.0,63.09092145309488,0.12641456655982633,816.8061989610018,13351326.039074074,27.57214426370354,8.616295082407357
2.2199999999999998,std,-2,3658853678262.4214,0.0036588536782624216,45,10,0.2222222222222222,1.0,100000000000000.0,65.82666826397967,0.1260664014800965,817.1571313339805,13251963.692418212,27.303301469714384,6.067400326603196
2.23,std,-2,3710657617408.9424,0.0037106576174089426,30,10,0.3333333333333333,1.0,100000000000000.0,78.50723521264247,0.1257115499765309,817.4908012935624,13153610.682476113,27.035414649844427,9.011804883281474
2.2399999999999998,std,-2,3762967038075.854,0.003762967038075854,28,10,0.35714285714285715,1.0,100000000000000.0,98.1063338137861,0.12535019117952442,817.8074371360175,13056254.22453316,26.768537853940494,9.560192090693034
2.25,std,-2,3815784649433.665,0.003815784649433665,36,10,0.2777777777777778,1.0,100000000000000.0,83.99642622669255,0.12498250318078254,818.1072645181528,12959881.724614153,26.50272323931165,7.361867566475459
2.26,std,-2,3869113163141.809,0.003869113163141809,26,10,0.38461538461538464,1.0,100000000000000.0,57.023362532731504,0.12460866294096873,818.3905064784886,12864480.776277887,26.238021091817842,10.091546573776094
2.27,std,-2,3922955293338.147,0.003922955293338147,44,10,0.22727272727272727,1.0,100000000000000.0,52.90333354369825,0.12422884620134438,818.6573834632007,12770039.157449897,25.974479848171512,5.903290874584434
2.28,std,-2,3977313756628.4653,0.003977313756628465,39,10,0.2564102564102564,1.0,100000000000000.0,68.14390212017823,0.12384322739937846,818.9081133466098,12676544.827336488,25.712146119141092,6.592857979266946
2.29,std,-2,4032191272076.1133,0.0040321912720761134,32,10,0.3125,1.0,100000000000000.0,120.90585677095528,0.12345197958829715,819.1429114563359,12583985.923375618,25.451064713825836,7.953457723070574
2.3,std,-2,4087590561191.6694,0.00408759056119167,36,10,0.2777777777777778,1.0,100000000000000.0,84.81392052124991,0.12305527436053831,819.3619905952226,12492350.758259717,25.191278664754567,6.997577406876268
2.31,std,-2,4143514347922.6934,0.004143514347922693,40,10,0.25,1.0,100000000000000.0,116.28465874357543,0.12265328177506969,819.5655610678427,12401627.816991834,24.932829253910704,6.233207313477676
2.32,std,-2,4199965358643.5605,0.004199965358643561,40,10,0.25,1.0,100000000000000.0,62.39862781076865,0.12224617028852493,819.7538306994753,12311805.754026573,24.67575603934981,6.168939009837453
2.3299999999999996,std,-2,4256946322145.3384,0.004256946322145338,39,10,0.2564102564102564,1.0,100000000000000.0,65.09694008642957,0.12183410669010708,819.9270048633995,12222873.3904306,24.42009688270528,6.261563303257764
2.34,std,-2,4314459969625.7397,0.00431445996962574,42,10,0.23809523809523808,1.0,100000000000000.0,91.49582809387124,0.12141725604020252,820.0852865033024,12134819.711121293,24.165887977232234,5.75378285172196
2.3499999999999996,std,-2,4372509034679.162,0.0043725090346791624,24,10,0.4166666666666667,1.0,100000000000000.0,48.66853113815559,0.12099578161264772,820.2288761555265,12047633.862132035,23.91316387637652,9.96381828182355
2.36,std,-2,4431096253286.773,0.004431096253286773,69,10,0.14492753623188406,1.0,100000000000000.0,48.77700847347124,0.12056984484058411,820.357971975091,11961305.147949908,23.661957523017087,3.4292692062343604
2.3699999999999997,std,-2,4490224363806.668,0.004490224363806668,45,10,0.2222222222222222,1.0,100000000000000.0,101.21165572875856,0.12013960526583477,820.472769756607,11875823.028886234,23.41230027898562,5.202733395330137
2.38,std,-2,4549896106964.099,0.0045498961069640985,62,10,0.16129032258064516,1.0,100000000000000.0,47.27659930290842,0.11970522049173256,820.5734629601781,11791177.118503083,23.164221955151955,3.7361648314761218
2.3899999999999997,std,-2,4610114225841.746,0.004610114225841746,35,10,0.2857142857142857,1.0,100000000000000.0,43.500411717361665,0.1192668461393275,820.6602427330411,11707357.181081956,22.917750841727056,6.547928811922016
2.4,std,-2,4670881465870.094,0.004670881465870093,34,10,0.29411764705882354,1.0,100000000000000.0,51.981631010053356,0.11882463580689664,820.7332979336103,11624353.129135568,22.672913738928266,6.668504040861254
2.4099999999999997,std,-2,4732200574817.826,0.004732200574817826,44,10,0.22727272727272727,1.0,100000000000000.0,74.89358180754787,0.11837874103268001,820.7928151553795,11542155.020976886,22.429735987911656,5.0976672699799215
2.42,std,-2,4794074302782.316,0.004794074302782316,37,10,0.2702702702702703,1.0,100000000000000.0,54.34356534650328,0.11792931126076286,820.8389787487448,11460753.05831884,22.188241501820684,5.996822027519104
2.4299999999999997,std,-2,4856505402180.171,0.004856505402180171,51,10,0.19607843137254902,1.0,100000000000000.0,57.408652137610616,0.1174764938100209,820.871970846219,11380137.583922423,21.948452797091367,4.303618195508111
2.44,std,-2,4919496627737.823,0.004919496627737823,62,10,0.16129032258064516,1.0,100000000000000.0,71.71594079183767,0.11702043384604897,820.8919713841541,11300299.079290532,21.71039102477721,3.5016759717382593
2.4499999999999997,std,-2,4983050736482.1875,0.004983050736482188,38,10,0.2631578947368421,1.0,100000000000000.0,68.95043900293786,0.11656127435598546,820.8991581255931,11221228.162397789,21.47407600196116,5.651072632095041
2.46,std,-2,5047170487731.413,0.005047170487731413,46,10,0.21739130434782608,1.0,100000000000000.0,71.69694562778554,0.11609915612615085,820.8937066841121,11142915.58546343,21.23952624322367,4.617288313744275
2.4699999999999998,std,-2,5111858643085.63,0.00511185864308563,20,10,0.5,1.0,100000000000000.0,52.01647088957499,0.11563421772241134,820.8757905459661,11065352.232765501,21.006758992054518,10.503379496027259
2.48,std,-2,5177117966417.831,0.005177117966417831,69,10,0.14492753623188406,1.0,100000000000000.0,39.494409581428364,0.11516659547318477,820.8455810939713,10988529.118494129,20.775790252259103,3.010984094530305
2.4899999999999998,std,-2,5242951223864.725,0.0052429512238647245,42,10,0.23809523809523808,1.0,100000000000000.0,33.84238647186169,0.11469642345499854,820.8032476279146,10912437.38464076,20.546634819184874,4.8920559093297316
2.5,std,-2,5309361183817.746,0.005309361183817746,49,10,0.20408163265306123,1.0,100000000000000.0,59.33330814732183,0.11422383348051643,820.7489573892229,10837068.298925612,20.319306310938718,4.146797206314024
2.51,std,-2,5376350616914.046,0.005376350616914046,63,10,0.15873015873015872,1.0,100000000000000.0,66.52237570301023,0.11374895508894493,820.6828755823627,10762413.25276639,20.093817199377376,3.1894947935519644
2.52,std,-2,5443922296027.555,0.005443922296027554,37,10,0.2702702702702703,1.0,100000000000000.0,70.51212822709184,0.11327191553873434,820.6051653971061,10688463.759278566,19.870178840930368,5.370318605656856
2.53,std,-2,5512078996260.148,0.005512078996260148,29,10,0.3448275862068966,1.0,100000000000000.0,54.63574741355554,0.112792839802488,820.5159880305771,10615211.451314276,19.648401507213816,6.775310864556489
2.54,std,-2,5580823494932.787,0.005580823494932787,54,10,0.18518518518518517,1.0,100000000000000.0,73.89627644800933,0.11231185056399447,820.4155027094971,10542648.079530537,19.428494415402564,3.59786933618566
2.55,std,-2,5650158571576.806,0.005650158571576806,45,10,0.2222222222222222,1.0,100000000000000.0,62.13383839582766,0.11182906821729809,820.3038667119687,10470765.510502744,19.210465758350495,4.268992390744554
2.56,std,-2,5720087007925.177,0.005720087007925177,53,10,0.18867924528301888,1.0,100000000000000.0,46.82410250049969,0.1113446108677235,820.1812353888736,10399555.724859066,18.994322734393844,3.583834478187518
2.57,std,-2,5790611587903.867,0.005790611587903867,39,10,0.2564102564102564,1.0,100000000000000.0,74.42619833883946,0.11085859433477233,820.0477621851917,10329010.815461004,18.78007157687134,4.815402968428548
2.5799999999999996,std,-2,5861735097623.263,0.005861735097623263,34,10,0.29411764705882354,1.0,100000000000000.0,54.12878536934081,0.11037113215680884,819.9035986624089,10259122.985599501,18.567717583311808,5.461093406856414
2.59,std,-2,5933460325369.617,0.005933460325369617,45,10,0.2222222222222222,1.0,100000000000000.0,46.47220777682932,0.10988233559745512,819.7488945192097,10189884.547240347,18.357265144268617,4.079392254281915
2.5999999999999996,std,-2,6005790061596.541,0.006005790061596541,49,10,0.20408163265306123,1.0,100000000000000.0,44.65831809019816,0.109392313653616,819.5837976117862,10121287.9192909,18.14871777176564,3.7038199534215592
2.61,std,-2,6078727098916.605,0.006078727098916606,53,10,0.18867924528301888,1.0,100000000000000.0,53.37847256923375,0.108901173065055,819.4084539749944,10053325.625898778,17.94207812738663,3.38529775988427
2.6199999999999997,std,-2,6152274232092.914,0.0061522742320929144,35,10,0.2857142857142857,1.0,100000000000000.0,62.45898778899961,0.1084090183254463,819.2230078452881,9985990.294780755,17.737348050009796,5.067813728574227
2.63,std,-2,6226434258030.83,0.00622643425803083,56,10,0.17857142857142858,1.0,100000000000000.0,51.06522452092279,0.10791595169482557,819.0276016770903,9919274.6555814,17.53452858299227,3.1311658183914766
2.6399999999999997,std,-2,6301209975769.626,0.006301209975769626,48,10,0.20833333333333334,1.0,100000000000000.0,30.96857007542284,0.10742207321336858,818.8223761676853,9853171.53826193,17.333620001124718,3.6111708335676496
2.65,std,-2,6376604186474.313,0.0063766041864743135,34,10,0.29411764705882354,1.0,100000000000000.0,51.525323608250595,0.10692748071642302,818.6074702743381,9787673.871516135,17.134621836984465,5.0395946579366075
2.6599999999999997,std,-2,6452619693427.433,0.006452619693427432,63,10,0.15873015873015872,1.0,100000000000000.0,46.71642716437502,0.10643226985072582,818.3830212349656,9722774.681209411,16.937532906919028,2.688497286812544
2.67,std,-2,6529259302020.929,0.006529259302020929,41,10,0.24390243902439024,1.0,100000000000000.0,86.18322465833808,0.10593653409173551,818.1491645897382,9658467.088857314,16.74235133662097,4.083500326005114
2.6799999999999997,std,-2,6606525819748.058,0.006606525819748058,54,10,0.18518518518518517,1.0,100000000000000.0,38.098173056007624,0.10544036476201399,817.9060341985627,9594744.310116976,16.549074586136946,3.064643441877212
2.69,std,-2,6684422056195.403,0.006684422056195403,28,10,0.35714285714285715,1.0,100000000000000.0,63.431702786167605,0.1049438510505919,817.6537622619351,9531599.653310519,16.35769947449509,5.842035526605389
2.6999999999999997,std,-2,6762950823034.813,0.006762950823034813,32,10,0.3125,1.0,100000000000000.0,29.83601458248023,0.10444708003325524,817.3924793404835,9469026.51798176,16.168222203849776,5.052569438703055
2.71,std,-2,6842114934015.572,0.006842114934015572,34,10,0.29411764705882354,1.0,100000000000000.0,61.03845034334298,0.10395013669369071,817.1223143726113,9407018.393461363,15.980638383087467,4.700187759731608
2.7199999999999998,std,-2,6921917204956.3955,0.006921917204956395,64,10,0.15625,1.0,100000000000000.0,54.23607927526822,0.10345310394543139,816.8433946958966,9345568.857473286,15.794943051059493,2.467959851728046
2.73,std,-2,7002360453737.679,0.0070023604537376785,46,10,0.21739130434782608,1.0,100000000000000.0,44.46753333372553,0.10295606265454338,816.5558460635654,9284671.574754989,15.61113069922014,3.3937240650478566
2.7399999999999998,std,-2,7083447500293.684,0.007083447500293684,54,10,0.18518518518518517,1.0,100000000000000.0,43.97519317387718,0.10245909166299956,816.2597926652643,9224320.295706078,15.429195293875893,2.857258387754795
2.75,std,-2,7165181166604.769,0.007165181166604769,32,10,0.3125,1.0,100000000000000.0,57.62433536440269,0.10196226781268383,815.9553571439785,9164508.855059594,15.24913029787586,4.765353218086206
2.76,std,-2,7247564276689.704,0.007247564276689704,49,10,0.20408163265306123,1.0,100000000000000.0,37.50229888133388,0.10146566596997589,815.6426606152299,9105231.170576822,15.070928691864298,3.07569973303353
2.77,std,-2,7330599656598.041,0.007330599656598041,39,10,0.2564102564102564,1.0,100000000000000.0,47.208464907541185,0.10096935905086413,815.3218226849634,9046481.241760328,14.894582995017757,3.8191238448763474
2.78,std,-2,7414290134402.467,0.007414290134402467,35,10,0.2857142857142857,1.0,100000000000000.0,44.72271857233842,0.1004734180465394,814.9929614670498,8988253.148596747,14.720085285306101,4.2057386529446
2.79,std,-2,7498638540191.261,0.007498638540191261,46,10,0.21739130434782608,1.0,100000000000000.0,45.575502353363596,0.09997791204942123,814.6561936026859,8930541.050315544,14.547427219297376,3.162484178108125
2.8,std,-2,7583647706060.765,0.007583647706060764,47,10,0.2127659574468085,1.0,100000000000000.0,52.879960313814806,0.09948290827957305,814.3116342754349,8873339.184167327,14.376600051402125,3.0588510747664097
2.81,std,-2,7669320466107.945,0.007669320466107945,33,10,0.30303030303030304,1.0,100000000000000.0,38.34356100673173,0.09898847211146117,813.9593972313533,8816641.86423281,14.2075946527488,4.305331712954182
2.82,std,-2,7755659656422.9,0.0077556596564229,47,10,0.2127659574468085,1.0,100000000000000.0,48.14323390368952,0.09849466710101733,813.5995947947972,8760443.480241075,14.040401529489598,2.987319474359489
2.8299999999999996,std,-2,7842668115081.546,0.007842668115081546,45,10,0.2222222222222222,1.0,100000000000000.0,47.745228181309606,0.09800155501296365,813.2323378845941,8704738.496411402,13.875010840649768,3.083335742366615
2.84,std,-2,7930348682138.207,0.007930348682138207,46,10,0.21739130434782608,1.0,100000000000000.0,47.56241512221289,0.09750919584836228,812.8577360336841,8649521.450322606,13.711412415582618,2.980741829474482
2.8499999999999996,std,-2,8018704199618.365,0.008018704199618365,43,10,0.23255813953488372,1.0,100000000000000.0,52.56607130045222,0.097017647872353,812.4758974032927,8594786.951786837,13.549595770844338,3.151068783917288
2.86,std,-2,8107737511511.383,0.008107737511511382,47,10,0.2127659574468085,1.0,100000000000000.0,55.597663571182764,0.09652696764204288,812.0869288006751,8540529.681758447,13.389550126698776,2.8488404524891013
2.8699999999999997,std,-2,8197451463763.27,0.008197451463763269,57,10,0.17543859649122806,1.0,100000000000000.0,44.354010869948056,0.09603721003451575,811.6909356953073,8486744.391249523,13.231264423124225,2.321274460197232
2.88,std,-2,8287848904269.571,0.008287848904269571,68,10,0.14705882352941177,1.0,100000000000000.0,37.181360916544236,0.0955484282749277,811.2880222350763,8433425.9002663,13.07472733537744,1.9227540199084472
2.8899999999999997,std,-2,8378932682868.133,0.008378932682868132,96,10,0.10416666666666667,1.0,100000000000000.0,58.013123977036535,0.09506067396466021,810.8782912624706,8380569.09677265,12.9199272891305,1.3458257592844272
2.9,std,-2,8470705651332.144,0.008470705651332143,48,10,0.20833333333333334,1.0,100000000000000.0,45.680902261669914,0.09457399710949974,810.4618443299436,8328168.935656688,12.766852475136176,2.6597609323200366
2.9099999999999997,std,-2,8563170663362.956,0.008563170663362957,51,10,0.19607843137254902,1.0,100000000000000.0,46.311508681200465,0.0940884461478178,810.0387817159823,8276220.437724468,12.615490863490761,2.4736256595079924
2.92,std,-2,8656330574583.189,0.008656330574583189,21,10,0.47619047619047616,1.0,100000000000000.0,45.01957949068513,0.09360406797872392,809.6092024411973,8224718.688710108,12.465830217472627,5.936109627367918
2.9299999999999997,std,-2,8750188242529.664,0.008750188242529664,45,10,0.2222222222222222,1.0,100000000000000.0,42.35914545944349,0.09312090799016796,809.1732042822725,8173658.8382961275,12.317858106921332,2.7373018015380737
2.94,std,-2,8844746526646.543,0.008844746526646543,71,10,0.14084507042253522,1.0,100000000000000.0,52.75444937267078,0.09263901008696694,808.7308837881355,8123036.099160874,12.171561921257947,1.7143044959518237
2.9499999999999997,std,-2,8940008288278.422,0.008940008288278421,47,10,0.2127659574468085,1.0,100000000000000.0,66.3202817458726,0.09215841671873516,808.2823362955422,8072845.746031287,12.026928882076428,2.5589210387396655
2.96,std,-2,9035976390663.48,0.00903597639066348,80,10,0.125,1.0,100000000000000.0,50.53478010902756,0.09167916890769558,807.8276559420984,8023083.114753859,11.883946055304477,1.4854932569130597
2.9699999999999998,std,-2,9132653698926.64,0.00913265369892664,86,10,0.11627906976744186,1.0,100000000000000.0,57.405108490381316,0.0912013062763538,807.3669356831564,7973743.601392691,11.742600363051041,1.3654186468664
2.98,std,-2,9230043080072.879,0.00923004308007288,33,10,0.30303030303030304,1.0,100000000000000.0,56.05299501211708,0.09072486707501438,806.9002673036654,7924822.661321773,11.602878594966072,3.5160238166563853
2.9899999999999998,std,-2,9328147402980.379,0.009328147402980378,40,10,0.25,1.0,100000000000000.0,28.304900427288977,0.09024988820912404,806.4277414359167,7876315.808353685,11.46476741934438,2.866191854836095
3.0,std,-2,9426969538393.959,0.009426969538393958,39,10,0.2564102564102564,1.0,100000000000000.0,38.2254861452636,0.0897764052664229,805.9494475699604,7828218.613865179,11.328253393729847,2.9046803573666273
3.01,std,-2,9526512358918.309,0.00952651235891831,34,10,0.29411764705882354,1.0,100000000000000.0,44.43793319247548,0.08930445254389056,805.4654740716126,7780526.705950752,11.193322975289243,3.2921538162615422
3.02,std,-2,9626778739011.432,0.009626778739011431,64,10,0.15625,1.0,100000000000000.0,53.87886031804932,0.08883406307447111,804.9759081923881,7733235.768582869,11.059962530708184,1.7281191454231537
3.03,std,-2,9727771554978.064,0.009727771554978065,66,10,0.15151515151515152,1.0,100000000000000.0,37.993681023418894,0.08836526865356453,804.4808360863572,7686341.540784624,10.928158345838309,1.655781567551259
3.04,std,-2,9829493684963.105,0.009829493684963105,41,10,0.24390243902439024,1.0,100000000000000.0,29.16648602152153,0.08789809986527143,803.9803428214906,7639839.815826388,10.79789663494512,2.633633325596371
3.05,std,-2,9931948008945.11,0.00993194800894511,61,10,0.16393442622950818,1.0,100000000000000.0,64.56171271629475,0.08743258610838046,803.4745123952049,7593726.440420668,10.66916354966242,1.7490432048626916
3.06,std,-2,10035137408729.84,0.01003513740872984,98,10,0.10204081632653061,1.0,100000000000000.0,40.04847815896941,0.08696875562208634,802.9634277449601,7547997.313944066,10.541945187577433,1.0757086926099422
3.07,std,-2,10139064767943.812,0.010139064767943812,62,10,0.16129032258064516,1.0,100000000000000.0,48.966936041982976,0.08650663551143015,802.4471707643704,7502648.387664568,10.41622760056451,1.6800367097684692
3.08,std,-2,10243732972027.9,0.010243732972027901,78,10,0.1282051282051282,1.0,100000000000000.0,29.74173975380499,0.08604625177245216,801.925822312954,7457675.663981256,10.291996802726912,1.3194867695803731
3.09,std,-2,10349144908230.99,0.01034914490823099,73,10,0.136986301369863,1.0,100000000000000.0,50.16658687938227,0.08558762931704852,801.3994622316782,7413075.195680463,10.16923877812063,1.39304640796173
3.0999999999999996,std,-2,10455303465603.63,0.010455303465603631,38,10,0.2631578947368421,1.0,100000000000000.0,27.95033374955159,0.08513079199752545,800.8681693536183,7368843.085202581,10.047939488119765,2.64419460213678
3.11,std,-2,10562211534991.75,0.01056221153499175,89,10,0.11235955056179775,1.0,100000000000000.0,26.275479034370285,0.08467576263084305,800.332021518816,7324975.48391775,9.928084878546171,1.1155151548928282
3.1199999999999997,std,-2,10669872009030.387,0.010669872009030386,53,10,0.18867924528301888,1.0,100000000000000.0,39.168877905523274,0.08422256302254322,799.7910955823942,7281468.591418872,9.809660886443973,1.8508794125365988
3.13,std,-2,10778287782137.494,0.010778287782137495,85,10,0.11764705882352941,1.0,100000000000000.0,54.40774551686923,0.08377121399035611,799.2454674320404,7238318.654820386,9.692653446692441,1.1403121701991108
3.1399999999999997,std,-2,10887461750507.703,0.010887461750507704,33,10,0.30303030303030304,1.0,100000000000000.0,21.615520589374842,0.08332173538748046,798.6952119965255,7195521.968076602,9.577048498254246,2.9021359085618927
3.15,std,-2,10997396812106.244,0.010997396812106245,55,10,0.18181818181818182,1.0,100000000000000.0,39.487834838038566,0.08287414612553251,798.1404032571301,7153074.871296239,9.46283199018424,1.7205149073062256
3.1599999999999997,std,-2,11108095866662.742,0.011108095866662742,69,10,0.14492753623188406,1.0,100000000000000.0,39.9929111843428,0.08242846419716175,797.5811142629465,7110973.750088734,9.349989887462057,1.3550709981829068
3.17,std,-2,11219561815665.186,0.011219561815665186,89,10,0.11235955056179775,1.0,100000000000000.0,44.779615465821166,0.0819847066983287,797.0174171394389,7069215.034901877,9.238508176474731,1.0380346265701945
3.1799999999999997,std,-2,11331797562353.846,0.011331797562353845,76,10,0.13157894736842105,1.0,100000000000000.0,37.26227832574713,0.0815428898502426,796.4493831001114,7027795.200383879,9.128372870319462,1.201101693463087
3.19,std,-2,11444806011715.266,0.011444806011715266,87,10,0.11494252873563218,1.0,100000000000000.0,27.95998171013747,0.08110302902095701,795.8770824598323,6986710.76474544,9.019570013881635,1.0367321855036362
3.1999999999999997,std,-2,11558590070476.303,0.011558590070476302,57,10,0.17543859649122806,1.0,100000000000000.0,29.336100963838437,0.08066513874662186,795.3005846435142,6945958.289138465,8.912085688644714,1.5635238050253883
3.21,std,-2,11673152647098.105,0.011673152647098105,60,10,0.16666666666666666,1.0,100000000000000.0,21.689329961030506,0.08022923275238983,794.7199581993578,6905534.377048772,8.805906017340826,1.4676510028901375
3.2199999999999998,std,-2,11788496651770.24,0.011788496651770241,54,10,0.18518518518518517,1.0,100000000000000.0,42.94652151539611,0.07979532397297763,794.1352708088647,6865435.673682141,8.701017168332855,1.6112994756171954
3.23,std,-2,11904624996404.816,0.011904624996404817,65,10,0.15384615384615385,1.0,100000000000000.0,20.856372110218622,0.07936342457287976,793.5465892964871,6825658.865381889,8.597405359817088,1.3226777476641676
3.2399999999999998,std,-2,12021540594630.547,0.012021540594630547,86,10,0.11627906976744186,1.0,100000000000000.0,28.465607970352675,0.07893354596623703,792.9539796431941,6786200.679036681,8.495056863846079,0.987797309749544
3.25,std,-2,12139246361787.031,0.012139246361787032,82,10,0.12195121951219512,1.0,100000000000000.0,46.613148748014666,0.07850569883635809,792.3575069934159,6747057.881511198,8.39395801010438,1.0236534158663877
3.26,std,-2,12257745214918.88,0.01225774521491888,55,10,0.18181818181818182,1.0,100000000000000.0,42.78919956164653,0.07807989315489611,791.757235668974,6708227.279078383,8.294095189564283,1.5080173071935061
3.27,std,-2,12377040072769.975,0.012377040072769975,29,10,0.3448275862068966,1.0,100000000000000.0,36.278288872887416,0.0776561382006801,791.1532291761868,6669705.71686476,8.195454857893035,2.8260189165148395
3.28,std,-2,12497133855777.75,0.01249713385577775,42,10,0.23809523809523808,1.0,100000000000000.0,29.40315855397095,0.07723444257820353,790.5455502190316,6631490.078299773,8.098023538743654,1.9281008425580126
3.29,std,-2,12618029486067.488,0.012618029486067488,90,10,0.1111111111111111,1.0,100000000000000.0,37.431007916300295,0.07681481423577075,789.9342607063732,6593577.284582875,8.001787826825478,0.8890875363139419
3.3,std,-2,12739729887446.56,0.01273972988744656,56,10,0.17857142857142858,1.0,100000000000000.0,39.42575550939814,0.07639726048330328,789.3194217640341,6555964.294144623,7.906734390843554,1.4119168555077775
3.31,std,-2,12862237985399.016,0.012862237985399016,65,10,0.15384615384615385,1.0,100000000000000.0,35.943194432701155,0.0759817880098082,788.701093742791,6518648.1021335395,7.81284997625895,1.2019769194244538
3.32,std,-2,12985556707079.645,0.012985556707079645,76,10,0.13157894736842105,1.0,100000000000000.0,34.856923971049866,0.07556840290051019,788.0793362308897,6481625.739898744,7.72012140792598,1.015805448411313
3.33,std,-2,13109688981308.7,0.013109688981308699,64,10,0.15625,1.0,100000000000000.0,27.023921645877643,0.07515711065365033,787.4542080590518,6444894.2744803615,7.628535592506391,1.1919586863291236
3.34,std,-2,13234637738566.15,0.01323463773856615,82,10,0.12195121951219512,1.0,100000000000000.0,39.925194136304874,0.07474791619695409,786.8257673145665,6408450.8081216905,7.5380795208467095,0.9192779903471596
3.3499999999999996,std,-2,13360405910986.26,0.01336040591098626,65,10,0.15384615384615385,1.0,100000000000000.0,25.604029754906225,0.0743408239037712,786.1940713477502,6372292.477769603,7.448740270118525,1.1459600415566962
3.36,std,-2,13486996432352.041,0.01348699643235204,60,10,0.16666666666666666,1.0,100000000000000.0,30.338737927296563,0.07393583760889016,785.5591767819191,6336416.454597149,7.360505005877104,1.2267508343128506
3.3699999999999997,std,-2,13614412238089.809,0.01361441223808981,52,10,0.19230769230769232,1.0,100000000000000.0,31.062719789496263,0.07353296062403111,784.9211395232406,6300819.9435306,7.2733609839855315,1.3987232661510638
3.38,std,-2,13742656265263.799,0.0137426562652638,80,10,0.125,1.0,100000000000000.0,35.40905420339874,0.07313219575301971,784.2800147677596,6265500.18277916,7.187295552382396,0.8984119440477994
3.3899999999999997,std,-2,13871731452570.629,0.013871731452570629,64,10,0.15625,1.0,100000000000000.0,31.906168762521315,0.07273354530664589,783.6358570123796,6230454.443376221,7.10229615277129,1.109733773870514
3.4,std,-2,14001640740334.076,0.014001640740334076,56,10,0.17857142857142858,1.0,100000000000000.0,29.08867576079147,0.07233701111721073,782.9887200628978,6195680.028727723,7.0183503221666275,1.2532768432440407
3.4099999999999997,std,-2,14132387070499.607,0.014132387070499608,56,10,0.17857142857142858,1.0,100000000000000.0,25.659353919047845,0.07194259455276497,782.3386570412728,6161174.274165404,6.935445694318829,1.2384724454140765
3.42,std,-2,14263973386629.158,0.014263973386629158,77,10,0.12987012987012986,1.0,100000000000000.0,24.421752820774447,0.07155029653104333,781.6857203968892,6126934.5465087,6.853570001069719,0.8900740261129504
3.4299999999999997,std,-2,14396402633895.744,0.014396402633895744,106,10,0.09433962264150944,1.0,100000000000000.0,37.2161858750329,0.07116011753309788,781.0299619125332,6092958.2436328735,6.77271107355602,0.6389350069392472
3.44,std,-2,14529677759078.283,0.014529677759078282,54,10,0.18518518518518517,1.0,100000000000000.0,33.08048170986763,0.07077205761663512,780.371432713275,6059242.794044905,6.69285684334059,1.239417933951961
3.4499999999999997,std,-2,14663801710556.271,0.01466380171055627,47,10,0.2127659574468085,1.0,100000000000000.0,39.33869797803414,0.07038611642905952,779.7101832758364,6025785.656462501,6.613995343447358,1.4072330517973102
3.46,std,-2,14798777438304.695,0.014798777438304695,56,10,0.17857142857142858,1.0,100000000000000.0,26.279176522037424,0.07000229322022894,779.0462634349291,5992584.319403749,6.53611470928248,1.1671633409433
3.4699999999999998,std,-2,14934607893888.654,0.014934607893888655,75,10,0.13333333333333333,1.0,100000000000000.0,30.107633306269925,0.06962058685492503,778.3797223943179,5959636.300782556,6.459203179506002,0.8612270906008002
3.48,std,-2,15071296030458.438,0.015071296030458438,70,10,0.14285714285714285,1.0,100000000000000.0,34.913207218494634,0.06924099582504298,777.7106087296878,5926939.147505195,6.383249096743481,0.9118927281062115
3.4899999999999998,std,-2,15208844802744.215,0.015208844802744214,48,10,0.20833333333333334,1.0,100000000000000.0,27.04403648061002,0.06886351826150523,777.0389704014016,5894490.435082389,6.308240908308757,1.3142168558976577
3.5,std,-2,15347257167051.008,0.015347257167051008,53,10,0.18867924528301888,1.0,100000000000000.0,31.239101712108543,0.06848815194590231,776.3648547595882,5862287.767236518,6.234167166771641,1.1762579559946493
3.51,std,-2,15486536081253.605,0.015486536081253605,69,10,0.14492753623188406,1.0,100000000000000.0,43.47598556577451,0.06811489432186627,775.6883085525805,5830328.775524363,6.161016530488308,0.892900946447581
3.52,std,-2,15626684504791.537,0.015626684504791537,74,10,0.13513513513513514,1.0,100000000000000.0,30.15566051675662,0.06774374250617998,775.0093779339812,5798611.1189587405,6.0887777640402865,0.8228078059513901
3.53,std,-2,15767705398663.979,0.01576770539866398,95,10,0.10526315789473684,1.0,100000000000000.0,29.467498032346374,0.0673746932996273,774.3281084705361,5767132.483642135,6.01743973861688,0.6334147093280926
3.54,std,-2,15909601725424.86,0.015909601725424858,73,10,0.136986301369863,1.0,100000000000000.0,25.617060759513652,0.06700774319758737,773.6445451498863,5735890.582397208,5.946991432320369,0.8146563605918313
3.55,std,-2,16052376449177.773,0.016052376449177775,85,10,0.11764705882352941,1.0,100000000000000.0,35.79215784255958,0.06664288840037871,772.9587323851707,5704883.154414197,5.877421930394925,0.6914614035758735
3.56,std,-2,16196032535571.096,0.016196032535571097,100,10,0.1,1.0,100000000000000.0,36.10068079338748,0.06628012482335588,772.270714026735,5674107.964892094,5.8087204254367295,0.580872042543673
3.57,std,-2,16340572951793.094,0.016340572951793093,124,10,0.08064516129032258,1.0,100000000000000.0,35.378159071876546,0.06591944810676449,771.580533364837,5643562.804696245,5.740876217487683,0.4629738885070712
3.58,std,-2,16486000666566.924,0.016486000666566924,86,10,0.11627906976744186,1.0,100000000000000.0,20.958755323454348,0.06556085362535716,770.888233139175,5613245.49001041,5.673878714114088,0.6597533388504754
3.59,std,-2,16632318650145.904,0.016632318650145906,70,10,0.14285714285714285,1.0,100000000000000.0,24.06511003088064,0.0652043364977763,770.1938555451461,5583153.862002588,5.60771743041548,0.8011024900593543
3.5999999999999996,std,-2,16779529874308.531,0.01677952987430853,104,10,0.09615384615384616,1.0,100000000000000.0,25.967004840506462,0.06484989159570673,769.4974422402255,5553285.786493722,5.542381988980958,0.532921345094323
3.61,std,-2,16927637312353.74,0.01692763731235374,92,10,0.10869565217391304,1.0,100000000000000.0,30.683007313174148,0.06449751355280299,768.7990343505476,5523639.15362708,5.477862119793834,0.5954197956297645
3.6199999999999997,std,-2,17076643939096.068,0.017076643939096067,93,10,0.10752688172043011,1.0,100000000000000.0,28.74293446538669,0.06414719677339552,768.0986724791427,5494211.877547617,5.4141476601063845,0.5821664150652026
3.63,std,-2,17226552730860.922,0.017226552730860923,88,10,0.11363636363636363,1.0,100000000000000.0,26.128245674483082,0.06379893544097907,767.3963967098535,5465001.896084231,5.35122855423711,0.6080941538905807
3.6399999999999997,std,-2,17377366665479.76,0.01737736666547976,95,10,0.10526315789473684,1.0,100000000000000.0,23.130897208565266,0.06345272352648877,766.6922466162177,5436007.170438018,5.289094853362229,0.5567468266697083
3.65,std,-2,17529088722285.469,0.01752908872228547,71,10,0.14084507042253522,1.0,100000000000000.0,26.55293558203892,0.0631085547963669,765.9862612661916,5407225.684871397,5.227736715233478,0.7363009458075321
3.6599999999999997,std,-2,17681721882107.516,0.017681721882107516,65,10,0.15384615384615385,1.0,100000000000000.0,20.61329317023198,0.06276642282042497,765.278479229781,5378655.446409031,5.1671444038847705,0.7949452929053493
3.67,std,-2,17835269127267.44,0.01783526912726744,99,10,0.10101010101010101,1.0,100000000000000.0,25.43798862853273,0.062426320979504686,764.5689385844122,5350294.484533614,5.107308289277176,0.5158897261896137
3.6799999999999997,std,-2,17989733441574.1,0.0179897334415741,80,10,0.125,1.0,100000000000000.0,24.39829280140997,0.06208824247294238,763.8576769196543,5322140.850894996,5.048218846913822,0.6310273558642278
3.69,std,-2,18145117810319.004,0.018145117810319005,89,10,0.11235955056179775,1.0,100000000000000.0,28.943613485078913,0.06175218032584041,763.1447313477988,5294192.619019311,4.989866657456394,0.5606591749951004
3.6999999999999997,std,-2,18301425220271.832,0.01830142522027183,83,10,0.12048192771084337,1.0,100000000000000.0,25.157589432026,0.061418127396149415,762.4301385040611,5266447.884021641,4.932242406240592,0.5942460730410352
3.71,std,-2,18458658659675.72,0.01845865865967572,55,10,0.18181818181818182,1.0,100000000000000.0,26.39868730534702,0.06108607638156587,761.7139345570376,5238904.762326913,4.875336882833762,0.8864248877879568
3.7199999999999998,std,-2,18616821118242.79,0.01861682111824279,60,10,0.16666666666666666,1.0,100000000000000.0,22.50969258019514,0.06075601982624775,760.9961552120571,5211561.39139034,4.819140980513172,0.803190163418862
3.73,std,-2,18775915587149.53,0.01877591558714953,68,10,0.14705882352941177,1.0,100000000000000.0,23.89745364189803,0.06042795012735299,760.2768357174386,5184415.929424091,4.763645695739019,0.7005361317263263
3.7399999999999998,std,-2,18935945059032.37,0.018935945059032372,97,10,0.10309278350515463,1.0,100000000000000.0,25.50750677455091,0.060101859541404255,759.5560108714769,5157466.555130386,4.708842127608878,0.4854476420215338
3.75,std,-2,19096912527983.105,0.019096912527983106,58,10,0.1724137931034483,1.0,100000000000000.0,28.373165398137893,0.05977774019048319,758.8337150258333,5130711.467432381,4.654721477260228,0.8025381857345222
3.76,std,-2,19258820989544.492,0.01925882098954449,82,10,0.12195121951219512,1.0,100000000000000.0,21.891074550127,0.059455584068258405,758.109982092602,5104148.885215932,4.6012750472803425,0.561131103326871
3.77,std,-2,19421673440705.73,0.01942167344070573,62,10,0.16129032258064516,1.0,100000000000000.0,21.49329268759326,0.05913538304585055,757.3848455495587,5077777.047071797,4.54849424108056,0.7336281034000902
3.78,std,-2,19585472879898.098,0.0195854728798981,73,10,0.136986301369863,1.0,100000000000000.0,25.22419795548052,0.05881712887753789,756.6583384456111,5051594.211037625,4.49637056224865,0.615941172910774
3.79,std,-2,19750222306990.53,0.01975022230699053,94,10,0.10638297872340426,1.0,100000000000000.0,25.461438868024274,0.05850081320630583,755.9304934055635,5025598.654353037,4.444895613887118,0.47286123551990616
3.8,std,-2,19915924723285.133,0.01991592472328513,66,10,0.15151515151515152,1.0,100000000000000.0,28.484560850255843,0.058186427569244414,755.201342635648,4999788.673212268,4.394061097933434,0.6657668330202172
3.81,std,-2,20082583131513.04,0.020082583131513038,84,10,0.11904761904761904,1.0,100000000000000.0,22.75681817836366,0.05787396340279591,754.470917928208,4974162.582516595,4.343858814455826,0.5171260493399793
3.82,std,-2,20250200535829.844,0.020250200535829845,81,10,0.12345679012345678,1.0,100000000000000.0,21.779289290716395,0.0575634120478575,753.7392506699754,4948718.7156405095,4.2942806609638104,0.5301581062918285
3.83,std,-2,20418779941811.42,0.020418779941811422,93,10,0.10752688172043011,1.0,100000000000000.0,22.841777904314917,0.057254764754740534,753.0063718407382,4923455.424194368,4.245318631643159,0.4564858743702322
3.84,std,-2,20588324356449.57,0.02058832435644957,60,10,0.16666666666666666,1.0,100000000000000.0,22.610235626160346,0.056948012687991136,752.2723120260182,4898371.077789676,4.196964816657803,0.6994941361096338
3.8499999999999996,std,-2,20758836788147.754,0.020758836788147755,74,10,0.13513513513513514,1.0,100000000000000.0,24.79237550492253,0.056643146931074334,751.5371014148502,4873464.063811505,4.149211401358064,0.5607042434267655
3.86,std,-2,20930320246716.832,0.020930320246716833,84,10,0.11904761904761904,1.0,100000000000000.0,29.886380669474796,0.056340158490925135,750.8007698104016,4848732.787193777,4.102050665550081,0.4883393649464382
3.8699999999999997,std,-2,21102777743370.848,0.021102777743370847,95,10,0.10526315789473684,1.0,100000000000000.0,23.89486207671893,0.05603903830236975,750.06334663094,4824175.670194775,4.055474982698356,0.4268921034419322
3.88,std,-2,21276212290722.79,0.02127621229072279,72,10,0.1388888888888889,1.0,100000000000000.0,23.94987773266507,0.05573977723241955,749.3248609175463,4799791.152178878,4.009476819159026,0.5568717804387536
3.8899999999999997,std,-2,21450626902780.375,0.021450626902780375,61,10,0.16393442622950818,1.0,100000000000000.0,21.496287448988035,0.05544236608444147,748.5853413353251,4775577.689400512,3.964048733368468,0.6498440546505685
3.9,std,-2,21626024594941.96,0.02162602459494196,92,10,0.10869565217391304,1.0,100000000000000.0,23.584004721904694,0.0551467956022065,747.8448161805918,4751533.754790982,3.919183375056522,0.42599819294092633
3.9099999999999997,std,-2,21802408383992.234,0.021802408383992233,87,10,0.11494252873563218,1.0,100000000000000.0,25.576584118848647,0.0548530564738208,747.103313386606,4727657.837746424,3.874873484442914,0.4453877568325188
3.92,std,-2,21979781288098.273,0.021979781288098275,75,10,0.13333333333333333,1.0,100000000000000.0,23.283336411086708,0.054561139335540465,746.3608605230868,4703948.4439248545,3.8311118914002367,0.5108149188533648
3.9299999999999997,std,-2,22158146326805.254,0.022158146326805253,116,10,0.08620689655172414,1.0,100000000000000.0,21.44447728299166,0.054271034775474035,745.6174848067911,4680404.095037893,3.7878915146624816,0.32654237195366226
3.94,std,-2,22337506521032.516,0.022337506521032516,75,10,0.13333333333333333,1.0,100000000000000.0,23.416057305353974,0.05398273333717482,744.873213101716,4657023.328652699,3.745205360980689,0.49936071479742516
3.9499999999999997,std,-2,22517864893069.355,0.022517864893069357,117,10,0.08547008547008547,1.0,100000000000000.0,25.027642915445284,0.053696225523125696,744.1280719250335,4633804.697992794,3.703046524301045,0.31649970293171326
3.96,std,-2,22699224466571.016,0.022699224466571015,96,10,0.10416666666666667,1.0,100000000000000.0,15.882038438649488,0.05341150179811911,743.3820874502396,4610746.771740449,3.6614081849242797,0.38139668592961246
3.9699999999999998,std,-2,22881588266554.668,0.02288158826655467,66,10,0.15151515151515152,1.0,100000000000000.0,14.851296871127541,0.05312855259253501,742.6352855135747,4587848.13384705,3.620283608682637,0.5485278194973693
3.98,std,-2,23064959319395.387,0.023064959319395388,130,10,0.07692307692307693,1.0,100000000000000.0,20.011312817317624,0.05284736830551836,741.8876916166877,4565107.3833417045,3.5796661460920456,0.27535893431477276
3.9899999999999998,std,-2,23249340652822.098,0.0232493406528221,101,10,0.09900990099009901,1.0,100000000000000.0,20.85140879552293,0.05256793930805998,741.1393309294224,4542523.13414405,3.5395492315047945,0.35045041896087076
4.0,std,-2,23434735295913.727,0.023434735295913726,74,10,0.13513513513513514,1.0,100000000000000.0,23.03605085641628,0.05229025594598198,740.3902282972059,4520094.014880405,3.4999263822835553,0.4729630246329129
4.01,std,-2,23621146279095.09,0.02362114627909509,53,10,0.18867924528301888,1.0,100000000000000.0,24.884258118409576,0.052014308542830644,739.6404082431884,4497818.66870036,3.460791197947398,0.6529794713108299
4.02,std,-2,23808576634133.066,0.023808576634133067,43,10,0.23255813953488372,1.0,100000000000000.0,22.53233605505199,0.051740087402679,738.8898949699799,4475695.7530969195,3.4221373593169386,0.7958458975155671
4.03,std,-2,23997029394132.633,0.023997029394132632,98,10,0.10204081632653061,1.0,100000000000000.0,22.355152264538066,0.05146758281284127,738.1387123694203,4453723.939732424,3.383958627699552,0.3453019007856686
4.04,std,-2,24186507593532.89,0.02418650759353289,115,10,0.08695652173913043,1.0,100000000000000.0,18.336270144880096,0.05119678504650158,737.386884020198,4431901.9142613495,3.3462488440140175,0.290978160349045
4.05,std,-2,24377014268103.375,0.024377014268103375,97,10,0.10309278350515463,1.0,100000000000000.0,20.631514156722453,0.05092768436525858,736.6344331957628,4410228.376158676,3.309001927966506,0.3411342193779903
4.06,std,-2,24568552454939.93,0.02456855245493993,76,10,0.13157894736842105,1.0,100000000000000.0,20.129245725657416,0.05066027102158882,735.8813828659011,4388702.038552683,3.2722118772000934,0.43055419436843334
4.07,std,-2,24761125192461.098,0.024761125192461098,65,10,0.15384615384615385,1.0,100000000000000.0,18.408327767151626,0.05039453526123035,735.1277557026706,4367321.6280537555,3.235872766460988,0.49782657945553666
4.08,std,-2,24954735520404.06,0.02495473552040406,111,10,0.09009009009009009,1.0,100000000000000.0,19.034490015897507,0.05013046732548883,734.3735740813697,4346085.884590511,3.1999787467483496,0.2882863735809324
4.09,std,-2,25149386479821.105,0.025149386479821106,62,10,0.16129032258064516,1.0,100000000000000.0,21.404675084859214,0.049868057453468215,733.6188600858268,4324993.5612532655,3.1645240444895304,0.5104071039499243
4.1,std,-2,25345081113075.51,0.025345081113075513,88,10,0.11363636363636363,1.0,100000000000000.0,21.030417834508892,0.04960729588422757,732.8636355115892,4304043.424121051,3.1295029606948095,0.355625336442592
4.109999999999999,std,-2,25541822463838.09,0.025541822463838088,83,10,0.12048192771084337,1.0,100000000000000.0,24.8582130329415,0.04934817285886632,732.1079218709709,4283234.252119073,3.0949098701438427,0.3728807072462461
4.12,std,-2,25739613577083.152,0.025739613577083154,129,10,0.07751937984496124,1.0,100000000000000.0,16.30822878177579,0.04909067862253967,731.3517403934558,4262564.836847282,3.0607392205328288,0.23726660624285495
4.13,std,-2,25938457499084.883,0.025938457499084883,81,10,0.12345679012345678,1.0,100000000000000.0,17.548309523973035,0.04883480342640599,730.5951120307449,4242033.982438276,3.026985531665075,0.3737019174895154
4.14,std,-2,26138357277413.72,0.026138357277413718,103,10,0.0970873786407767,1.0,100000000000000.0,20.76738365680546,0.04858053752950762,729.8380574620454,4221640.505400525,2.9936433946337058,0.2906449897702627
4.1499999999999995,std,-2,26339315960932.43,0.02633931596093243,99,10,0.10101010101010101,1.0,100000000000000.0,22.255631640377338,0.04832787120058748,729.0805970940706,4201383.234468503,2.960707470990027,0.2990613607060634
4.16,std,-2,26541336599792.61,0.02654133659979261,89,10,0.11235955056179775,1.0,100000000000000.0,23.69058316479741,0.04807679471984265,728.3227510662889,4181261.010457904,2.928172491940226,0.32900814516182314
4.17,std,-2,26744422245430.875,0.026744422245430874,146,10,0.0684931506849315,1.0,100000000000000.0,16.461837742934797,0.04782729838061681,727.5645392543556,4161272.6861168793,2.896033257534595,0.19835844229689006
4.18,std,-2,26948575950565.305,0.026948575950565306,91,10,0.10989010989010989,1.0,100000000000000.0,22.098371584725164,0.0475793724910331,726.8059812727374,4141417.125983926,2.864284635861549,0.314756553391379
4.1899999999999995,std,-2,27153800769191.76,0.02715380076919176,88,10,0.11363636363636363,1.0,100000000000000.0,17.64880131530644,0.04733300737556878,726.0470964772556,4121693.2062488887,2.8329215622470856,0.32192290480080515
4.2,std,-2,27360099756580.273,0.027360099756580273,104,10,0.09615384615384616,1.0,100000000000000.0,20.22584443044894,0.04708819337657378,725.2879039700128,4102099.814607074,2.801939038462604,0.26941721523678885
4.21,std,-2,27567475969271.363,0.027567475969271362,152,10,0.06578947368421052,1.0,100000000000000.0,23.862257332466548,0.04684492085573398,724.5284226010879,4082635.850129579,2.7713321319350293,0.18232448236414664
4.22,std,-2,27775932465072.594,0.027775932465072595,138,10,0.07246376811594203,1.0,100000000000000.0,21.42579381906111,0.046603180195481396,723.7686709726947,4063300.22312007,2.741095974961388,0.1986301431131441
4.2299999999999995,std,-2,27985472303054.92,0.027985472303054922,74,10,0.13513513513513514,1.0,100000000000000.0,21.388395560815276,0.0463629618003518,723.0086674401115,4044091.8549862206,2.711225763925317,0.36638185998990774
4.24,std,-2,28196098543549.086,0.028196098543549087,85,10,0.11764705882352941,1.0,100000000000000.0,21.967139875822898,0.046124256098292224,722.2484301177361,4025009.6781047075,2.6817167585331174,0.31549608923919026
4.25,std,-2,28407814248142.156,0.028407814248142156,116,10,0.08620689655172414,1.0,100000000000000.0,17.28055138032995,0.04588705354191895,721.4879768799348,4006052.635690871,2.6525642810377548,0.22866933457222025
4.26,std,-2,28620622479673.945,0.028620622479673945,92,10,0.10869565217391304,1.0,100000000000000.0,17.731500792240293,0.04565134460972769,720.7273253643122,3987219.681670151,2.6237637154780553,0.2851917082041364
4.27,std,-2,28834526302233.59,0.02883452630223359,95,10,0.10526315789473684,1.0,100000000000000.0,19.29295949861042,0.04541711980725716,719.966492974901,3968509.7805564064,2.595310506926928,0.2731905796765187
4.28,std,-2,29049528781156.02,0.02904952878115602,125,10,0.08,1.0,100000000000000.0,18.627460516971617,0.0451843696682072,719.2054968854325,3949921.907314913,2.5672001607347212,0.2053760128587777
4.29,std,-2,29265632983018.344,0.029265632983018344,118,10,0.0847457627118644,1.0,100000000000000.0,18.50608183160012,0.04495308475551311,718.4443540404263,3931455.0472522303,2.5394282417875815,0.2152057832023374
4.3,std,-2,29482841975636.57,0.02948284197563657,64,10,0.15625,1.0,100000000000000.0,18.930635382775097,0.04472325566237682,717.6830811610862,3913108.1958865277,2.511990373775331,0.3924984959023955
4.31,std,-2,29701158828062.15,0.02970115882806215,107,10,0.09345794392523364,1.0,100000000000000.0,18.52557121408165,0.044494873013256726,716.9216947448143,3894880.358826569,2.4848822384476636,0.2322319849016508
4.32,std,-2,29920586610578.46,0.029920586610578462,148,10,0.06756756756756757,1.0,100000000000000.0,21.944235469377613,0.044267927464816684,716.1602110686439,3876770.551660913,2.4580995748963517,0.16608780911461837
4.33,std,-2,30141128394697.426,0.030141128394697427,178,10,0.056179775280898875,1.0,100000000000000.0,15.700805385490474,0.04404240970683595,715.3986461951743,3858777.7998315697,2.4316381788413604,0.1366088864517618
4.34,std,-2,30362787253156.1,0.030362787253156102,71,10,0.14084507042253522,1.0,100000000000000.0,20.403670118009966,0.04381831046308065,714.637015969583,3840901.138524533,2.405493901902659,0.33880195801445906
4.35,std,-2,30585566259913.36,0.03058556625991336,158,10,0.06329113924050633,1.0,100000000000000.0,21.489225736852447,0.043595620492138186,713.8753360276606,3823139.612554538,2.3796626509118157,0.15061156018429214
4.36,std,-2,30809468490146.465,0.030809468490146465,84,10,0.11904761904761904,1.0,100000000000000.0,19.203686140427752,0.04337433058821551,713.113621793994,3805492.276251821,2.3541403871970155,0.2802548079996447
4.37,std,-2,31034497020247.67,0.031034497020247673,66,10,0.15151515151515152,1.0,100000000000000.0,19.828891574424784,0.0431544315819022,712.351888488143,3787958.1933524255,2.328923125903052,0.3528671402883412
4.38,std,-2,31260654927821.047,0.03126065492782105,99,10,0.10101010101010101,1.0,100000000000000.0,23.526816967814312,0.042935914340899516,711.5901511247225,3770536.4368874063,2.304006935296024,0.23272797326222464
4.39,std,-2,31487945291678.996,0.031487945291679,175,10,0.05714285714285714,1.0,100000000000000.0,19.37177287942618,0.04271876977071631,710.8284245171966,3753226.089076467,2.27938793608903,0.13025073920508742
4.3999999999999995,std,-2,31716371191839.01,0.03171637119183901,112,10,0.08928571428571429,1.0,100000000000000.0,16.894538387638697,0.0425029888153329,710.0667232790092,3736026.2412209357,2.2550623007646515,0.20134484828255816
4.41,std,-2,31945935709520.33,0.031945935709520326,112,10,0.08928571428571429,1.0,100000000000000.0,18.629289504223728,0.04228856245783335,709.3050618281475,3718935.9935974055,2.2310262529148477,0.19919877258168284
4.42,std,-2,32176641927140.78,0.03217664192714078,62,10,0.16129032258064516,1.0,100000000000000.0,20.619165966094975,0.042075481721007855,708.543454386777,3701954.455356704,2.2072760665743356,0.3560122688023122
4.43,std,-2,32408492928313.383,0.03240849292831338,125,10,0.08,1.0,100000000000000.0,19.250526006400612,0.041863737667925324,707.7819149851189,3685080.744418201,2.1838080655707546,0.17470464524566037
4.4399999999999995,std,-2,32641491797843.215,0.03264149179784322,128,10,0.078125,1.0,100000000000000.0,23.32976465669808,0.041653321402477496,707.0204574662138,3668313.9873721073,2.1606186228881006,0.16879832991313287
4.45,std,-2,32875641621724.027,0.03287564162172403,120,10,0.08333333333333333,1.0,100000000000000.0,18.02585902506801,0.041444224069895445,706.2590954824091,3651653.319377335,2.137704160008105,0.17814201333400873
4.46,std,-2,33110945487135.203,0.0331109454871352,118,10,0.0847457627118644,1.0,100000000000000.0,21.838559932909014,0.041236436857238865,705.4978425024245,3635097.884063798,2.115061146293049,0.17924247002483465
4.47,std,-2,33347406482438.4,0.0333474064824384,119,10,0.08403361344537816,1.0,100000000000000.0,16.24535238640554,0.04102995099385941,704.7367118131293,3618646.833436934,2.0926860983594233,0.17585597465205238
4.4799999999999995,std,-2,33585027697174.46,0.03358502769717446,79,10,0.12658227848101267,1.0,100000000000000.0,20.49455185833958,0.04082475775183858,703.9757165186934,3602299.327779113,2.070575579448233,0.2620981746137004
4.49,std,-2,33823812222060.18,0.03382381222206018,95,10,0.10526315789473684,1.0,100000000000000.0,14.675126626523214,0.04062084844640118,703.214869546806,3586054.5355572705,2.0487261988261403,0.21565538935012002
4.5,std,-2,34063763148985.156,0.034063763148985154,83,10,0.12048192771084337,1.0,100000000000000.0,20.443941481670333,0.04041821443630461,702.4541836475445,3569911.633328093,2.0271346111693886,0.24423308568305888
4.51,std,-2,34304883571008.605,0.0343048835710086,124,10,0.08064516129032258,1.0,100000000000000.0,18.101283234192035,0.04021684712420523,701.6936713977356,3553869.805647869,2.005797515972758,0.16175786419135146
4.52,std,-2,34547176582356.31,0.03454717658235631,145,10,0.06896551724137931,1.0,100000000000000.0,18.34950012105535,0.04001673795700224,700.9333452016816,3537928.2449801154,1.9847116569526742,0.13687666599673615
4.53,std,-2,34790645278417.438,0.03479064527841744,113,10,0.08849557522123894,1.0,100000000000000.0,19.49561406038149,0.03981787842615967,700.1732172936236,3522086.15160432,1.9638738214621598,0.17379414349222652
4.54,std,-2,35035292755741.426,0.03503529275574142,138,10,0.07246376811594203,1.0,100000000000000.0,18.228165353117596,0.03962026006800758,699.413299741173,3506342.7335315645,1.9432808399183545,0.1408174521679967
4.55,std,-2,35281122112034.89,0.03528112211203489,58,10,0.1724137931034483,1.0,100000000000000.0,21.2039873039296,0.0394238744640223,698.6536044442221,3490697.2064130404,1.9229295852194228,0.3315395836585212
4.56,std,-2,35528136446158.59,0.03552813644615859,165,10,0.06060606060606061,1.0,100000000000000.0,17.32482214190312,0.03922871324108732,697.8941431403535,3475148.7934561176,1.902816972189965,0.11532224073878576
4.57,std,-2,35776338858124.26,0.03577633885812426,79,10,0.12658227848101267,1.0,100000000000000.0,18.55776641651083,0.03903476807173469,697.1349274049217,3459696.7253384124,1.8829399570163867,0.2383468300020743
4.58,std,-2,36025732449091.69,0.036025732449091685,98,10,0.10204081632653061,1.0,100000000000000.0,18.172492551712022,0.03884203067436807,696.375968653071,3444340.2401227453,1.8632955366942767,0.19013219762186498
4.59,std,-2,36276320321365.57,0.03627632032136557,121,10,0.08264462809917356,1.0,100000000000000.0,18.098784451410786,0.0386504928134673,695.6172781421591,3429078.583176759,1.8438807484853312,0.15238683871779599
4.6,std,-2,36528105578392.47,0.03652810557839247,135,10,0.07407407407407407,1.0,100000000000000.0,17.986755621340063,0.038460146299776024,694.858866974017,3413911.0070874332,1.8246926693769923,0.13516241995385128
4.61,std,-2,36781091324757.95,0.03678109132475795,148,10,0.06756756756756757,1.0,100000000000000.0,15.73090264128589,0.03827098299047199,694.1007460958381,3398836.7715838132,1.805728415548817,0.12200867672627141
4.62,std,-2,37035280666183.35,0.03703528066618335,119,10,0.08403361344537816,1.0,100000000000000.0,14.765876374744522,0.038082994789321374,693.3429263026408,3383855.1434541843,1.7869851418459697,0.15016681864251846
4.63,std,-2,37290676709522.97,0.03729067670952297,154,10,0.06493506493506493,1.0,100000000000000.0,13.947282555504387,0.03789617364681675,692.5854182389235,3368965.396468138,1.7684600412590494,0.11483506761422398
4.64,std,-2,37547282562761.055,0.037547282562761054,82,10,0.12195121951219512,1.0,100000000000000.0,17.974435087149523,0.03771051156030021,691.8282324006842,3354166.8113015178,1.7501503444122153,0.21343296883075796
4.6499999999999995,std,-2,37805101335008.78,0.03780510133500878,156,10,0.0641025641025641,1.0,100000000000000.0,17.01414563049329,0.03752600057407135,691.0713791377214,3339458.6754533774,1.73205331905359,0.11102905891369166
4.66,std,-2,38064136136501.35,0.03806413613650135,177,10,0.05649717514124294,1.0,100000000000000.0,15.493093122131114,0.03734263277948092,690.3148686533915,3324840.2831766997,1.71416626955227,0.09684555195210565
4.67,std,-2,38324390078594.96,0.038324390078594964,149,10,0.06711409395973154,1.0,100000000000000.0,18.23707990286998,0.037160400315010805,689.5587110092528,3310310.935399574,1.6964865364083714,0.11385815680593096
4.68,std,-2,38585866273764.1,0.0385858662737641,142,10,0.07042253521126761,1.0,100000000000000.0,15.986857553835517,0.036979295366340204,688.802916125065,3295869.9396521407,1.6790114957600537,0.11824024618028547
4.6899999999999995,std,-2,38848567835598.36,0.03884856783559836,214,10,0.04672897196261682,1.0,100000000000000.0,15.534632816283107,0.03679931016639911,688.0474937787892,3281516.609994206,1.6617385588967812,0.07765133452788697
4.7,std,-2,39112497878799.71,0.03911249787879971,184,10,0.05434782608695652,1.0,100000000000000.0,13.387300301480645,0.036620436995409095,687.292453614017,3267250.26694219,1.6446651717958602,0.08938397672803589
4.71,std,-2,39377659519179.56,0.03937765951917956,92,10,0.10869565217391304,1.0,100000000000000.0,14.325224702563048,0.03644266818091213,686.5378051337932,3253070.2373980703,1.6277888146325559,0.1769335668078865
4.72,std,-2,39644055873655.89,0.03964405587365589,145,10,0.06896551724137931,1.0,100000000000000.0,17.830886580007128,0.03626599609778732,685.7835577093771,3238975.8545814385,1.61110700133341,0.1111108276781662
4.7299999999999995,std,-2,39911690060250.3,0.0399116900602503,127,10,0.07874015748031496,1.0,100000000000000.0,14.363825248538145,0.03609041316825672,685.0297205770935,3224966.457955114,1.5946172791031945,0.12556041567741688
4.74,std,-2,40180565198085.414,0.04018056519808541,156,10,0.0641025641025641,1.0,100000000000000.0,17.078017562126657,0.03591591186187994,684.2763028430562,3211041.393161196,1.5783172279812996,0.10117418128085252
4.75,std,-2,40450684407381.63,0.040450684407381636,106,10,0.09433962264150944,1.0,100000000000000.0,14.955900597322529,0.035742484695538375,683.5233134814323,3197200.011952672,1.5622044603861287,0.14737777928171025
4.76,std,-2,40722050809454.66,0.04072205080945466,233,10,0.04291845493562232,1.0,100000000000000.0,14.852459912708946,0.035570124233408995,682.7707613400942,3183441.672123255,1.5462766206811491,0.06636380346271026
4.77,std,-2,40994667526712.63,0.04099466752671263,247,10,0.04048582995951417,1.0,100000000000000.0,17.78193700562115,0.03539882308692853,682.0186551386822,3169765.737445429,1.530531384732751,0.061964833389989926
4.78,std,-2,41268537682653.09,0.041268537682653095,114,10,0.08771929824561403,1.0,100000000000000.0,13.986427307909437,0.03522857391474806,681.2670034715517,3156171.577604061,1.5149664594824725,0.13289179469144496
4.79,std,-2,41543664401860.38,0.041543664401860386,164,10,0.06097560975609756,1.0,100000000000000.0,15.145753835493192,0.0350593694226785,680.5158148103973,3142658.568130008,1.4995795825235865,0.09143777942216991
4.8,std,-2,41820050810002.86,0.04182005081000286,136,10,0.07352941176470588,1.0,100000000000000.0,16.198256974757776,0.034891202363627125,679.7650975023554,3129226.0903392765,1.484368521675516,0.10914474424084677
4.81,std,-2,42097700033830.14,0.04209770003383014,129,10,0.07751937984496124,1.0,100000000000000.0,15.518739156513499,0.034724065537525745,679.0148597761414,3115873.5312690753,1.469331074579678,0.11390163368834713
4.82,std,-2,42376615201170.2,0.042376615201170205,174,10,0.05747126436781609,1.0,100000000000000.0,15.61260641862476,0.03455795179125056,678.2651097398289,3102600.2836156418,1.4544650682827711,0.08358994645303282
4.83,std,-2,42656799440926.766,0.04265679944092676,126,10,0.07936507936507936,1.0,100000000000000.0,16.122559191841944,0.03439285401853435,677.5158553828683,3089405.7456736234,1.4397683588352883,0.11426733006629272
4.84,std,-2,42938255883076.51,0.04293825588307651,146,10,0.0684931506849315,1.0,100000000000000.0,15.550993638242371,0.034228765159870625,676.7671045791153,3076289.321274794,1.4252388308967299,0.09761909800662533
4.85,std,-2,43220987658666.336,0.04322098765866634,154,10,0.06493506493506493,1.0,100000000000000.0,16.93351812104774,0.034065678202410896,676.0188650876382,3063250.419728769,1.410874397341888,0.0916152206066161
4.86,std,-2,43504997899810.8,0.0435049978998108,139,10,0.07194244604316546,1.0,100000000000000.0,15.553632722307967,0.03390358617985464,675.2711445527987,3050288.455764161,1.3966729988707742,0.10048007186120678
4.87,std,-2,43790289739689.16,0.04379028973968915,194,10,0.05154639175257732,1.0,100000000000000.0,14.873764920262223,0.033742482172332715,674.5239505065532,3037402.8494712934,1.3826326036288,0.07126972183653607
4.88,std,-2,44076866312542.87,0.044076866312542866,125,10,0.08,1.0,100000000000000.0,16.56842666263024,0.03358235930628393,673.7772903709965,3024593.026241584,1.3687512068305923,0.10950009654644738
4.89,std,-2,44364730753672.86,0.04436473075367286,106,10,0.09433962264150944,1.0,100000000000000.0,16.14309991232465,0.03342321075432565,673.0311714569491,3011858.4167142524,1.3550268303838227,0.12783271984753045
4.8999999999999995,std,-2,44653886199436.83,0.044653886199436825,221,10,0.04524886877828054,1.0,100000000000000.0,15.850109557346268,0.03326502973511832,672.2856009673883,2999198.4567176998,1.3414575225252403,0.060699435408381915
4.91,std,-2,44944335787246.67,0.04494433578724667,139,10,0.07194244604316546,1.0,100000000000000.0,16.36133466570227,0.033107809513224104,671.5405859993463,2986612.5872155535,1.328041357460202,0.0955425437021728
4.92,std,-2,45236082655565.67,0.045236082655565675,196,10,0.05102040816326531,1.0,100000000000000.0,17.183459821881378,0.032951543398960184,670.7961335428605,2974100.254251155,1.3147764350002467,0.06708043035715544
4.93,std,-2,45529129943906.125,0.04552912994390613,98,10,0.10204081632653061,1.0,100000000000000.0,15.365116932366949,0.032796224748246505,670.0522504831134,2961660.908893382,1.30166088021225,0.13282253879716838
4.9399999999999995,std,-2,45823480792826.43,0.04582348079282643,129,10,0.07751937984496124,1.0,100000000000000.0,15.627065974191112,0.03264184696244863,669.3089436031375,2949294.0071838005,1.288692843073653,0.09989867000570954
4.95,std,-2,46119138343928.7,0.0461191383439287,205,10,0.04878048780487805,1.0,100000000000000.0,15.035125034212388,0.03248840348821557,668.5662195835733,2936999.0100829303,1.2758704981259659,0.06223758527443736
4.96,std,-2,46416105739856.0,0.046416105739856,229,10,0.043668122270742356,1.0,100000000000000.0,14.829322067580673,0.03233588781731316,667.8240850037591,2924775.38341962,1.263192044136701,0.05516122463479044
4.97,std,-2,46714386124289.84,0.046714386124289846,170,10,0.058823529411764705,1.0,100000000000000.0,13.801029050992764,0.032184293486452624,667.0825463441541,2912622.597837311,1.2506557037667962,0.07356798257451742
4.9799999999999995,std,-2,47013982641947.65,0.04701398264194765,151,10,0.06622516556291391,1.0,100000000000000.0,15.979193099135589,0.03203361407711513,666.3416099862168,2900540.12874541,1.2382597232397037,0.08200395518143734
4.99,std,-2,47314898438580.05,0.04731489843858005,196,10,0.05102040816326531,1.0,100000000000000.0,15.831202384822452,0.03188384321537219,665.6012822150698,2888527.4562673313,1.2260023720185442,0.06255114142951756
