z,luminosity_function,alpha_intrinsic,L_min_Jy_kpc2,L_min_over_L_star,n_generated,n_detected,detection_rate_10_per_n,N_ratio_detectable_L,mean_detected_L,mean_SNR,SFR_psi,comoving_volume_Mpc3,time_Gyr,nfrb_sfr_base,n_total_population_scaled
0.01,std,0,10000000000.0,1e-05,11,10,0.9090909090909091,1.0,100000000000000.0,24956662.56430313,0.015366633837018974,0.16390929855738767,137678720.05218962,0.0069355219429469836,0.006305019948133621
0.02,std,0,10000000000.0,1e-05,13,10,0.7692307692307693,1.0,100000000000000.0,6709149.244388673,0.015778461234561884,0.6126030070316889,135706863.92550436,0.026234668540322924,0.020180514261786867
0.03,std,0,10000000000.0,1e-05,13,10,0.7692307692307693,1.0,100000000000000.0,1647700.8514749352,0.016197006898133106,1.3505815873235287,133769703.76805276,0.05852526013903226,0.045019430876178664
0.04,std,0,10000000000.0,1e-05,12,10,0.8333333333333334,1.0,100000000000000.0,1782831.7321612332,0.0166223021408091,2.3696244267855087,131866423.28089881,0.1038807107668169,0.08656725897234742
0.05,std,0,10000000000.0,1e-05,10,10,1.0,1.0,100000000000000.0,177585.18106032762,0.01705437728000787,3.661538304634726,129996236.70924087,0.16235296475527417,0.16235296475527417
0.060000000000000005,std,0,10000000000.0,1e-05,15,10,0.6666666666666666,1.0,100000000000000.0,774332.3529241316,0.017493261604641853,5.21816493002693,128158387.20751494,0.23397293431151175,0.1559819562076745
0.06999999999999999,std,0,10000000000.0,1e-05,13,10,0.7692307692307693,1.0,100000000000000.0,255011.15359228424,0.017938983341287663,7.031388229991008,126352145.30294725,0.3187509736273605,0.24519305663643115
0.08,std,0,10000000000.0,1e-05,11,10,0.9090909090909091,1.0,100000000000000.0,148486.0449082778,0.018391569619367408,9.093141377008951,124576807.45144194,0.4166773864824215,0.3787976240749286
0.09,std,0,10000000000.0,1e-05,18,10,0.5555555555555556,1.0,100000000000000.0,150263.53261942486,0.018851046435337065,11.395413547198801,122831694.67989907,0.527722964294582,0.2931794246081011
0.09999999999999999,std,0,10000000000.0,1e-05,10,10,1.0,1.0,100000000000000.0,241078.25429327678,0.019317438615878545,13.930256401486556,121116151.30983643,0.6518395515980764,0.6518395515980764
0.11,std,0,10000000000.0,1e-05,16,10,0.625,1.0,100000000000000.0,111386.05020411401,0.019790769780093035,16.68979028318082,119429543.75708403,0.7889606359507991,0.49310039746924944
0.12,std,0,10000000000.0,1e-05,17,10,0.5882352941176471,1.0,100000000000000.0,49154.94233586711,0.020271062300694323,19.66621012689964,117771259.40308331,0.9390019593349518,0.5523540937264423
0.13,std,0,10000000000.0,1e-05,10,10,1.0,1.0,100000000000000.0,145925.59056244555,0.02075833726420218,22.851791074538102,116140705.53330435,1.101862148152077,1.101862148152077
0.14,std,0,10000000000.0,1e-05,12,10,0.8333333333333334,1.0,100000000000000.0,92417.00234862986,0.021252614430137,26.238893795567257,114537308.33873443,1.2774233590054542,1.0645194658378785
0.15000000000000002,std,0,10000000000.0,1e-05,10,10,1.0,1.0,100000000000000.0,76301.91975501206,0.021753912189218152,29.819969509665427,112960511.97664525,1.465551937525097,1.465551937525097
0.16,std,0,10000000000.0,1e-05,12,10,0.8333333333333334,1.0,100000000000000.0,98781.2092193526,0.02226224752057046,33.58756471099957,111409777.68701176,1.666099087591878,1.388415906326565
0.17,std,0,10000000000.0,1e-05,13,10,0.7692307692307693,1.0,100000000000000.0,92970.62801833908,0.02277763594794393,37.5343255943673,109884582.96125181,1.8789015484102705,1.4453088833925158
0.18000000000000002,std,0,10000000000.0,1e-05,15,10,0.6666666666666666,1.0,100000000000000.0,16052.606402362313,0.023300091494954225,41.65300218417125,108384420.7601139,2.1037822769736754,1.4025215179824502
0.19,std,0,10000000000.0,1e-05,13,10,0.7692307692307693,1.0,100000000000000.0,7197.6242580129665,0.023829626639352574,45.936452168487456,106908798.77780546,2.3405511335973497,1.8004239489210383
0.2,std,0,10000000000.0,1e-05,14,10,0.7142857142857143,1.0,100000000000000.0,92193.48905010268,0.024366252266335785,50.37764444113629,105457238.74949963,2.589005568297937,1.8492896916413835
0.21000000000000002,std,0,10000000000.0,1e-05,13,10,0.7692307692307693,1.0,100000000000000.0,86352.90695547409,0.02490997762090884,54.96966235505596,104029275.79969656,2.8489313059006656,2.191485619923589
0.22,std,0,10000000000.0,1e-05,15,10,0.6666666666666666,1.0,100000000000000.0,18331.682230119397,0.025460810259314456,59.705706691802156,102624457.82893437,3.120103027915736,2.080068685277157
0.23,std,0,10000000000.0,1e-05,23,10,0.43478260869565216,1.0,100000000000000.0,21437.21863944954,0.026018755999546127,64.57909835189005,101242344.93655138,3.4022850493114456,1.479254369265846
0.24000000000000002,std,0,10000000000.0,1e-05,12,10,0.8333333333333334,1.0,100000000000000.0,22661.52672645424,0.02658381887096318,69.58328077187187,99882508.87732875,3.69523198846605,3.079359990388375
0.25,std,0,10000000000.0,1e-05,12,10,0.8333333333333334,1.0,100000000000000.0,24937.31835114095,0.027156001063028613,74.71182207409242,98544532.5499974,3.9986894286813497,3.3322411905677916
0.26,std,0,10000000000.0,1e-05,11,10,0.9090909090909091,1.0,100000000000000.0,38950.2271915632,0.02773530287319293,79.95841695617725,97228009.51565525,4.312394569797267,3.9203586998156976
0.27,std,0,10000000000.0,1e-05,14,10,0.7142857142857143,1.0,100000000000000.0,10502.768578663226,0.0283217226539493,85.31688832676117,95932543.54423486,4.636076868517109,3.311483477512221
0.28,std,0,10000000000.0,1e-05,12,10,0.8333333333333334,1.0,100000000000000.0,30709.907840532844,0.028915256759088154,90.78118869595377,94657748.18751705,4.969458666273276,4.14121555522773
0.29000000000000004,std,0,10000000000.0,1e-05,10,10,1.0,1.0,100000000000000.0,8709.760975374056,0.029515899489181725,96.34540132752994,93403246.37677355,5.3122558034630725,5.3122558034630725
0.3,std,0,10000000000.0,1e-05,13,10,0.7692307692307693,1.0,100000000000000.0,11998.98216472497,0.03012364303633178,102.00374116112222,92168670.04385954,5.664178219084269,4.357060168526361
0.31,std,0,10000000000.0,1e-05,14,10,0.7142857142857143,1.0,100000000000000.0,13769.179483412769,0.030738477428216556,107.75055551374268,90953659.76403436,6.024930534930934,4.303521810664953
0.32,std,0,10000000000.0,1e-05,12,10,0.8333333333333334,1.0,100000000000000.0,6100.559102992204,0.03136039047147566,113.58032456736365,89757864.41943079,6.39421262349617,5.328510519580142
0.33,std,0,10000000000.0,1e-05,17,10,0.5882352941176471,1.0,100000000000000.0,6018.074823214933,0.031989367694474906,119.48766165353132,88580940.88171776,6.771720159037775,3.9833647994339856
0.34,std,0,10000000000.0,1e-05,12,10,0.8333333333333334,1.0,100000000000000.0,5621.42274104088,0.032625392289495694,125.46731334203349,87422553.71285346,7.15714515115652,5.964287625963767
0.35000000000000003,std,0,10000000000.0,1e-05,17,10,0.5882352941176471,1.0,100000000000000.0,11868.683201432057,0.03326844505439697,131.51415934337723,86282374.8828454,7.550176460482328,4.441280270871958
0.36000000000000004,std,0,10000000000.0,1e-05,14,10,0.7142857142857143,1.0,100000000000000.0,14636.073586951088,0.03391850433380093,137.6232122341143,85160083.50335014,7.9505002961049485,5.678928782932106
0.37,std,0,10000000000.0,1e-05,11,10,0.9090909090909091,1.0,100000000000000.0,16679.310687980043,0.03457554595985672,143.78961701316925,84055365.5762477,8.357800694442766,7.598000631311605
0.38,std,0,10346899757.267897,1.0346899757267897e-05,16,10,0.625,1.0,100000000000000.0,24113.328148400957,0.035239543192639965,150.00865049940452,82967913.75619605,8.7717599794356,5.48234998714725
0.39,std,0,10920086822.63183,1.092008682263183e-05,12,10,0.8333333333333334,1.0,100000000000000.0,10537.174085773371,0.03591046666024937,156.2757205777078,81897427.12626469,9.192059203862204,7.660049336551837
0.4,std,0,11509167737.2742,1.15091677372742e-05,16,10,0.625,1.0,100000000000000.0,3911.355810684347,0.03658828429866464,162.58636530392516,80843610.98588744,9.618378571847783,6.011486607404865
0.41000000000000003,std,0,12114136090.276588,1.2114136090276588e-05,12,10,0.8333333333333334,1.0,100000000000000.0,6037.647799707683,0.03727296129143468,168.93625187542312,79806176.65031886,10.050397842487431,8.375331535406193
0.42000000000000004,std,0,12734982415.427605,1.2734982415427605e-05,15,10,0.6666666666666666,1.0,100000000000000.0,7669.978333811594,0.037964460009266905,175.32117547808528,78784841.26087493,10.487796714823952,6.991864476549301
0.43,std,0,13371694295.62109,1.337169429562109e-05,15,10,0.6666666666666666,1.0,100000000000000.0,14232.79036621068,0.038662739949594106,181.73705801608415,77779327.60525452,10.930255194222283,7.286836796148188
0.44,std,0,14024256465.434172,1.4024256465434171e-05,13,10,0.7692307692307693,1.0,100000000000000.0,10874.360360240806,0.03936775767619714,188.17994673362284,76789363.94735558,11.37745394042519,8.751887646480915
0.45,std,0,14692650911.847483,1.4692650911847482e-05,15,10,0.6666666666666666,1.0,100000000000000.0,10901.734014204882,0.04007946675896711,194.6460127361265,75814683.86589663,11.829074597516637,7.886049731677758
0.46,std,0,15376856973.073141,1.5376856973073142e-05,15,10,0.6666666666666666,1.0,100000000000000.0,5607.798935638692,0.04079781771389325,201.13154941942497,74855026.10136408,12.284800106163743,8.189866737442495
0.47000000000000003,std,0,16076851435.459309,1.6076851435459307e-05,20,10,0.5,1.0,100000000000000.0,4431.512062354455,0.04152275794336715,207.6329708135642,73910134.4107027,12.74431499842924,6.37215749921462
0.48000000000000004,std,0,16792608628.450974,1.6792608628450973e-05,19,10,0.5263157894736842,1.0,100000000000000.0,7039.1980435316755,0.04225423167689769,214.14680984893627,72979757.42922702,13.207305675561571,6.951213513453458
0.49,std,0,17524100517.583908,1.7524100517583908e-05,19,10,0.5263157894736842,1.0,100000000000000.0,5190.943320291886,0.042992179912334685,220.66971655228951,72063648.53939462,13.673460669232922,7.196558246964695
0.5,std,0,18271296795.497868,1.827129679549787e-05,18,10,0.5555555555555556,1.0,100000000000000.0,10640.200705285843,0.04373654035770323,227.19845617831092,71161565.7458431,14.142470886578126,7.856928270321181
0.51,std,0,19034164970.956585,1.9034164970956584e-05,15,10,0.6666666666666666,1.0,100000000000000.0,5277.325248203391,0.04448724737375437,233.72990728517897,70273271.55644336,14.614029839649735,9.74268655976649
0.52,std,0,19812670455.87151,1.9812670455871508e-05,13,10,0.7692307692307693,1.0,100000000000000.0,5800.492560334829,0.04524423191734168,240.26105975808815,69398532.8688438,15.087833859615067,11.606026045857744
0.53,std,0,20606776650.31636,2.060677665031636e-05,11,10,0.9090909090909091,1.0,100000000000000.0,7073.816383479867,0.04600742148573693,246.78901278899025,68537120.86228469,15.56358229637011,14.14871117851828
0.54,std,0,21416445025.54351,2.1416445025543512e-05,15,10,0.6666666666666666,1.0,100000000000000.0,6127.385720015385,0.046776740062001616,253.31097281720866,67688810.89416112,16.0409777039867,10.693985135991134
0.55,std,0,22241635204.993797,2.2241635204993798e-05,20,10,0.5,1.0,100000000000000.0,6135.894384676698,0.04755210806153499,259.8242514367817,66853382.401291125,16.51972601260903,8.259863006304515
0.56,std,0,23082305043.3165,2.30823050433165e-05,14,10,0.7142857142857143,1.0,100000000000000.0,2250.5088284128424,0.04833344227992233,266.32626327557193,66030618.80524841,16.99953668725072,12.142526205179086
0.5700000000000001,std,0,23938410703.398758,2.3938410703398757e-05,14,10,0.7142857142857143,1.0,100000000000000.0,5679.903359106874,0.049120655842211244,272.8145238520679,65220307.42184981,17.480122874184655,12.48580205298904
0.5800000000000001,std,0,24809906731.42152,2.480990673142152e-05,12,10,0.8333333333333334,1.0,100000000000000.0,8963.493258352602,0.04991365815374634,279.28664741282654,64422239.37422575,17.961201535287355,14.967667946072796
0.59,std,0,25696746129.954132,2.5696746129954133e-05,16,10,0.625,1.0,100000000000000.0,2650.491535586364,0.050712354852696435,285.7403447586599,63636209.50946025,18.442493571175945,11.526558481984965
0.6,std,0,26598880429.10377,2.659888042910377e-05,16,10,0.625,1.0,100000000000000.0,7423.523375005816,0.051516647764411366,292.17342105793676,62862016.318445235,18.92372393327775,11.827327458298594
0.61,std,0,27516259755.736156,2.7516259755736156e-05,15,10,0.6666666666666666,1.0,100000000000000.0,10603.932009076716,0.05232643485774771,298.5837736592991,62099461.8588071,19.40462172592923,12.936414483952818
0.62,std,0,28448832900.792614,2.8448832900792613e-05,12,10,0.8333333333333334,1.0,100000000000000.0,3342.7484771823147,0.05314161020350689,304.9693898979668,61348351.680681646,19.884920298418695,16.570766915348912
0.63,std,0,29396547384.717968,2.9396547384717968e-05,16,10,0.625,1.0,100000000000000.0,1285.292016863584,0.05396206393512963,311.3283449083857,60608494.75515795,20.36435732810088,12.72772333006305
0.64,std,0,30359349521.029133,3.0359349521029132e-05,15,10,0.6666666666666666,1.0,100000000000000.0,4373.560343117816,0.054787682211795266,317.6587994400555,59879703.405252725,20.842674894699282,13.895116596466188
0.65,std,0,31337184478.046715,3.133718447804671e-05,16,10,0.625,1.0,100000000000000.0,6152.008366686475,0.055618347184074164,323.9589976825524,59161793.23922499,21.319619546488738,13.324762216555461
0.66,std,0,32329996338.81624,3.232999633881624e-05,15,10,0.6666666666666666,1.0,100000000000000.0,5904.116606349229,0.056453936962285574,330.22726510333877,58454583.086089864,21.794942358909672,14.529961572606448
0.67,std,0,33337728159.24329,3.333772815924329e-05,15,10,0.6666666666666666,1.0,100000000000000.0,2202.4638398441,0.05729432558771266,336.46200629708704,57757894.933217816,22.26839898585212,14.845599323901412
0.68,std,0,34360322024.47911,3.4360322024479114e-05,13,10,0.7692307692307693,1.0,100000000000000.0,3289.7146178860326,0.05813938300682973,342.66170285595126,57071553.86587637,22.73974970453855,17.49211515733735
0.6900000000000001,std,0,35397719103.57628,3.539771910357628e-05,18,10,0.5555555555555556,1.0,100000000000000.0,5412.177704850712,0.05898897504869533,348.8249112545665,56395388.00860588,23.20875945391007,12.89375525217226
0.7000000000000001,std,0,36449859702.45216,3.644985970245216e-05,15,10,0.6666666666666666,1.0,100000000000000.0,4012.0255460615263,0.059842963405668255,354.9502607601426,55729228.46830064,23.675197867500977,15.78346524500065
0.7100000000000001,std,0,37516683315.1862,3.7516683315186204e-05,17,10,0.5882352941176471,1.0,100000000000000.0,5129.53733838614,0.06070120561760056,361.0364513632596,55072909.27894104,24.138839300833435,14.199317235784374
0.72,std,0,38598128673.68618,3.859812867368618e-05,20,10,0.5,1.0,100000000000000.0,5766.925305839157,0.061563555059664696,367.08225173594644,54426267.3478233,24.59946285404369,12.299731427021845
0.73,std,0,39694133795.75364,3.969413379575364e-05,21,10,0.47619047619047616,1.0,100000000000000.0,2404.8279956842644,0.062429860933968816,373.0864972138131,53789142.40325106,25.05685238983673,11.931834471350824
0.74,std,0,40804636031.57901,4.080463603157901e-05,19,10,0.5263157894736842,1.0,100000000000000.0,7666.7858189123,0.06329996826511489,379.0480878090866,53161376.94359302,25.510796547506434,13.426735025003385
0.75,std,0,41929572108.70571,4.192957210870571e-05,13,10,0.7692307692307693,1.0,100000000000000.0,3620.875546910742,0.06417371789985252,384.9659862515839,52542816.187593825,25.961088753081512,19.970068271601164
0.76,std,0,43068878175.48624,4.3068878175486236e-05,20,10,0.5,1.0,100000000000000.0,3365.524401388935,0.06505094651097904,390.83921606058897,51933308.025967404,26.407527226110503,13.203763613055251
0.77,std,0,44222489843.07375,4.4222489843073755e-05,14,10,0.7142857142857143,1.0,100000000000000.0,2401.971607194454,0.06593148660563516,396.66685964941246,51332702.97407133,26.849914983399817,19.17851070242844
0.78,std,0,45390342225.97505,4.5390342225975054e-05,18,10,0.5555555555555556,1.0,100000000000000.0,4104.950717500578,0.06681516653814157,402.4480564613706,50740854.125752576,27.28805983994215,15.160033244412306
0.79,std,0,46572369981.20119,4.657236998120119e-05,15,10,0.6666666666666666,1.0,100000000000000.0,3126.2791614107064,0.0677018105275198,408.18200113966117,50157617.108157024,27.721774407365434,18.48118293824362
0.8,std,0,47768507346.04909,4.7768507346049084e-05,19,10,0.5263157894736842,1.0,100000000000000.0,1083.9504942809683,0.06859123867983588,413.86794173262695,49582850.03763585,28.15087609032917,14.816250573857458
0.81,std,0,48978688174.54633,4.897868817454633e-05,16,10,0.625,1.0,100000000000000.0,781.1058785616262,0.06948326701550157,419.50517793203227,49016413.47646635,28.575187080800067,17.85949192550004
0.8200000000000001,std,0,50202845972.5928,5.02028459725928e-05,13,10,0.7692307692307693,1.0,100000000000000.0,3101.1642509803114,0.0703777075016633,425.0930593474103,48458170.39061373,28.994534350769378,22.30348796213029
0.8300000000000001,std,0,51440913931.8314,5.14409139318314e-05,14,10,0.7142857142857143,1.0,100000000000000.0,1689.404901395589,0.0712743680898028,430.63098381638633,47907986.10823188,29.408749643457092,21.006249745326496
0.8400000000000001,std,0,52692824962.28094,5.269282496228094e-05,21,10,0.47619047619047616,1.0,100000000000000.0,2047.8383889073725,0.07217305275866856,436.1183957505335,47365728.279101126,29.817669463293033,14.198890220615729
0.85,std,0,53958511723.76394,5.3958511723763936e-05,15,10,0.6666666666666666,1.0,100000000000000.0,3606.0298618313464,0.0730735615626498,441.55478451688083,46831266.83476413,30.221135064737087,20.14742337649139
0.86,std,0,55237906656.15946,5.5237906656159465e-05,20,10,0.5,1.0,100000000000000.0,2913.7578855653046,0.07397569068569808,446.9396828572245,46304473.94949488,30.61899244034859,15.309496220174294
0.87,std,0,56530942008.514496,5.6530942008514496e-05,15,10,0.6666666666666666,1.0,100000000000000.0,1891.0724547466812,0.07487923250089422,452.27266534162857,45785224.0019454,31.01109230793183,20.674061538621217
0.88,std,0,57837549867.04471,5.783754986704471e-05,14,10,0.7142857142857143,1.0,100000000000000.0,3114.6792390012806,0.07578397563574907,457.5533468608919,45273393.53755888,31.39729009729886,22.4266357837849
0.89,std,0,59157662182.05469,5.915766218205469e-05,14,10,0.7142857142857143,1.0,100000000000000.0,4084.556776036731,0.07668970504331966,462.78138115217166,44768861.231587745,31.77744593629089,22.698175668779207
0.9,std,0,60491210793.80813,6.049121079380813e-05,19,10,0.5263157894736842,1.0,100000000000000.0,3422.2551243567336,0.07759620207921059,467.95645936404327,44271507.85283817,32.15142463670238,16.921802440369675
0.91,std,0,61838127457.37967,6.183812745737967e-05,18,10,0.5555555555555556,1.0,100000000000000.0,2351.6639739586994,0.07850324458452297,473.07830865450416,43781216.22801512,32.51909567969979,18.066164266499882
0.92,std,0,63198343866.51468,6.319834386651468e-05,14,10,0.7142857142857143,1.0,100000000000000.0,3051.94847230123,0.07941060697480082,478.1466908269018,43297871.206686266,32.880333201196784,23.48595228656913
0.93,std,0,64571791676.52918,6.457179167652919e-05,12,10,0.8333333333333334,1.0,100000000000000.0,1036.9401482022477,0.08031806033501555,483.1614010005778,42821359.6268634,33.23501597706453,27.695846647553775
0.9400000000000001,std,0,65958402526.27634,6.595840252627634e-05,21,10,0.47619047619047616,1.0,100000000000000.0,904.9392123934261,0.08122537252061583,488.12226631575396,42351570.28113079,33.583027408177976,15.991917813418084
0.9500000000000001,std,0,67358108059.206856,6.735810805920686e-05,22,10,0.45454545454545453,1.0,100000000000000.0,3398.6504107795067,0.08213230826466011,493.02914467449386,41888393.88338472,33.92425550554967,15.420116138886211
0.9600000000000001,std,0,68770839943.55511,6.877083994355512e-05,18,10,0.5555555555555556,1.0,100000000000000.0,2839.674790485111,0.0830386292910345,497.88192351547127,41431723.03608367,34.2585928753831,19.032551597435056
0.97,std,0,70196529891.67055,7.019652989167054e-05,19,10,0.5263157894736842,1.0,100000000000000.0,976.6795738190929,0.08394409443374791,502.68051862280294,40981452.198053606,34.58593670415267,18.203124581132986
0.98,std,0,71635109678.52783,7.163510967852783e-05,16,10,0.625,1.0,100000000000000.0,4425.992418700568,0.08484845976228053,507.42487296760333,40537477.652815565,34.90618874363719,21.816367964773242
0.99,std,0,73086511159.437,7.3086511159437e-05,17,10,0.5882352941176471,1.0,100000000000000.0,2467.5299756066015,0.08575147871295036,512.1149555846321,40099697.47744613,35.219255296116174,20.717208997715396
1.0,std,0,74550666286.98073,7.455066628698073e-05,16,10,0.625,1.0,100000000000000.0,2340.864818516409,0.08665290222624604,516.7507604776409,39668011.51188104,35.525047199238465,22.20315449952404
1.01,std,0,76027507127.20227,7.602750712720227e-05,18,10,0.5555555555555556,1.0,100000000000000.0,5116.481514791843,0.08755247889006164,521.3323055621364,39242321.32879002,35.82347981129141,19.90193322849523
1.02,std,0,77516965875.06996,7.751696587506996e-05,16,10,0.625,1.0,100000000000000.0,1003.9176585146419,0.08844995508875261,525.8596316338384,38822530.203856505,36.11447299593024,22.5715456224564
1.03,std,0,79018974869.23853,7.901897486923852e-05,14,10,0.7142857142857143,1.0,100000000000000.0,1084.1054272285178,0.08934507515791797,530.332801372219,38408543.086599246,36.39795110713632,25.998536505097373
1.04,std,0,80533466606.13568,8.053346660613568e-05,23,10,0.43478260869565216,1.0,100000000000000.0,1887.4762264069518,0.09023758154479809,534.7518983727047,38000266.571585506,36.67384297382221,15.945149119053134
1.05,std,0,82060373753.38863,8.206037375338863e-05,20,10,0.5,1.0,100000000000000.0,1463.963006408983,0.09112721497416236,539.117026208578,37597608.87017283,36.94208188426972,18.47104094213486
1.06,std,0,83599629162.62016,8.359962916262017e-05,17,10,0.5882352941176471,1.0,100000000000000.0,1579.9467193587286,0.09201371461954395,543.428307522134,37200479.78263619,37.20260557021835,21.88388562954021
1.07,std,0,85151165881.6308,8.51511658816308e-05,14,10,0.7142857142857143,1.0,100000000000000.0,1675.4324697246702,0.09289681827966537,547.6858831449516,36808790.67077036,37.455356190655706,26.753825850468363
1.08,std,0,86714917165.98866,8.671491716598866e-05,26,10,0.38461538461538464,1.0,100000000000000.0,2704.216614009384,0.09377626255988103,551.8899112455697,36422454.43092041,37.700280315119706,14.50010781350758
1.09,std,0,88290816490.0487,8.82908164900487e-05,20,10,0.5,1.0,100000000000000.0,2752.0821215051055,0.09465178305844799,556.040566504761,36041385.46742419,37.937328906475294,18.968664453237647
1.1,std,0,89878797557.4191,8.98787975574191e-05,14,10,0.7142857142857143,1.0,100000000000000.0,1966.959331775257,0.09552311455742028,560.1380393170732,35665499.66649557,38.166457303066636,27.261755216476168
1.11,std,0,91478794310.896,9.1478794310896e-05,15,10,0.6666666666666666,1.0,100000000000000.0,1116.632592235268,0.09638999121794681,564.1825350200373,35294714.37049736,38.387625200246795,25.59175013349786
1.12,std,0,93090740941.88193,9.309074094188192e-05,19,10,0.5263157894736842,1.0,100000000000000.0,1793.7877635196814,0.09725214677973788,568.1742731461698,34928948.352648705,38.60079663095528,20.316208753134358
1.1300000000000001,std,0,94714571899.31018,9.471457189931018e-05,15,10,0.6666666666666666,1.0,100000000000000.0,1376.6829890263864,0.09810931476444977,572.1134867033504,34568121.792101,38.80593994560731,25.87062663040487
1.1400000000000001,std,0,96350221898.09035,9.635022189809035e-05,27,10,0.37037037037037035,1.0,100000000000000.0,1747.2236346597488,0.09896122868272254,576.0004214765389,34212156.24944995,39.00302779084005,14.445565848459276
1.1500000000000001,std,0,97997625927.09174,9.799762592709174e-05,13,10,0.7692307692307693,1.0,100000000000000.0,1303.9907232675139,0.09980762224459194,579.8353353550832,33860974.64260373,39.192037087268865,30.147720836360666
1.1600000000000001,std,0,99656719256.68073,9.965671925668073e-05,23,10,0.43478260869565216,1.0,100000000000000.0,2505.164453760156,0.10064822957298275,583.6184976825231,33514501.22304822,39.37294900603636,17.118673480885374
1.17,std,0,101327437445.83397,0.00010132743744583397,16,10,0.625,1.0,100000000000000.0,787.1047955309523,0.10148278541997709,587.350188628604,33172661.552509196,39.54574894408637,24.71609309005398
1.18,std,0,103009716348.83292,0.00010300971634883292,19,10,0.5263157894736842,1.0,100000000000000.0,391.85415442645063,0.1023110253855389,591.0306985838918,32835382.47995832,39.710426498076856,20.90022447267203
1.19,std,0,104703492121.56479,0.00010470349212156479,17,10,0.5882352941176471,1.0,100000000000000.0,931.0235734024727,0.10313268613836393,594.6603275757917,32502592.119014297,39.86697543686067,23.451162021682748
1.2,std,0,106408701227.43745,0.00010640870122743746,21,10,0.47619047619047616,1.0,100000000000000.0,1011.1664640785954,0.1039475056385125,598.239384704606,32174219.82570734,40.015393672357725,19.05494936778939
1.21,std,0,108125280442.92807,0.00010812528044292808,19,10,0.5263157894736842,1.0,100000000000000.0,795.0127067405449,0.1047552233614732,601.7681876007348,31850196.176586464,40.15568322882142,21.134570120432322
1.22,std,0,109853166862.77489,0.00010985316686277489,29,10,0.3448275862068966,1.0,100000000000000.0,1245.5561483430267,0.10555558052329424,605.247061900475,31530452.947203357,40.28785021032525,13.892362141491468
1.23,std,0,111592297904.82819,0.00011159229790482819,27,10,0.37037037037037035,1.0,100000000000000.0,1685.223209503197,0.10634832030641155,608.6763407430382,31214923.090939093,40.41190476656308,14.967372135764103
1.24,std,0,113342611314.57216,0.00011334261131457216,20,10,0.5,1.0,100000000000000.0,2110.062990869904,0.10713318808579403,612.0563642832636,30903540.718176357,40.52786105655926,20.26393052827963
1.25,std,0,115104045169.33168,0.00011510404516933168,16,10,0.625,1.0,100000000000000.0,584.260608659239,0.1079099316550206,615.3874792246054,30596241.075822484,40.63573721056774,25.39733575660484
1.26,std,0,116876537882.17511,0.0001168765378821751,18,10,0.5555555555555556,1.0,100000000000000.0,435.28587466775605,0.10867830145189603,618.6700383691668,30292960.52715669,40.7355552898801,22.63086404993339
1.27,std,0,118660028205.5237,0.0001186600282055237,21,10,0.47619047619047616,1.0,100000000000000.0,404.2821048425052,0.10943805078320944,621.9044001845291,29993636.532022804,40.82734124452867,19.441591068823175
1.28,std,0,120454455234.48376,0.00012045445523448376,18,10,0.5555555555555556,1.0,100000000000000.0,1792.5857657073502,0.11018893604823399,625.0909283865653,29698207.62734887,40.91112486878783,22.72840270488213
1.29,std,0,122259758409.90475,0.00012225975840990475,14,10,0.7142857142857143,1.0,100000000000000.0,1298.5836204943776,0.11093071696056572,628.2299915392557,29406613.407992665,40.986939754523824,29.27638553894559
1.3,std,0,124075877521.18372,0.00012407587752118372,20,10,0.5,1.0,100000000000000.0,2306.195548629188,0.11166315676789583,631.3219626698403,29118794.50790167,41.0548232422585,20.52741162112925
1.31,std,0,125902752708.81633,0.00012590275270881634,21,10,0.47619047619047616,1.0,100000000000000.0,1417.489729513732,0.11238602246931209,634.3672188991445,28834692.581594545,41.11481636994227,19.578483985686795
1.32,std,0,127740324466.7139,0.0001277403244667139,18,10,0.5555555555555556,1.0,100000000000000.0,1224.4629932910136,0.11309908502972522,637.36614108486,28554250.285959702,41.16696381929045,22.870535455161363
1.33,std,0,129588533644.2889,0.0001295885336442889,16,10,0.625,1.0,100000000000000.0,1123.0751824286008,0.11380211959101888,640.319113482257,28277411.26235228,41.21131385995615,25.75707116247259
1.34,std,0,131447321448.32207,0.00013144732144832207,13,10,0.7692307692307693,1.0,100000000000000.0,476.4381975365046,0.11449490567952506,643.2265234150823,28004120.11900111,41.247918291102174,31.72916791623244
1.35,std,0,133316629444.61911,0.00013331662944461912,18,10,0.5555555555555556,1.0,100000000000000.0,1345.6542600071818,0.11517722740943068,646.0887609625379,27734322.413720313,41.27683238076945,22.931573544871917
1.36,std,0,135196399559.46584,0.00013519639955946583,21,10,0.47619047619047616,1.0,100000000000000.0,687.8365777041466,0.11584887368172872,648.9062186570821,27467964.636896268,41.298114802689696,19.665768953661757
1.37,std,0,137086574080.89108,0.00013708657408089108,15,10,0.6666666666666666,1.0,100000000000000.0,830.0549622324513,0.11650963837833293,651.6792911963738,27204994.194798715,41.31182757086487,27.54121838057658
1.3800000000000001,std,0,138987095659.7416,0.0001389870956597416,16,10,0.625,1.0,100000000000000.0,1662.9190840206672,0.1171593205509839,654.4083751655435,26945359.393152125,41.31803597161924,25.823772482262022
1.3900000000000001,std,0,140897907310.5841,0.0001408979073105841,20,10,0.5,1.0,100000000000000.0,1264.4062461961498,0.11779772460458442,657.0938687727227,26689009.4209975,41.31680849340674,20.65840424670337
1.4000000000000001,std,0,142818952412.4345,0.00014281895241243452,26,10,0.38461538461538464,1.0,100000000000000.0,898.1261594742455,0.11842466047461185,659.7361715945939,26435894.334847275,41.308216754231495,15.887775674704422
1.4100000000000001,std,0,144750174709.32602,0.00014475017470932602,24,10,0.4166666666666667,1.0,100000000000000.0,1749.0032506454736,0.1190399437982678,662.3356843336711,26185965.04308979,41.29233542678884,17.205139761162016
1.42,std,0,146691518310.72354,0.00014669151831072353,21,10,0.47619047619047616,1.0,100000000000000.0,1201.9184055850114,0.1196433960790384,664.8928085856302,25939173.29070372,41.26924216138773,19.6520200768513
1.43,std,0,148642927691.78644,0.00014864292769178644,20,10,0.5,1.0,100000000000000.0,1711.5422836114758,0.12023484484435139,667.4079466170175,25695471.644191947,41.239017506613486,20.619508753306743
1.44,std,0,150604347693.49277,0.00015060434769349277,20,10,0.5,1.0,100000000000000.0,1128.695707991655,0.12081412379603326,669.8815011525642,25454813.47682177,41.20174482790674,20.60087241395337
1.45,std,0,152575723522.62772,0.00015257572352262772,19,10,0.5263157894736842,1.0,100000000000000.0,1723.233920049924,0.12138107295328354,672.3138751724912,25217152.95410143,41.15751022406508,21.66184748635004
1.46,std,0,154557000751.63928,0.00015455700075163927,22,10,0.45454545454545453,1.0,100000000000000.0,202.02892072517926,0.12193553878790152,674.7054717182289,24982445.019521292,41.10640244171558,18.684728382597992
1.47,std,0,156548125318.37762,0.00015654812531837762,22,10,0.45454545454545453,1.0,100000000000000.0,927.9416075116133,0.12247737435151856,677.0566937080237,24750645.38054905,41.04851278793819,18.658414903608268
1.48,std,0,158549043525.70914,0.00015854904352570915,26,10,0.38461538461538464,1.0,100000000000000.0,1384.9066894564903,0.12300643939460665,679.367943759247,24521710.494854964,40.983935040918674,15.763051938814876
1.49,std,0,160559702041.02344,0.00016055970204102344,15,10,0.6666666666666666,1.0,100000000000000.0,1696.4207129217325,0.12352260047705375,681.6396240221153,24295597.556820426,40.91276535912355,27.275176906082365
1.5,std,0,162580047895.63162,0.0001625800478956316,19,10,0.5263157894736842,1.0,100000000000000.0,1748.2889105101895,0.1240257310701164,683.8721360174538,24072264.484238382,40.83510218852276,21.492159046590924
1.51,std,0,164610028484.06265,0.00016461002848406264,13,10,0.7692307692307693,1.0,100000000000000.0,428.53095781996615,0.12451571164958056,686.0658804850981,23851669.90529175,40.75104616853187,31.346958591178364
1.52,std,0,166649591563.2647,0.0001666495915632647,21,10,0.47619047619047616,1.0,100000000000000.0,671.2769847466799,0.12499242977998155,688.2212572395335,23633773.145745885,40.66070003649348,19.36223811261594
1.53,std,0,168698685251.71155,0.00016869868525171155,25,10,0.4,1.0,100000000000000.0,784.7456715936903,0.12545578018975678,690.3386650292904,23418534.21637197,40.56416853065951,16.225667412263803
1.54,std,0,170757258028.42316,0.00017075725802842315,20,10,0.5,1.0,100000000000000.0,1561.3419831838414,0.12590566483722512,692.4185014084183,23205913.800602216,40.46155829231179,20.230779146155896
1.55,std,0,172825258731.903,0.00017282525873190302,23,10,0.43478260869565216,1.0,100000000000000.0,224.4699396191893,0.12634199296731044,694.4611626109294,22995873.24240182,40.35297776660013,17.544772942000055
1.56,std,0,174902636558.99728,0.00017490263655899727,20,10,0.5,1.0,100000000000000.0,608.0821937035053,0.12676468115894596,696.467043431746,22788374.534365553,40.23853710247194,20.11926855123597
1.57,std,0,176989341063.67554,0.00017698934106367555,25,10,0.4,1.0,100000000000000.0,914.6605164883251,0.12717365336312167,698.436537116382,22583380.306024913,40.11834805194932,16.04733922077973
1.58,std,0,179085322155.74545,0.00017908532215574546,18,10,0.5555555555555556,1.0,100000000000000.0,134.59322238916252,0.1275688409315561,700.3700352535554,22380853.81236754,39.99252386857206,22.218068815873366
1.59,std,0,181190530099.4957,0.0001811905300994957,16,10,0.625,1.0,100000000000000.0,596.5193121676446,0.12795018263599814,702.2679276748049,22180758.922575094,39.86117920541235,24.91323700338272
1.6,std,0,183304915512.2796,0.0001833049155122796,19,10,0.5263157894736842,1.0,100000000000000.0,1443.0831590302248,0.12831762467818383,704.1306023610744,21983060.10894857,39.72443001275748,20.90759474355657
1.61,std,0,185428429363.03378,0.00018542842936303378,16,10,0.625,1.0,100000000000000.0,1211.9224616528404,0.12867112069049735,705.9584453505254,21787722.43604854,39.58239343534228,24.738995897088927
1.62,std,0,187561022970.74402,0.00018756102297074403,17,10,0.5882352941176471,1.0,100000000000000.0,413.887744817505,0.12901063172740435,707.751840657099,21594711.550035674,39.43518770980428,23.197169241061342
1.6300000000000001,std,0,189702648002.85587,0.00018970264800285586,16,10,0.625,1.0,100000000000000.0,515.8722794296189,0.1293361262477481,709.5111701875071,21403993.66818979,39.28293206178447,24.551832538615294
1.6400000000000001,std,0,191853256473.63443,0.00019185325647363443,14,10,0.7142857142857143,1.0,100000000000000.0,590.09007757276,0.12964758008801838,711.2368136691238,21215535.568644308,39.12574660360074,27.946961859714815
1.6500000000000001,std,0,194012800742.4774,0.0001940128007424774,19,10,0.5263157894736842,1.0,100000000000000.0,1134.9694877408451,0.12994497642672279,712.92914857835,21029304.58028762,38.96375223197746,20.50723801683024
1.6600000000000001,std,0,196181233512.18262,0.00019618123351218262,19,10,0.5263157894736842,1.0,100000000000000.0,77.11555675752155,0.13022830574001035,714.5885500741101,20845268.57286173,38.7970705263056,20.419510803318737
1.6700000000000002,std,0,198358507827.17444,0.00019835850782717445,28,10,0.35714285714285715,1.0,100000000000000.0,995.5667967582874,0.13049756574871402,716.2153909364916,20663395.94724198,38.625823647556366,13.794937016984417
1.68,std,0,200544577071.69064,0.00020054457707169065,23,10,0.43478260869565216,1.0,100000000000000.0,784.890962361382,0.13075276135699798,717.8100415091287,20483655.625891827,38.45013423791143,16.717449668657142
1.69,std,0,202739394967.93127,0.00020273939496793128,20,10,0.5,1.0,100000000000000.0,1295.7127583509712,0.13099390458281196,719.3728696446001,20306017.043500546,38.27012532123586,19.13506266061793
1.7,std,0,204942915574.17566,0.00020494291557417567,16,10,0.625,1.0,100000000000000.0,666.0719863033713,0.13122101448037002,720.9042406538175,20130450.13778125,38.0859202045508,23.80370012784425
1.71,std,0,207155093282.86407,0.00020715509328286406,23,10,0.43478260869565216,1.0,100000000000000.0,858.0056039554156,0.13143411705488842,722.404517260679,19956925.34045368,37.897642380761226,16.47723581772227
1.72,std,0,209375882818.6531,0.0002093758828186531,19,10,0.5263157894736842,1.0,100000000000000.0,695.6415466487829,0.13163324516982902,723.8740595561826,19785413.568385925,37.705415432422136,19.844955490748493
1.73,std,0,211605239236.44064,0.00021160523923644065,18,10,0.5555555555555556,1.0,100000000000000.0,577.8584484560787,0.1318184384469108,725.3132249612008,19615886.214899182,37.50936293717238,20.838534965095764
1.74,std,0,213843117919.36624,0.00021384311791936624,29,10,0.3448275862068966,1.0,100000000000000.0,436.2485551911394,0.13198974315916043,726.7223681872684,19448315.141239457,37.30960837441261,12.865382198073315
1.75,std,0,216089474576.78766,0.00021608947457678766,22,10,0.45454545454545453,1.0,100000000000000.0,1449.0536446237043,0.13214721211728916,728.1018412036382,19282672.668198943,37.1062750337555,16.866488651707044
1.76,std,0,218344265242.23624,0.00021834426524223622,13,10,0.7692307692307693,1.0,100000000000000.0,1036.6956663799106,0.13229090454968861,729.4519932052539,19118931.567901675,36.899485925116906,28.38421994239762
1.77,std,0,220607446271.35233,0.00022060744627135233,29,10,0.3448275862068966,1.0,100000000000000.0,720.2345154710188,0.13242088597635046,730.7731705863949,18957065.055737577,36.68936369077766,12.651504720957815
1.78,std,0,222878974339.80032,0.00022287897433980033,17,10,0.5882352941176471,1.0,100000000000000.0,288.4685264227879,0.1325372280770222,732.0657169122601,18797046.782446537,36.47603051913631,21.456488540668417
1.79,std,0,225158806441.17038,0.00022515880644117037,14,10,0.7142857142857143,1.0,100000000000000.0,886.6261238291925,0.13264000855391733,733.3299728982462,18638850.826349083,36.259608060745535,25.899720043389667
1.8,std,0,227446899884.8631,0.0002274468998848631,20,10,0.5,1.0,100000000000000.0,87.99731300882502,0.1327293109893057,734.5662763876386,18482451.68572671,36.04021734626777,18.020108673133883
1.81,std,0,229743212293.9612,0.00022974321229396122,25,10,0.4,1.0,100000000000000.0,612.1868783292975,0.13280522469831382,735.7749623335088,18327824.271332726,35.81797870669869,14.327191482679476
1.82,std,0,232047701603.0898,0.00023204770160308982,27,10,0.37037037037037035,1.0,100000000000000.0,973.4538518814218,0.132867844577269,736.9563627833527,18174943.89906127,35.59301169592306,13.182596924415947
1.83,std,0,234360326056.2655,0.0002343603260562655,20,10,0.5,1.0,100000000000000.0,705.7569722706022,0.13291727094792347,738.1108068643626,18023786.282729935,35.36543501549416,17.68271750774708
1.84,std,0,236681044204.73456,0.00023668104420473455,24,10,0.4166666666666667,1.0,100000000000000.0,799.5350733804003,0.13295360939789763,739.2386207704297,17874327.527015675,35.13536644184469,14.639736017435288
1.85,std,0,239009814904.8087,0.0002390098149048087,20,10,0.5,1.0,100000000000000.0,816.9679612469886,0.13297697061768127,740.3401277546848,17726544.12051855,34.9029227561277,17.45146137806385
1.86,std,0,241346597315.68674,0.00024134659731568674,15,10,0.6666666666666666,1.0,100000000000000.0,232.75995022423587,0.1329874702345315,741.4156481181358,17580412.92894541,34.66821967628214,23.11214645085476
1.87,std,0,243691350897.27527,0.00024369135089727527,22,10,0.45454545454545453,1.0,100000000000000.0,513.0347165981909,0.13298522864360543,742.4654992054425,17435911.18843124,34.431371791940485,15.650623541791129
1.8800000000000001,std,0,246044035408.00577,0.00024604403540800574,18,10,0.5555555555555556,1.0,100000000000000.0,625.7681911647469,0.13297037083666333,743.4899953994715,17293016.49898085,34.19249250179442,18.995829167663565
1.8900000000000001,std,0,248404610902.64362,0.0002484046109026436,20,10,0.5,1.0,100000000000000.0,479.3176714838364,0.13294302622867502,744.489448117108,17151706.818034906,33.95169395358978,16.97584697679489
1.9000000000000001,std,0,250773037730.09848,0.0002507730377300985,20,10,0.5,1.0,100000000000000.0,920.0396896162654,0.13290332848265865,745.4641658097481,17011960.454154097,33.70908698693016,16.85454349346508
1.9100000000000001,std,0,253149276531.2326,0.00025314927653123263,36,10,0.2777777777777778,1.0,100000000000000.0,511.50915669322166,0.13285141533307546,746.4144539613507,16873756.06082675,33.46478107860212,9.295772521833923
1.9200000000000002,std,0,255533288236.6684,0.0002555332882366684,15,10,0.6666666666666666,1.0,100000000000000.0,904.2589922224475,0.13278742840810062,747.3406150899694,16737072.630372385,33.21888429066518,22.145922860443452
1.93,std,0,257925034064.59555,0.00025792503406459554,23,10,0.43478260869565216,1.0,100000000000000.0,1412.1464414750658,0.13271151305108214,748.2429487509667,16601889.488000676,32.97150322135719,14.335436183198777
1.94,std,0,260324475518.5811,0.0002603244755185811,28,10,0.35714285714285715,1.0,100000000000000.0,635.7412309048946,0.1326238181414942,749.121751540161,16468186.28592861,32.72274295855753,11.686693913770547
1.95,std,0,262731574385.3795,0.00026273157438537947,26,10,0.38461538461538464,1.0,100000000000000.0,461.59317134894354,0.13252449591568408,749.9773170993105,16335942.997650843,32.472707036110236,12.489502706196246
1.96,std,0,265146292732.74594,0.00026514629273274593,14,10,0.7142857142857143,1.0,100000000000000.0,345.6000065252204,0.13241370178770218,750.8099361223709,16205139.912292665,32.22149739279776,23.01535528056983
1.97,std,0,267568592907.25653,0.00026756859290725653,23,10,0.43478260869565216,1.0,100000000000000.0,1098.2615681074792,0.13229159417049882,751.6198963612327,16075757.62908553,31.969214333986326,13.899658406081011
1.98,std,0,269998437532.12683,0.0002699984375321268,14,10,0.7142857142857143,1.0,100000000000000.0,763.2004680788781,0.13215833429775978,752.4074826371228,15947777.051919853,31.71595649610796,22.654254640077117
1.99,std,0,272435789505.03934,0.0002724357895050393,22,10,0.45454545454545453,1.0,100000000000000.0,434.1932161469655,0.1320140860466449,753.1729768460679,15821179.384035045,31.46182081358678,14.300827642539446
2.0,std,0,274880611995.97577,0.0002748806119959758,33,10,0.30303030303030304,1.0,100000000000000.0,454.2557829938511,0.13185901576168338,753.9166579723931,15695946.122775251,31.206902488644715,9.456637117771127
2.01,std,0,277332868445.0552,0.00027733286844505516,25,10,0.4,1.0,100000000000000.0,148.1173107326154,0.13169329208006922,754.6388020970605,15572059.054465903,30.951294963512076,12.38051798540483
2.02,std,0,279792522560.37787,0.00027979252256037784,32,10,0.3125,1.0,100000000000000.0,1071.1879791612785,0.13151708575859106,755.3396824126427,15449500.249373306,30.695089895435075,9.59221559232346
2.03,std,0,282259538315.87744,0.0002822595383158774,18,10,0.5555555555555556,1.0,100000000000000.0,500.70905887248534,0.13133056950241706,756.0195692321134,15328252.056764135,30.438377133949672,16.91020951886093
2.04,std,0,284733879949.1803,0.0002847338799491803,27,10,0.37037037037037035,1.0,100000000000000.0,661.559465999517,0.13113391779594796,756.6787300056756,15208297.100052891,30.1812447009475,11.178238778128703
2.05,std,0,287215511959.473,0.00028721551195947303,21,10,0.47619047619047616,1.0,100000000000000.0,1080.9046099867417,0.13092730673593825,757.3174293334836,15089618.27204791,29.923778773016025,14.249418463340964
2.0599999999999996,std,0,289704399105.3789,0.0002897043991053789,25,10,0.4,1.0,100000000000000.0,803.873366865303,0.1307109138670736,757.9359289800893,14972198.730271557,29.666063666201577,11.866425466480631
2.07,std,0,292200506402.8431,0.00029220050640284305,23,10,0.43478260869565216,1.0,100000000000000.0,832.2589991097623,0.1304849180201844,758.5344878901899,14856021.89238433,29.408181823189246,12.78616601008228
2.0799999999999996,std,0,294703799123.0267,0.00029470379912302665,25,10,0.4,1.0,100000000000000.0,434.7081420360535,0.1302494991532604,759.1133622046794,14741071.431683572,29.150213802751413,11.660085521100566
2.09,std,0,297214242790.2118,0.0002972142427902118,22,10,0.45454545454545453,1.0,100000000000000.0,320.42247115481393,0.13000483819542183,759.6728052777596,14627331.272682121,28.8922382714531,13.132835577933227
2.0999999999999996,std,0,299731803179.7154,0.0002997318031797154,25,10,0.4,1.0,100000000000000.0,522.3244641854241,0.12975111689399202,760.2130676922345,14514785.586787315,28.63433199749053,11.453732798996214
2.11,std,0,302256446315.8157,0.00030225644631581567,20,10,0.5,1.0,100000000000000.0,778.9068714369303,0.12948851766480282,760.7343972791354,14403418.788036415,28.37656984675417,14.188284923377084
2.1199999999999997,std,0,304788138469.68604,0.00030478813846968603,24,10,0.4166666666666667,1.0,100000000000000.0,241.7231911985278,0.1292172234458553,761.2370391340369,14293215.5289337,28.119024780855174,11.716260325356323
2.13,std,0,307326846157.3439,0.00030732684615734386,24,10,0.4166666666666667,1.0,100000000000000.0,553.2985844958662,0.12893741755444604,761.7212356366815,14184160.69634576,27.861767857220464,11.609069940508528
2.1399999999999997,std,0,309872536137.6082,0.0003098725361376082,24,10,0.4166666666666667,1.0,100000000000000.0,437.36057391686325,0.12864928354785926,762.1872264683172,14076239.407488255,27.604868231050173,11.50202842960424
2.15,std,0,312425175410.06836,0.0003124251754100684,17,10,0.5882352941176471,1.0,100000000000000.0,604.8591742213627,0.12835300508771263,762.6352486324561,13969437.005973084,27.34839315922422,16.087290093661306
2.1599999999999997,std,0,314984731213.06976,0.0003149847312130698,25,10,0.4,1.0,100000000000000.0,821.8548873432006,0.12804876580803742,763.0655364731756,13863739.057946578,27.092408005937664,10.836963202375067
2.17,std,0,317551171021.7022,0.00031755117102170223,25,10,0.4,1.0,100000000000000.0,701.4045801962444,0.12773674918715994,763.4783216957267,13759131.34827611,26.836976250090267,10.734790500036107
2.1799999999999997,std,0,320124462545.81213,0.0003201244625458121,24,10,0.4166666666666667,1.0,100000000000000.0,557.8387325138405,0.1274171384234439,763.873833385062,13655599.876833957,26.58215949430233,11.075899789292638
2.19,std,0,322704573728.01776,0.0003227045737280178,31,10,0.3225806451612903,1.0,100000000000000.0,817.392038224555,0.12709011631494216,764.2522980289579,13553130.854817575,26.328017475607272,8.49290886309912
2.1999999999999997,std,0,325291472741.74036,0.00032529147274174035,19,10,0.5263157894736842,1.0,100000000000000.0,884.792763948908,0.12675586514299808,764.6139395355032,13451710.70117912,26.07460807753674,13.723477935545652
2.21,std,0,327885127989.25256,0.0003278851279892526,23,10,0.43478260869565216,1.0,100000000000000.0,237.40972593722282,0.12641456655982633,764.9589792558809,13351326.039074074,25.821987343739,11.226951019016957
2.2199999999999998,std,0,330485508099.7309,0.0003304855080997309,34,10,0.29411764705882354,1.0,100000000000000.0,225.8863871127081,0.1260664014800965,765.2876360047684,13251963.692418212,25.570209492968726,7.520649850873155
2.23,std,0,333092581927.33057,0.00033309258192733054,23,10,0.43478260869565216,1.0,100000000000000.0,375.6225425845456,0.1257115499765309,765.6001260813799,13153610.682476113,25.319326935338175,11.008403015364424
2.2399999999999998,std,0,335706318549.2665,0.00033570631854926646,19,10,0.5263157894736842,1.0,100000000000000.0,268.1650590288855,0.12535019117952442,765.8966632907552,13056254.22453316,25.069390289850617,13.19441594202664
2.25,std,0,338326687263.9127,0.00033832668726391273,15,10,0.6666666666666666,1.0,100000000000000.0,729.1256072111454,0.12498250318078254,766.1774589660118,12959881.724614153,24.820448403101434,16.546965602067623
2.26,std,0,340953657588.91144,0.00034095365758891145,24,10,0.4166666666666667,1.0,100000000000000.0,237.2280110904722,0.12460866294096873,766.4427219881787,12864480.776277887,24.57254836902816,10.2385618204284
2.27,std,0,343587199259.29956,0.00034358719925929956,24,10,0.4166666666666667,1.0,100000000000000.0,388.98247263068833,0.12422884620134438,766.6926588104897,12770039.157449897,24.32573554979642,10.135723145748509
2.28,std,0,346227282225.645,0.00034622728222564504,13,10,0.7692307692307693,1.0,100000000000000.0,407.2003065464095,0.12384322739937846,766.9274734775742,12676544.827336488,24.08005359753068,18.523118151946676
2.29,std,0,348873876652.1998,0.0003488738766521998,26,10,0.38461538461538464,1.0,100000000000000.0,553.6741203350571,0.12345197958829715,767.1473676490139,12583985.923375618,23.83554447704813,9.167517106556975
2.3,std,0,351526952915.0653,0.00035152695291506533,22,10,0.45454545454545453,1.0,100000000000000.0,490.89432098801547,0.12305527436053831,767.3525406198754,12492350.758259717,23.592248489364316,10.723749313347415
2.31,std,0,354186481600.3722,0.0003541864816003722,27,10,0.37037037037037035,1.0,100000000000000.0,549.9225140970757,0.12265328177506969,767.5431893455342,12401627.816991834,23.350204296066217,8.648223813357857
2.32,std,0,356852433502.4746,0.0003568524335024746,16,10,0.625,1.0,100000000000000.0,293.4133374185546,0.12224617028852493,767.7195084594462,12311805.754026573,23.1094489442402,14.443405590150125
2.3299999999999996,std,0,359524779622.1574,0.0003595247796221574,31,10,0.3225806451612903,1.0,100000000000000.0,544.2323255634908,0.12183410669010708,767.8816902987091,12222873.3904306,22.87001789223179,7.377425126526384
2.34,std,0,362203491164.8568,0.0003622034911648568,25,10,0.4,1.0,100000000000000.0,697.445567285463,0.12141725604020252,768.029924925049,12134819.711121293,22.631945035909478,9.052778014363792
2.3499999999999996,std,0,364888539538.8982,0.0003648885395388982,25,10,0.4,1.0,100000000000000.0,597.858737953734,0.12099578161264772,768.1644001456542,12047633.862132035,22.395262735420257,8.958105094168102
2.36,std,0,367579896353.7444,0.00036757989635374436,23,10,0.43478260869565216,1.0,100000000000000.0,973.9097448337518,0.12056984484058411,768.2853015375462,11961305.147949908,22.160001842575838,9.634783409815581
2.3699999999999997,std,0,370277533418.26025,0.00037027753341826027,16,10,0.625,1.0,100000000000000.0,252.97996772726074,0.12013960526583477,768.3928124671658,11875823.028886234,21.926191728498498,13.703869830311561
2.38,std,0,372981422738.99066,0.00037298142273899066,20,10,0.5,1.0,100000000000000.0,438.3828780757689,0.11970522049173256,768.4871141146308,11791177.118503083,21.693860311796833,10.846930155898416
2.3899999999999997,std,0,375691536518.4517,0.00037569153651845173,21,10,0.47619047619047616,1.0,100000000000000.0,581.1067130731235,0.1192668461393275,768.568385494003,11707357.181081956,21.463034086945214,10.220492422354864
2.4,std,0,378407847153.4379,0.00037840784715343793,16,10,0.625,1.0,100000000000000.0,343.1280190693863,0.11882463580689664,768.6368034758057,11624353.129135568,21.233738153002538,13.271086345626586
2.4099999999999997,std,0,381130327233.3421,0.0003811303272333421,18,10,0.5555555555555556,1.0,100000000000000.0,732.3214357074651,0.11837874103268001,768.6925428094085,11542155.020976886,21.005996242581155,11.669997912545087
2.42,std,0,383858949538.4891,0.00038385894953848907,35,10,0.2857142857142857,1.0,100000000000000.0,192.27659597041233,0.11792931126076286,768.7357761434654,11460753.05831884,20.779830750924678,5.937094500264193
2.4299999999999997,std,0,386593687038.4858,0.0003865936870384858,15,10,0.6666666666666666,1.0,100000000000000.0,326.828210245535,0.1174764938100209,768.7666740495287,11380137.583922423,20.555262765226043,13.703508510150694
2.44,std,0,389334512890.5811,0.0003893345128905811,22,10,0.45454545454545453,1.0,100000000000000.0,448.83699035108884,0.11702043384604897,768.785405042392,11300299.079290532,20.33231209396409,9.24196004271095
2.4499999999999997,std,0,392081400438.0433,0.00039208140043804325,28,10,0.35714285714285715,1.0,100000000000000.0,637.3659015013824,0.11656127435598546,768.7921356014919,11221228.162397789,20.110997296321578,7.182499034400564
2.46,std,0,394834323208.5511,0.00039483432320855106,20,10,0.5,1.0,100000000000000.0,620.225370714426,0.11609915612615085,768.787030193237,11142915.58546343,19.89133571165588,9.94566785582794
2.4699999999999998,std,0,397593254912.5959,0.0003975932549125959,12,10,0.8333333333333334,1.0,100000000000000.0,152.85574081895595,0.11563421772241134,768.7702512917476,11065352.232765501,19.67334348891682,16.394452907430686
2.48,std,0,400358169441.90186,0.0004003581694419019,20,10,0.5,1.0,100000000000000.0,432.8969510409467,0.11516659547318477,768.7419594012218,10988529.118494129,19.457035616059514,9.728517808029757
2.4899999999999998,std,0,403129040867.8552,0.0004031290408678552,23,10,0.43478260869565216,1.0,100000000000000.0,758.2326554343352,0.11469642345499854,768.70231307505,10912437.38464076,19.24242594928864,8.366272151864626
2.5,std,0,405905843439.9519,0.0004059058434399519,37,10,0.2702702702702703,1.0,100000000000000.0,935.4561492649824,0.11422383348051643,768.6514689389185,10837068.298925612,19.029527242294325,5.143115470890359
2.51,std,0,408688551584.25653,0.00040868855158425656,20,10,0.5,1.0,100000000000000.0,241.93081894881828,0.11374895508894493,768.5895817108495,10762413.25276639,18.818351175275378,9.409175587637689
2.52,std,0,411477139901.87305,0.00041147713990187306,22,10,0.45454545454545453,1.0,100000000000000.0,568.9675442813516,0.11327191553873434,768.5168042220557,10688463.759278566,18.60890838380576,8.458594719911709
2.53,std,0,414271583167.4349,0.0004142715831674349,21,10,0.47619047619047616,1.0,100000000000000.0,502.2116289033653,0.112792839802488,768.4332874375851,10615211.451314276,18.401208487505134,8.7624802321453
2.54,std,0,417071856327.60016,0.00041707185632760017,21,10,0.47619047619047616,1.0,100000000000000.0,434.23551068374456,0.11231185056399447,768.3391804771564,10542648.079530537,18.19526011848315,8.664409580230071
2.55,std,0,419877934499.57,0.00041987793449957,31,10,0.3225806451612903,1.0,100000000000000.0,628.9999924871877,0.11182906821729809,768.2346306355586,10470765.510502744,17.991070949547808,5.8035712740476795
2.56,std,0,422689792969.6116,0.0004226897929696116,26,10,0.38461538461538464,1.0,100000000000000.0,480.8176368519773,0.1113446108677235,768.1197834026912,10399555.724859066,17.788647722117023,6.841787585429625
2.57,std,0,425507407191.59937,0.0004255074071915994,21,10,0.47619047619047616,1.0,100000000000000.0,510.83764435043986,0.11085859433477233,767.9947824835301,10329010.815461004,17.58799627386494,8.375236320888066
2.5799999999999996,std,0,428330752785.57,0.00042833075278557003,21,10,0.47619047619047616,1.0,100000000000000.0,352.41702269169724,0.11037113215680884,767.8597698191134,10259122.985599501,17.389121566056843,8.280534079074688
2.59,std,0,431159805536.2866,0.0004311598055362866,25,10,0.4,1.0,100000000000000.0,143.77105943479938,0.10988233559745512,767.7148856059196,10189884.547240347,17.192027710553333,6.876811084221334
2.5999999999999996,std,0,433994541391.8187,0.00043399454139181874,20,10,0.5,1.0,100000000000000.0,379.15009561039983,0.109392313653616,767.5602683148882,10121287.9192909,16.996717996450652,8.498358998225326
2.61,std,0,436834936462.1365,0.0004368349364621365,20,10,0.5,1.0,100000000000000.0,245.95865203099032,0.108901173065055,767.396054711233,10053325.625898778,16.803194916387064,8.401597458193532
2.6199999999999997,std,0,439680967017.7128,0.00043968096701771283,19,10,0.5263157894736842,1.0,100000000000000.0,333.6278155791267,0.1084090183254463,767.2223798759201,9985990.294780755,16.611460192516976,8.74287378553525
2.63,std,0,442532609488.14667,0.0004425326094881467,22,10,0.45454545454545453,1.0,100000000000000.0,858.4332129140124,0.10791595169482557,767.0393772210001,9919274.6555814,16.421514801969863,7.464324909986301
2.6399999999999997,std,0,445389840460.789,0.000445389840460789,30,10,0.3333333333333333,1.0,100000000000000.0,190.99052933824584,0.10742207321336858,766.8471785129207,9853171.53826193,16.23335900209391,5.411119667364636
2.65,std,0,448252636679.3898,0.00044825263667938977,21,10,0.47619047619047616,1.0,100000000000000.0,370.3949840839544,0.10692748071642302,766.645913888558,9787673.871516135,16.046992355136332,7.6414249310173
2.6599999999999997,std,0,451120975042.7543,0.0004511209750427543,24,10,0.4166666666666667,1.0,100000000000000.0,457.92504390248985,0.10643226985072582,766.4357118745775,9722774.681209411,15.862413752577654,6.609339063574023
2.67,std,0,453994832603.4101,0.0004539948326034101,29,10,0.3448275862068966,1.0,100000000000000.0,404.2799733299263,0.10593653409173551,766.2166994076632,9658467.088857314,15.679621439083116,5.406766013476937
2.6799999999999997,std,0,456874186566.28906,0.0004568741865662891,37,10,0.2702702702702703,1.0,100000000000000.0,231.71852790147926,0.10544036476201399,765.9890018508911,9594744.310116976,15.498613035924299,4.188814334033594
2.69,std,0,459759014287.4236,0.0004597590142874236,34,10,0.29411764705882354,1.0,100000000000000.0,445.1962692542493,0.1049438510505919,765.7527430132586,9531599.653310519,15.319385564043262,4.5057016364833125
2.6999999999999997,std,0,462649293272.64685,0.00046264929327264687,27,10,0.37037037037037035,1.0,100000000000000.0,485.68834614340085,0.10444708003325524,765.5080451679866,9469026.51798176,15.141935466664718,5.608124246912858
2.71,std,0,465545001176.3185,0.00046554500117631847,22,10,0.45454545454545453,1.0,100000000000000.0,351.86725765103995,0.10395013669369071,765.2550290690427,9407018.393461363,14.966258631403448,6.802844832456112
2.7199999999999998,std,0,468446115800.0468,0.0004684461158000468,32,10,0.3125,1.0,100000000000000.0,169.9609722812507,0.10345310394543139,764.993813971183,9345568.857473286,14.792350412022417,4.622609503757006
2.73,std,0,471352615091.4356,0.0004713526150914356,27,10,0.37037037037037035,1.0,100000000000000.0,281.33945974354003,0.10295606265454338,764.7245176453785,9284671.574754989,14.620205649633844,5.414890981345867
2.7399999999999998,std,0,474264477142.8381,0.00047426447714283806,27,10,0.37037037037037035,1.0,100000000000000.0,289.62548123277827,0.10245909166299956,764.4472563982704,9224320.295706078,14.449818693536216,5.351784701309709
2.75,std,0,477181680190.1202,0.0004771816801901202,24,10,0.4166666666666667,1.0,100000000000000.0,220.77378131706217,0.10196226781268383,764.1621450880132,9164508.855059594,14.281183421527858,5.950493092303274
2.76,std,0,480104202611.4388,0.00048010420261143877,20,10,0.5,1.0,100000000000000.0,279.7049202712328,0.10146566596997589,763.8692971422548,9105231.170576822,14.114293259810474,7.057146629905237
2.77,std,0,483032022926.0329,0.0004830320229260329,20,10,0.5,1.0,100000000000000.0,384.55157145900625,0.10096935905086413,763.5688245748877,9046481.241760328,13.94914120240997,6.974570601204985
2.78,std,0,485965119793.0208,0.0004859651197930208,22,10,0.45454545454545453,1.0,100000000000000.0,411.9241481851689,0.1004734180465394,763.2608380024399,8988253.148596747,13.785719830151393,6.266236286432451
2.79,std,0,488903472010.21387,0.0004889034720102139,22,10,0.45454545454545453,1.0,100000000000000.0,358.57841780939964,0.09997791204942123,762.9454466622448,8930541.050315544,13.624021329206697,6.192736967821226
2.8,std,0,491847058512.93896,0.000491847058512939,15,10,0.6666666666666666,1.0,100000000000000.0,478.7953534264155,0.09948290827957305,762.6227584265259,8873339.184167327,13.464037509117496,8.97602500607833
2.81,std,0,494795858372.87476,0.0004947958583728748,17,10,0.5882352941176471,1.0,100000000000000.0,349.57476861405837,0.09898847211146117,762.2928798212464,8816641.86423281,13.30575982047234,7.826917541454319
2.82,std,0,497749850796.89355,0.0004977498507968936,21,10,0.47619047619047616,1.0,100000000000000.0,303.241047001637,0.09849466710101733,761.955916040913,8760443.480241075,13.149179372050614,6.261513986690768
2.8299999999999996,std,0,500709015125.92224,0.0005007090151259222,21,10,0.47619047619047616,1.0,100000000000000.0,393.12137857663413,0.09800155501296365,761.6119709637197,8704738.496411402,12.994286947538804,6.187755689304192
2.84,std,0,503673330833.8058,0.0005036733308338058,32,10,0.3125,1.0,100000000000000.0,303.0270314551823,0.09750919584836228,761.2611471699435,8649521.450322606,12.841073021877582,4.0128353193367445
2.8499999999999996,std,0,506642777526.18854,0.0005066427775261886,30,10,0.3333333333333333,1.0,100000000000000.0,258.5718857889555,0.097017647872353,760.9035459552168,8594786.951786837,12.689527777065456,4.229842592355151
2.86,std,0,509617334939.4018,0.0005096173349394018,20,10,0.5,1.0,100000000000000.0,657.9423323453159,0.09652696764204288,760.5392673471463,8540529.681758447,12.53964111761592,6.26982055880796
2.8699999999999997,std,0,512596982939.3629,0.0005125969829393629,21,10,0.47619047619047616,1.0,100000000000000.0,607.762303636361,0.09603721003451575,760.1684101204751,8486744.391249523,12.391402685548181,5.9006679454991335
2.88,std,0,515581701520.48914,0.0005155817015204891,31,10,0.3225806451612903,1.0,100000000000000.0,230.01194458032023,0.0955484282749277,759.7910718122462,8433425.9002663,12.244801874963262,3.949936088697826
2.8899999999999997,std,0,518571470804.61145,0.0005185714708046114,16,10,0.625,1.0,100000000000000.0,826.3314486636958,0.09506067396466021,759.4073487369651,8380569.09677265,12.09982784622003,7.562392403887519
2.9,std,0,521566271039.9147,0.0005215662710399147,35,10,0.2857142857142857,1.0,100000000000000.0,535.2064689552723,0.09457399710949974,759.0173360009877,8328168.935656688,11.956469539669676,3.4161341541913357
2.9099999999999997,std,0,524566082599.87006,0.00052456608259987,22,10,0.45454545454545453,1.0,100000000000000.0,202.39503056168002,0.0940884461478178,758.6211275175692,8276220.437724468,11.814715689013198,5.370325313187817
2.92,std,0,527570885982.1943,0.0005275708859821943,23,10,0.43478260869565216,1.0,100000000000000.0,412.97361500512216,0.09360406797872392,758.2188160219329,8224718.688710108,11.674554834261563,5.07589340620068
2.9299999999999997,std,0,530580661807.8047,0.0005305806618078046,22,10,0.45454545454545453,1.0,100000000000000.0,344.51872636675694,0.09312090799016796,757.8104930843342,8173658.8382961275,11.535975334265554,5.243625151938888
2.94,std,0,533595390819.7949,0.0005335953908197949,17,10,0.5882352941176471,1.0,100000000000000.0,250.6760306439756,0.09263901008696694,757.3962491252049,8123036.099160874,11.398965378909626,6.70527375229978
2.9499999999999997,std,0,536615053882.4164,0.0005366150538824164,31,10,0.3225806451612903,1.0,100000000000000.0,464.23496092302804,0.09215841671873516,756.9761734297481,8072845.746031287,11.263513000904043,3.6333912906142074
2.96,std,0,539639631980.0673,0.0005396396319800673,12,10,0.8333333333333334,1.0,100000000000000.0,270.26115202992435,0.09167916890769558,756.5503541601337,8023083.114753859,11.129606087173805,9.274671739311504
2.9699999999999998,std,0,542669106216.2943,0.0005426691062162943,23,10,0.43478260869565216,1.0,100000000000000.0,417.41462230995677,0.0912013062763538,756.1188783713222,7973743.601392691,10.99723238995415,4.781405386936586
2.98,std,0,545703457812.8063,0.0005457034578128062,37,10,0.2702702702702703,1.0,100000000000000.0,141.01038306314317,0.09072486707501438,755.6818320221631,7924822.661321773,10.866379537429204,2.9368593344403253
2.9899999999999998,std,0,548742668108.4887,0.0005487426681084887,32,10,0.3125,1.0,100000000000000.0,181.80156267311003,0.09024988820912404,755.2392999920136,7876315.808353685,10.737035044131053,3.355323451290954
3.0,std,0,551786718558.4396,0.0005517867185584396,26,10,0.38461538461538464,1.0,100000000000000.0,595.0117361193813,0.0897764052664229,754.7913660904935,7828218.613865179,10.609186320870823,4.080456277258009
3.01,std,0,554835590733.0034,0.0005548355907330035,30,10,0.3333333333333333,1.0,100000000000000.0,382.67289607825506,0.08930445254389056,754.338113074351,7780526.705950752,10.482820684454024,3.4942735614846745
3.02,std,0,557889266316.8217,0.0005578892663168217,47,10,0.2127659574468085,1.0,100000000000000.0,143.3009600042895,0.08883406307447111,753.879622656763,7733235.768582869,10.357925366948349,2.203813907861351
3.03,std,0,560947727107.8906,0.0005609477271078906,21,10,0.47619047619047616,1.0,100000000000000.0,218.3013260649171,0.08836526865356453,753.4159755231232,7686341.540784624,10.234487524718498,4.873565487961189
3.04,std,0,564010955016.6268,0.0005640109550166269,19,10,0.5263157894736842,1.0,100000000000000.0,179.45429986039574,0.08789809986527143,752.9472513416665,7639839.815826388,10.112494247087003,5.322365393203685
3.05,std,0,567078932064.9423,0.0005670789320649423,26,10,0.38461538461538464,1.0,100000000000000.0,363.6388220818302,0.08743258610838046,752.4735287780273,7593726.440420668,9.991932564720265,3.8430509864308715
3.06,std,0,570151640385.3302,0.0005701516403853302,19,10,0.5263157894736842,1.0,100000000000000.0,316.32521374020155,0.08696875562208634,751.9948855051655,7547997.313944066,9.872789457668771,5.196204977720406
3.07,std,0,573229062219.9568,0.0005732290622199568,30,10,0.3333333333333333,1.0,100000000000000.0,332.12365959082774,0.08650663551143015,751.511398218453,7502648.387664568,9.755051863171754,3.2516839543905847
3.08,std,0,576311179919.7637,0.0005763111799197637,22,10,0.45454545454545453,1.0,100000000000000.0,291.8062651989614,0.08604625177245216,751.023142644806,7457675.663981256,9.63870668309492,4.381230310497691
3.09,std,0,579397975943.5792,0.0005793979759435793,19,10,0.5263157894736842,1.0,100000000000000.0,319.54323984991817,0.08558762931704852,750.5301935572428,7413075.195680463,9.52374079116396,5.012495153244189
3.0999999999999996,std,0,582489432857.2367,0.0005824894328572367,28,10,0.35714285714285715,1.0,100000000000000.0,180.09508292741958,0.08513079199752545,750.0326247848662,7368843.085202581,9.410141039862422,3.360764657093722
3.11,std,0,585585533332.7026,0.0005855855333327027,38,10,0.2631578947368421,1.0,100000000000000.0,571.9051559441689,0.08467576263084305,749.5305092267787,7324975.48391775,9.297894267108797,2.446814280818104
3.1199999999999997,std,0,588686260147.2115,0.0005886862601472115,24,10,0.4166666666666667,1.0,100000000000000.0,162.98078011886886,0.08422256302254322,749.0239188596823,7281468.591418872,9.186987302601016,3.827911376083757
3.13,std,0,591791596182.4116,0.0005917915961824116,27,10,0.37037037037037035,1.0,100000000000000.0,297.86365263805715,0.08377121399035611,748.5129247542521,7238318.654820386,9.07740697400957,3.362002582966507
3.1399999999999997,std,0,594901524423.5165,0.0005949015244235164,27,10,0.37037037037037035,1.0,100000000000000.0,306.2898448204588,0.08332173538748046,747.9975970831143,7195521.968076602,8.969140112829157,3.32190374549228
3.15,std,0,598016027958.4668,0.0005980160279584667,25,10,0.4,1.0,100000000000000.0,218.99529737259854,0.08287414612553251,747.4780051315473,7153074.871296239,8.862173560006052,3.544869424002421
3.1599999999999997,std,0,601135089977.0983,0.0006011350899770983,17,10,0.5882352941176471,1.0,100000000000000.0,265.65078308105296,0.08242846419716175,746.9542173118124,7110973.750088734,8.756494171400467,5.150878924353216
3.17,std,0,604258693770.3176,0.0006042586937703177,19,10,0.5263157894736842,1.0,100000000000000.0,403.5125577549279,0.0819847066983287,746.4263011711705,7069215.034901877,8.652088822921183,4.553730959432201
3.1799999999999997,std,0,607386822729.2886,0.0006073868227292886,19,10,0.5263157894736842,1.0,100000000000000.0,258.60001029035624,0.0815428898502426,745.8943234028098,7027795.200383879,8.548944415491691,4.499444429206153
3.19,std,0,610519460344.6233,0.0006105194603446233,35,10,0.2857142857142857,1.0,100000000000000.0,96.6936927718999,0.08110302902095701,745.3583498583235,6986710.76474544,8.4470478798059,2.413442251373114
3.1999999999999997,std,0,613656590205.5847,0.0006136565902055847,31,10,0.3225806451612903,1.0,100000000000000.0,303.6408744339766,0.08066513874662186,744.8184455558405,6945958.289138465,8.34638618083272,2.6923826389782968
3.21,std,0,616798195999.2908,0.0006167981959992908,31,10,0.3225806451612903,1.0,100000000000000.0,162.9233732732401,0.08022923275238983,744.2746746924266,6905534.377048772,8.246946322171429,2.6603052652165897
3.2199999999999998,std,0,619944261509.9329,0.0006199442615099328,35,10,0.2857142857142857,1.0,100000000000000.0,256.49601542166477,0.07979532397297763,743.7271006534633,6865435.673682141,8.14871535015564,2.328204385758754
3.23,std,0,623094770617.9982,0.0006230947706179982,19,10,0.5263157894736842,1.0,100000000000000.0,361.519886780397,0.07936342457287976,743.1757860216841,6825658.865381889,8.051680357789156,4.237726504099555
3.2399999999999998,std,0,626249707299.4974,0.0006262497072994975,28,10,0.35714285714285715,1.0,100000000000000.0,263.7571674166163,0.07893354596623703,742.6207925898799,6786200.679036681,7.955828488513496,2.8413673173262484
3.25,std,0,629409055625.2079,0.0006294090556252079,30,10,0.3333333333333333,1.0,100000000000000.0,213.99996895045228,0.07850569883635809,742.062181367403,6747057.881511198,7.861146939743956,2.620382313247985
3.26,std,0,632572799759.913,0.000632572799759913,23,10,0.43478260869565216,1.0,100000000000000.0,288.69022876723636,0.07807989315489611,741.5000125932119,6708227.279078383,7.767622966293292,3.377227376649257
3.27,std,0,635740923961.6575,0.0006357409239616575,19,10,0.5263157894736842,1.0,100000000000000.0,368.37162690253,0.0776561382006801,740.9343457425265,6669705.71686476,7.675243883562674,4.039602043980354
3.28,std,0,638913412581.0068,0.0006389134125810069,24,10,0.4166666666666667,1.0,100000000000000.0,424.3506353279042,0.07723444257820353,740.3652395391555,6631490.078299773,7.583997070623609,3.159998779426504
3.29,std,0,642090250060.3132,0.0006420902500603133,28,10,0.35714285714285715,1.0,100000000000000.0,266.2209567133817,0.07681481423577075,739.792751962264,6593577.284582875,7.493869973093577,2.6763821332477065
3.3,std,0,645271420932.9852,0.0006452714209329852,28,10,0.35714285714285715,1.0,100000000000000.0,433.8229209607756,0.07639726048330328,739.2169402576802,6555964.294144623,7.404850105888864,2.6445893235317373
3.31,std,0,648456909822.7784,0.0006484569098227785,31,10,0.3225806451612903,1.0,100000000000000.0,372.2005219534016,0.0759817880098082,738.6378609453818,6518648.1021335395,7.316925055809632,2.360298405099881
3.32,std,0,651646701443.0682,0.0006516467014430682,33,10,0.30303030303030304,1.0,100000000000000.0,197.00215778544853,0.07556840290051019,738.0555698312181,6481625.739898744,7.230082484009762,2.190934086063564
3.33,std,0,654840780596.1569,0.0006548407805961569,32,10,0.3125,1.0,100000000000000.0,329.83121036532145,0.07515711065365033,737.4701220115988,6444894.2744803615,7.144310128257805,2.2325969150805642
3.34,std,0,658039132172.5656,0.0006580391321725656,20,10,0.5,1.0,100000000000000.0,265.6366881242034,0.07474791619695409,736.8815718866908,6408450.8081216905,7.059595805163411,3.5297979025817057
3.3499999999999996,std,0,661241741150.346,0.000661241741150346,30,10,0.3333333333333333,1.0,100000000000000.0,532.1860594455367,0.0743408239037712,736.2899731664673,6372292.477769603,6.97592741218176,2.32530913739392
3.36,std,0,664448592594.3923,0.0006644485925943924,22,10,0.45454545454545453,1.0,100000000000000.0,318.62715406100125,0.07393583760889016,735.6953788800489,6336416.454597149,6.89329292954151,3.133314967973414
3.3699999999999997,std,0,667659671655.7615,0.0006676596716557615,29,10,0.3448275862068966,1.0,100000000000000.0,229.41916327033886,0.07353296062403111,735.0978413849286,6300819.9435306,6.811680422046804,2.348855317947174
3.38,std,0,670874963571.0034,0.0006708749635710034,25,10,0.4,1.0,100000000000000.0,209.02130392943832,0.07313219575301971,734.497412373552,6265500.18277916,6.731078040732732,2.692431216293093
3.3899999999999997,std,0,674094453661.4872,0.0006740944536614871,21,10,0.47619047619047616,1.0,100000000000000.0,256.63697992339445,0.07273354530664589,733.894142883602,6230454.443376221,6.651474024447617,3.1673685830702936
3.4,std,0,677318127332.7474,0.0006773181273327474,20,10,0.5,1.0,100000000000000.0,156.4262294895093,0.07233701111721073,733.2880833055233,6195680.028727723,6.572856701300691,3.2864283506503456
3.4099999999999997,std,0,680545970073.8258,0.0006805459700738258,30,10,0.3333333333333333,1.0,100000000000000.0,284.16818401383955,0.07194259455276497,732.6792833893293,6161174.274165404,6.495214489996822,2.165071496665607
3.42,std,0,683777967456.6252,0.0006837779674566252,24,10,0.4166666666666667,1.0,100000000000000.0,220.554790758144,0.07155029653104333,732.0677922551512,6126934.5465087,6.4185359011058765,2.6743899587941153
3.4299999999999997,std,0,687014105135.2656,0.0006870141051352656,17,10,0.5882352941176471,1.0,100000000000000.0,484.9886178997409,0.07116011753309788,731.4536583988344,6092958.2436328735,6.3428095381898215,3.731064434229307
3.44,std,0,690254368845.4498,0.0006902543688454498,40,10,0.25,1.0,100000000000000.0,283.7418637862161,0.07077205761663512,730.8369297002575,6059242.794044905,6.268024098862155,1.5670060247155388
3.4499999999999997,std,0,693498744403.8315,0.0006934987444038315,31,10,0.3225806451612903,1.0,100000000000000.0,157.99187671248893,0.07038611642905952,730.2176534321047,6025785.656462501,6.194168375757149,1.998118830889403
3.46,std,0,696747217707.3951,0.0006967472177073951,24,10,0.4166666666666667,1.0,100000000000000.0,222.77822978805906,0.07000229322022894,729.5958762658023,5992584.319403749,6.12123125739254,2.5505130239135583
3.4699999999999998,std,0,699999774732.8302,0.0006999997747328302,26,10,0.38461538461538464,1.0,100000000000000.0,201.78305949623885,0.06962058685492503,728.9716442818793,5959636.300782556,6.0492017289858495,2.3266160496099424
3.48,std,0,703256401535.9275,0.0007032564015359275,26,10,0.38461538461538464,1.0,100000000000000.0,279.45729389141417,0.06924099582504298,728.3450029726524,5926939.147505195,5.978068873120845,2.299257258892633
3.4899999999999998,std,0,706517084250.9664,0.0007065170842509664,17,10,0.5882352941176471,1.0,100000000000000.0,356.49795073176904,0.06886351826150523,727.7159972541742,5894490.435082389,5.907821870424434,3.475189335543785
3.5,std,0,709781809090.1152,0.0007097818090901153,32,10,0.3125,1.0,100000000000000.0,232.27461579047613,0.06848815194590231,727.0846714709983,5862287.767236518,5.83845000009831,1.8245156250307217
3.51,std,0,713050562342.8364,0.0007130505623428365,35,10,0.2857142857142857,1.0,100000000000000.0,348.1018502363271,0.06811489432186627,726.4510694040815,5830328.775524363,5.76994264041569,1.6485550401187683
3.52,std,0,716323330375.2972,0.0007163233303752973,22,10,0.45454545454545453,1.0,100000000000000.0,369.3452597353214,0.06774374250617998,725.8152342774017,5798611.1189587405,5.7022892691324225,2.5919496677874645
3.53,std,0,719600099629.783,0.000719600099629783,34,10,0.29411764705882354,1.0,100000000000000.0,410.433224024401,0.0673746932996273,725.1772087653303,5767132.483642135,5.635479463845152,1.6574939599544565
3.54,std,0,722880856624.1212,0.0007228808566241212,23,10,0.43478260869565216,1.0,100000000000000.0,68.31832268544738,0.06700774319758737,724.5370349998935,5735890.582397208,5.569502902277141,2.421523000990061
3.55,std,0,726165587951.1053,0.0007261655879511053,22,10,0.45454545454545453,1.0,100000000000000.0,367.5030772577254,0.06664288840037871,723.8947545750818,5704883.154414197,5.504349362492645,2.501976982951202
3.56,std,0,729454280277.9263,0.0007294542802779262,14,10,0.7142857142857143,1.0,100000000000000.0,376.6584397914511,0.06628012482335588,723.2504085578163,5674107.964892094,5.44000872309371,3.8857205164955073
3.57,std,0,732746920345.6136,0.0007327469203456137,27,10,0.37037037037037035,1.0,100000000000000.0,132.53939390429295,0.06591944810676449,722.6040374904821,5643562.804696245,5.376470963307924,1.991285541965898
3.58,std,0,736043494968.4717,0.0007360434949684717,20,10,0.5,1.0,100000000000000.0,318.777870379854,0.06556085362535716,721.9556813998516,5613245.49001041,5.313726163062101,2.6568630815310503
3.59,std,0,739343991033.5327,0.0007393439910335327,25,10,0.4,1.0,100000000000000.0,421.4393326248977,0.0652043364977763,721.3053798029464,5583153.862002588,5.2517645029905635,2.1007058011962254
3.5999999999999996,std,0,742648395500.0054,0.0007426483955000054,25,10,0.4,1.0,100000000000000.0,169.27176493988608,0.06484989159570673,720.6531717130102,5553285.786493722,5.190576264394236,2.0762305057576946
3.61,std,0,745956695398.7339,0.0007459566953987339,32,10,0.3125,1.0,100000000000000.0,330.2125491659116,0.06449751355280299,719.9990956456741,5523639.15362708,5.130151829151354,1.6031724466097983
3.6199999999999997,std,0,749268877831.6602,0.0007492688778316602,32,10,0.3125,1.0,100000000000000.0,152.42442050366355,0.06414719677339552,719.3431896266684,5494211.877547617,5.070481679600151,1.5845255248750472
3.63,std,0,752584929971.2925,0.0007525849299712925,24,10,0.4166666666666667,1.0,100000000000000.0,234.06939821865194,0.06379893544097907,718.6854911954924,5465001.896084231,5.011556398349011,2.088148499312088
3.6399999999999997,std,0,755904839060.1759,0.0007559048390601759,23,10,0.43478260869565216,1.0,100000000000000.0,212.47274146379976,0.06345272352648877,718.0260374137315,5436007.170438018,4.9533666680811725,2.153637681774423
3.65,std,0,759228592410.3717,0.0007592285924103717,27,10,0.37037037037037035,1.0,100000000000000.0,266.2895702210801,0.0631085547963669,717.3648648694822,5407225.684871397,4.895903271290456,1.8132975078853542
3.6599999999999997,std,0,762556177402.9365,0.0007625561774029365,23,10,0.43478260869565216,1.0,100000000000000.0,419.20162311725454,0.06276642282042497,716.7020096844983,5378655.446409031,4.839157090006548,2.1039813434811077
3.67,std,0,765887581487.4128,0.0007658875814874128,41,10,0.24390243902439024,1.0,100000000000000.0,256.6884213207992,0.062426320979504686,716.0375075192205,5350294.484533614,4.783119105462497,1.1666144159664626
3.6799999999999997,std,0,769222792181.3188,0.0007692227921813189,19,10,0.5263157894736842,1.0,100000000000000.0,134.88765386938638,0.06208824247294238,715.3713935771996,5322140.850894996,4.727780397734068,2.4883054724916147
3.69,std,0,772561797069.6411,0.0007725617970696411,24,10,0.4166666666666667,1.0,100000000000000.0,377.973605501826,0.06175218032584041,714.703702615004,5294192.619019311,4.673132145380597,1.9471383939085822
3.6999999999999997,std,0,775904583804.3433,0.0007759045838043433,18,10,0.5555555555555556,1.0,100000000000000.0,338.2346874466865,0.061418127396149415,714.0344689424089,5266447.884021641,4.619165624991188,2.5662031249951047
3.71,std,0,779251140103.8628,0.0007792511401038628,22,10,0.45454545454545453,1.0,100000000000000.0,181.30270062716372,0.06108607638156587,713.3637264321892,5238904.762326913,4.565872210770433,2.0753964594411056
3.7199999999999998,std,0,782601453752.6277,0.0007826014537526277,30,10,0.3333333333333333,1.0,100000000000000.0,172.50572055751667,0.06075601982624775,712.6915085232584,5211561.39139034,4.513243374049797,1.5044144580165988
3.73,std,0,785955512600.5645,0.0007859555126005645,20,10,0.5,1.0,100000000000000.0,299.82776818120715,0.06042795012735299,712.0178482265294,5184415.929424091,4.461270682794086,2.230635341397043
3.7399999999999998,std,0,789313304562.6234,0.0007893133045626234,26,10,0.38461538461538464,1.0,100000000000000.0,306.89602514716165,0.060101859541404255,711.3427781314559,5157466.555130386,4.40994580109052,1.6961330004194308
3.75,std,0,792674817618.296,0.000792674817618296,20,10,0.5,1.0,100000000000000.0,301.6596633390591,0.05977774019048319,710.6663304092091,5130711.467432381,4.359260488589184,2.179630244294592
3.76,std,0,796040039811.1464,0.0007960400398111464,23,10,0.43478260869565216,1.0,100000000000000.0,211.44700181712582,0.059455584068258405,709.9885368192942,5104148.885215932,4.309206599950372,1.8735680869349443
3.77,std,0,799408959248.3398,0.0007994089592483399,26,10,0.38461538461538464,1.0,100000000000000.0,202.0734506458024,0.05913538304585055,709.309428714467,5077777.047071797,4.259776084258589,1.6383754170225344
3.78,std,0,802781564100.181,0.000802781564100181,23,10,0.43478260869565216,1.0,100000000000000.0,285.9074319707221,0.05881712887753789,708.6290370458377,5051594.211037625,4.21096098441601,1.8308526019200044
3.79,std,0,806157842599.6542,0.0008061578425996542,29,10,0.3448275862068966,1.0,100000000000000.0,232.78435870164503,0.05850081320630583,707.9473923673331,5025598.654353037,4.162753436522794,1.4354322194906188
3.8,std,0,809537783041.9625,0.0008095377830419625,26,10,0.38461538461538464,1.0,100000000000000.0,284.8613287884439,0.058186427569244414,707.2645248408774,4999788.673212268,4.115145669240468,1.5827483343232571
3.81,std,0,812921373784.0852,0.0008129213737840853,28,10,0.35714285714285715,1.0,100000000000000.0,226.32474476683092,0.05787396340279591,706.5804642407774,4974162.582516595,4.068130003132406,1.452903572547288
3.82,std,0,816308603244.3221,0.0008163086032443222,19,10,0.5263157894736842,1.0,100000000000000.0,325.78964377162214,0.0575634120478575,705.8952399614753,4948718.7156405095,4.0216988500181365,2.116683605272703
3.83,std,0,819699459901.8538,0.0008196994599018538,35,10,0.2857142857142857,1.0,100000000000000.0,393.97547114482074,0.057254764754740534,705.2088810163,4923455.424194368,3.975844712256859,1.1359556320733883
3.84,std,0,823093932296.3011,0.0008230939322963011,30,10,0.3333333333333333,1.0,100000000000000.0,259.3634571788546,0.056948012687991136,704.5214160493406,4898371.077789676,3.930560182093676,1.3101867273645587
3.8499999999999996,std,0,826492009027.2898,0.0008264920090272898,22,10,0.45454545454545453,1.0,100000000000000.0,416.0304733062014,0.056643146931074334,703.8328733333665,4873464.063811505,3.8858379409180626,1.7662899731445738
3.86,std,0,829893678754.018,0.0008298936787540179,29,10,0.3448275862068966,1.0,100000000000000.0,219.72750099442024,0.056340158490925135,703.1432807797725,4848732.787193777,3.841670758579679,1.3247140546826481
3.8699999999999997,std,0,833298930194.8295,0.0008332989301948295,32,10,0.3125,1.0,100000000000000.0,168.56084877205575,0.05603903830236975,702.4526659394859,4824175.670194775,3.79805149264154,1.1868910914504813
3.88,std,0,836707752126.7888,0.0008367077521267888,41,10,0.24390243902439024,1.0,100000000000000.0,106.4028767367516,0.05573977723241955,701.761056010189,4799791.152178878,3.754973087661939,0.9158470945516924
3.8899999999999997,std,0,840120133385.2609,0.0008401201333852608,24,10,0.4166666666666667,1.0,100000000000000.0,255.7361191781186,0.05544236608444147,701.0684778374532,4775577.689400512,3.7124285744345698,1.5468452393477374
3.9,std,0,843536062863.4951,0.0008435360628634951,51,10,0.19607843137254902,1.0,100000000000000.0,339.49752810886673,0.0551467956022065,700.3749579214699,4751533.754790982,3.670411069251686,0.7196884449513109
3.9099999999999997,std,0,846955529512.2103,0.0008469555295122104,36,10,0.2777777777777778,1.0,100000000000000.0,163.66786299414167,0.0548530564738208,699.6805224224197,4727657.837746424,3.628913773151531,1.008031603653203
3.92,std,0,850378522339.1895,0.0008503785223391894,30,10,0.3333333333333333,1.0,100000000000000.0,413.4567823711641,0.054561139335540465,698.9851971600187,4703948.4439248545,3.587929971134456,1.1959766570448185
3.9299999999999997,std,0,853805030408.8698,0.0008538050304088698,39,10,0.2564102564102564,1.0,100000000000000.0,207.2083400584529,0.054271034775474035,698.2890076234255,4680404.095037893,3.547453031421678,0.9096033413901738
3.94,std,0,857235042841.9451,0.0008572350428419451,15,10,0.6666666666666666,1.0,100000000000000.0,144.520030371112,0.05398273333717482,697.5919789714302,4657023.328652699,3.5074764046645366,2.338317603109691
3.9499999999999997,std,0,860668548814.9635,0.0008606685488149635,24,10,0.4166666666666667,1.0,100000000000000.0,428.84080401959073,0.053696225523125696,696.8941360380126,4633804.697992794,3.4679936231747557,1.4449973429894816
3.96,std,0,864105537559.9341,0.0008641055375599341,22,10,0.45454545454545453,1.0,100000000000000.0,429.3206347090205,0.05341150179811911,696.195503335292,4610746.771740449,3.428998300137202,1.5586355909714555
3.9699999999999998,std,0,867545998363.9355,0.0008675459983639355,30,10,0.3333333333333333,1.0,100000000000000.0,211.95237920126905,0.05312855259253501,695.4961050595392,4587848.13384705,3.3904841288390983,1.1301613762796994
3.98,std,0,870989920568.7284,0.0008709899205687284,22,10,0.45454545454545453,1.0,100000000000000.0,157.93796237033084,0.05284736830551836,694.7959650936721,4565107.3833417045,3.3524448818760044,1.523838582670911
3.9899999999999998,std,0,874437293570.3683,0.0008744372935703683,35,10,0.2857142857142857,1.0,100000000000000.0,329.3559389314616,0.05256793930805998,694.0951070098648,4542523.13414405,3.314874410358288,0.9471069743880822
4.0,std,0,877888106818.829,0.000877888106818829,32,10,0.3125,1.0,100000000000000.0,447.4526046929124,0.05229025594598198,693.3935540764675,4520094.014880405,3.2777666431375647,1.024302075980489
4.01,std,0,881342349817.6193,0.0008813423498176192,31,10,0.3225806451612903,1.0,100000000000000.0,381.19808032546433,0.052014308542830644,692.6913292600099,4497818.66870036,3.2411155860069276,1.0455211567764282
4.02,std,0,884800012123.4131,0.0008848000121234131,27,10,0.37037037037037035,1.0,100000000000000.0,83.90185624005294,0.051740087402679,691.9884552268281,4475695.7530969195,3.204915320900358,1.18700567440754
4.03,std,0,888261083345.6747,0.0008882610833456747,29,10,0.3448275862068966,1.0,100000000000000.0,322.8569005402427,0.05146758281284127,691.2849543522146,4453723.939732424,3.169160005129654,1.0928137948722945
4.04,std,0,891725553146.2917,0.0008917255531462918,40,10,0.25,1.0,100000000000000.0,333.3779496771936,0.05119678504650158,690.5808487181874,4431901.9142613495,3.1338438705646374,0.7834609676411594
4.05,std,0,895193411239.2136,0.0008951934112392137,29,10,0.3448275862068966,1.0,100000000000000.0,101.47596233043069,0.05092768436525858,689.8761601209017,4410228.376158676,3.0989612228614516,1.0686073182280869
4.06,std,0,898664647390.0822,0.0008986646473900822,31,10,0.3225806451612903,1.0,100000000000000.0,229.5491088910332,0.05066027102158882,689.1709100721237,4388702.038552683,3.0645064406660607,0.9885504647309873
4.07,std,0,902139251415.8811,0.0009021392514158811,25,10,0.4,1.0,100000000000000.0,239.9596739533008,0.05039453526123035,688.4651198047902,4367321.6280537555,3.0304739748333906,1.2121895899333563
4.08,std,0,905617213184.5741,0.0009056172131845741,30,10,0.3333333333333333,1.0,100000000000000.0,478.505681261884,0.05013046732548883,687.7588102739154,4346085.884590511,2.9968583476311292,0.9989527825437097
4.09,std,0,909098522614.7601,0.0009090985226147602,26,10,0.38461538461538464,1.0,100000000000000.0,130.13083363501318,0.049868057453468215,687.0520021615444,4324993.5612532655,2.9636541519673028,1.1398669815258857
4.1,std,0,912583169675.314,0.000912583169675314,23,10,0.43478260869565216,1.0,100000000000000.0,257.2891352916283,0.04960729588422757,686.3447158797401,4304043.424121051,2.9308560505986776,1.2742852393907294
4.109999999999999,std,0,916071144385.0504,0.0009160711443850504,24,10,0.4166666666666667,1.0,100000000000000.0,280.9754779635006,0.04934817285886632,685.6369715753109,4283234.252119073,2.898458775368843,1.2076911564036847
4.12,std,0,919562436812.3721,0.000919562436812372,20,10,0.5,1.0,100000000000000.0,223.949109900448,0.04909067862253967,684.9287891301875,4262564.836847282,2.8664571264095176,1.4332285632047588
4.13,std,0,923057037074.9331,0.0009230570370749331,25,10,0.4,1.0,100000000000000.0,352.1394152643753,0.04883480342640599,684.2201881661503,4242033.982438276,2.8348459713824843,1.1339383885529937
4.14,std,0,926554935339.3042,0.0009265549353393042,29,10,0.3448275862068966,1.0,100000000000000.0,293.50563438370733,0.04858053752950762,683.5111880497823,4221640.505400525,2.803620244714188,0.9667656016255821
4.1499999999999995,std,0,930056121820.6323,0.0009300561218206323,32,10,0.3125,1.0,100000000000000.0,292.58768423842287,0.04832787120058748,682.8018078924698,4201383.234468503,2.7727749468168827,0.8664921708802759
4.16,std,0,933560586782.3137,0.0009335605867823138,36,10,0.2777777777777778,1.0,100000000000000.0,188.8328098354669,0.04807679471984265,682.0920665553174,4181261.010457904,2.7423051433363193,0.7617514287045332
4.17,std,0,937068320535.6624,0.0009370683205356624,37,10,0.2702702702702703,1.0,100000000000000.0,222.30241086420642,0.04782729838061681,681.3819826523621,4161272.6861168793,2.712205964392441,0.733028639024984
4.18,std,0,940579313439.5844,0.0009405793134395844,25,10,0.4,1.0,100000000000000.0,145.41663310418238,0.0475793724910331,680.6715745530319,4141417.125983926,2.682472603824551,1.0729890415298204
4.1899999999999995,std,0,944093555900.2571,0.000944093555900257,31,10,0.3225806451612903,1.0,100000000000000.0,306.9604893502981,0.04733300737556878,679.9608603845265,4121693.2062488887,2.653100318441599,0.8558388124005158
4.2,std,0,947611038370.805,0.000947611038370805,22,10,0.45454545454545453,1.0,100000000000000.0,353.25301578815817,0.04708819337657378,679.2498580364323,4102099.814607074,2.6240844272802746,1.1927656487637612
4.21,std,0,951131751350.9839,0.0009511317513509838,25,10,0.4,1.0,100000000000000.0,299.13106836197653,0.04684492085573398,678.5385851623091,4082635.850129579,2.5954203108652716,1.0381681243461087
4.22,std,0,954655685386.8658,0.0009546556853868659,36,10,0.2777777777777778,1.0,100000000000000.0,99.48975920122797,0.046603180195481396,677.827059183585,4063300.22312007,2.5671034104737243,0.7130842806871457
4.2299999999999995,std,0,958182831070.5271,0.0009581828310705271,20,10,0.5,1.0,100000000000000.0,53.526880338552054,0.0463629618003518,677.1152972904268,4044091.8549862206,2.5391292274014408,1.2695646137007204
4.24,std,0,961713179039.7356,0.0009617131790397356,40,10,0.25,1.0,100000000000000.0,181.96219966593418,0.046124256098292224,676.4033164474115,4025009.6781047075,2.511493322247456,0.627873330561864
4.25,std,0,965246719977.6482,0.0009652467199776481,30,10,0.3333333333333333,1.0,100000000000000.0,221.18709805172412,0.04588705354191895,675.6911333943198,4006052.635690871,2.484191314187284,0.8280637713957613
4.26,std,0,968783444612.5012,0.0009687834446125012,33,10,0.30303030303030304,1.0,100000000000000.0,314.1369716797116,0.04565134460972769,674.9787646491997,3987219.681670151,2.4572188802604056,0.7446117818970927
4.27,std,0,972323343717.3138,0.0009723233437173138,36,10,0.2777777777777778,1.0,100000000000000.0,194.45822191249127,0.04541711980725716,674.2662265113536,3968509.7805564064,2.430571754666217,0.6751588207406158
4.28,std,0,975866408109.5857,0.0009758664081095857,41,10,0.24390243902439024,1.0,100000000000000.0,258.29444043657804,0.0451843696682072,673.5535350644008,3949921.907314913,2.40424572805541,0.5864013970866854
4.29,std,0,979412628650.9978,0.0009794126286509978,32,10,0.3125,1.0,100000000000000.0,291.7546486203813,0.04495308475551311,672.8407061772983,3931455.0472522303,2.378236646835404,0.7431989521360638
4.3,std,0,982961996247.1204,0.0009829619962471205,31,10,0.3225806451612903,1.0,100000000000000.0,187.4311659066917,0.04472325566237682,672.1277555098621,3913108.1958865277,2.3525404124847014,0.758884004027323
4.31,std,0,986514501847.1239,0.000986514501847124,26,10,0.38461538461538464,1.0,100000000000000.0,200.97644544149392,0.044494873013256726,671.4146985123131,3894880.358826569,2.327152980856293,0.895058838790882
4.32,std,0,990070136443.4844,0.0009900701364434843,47,10,0.2127659574468085,1.0,100000000000000.0,101.47521953345321,0.044267927464816684,670.7015504284906,3876770.551660913,2.302070361505428,0.48980220457562296
4.33,std,0,993628891071.6995,0.0009936288910716994,34,10,0.29411764705882354,1.0,100000000000000.0,215.15750274199098,0.04404240970683595,669.9883263014119,3858777.7998315697,2.2772886170210453,0.6697907697120722
4.34,std,0,997190756810.0012,0.0009971907568100012,36,10,0.2777777777777778,1.0,100000000000000.0,50.955964461272224,0.04381831046308065,669.2750409704731,3840901.138524533,2.2528038623438014,0.625778850651056
4.35,std,0,1000755724779.0765,0.0010007557247790765,22,10,0.45454545454545453,1.0,100000000000000.0,296.93331053958207,0.043595620492138186,668.5617090789746,3823139.612554538,2.2286122641213675,1.0130055746006215
4.36,std,0,1004323786141.7859,0.001004323786141786,32,10,0.3125,1.0,100000000000000.0,239.8392561827167,0.04337433058821551,667.8483450724189,3805492.276251821,2.204710040038828,0.6889718875121338
4.37,std,0,1007894932102.8844,0.0010078949321028843,29,10,0.3448275862068966,1.0,100000000000000.0,363.06571814172855,0.0431544315819022,667.1349632042962,3787958.1933524255,2.1810934581818384,0.7521011924764961
4.38,std,0,1011469153908.75,0.00101146915390875,33,10,0.30303030303030304,1.0,100000000000000.0,133.44578755019435,0.042935914340899516,666.4215775361605,3770536.4368874063,2.157758836385454,0.6538663140561982
4.39,std,0,1015046442847.1061,0.0010150464428471061,20,10,0.5,1.0,100000000000000.0,166.83789683367266,0.04271876977071631,665.708201941183,3753226.089076467,2.1347025416026293,1.0673512708013146
4.3999999999999995,std,0,1018626790246.7539,0.001018626790246754,27,10,0.37037037037037035,1.0,100000000000000.0,265.08398704854125,0.0425029888153329,664.9948501052115,3736026.2412209357,2.111920989269705,0.7821929589887795
4.41,std,0,1022210187477.3007,0.0010222101874773006,42,10,0.23809523809523808,1.0,100000000000000.0,267.3546935470627,0.04228856245783335,664.2815355310433,3718935.9935974055,2.0894106426882026,0.49747872444957203
4.42,std,0,1025796625948.8978,0.0010257966259488978,43,10,0.23255813953488372,1.0,100000000000000.0,254.4622085829053,0.042075481721007855,663.5682715380844,3701954.455356704,2.067168012400522,0.48073674706988884
4.43,std,0,1029386097111.9725,0.0010293860971119725,40,10,0.25,1.0,100000000000000.0,228.99471445135276,0.041863737667925324,662.8550712659802,3685080.744418201,2.045189655581352,0.511297413895338
4.4399999999999995,std,0,1032978592456.9692,0.0010329785924569693,29,10,0.3448275862068966,1.0,100000000000000.0,47.38248917737009,0.041653321402477496,662.1419476790763,3668313.9873721073,2.0234721754415097,0.6977490260143138
4.45,std,0,1036574103514.0845,0.0010365741035140844,25,10,0.4,1.0,100000000000000.0,318.2464444470004,0.041444224069895445,661.4289135631302,3651653.319377335,2.002012220611128,0.8008048882444513
4.46,std,0,1040172621853.0168,0.0010401726218530168,22,10,0.45454545454545453,1.0,100000000000000.0,163.453897058255,0.041236436857238865,660.7159815319272,3635097.884063798,1.9808064845616482,0.9003665838916582
4.47,std,0,1043774139082.7041,0.001043774139082704,28,10,0.35714285714285715,1.0,100000000000000.0,192.1332144002731,0.04102995099385941,660.0031640289452,3618646.833436934,1.9598517050192306,0.699947037506868
4.4799999999999995,std,0,1047378646851.0743,0.0010473786468510743,39,10,0.2564102564102564,1.0,100000000000000.0,180.713922761783,0.04082475775183858,659.2904733265599,3602299.327779113,1.9391446633750358,0.4972165803525732
4.49,std,0,1050986136844.7909,0.001050986136844791,58,10,0.1724137931034483,1.0,100000000000000.0,161.6417232135243,0.04062084844640118,658.5779215318681,3586054.5355572705,1.9186821841243764,0.3308072731248925
4.5,std,0,1054596600789.008,0.001054596600789008,21,10,0.47619047619047616,1.0,100000000000000.0,191.05595796952454,0.04041821443630461,657.8655205856295,3569911.633328093,1.89846113428975,0.9040291115665475
4.51,std,0,1058210030447.1161,0.0010582100304471161,40,10,0.25,1.0,100000000000000.0,111.16215758327799,0.04021684712420523,657.1532822663496,3553869.805647869,1.878478422867307,0.46961960571682676
4.52,std,0,1061826417620.5034,0.0010618264176205034,29,10,0.3448275862068966,1.0,100000000000000.0,177.5003944331588,0.04001673795700224,656.4412181909609,3537928.2449801154,1.858731000267853,0.6409417242302942
4.53,std,0,1065445754148.3094,0.0010654457541483095,16,10,0.625,1.0,100000000000000.0,178.70593858581498,0.03981787842615967,655.7293398171291,3522086.15160432,1.8392158577689317,1.1495099111055822
4.54,std,0,1069068031907.1838,0.0010690680319071838,33,10,0.30303030303030304,1.0,100000000000000.0,142.53967517314157,0.03962026006800758,655.0176584464679,3506342.7335315645,1.8199300269786878,0.5514939475692994
4.55,std,0,1072693242811.0453,0.0010726932428110454,33,10,0.30303030303030304,1.0,100000000000000.0,233.88141579537782,0.0394238744640223,654.306185223517,3490697.2064130404,1.8008705792897821,0.5457183573605401
4.56,std,0,1076321378810.848,0.001076321378810848,33,10,0.30303030303030304,1.0,100000000000000.0,268.69886693977367,0.03922871324108732,653.5949311408096,3475148.7934561176,1.7820346253600086,0.540010492533336
4.57,std,0,1079952431894.3403,0.0010799524318943403,45,10,0.2222222222222222,1.0,100000000000000.0,103.197981321253,0.03903476807173469,652.8839070389485,3459696.7253384124,1.7634193145835044,0.39187095879633427
4.58,std,0,1083586394085.8383,0.0010835863940858383,24,10,0.4166666666666667,1.0,100000000000000.0,186.44664724783502,0.03884203067436807,652.1731236084952,3444340.2401227453,1.7450218345732036,0.7270924310721681
4.59,std,0,1087223257445.987,0.001087223257445987,18,10,0.5555555555555556,1.0,100000000000000.0,129.51603349106858,0.0386504928134673,651.4625913922405,3429078.583176759,1.726839410652235,0.9593552281401305
4.6,std,0,1090863014071.5334,0.0010908630140715335,51,10,0.19607843137254902,1.0,100000000000000.0,71.51939377243573,0.038460146299776024,650.7523207873207,3413911.0070874332,1.7088693053478596,0.3350724128133058
4.61,std,0,1094505656095.1003,0.0010945056560951003,30,10,0.3333333333333333,1.0,100000000000000.0,378.72635881202433,0.03827098299047199,650.0423220460502,3398836.7715838132,1.6911088178917115,0.5637029392972371
4.62,std,0,1098151175684.955,0.001098151175684955,34,10,0.29411764705882354,1.0,100000000000000.0,182.48383867426224,0.038082994789321374,649.3326052782274,3383855.1434541843,1.6735552837267142,0.49222214227256306
4.63,std,0,1101799565044.788,0.0011017995650447882,34,10,0.29411764705882354,1.0,100000000000000.0,113.99505137276819,0.03789617364681675,648.6231804526858,3368965.396468138,1.6562060740199214,0.487119433535271
4.64,std,0,1105450816413.4932,0.0011054508164134932,34,10,0.29411764705882354,1.0,100000000000000.0,272.0333598877877,0.03771051156030021,647.9140573991839,3354166.8113015178,1.6390585951831358,0.48207605740680465
4.6499999999999995,std,0,1109104922064.9395,0.0011091049220649395,35,10,0.2857142857142857,1.0,100000000000000.0,298.60637837907854,0.03752600057407135,647.205245810561,3339458.6754533774,1.6221102883956617,0.46346008239876046
4.66,std,0,1112761874307.7578,0.0011127618743077578,20,10,0.5,1.0,100000000000000.0,361.24838927778165,0.03734263277948092,646.4967552425102,3324840.2831766997,1.6053586291332391,0.8026793145666196
4.67,std,0,1116421665485.1191,0.001116421665485119,22,10,0.45454545454545453,1.0,100000000000000.0,212.51758787878006,0.037160400315010805,645.7885951179267,3310310.935399574,1.5888011267091928,0.7221823303223603
4.68,std,0,1120084287974.5256,0.0011200842879745257,28,10,0.35714285714285715,1.0,100000000000000.0,201.47004057604764,0.036979295366340204,645.0807747269079,3295869.9396521407,1.5724353238127453,0.5615840442188377
4.6899999999999995,std,0,1123749734187.5872,0.001123749734187587,24,10,0.4166666666666667,1.0,100000000000000.0,111.51050022642411,0.03679931016639911,644.3733032267536,3281516.609994206,1.556258796053177,0.6484411650221571
4.7,std,0,1127417996569.8164,0.0011274179965698164,37,10,0.2702702702702703,1.0,100000000000000.0,207.86658445525399,0.036620436995409095,643.6661896489233,3267250.26694219,1.5402691515257796,0.41628895987183234
4.71,std,0,1131089067600.4155,0.0011310890676004156,48,10,0.20833333333333334,1.0,100000000000000.0,241.19493749262818,0.03644266818091213,642.9594428932505,3253070.2373980703,1.5244640303530697,0.3175966729902229
4.72,std,0,1134762939792.0662,0.001134762939792066,34,10,0.29411764705882354,1.0,100000000000000.0,379.31299329411,0.03626599609778732,642.2530717361492,3238975.8545814385,1.508841104266461,0.44377679537248854
4.7299999999999995,std,0,1138439605690.723,0.0011384396056907228,40,10,0.25,1.0,100000000000000.0,239.2962275237606,0.03609041316825672,641.547084827663,3224966.457955114,1.4933980761632413,0.3733495190408103
4.74,std,0,1142119057875.4102,0.0011421190578754102,19,10,0.5263157894736842,1.0,100000000000000.0,124.6534435160313,0.03591591186187994,640.8414906958902,3211041.393161196,1.4781326796911232,0.7779645682584858
4.75,std,0,1145801288958.0125,0.0011458012889580124,30,10,0.3333333333333333,1.0,100000000000000.0,112.85631668372335,0.035742484695538375,640.136297745358,3197200.011952672,1.4630426788215567,0.48768089294051886
4.76,std,0,1149486291583.0757,0.0011494862915830757,24,10,0.4166666666666667,1.0,100000000000000.0,222.96613239621553,0.035570124233408995,639.431514262315,3183441.672123255,1.4481258674433237,0.6033857781013849
4.77,std,0,1153174058427.6091,0.0011531740584276092,26,10,0.38461538461538464,1.0,100000000000000.0,131.2230028312994,0.03539882308692853,638.7271484129177,3169765.737445429,1.4333800689484657,0.5513000265186407
4.78,std,0,1156864582200.8772,0.0011568645822008772,38,10,0.2631578947368421,1.0,100000000000000.0,150.4953729734146,0.03522857391474806,638.0232082459901,3156171.577604061,1.4188031358316604,0.37336924627148954
4.79,std,0,1160557855644.2095,0.0011605578556442096,38,10,0.2631578947368421,1.0,100000000000000.0,184.38236054993007,0.0350593694226785,637.3197016954812,3142658.568130008,1.404392949293681,0.36957709191938976
4.8,std,0,1164253871530.8013,0.0011642538715308012,29,10,0.3448275862068966,1.0,100000000000000.0,247.44917332939798,0.034891202363627125,636.6166365786886,3129226.0903392765,1.3901474188428349,0.4793611789113224
4.81,std,0,1167952622665.5205,0.0011679526226655206,27,10,0.37037037037037035,1.0,100000000000000.0,216.4816917483626,0.034724065537525745,635.9140206020054,3115873.5312690753,1.3760644819164516,0.509653511820908
4.82,std,0,1171654101884.7117,0.0011716541018847117,26,10,0.38461538461538464,1.0,100000000000000.0,130.135573784135,0.03455795179125056,635.2118613588407,3102600.2836156418,1.3621421034906283,0.523900809034857
4.83,std,0,1175358302056.0068,0.0011753583020560068,34,10,0.29411764705882354,1.0,100000000000000.0,96.69629577395486,0.03439285401853435,634.5101663315103,3089405.7456736234,1.3483782757042242,0.39658184579536004
4.84,std,0,1179065216078.1333,0.0011790652160781332,24,10,0.4166666666666667,1.0,100000000000000.0,236.68544497719478,0.034228765159870625,633.8089428940725,3076289.321274794,1.3347710174891327,0.556154590620472
4.85,std,0,1182774836880.7246,0.0011827748368807246,23,10,0.43478260869565216,1.0,100000000000000.0,145.39593808337656,0.034065678202410896,633.1081983130847,3063250.419728769,1.32131837420156,0.5744862496528521
4.86,std,0,1186487157424.138,0.001186487157424138,40,10,0.25,1.0,100000000000000.0,213.82214758996042,0.03390358617985464,632.4079397476783,3050288.455764161,1.3080184172567084,0.3270046043141771
4.87,std,0,1190202170699.2617,0.0011902021706992618,14,10,0.7142857142857143,1.0,100000000000000.0,88.3127122797881,0.033742482172332715,631.7081742517147,3037402.8494712934,1.2948692437730693,0.9249066026950495
4.88,std,0,1193919869727.334,0.001193919869727334,28,10,0.35714285714285715,1.0,100000000000000.0,213.47033055786815,0.03358235930628393,631.0089087761673,3024593.026241584,1.2818689762201176,0.457810348650042
4.89,std,0,1197640247559.76,0.00119764024755976,39,10,0.2564102564102564,1.0,100000000000000.0,219.55902603704743,0.03342321075432565,630.3101501677983,3011858.4167142524,1.269015762066015,0.3253886569400038
4.8999999999999995,std,0,1201363297277.9294,0.0012013632972779295,22,10,0.45454545454545453,1.0,100000000000000.0,105.41716478459338,0.03326502973511832,629.611905172372,2999198.4567176998,1.2563077734367496,0.5710489879257953
4.91,std,0,1205089011993.0369,0.0012050890119930369,34,10,0.29411764705882354,1.0,100000000000000.0,143.9460884228127,0.033107809513224104,628.9141804364325,2986612.5872155535,1.2437432067785448,0.3658068255231014
4.92,std,0,1208817384845.9014,0.0012088173848459013,33,10,0.30303030303030304,1.0,100000000000000.0,298.488417750579,0.032951543398960184,628.216982506321,2974100.254251155,1.231320282518441,0.3731273583389215
4.93,std,0,1212548409006.793,0.001212548409006793,25,10,0.4,1.0,100000000000000.0,105.88726169308211,0.032796224748246505,627.520317830179,2961660.908893382,1.2190372447357178,0.48761489789428714
4.9399999999999995,std,0,1216282077675.2502,0.0012162820776752503,34,10,0.29411764705882354,1.0,100000000000000.0,189.52642115359325,0.03264184696244863,626.8241927604826,2949294.0071838005,1.206892360839009,0.35496834142323797
4.95,std,0,1220018384079.9104,0.0012200183840799105,36,10,0.2777777777777778,1.0,100000000000000.0,239.63432772060696,0.03248840348821557,626.1286135538147,2936999.0100829303,1.1948839212417992,0.33191220034494423
4.96,std,0,1223757321478.3342,0.0012237573214783342,39,10,0.2564102564102564,1.0,100000000000000.0,189.3862029005606,0.03233588781731316,625.4335863718868,2924775.38341962,1.183010239045818,0.3033359587296969
4.97,std,0,1227498883156.8325,0.0012274988831568324,40,10,0.25,1.0,100000000000000.0,162.6551475600324,0.032184293486452624,624.7391172838072,2912622.597837311,1.1712696497295698,0.29281741243239245
4.9799999999999995,std,0,1231243062430.2993,0.0012312430624302993,40,10,0.25,1.0,100000000000000.0,302.9865242530306,0.03203361407711513,624.0452122659678,2900540.12874541,1.1596605108384321,0.28991512770960803
4.99,std,0,1234989852642.0369,0.0012349898526420368,39,10,0.2564102564102564,1.0,100000000000000.0,62.970614506989406,0.03188384321537219,623.3518772045397,2888527.4562673313,1.1481812016822992,0.2944054363287946
