z,luminosity_function,alpha_intrinsic,L_min_Jy_kpc2,L_min_over_L_star,n_generated,n_detected,detection_rate_10_per_n,N_ratio_detectable_L,mean_detected_L,mean_SNR,SFR_psi,comoving_volume_Mpc3,time_Gyr,nfrb_sfr_base,n_total_population_scaled
0.01,schechter,-2,10000000000.0,1e-05,11,10,0.9090909090909091,1.0,1226742227715.6194,1353688.7279929682,0.015366633837018974,0.12858517217440776,137678720.05218962,0.005440846193609835,0.004946223812372577
0.02,schechter,-2,10000000000.0,1e-05,15,10,0.6666666666666666,1.0,146024088952.2986,38117.01239514439,0.015778461234561884,0.4805808079652677,135706863.92550436,0.020580829769183944,0.013720553179455962
0.03,schechter,-2,10000000000.0,1e-05,21,10,0.47619047619047616,1.0,3469873209836.5474,256386.93818015727,0.016197006898133106,1.0595174738105395,133769703.76805276,0.04591246938253877,0.021863080658351793
0.04,schechter,-2,10000000000.0,1e-05,18,10,0.5555555555555556,1.0,526560748481.0205,3458.2236575376673,0.0166223021408091,1.8589461829721416,131866423.28089881,0.08149335758931513,0.045274087549619514
0.05,schechter,-2,10000000000.0,1e-05,19,10,0.5263157894736842,1.0,159902282629.5109,862.1258659801526,0.01705437728000787,2.8724394373501805,129996236.70924087,0.12736424418760686,0.0670338127303194
0.060000000000000005,schechter,-2,10000000000.0,1e-05,26,10,0.38461538461538464,1.0,2865633574463.517,2226.715026431062,0.017493261604641853,4.0935971410252066,128158387.20751494,0.18354937948845934,0.07059591518786898
0.06999999999999999,schechter,-2,10000000000.0,1e-05,29,10,0.3448275862068966,1.0,1030773046344.4258,1336.8345166098525,0.017938983341287663,5.516052317568455,126352145.30294725,0.2500568862497089,0.08622651249989963
0.08,schechter,-2,10000000000.0,1e-05,31,10,0.3225806451612903,1.0,297361061719.2032,723.4954571491121,0.018391569619367408,7.1334766231066125,124576807.45144194,0.32687915788539346,0.1054448896404495
0.09,schechter,-2,10000000000.0,1e-05,29,10,0.3448275862068966,1.0,1017403837539.5205,9403.966969012023,0.018851046435337065,8.939585648047384,122831694.67989907,0.4139932805608923,0.142756303641687
0.09999999999999999,schechter,-2,10000000000.0,1e-05,32,10,0.3125,1.0,897195883559.3239,572.3926548992479,0.019317438615878545,10.928144001492717,121116151.30983643,0.511361476804695,0.1598004615014672
0.11,schechter,-2,10000000000.0,1e-05,29,10,0.3448275862068966,1.0,3073279957009.265,13455.536854663009,0.019790769780093035,13.09297017317287,119429543.75708403,0.6189315682846677,0.21342467871885093
0.12,schechter,-2,10000000000.0,1e-05,34,10,0.29411764705882354,1.0,8932580451934.729,8740.496621177179,0.020271062300694323,15.427941168939224,117771259.40308331,0.7366374554456234,0.21665807513106572
0.13,schechter,-2,10000000000.0,1e-05,41,10,0.24390243902439024,1.0,3070074975192.308,1075.800455133994,0.02075833726420218,17.92699691643356,116140705.53330435,0.8643996117339965,0.2108291735936577
0.14,schechter,-2,10000000000.0,1e-05,27,10,0.37037037037037035,1.0,35072850255.95314,41.1953349112758,0.021252614430137,20.584144438808266,114537308.33873443,1.0021255902075437,0.37115762600279395
0.15000000000000002,schechter,-2,10000000000.0,1e-05,21,10,0.47619047619047616,1.0,5051330126352.85,442.83022233936254,0.021753912189218152,23.39346179492936,112960511.97664525,1.1497105403768308,0.5474812097032528
0.16,schechter,-2,10000000000.0,1e-05,31,10,0.3225806451612903,1.0,298928068410.0401,78.68644375829872,0.02226224752057046,26.34910178552701,111409777.68701176,1.3070377332047303,0.42162507522733234
0.17,schechter,-2,10000000000.0,1e-05,35,10,0.2857142857142857,1.0,609471372984.6809,326.12840286318686,0.02277763594794393,29.445295425458756,109884582.96125181,1.4739790922630776,0.4211368835037364
0.18000000000000002,schechter,-2,10000000000.0,1e-05,48,10,0.20833333333333334,1.0,18532843243849.71,25772.497749112845,0.023300091494954225,32.67635518284781,108384420.7601139,1.6503957291197566,0.34383244356661596
0.19,schechter,-2,10000000000.0,1e-05,39,10,0.2564102564102564,1.0,248318781134.9108,98.58375093171458,0.023829626639352574,36.036677986870565,106908798.77780546,1.8361384811322883,0.47080473875186873
0.2,schechter,-2,10000000000.0,1e-05,40,10,0.25,1.0,3884123859767.3345,981.1662407459096,0.024366252266335785,39.520748006475074,105457238.74949963,2.0310484499055645,0.5077621124763911
0.21000000000000002,schechter,-2,10000000000.0,1e-05,40,10,0.25,1.0,5935045276109.029,2077.840324259153,0.02490997762090884,43.123139202619406,104029275.79969656,2.234957538751461,0.5587393846878652
0.22,schechter,-2,10000000000.0,1e-05,62,10,0.16129032258064516,1.0,429938833646.9146,336.7283642600429,0.025460810259314456,46.83851765781377,102624457.82893437,2.447688987613895,0.3947885463893379
0.23,schechter,-2,10000000000.0,1e-05,45,10,0.2222222222222222,1.0,23650109060015.613,1630.0719614419245,0.026018755999546127,50.661643686666395,101242344.93655138,2.669057903990448,0.5931239786645439
0.24000000000000002,schechter,-2,10000000000.0,1e-05,39,10,0.2564102564102564,1.0,4660989852847.198,340.48631075341996,0.02658381887096318,54.58737373205621,99882508.87732875,2.898871788502754,0.7433004585904497
0.25,schechter,-2,10000000000.0,1e-05,50,10,0.2,1.0,1433253936828.8757,972.834696586169,0.027156001063028613,58.61066205159413,98544532.5499974,3.1369310538471646,0.627386210769433
0.26,schechter,-2,10000000000.0,1e-05,42,10,0.23809523809523808,1.0,1333166591648.9395,1250.0973060115473,0.02773530287319293,62.7265621999072,97228009.51565525,3.383029535979733,0.8054832228523173
0.27,schechter,-2,10000000000.0,1e-05,49,10,0.20408163265306123,1.0,1055312781687.4551,252.3215379409059,0.0283217226539493,66.930228311851,95932543.54423486,3.63695499644485,0.7422357135601735
0.28,schechter,-2,10000000000.0,1e-05,27,10,0.37037037037037035,1.0,16026536151950.693,1430.3262345237704,0.028915256759088154,71.21691619331557,94657748.18751705,3.8984896149294834,1.4438850425664753
0.29000000000000004,schechter,-2,10000000000.0,1e-05,31,10,0.3225806451612903,1.0,8292063895654.51,208.6456141315604,0.029515899489181725,75.58198422510715,93403246.37677355,4.167410471124908,1.3443259584273897
0.3,schechter,-2,10000000000.0,1e-05,45,10,0.2222222222222222,1.0,1349496836409.0186,152.50595849932415,0.03012364303633178,80.02089408639873,92168670.04385954,4.443490015134679,0.9874422255854842
0.31,schechter,-2,10000000000.0,1e-05,61,10,0.16393442622950818,1.0,5021971819318.076,566.848735436175,0.030738477428216556,84.5292113050667,90953659.76403436,4.726496525770308,0.7748354960279193
0.32,schechter,-2,10000000000.0,1e-05,60,10,0.16666666666666666,1.0,957428129414.5033,113.23461064555553,0.03136039047147566,89.10260564019302,89757864.41943079,5.016194556065158,0.8360324260108596
0.33,schechter,-2,10712045074.323742,1.0712045074323743e-05,61,10,0.16393442622950818,0.9660032289396041,3479530809670.0566,113.51949041943335,0.031989367694474906,93.73685130534169,88580940.88171776,5.312345365579836,0.8412693076053218
0.34,schechter,-2,11569225482.31199,1.1569225482311991e-05,34,10,0.29411764705882354,0.9293165516535248,5250278326151.467,42.88557813801755,0.032625392289495694,98.4278270381177,87422553.71285346,5.61470733898891,1.5346589596508566
0.35000000000000003,schechter,-2,12471154311.95066,1.247115431195066e-05,57,10,0.17543859649122806,0.8948742033745306,2303958446201.784,581.5180788817664,0.03326844505439697,103.17151602366164,86282374.8828454,5.923036390631443,0.9298899073025733
0.36000000000000004,schechter,-2,13419091760.08202,1.341909176008202e-05,63,10,0.15873015873015872,0.8624864783014635,721300845364.6119,46.14490113700795,0.03391850433380093,107.96400567917047,85160083.50335014,6.237086354740289,0.8538734357082642
0.37,schechter,-2,14414308563.278414,1.4414308563278413e-05,37,10,0.2702702702702703,0.8319820709317307,7799406288737.763,337.71331947711855,0.03457554595985672,112.80148730584132,84055365.5762477,6.5566093611097935,1.4743193066341886
0.38,schechter,-2,15458085794.064548,1.5458085794064548e-05,50,10,0.2,0.8032094925991717,32045310045875.0,19262.180260245255,0.035239543192639965,117.68025561626753,82967913.75619605,6.881356196112335,1.105434123734711
0.39,schechter,-2,16551714661.025862,1.655171466102586e-05,46,10,0.21739130434782608,0.7760320720444449,1090969876500.4908,28.94664596381523,0.03591046666024937,122.59670814300176,81897427.12626469,7.211076648907409,1.21652755511368
0.4,schechter,-2,17696496312.8328,1.7696496312832803e-05,57,10,0.17543859649122806,0.7503273563820776,982057785306.0463,94.77519074575025,0.03658828429866464,127.54734453638534,80843610.98588744,7.545519842894461,0.9932649046048264
0.41000000000000003,schechter,-2,18893741646.201473,1.8893741646201473e-05,59,10,0.1694915254237288,0.7259844160335556,5001833235351.938,145.99773794239306,0.03727296129143468,132.5287657569646,79806176.65031886,7.884434552351365,0.9701655278378972
0.42000000000000004,schechter,-2,20144771117.80567,2.0144771117805672e-05,53,10,0.18867924528301888,0.7029038103902561,1296798592295.5723,135.44767650711606,0.037964460009266905,137.53767317097137,78784841.26087493,8.227569504445565,1.0911679160236714
0.43,schechter,-2,21450914560.14371,2.145091456014371e-05,35,10,0.2857142857142857,0.6809942481701092,3048801748230.2476,79.8355943362769,0.038662739949594106,142.57086755384233,77779327.60525452,8.574673666651114,1.6683724134071738
0.44,schechter,-2,22813511001.35677,2.281351100135677e-05,80,10,0.125,0.6601742896219815,5237044807959.639,694.4269813063863,0.03936775767619714,147.625248008989,76789363.94735558,8.92549651979478,0.7365479155598734
0.45,schechter,-2,24233908488.991924,2.4233908488991924e-05,77,10,0.12987012987012986,0.640368273948625,1403529177637.955,57.984148822790374,0.04007946675896711,152.69781080768777,75814683.86589663,9.279788316908968,0.7717509126113782
0.46,schechter,-2,25713463917.69338,2.5713463917693377e-05,81,10,0.12345679012345678,0.6215082590186971,53359074878314.1,587.5758758450658,0.04079781771389325,157.78564815678968,74855026.10136408,9.63730032818233,0.7394644134085084
0.47000000000000003,schechter,-2,27253542860.79635,2.725354286079635e-05,68,10,0.14705882352941177,0.6035317284939352,3516338876561.1367,466.57291389917947,0.04152275794336715,162.88594689945728,73910134.4107027,9.997785072237143,0.887350074376198
0.48000000000000004,schechter,-2,28855519405.802776,2.8855519405802776e-05,65,10,0.15384615384615385,0.5863817146739706,105271074037965.28,96.99386781478721,0.04225423167689769,167.9959871549614,72979757.42922702,10.360996534052788,0.9346921405182986
0.49,schechter,-2,30520775993.700882,3.052077599370088e-05,59,10,0.1694915254237288,0.5700053768270491,4986762617005.296,483.20300426570174,0.042992179912334685,173.11314090346954,72063648.53939462,10.726690369904356,1.0363171502380357
0.5,schechter,-2,32250703262.094086,3.2250703262094085e-05,46,10,0.21739130434782608,0.5543548912068105,3952981097356.8594,79.87699212073919,0.04373654035770323,178.23487052029122,71161565.7458431,11.094624099593124,1.3370345947196531
0.51,schechter,-2,34046699892.095715,3.4046699892095714e-05,52,10,0.19230769230769232,0.5393857292006187,11951553664280.424,187.92070821946302,0.04448724737375437,183.35872726616893,70273271.55644336,11.464557286451747,1.189195883060585
0.52,schechter,-2,35910172458.95261,3.591017245895261e-05,69,10,0.14492753623188406,0.525057071601281,27088231769127.63,1829.4417614146928,0.04524423191734168,188.4823497367532,69398532.8688438,11.836251705379654,0.900682269443813
0.53,schechter,-2,37842535286.33246,3.784253528633246e-05,54,10,0.18518518518518517,0.5113310757115481,1015354197495.0492,78.28218425789144,0.04600742148573693,193.60346227773027,68537120.86228469,12.209471499438099,1.1561263325328095
0.54,schechter,-2,39845210304.24358,3.9845210304243586e-05,70,10,0.14285714285714285,0.4981727373010951,1236524649864.6777,101.83542566965149,0.046776740062001616,198.71987336925508,67688810.89416112,12.583983325331605,0.8955710599045403
0.55,schechter,-2,41919626910.51239,4.191962691051239e-05,58,10,0.1724137931034483,0.48555006401389167,6939911833725.518,1225.9264052791273,0.04755210806153499,203.82947398428342,66853382.401291125,12.959556488259,1.0849161176665179
0.56,schechter,-2,44067221835.7811,4.40672218357811e-05,52,10,0.19230769230769232,0.47343270669721205,38855916431188.34,64.21985412843496,0.04833344227992233,208.93023592475478,66030618.80524841,13.335963066488116,1.2141694405733694
0.5700000000000001,schechter,-2,46289439011.94946,4.6289439011949464e-05,93,10,0.10752688172043011,0.4617930087760178,5485019469958.084,331.89386217651384,0.049120655842211244,214.02021014027528,65220307.42184981,13.712978026197103,0.6809201486018256
0.5800000000000001,schechter,-2,48587729444.009926,4.858772944400992e-05,63,10,0.15873015873015872,0.4506046804912235,66157390988177.7,3316.2531209465387,0.04991365815374634,219.0975250316133,64422239.37422575,14.090379326866243,1.007808075330588
0.59,schechter,-2,50963551085.21034,5.096355108521034e-05,33,10,0.30303030303030304,0.4398445208704018,8396960544999.6,309.3064525551639,0.050712354852696435,224.16038474536495,63636209.50946025,14.467948017877612,1.9283780799700783
0.6,schechter,-2,53418368715.48074,5.3418368715480744e-05,101,10,0.09900990099009901,0.4294892794239691,3500082887926.005,117.35232992055016,0.051516647764411366,229.207067458512,62862016.318445235,14.845468326432586,0.6312841083396918
0.61,schechter,-2,55953653823.0553,5.59536538230553e-05,51,10,0.19607843137254902,0.4195180401496117,5105903239315.859,262.52904046934015,0.05232643485774771,234.23592366251947,62099461.8588071,15.222727737647336,1.252197824750773
0.62,schechter,-2,58570884489.23376,5.857088448923376e-05,64,10,0.15625,0.40991180219958767,10079553257834.332,88.73953924280232,0.05314161020350689,239.24537444240494,61348351.680681646,15.59951706675948,0.999129086606032
0.63,schechter,-2,61271545276.20025,6.127154527620025e-05,50,10,0.2,0.4006514632860443,94084453178862.88,148.57808233350949,0.05396206393512963,244.23390976078255,60608494.75515795,15.975630524330564,1.2801319492980472
0.64,schechter,-2,64057127117.845955,6.405712711784595e-05,94,10,0.10638297872340426,0.3917204063205584,15524631927981.676,236.64281874377994,0.054787682211795266,249.20008674440265,59879703.405252725,16.350865774535517,0.6813795515844643
0.65,schechter,-2,66929127213.521904,6.69291272135219e-05,62,10,0.16129032258064516,0.3831026582250281,1494650206876.548,58.12284894732879,0.055618347184074164,254.14252797790436,59161793.23922499,16.725023987082185,1.0334517981175069
0.66,schechter,-2,69889048924.65598,6.988904892465597e-05,57,10,0.17543859649122806,0.37478299414713334,3689431786529.905,45.411208705936,0.056453936962285574,259.05991980759876,58454583.086089864,17.097909883193623,1.1242115543300295
0.67,schechter,-2,72938401674.15865,7.293840167415864e-05,53,10,0.18867924528301888,0.36674683634549254,11663855473622.13,222.92645209683027,0.05729432558771266,263.95101065428616,57757894.933217816,17.4693317758399,1.2088343701620885
0.68,schechter,-2,76078700848.56827,7.607870084856827e-05,80,10,0.125,0.35898173827645286,73746621447782.89,349.7292226394778,0.05813938300682973,268.8146093425054,57071553.86587637,17.839101604948198,0.8004889629293205
0.6900000000000001,schechter,-2,79311467702.84648,7.931146770284648e-05,50,10,0.2,0.3514746213502049,5997738752043.681,90.06305966497882,0.05898897504869533,273.6495834413374,56395388.00860588,18.207034967516385,1.2798621442235525
0.7000000000000001,schechter,-2,82638229267.77417,8.263822926777418e-05,63,10,0.15873015873015872,0.34421377771593087,125399071890788.62,14801.154135696517,0.059842963405668255,278.4548576248955,55729228.46830064,18.572951143402804,1.0147723295879518
0.7100000000000001,schechter,-2,86060518259.86975,8.606051825986975e-05,67,10,0.14925373134328357,0.3371882920523409,31888989696913.29,251.64007735687196,0.06070120561760056,283.229412049055,55072909.27894104,18.936673116817083,0.9530185769273181
0.72,schechter,-2,89579872993.7731,8.95798729937731e-05,76,10,0.13157894736842105,0.3303877560848796,16237406133842.1,47.70737408253971,0.061563555059664696,287.9722807495873,54426267.3478233,19.298027594070188,0.8389252675880179
0.73,schechter,-2,93197837297.0252,9.319783729702521e-05,54,10,0.18518518518518517,0.32380210636541595,8297057798019.036,163.42488508664468,0.062429860933968816,292.68255005916274,53789142.40325106,19.65684501765967,1.178690337262358
0.74,schechter,-2,96915960427.17505,9.691596042717505e-05,41,10,0.24390243902439024,0.31742207513206244,1742097281866.3206,77.47194331781152,0.06329996826511489,297.3593570485977,53161376.94359302,20.012959577268308,1.5494036972074607
0.75,schechter,-2,100735796991.16544,0.00010073579699116544,85,10,0.11764705882352941,0.3112390131256477,6254940680784.373,157.15678604774183,0.06417371789985252,302.001887990018,52542816.187593825,20.366209217723533,0.7457363362393814
0.76,schechter,-2,104658906866.9119,0.0001046589068669119,60,10,0.16666666666666666,0.3052445859197346,146566458438639.3,54.71507966216352,0.06505094651097904,306.6093768442661,51933308.025967404,20.716435644320153,1.0539299699972224
0.77,schechter,-2,108686855127.0371,0.00010868685512703709,78,10,0.1282051282051282,0.2994307690503999,5346168012343.479,121.527486768419,0.06593148660563516,311.1811037739472,51332702.97407133,21.06348432575283,0.808596834684771
0.78,schechter,-2,112821211964.68318,0.00011282121196468319,79,10,0.12658227848101267,0.29379015652470786,5712338124968.77,210.1923673765883,0.06681516653814157,315.71639368112415,50740854.125752576,21.40720449484441,0.7961045518097177
0.79,schechter,-2,117063552621.34921,0.00011706355262134921,83,10,0.12048192771084337,0.28831577441308087,15148124579490.707,197.92294674903752,0.0677018105275198,320.2146147716035,50157617.108157024,21.74744914732912,0.7554376677616014
0.8,schechter,-2,121415457316.6957,0.00012141545731669569,63,10,0.15873015873015872,0.28300095657943036,17766188245776.195,444.3896299129253,0.06859123867983588,324.6751771469832,49582850.03763585,22.084075039025574,0.9920340255898664
0.81,schechter,-2,125878511180.25677,0.00012587851118025676,108,10,0.09259259259259259,0.27783919651088207,3044044912376.1274,154.0988414124296,0.06948326701550157,329.09753142259837,49016413.47646635,22.41694268134601,0.5766949391495994
0.8200000000000001,schechter,-2,130454304185.00514,0.00013045430418500515,79,10,0.12658227848101267,0.2728245076551541,77254027161532.84,596.1849055347511,0.0703777075016633,333.48116737376426,48458170.39061373,22.745916335583157,0.7855244842304813
0.8300000000000001,schechter,-2,135144431082.71349,0.0001351444310827135,41,10,0.24390243902439024,0.2679511068914545,19959891995732.867,238.17836393615465,0.0712743680898028,337.8256126102426,47907986.10823188,23.07086400601001,1.507771596915268
0.8400000000000001,schechter,-2,139950491341.06015,0.00013995049134106014,64,10,0.15625,0.26321373827284955,48730769290801.766,1466.422185722601,0.07217305275866856,342.13043127858174,47365728.279101126,23.39165743202008,0.9620321245437325
0.85,schechter,-2,144874089082.42725,0.00014487408908242725,53,10,0.18867924528301888,0.25860709541644933,7725973583843.378,110.7936349595312,0.0730735615626498,346.39522279242647,46831266.83476413,23.70817207935701,1.1568116073728072
0.86,schechter,-2,149916833024.3354,0.00014991683302433538,62,10,0.16129032258064516,0.2541262234471029,29790965071276.383,131.1809599836128,0.07397569068569808,350.61962059248384,46304473.94949488,24.02028713075509,0.9845459442990061
0.87,schechter,-2,155080336421.47012,0.00015508033642147012,66,10,0.15151515151515152,0.24976633305459695,51991606376582.13,1291.8346301343722,0.07487923250089422,354.8032909333102,45785224.0019454,24.327885475855087,0.920649507011593
0.88,schechter,-2,160366217009.2486,0.0001603662170092486,52,10,0.19230769230769232,0.24552318003971396,14281575904346.244,85.10246267263082,0.07578397563574907,358.94593170066696,45273393.53755888,24.630853700819756,1.1629702937919661
0.89,schechter,-2,165776096948.87943,0.00016577609694887942,58,10,0.1724137931034483,0.24139239860077888,35137325757255.918,358.5859292455492,0.07668970504331966,363.0472712548873,44768861.231587745,24.929082077367788,1.0375329168226721
0.9,schechter,-2,171311602773.86694,0.00017131160277386695,39,10,0.2564102564102564,0.23736990156059734,21611511018825.664,74.68209254754564,0.07759620207921059,367.10706730518,44271507.85283817,25.222464551731417,1.5351420327590108
0.91,schechter,-2,176974365337.92108,0.0001769743653379211,68,10,0.14705882352941177,0.23345193708221912,58052844376260.89,406.4115186692297,0.07850324458452297,371.1251058097783,43781216.22801512,25.510898733217545,0.8758189302908773
0.92,schechter,-2,182766019764.2191,0.00018276601976421907,89,10,0.11235955056179775,0.22963459788935947,10833825577825.316,118.49430927092567,0.07941060697480082,375.1011999058388,43297871.206686266,25.79428588273478,0.6655348838792116
0.93,schechter,-2,188688205395.9864,0.00018868820539598639,81,10,0.12345679012345678,0.2259143151238333,19022565603818.004,334.508091248273,0.08031806033501555,379.03518886657565,42821359.6268634,26.072530901191026,0.7271799953194508
0.9400000000000001,schechter,-2,194742565748.34744,0.00019474256574834745,67,10,0.14925373134328357,0.2222880199117162,9784742192887.652,70.3097019610736,0.08122537252061583,382.9269370852567,42351570.28113079,26.345542317762476,0.8740743933307085
0.9500000000000001,schechter,-2,200930748461.4072,0.0002009307484614072,94,10,0.10638297872340426,0.21875219946366453,18357722054402.02,151.69145629656742,0.08213230826466011,386.77633308750086,41888393.88338472,26.6132322782312,0.6193301165638795
0.9600000000000001,schechter,-2,207254405254.53217,0.00020725440525453217,104,10,0.09615384615384616,0.21530378220684387,6025195636876.619,60.38347141204177,0.0830386292910345,390.58328857009616,41431723.03608367,26.875516533259717,0.5563846498435945
0.97,schechter,-2,213715191881.77744,0.00021371519188177743,72,10,0.1388888888888889,0.21193989863475227,42482772385791.39,619.4124662477137,0.08394409443374791,394.3477374665417,40981452.198053606,27.132314426686296,0.7986694401830723
0.98,schechter,-2,220314768088.43762,0.00022031476808843763,54,10,0.18518518518518517,0.20865775869194436,22290383866506.79,249.98598445817169,0.08484845976228053,398.0696350382585,40537477.652815565,27.383548883783938,1.0581092472447502
0.99,schechter,-2,227054797568.67703,0.00022705479756867703,65,10,0.15384615384615385,0.20545465102365013,50089546864285.86,202.08059003529888,0.08575147871295036,401.7489569933317,40099697.47744613,27.629146399647055,0.8733133279416655
1.0,schechter,-2,233936947924.20718,0.0002339369479242072,85,10,0.11764705882352941,0.2023279421363059,53254617758742.3,278.8609238741058,0.08665290222624604,405.38569862776563,39668011.51188104,27.86903702732095,0.6633746954186306
1.01,schechter,-2,240962890623.97543,0.00024096289062397542,63,10,0.15873015873015872,0.1992750754764956,160935423358890.3,98.92346151078164,0.08755247889006164,408.9798739960923,39242321.32879002,28.103154366245754,0.8889298742001951
1.02,schechter,-2,248134300964.838,0.000248134300964838,56,10,0.17857142857142858,0.19629357043545448,36109346170883.17,879.3085362648778,0.08844995508875261,412.5315151021376,38822530.203856505,28.331435550276698,0.9930854713796032
1.03,schechter,-2,255452858033.17374,0.00025545285803317373,68,10,0.14705882352941177,0.19338156257134853,8015768722827.636,88.71785982320009,0.08934507515791797,416.0406711173081,38408543.086599246,28.55382123588408,0.8120268482320909
1.04,schechter,-2,262920244667.4273,0.0002629202446674273,37,10,0.2702702702702703,0.19053632820198996,121470839230629.7,659.7543965826665,0.09023758154479809,419.5074076213625,38000266.571585506,28.770255590076033,1.4815618544772604
1.05,schechter,-2,270538147421.5261,0.00027053814742152607,56,10,0.17857142857142858,0.1877562157275937,19071806213387.76,58.510926000824554,0.09112721497416236,422.9318058664843,37597608.87017283,28.980686278190355,0.9716614258538614
1.06,schechter,-2,278308256529.16693,0.00027830825652916695,70,10,0.14285714285714285,0.18503893747880873,54053404601313.52,173.68171179086204,0.09201371461954395,426.31396206430253,37200479.78263619,29.185064451412096,0.7714819023342636
1.07,schechter,-2,286232265868.9289,0.0002862322658689289,76,10,0.13157894736842105,0.18238256928128105,56610662828915.08,126.67118195497729,0.09289681827966537,429.6539866957538,36808790.67077036,29.383344734057246,0.7051328824572316
1.08,schechter,-2,294311872930.19006,0.00029431187293019005,83,10,0.12048192771084337,0.17978528938070837,19261337002111.285,267.77956607786166,0.09377626255988103,432.9520038424427,36422454.43092041,29.575485210473495,0.6406309839927515
1.09,schechter,-2,302548778779.8241,0.0003025487787798241,64,10,0.15625,0.17724532199761855,6918572154191.893,56.648508285396034,0.09465178305844799,436.2081505396533,36041385.46742419,29.761447411528778,0.824230832745564
1.1,schechter,-2,310944688029.64703,0.00031094468802964705,69,10,0.14492753623188406,0.17476093693639427,198963313288921.94,364.64145811978557,0.09552311455742028,439.4225761499651,35665499.66649557,29.94119630060982,0.7583407997813152
1.11,schechter,-2,319501308804.5959,0.0003195013088045959,60,10,0.16666666666666666,0.17233044915105922,12832605151533.645,35.49548054450143,0.09638999121794681,442.59544175857616,35294714.37049736,30.11470025913238,0.8649466369509671
1.12,schechter,-2,328220352711.60455,0.00032822035271160455,62,10,0.16129032258064516,0.16995221827112073,18294323025398.273,27.79897806770013,0.09725214677973788,445.7269195865053,34928948.352648705,30.281931071304502,0.8300776385647379
1.1300000000000001,schechter,-2,337103534809.1681,0.0003371035348091681,30,10,0.3333333333333333,0.16762476564867357,18907597817968.01,198.103073727459,0.09810931476444977,448.81719242605686,34568121.792101,30.442863908349885,1.7009926427705373
1.1400000000000001,schechter,-2,346152573577.56665,0.00034615257357756664,105,10,0.09523809523809523,0.16534670762150827,38052521468043.88,25.191606830140127,0.09896122868272254,451.8664530930235,34212156.24944995,30.597477311834513,0.48182782238434607
1.1500000000000001,schechter,-2,355369190889.72266,0.00035536919088972267,85,10,0.11764705882352941,0.1631163348338489,9551588864522.34,85.0081493869515,0.09980762224459194,454.8749038989672,33860974.64260373,30.745753176216628,0.5900158317424264
1.1600000000000001,schechter,-2,364755111982.6732,0.0003647551119826732,76,10,0.13157894736842105,0.16093266676603923,145348914354907.62,1190.9614745907577,0.10064822957298275,457.84275614114665,33514501.22304822,30.887676730449744,0.654057392952449
1.17,schechter,-2,374312065429.656,0.000374312065429656,74,10,0.13513513513513514,0.15879403289170502,36241671754915.57,248.5729866860441,0.10148278541997709,460.77022960986795,33172661.552509196,31.023236518585296,0.6657168702891052
1.18,schechter,-2,384041783112.75244,0.00038404178311275244,98,10,0.10204081632653061,0.15669926008697066,46355704435019.766,343.7519402762843,0.1023110253855389,463.65755211356725,32835382.47995832,31.152424379307643,0.49811855613804223
1.19,schechter,-2,393946000196.1073,0.0003939460001961073,39,10,0.2564102564102564,0.1546472776373865,69674451925569.79,505.65044259200295,0.10313268613836393,466.50495902068224,32502592.119014297,31.275235424345386,1.24016154252394
1.2,schechter,-2,404026455099.6784,0.0004040264550996784,74,10,0.13513513513513514,0.15263672386920468,128865106682814.3,428.28238079771137,0.1039475056385125,469.31269281724593,32174219.82570734,31.391668015621033,0.647502886850553
1.21,schechter,-2,414284889473.5216,0.0004142848894735216,63,10,0.15873015873015872,0.1506664827149592,149763306467860.8,159.11420573477994,0.1047552233614732,472.08100268106614,31850196.176586464,31.501723741140715,0.7533736373866662
1.22,schechter,-2,424723048172.5763,0.0004247230481725763,56,10,0.17857142857142858,0.1487354633799668,66812877326362.04,50.40195691714722,0.10555558052329424,474.810144070495,31530452.947203357,31.605407389487805,0.8394365916764456
1.23,schechter,-2,435342679231.9461,0.0004353426792319461,102,10,0.09803921568627451,0.14684260015901973,4017951041664.7656,26.529588793502274,0.10634832030641155,477.5003783298446,31214923.090939093,31.702726922993566,0.4564030248533073
1.24,schechter,-2,446145533842.65247,0.0004461455338426525,69,10,0.14492753623188406,0.14498685223303132,39174895470122.24,387.56637417673267,0.10713318808579403,480.15197230711533,30903540.718176357,31.79369344926812,0.6680677585610627
1.25,schechter,-2,457133366327.8544,0.00045713336632785436,82,10,0.12195121951219512,0.14316720344698342,132549545458736.05,101.66333358876412,0.1079099316550206,482.76519798762916,30596241.075822484,31.878321191310697,0.5565768409200806
1.26,schechter,-2,468307934119.5138,0.0004683079341195138,86,10,0.11627906976744186,0.1413828040963927,162644632069835.22,321.35820615566763,0.10867830145189603,485.3403321410361,30292960.52715669,31.956627455979394,0.5253625115337371
1.27,schechter,-2,479670997735.4885,0.00047967099773548854,70,10,0.14285714285714285,0.13963267075190677,16472904527785.984,53.05987887914091,0.10943805078320944,487.87765598149576,29993636.532022804,32.028632600809836,0.6388919300832381
1.28,schechter,-2,491224320757.05597,0.000491224320757056,93,10,0.10752688172043011,0.1379157782398347,31459016426481.582,30.931378126239157,0.11018893604823399,490.37745484039937,29698207.62734887,32.0943599991062,0.4759482404716293
1.29,schechter,-2,502969669806.8273,0.0005029696698068272,83,10,0.12048192771084337,0.1362314732947345,33996284103617.54,174.0347882226359,0.11093071696056572,492.8400178524283,29406613.407992665,32.153836003344814,0.527754753109993
1.3,schechter,-2,514908814527.07446,0.0005149088145270745,73,10,0.136986301369863,0.1345787235778121,36043947788098.734,139.89443490917645,0.11166315676789583,495.2656376536461,29118794.50790167,32.207089906784006,0.59375192463162
1.31,schechter,-2,527043527558.41925,0.0005270435275584193,52,10,0.19230769230769232,0.13295688212979828,46558310338827.48,417.6124574843203,0.11238602246931209,497.6546100914921,28834692.581594545,32.25415390327715,0.8246945651373834
1.32,schechter,-2,539375584518.91003,0.0005393755845189101,68,10,0.14705882352941177,0.13136496056156033,55259518124198.555,237.0957078475514,0.11309908502972522,500.00723394493906,28554250.285959702,32.29506304517397,0.6238881887150562
1.33,schechter,-2,551906763983.4467,0.0005519067639834466,63,10,0.15873015873015872,0.12980245843586047,24808504511261.68,217.72786840873982,0.11380211959101888,502.32381065832556,28277411.26235228,32.32985519952478,0.6661102675831274
1.34,schechter,-2,564638847463.5569,0.0005646388474635569,61,10,0.16393442622950818,0.12826846476091258,63218193025579.375,262.9387401482727,0.11449490567952506,504.60464408317875,28004120.11900111,32.35857100224423,0.6804236433303035
1.35,schechter,-2,577573619387.5106,0.0005775736193875106,77,10,0.12987012987012986,0.12676226654403544,21175082934255.367,51.9900568098905,0.11517722740943068,506.8500402326521,27734322.413720313,32.381253810546475,0.5330806657873448
1.36,schechter,-2,590712867080.7603,0.0005907128670807602,56,10,0.17857142857142858,0.12528319995959514,57268541978182.71,133.46841414197027,0.11584887368172872,509.0603070444537,27467964.636896268,32.397949653375335,0.7248069294115569
1.37,schechter,-2,604058380746.7051,0.0006040583807467051,52,10,0.19230769230769232,0.12383061428886188,118628343195337.5,753.1284036901683,0.11650963837833293,511.2357541548695,27204994.194798715,32.40870718008256,0.7717673304648985
1.3800000000000001,schechter,-2,617611953447.7498,0.0006176119534477498,64,10,0.15625,0.12240387185119783,80679741226329.47,36.09575359387942,0.1171593205509839,513.3766926808875,26945359.393152125,32.41357760712333,0.6199292811970594
1.3900000000000001,schechter,-2,631375381086.6813,0.0006313753810866813,100,10,0.1,0.12100234792612563,39246819925879.46,61.42411121252659,0.11779772460458442,515.4834350127236,26689009.4209975,32.41261466299091,0.39220024766466677
1.4000000000000001,schechter,-2,645350462388.3212,0.0006453504623883211,107,10,0.09345794392523364,0.11962543066680908,378720641401623.5,381.1346970904246,0.11842466047461185,517.5562946142078,26435894.334847275,32.405874531278734,0.3622959529849344
1.4100000000000001,schechter,-2,659538998881.4663,0.0006595389988814664,50,10,0.2,0.11827252100544561,84028773555599.3,123.35948388094843,0.1190399437982678,519.5955858323738,26185965.04308979,32.39341579195435,0.7662501899384109
1.42,schechter,-2,673942794881.1095,0.0006739427948811095,47,10,0.2127659574468085,0.11694303255106375,18473713681709.023,112.66777306349759,0.1196433960790384,521.6016237149311,25939173.29070372,32.37529936089274,0.805545890853471
1.43,schechter,-2,688563657470.9121,0.0006885636574709121,88,10,0.11363636363636363,0.11563639148020666,128728878530620.2,750.8741281674276,0.12023484484435139,523.5747238358806,25695471.644191947,32.35158842763719,0.4251160164119065
1.44,schechter,-2,703403396485.9486,0.0007034033964859486,47,10,0.2127659574468085,0.11435203642095393,70720094381826.23,416.89463171260206,0.12081412379603326,525.5152021286646,25454813.47682177,32.322348391525196,0.7864098639315853
1.45,schechter,-2,718463824495.7014,0.0007184638244957014,88,10,0.11363636363636363,0.11308962560126667,57932641495398.54,124.84734736224102,0.12138107295328354,527.4233747271542,25217152.95410143,32.28764679618493,0.41493157815073767
1.46,schechter,-2,733746756787.2847,0.0007337467567872847,92,10,0.10869565217391304,0.11184846279047411,51501448799140.67,34.82698082052019,0.12193553878790152,529.2995578132391,24982445.019521292,32.24755326243972,0.39204774577802404
1.47,schechter,-2,749254011348.9379,0.0007492540113489378,59,10,0.1694915254237288,0.11062808249420941,25972453557491.57,83.82137402662929,0.12247737435151856,531.144067472172,24750645.38054905,32.20213941976212,0.603806938342284
1.48,schechter,-2,764987408853.7148,0.0007649874088537148,61,10,0.16393442622950818,0.10942812363345111,20105544622340.05,67.7275267599189,0.12300643939460665,532.9572195531725,24521710.494854964,32.151478836181916,0.5767665575547544
1.49,schechter,-2,780948772643.4219,0.0007809487726434218,76,10,0.13157894736842105,0.10824795774342133,55869300295810.125,139.1308688466192,0.12352260047705375,534.7393295389818,24295597.556820426,32.09564694703488,0.45714318874610543
1.5,schechter,-2,797139928712.765,0.000797139928712765,76,10,0.13157894736842105,0.10708729231139347,169236025993091.12,42.67213404181781,0.1240257310701164,536.4907124185902,24072264.484238382,32.0347209821799,0.45138309604376686
1.51,schechter,-2,813562705693.712,0.000813562705693712,53,10,0.18867924528301888,0.10594559088559041,128876054392437.83,618.240608007597,0.12451571164958056,538.2116825683095,23851669.90529175,31.968779892211522,0.6390474104852324
1.52,schechter,-2,830218934840.0693,0.0008302189348400694,55,10,0.18181818181818182,0.10482238498388685,27970830141882.395,248.58899848107657,0.12499242977998155,539.9025536385237,23633773.145745885,31.897904273526716,0.6079298912615977
1.53,schechter,-2,847110450012.2455,0.0008471104500122454,143,10,0.06993006993006994,0.10371746352623423,19533233806979.055,97.32078211791661,0.12545578018975678,541.5636384433861,23418534.21637197,31.822176292215328,0.23080527335057616
1.54,schechter,-2,864239087662.2234,0.0008642390876622233,97,10,0.10309278350515463,0.10263024390268782,20444444031293.99,82.94846107932314,0.12590566483722512,543.1952488599917,23205913.800602216,31.741679607274794,0.33584085772944167
1.55,schechter,-2,881606686818.7225,0.0008816066868187225,73,10,0.136986301369863,0.10156035762242088,39552359972107.53,153.19196135035796,0.12634199296731044,544.7976957298799,22995873.24240182,31.656499292818538,0.4404171766099403
1.56,schechter,-2,899215089072.5514,0.0008992150890725514,132,10,0.07575757575757576,0.10050744241881537,115407649975623.34,45.21312616781496,0.12676468115894596,546.371288765639,22788374.534365553,31.566721759571852,0.2403553386061314
1.57,schechter,-2,917066138562.125,0.000917066138562125,71,10,0.14084507042253522,0.09947114632670762,30131013606546.574,192.05280942481554,0.12717365336312167,547.9163364643617,22583380.306024913,31.47243467585575,0.44092945843659076
1.58,schechter,-2,935161681959.1846,0.0009351616819591845,50,10,0.2,0.09845115309276409,97064273336971.67,123.7907912511965,0.1275688409315561,549.4331460234014,22380853.81236754,31.37372688791653,0.6177559177865679
1.59,schechter,-2,953503568454.6693,0.0009535035684546693,70,10,0.14285714285714285,0.0974470556647653,86516187866299.16,389.954826085314,0.12795018263599814,550.9220232616224,22180758.922575094,31.2706883399194,0.4353195010479504
1.6,schechter,-2,972093649744.7775,0.0009720936497447774,81,10,0.12345679012345678,0.09645851743599576,94267325193742.97,81.9801502231904,0.12831762467818383,552.3832725461161,21983060.10894857,31.16340999368157,0.37110818842476767
1.61,schechter,-2,990933780017.1669,0.0009909337800171668,94,10,0.10638297872340426,0.09548520786225967,173614549996849.94,476.43526836060784,0.12867112069049735,553.8171967198815,21787722.43604854,31.05198374805219,0.3154260768849226
1.62,schechter,-2,1010025815937.339,0.001010025815937339,128,10,0.078125,0.09452683507624804,56130678226244.625,176.38198679066596,0.12901063172740435,555.2240970379363,21594711.550035674,30.93650235846686,0.22846325439646525
1.6300000000000001,schechter,-2,1029371616635.1722,0.0010293716166351722,86,10,0.11627906976744186,0.09358309147022947,43601409948378.8,18.099827606560154,0.1293361262477481,556.6042731021993,21403993.66818979,30.81705935622438,0.33534368425314387
1.6400000000000001,schechter,-2,1048973043691.6041,0.001048973043691604,75,10,0.13333333333333333,0.09265364162580669,78734431442460.48,72.10098714206394,0.12964758008801838,557.9580228049207,21215535.568644308,30.693748968212496,0.37918501560709794
1.6500000000000001,schechter,-2,1068831961125.469,0.001068831961125469,86,10,0.11627906976744186,0.09173817794153816,45283531748677.164,102.18081860275962,0.12994497642672279,559.2856422724851,21029304.58028762,30.56666603667782,0.32606165673864196
1.6600000000000001,schechter,-2,1088950235380.4784,0.0010889502353804783,48,10,0.20833333333333334,0.090836398684224,119341726304422.84,63.7595885754404,0.13022830574001035,560.5874258132405,20845268.57286173,30.435905939411985,0.5759766846308267
1.6700000000000002,schechter,-2,1109329735312.3481,0.0011093297353123482,71,10,0.14084507042253522,0.0899480755086648,97139996449176.05,63.985655378580546,0.13049756574871402,561.863665869362,20663395.94724198,30.301564510450334,0.3838827341713611
1.68,schechter,-2,1129972332176.0664,0.0011299723321760663,94,10,0.10638297872340426,0.08907296028354061,364053477998094.3,139.30529171180615,0.13075276135699798,563.114652971651,20483655.625891827,30.163737961332956,0.2858269610035039
1.69,schechter,-2,1150879899613.2869,0.001150879899613287,56,10,0.17857142857142858,0.0882106754401012,129812657552171.2,63.54404729564633,0.13099390458281196,564.3406756967025,20306017.043500546,30.022522803026657,0.4729119669412181
1.7,schechter,-2,1172054313639.8745,0.0011720543136398746,57,10,0.17543859649122806,0.08736105924133031,184869438054098.3,435.4982663498919,0.13122101448037002,565.5420206271988,20130450.13778125,29.87801576863128,0.4579254571187365
1.71,schechter,-2,1193497452633.5618,0.0011934974526335617,83,10,0.12048192771084337,0.08652383221406057,40629000775486.555,109.77261547232294,0.13143411705488842,566.7189723163366,19956925.34045368,29.730313737070638,0.3099253828262265
1.72,schechter,-2,1215211197321.7527,0.0012152111973217526,96,10,0.10416666666666667,0.08569869956983822,74455934140592.08,415.86975454585246,0.13163324516982902,567.8718132518297,19785413.568385925,29.5795136575981,0.2640547764962944
1.73,schechter,-2,1237197430769.439,0.001237197430769439,66,10,0.15151515151515152,0.08488551769662067,371384240022488.1,188.11066779082051,0.1318184384469108,569.0008238267052,19615886.214899182,29.425712475610325,0.3784570965278927
1.74,schechter,-2,1259458038367.239,0.001259458038367239,128,10,0.078125,0.08408395007998892,58383419509027.9,314.88966305782725,0.13198974315916043,570.1062823085427,19448315.141239457,29.26900705943715,0.192269822537231
1.75,schechter,-2,1281994907819.563,0.001281994907819563,57,10,0.17543859649122806,0.08329383569912341,111842303204000.28,79.05100371000076,0.13214721211728916,571.1884648136295,19282672.668198943,29.109494128521657,0.4253756879343299
1.76,schechter,-2,1304809929132.8955,0.0013048099291328955,64,10,0.15625,0.08251494373239143,123396122163002.12,156.36943818983616,0.13229090454968861,572.2476452818358,19118931.567901675,28.94727018288763,0.3732159953667664
1.77,schechter,-2,1327904994604.1924,0.0013279049946041924,91,10,0.10989010989010989,0.0817469776969012,34491410078188.04,51.66721652851727,0.13242088597635046,573.2840954559391,18957065.055737577,28.78243143415292,0.25855788796816337
1.78,schechter,-2,1351281998809.3809,0.0013512819988093809,78,10,0.1282051282051282,0.08098987687799641,68199619729216.336,78.66132054524171,0.1325372280770222,574.2980848593321,18797046.782446537,28.615073737869384,0.2971193972929269
1.79,schechter,-2,1374942838591.9868,0.0013749428385919867,92,10,0.10869565217391304,0.0802433239801984,33506158830330.895,105.54855315022819,0.13264000855391733,575.2898807797669,18638850.826349083,28.44529252765425,0.24810269826174747
1.8,schechter,-2,1398889413051.8616,0.0013988894130518615,70,10,0.14285714285714285,0.0795071080495191,108255644768555.2,162.29988465977038,0.1327293109893057,576.2597482518535,18482451.68572671,28.273182750827193,0.321131285124831
1.81,schechter,-2,1423123623534.014,0.001423123623534014,105,10,0.09523809523809523,0.07878104958168675,61948937417098.95,28.184091295479114,0.13280522469831382,577.2079500428587,18327824.271332726,28.098838805826478,0.21082438220472755
1.82,schechter,-2,1447647373617.5537,0.0014476473736175538,85,10,0.11764705882352941,0.07806504446355789,165085390235700.1,80.35006942749617,0.132867844577269,578.1347466406545,18174943.89906127,27.922354481454736,0.2564423346025869
1.83,schechter,-2,1472462569104.7307,0.0014724625691047307,62,10,0.16129032258064516,0.07735881452614302,130236186583986.0,66.20381270732159,0.13291727094792347,579.0403962421652,18023786.282729935,27.743822897869286,0.34616600803264996
1.84,schechter,-2,1497571118010.0698,0.0014975711180100699,61,10,0.16393442622950818,0.07666218386234458,35688814077985.555,57.76945698732061,0.13295360939789763,579.9251547431697,17874327.527015675,27.56333644947979,0.3464041912704399
1.85,schechter,-2,1522974930549.6328,0.0015229749305496329,59,10,0.1694915254237288,0.0759749791684593,80785065395161.2,54.13006303636009,0.13297697061768127,580.7892757324506,17726544.12051855,27.380986749909155,0.35258811829427256
1.86,schechter,-2,1548675919130.3337,0.0015486759191303337,69,10,0.14492753623188406,0.07529702973491292,20683274309470.07,20.737761669097882,0.1329874702345315,581.6330104828803,17580412.92894541,27.196864578699703,0.2967888580983698
1.87,schechter,-2,1574675998339.3806,0.0015746759983393806,60,10,0.16666666666666666,0.07462816743591316,34433747448593.812,53.609894258576865,0.13298522864360543,582.4566079481062,17435911.18843124,27.01105983024882,0.3359643159388795
1.8800000000000001,schechter,-2,1600977084933.8154,0.0016009770849338154,45,10,0.2222222222222222,0.07396822671805892,86734928545939.11,215.2923543520209,0.13297037083666333,583.2603147582792,17293016.49898085,26.82366146467301,0.44091081613942074
1.8900000000000001,schechter,-2,1627581097830.1147,0.0016275810978301148,43,10,0.23255813953488372,0.07331704458796451,59947875015515.05,109.00499754786424,0.13294302622867502,584.0443752167679,17151706.818034906,26.634757460734512,0.4541352791484401
1.9000000000000001,schechter,-2,1654489958093.9045,0.0016544899580939044,70,10,0.14285714285714285,0.07267446059893268,133136358638554.1,281.92848810491284,0.13290332848265865,584.8090313005451,17011960.454154097,26.444434770971327,0.27454786183200014
1.9100000000000001,schechter,-2,1681705588929.7627,0.0016817055889297627,72,10,0.1388888888888889,0.07204031683672352,309482260045140.75,165.98233769145094,0.13285141533307546,585.5545226586595,16873756.06082675,26.252779278805413,0.26267479681801553
1.9200000000000002,schechter,-2,1709229915671.106,0.001709229915671106,77,10,0.12987012987012986,0.07141445790446277,25886337335105.43,55.36380551278636,0.13278742840810062,586.2810866134372,16737072.630372385,26.059875757819782,0.24169505198731822
1.93,schechter,-2,1737064865770.1555,0.0017370648657701556,94,10,0.10638297872340426,0.07079673090672745,190660363704038.44,185.53651560681166,0.13271151305108214,586.9889581630031,16601889.488000676,25.865807833244286,0.1948100677505658
1.94,schechter,-2,1765212368788.0024,0.0017652123687880025,65,10,0.15384615384615385,0.07018700435142877,71963486459901.72,221.87393393407783,0.1326238181414942,587.6783699837507,16468186.28592861,25.670657945447992,0.27719178168018427
1.95,schechter,-2,1793674356384.7368,0.001793674356384737,60,10,0.16666666666666666,0.06958518348947818,176271334335711.9,306.074848099575,0.13252449591568408,588.3495524346428,16335942.997650843,25.474507315675055,0.29544137764421713
1.96,schechter,-2,1822452762309.669,0.001822452762309669,148,10,0.06756756756756757,0.06899106119508025,99291701704956.62,83.03411515623031,0.13241370178770218,589.0027335621211,16205139.912292665,25.277435913860113,0.11783223837755692
1.97,schechter,-2,1851549522391.6482,0.0018515495223916482,108,10,0.09259259259259259,0.06840449398701332,31059470861329.676,75.10594961461904,0.13229159417049882,589.6381391046078,16075757.62908553,25.079522428539473,0.15884741121853646
1.98,schechter,-2,1880966574529.4258,0.0018809665745294257,110,10,0.09090909090909091,0.0678253666138462,46788408569984.39,29.361849867010722,0.13215833429775978,590.255992501449,15947777.051919853,24.880844238987546,0.15341385292466667
1.99,schechter,-2,1910705858682.1187,0.0019107058586821186,106,10,0.09433962264150944,0.06725362329542461,92315911379573.1,42.35160950321736,0.1320140860466449,590.8565148972009,15821179.384035045,24.68147738927093,0.15659611157665732
2.0,schechter,-2,1940769316859.75,0.00194076931685975,114,10,0.08771929824561403,0.0666890279263167,72918390881479.72,201.32284220745606,0.13185901576168338,591.4399251522201,15695946.122775251,24.481496564561276,0.14321466737474153
2.01,schechter,-2,1971158893113.8618,0.0019711588931138617,115,10,0.08695652173913043,0.06613149309883437,330279037889660.1,266.92505303860196,0.13169329208006922,592.0064398492042,15572059.054465903,24.280975069334783,0.13962931610701587
2.02,schechter,-2,2001876533528.1978,0.002001876533528198,39,10,0.2564102564102564,0.06558095706617728,169234659292504.6,54.13227583655045,0.13151708575859106,592.5562733049384,15449500.249373306,24.0799848077658,0.4049201153416128
2.03,schechter,-2,2032924186209.4639,0.002032924186209464,95,10,0.10526315789473684,0.06503718080418441,144006481747270.1,62.72514879215974,0.13133056950241706,593.0896375771925,15328252.056764135,23.878596265898477,0.16347332449424862
2.04,schechter,-2,2064303801278.1616,0.0020643038012781614,42,10,0.23809523809523808,0.06450019980580401,174820217276792.1,79.13219694094494,0.13113391779594796,593.6067424779217,15208297.100052891,23.676878496008605,0.3636103318500713
2.05,schechter,-2,2096017330859.4934,0.0020960173308594934,80,10,0.125,0.06396975251970827,206502935482420.56,27.97400798559975,0.13092730673593825,594.107795583247,15089618.27204791,23.47489910274971,0.18771043575350257
2.0599999999999996,schechter,-2,2128066729074.3364,0.0021280667290743366,130,10,0.07692307692307693,0.0634458531794656,55075726292839.984,82.97559891483698,0.1307109138670736,594.5930022447884,14972198.730271557,23.272724231199767,0.11358137266606862
2.07,schechter,-2,2160453952030.2893,0.0021604539520302894,58,10,0.1724137931034483,0.06292827236362575,98903205947074.33,29.5930026923791,0.1304849180201844,595.0625656020183,14856021.89238433,23.070418556803972,0.2503071693940355
2.0799999999999996,schechter,-2,2193180957812.7773,0.0021931809578127773,125,10,0.08,0.06241703947195543,241845193061117.56,33.54260357749116,0.1302494991532604,595.5166865948545,14741071.431683572,22.868045277097227,0.11418845477656332
2.09,schechter,-2,2226249706476.2417,0.0022262497064762417,85,10,0.11764705882352941,0.06191190719173989,125671475061291.6,50.19461407778654,0.13000483819542183,595.9555639770831,14627331.272682121,22.665666105197076,0.1650911313345795
2.0999999999999996,schechter,-2,2259662160035.378,0.002259662160035378,42,10,0.23809523809523808,0.061412905984931765,68284036806065.35,185.6995799103984,0.12975111689399202,596.379394328357,14514785.586787315,22.463341264970122,0.3284616821935829
2.11,schechter,-2,2293420282456.4595,0.0022934202824564593,86,10,0.11627906976744186,0.06091984866981337,148261652263899.34,92.40454576019229,0.12948851766480282,596.788372069591,14403418.788036415,22.261129487943467,0.15769123716565536
2.1199999999999997,schechter,-2,2327526039648.6997,0.0023275260396486996,100,10,0.1,0.060432624773324894,39196401123467.38,23.061322362013687,0.1292172234458553,597.1826894757627,14293215.5289337,22.059088011756582,0.13330885886562352
2.13,schechter,-2,2361981399455.7104,0.0023619813994557102,66,10,0.15151515151515152,0.05995125442156235,93908361732270.62,146.2945575207578,0.12893741755444604,597.5625366913068,14184160.69634576,21.8572725802358,0.19854104688169016
2.1399999999999997,schechter,-2,2396788331646.994,0.002396788331646994,44,10,0.22727272727272727,0.05947553047164911,75560567929337.88,81.21830261077491,0.12864928354785926,597.9281017437165,14076239.407488255,21.655737444929972,0.2927241982481739
2.15,schechter,-2,2431948807909.512,0.002431948807909512,98,10,0.10204081632653061,0.05900536966431669,72526558051206.64,25.11229238702347,0.12835300508771263,598.2795705598287,13969437.005973084,21.454535368175076,0.12917681534442113
2.1599999999999997,schechter,-2,2467464801839.3306,0.0024674648018393306,48,10,0.20833333333333334,0.05854074239411888,124081004990915.17,67.41839392839236,0.12804876580803742,598.6171269801808,13863739.057946578,21.253717627515176,0.2592100851145228
2.17,schechter,-2,2503338288933.276,0.002503338288933276,48,10,0.20833333333333334,0.05808154268690047,133914419393849.83,45.492624605752226,0.12773674918715994,598.9409527751782,13759131.34827611,21.05333402149938,0.2547521080565188
2.1799999999999997,schechter,-2,2539571246580.724,0.002539571246580724,92,10,0.10869565217391304,0.05762765264340908,152755225357517.56,166.7833819689918,0.1274171384234439,599.2512276596281,13655599.876833957,20.853432876754724,0.13062330285263782
2.19,schechter,-2,2576165654055.385,0.0025761656540553846,117,10,0.08547008547008547,0.05717899306171714,173885700578618.06,288.1078444065857,0.12709011631494216,599.5481293108803,13553130.854817575,20.654061056374356,0.10093832596912064
2.1999999999999997,schechter,-2,2613123492507.166,0.002613123492507166,59,10,0.1694915254237288,0.05673548568764564,130156396032276.53,64.02632217563585,0.12675586514299808,599.8318333825456,13451710.70117912,20.455263969398207,0.1967015824021704
2.21,schechter,-2,2650446744954.1294,0.0026504467449541295,93,10,0.10752688172043011,0.056297063353743404,172461501866931.72,226.51774618024007,0.12641456655982633,600.1025135223684,13351326.039074074,20.25708558149647,0.12262520756383964
2.2199999999999998,schechter,-2,2688137396274.432,0.0026881373962744323,62,10,0.16129032258064516,0.05586366772687856,45267267728815.49,52.05689389939041,0.1260664014800965,600.3603413882305,13251963.692418212,20.059568426728937,0.18074210731215637
2.23,schechter,-2,2726197433198.407,0.0027261974331984073,49,10,0.20408163265306123,0.055435186980546836,120098374560087.6,53.690156183168085,0.1257115499765309,600.605486664658,13153610.682476113,19.862753620293862,0.22471335936520895
2.2399999999999998,schechter,-2,2764628844300.628,0.002764628844300628,80,10,0.125,0.05501154685591736,122735868333945.4,107.18708906103663,0.12535019117952442,600.8381170795229,13056254.22453316,19.666680872282807,0.13523681703824492
2.25,schechter,-2,2803433619992.081,0.0028034336199920813,76,10,0.13157894736842105,0.05459267402692247,40976387772336.36,43.79475370954166,0.12498250318078254,601.0583984214999,12959881.724614153,19.47138850235141,0.13986778491584692
2.26,schechter,-2,2842613752512.35,0.00284261375251235,122,10,0.08196721311475409,0.054178496097078144,333800009799746.3,376.46725727218876,0.12460866294096873,601.2664945556241,12864480.776277887,19.276913455213105,0.08560608036040789
2.27,schechter,-2,2882171235921.9043,0.002882171235921904,73,10,0.136986301369863,0.05376894159604384,88202589054249.05,69.4456906270943,0.12422884620134438,601.4625674423514,12770039.157449897,19.083291317023967,0.14056005154593865
2.28,schechter,-2,2922108066094.383,0.0029221080660943827,76,10,0.13157894736842105,0.05336393997593303,45178680049483.64,67.00052507506781,0.12384322739937846,601.6467771526111,12676544.827336488,18.890556332430187,0.1326413834520771
2.29,schechter,-2,2962426240708.982,0.002962426240708982,75,10,0.13333333333333333,0.05296342160738232,71725461798332.94,71.38233788256471,0.12345197958829715,601.8192818862875,12583985.923375618,18.69874142240265,0.1320465767309514
2.3,schechter,-2,3003127759242.86,0.00300312775924286,91,10,0.10989010989010989,0.05256731777539092,36999405215946.31,26.951545324993628,0.12305527436053831,601.9802379883266,12492350.758259717,18.507878202676817,0.10691313349762013
2.31,schechter,-2,3044214622963.612,0.0030442146229636116,60,10,0.16666666666666666,0.05217556067493623,365359944117791.4,19.01305103472565,0.12265328177506969,602.1297999682108,12401627.816991834,18.317997002873167,0.1592919606777848
2.32,schechter,-2,3085688834921.8,0.0030856888349217997,131,10,0.07633587786259542,0.05178808340637553,63325546120721.42,50.116422326779166,0.12224617028852493,602.2681205139,12311805.754026573,18.129126886052916,0.07166967444730331
2.3299999999999996,schechter,-2,3127552399943.5146,0.0031275523999435145,66,10,0.15151515151515152,0.05140484557527003,99412853713168.47,71.80367508642284,0.12183410669010708,602.3953505118852,12222873.3904306,17.941295668926326,0.13973780807294225
2.34,schechter,-2,3169807324622.9927,0.0031698073246229927,63,10,0.15873015873015872,0.05102577722700108,214793240389714.3,67.51434557233246,0.12141725604020252,602.5116390636506,12134819.711121293,17.75452994245633,0.14379979200220586
2.3499999999999996,schechter,-2,3212455617315.303,0.0032124556173153034,149,10,0.06711409395973154,0.050650799144878356,172705960394920.66,47.66940458585699,0.12099578161264772,602.6171335020192,12047633.862132035,17.56885509284805,0.05972325842371274
2.36,schechter,-2,3255499288129.0586,0.0032554992881290586,85,10,0.11764705882352941,0.05027984781478434,67681758235614.375,87.77557179135064,0.12056984484058411,602.7119794102707,11961305.147949908,17.384295323032955,0.10283290861286637
2.3699999999999997,schechter,-2,3298940348919.1855,0.0032989403489191854,111,10,0.09009009009009009,0.04991286060520683,97062674521743.78,52.56804718898786,0.12013960526583477,602.796320637507,11875823.028886234,17.200873674356775,0.07734637927891365
2.38,schechter,-2,3342780813279.7466,0.0033427808132797466,132,10,0.07575757575757576,0.04954977576151598,53256166315246.484,45.71395012104276,0.11970522049173256,602.8702993176817,11791177.118503083,17.01861204868306,0.06388397051397574
2.3899999999999997,schechter,-2,3387022696536.7935,0.0033870226965367935,57,10,0.17543859649122806,0.0491906073501851,28930607370927.594,41.96769720236734,0.1192668461393275,602.9340558854994,11707357.181081956,16.837531230656612,0.14530673465152777
2.4,schechter,-2,3431668015741.294,0.003431668015741294,56,10,0.17857142857142858,0.04883522606590651,177608352484838.62,63.60475211618382,0.11882463580689664,602.9877290940809,11624353.129135568,16.65765091023301,0.14526431213003257
2.4099999999999997,schechter,-2,3476718789662.077,0.003476718789662077,43,10,0.23255813953488372,0.04848357176998053,104379272429979.77,48.043854835746046,0.11837874103268001,603.0314560325236,11542155.020976886,16.47898970540448,0.18580471629738335
2.42,schechter,-2,3522177038778.845,0.003522177038778845,118,10,0.0847457627118644,0.048135611064946016,95810365740735.42,73.03866021227188,0.11792931126076286,603.0653721419347,11460753.05831884,16.30156518501111,0.06649879673691182
2.4299999999999997,schechter,-2,3568044785275.228,0.003568044785275228,58,10,0.1724137931034483,0.04779133284375614,178476134808398.34,89.03843787898988,0.1174764938100209,603.0896112339567,11380137.583922423,16.125393891740593,0.13287139081324945
2.44,schechter,-2,3614324053031.8706,0.0036143240530318705,89,10,0.11235955056179775,0.047450612916414725,262960485009017.16,80.19975416466977,0.11702043384604897,603.1043055067253,11300299.079290532,15.950491365142437,0.085040515909437
2.4499999999999997,schechter,-2,3661016867619.567,0.003661016867619567,82,10,0.12195121951219512,0.04711342297999588,151787998014508.53,59.861536230853574,0.11656127435598546,603.1095855616601,11221228.162397789,15.776872164706152,0.09064664043867368
2.46,schechter,-2,3708125256292.4673,0.0037081252562924673,89,10,0.11235955056179775,0.04677976345252932,71136340108725.23,83.63603079424716,0.11609915612615085,603.1055804209801,11142915.58546343,15.60454989298065,0.082019904806385
2.4699999999999998,schechter,-2,3755651247981.2803,0.00375565124798128,89,10,0.11235955056179775,0.04644950010527793,82553216126083.39,50.031757835788326,0.11563421772241134,603.092417543975,11065352.232765501,15.433537218652296,0.08054832456883153
2.48,schechter,-2,3803596873286.57,0.00380359687328657,57,10,0.17543859649122806,0.0461226581430606,297932714604198.6,65.23687439363546,0.11516659547318477,603.0702228445502,10988529.118494129,15.263845899618929,0.1235103765572774
2.4899999999999998,schechter,-2,3851964164472.0435,0.0038519641644720434,61,10,0.16393442622950818,0.0457991511798822,128382594577418.16,53.67043279860751,0.11469642345499854,603.0391207062228,10912437.38464076,15.095486805931738,0.1133377839932434
2.5,schechter,-2,3900755155457.9365,0.0039007551554579366,69,10,0.14492753623188406,0.045478925888980504,92279277611170.8,77.21405577893286,0.11422383348051643,602.9992340002453,10837068.298925612,14.928469942730487,0.09839576495091491
2.51,schechter,-2,3949971881814.402,0.003949971881814402,75,10,0.13333333333333333,0.045161982015418545,143624682766788.9,61.45422676640472,0.11374895508894493,602.9506841013275,10762413.25276639,14.762804473011947,0.08889566801430747
2.52,schechter,-2,3999616380754.9385,0.003999616380754938,98,10,0.10204081632653061,0.044848203902360995,86417641371811.64,38.4331168385281,0.11327191553873434,602.8935909039963,10688463.759278566,14.598498740275375,0.06680780083390103
2.53,schechter,-2,4049690691129.9062,0.004049690691129907,81,10,0.12345679012345678,0.044537634501264245,235080993529880.1,74.55642266994508,0.112792839802488,602.8280728387912,10615211.451314276,14.435560291014228,0.07937354420520437
2.54,schechter,-2,4100196853420.0073,0.004100196853420007,107,10,0.09345794392523364,0.04423013765646466,166162100279354.66,168.59734840421493,0.11231185056399447,602.7542468886099,10542648.079530537,14.273995897030451,0.05900381340499707
2.55,schechter,-2,4151136909729.8984,0.004151136909729899,104,10,0.09615384615384616,0.043925758745673726,122876268123323.75,62.30964729141747,0.11182906821729809,602.6722286047116,10470765.510502744,14.113811577563625,0.05961152714788044
2.56,schechter,-2,4202512903781.763,0.004202512903781763,52,10,0.19230769230769232,0.043624380828379605,57137589155624.7,31.309037079416505,0.1113446108677235,602.5821321224375,10399555.724859066,13.955012621187308,0.11707284327913828
2.57,schechter,-2,4254326880908.9644,0.004254326880908964,122,10,0.08196721311475409,0.043326013014971076,109436052191341.94,65.81142988201952,0.11085859433477233,602.4840701768753,10329010.815461004,13.797603607497306,0.048999602743757385
2.5799999999999996,schechter,-2,4306580888049.745,0.004306580888049745,83,10,0.12048192771084337,0.043030595234695435,368458792280805.1,17.9098989635645,0.11037113215680884,602.3781541193207,10259122.985599501,13.641588428555613,0.07072357470210622
2.59,schechter,-2,4359276973740.9443,0.004359276973740944,141,10,0.07092198581560284,0.0427380636660335,127139975529650.7,58.51933774654452,0.10988233559745512,602.2644939324805,10189884.547240347,13.486970310074902,0.0408799287782897
2.5999999999999996,schechter,-2,4412417188111.745,0.004412417188111745,97,10,0.10309278350515463,0.04244845076069281,113262463874438.1,52.003813995766436,0.109392313653616,602.1431982453938,10121287.9192909,13.333751832317612,0.05835021733086925
2.61,schechter,-2,4466003582877.507,0.004466003582877507,40,10,0.25,0.04216163288885655,173775630700206.25,169.39011351223684,0.108901173065055,602.0143743489754,10053325.625898778,13.181934950733032,0.13894297553939836
2.6199999999999997,schechter,-2,4520038211333.57,0.00452003821133357,106,10,0.09433962264150944,0.04187762528350769,213526992578093.3,176.9366136668065,0.1084090183254463,601.8781282128646,9985990.294780755,13.031521016333723,0.05148388245246972
2.63,schechter,-2,4574523128349.182,0.004574523128349182,91,10,0.10989010989010989,0.04159639074625576,193317457434972.25,140.29423157118075,0.10791595169482557,601.7345644974539,9919274.6555814,12.882510795667782,0.058886368444995084
2.6399999999999997,schechter,-2,4629460390361.358,0.004629460390361358,103,10,0.0970873786407767,0.04131784973052621,75459688896036.47,72.24843028443182,0.10742207321336858,601.5837865721768,9853171.53826193,12.73490449062224,0.051085327191857585
2.65,schechter,-2,4684852055368.884,0.004684852055368884,39,10,0.2564102564102564,0.04104200661003443,90748927704476.16,50.92229314770611,0.10692748071642302,601.425896528085,9787673.871516135,12.588701757784502,0.13247835403967784
2.6599999999999997,schechter,-2,4740700182926.277,0.004740700182926277,71,10,0.14084507042253522,0.0407688345220667,256610296029738.0,56.65692276442568,0.10643226985072582,601.2609951930357,9722774.681209411,12.443901727532344,0.0714539958223417
2.67,schechter,-2,4797006834137.826,0.004797006834137826,54,10,0.18518518518518517,0.04049825751581315,126638319648652.78,84.75520768266031,0.10593653409173551,601.0891821475626,9658467.088857314,12.300503022823568,0.09224980351710128
2.6799999999999997,schechter,-2,4853774071651.636,0.004853774071651636,95,10,0.10526315789473684,0.0402302450558355,157013415789222.47,54.7150781829521,0.10544036476201399,600.9105557377194,9594744.310116976,12.158503777569997,0.05148837752462554
2.69,schechter,-2,4911003959653.767,0.004911003959653767,87,10,0.11494252873563218,0.03996481709262212,42697445025175.95,24.448314610959507,0.1049438510505919,600.7252130904011,9531599.653310519,12.017901654731078,0.05520611970901704
2.6999999999999997,schechter,-2,4968698563862.313,0.004968698563862313,83,10,0.12048192771084337,0.039701901364562864,352478227108555.1,203.57043889360634,0.10444708003325524,600.533250127702,9469026.51798176,11.878693864052892,0.056820088208489876
2.71,schechter,-2,5026859951521.6455,0.005026859951521645,117,10,0.08547008547008547,0.039441455710542916,131526181169193.1,44.61359578471639,0.10395013669369071,600.3347615798775,9407018.393461363,11.740877179411195,0.03957925532262142
2.7199999999999998,schechter,-2,5085490191396.537,0.005085490191396537,71,10,0.14084507042253522,0.03918345078467944,76881249453474.27,44.48470959947948,0.10345310394543139,600.1298410010668,9345568.857473286,11.604447955880442,0.06404257962853735
2.73,schechter,-2,5144591353766.459,0.005144591353766459,80,10,0.125,0.038927859334695336,229371134731255.56,42.7787650834621,0.10295606265454338,599.9185807813948,9284671.574754989,11.469402146365814,0.05580990917584765
2.7399999999999998,schechter,-2,5204165510419.85,0.00520416551041985,94,10,0.10638297872340426,0.0386746907810428,88827742096647.25,47.16453136623492,0.10245909166299956,599.7010721622348,9224320.295706078,11.33573531794963,0.04663894236143062
2.75,schechter,-2,5264214734648.402,0.005264214734648403,104,10,0.09615384615384616,0.03842387241012046,125802248104242.16,142.8014382367382,0.10196226781268383,599.4774052486372,9164508.855059594,11.203442667827158,0.04139227419448946
2.76,schechter,-2,5324741101241.416,0.005324741101241416,199,10,0.05025125628140704,0.03817537605585841,166236832816495.34,59.85143182085151,0.10146566596997589,599.2476690234341,9105231.170576822,11.072519038920706,0.021241084331479896
2.77,schechter,-2,5385746686480.194,0.005385746686480194,101,10,0.09900990099009901,0.03792917382388028,377227554048891.1,133.25281559218212,0.10096935905086413,599.0119513603811,9046481.241760328,10.942958935115083,0.04109479124728355
2.78,schechter,-2,5447233568132.426,0.005447233568132426,56,10,0.17857142857142858,0.03768523809108337,172306787389141.72,136.49977276538422,0.1004734180465394,598.770339037016,8988253.148596747,10.814756536143255,0.07277797767172477
2.79,schechter,-2,5509203825446.642,0.0055092038254466414,92,10,0.10869565217391304,0.03744354150516038,161900825001106.06,44.250081351194225,0.09997791204942123,598.5229177489119,8930541.050315544,10.687905712136844,0.04349924360169964
2.8,schechter,-2,5571659539146.687,0.005571659539146686,83,10,0.12048192771084337,0.037204056984065814,66745108506608.94,36.71762137039872,0.09948290827957305,598.2697721207276,8873339.184167327,10.562400037764826,0.0473450762522291
2.81,schechter,-2,5634602791426.246,0.005634602791426246,52,10,0.19230769230769232,0.03696675771542868,137152768319534.7,45.162286196301984,0.09898847211146117,598.0109857209941,8816641.86423281,10.438232806101158,0.07420531213853476
2.82,schechter,-2,5698035665943.356,0.005698035665943357,59,10,0.1694915254237288,0.03673161715591389,95357896096170.61,60.60564131878594,0.09849466710101733,597.7466410737285,8760443.480241075,10.315397042073991,0.06422054490859463
2.8299999999999996,schechter,-2,5761960247815.015,0.005761960247815015,71,10,0.14084507042253522,0.03649861265217169,130961105748152.5,128.57824292533843,0.09800155501296365,597.4768196703138,8704738.496411402,10.193885515579419,0.052403194204748836
2.84,schechter,-2,5826378623611.744,0.005826378623611744,98,10,0.10204081632653061,0.03626771638871262,168221416772446.8,76.49210862094725,0.09750919584836228,597.201601983931,8649521.450322606,10.073690754305597,0.03728058768007673
2.8499999999999996,schechter,-2,5891292881352.27,0.005891292881352269,108,10,0.09259259259259259,0.036038897487528976,217237407571616.0,23.267376986841466,0.097017647872353,596.92106747997,8594786.951786837,9.954805056130532,0.03321853693761327
2.86,schechter,-2,5956705110498.159,0.005956705110498159,106,10,0.09433962264150944,0.035812130550435084,162284173640295.47,107.9659175112585,0.09652696764204288,596.6352946290673,8540529.681758447,9.837220501248078,0.03323507781548233
2.8699999999999997,schechter,-2,6022617401948.525,0.006022617401948526,84,10,0.11904761904761904,0.03558739044341053,233416693626029.66,53.83745085830191,0.09603721003451575,596.3443609190011,8486744.391249523,9.720928963928,0.04118363029904332
2.88,schechter,-2,6089031848034.788,0.006089031848034788,51,10,0.19607843137254902,0.03536465397772537,80568679357019.33,23.098420792421614,0.0955484282749277,596.0483428665865,8433425.9002663,9.605922123950771,0.06660982589225407
2.8899999999999997,schechter,-2,6155950542515.364,0.0061559505425153645,64,10,0.15625,0.03514390361039055,134597018160190.53,136.23065832077828,0.09506067396466021,595.7473160295701,8380569.09677265,9.492191477728529,0.05212385349135344
2.9,schechter,-2,6223375580570.556,0.006223375580570556,66,10,0.15151515151515152,0.03492510919783698,537282496116243.2,65.53058113677238,0.09457399710949974,595.4413550179177,8328168.935656688,9.379728349079638,0.04963455103600812
2.9099999999999997,schechter,-2,6291309058797.275,0.006291309058797275,122,10,0.08196721311475409,0.03470824658132343,127537748267830.72,32.730215750259134,0.0940884461478178,595.1305335056195,8276220.437724468,9.268523899707494,0.02636837811114239
2.92,schechter,-2,6359753075203.978,0.006359753075203978,70,10,0.14285714285714285,0.034493291862178754,244293587264211.44,336.0666158798911,0.09360406797872392,594.8149242425121,8224718.688710108,9.158569139367641,0.04512988548059304
2.9299999999999997,schechter,-2,6428709729205.469,0.006428709729205469,136,10,0.07352941176470588,0.034280221400679656,123352470521181.08,101.89793816362105,0.09312090799016796,594.4945990645266,8173658.8382961275,9.049854935697303,0.022811105208804198
2.94,schechter,-2,6498181121617.869,0.006498181121617869,62,10,0.16129032258064516,0.03406901181489097,325585890255948.7,108.51840887481733,0.09263901008696694,594.1696289055687,8123036.099160874,8.942372023781346,0.04913835131150922
2.9499999999999997,schechter,-2,6568169354653.536,0.006568169354653536,72,10,0.1388888888888889,0.03385963997947272,215701983972706.66,168.2191035824166,0.09215841671873516,593.8400838089697,8072845.746031287,8.83611101540309,0.04155382469447247
2.96,schechter,-2,6638676531916.027,0.006638676531916027,84,10,0.11904761904761904,0.03365208302445177,130263438459093.3,68.28378006882521,0.09167916890769558,593.5060329370517,8023083.114753859,8.731062407978797,0.0349783853624967
2.9699999999999998,schechter,-2,6709704758395.085,0.006709704758395085,67,10,0.14925373134328357,0.033446318333963165,73281490297714.4,55.35078253025286,0.0912013062763538,593.1675445835433,7973743.601392691,8.627216593261988,0.04306696007675965
2.98,schechter,-2,6781256140461.709,0.006781256140461709,55,10,0.18181818181818182,0.03324233386431108,249592195309176.0,155.325398532803,0.09072486707501438,592.8246861822846,7924822.661321773,8.524563865689357,0.051522981467434156
2.9899999999999998,schechter,-2,6853332785863.138,0.006853332785863138,58,10,0.1724137931034483,0.03304012506417753,166447158213161.22,97.36765806902956,0.09024988820912404,592.4775243202652,7876315.808353685,8.423094430538727,0.04798277472627186
3.0,schechter,-2,6925936803718.012,0.006925936803718012,95,10,0.10526315789473684,0.03283964446982224,168175284288853.1,34.34950940025744,0.0897764052664229,592.1261247452769,7828218.613865179,8.322798411719885,0.028770288508934972
3.01,schechter,-2,6999070304511.412,0.006999070304511412,106,10,0.09433962264150944,0.032640870405628464,94549831966500.22,36.03090058318819,0.08930445254389056,591.7705523791437,7780526.705950752,8.223665859396174,0.025323359582617146
3.02,schechter,-2,7072735400090.033,0.007072735400090033,99,10,0.10101010101010101,0.03244378144422111,90453067554905.9,40.090506688334806,0.08883406307447111,591.4108713250197,7733235.768582869,8.12568675725499,0.026629091438038648
3.03,schechter,-2,7146934203657.3545,0.007146934203657355,110,10,0.09090909090909091,0.03224836554711219,91265832517282.23,63.51104546633469,0.08836526865356453,591.0471448797724,7686341.540784624,8.028851029595488,0.023537938447791215
3.04,schechter,-2,7221668829768.813,0.007221668829768813,63,10,0.15873015873015872,0.03205463385505147,77115671462357.4,25.351081010592356,0.08789809986527143,590.6794355423195,7639839.815826388,7.933148548122946,0.04036415429012924
3.05,schechter,-2,7296941394327.02,0.007296941394327019,110,10,0.09090909090909091,0.031862526431393756,251438674855123.44,92.9547558114313,0.08743258610838046,590.3078050250483,7593726.440420668,7.8385691385274905,0.022705146941876322
3.06,schechter,-2,7372754014577.027,0.0073727540145770275,77,10,0.12987012987012986,0.03167202276828829,138218741018632.2,92.74043739002725,0.08696875562208634,589.9323142616032,7547997.313944066,7.745102586791583,0.03185754097033656
3.07,schechter,-2,7449108809101.577,0.007449108809101577,148,10,0.06756756756756757,0.03148311489697986,165896313673200.8,51.14092651734048,0.08650663551143015,589.553023418721,7502648.387664568,7.652738645312697,0.016279192570739027
3.08,schechter,-2,7526007897816.419,0.007526007897816419,75,10,0.13333333333333333,0.03129581750695409,116573933933165.45,62.83808516339117,0.08604625177245216,589.1699919033946,7457675.663981256,7.561467038738137,0.03155230567055964
3.09,schechter,-2,7603453401965.627,0.007603453401965627,66,10,0.15151515151515152,0.031110065541130938,298979462730581.1,118.55290766864906,0.08558762931704852,588.783278374294,7413075.195680463,7.471277469639643,0.03521695935704003
3.0999999999999996,schechter,-2,7681447444116.954,0.007681447444116954,95,10,0.10526315789473684,0.03092583939332616,199568367666617.8,135.47278476087814,0.08513079199752545,588.3929407495971,7368843.085202581,7.382159623924724,0.024031524516357164
3.11,schechter,-2,7759992148157.206,0.007759992148157206,76,10,0.13157894736842105,0.03074317408642202,439043443123998.4,223.36728747167953,0.08467576263084305,587.9990362179054,7324975.48391775,7.294103176074736,0.0295057741771565
3.1199999999999997,schechter,-2,7839089639287.633,0.007839089639287632,97,10,0.10309278350515463,0.030562009070848495,228915187161381.5,44.24278115226845,0.08422256302254322,587.6016212442078,7281468.591418872,7.207097794122102,0.02270756578953112
3.13,schechter,-2,7918742044019.385,0.007918742044019385,75,10,0.13333333333333333,0.030382313991081156,215492454645364.16,41.802827723306244,0.08377121399035611,587.2007515827235,7238318.654820386,7.121133144508732,0.02884753375583458
3.1399999999999997,schechter,-2,7998951490168.927,0.007998951490168927,88,10,0.11363636363636363,0.030204128908000838,80424943056368.16,17.13790071414882,0.08332173538748046,586.7964822831615,7195521.968076602,7.036198896676588,0.024150256647449197
3.15,schechter,-2,8079720106853.569,0.00807972010685357,105,10,0.09523809523809523,0.030027390976551716,295405353416630.4,133.7397662177305,0.08287414612553251,586.3888676991157,7153074.871296239,6.952284727482296,0.01988180682784954
3.1599999999999997,schechter,-2,8161050024486.914,0.008161050024486914,74,10,0.13513513513513514,0.02985207495309794,77908645352159.9,43.13400135617704,0.08242846419716175,585.9779614993074,7110973.750088734,6.869380325482324,0.027711521129410093
3.17,schechter,-2,8242943374774.423,0.008242943374774422,97,10,0.10309278350515463,0.029678227921037914,193243530344723.62,29.17165080390207,0.0819847066983287,585.5638166738732,7069215.034901877,6.7874753949610245,0.020767035235060835
3.1799999999999997,schechter,-2,8325402290708.949,0.008325402290708949,70,10,0.14285714285714285,0.029505762032002725,85174214225898.8,30.609944032338923,0.0815428898502426,585.1464855429389,7027795.200383879,6.706559659826542,0.028268879053753013
3.19,schechter,-2,8408428906566.319,0.00840842890656632,101,10,0.09900990099009901,0.029334704158177405,84517050463905.4,32.80275380892647,0.08110302902095701,584.7260197664073,6986710.76474544,6.626622867341608,0.0192465367704237
3.1999999999999997,schechter,-2,8492025357900.958,0.008492025357900957,113,10,0.08849557522123894,0.029165030157708438,117227061217468.84,29.721407906869263,0.08066513874662186,584.3024703503368,6945958.289138465,6.547654791657339,0.016899340660261105
3.21,schechter,-2,8576193781541.466,0.008576193781541466,63,10,0.15873015873015872,0.02899670107849872,161326261776424.34,48.644903276477,0.08022923275238983,583.8758876566709,6905534.377048772,6.469645237229994,0.02977751889331604
3.2199999999999998,schechter,-2,8660936315586.301,0.008660936315586301,84,10,0.11904761904761904,0.0288297558410352,128264092218428.45,32.16802804079941,0.07979532397297763,583.4463214105944,6865435.673682141,6.392584042040464,0.02194007584825291
3.23,schechter,-2,8746255099399.459,0.008746255099399459,113,10,0.08849557522123894,0.028664107589314813,232146472999029.0,88.662602194673,0.07936342457287976,583.013820707623,6825658.865381889,6.316461080681941,0.01602263008852981
3.2399999999999998,schechter,-2,8832152273606.117,0.008832152273606118,75,10,0.13333333333333333,0.02849982371937987,254616647606395.1,170.63038112412954,0.07893354596623703,582.5784340235709,6786200.679036681,6.241266267315483,0.023716665120560435
3.25,schechter,-2,8918629980088.434,0.008918629980088433,105,10,0.09523809523809523,0.0283368100989132,283546830552407.25,67.28669336630837,0.07850569883635809,582.1402092196523,6747057.881511198,6.166989558444032,0.016643124952343727
3.26,schechter,-2,9005690361981.22,0.009005690361981221,115,10,0.08695652173913043,0.028175120463693082,332667698185761.8,31.810887477931356,0.07807989315489611,581.6991935527154,6708227.279078383,6.093620955598247,0.014929435172527405
3.27,schechter,-2,9093335563667.738,0.009093335563667738,144,10,0.06944444444444445,0.028014681414325948,193686952822780.4,97.92138569851058,0.0776561382006801,581.2554336804635,6669705.71686476,6.021150507839778,0.011713931473947102
3.28,schechter,-2,9181567730775.49,0.00918156773077549,123,10,0.08130081300813008,0.027855534768518875,177815932376349.8,25.30811215585835,0.07723444257820353,580.8089756711252,6631490.078299773,5.94956831417901,0.013473854230348916
3.29,schechter,-2,9270389010172.033,0.009270389010172034,58,10,0.1724137931034483,0.027697611403553757,321245137805035.94,84.94795923352774,0.07681481423577075,580.3598650087638,6593577.284582875,5.878864525830962,0.028074225022517815
3.3,schechter,-2,9359801549960.74,0.009359801549960741,93,10,0.10752688172043011,0.027540957340936312,234455668614324.8,45.40709447386782,0.07639726048330328,579.9081466021474,6555964.294144623,5.809029348374854,0.01720282037374612
3.31,schechter,-2,9449807499476.828,0.009449807499476827,115,10,0.08695652173913043,0.027385491937668704,452680249607748.8,147.53334844710201,0.0759817880098082,579.4538647906219,6518648.1021335395,5.740053043782085,0.013669058813242173
3.32,schechter,-2,9540409009283.006,0.009540409009283006,53,10,0.18867924528301888,0.02723128088846616,352919440379318.3,187.95559662947875,0.07556840290051019,578.9970633533065,6481625.739898744,5.671925932353779,0.02914222797028322
3.33,schechter,-2,9631608231165.576,0.009631608231165576,138,10,0.07246376811594203,0.02707823197389181,218271116004663.94,36.19993351287597,0.07515711065365033,578.5377855127726,6444894.2744803615,5.60463839449449,0.01099736946202191
3.34,schechter,-2,9723407318130.236,0.009723407318130236,78,10,0.1282051282051282,0.02692640010599212,109194469182334.47,30.449143931158602,0.07474791619695409,578.0760739453957,6408450.8081216905,5.538180872458805,0.01911836846553568
3.3499999999999996,schechter,-2,9815808424398.07,0.009815808424398071,66,10,0.15151515151515152,0.02677572362462488,231355079355833.66,73.33205935277101,0.0743408239037712,577.6119707861021,6372292.477769603,5.472543871923813,0.022201715490646447
3.36,schechter,-2,9908813705401.502,0.009908813705401502,147,10,0.06802721088435375,0.026626211661753274,132115922374572.12,28.333063664971085,0.07393583760889016,577.1455176356955,6336416.454597149,5.407717963501544,0.00979503694579983
3.3699999999999997,schechter,-2,10002425317780.27,0.01000242531778027,162,10,0.06172839506172839,0.026477860047471546,177722968621388.0,39.37450987379604,0.07353296062403111,576.676755568095,6300819.9435306,5.343693784152634,0.008733924453909695
3.38,schechter,-2,10096645419377.488,0.010096645419377489,83,10,0.12048192771084337,0.026330617755287666,118898953713173.08,31.897327364079217,0.07313219575301971,576.2057251354967,6265500.18277916,5.280462038485023,0.01675154548272967
3.3899999999999997,schechter,-2,10191476169235.568,0.010191476169235568,99,10,0.10101010101010101,0.026184540694029756,313823380797408.44,25.132908433881315,0.07273354530664589,575.732466376442,6230454.443376221,5.218013499995231,0.013801140084103209
3.4,schechter,-2,10286919727592.383,0.010286919727592382,89,10,0.11235955056179775,0.026039555501425338,404229496592687.2,71.35017923951368,0.07233701111721073,575.2570188217206,6195680.028727723,5.156339012204052,0.015086379313758664
3.4099999999999997,schechter,-2,10382978255877.264,0.010382978255877263,135,10,0.07407407407407407,0.025895666953941077,180803775217735.2,63.6433033807913,0.07194259455276497,574.7794214997105,6161174.274165404,5.095429489703628,0.009774040374270746
3.42,schechter,-2,10479653916707.139,0.01047965391670714,123,10,0.08130081300813008,0.025752893278826128,145685457004580.34,35.124161082234274,0.07155029653104333,574.2997129446532,6126934.5465087,5.0352759191532614,0.01054251409556074
3.4299999999999997,schechter,-2,10576948873882.59,0.01057694887388259,63,10,0.15873015873015872,0.02561117807462887,119195927556817.67,32.20804259688411,0.07116011753309788,573.8179312010446,6092958.2436328735,4.975869360163607,0.020228234326863454
3.44,schechter,-2,10674865292384.045,0.010674865292384044,147,10,0.06802721088435375,0.025470535212077206,505544567118111.8,277.8497566058076,0.07077205761663512,573.3341138301611,6059242.794044905,4.91720094612778,0.008519982302258979
3.4499999999999997,schechter,-2,10773405338367.873,0.010773405338367873,125,10,0.08,0.025330966544579447,158709076108191.8,58.87464001874899,0.07038611642905952,572.8482979169409,6025785.656462501,4.8592618849817315,0.009847184019185783
3.46,schechter,-2,10872571179162.637,0.010872571179162637,84,10,0.11904761904761904,0.025192427189460576,89311778379891.84,36.126368868889,0.07000229322022894,572.3605200746416,5992584.319403749,4.802043459881005,0.01440180121710447
3.4699999999999998,schechter,-2,10972364983265.137,0.010972364983265136,68,10,0.14705882352941177,0.025054921568702038,262433947199972.94,48.78646799779253,0.06962058685492503,571.8708164529681,5959636.300782556,4.745537029841143,0.01748515560059427
3.48,schechter,-2,11072788920336.814,0.011072788920336814,106,10,0.09433962264150944,0.02491846538670317,131223768433369.25,33.723150687826816,0.06924099582504298,571.3792227401786,5926939.147505195,4.689734030260516,0.011024620293008552
3.4899999999999998,schechter,-2,11173845161199.834,0.011173845161199835,71,10,0.14084507042253522,0.024783010023296526,125600378140375.05,34.237280387915355,0.06886351826150523,570.8857741724582,5894490.435082389,4.634625973451332,0.016177462247080953
3.5,schechter,-2,11275535877833.396,0.011275535877833396,43,10,0.23255813953488372,0.024648546778957225,157398047941341.75,50.50044313977571,0.06848815194590231,570.3905055376565,5862287.767236518,4.580204449056715,0.02625474037668894
3.51,schechter,-2,11377863243369.998,0.011377863243369998,83,10,0.12048192771084337,0.024515102401579614,275850945526506.6,58.62315425939514,0.06811489432186627,569.8934511814875,5830328.775524363,4.526461124440389,0.01336947686535245
3.52,schechter,-2,11480829432091.742,0.011480829432091742,74,10,0.13513513513513514,0.02438264143979929,156041511812680.38,33.4572858174477,0.06774374250617998,569.3946450127207,5798611.1189587405,4.473387745009188,0.014739595865912343
3.53,schechter,-2,11584436619426.598,0.011584436619426597,63,10,0.15873015873015872,0.02425114495719527,399705817662739.6,24.55737785974114,0.0673746932996273,568.8941205089652,5767132.483642135,4.420976134494034,0.01701805287141518
3.54,schechter,-2,11688686981944.797,0.011688686981944797,82,10,0.12195121951219512,0.02412060450091691,217249513275353.75,45.51280498650942,0.06700774319758737,568.3919107223653,5735890.582397208,4.369218195174148,0.01285221756878117
3.55,schechter,-2,11793582697355.104,0.011793582697355103,109,10,0.09174311926605505,0.02399104391271467,335203612349554.9,191.43520034152093,0.06664288840037871,567.8880482829825,5704883.154414197,4.31810590804525,0.009504208115565712
3.56,schechter,-2,11899125944501.215,0.011899125944501215,115,10,0.08695652173913043,0.023862427510230932,197511059203764.53,41.69574199385981,0.06628012482335588,567.382565407397,5674107.964892094,4.267631332973922,0.008855308115085253
3.57,schechter,-2,12005318903358.193,0.012005318903358193,76,10,0.13157894736842105,0.02373474034369749,192763002045890.16,133.0923358018102,0.06591944810676449,566.8754939006965,5643562.804696245,4.217786608766461,0.013172114471604782
3.58,schechter,-2,12112163755028.764,0.012112163755028764,105,10,0.09523809523809523,0.023607974206454774,299796441038911.25,60.22186633890817,0.06556085362535716,566.3668651634754,5613245.49001041,4.168563953226675,0.009372509551022142
3.59,schechter,-2,12219662681739.85,0.01221966268173985,150,10,0.06666666666666667,0.02348212666500593,116749637373428.25,37.1707859028176,0.0652043364977763,565.8567101964337,5583153.862002588,4.119955663162393,0.006449688049105854
3.5999999999999996,schechter,-2,12327817866838.924,0.012327817866838923,89,10,0.11235955056179775,0.023357208985975042,202868732021703.7,96.29683807398612,0.06484989159570673,565.3450596050634,5553285.786493722,4.071954114353355,0.010686458789915981
3.61,schechter,-2,12436631494790.506,0.012436631494790506,133,10,0.07518796992481203,0.023233186389203575,161534435277440.94,29.325530381527738,0.06449751355280299,564.8319436044837,5523639.15362708,4.024551761481184,0.007030312872743602
3.6199999999999997,schechter,-2,12546105751172.623,0.012546105751172622,102,10,0.09803921568627451,0.02311005091316609,77380032414345.62,19.794759161107223,0.06414719677339552,564.3173920254925,5494211.877547617,3.9777411380373433,0.009012333354846885
3.63,schechter,-2,12656242822673.332,0.012656242822673332,100,10,0.1,0.022987794651297522,183969104916898.8,47.41683940565607,0.06379893544097907,563.8014343174433,5465001.896084231,3.931514856174203,0.00903768561822581
3.6399999999999997,schechter,-2,12767044897087.172,0.012767044897087172,55,10,0.18181818181818182,0.022866409751988503,166392196665072.56,52.76281658024758,0.06345272352648877,563.2840995547721,5436007.170438018,3.8858656065518415,0.016155599127377046
3.65,schechter,-2,12878514163311.775,0.012878514163311776,104,10,0.09615384615384616,0.02274589425112028,123756191269670.38,39.70843734639029,0.0631085547963669,562.7654164404671,5407225.684871397,3.8407861581307166,0.00840020344173152
3.6599999999999997,schechter,-2,12990652811344.299,0.0129906528113443,140,10,0.07142857142857142,0.022626250538355985,443160733053979.6,38.425001314979966,0.06276642282042497,562.2454133116757,5378655.446409031,3.796269357956157,0.00613538154315713
3.67,schechter,-2,13103463032278.121,0.01310346303227812,73,10,0.136986301369863,0.022507453453587956,288478601104816.56,69.15528877565315,0.062426320979504686,561.7241181436495,5350294.484533614,3.752308130897516,0.011569164465711707
3.6799999999999997,schechter,-2,13216947018299.344,0.013216947018299344,92,10,0.10869565217391304,0.022389495388209668,248993774971150.2,47.93409204118577,0.06208824247294238,561.2015585532152,5322140.850894996,3.708895479365256,0.009026119372891314
3.69,schechter,-2,13331106962683.355,0.013331106962683355,120,10,0.08333333333333333,0.02227236878823924,240101907389297.5,44.82005149485802,0.06175218032584041,560.677761806546,5294192.619019311,3.6660244830291866,0.006804254106061679
3.6999999999999997,schechter,-2,13445945059791.555,0.013445945059791554,137,10,0.072992700729927,0.02215606615427168,230072058070825.9,28.976272015709526,0.061418127396149415,560.1527548193101,5266447.884021641,3.623688298462475,0.005860341435269692
3.71,schechter,-2,13561463505067.879,0.01356146350506788,124,10,0.08064516129032258,0.02204058004142162,282229323620085.8,40.753241433338616,0.06108607638156587,559.626564164354,5238904.762326913,3.5818801588166402,0.006366670672514366
3.7199999999999998,schechter,-2,13677664495035.521,0.013677664495035522,88,10,0.11363636363636363,0.02192590305926212,240554344998545.4,105.36106649945862,0.06075601982624775,559.0992160741642,5211561.39139034,3.5405933734382473,0.008821671258894643
3.73,schechter,-2,13794550227293.535,0.013794550227293536,96,10,0.10416666666666667,0.02181202787175529,252905133626017.34,34.53904773355744,0.06042795012735299,558.5707364454651,5184415.929424091,3.499821327481728,0.007951895868874485
3.7399999999999998,schechter,-2,13912122900513.582,0.013912122900513583,91,10,0.10989010989010989,0.02169894719717702,647749805671991.2,77.37907316197186,0.060101859541404255,558.0411508443502,5157466.555130386,3.459557481508562,0.008249313749104727
3.75,schechter,-2,14030384714436.57,0.01403038471443657,66,10,0.15151515151515152,0.02158665893187095,189640326846499.53,46.64538555695548,0.05977774019048319,557.5104845087753,5130711.467432381,3.419795371048331,0.011185144892668392
3.76,schechter,-2,14149337869869.428,0.014149337869869428,133,10,0.07518796992481203,0.021475153993869678,247104281562698.94,36.2489767930749,0.059455584068258405,556.9787623537483,5104148.885215932,3.3805286061651487,0.005458449052487081
3.77,schechter,-2,14268984568681.766,0.014268984568681765,167,10,0.059880239520958084,0.021364420767280734,215852824976919.3,51.7434823250119,0.05913538304585055,556.4460089751858,5077777.047071797,3.341750870997961,0.004275124054336965
3.78,schechter,-2,14389327013802.688,0.014389327013802687,119,10,0.08403361344537816,0.021254452208150587,81117932053384.84,23.0745791047814,0.05881712887753789,555.9122486539183,5051594.211037625,3.3034559232847225,0.005900264373377068
3.79,schechter,-2,14510367409217.537,0.014510367409217536,102,10,0.09803921568627451,0.02114524132618356,178241873562258.88,39.61804261205195,0.05850081320630583,555.3775053591894,5025598.654353037,3.2656375938762485,0.006769872059448108
3.8,schechter,-2,14632107959964.59,0.01463210795996459,118,10,0.0847457627118644,0.021036781184630038,141306470102570.56,58.57512593714911,0.058186427569244414,554.8418027527208,4999788.673212268,3.228289786236807,0.005755324223189812
3.81,schechter,-2,14754550872132.031,0.014754550872132031,111,10,0.09009009009009009,0.02092906490017199,76606663690418.53,20.120120890548925,0.05787396340279591,554.3051641921527,4974162.582516595,3.1914064759267284,0.00601740119436934
3.82,schechter,-2,14877698352854.582,0.014877698352854582,83,10,0.12048192771084337,0.02082208564280086,485429396074593.6,52.767037809347514,0.0575634120478575,553.7676127371246,4948718.7156405095,3.1549817100958606,0.00791485534567305
3.83,schechter,-2,15001552610310.436,0.015001552610310435,122,10,0.08196721311475409,0.020715836635691653,277266791058696.84,37.6835425887968,0.057254764754740534,553.2291711482973,4923455.424194368,3.119009606921503,0.005296138810011368
3.84,schechter,-2,15126115853718.055,0.015126115853718055,91,10,0.10989010989010989,0.020610311155071392,666553777486238.0,126.39782976812714,0.056948012687991136,552.6898618966662,4898371.077789676,3.083484355095528,0.006983689230803679
3.8499999999999996,schechter,-2,15251390293333.049,0.015251390293333049,85,10,0.11764705882352941,0.020505502530082653,107362811351002.28,30.79143800927259,0.056643146931074334,552.1497071619307,4873464.063811505,3.048400213242659,0.007353997445335511
3.86,schechter,-2,15377378140445.021,0.01537737814044502,133,10,0.07518796992481203,0.020401404142642687,136539226000284.88,49.43210866796026,0.056340158490925135,551.6087288402949,4848732.787193777,3.013751509383732,0.004622914475822325
3.8699999999999997,schechter,-2,15504081607374.504,0.015504081607374504,84,10,0.11904761904761904,0.020298009427296648,301585715086471.4,30.395661207255888,0.05603903830236975,551.0669485451803,4824175.670194775,2.979532640349812,0.007199831145566496
3.88,schechter,-2,15631502907469.807,0.015631502907469806,77,10,0.12987012987012986,0.02019531187106738,452590935749869.0,57.31144188042604,0.05573977723241955,550.524387612891,4799791.152178878,2.9457380712188757,0.00772598688814827
3.8899999999999997,schechter,-2,15759644255103.953,0.01575964425510395,161,10,0.062111801242236024,0.02009330501330031,231980439861391.8,72.9359394810969,0.05544236608444147,549.9810671035041,4775577.689400512,2.9123623347196905,0.0036347195466316868
3.9,schechter,-2,15888507865671.646,0.015888507865671645,115,10,0.08695652173913043,0.01999198244550393,392144083585973.75,95.15912116875491,0.0551467956022065,549.4370078061489,4751533.754790982,2.8794000306537706,0.005005644770992492
3.9099999999999997,schechter,-2,16018095955586.133,0.016018095955586134,84,10,0.11904761904761904,0.01989134139362192,147942526836325.3,23.522428078412133,0.0548530564738208,548.8922302432206,4727657.837746424,2.846845825304997,0.006741378834065362
3.92,schechter,-2,16148410742276.283,0.016148410742276284,119,10,0.08403361344537816,0.019791378089907274,363892846102299.8,44.89674762744452,0.054561139335540465,548.3467546700227,4703948.4439248545,2.8146944508246623,0.004681233788557547
3.9299999999999997,schechter,-2,16279454444183.455,0.016279454444183456,106,10,0.09433962264150944,0.019692081123685923,227384475212158.8,23.33161604068784,0.054271034775474035,547.8006010825403,4680404.095037893,2.7829407046499854,0.00516999001116747
3.94,schechter,-2,16411229280758.586,0.016411229280758586,58,10,0.1724137931034483,0.019593444275031735,222833404093969.28,30.223775719714148,0.05398273333717482,547.2537892175872,4657023.328652699,2.7515794488837706,0.00929533079310805
3.9499999999999997,schechter,-2,16543737472459.121,0.01654373747245912,99,10,0.10101010101010101,0.019495461375503287,170904407189254.75,37.56323538183288,0.053696225523125696,546.7063385571673,4633804.697992794,2.7206056096905633,0.005357521371888884
3.96,schechter,-2,16676981240746.057,0.016676981240746055,130,10,0.07692307692307693,0.01939812630795945,151925106317564.16,23.13308498713042,0.05341150179811911,546.1582683307881,4610746.771740449,2.6900141766790617,0.004013941136109384
3.9699999999999998,schechter,-2,16810962808080.982,0.016810962808080983,94,10,0.10638297872340426,0.01930143300637155,326543644465892.4,44.13934453987198,0.05312855259253501,545.6095975201772,4587848.13384705,2.659800202297447,0.005461484618614646
3.98,schechter,-2,16945684397923.145,0.016945684397923145,113,10,0.08849557522123894,0.01920537545563139,556811478119146.2,51.42882388362666,0.05284736830551836,545.0603448612399,4565107.3833417045,2.6299588012104818,0.004469853646910579
3.9899999999999998,schechter,-2,17081148234726.441,0.01708114823472644,73,10,0.136986301369863,0.019109947691356433,414745399225478.3,114.31943416652982,0.05256793930805998,544.5105288461061,4542523.13414405,2.600485149676991,0.006807552764722808
4.0,schechter,-2,17217356543936.62,0.017217356543936618,58,10,0.1724137931034483,0.019015143799690715,332680551991378.44,30.719200872894124,0.05229025594598198,543.9601677285593,4520094.014880405,2.57137448494302,0.00843018199897365
4.01,schechter,-2,17354311551988.234,0.017354311551988234,85,10,0.11764705882352941,0.018920962555463716,214662843177062.97,38.9365861497904,0.052014308542830644,543.4092795256076,4497818.66870036,2.542622104614414,0.005659865604012198
4.02,schechter,-2,17492015486301.85,0.01749201548630185,84,10,0.11904761904761904,0.018827408033986304,372673433228226.1,32.17648027834555,0.051740087402679,542.8578820187606,4475695.7530969195,2.5142233660287707,0.005635274904857877
4.03,schechter,-2,17630470575281.12,0.01763047057528112,115,10,0.08695652173913043,0.018734460731327673,268048593174545.9,23.19953787739416,0.05146758281284127,542.3059927612067,4453723.939732424,2.4861736856568135,0.0040501846334954576
4.04,schechter,-2,17769679048309.883,0.017769679048309884,38,10,0.2631578947368421,0.018642114917013175,201056874671631.72,35.054006104679345,0.05119678504650158,541.7536290760637,4431901.9142613495,2.4584685384592784,0.012060803424689286
4.05,schechter,-2,17909643135749.42,0.01790964313574942,152,10,0.06578947368421052,0.0185503649102301,261484060540742.7,56.47692363181286,0.05092768436525858,541.2008080621929,4410228.376158676,2.431103457281514,0.002966964228098294
4.06,schechter,-2,18050365068935.465,0.018050365068935464,160,10,0.0625,0.018459205079610186,318204288551978.1,65.31575361146749,0.05066027102158882,540.6475465953557,4388702.038552683,2.4040740322286394,0.0027735809742171153
4.07,schechter,-2,18191847080175.504,0.018191847080175502,86,10,0.11627906976744186,0.018368629843009132,325842651579289.0,62.98195185463279,0.05039453526123035,540.0938613325742,4367321.6280537555,2.3773759100529706,0.0050778067545872085
4.08,schechter,-2,18334091402745.844,0.018334091402745844,117,10,0.08547008547008547,0.018278655190906656,97017356610562.17,21.320425402771637,0.05013046732548883,539.5397687128429,4346085.884590511,2.3510047935293996,0.0036729235874438113
4.09,schechter,-2,18477100270888.977,0.018477100270888978,100,10,0.1,0.018189257581815665,221697676786532.56,35.574035999248274,0.049868057453468215,538.9852849610155,4324993.5612532655,2.3249564408494505,0.0042289231569112035
4.1,schechter,-2,18620875919810.582,0.01862087591981058,83,10,0.12048192771084337,0.018100428787510392,210231308162925.3,40.6922767003134,0.04960729588422757,538.4304260901471,4304043.424121051,2.299226665000268,0.005014095001949683
4.109999999999999,schechter,-2,18765420585676.97,0.01876542058567697,102,10,0.09803921568627451,0.01801216340496581,681062189280657.8,32.55457036463065,0.04934817285886632,537.875207905203,4283234.252119073,2.2738113331669045,0.0040153197338299446
4.12,schechter,-2,18910736505612.117,0.018910736505612116,61,10,0.16393442622950818,0.017924456079410844,95561535656179.75,16.892768590995026,0.04909067862253967,537.3196460033552,4262564.836847282,2.2487063661057514,0.006607678441762967
4.13,schechter,-2,19056825917695.02,0.01905682591769502,106,10,0.09433962264150944,0.01783732394038051,222805326695779.47,51.85711499247016,0.04883480342640599,536.76375577769,4242033.982438276,2.2239077375498506,0.0037423172385090014
4.14,schechter,-2,19203691060957.02,0.01920369106095702,95,10,0.10526315789473684,0.017750745731296536,389760275828462.75,27.81397047952572,0.04858053752950762,536.2075524210944,4221640.505400525,2.1994114736084365,0.004109599350159955
4.1499999999999995,schechter,-2,19351334175378.93,0.01935133417537893,71,10,0.14084507042253522,0.01766471040050066,172059999315800.38,24.853302425477914,0.04832787120058748,535.6510509262558,4201383.234468503,2.1752136521559375,0.005411904116133806
4.16,schechter,-2,19499757501888.45,0.01949975750188845,102,10,0.09803921568627451,0.017579212769126107,320188913809817.2,39.45892280189891,0.04807679471984265,535.0942660895183,4181261.010457904,2.1513104022417986,0.0037076807150434165
4.17,schechter,-2,19648963282357.383,0.019648963282357382,109,10,0.09174311926605505,0.017494260506950576,140605698291819.1,25.146273555260723,0.04782729838061681,534.537212513404,4161272.6861168793,2.1276979034948047,0.0034149083856725416
4.18,schechter,-2,19798953759599.004,0.019798953759599003,69,10,0.14492753623188406,0.01740985477965029,258013940204656.7,19.81154779904633,0.0475793724910331,533.9799046085416,4141417.125983926,2.104372385530933,0.005309683715130406
4.1899999999999995,schechter,-2,19949731177365.383,0.01994973117736538,114,10,0.08771929824561403,0.01732597203810271,513615746585016.5,44.11559820005927,0.04733300737556878,533.4223565955347,4121693.2062488887,2.081330127365206,0.0031632515428763426
4.2,schechter,-2,20101297780344.69,0.020101297780344692,87,10,0.11494252873563218,0.01724260727671101,206018839214669.06,68.77308755198018,0.04708819337657378,532.8645825085807,4102099.814607074,2.058567456829668,0.004079893127670311
4.21,schechter,-2,20253655814158.56,0.02025365581415856,71,10,0.14084507042253522,0.01715977225550669,165321510368592.06,29.384209817275185,0.04684492085573398,532.3065961967175,4082635.850129579,2.036080749993082,0.004920941121648245
4.22,schechter,-2,20406807525359.46,0.02040680752535946,119,10,0.08403361344537816,0.017077463230035006,243420629581221.66,45.582191691842176,0.046603180195481396,531.7484113268777,4063300.22312007,2.0138664305838763,0.002890061337688907
4.2299999999999995,schechter,-2,20560755161428.11,0.02056075516142811,99,10,0.10101010101010101,0.01699565793019686,307827559743151.25,26.068512788988862,0.0463629618003518,531.1900413845715,4044091.8549862206,1.9919209694145177,0.0034195967091065925
4.24,schechter,-2,20715500970770.76,0.02071550097077076,147,10,0.06802721088435375,0.016914351520878612,623374342024063.9,26.40140520629519,0.046124256098292224,530.6314996783366,4025009.6781047075,1.970240883820249,0.002267030400662738
4.25,schechter,-2,20871047202716.69,0.02087104720271669,66,10,0.15151515151515152,0.01683357254186335,278452920557842.25,37.2862598241181,0.04588705354191895,530.0727993403601,4006052.635690871,1.9488227370889621,0.004970552866063596
4.26,schechter,-2,21027396107515.555,0.021027396107515556,123,10,0.08130081300813008,0.01675328673488885,396612302287613.4,27.16515581415706,0.04565134460972769,529.5139533288823,3987219.681670151,1.9276631379022444,0.002625584819313162
4.27,schechter,-2,21184549936334.89,0.021184549936334892,99,10,0.10101010101010101,0.016673486016712258,392090960293576.25,48.965856988049936,0.04541711980725716,528.9549744305393,3968509.7805564064,1.9067587397830488,0.00321134496818349
4.28,schechter,-2,21342510941257.484,0.021342510941257484,75,10,0.13333333333333333,0.016594188438969093,313913967045496.4,27.143561038050695,0.0451843696682072,528.3958752627665,3949921.907314913,1.8861062405397946,0.004173120316191056
4.29,schechter,-2,21501281375278.785,0.021501281375278784,116,10,0.08620689655172414,0.01651538302191502,263024079526616.2,42.443968754784194,0.04495308475551311,527.8366682745989,3931455.0472522303,1.8657023817214882,0.0026562749516404727
4.3,schechter,-2,21660863492304.42,0.021660863492304422,201,10,0.04975124378109453,0.01643704921742073,215796079661938.22,29.695244017888125,0.04472325566237682,527.277365751002,3913108.1958865277,1.8455439480798346,0.0015092187416667268
4.31,schechter,-2,21821259547147.707,0.021821259547147708,74,10,0.13513513513513514,0.01635920164392013,578802943046327.4,38.79219311435146,0.044494873013256726,526.7179798125165,3894880.358826569,1.825627767022773,0.004035920644252052
4.32,schechter,-2,21982471795527.035,0.021982471795527037,96,10,0.10416666666666667,0.016281838372816382,173605211845032.25,27.394847329965017,0.044267927464816684,526.1585224177791,3876770.551660913,1.805950708087115,0.003062937243577886
4.33,schechter,-2,22144502494063.42,0.022144502494063422,92,10,0.10869565217391304,0.01620493356013275,261405847954454.7,35.20739243223325,0.04404240970683595,525.599005367883,3858777.7998315697,1.7865096824140605,0.0031467685552232292
4.34,schechter,-2,22307353900277.96,0.022307353900277962,88,10,0.11363636363636363,0.016128505123552794,422675576717947.2,61.64275735520239,0.04381831046308065,525.0394403041832,3840901.138524533,1.7673016422141978,0.003239083362649427
4.35,schechter,-2,22471028272589.41,0.02247102827258941,105,10,0.09523809523809523,0.01605254660610922,341030164850506.1,41.20675338228081,0.043595620492138186,524.4798387141996,3823139.612554538,1.7483235802617416,0.002672861500448699
4.36,schechter,-2,22635527870311.695,0.022635527870311697,70,10,0.14285714285714285,0.01597703371150261,263208528658688.4,32.923057772349374,0.04337433058821551,523.9202119302811,3805492.276251821,1.7295725293692357,0.00394763408688873
4.37,schechter,-2,22800854953651.355,0.022800854953651355,106,10,0.09433962264150944,0.01590199407448445,427994674810466.06,41.996072645387585,0.0431544315819022,523.3605711341457,3787958.1933524255,1.711045561887956,0.002566890225124075
4.38,schechter,-2,22967011783705.266,0.022967011783705266,91,10,0.10989010989010989,0.015827403762312398,141152761277436.66,25.948235081218606,0.042935914340899516,522.8009273569389,3770536.4368874063,1.6927397891970786,0.0029441402316652456
4.39,schechter,-2,23134000622458.043,0.023134000622458042,65,10,0.15384615384615385,0.015753248741388837,300228786480733.8,54.75246995238761,0.04271876977071631,522.2412914820218,3753226.089076467,1.674652361208266,0.004058648492533532
4.3999999999999995,schechter,-2,23301823732779.684,0.023301823732779683,83,10,0.12048192771084337,0.015679565907152693,113185806051514.78,20.404879538727773,0.0425029888153329,521.6816742458026,3736026.2412209357,1.6567804658679068,0.003129831145573372
4.41,schechter,-2,23470483378423.105,0.023470483378423106,66,10,0.15151515151515152,0.015606308087532716,170082596272764.44,34.3593359093236,0.04228856245783335,521.1220862410878,3718935.9935974055,1.6391213286721324,0.0038758534012277687
4.42,schechter,-2,23639981824021.8,0.0236399818240218,75,10,0.13333333333333333,0.015533493440162638,556431082755571.9,45.257796140259586,0.042075481721007855,520.5625379168156,3701954.455356704,1.6216722121770626,0.003358697955992858
4.43,schechter,-2,23810321335087.39,0.02381032133508739,187,10,0.053475935828877004,0.015461120228471015,194315149029870.06,37.52239638473752,0.041863737667925324,520.0030395809035,3685080.744418201,1.6044304155213702,0.0013265396552188027
4.4399999999999995,schechter,-2,23981504178007.266,0.023981504178007266,116,10,0.08620689655172414,0.015389160015699344,210774488718656.12,29.700476117709446,0.041653321402477496,519.4436014037487,3668313.9873721073,1.587393273958604,0.002105918025930502
4.45,schechter,-2,24153532620042.15,0.024153532620042148,87,10,0.11494252873563218,0.015317656784835765,317816697723563.9,48.509446447174454,0.041444224069895445,518.8842334156474,3651653.319377335,1.570558158373301,0.0027652035437455125
4.46,schechter,-2,24326408929323.83,0.024326408929323827,63,10,0.15873015873015872,0.015246558823189371,319911362561107.44,62.71164102878654,0.041236436857238865,518.3249455119852,3635097.884063798,1.5539224748275455,0.003760630225259393
4.47,schechter,-2,24500135374852.703,0.024500135374852704,133,10,0.07518796992481203,0.015175891882199921,260803004756003.16,55.66235759877556,0.04102995099385941,517.7657474545439,3618646.833436934,1.5374836641008005,0.0017543372824843856
4.4799999999999995,schechter,-2,24674714226495.527,0.024674714226495528,214,10,0.04672897196261682,0.015105641905449274,370931330038656.06,68.25144571190069,0.04082475775183858,517.2066488708766,3602299.327779113,1.5212392012272724,0.0010737988143117228
4.49,schechter,-2,24850147754982.992,0.024850147754982992,122,10,0.08196721311475409,0.01503579996138249,405634177100051.4,48.69690960437528,0.04062084844640118,516.6476592588778,3586054.5355572705,1.5051865950559393,0.001855056110476683
4.5,schechter,-2,25026438231907.47,0.02502643823190747,158,10,0.06329113924050633,0.014966383899462476,471884359561697.7,59.23308037767087,0.04041821443630461,516.088787985951,3569911.633328093,1.489323387797918,0.0014107459222931437
4.51,schechter,-2,25203587929720.617,0.025203587929720616,90,10,0.1111111111111111,0.014897355777778398,308916249966586.9,55.17257073744635,0.04021684712420523,515.5300442922138,3553869.805647869,1.47364715459223,0.0024392717725412504
4.52,schechter,-2,25381599121731.168,0.025381599121731168,108,10,0.09259259259259259,0.014828759755862286,427121327427091.6,53.13635508474463,0.04001673795700224,514.9714372910313,3537928.2449801154,1.4581555030672706,0.0020020960779326916
4.53,schechter,-2,25560474082102.613,0.025560474082102613,107,10,0.09345794392523364,0.014760542628534656,421247048567317.4,19.709876768041084,0.03981787842615967,514.4129759708253,3522086.15160432,1.442846072910974,0.0019903916790295563
4.54,schechter,-2,25740215085850.85,0.02574021508585085,119,10,0.08403361344537816,0.014692744738110552,259071071422996.94,29.395806276632463,0.03962026006800758,513.8546691975964,3506342.7335315645,1.4277165354502195,0.0017627793793066925
4.55,schechter,-2,25920824408841.96,0.025920824408841962,82,10,0.12195121951219512,0.014625326740431266,499237013795549.0,44.567607916821046,0.0394238744640223,513.2965257141223,3490697.2064130404,1.412764593222433,0.0025197736320964085
4.56,schechter,-2,26102304327789.992,0.026102304327789993,79,10,0.12658227848101267,0.014558314421579732,382723928457001.7,33.273377428802476,0.03922871324108732,512.738554143933,3475148.7934561176,1.397987979568137,0.002576246653688851
4.57,schechter,-2,26284657120254.562,0.026284657120254563,183,10,0.0546448087431694,0.014491682182137366,622724068622706.6,55.73250519149995,0.03903476807173469,512.1807629913709,3459696.7253384124,1.3833844582161205,0.0010954955138894158
4.58,schechter,-2,26467885064638.8,0.0264678850646388,132,10,0.07575757575757576,0.01442544469254492,337853475461752.75,28.041909890373734,0.03884203067436807,511.6231606430725,3444340.2401227453,1.3689518228774273,0.0014960408187633999
4.59,schechter,-2,26651990440186.953,0.026651990440186953,158,10,0.06329113924050633,0.014359585031217148,252064305718829.2,33.22867725816357,0.0386504928134673,511.0657553697494,3429078.583176759,1.3546878968463654,0.0012311870914889942
4.6,schechter,-2,26836975526982.227,0.026836975526982228,68,10,0.14705882352941177,0.01429411174708417,204327416219314.56,43.549377485124786,0.038460146299776024,510.5085553278491,3413911.0070874332,1.3405905326035041,0.0028180221882525844
4.61,schechter,-2,27022842605944.62,0.027022842605944623,125,10,0.08,0.01422901167391255,190696434598740.06,29.385794654490432,0.03827098299047199,509.9515685602075,3398836.7715838132,1.3266576114236204,0.0015101621312185306
4.62,schechter,-2,27209593958828.59,0.02720959395882859,55,10,0.18181818181818182,0.014164292089894115,435461310044980.5,46.51328167324054,0.038082994789321374,509.39480299785833,3383855.1434541843,1.312887042988875,0.0033811119196239634
4.63,schechter,-2,27397231868220.96,0.02739723186822096,94,10,0.10638297872340426,0.014099938803916245,257104857260937.5,30.620949741359663,0.03789617364681675,508.83826646124976,3368965.396468138,1.2992767650066481,0.0019489066889302135
4.64,schechter,-2,27585758617538.74,0.027585758617538737,132,10,0.07575757575757576,0.014035962533022528,193389902581330.8,23.120612221846507,0.03771051156030021,508.28196666172704,3354166.8113015178,1.285824742833464,0.0013672566601851384
4.6499999999999995,schechter,-2,27775176491026.863,0.027775176491026864,107,10,0.09345794392523364,0.01397234342107001,217644425001892.06,39.249896922809064,0.03752600057407135,507.7259112032237,3339458.6754533774,1.272528969100596,0.0016617020345358613
4.66,schechter,-2,27965487773756.1,0.0279654877737561,73,10,0.136986301369863,0.013909100194523072,222300640938960.88,38.93977106019485,0.03734263277948092,507.1701075820834,3324840.2831766997,1.2593874633445246,0.0023995817001897595
4.67,schechter,-2,28156694751620.793,0.028156694751620793,118,10,0.0847457627118644,0.01384620282997806,340203612187002.2,30.148182122061108,0.037160400315010805,506.6145631904713,3310310.935399574,1.2463982716469664,0.001462532481030338
4.68,schechter,-2,28348799711336.9,0.0283487997113369,144,10,0.06944444444444445,0.013783682497029548,262135748501530.16,50.38373720487026,0.036979295366340204,506.05928531637414,3295869.9396521407,1.233559466272692,0.00118076333502139
4.6899999999999995,schechter,-2,28541804940439.613,0.028541804940439612,84,10,0.11904761904761904,0.013721495498386083,557825004659016.5,75.00318898028699,0.03679931016639911,505.5042811436001,3281516.609994206,1.2208691453119207,0.0019943036287519028
4.7,schechter,-2,28735712727281.426,0.028735712727281426,41,10,0.24390243902439024,0.013659687166261869,224957930682790.44,34.74357386660401,0.036620436995409095,504.94955775723685,3267250.26694219,1.2083254323398154,0.004025694488
4.71,schechter,-2,28930525361029.895,0.028930525361029896,115,10,0.08695652173913043,0.013598208767602094,325059383142807.5,35.245258263808,0.03644266818091213,504.3951221391132,3253070.2373980703,1.195926476056571,0.0014141267732278209
4.72,schechter,-2,29126245131665.555,0.029126245131665555,109,10,0.09174311926605505,0.013537092229458092,539437133962687.4,38.07542145864308,0.03626599609778732,503.8409811742361,3238975.8545814385,1.1836704499592399,0.001470041839484623
4.7299999999999995,schechter,-2,29322874329979.82,0.02932287432997982,104,10,0.09615384615384616,0.013476312558713288,386247319034750.56,42.46113426670337,0.03609041316825672,503.28714164847673,3224966.457955114,1.1715555519941836,0.0015181008460162977
4.74,schechter,-2,29520415247572.96,0.02952041524757296,68,10,0.14705882352941177,0.013415876013739725,220919634225881.56,25.341811241885246,0.03591591186187994,502.7336102520412,3211041.393161196,1.1595800042311586,0.0022877619948201487
4.75,schechter,-2,29718870176851.82,0.02971887017685182,82,10,0.12195121951219512,0.013355785316143232,118584558613642.16,20.607315446651945,0.035742484695538375,502.180393578195,3197200.011952672,1.1477420525285842,0.0018693898112050436
4.76,schechter,-2,29918241411027.918,0.029918241411027918,117,10,0.08547008547008547,0.013296017144414196,163702513862526.56,34.68256649741509,0.035570124233408995,501.627498127416,3183441.672123255,1.1360399662147214,0.0012910091339769795
4.77,schechter,-2,30118531244115.406,0.030118531244115405,114,10,0.08771929824561403,0.013236605782153021,280507022717504.25,17.700280447184884,0.03539882308692853,501.0749303059705,3169765.737445429,1.1244720377628372,0.0013056309716597335
4.78,schechter,-2,30319741970928.81,0.03031974197092881,134,10,0.07462686567164178,0.013177509278963884,211279014717684.72,21.485344926880114,0.03522857391474806,500.52269642807863,3156171.577604061,1.1130365824769184,0.001094555962195212
4.79,schechter,-2,30521875887081.1,0.0305218758870811,155,10,0.06451612903225806,0.013118752995047611,232512475354316.0,27.354277769305845,0.0350593694226785,499.97080271784273,3142658.568130008,1.101731938180594,0.0009324741395965339
4.8,schechter,-2,30724935288981.703,0.0307249352889817,149,10,0.06711409395973154,0.013060322234037525,243316469128861.5,36.16239731642692,0.034891202363627125,499.4192553078528,3129226.0903392765,1.0905564649044606,0.0009559073051050396
4.81,schechter,-2,30928922473834.395,0.030928922473834393,153,10,0.06535947712418301,0.01300220628732529,259550409628570.0,33.39880531914504,0.034724065537525745,498.8680602436956,3115873.5312690753,1.0795085445891508,0.0009173851493907472
4.82,schechter,-2,31133839739635.258,0.03113383973963526,70,10,0.14285714285714285,0.012944431906888099,311219522925666.75,27.057300036947037,0.03455795179125056,498.31722348232313,3102600.2836156418,1.0685865807791786,0.001976035175930065
4.83,schechter,-2,31339689385170.688,0.03133968938517069,161,10,0.062111801242236024,0.012886962628178789,491414601094667.9,69.24480148362983,0.03439285401853435,497.76675089353574,3089405.7456736234,1.0577889983279667,0.0008466886515497629
4.84,schechter,-2,31546473710015.402,0.0315464737100154,105,10,0.09523809523809523,0.01282981803798977,120847348713170.12,19.075860098271445,0.034228765159870625,497.21664826220706,3076289.321274794,1.0471142431078013,0.0012794557337200453
4.85,schechter,-2,31754195014530.375,0.031754195014530376,49,10,0.20408163265306123,0.012772991924379418,124679444352537.2,24.10507267721698,0.034065678202410896,496.66692128887695,3063250.419728769,1.0365607817205704,0.002702037243682707
4.86,schechter,-2,31962855599861.0,0.031962855599861,163,10,0.06134969325153374,0.01271646530654158,332438409162642.56,42.877226755064896,0.03390358617985464,496.11757558981117,3050288.455764161,1.0261271012111808,0.0008005343363591448
4.87,schechter,-2,32172457767934.9,0.0321724577679349,89,10,0.11235955056179775,0.012660268621882076,330486493164068.25,20.21939790218181,0.033742482172332715,495.568616698692,3037402.8494712934,1.0158117087885055,0.0014449942811815201
4.88,schechter,-2,32383003821460.074,0.032383003821460074,97,10,0.10309278350515463,0.012604372171311495,386540536458767.06,54.66736058176612,0.03358235930628393,495.02005006848714,3024593.026241584,1.0056131315490064,0.0013067136258146084
4.89,schechter,-2,32594496063922.92,0.03259449606392292,127,10,0.07874015748031496,0.012548773153424175,263084322227576.66,23.632732442314488,0.03342321075432565,494.4718810704115,3011858.4167142524,0.9955299162003591,0.0009836755185705264
4.8999999999999995,schechter,-2,32806936799586.246,0.032806936799586246,78,10,0.1282051282051282,0.012493497940903153,410836634613951.8,48.001508562982366,0.03326502973511832,493.9241149964484,2999198.4567176998,0.9855606287940539,0.0015786025239068883
4.91,schechter,-2,33020328333487.36,0.03302032833348736,111,10,0.09009009009009009,0.012438512846425498,333627638354755.44,34.90413801361369,0.033107809513224104,493.37675706074407,2986612.5872155535,0.9757038544605561,0.0010933608043256307
4.92,schechter,-2,33234672971436.008,0.03323467297143601,170,10,0.058823529411764705,0.012383823447198683,286735588227141.25,31.566776371509043,0.032951543398960184,492.8298123988362,2974100.254251155,0.9659581971430382,0.0007036621041643367
4.93,schechter,-2,33449973020012.664,0.033449973020012666,70,10,0.14285714285714285,0.012329446967374702,362051047173968.4,44.5495754901262,0.032796224748246505,492.2832860692261,2961660.908893382,0.9563222793396121,0.0016844178324052347
4.9399999999999995,schechter,-2,33666230786566.363,0.033666230786566366,137,10,0.072992700729927,0.012275355218402284,284570168234948.9,39.81482030298294,0.03264184696244863,491.73718305536624,2949294.0071838005,0.9467947418500305,0.0008483388157025267
4.95,schechter,-2,33883448579212.93,0.03388344857921293,124,10,0.08064516129032258,0.01222155328073371,284035605427783.0,33.06100218501264,0.03248840348821557,491.1915082654823,2936999.0100829303,0.9373742435211174,0.0009238846178371607
4.96,schechter,-2,34101628706832.99,0.03410162870683299,108,10,0.09259259259259259,0.0121680577386315,212730269306640.75,20.55082192108097,0.03233588781731316,490.646266533374,2924775.38341962,0.9280594609983925,0.001045618620954784
4.97,schechter,-2,34320773479070.094,0.034320773479070095,131,10,0.07633587786259542,0.012114841620254446,386400294522622.1,49.443930478017776,0.032184293486452624,490.10146262019475,2912622.597837311,0.9188490884817275,0.000849748945028343
4.9799999999999995,schechter,-2,34540885206328.89,0.03454088520632889,155,10,0.06451612903225806,0.012061905455629574,310080066169667.2,34.11211303538947,0.03203361407711513,489.55710121436323,2900540.12874541,0.909741837482231,0.0007079496795317029
4.99,schechter,-2,34761966199773.1,0.0347619661997731,172,10,0.05813953488372093,0.012009273351048066,311747847459182.4,45.40497243464073,0.03188384321537219,489.0131869335205,2888527.4562673313,0.9007364365850526,0.0006289064002441203
