z,luminosity_function,alpha_intrinsic,L_min_Jy_kpc2,L_min_over_L_star,n_generated,n_detected,detection_rate_10_per_n,N_ratio_detectable_L,mean_detected_L,mean_SNR,SFR_psi,comoving_volume_Mpc3,time_Gyr,nfrb_sfr_base,n_total_population_scaled
0.01,std,0,10000000000.0,1e-05,11,10,0.9090909090909091,1.0,100000000000000.0,31812603.16469442,0.015366633837018974,0.12858517217440776,137678720.05218962,0.005440846193609835,0.004946223812372577
0.02,std,0,10000000000.0,1e-05,13,10,0.7692307692307693,1.0,100000000000000.0,8552245.39477224,0.015778461234561884,0.4805808079652677,135706863.92550436,0.020580829769183944,0.01583140751475688
0.03,std,0,10000000000.0,1e-05,13,10,0.7692307692307693,1.0,100000000000000.0,2100347.0791433877,0.016197006898133106,1.0595174738105395,133769703.76805276,0.04591246938253877,0.03531728414041444
0.04,std,0,10000000000.0,1e-05,12,10,0.8333333333333334,1.0,100000000000000.0,2272600.282931854,0.0166223021408091,1.8589461829721416,131866423.28089881,0.08149335758931513,0.06791113132442927
0.05,std,0,10000000000.0,1e-05,10,10,1.0,1.0,100000000000000.0,226370.28803215543,0.01705437728000787,2.8724394373501805,129996236.70924087,0.12736424418760686,0.12736424418760686
0.060000000000000005,std,0,10000000000.0,1e-05,15,10,0.6666666666666666,1.0,100000000000000.0,987052.1668387735,0.017493261604641853,4.0935971410252066,128158387.20751494,0.18354937948845934,0.12236625299230622
0.06999999999999999,std,0,10000000000.0,1e-05,13,10,0.7692307692307693,1.0,100000000000000.0,325066.24677476403,0.017938983341287663,5.516052317568455,126352145.30294725,0.2500568862497089,0.19235145096131454
0.08,std,0,10000000000.0,1e-05,11,10,0.9090909090909091,1.0,100000000000000.0,189277.2164543604,0.018391569619367408,7.1334766231066125,124576807.45144194,0.32687915788539346,0.2971628708049031
0.09,std,0,10000000000.0,1e-05,18,10,0.5555555555555556,1.0,100000000000000.0,191543.0046397455,0.018851046435337065,8.939585648047384,122831694.67989907,0.4139932805608923,0.2299962669782735
0.09999999999999999,std,0,10000000000.0,1e-05,10,10,1.0,1.0,100000000000000.0,307305.78721047257,0.019317438615878545,10.928144001492717,121116151.30983643,0.511361476804695,0.511361476804695
0.11,std,0,10000000000.0,1e-05,16,10,0.625,1.0,100000000000000.0,141985.33975030138,0.019790769780093035,13.09297017317287,119429543.75708403,0.6189315682846677,0.3868322301779173
0.12,std,0,10000000000.0,1e-05,17,10,0.5882352941176471,1.0,100000000000000.0,62658.485287655785,0.020271062300694323,15.427941168939224,117771259.40308331,0.7366374554456234,0.43331615026213144
0.13,std,0,10000000000.0,1e-05,10,10,1.0,1.0,100000000000000.0,186013.3698636793,0.02075833726420218,17.92699691643356,116140705.53330435,0.8643996117339965,0.8643996117339965
0.14,std,0,10000000000.0,1e-05,12,10,0.8333333333333334,1.0,100000000000000.0,117805.23192203077,0.021252614430137,20.584144438808266,114537308.33873443,1.0021255902075437,0.8351046585062865
0.15000000000000002,std,0,10000000000.0,1e-05,10,10,1.0,1.0,100000000000000.0,97263.11311122768,0.021753912189218152,23.39346179492936,112960511.97664525,1.1497105403768308,1.1497105403768308
0.16,std,0,10000000000.0,1e-05,12,10,0.8333333333333334,1.0,100000000000000.0,125917.77449917482,0.02226224752057046,26.34910178552701,111409777.68701176,1.3070377332047303,1.089198111003942
0.17,std,0,10000000000.0,1e-05,13,10,0.7692307692307693,1.0,100000000000000.0,118510.94622525014,0.02277763594794393,29.445295425458756,109884582.96125181,1.4739790922630776,1.1338300709715983
0.18000000000000002,std,0,10000000000.0,1e-05,15,10,0.6666666666666666,1.0,100000000000000.0,20462.47954515487,0.023300091494954225,32.67635518284781,108384420.7601139,1.6503957291197566,1.100263819413171
0.19,std,0,10000000000.0,1e-05,13,10,0.7692307692307693,1.0,100000000000000.0,9174.911255011324,0.023829626639352574,36.036677986870565,106908798.77780546,1.8361384811322883,1.4124142162556064
0.2,std,0,10000000000.0,1e-05,14,10,0.7142857142857143,1.0,100000000000000.0,117520.31642702995,0.024366252266335785,39.520748006475074,105457238.74949963,2.0310484499055645,1.450748892789689
0.21000000000000002,std,0,10000000000.0,1e-05,13,10,0.7692307692307693,1.0,100000000000000.0,110075.24559880936,0.02490997762090884,43.123139202619406,104029275.79969656,2.234957538751461,1.719198106731893
0.22,std,0,10000000000.0,1e-05,15,10,0.6666666666666666,1.0,100000000000000.0,23367.64904463711,0.025460810259314456,46.83851765781377,102624457.82893437,2.447688987613895,1.6317926584092632
0.23,std,0,10000000000.0,1e-05,23,10,0.43478260869565216,1.0,100000000000000.0,27326.319285458583,0.026018755999546127,50.661643686666395,101242344.93655138,2.669057903990448,1.1604599582567163
0.24000000000000002,std,0,10000000000.0,1e-05,12,10,0.8333333333333334,1.0,100000000000000.0,28886.961748081627,0.02658381887096318,54.58737373205621,99882508.87732875,2.898871788502754,2.4157264904189617
0.25,std,0,10000000000.0,1e-05,11,10,0.9090909090909091,1.0,100000000000000.0,31743.16986509469,0.027156001063028613,58.61066205159413,98544532.5499974,3.1369310538471646,2.8517555034974222
0.26,std,0,10000000000.0,1e-05,11,10,0.9090909090909091,1.0,100000000000000.0,41286.11803035722,0.02773530287319293,62.7265621999072,97228009.51565525,3.383029535979733,3.0754813963452117
0.27,std,0,10000000000.0,1e-05,14,10,0.7142857142857143,1.0,100000000000000.0,21158.05287970913,0.0283217226539493,66.930228311851,95932543.54423486,3.63695499644485,2.597824997460607
0.28,std,0,10000000000.0,1e-05,11,10,0.9090909090909091,1.0,100000000000000.0,31765.0697463219,0.028915256759088154,71.21691619331557,94657748.18751705,3.8984896149294834,3.544081468117712
0.29000000000000004,std,0,10000000000.0,1e-05,11,10,0.9090909090909091,1.0,100000000000000.0,15837.886782805625,0.029515899489181725,75.58198422510715,93403246.37677355,4.167410471124908,3.7885549737499167
0.3,std,0,10000000000.0,1e-05,13,10,0.7692307692307693,1.0,100000000000000.0,16486.44101150403,0.03012364303633178,80.02089408639873,92168670.04385954,4.443490015134679,3.418069242411292
0.31,std,0,10000000000.0,1e-05,11,10,0.9090909090909091,1.0,100000000000000.0,14518.947684772585,0.030738477428216556,84.5292113050667,90953659.76403436,4.726496525770308,4.296815023427553
0.32,std,0,10000000000.0,1e-05,14,10,0.7142857142857143,1.0,100000000000000.0,11212.897521864077,0.03136039047147566,89.10260564019302,89757864.41943079,5.016194556065158,3.5829961114751128
0.33,std,0,10000000000.0,1e-05,14,10,0.7142857142857143,1.0,100000000000000.0,3782.233212186544,0.031989367694474906,93.73685130534169,88580940.88171776,5.312345365579836,3.794532403985597
0.34,std,0,10000000000.0,1e-05,12,10,0.8333333333333334,1.0,100000000000000.0,8842.985830053434,0.032625392289495694,98.4278270381177,87422553.71285346,5.61470733898891,4.678922782490758
0.35000000000000003,std,0,10000000000.0,1e-05,15,10,0.6666666666666666,1.0,100000000000000.0,14036.425566537397,0.03326844505439697,103.17151602366164,86282374.8828454,5.923036390631443,3.948690927087629
0.36000000000000004,std,0,10000000000.0,1e-05,14,10,0.7142857142857143,1.0,100000000000000.0,19489.88602163364,0.03391850433380093,107.96400567917047,85160083.50335014,6.237086354740289,4.45506168195735
0.37,std,0,10000000000.0,1e-05,12,10,0.8333333333333334,1.0,100000000000000.0,13196.086264915042,0.03457554595985672,112.80148730584132,84055365.5762477,6.5566093611097935,5.463841134258161
0.38,std,0,10000000000.0,1e-05,13,10,0.7692307692307693,1.0,100000000000000.0,27564.43929391102,0.035239543192639965,117.68025561626753,82967913.75619605,6.881356196112335,5.293350920086412
0.39,std,0,10000000000.0,1e-05,14,10,0.7142857142857143,1.0,100000000000000.0,24719.658876964357,0.03591046666024937,122.59670814300176,81897427.12626469,7.211076648907409,5.150769034933863
0.4,std,0,10000000000.0,1e-05,15,10,0.6666666666666666,1.0,100000000000000.0,997.129706930625,0.03658828429866464,127.54734453638534,80843610.98588744,7.545519842894461,5.03034656192964
0.41000000000000003,std,0,10000000000.0,1e-05,13,10,0.7692307692307693,1.0,100000000000000.0,6744.30248180144,0.03727296129143468,132.5287657569646,79806176.65031886,7.884434552351365,6.064949655654897
0.42000000000000004,std,0,10000000000.0,1e-05,13,10,0.7692307692307693,1.0,100000000000000.0,11919.112133096993,0.037964460009266905,137.53767317097137,78784841.26087493,8.227569504445565,6.328899618804281
0.43,std,0,10489957729.05458,1.048995772905458e-05,12,10,0.8333333333333334,1.0,100000000000000.0,7182.501704461657,0.038662739949594106,142.57086755384233,77779327.60525452,8.574673666651114,7.145561388875929
0.44,std,0,11001886092.475294,1.1001886092475293e-05,18,10,0.5555555555555556,1.0,100000000000000.0,13431.56073452904,0.03936775767619714,147.625248008989,76789363.94735558,8.92549651979478,4.958609177663767
0.45,std,0,11526234715.335043,1.1526234715335043e-05,11,10,0.9090909090909091,1.0,100000000000000.0,26213.321397895932,0.04007946675896711,152.69781080768777,75814683.86589663,9.279788316908968,8.43617119718997
0.46,std,0,12062987388.672068,1.2062987388672068e-05,15,10,0.6666666666666666,1.0,100000000000000.0,5624.939357205332,0.04079781771389325,157.78564815678968,74855026.10136408,9.63730032818233,6.424866885454887
0.47000000000000003,std,0,12612125901.613379,1.2612125901613378e-05,13,10,0.7692307692307693,1.0,100000000000000.0,2738.073214845047,0.04152275794336715,162.88594689945728,73910134.4107027,9.997785072237143,7.69060390172088
0.48000000000000004,std,0,13173630115.870514,1.3173630115870513e-05,21,10,0.47619047619047616,1.0,100000000000000.0,7364.475244230666,0.04225423167689769,167.9959871549614,72979757.42922702,10.360996534052788,4.93380787335847
0.49,std,0,13747478038.69235,1.374747803869235e-05,17,10,0.5882352941176471,1.0,100000000000000.0,7351.9172957733945,0.042992179912334685,173.11314090346954,72063648.53939462,10.726690369904356,6.309817864649621
0.5,std,0,14333645894.264038,1.4333645894264039e-05,19,10,0.5263157894736842,1.0,100000000000000.0,8983.059675379545,0.04373654035770323,178.23487052029122,71161565.7458431,11.094624099593124,5.8392758418911175
0.51,std,0,14932108193.542265,1.4932108193542266e-05,18,10,0.5555555555555556,1.0,100000000000000.0,9324.104585080288,0.04448724737375437,183.35872726616893,70273271.55644336,11.464557286451747,6.369198492473193
0.52,std,0,15542837802.524502,1.55428378025245e-05,15,10,0.6666666666666666,1.0,100000000000000.0,7633.563796016411,0.04524423191734168,188.4823497367532,69398532.8688438,11.836251705379654,7.890834470253102
0.53,std,0,16165806008.942055,1.6165806008942056e-05,13,10,0.7692307692307693,1.0,100000000000000.0,6864.856272109359,0.04600742148573693,193.60346227773027,68537120.86228469,12.209471499438099,9.391901153413922
0.54,std,0,16800982587.385557,1.6800982587385556e-05,13,10,0.7692307692307693,1.0,100000000000000.0,10827.985530684247,0.046776740062001616,198.71987336925508,67688810.89416112,12.583983325331605,9.679987173332005
0.55,std,0,17448335862.85635,1.744833586285635e-05,14,10,0.7142857142857143,1.0,100000000000000.0,4604.091680217124,0.04755210806153499,203.82947398428342,66853382.401291125,12.959556488259,9.256826063042144
0.56,std,0,18107832772.75686,1.810783277275686e-05,18,10,0.5555555555555556,1.0,100000000000000.0,7527.722788883523,0.04833344227992233,208.93023592475478,66030618.80524841,13.335963066488116,7.4088683702711755
0.5700000000000001,std,0,18779438927.319347,1.8779438927319347e-05,14,10,0.7142857142857143,1.0,100000000000000.0,2765.379530174731,0.049120655842211244,214.02021014027528,65220307.42184981,13.712978026197103,9.794984304426503
0.5800000000000001,std,0,19463118668.486588,1.9463118668486587e-05,14,10,0.7142857142857143,1.0,100000000000000.0,6983.956882303146,0.04991365815374634,219.0975250316133,64422239.37422575,14.090379326866243,10.064556662047316
0.59,std,0,20158835127.25381,2.0158835127253812e-05,12,10,0.8333333333333334,1.0,100000000000000.0,11028.463153961498,0.050712354852696435,224.16038474536495,63636209.50946025,14.467948017877612,12.056623348231344
0.6,std,0,20866550279.484665,2.0866550279484665e-05,16,10,0.625,1.0,100000000000000.0,3263.113674105326,0.051516647764411366,229.207067458512,62862016.318445235,14.845468326432586,9.278417704020367
0.61,std,0,21586225000.214233,2.1586225000214233e-05,16,10,0.625,1.0,100000000000000.0,9144.82423844416,0.05232643485774771,234.23592366251947,62099461.8588071,15.222727737647336,9.514204836029585
0.62,std,0,22317819116.458523,2.2317819116458523e-05,15,10,0.6666666666666666,1.0,100000000000000.0,13070.23949653789,0.05314161020350689,239.24537444240494,61348351.680681646,15.59951706675948,10.39967804450632
0.63,std,0,23061291458.542007,2.306129145854201e-05,12,10,0.8333333333333334,1.0,100000000000000.0,4122.530233056286,0.05396206393512963,244.23390976078255,60608494.75515795,15.975630524330564,13.313025436942137
0.64,std,0,23816599909.96652,2.381659990996652e-05,15,10,0.6666666666666666,1.0,100000000000000.0,1576.2067019637486,0.054787682211795266,249.20008674440265,59879703.405252725,16.350865774535517,10.900577183023678
0.65,std,0,24583701455.839085,2.4583701455839084e-05,14,10,0.7142857142857143,1.0,100000000000000.0,5305.952596661037,0.055618347184074164,254.14252797790436,59161793.23922499,16.725023987082185,11.946445705058704
0.66,std,0,25362552229.879505,2.5362552229879506e-05,17,10,0.5882352941176471,1.0,100000000000000.0,7434.227289479541,0.056453936962285574,259.05991980759876,58454583.086089864,17.097909883193623,10.057594048937425
0.67,std,0,26153107560.026768,2.6153107560026768e-05,15,10,0.6666666666666666,1.0,100000000000000.0,6363.918984582537,0.05729432558771266,263.95101065428616,57757894.933217816,17.4693317758399,11.646221183893267
0.68,std,0,26955322012.672997,2.6955322012672998e-05,15,10,0.6666666666666666,1.0,100000000000000.0,3840.6695894646036,0.05813938300682973,268.8146093425054,57071553.86587637,17.839101604948198,11.892734403298798
0.6900000000000001,std,0,27769149435.540245,2.7769149435540244e-05,13,10,0.7692307692307693,1.0,100000000000000.0,3229.47528004905,0.05898897504869533,273.6495834413374,56395388.00860588,18.207034967516385,14.005411513474144
0.7000000000000001,std,0,28594542999.22981,2.859454299922981e-05,15,10,0.6666666666666666,1.0,100000000000000.0,7527.884066820433,0.059842963405668255,278.4548576248955,55729228.46830064,18.572951143402804,12.381967428935202
0.7100000000000001,std,0,29431455237.46443,2.943145523746443e-05,13,10,0.7692307692307693,1.0,100000000000000.0,4065.3143755634933,0.06070120561760056,283.229412049055,55072909.27894104,18.936673116817083,14.566671628320833
0.72,std,0,30279838086.050945,3.0279838086050946e-05,20,10,0.5,1.0,100000000000000.0,4876.087428640756,0.061563555059664696,287.9722807495873,54426267.3478233,19.298027594070188,9.649013797035094
0.73,std,0,31139642920.58713,3.113964292058713e-05,17,10,0.5882352941176471,1.0,100000000000000.0,7518.729562420383,0.062429860933968816,292.68255005916274,53789142.40325106,19.65684501765967,11.562850010388042
0.74,std,0,32010820592.936665,3.2010820592936666e-05,14,10,0.7142857142857143,1.0,100000000000000.0,2428.7546401038244,0.06329996826511489,297.3593570485977,53161376.94359302,20.012959577268308,14.29497112662022
0.75,std,0,32893321466.503,3.2893321466503e-05,23,10,0.43478260869565216,1.0,100000000000000.0,5743.49633556232,0.06417371789985252,302.001887990018,52542816.187593825,20.366209217723533,8.854873572923275
0.76,std,0,33787095450.320217,3.3787095450320215e-05,17,10,0.5882352941176471,1.0,100000000000000.0,6614.261183941703,0.06505094651097904,306.6093768442661,51933308.025967404,20.716435644320153,12.186138614305973
0.77,std,0,34692092031.99499,3.4692092031994987e-05,11,10,0.9090909090909091,1.0,100000000000000.0,5058.598121323014,0.06593148660563516,311.1811037739472,51332702.97407133,21.06348432575283,19.148622114320755
0.78,std,0,35608260309.52001,3.5608260309520015e-05,17,10,0.5882352941176471,1.0,100000000000000.0,4853.847370939418,0.06681516653814157,315.71639368112415,50740854.125752576,21.40720449484441,12.592473232261419
0.79,std,0,36535549021.987206,3.6535549021987203e-05,18,10,0.5555555555555556,1.0,100000000000000.0,2161.112616328283,0.0677018105275198,320.2146147716035,50157617.108157024,21.74744914732912,12.081916192960623
0.8,std,0,37473906579.227066,3.7473906579227066e-05,15,10,0.6666666666666666,1.0,100000000000000.0,5255.221391784702,0.06859123867983588,324.6751771469832,49582850.03763585,22.084075039025574,14.722716692683715
0.81,std,0,38423281090.39919,3.8423281090399195e-05,17,10,0.5882352941176471,1.0,100000000000000.0,2328.7998946643165,0.06948326701550157,329.09753142259837,49016413.47646635,22.41694268134601,13.186436871380007
0.8200000000000001,std,0,39383620391.56053,3.938362039156053e-05,18,10,0.5555555555555556,1.0,100000000000000.0,1932.4879981674017,0.0703777075016633,333.48116737376426,48458170.39061373,22.745916335583157,12.636620186435088
0.8300000000000001,std,0,40354872072.236694,4.0354872072236697e-05,15,10,0.6666666666666666,1.0,100000000000000.0,915.9312546322013,0.0712743680898028,337.8256126102426,47907986.10823188,23.07086400601001,15.380576004006672
0.8400000000000001,std,0,41336983501.02201,4.133698350102201e-05,14,10,0.7142857142857143,1.0,100000000000000.0,4225.697974154185,0.07217305275866856,342.13043127858174,47365728.279101126,23.39165743202008,16.7083267371572
0.85,std,0,42329901850.23439,4.232990185023439e-05,16,10,0.625,1.0,100000000000000.0,1291.7762037955586,0.0730735615626498,346.39522279242647,46831266.83476413,23.70817207935701,14.817607549598131
0.86,std,0,43333574119.648346,4.333357411964835e-05,19,10,0.5263157894736842,1.0,100000000000000.0,4158.943074948866,0.07397569068569808,350.61962059248384,46304473.94949488,24.02028713075509,12.642256384607942
0.87,std,0,44347947159.33258,4.434794715933258e-05,17,10,0.5882352941176471,1.0,100000000000000.0,3943.5998808986615,0.07487923250089422,354.8032909333102,45785224.0019454,24.327885475855087,14.310520868150052
0.88,std,0,45372967691.61629,4.537296769161629e-05,19,10,0.5263157894736842,1.0,100000000000000.0,2171.2042933378866,0.07578397563574907,358.94593170066696,45273393.53755888,24.630853700819756,12.963607210957766
0.89,std,0,46408582332.20778,4.640858233220778e-05,12,10,0.8333333333333334,1.0,100000000000000.0,4347.086922269831,0.07668970504331966,363.0472712548873,44768861.231587745,24.929082077367788,20.774235064473157
0.9,std,0,47454737610.489456,4.7454737610489455e-05,13,10,0.7692307692307693,1.0,100000000000000.0,1795.3475677101621,0.07759620207921059,367.10706730518,44271507.85283817,25.222464551731417,19.401895809024168
0.91,std,0,48511379989.01375,4.851137998901375e-05,15,10,0.6666666666666666,1.0,100000000000000.0,4993.68515649169,0.07850324458452297,371.1251058097783,43781216.22801512,25.510898733217545,17.00726582214503
0.92,std,0,49578455882.220894,4.9578455882220895e-05,21,10,0.47619047619047616,1.0,100000000000000.0,4151.4477491974785,0.07941060697480082,375.1011999058388,43297871.206686266,25.79428588273478,12.282993277492752
0.93,std,0,50655911674.4037,5.06559116744037e-05,15,10,0.6666666666666666,1.0,100000000000000.0,4552.429015131469,0.08031806033501555,379.03518886657565,42821359.6268634,26.072530901191026,17.381687267460684
0.9400000000000001,std,0,51743693736.940025,5.174369373694003e-05,14,10,0.7142857142857143,1.0,100000000000000.0,2329.617772450623,0.08122537252061583,382.9269370852567,42351570.28113079,26.345542317762476,18.81824451268748
0.9500000000000001,std,0,52841748444.81451,5.2841748444814504e-05,16,10,0.625,1.0,100000000000000.0,1022.7437233472207,0.08213230826466011,386.77633308750086,41888393.88338472,26.6132322782312,16.633270173894502
0.9600000000000001,std,0,53950022192.45423,5.395002219245423e-05,21,10,0.47619047619047616,1.0,100000000000000.0,1225.6442557135802,0.0830386292910345,390.58328857009616,41431723.03608367,26.875516533259717,12.79786501583796
0.97,std,0,55068461408.89418,5.506846140889418e-05,24,10,0.4166666666666667,1.0,100000000000000.0,4035.889569312367,0.08394409443374791,394.3477374665417,40981452.198053606,27.132314426686296,11.30513101111929
0.98,std,0,56197012572.29814,5.619701257229814e-05,14,10,0.7142857142857143,1.0,100000000000000.0,3495.094283156656,0.08484845976228053,398.0696350382585,40537477.652815565,27.383548883783938,19.559677774131384
0.99,std,0,57335622223.85218,5.733562222385218e-05,19,10,0.5263157894736842,1.0,100000000000000.0,3913.2111963580414,0.08575147871295036,401.7489569933317,40099697.47744613,27.629146399647055,14.541655999814239
1.0,std,0,58484236981.051796,5.84842369810518e-05,19,10,0.5263157894736842,1.0,100000000000000.0,4806.564997955817,0.08665290222624604,405.38569862776563,39668011.51188104,27.86903702732095,14.667914224905761
1.01,std,0,59642803550.4011,5.96428035504011e-05,13,10,0.7692307692307693,1.0,100000000000000.0,1337.8406605415419,0.08755247889006164,408.9798739960923,39242321.32879002,28.103154366245754,21.617811050958274
1.02,std,0,60811268739.544655,6.0811268739544653e-05,16,10,0.625,1.0,100000000000000.0,4003.8392901227644,0.08844995508875261,412.5315151021376,38822530.203856505,28.331435550276698,17.707147218922938
1.03,std,0,61989579468.84751,6.19895794688475e-05,17,10,0.5882352941176471,1.0,100000000000000.0,4917.571959416062,0.08934507515791797,416.0406711173081,38408543.086599246,28.55382123588408,16.79636543287299
1.04,std,0,63177682782.446,6.3177682782446e-05,18,10,0.5555555555555556,1.0,100000000000000.0,1379.5359601577156,0.09023758154479809,419.5074076213625,38000266.571585506,28.770255590076033,15.983475327820019
1.05,std,0,64375525858.78076,6.437552585878076e-05,15,10,0.6666666666666666,1.0,100000000000000.0,1254.944545673422,0.09112721497416236,422.9318058664843,37597608.87017283,28.980686278190355,19.320457518793567
1.06,std,0,65583056020.63506,6.558305602063507e-05,21,10,0.47619047619047616,1.0,100000000000000.0,2297.515083982643,0.09201371461954395,426.31396206430253,37200479.78263619,29.185064451412096,13.897649738767663
1.07,std,0,66800220744.69155,6.680022074469155e-05,19,10,0.5263157894736842,1.0,100000000000000.0,2668.9976899556505,0.09289681827966537,429.6539866957538,36808790.67077036,29.383344734057246,15.46491828108276
1.08,std,0,68026967670.62455,6.802696767062455e-05,19,10,0.5263157894736842,1.0,100000000000000.0,962.7106054824447,0.09377626255988103,432.9520038424427,36422454.43092041,29.575485210473495,15.566044847617627
1.09,std,0,69263244609.74431,6.92632446097443e-05,13,10,0.7692307692307693,1.0,100000000000000.0,3574.577048344395,0.09465178305844799,436.2081505396533,36041385.46742419,29.761447411528778,22.89342108579137
1.1,std,0,70508999553.20793,7.050899955320793e-05,27,10,0.37037037037037035,1.0,100000000000000.0,1954.9946951213296,0.09552311455742028,439.4225761499651,35665499.66649557,29.94119630060982,11.089331963188823
1.11,std,0,71764180679.81308,7.176418067981308e-05,17,10,0.5882352941176471,1.0,100000000000000.0,3250.8757586473293,0.09638999121794681,442.59544175857616,35294714.37049736,30.11470025913238,17.71452956419552
1.12,std,0,73028736363.38654,7.302873636338653e-05,13,10,0.7692307692307693,1.0,100000000000000.0,2419.7346224575926,0.09725214677973788,445.7269195865053,34928948.352648705,30.281931071304502,23.293793131772695
1.1300000000000001,std,0,74302615179.78534,7.430261517978534e-05,15,10,0.6666666666666666,1.0,100000000000000.0,1374.1577770771032,0.09810931476444977,448.81719242605686,34568121.792101,30.442863908349885,20.29524260556659
1.1400000000000001,std,0,75585765913.52228,7.558576591352228e-05,19,10,0.5263157894736842,1.0,100000000000000.0,2208.2516687201146,0.09896122868272254,451.8664530930235,34212156.24944995,30.597477311834513,16.10393542728132
1.1500000000000001,std,0,76878137564.02869,7.687813756402868e-05,15,10,0.6666666666666666,1.0,100000000000000.0,1695.3524711094724,0.09980762224459194,454.8749038989672,33860974.64260373,30.745753176216628,20.497168784144417
1.1600000000000001,std,0,78179679351.56746,7.817967935156746e-05,25,10,0.4,1.0,100000000000000.0,1609.168940212231,0.10064822957298275,457.84275614114665,33514501.22304822,30.887676730449744,12.355070692179899
1.17,std,0,79490340722.8134,7.949034072281341e-05,11,10,0.9090909090909091,1.0,100000000000000.0,2115.9278390488416,0.10148278541997709,460.77022960986795,33172661.552509196,31.023236518585296,28.202942289622996
1.18,std,0,80810071356.10481,8.081007135610482e-05,24,10,0.4166666666666667,1.0,100000000000000.0,1995.6963172595854,0.1023110253855389,463.65755211356725,32835382.47995832,31.152424379307643,12.980176824711519
1.19,std,0,82138821166.38672,8.213882116638673e-05,13,10,0.7692307692307693,1.0,100000000000000.0,1564.3408758608061,0.10313268613836393,466.50495902068224,32502592.119014297,31.275235424345386,24.057873403342604
1.2,std,0,83476540309.8509,8.347654030985091e-05,20,10,0.5,1.0,100000000000000.0,873.0219912254863,0.1039475056385125,469.31269281724593,32174219.82570734,31.391668015621033,15.695834007810516
1.21,std,0,84823179188.28886,8.482317918828887e-05,17,10,0.5882352941176471,1.0,100000000000000.0,1183.753015158433,0.1047552233614732,472.08100268106614,31850196.176586464,31.501723741140715,18.530425730082776
1.22,std,0,86178688453.1646,8.61786884531646e-05,23,10,0.43478260869565216,1.0,100000000000000.0,898.9899757995394,0.10555558052329424,474.810144070495,31530452.947203357,31.605407389487805,13.74148147369035
1.23,std,0,87543019009.42029,8.754301900942028e-05,18,10,0.5555555555555556,1.0,100000000000000.0,680.5237207585202,0.10634832030641155,477.5003783298446,31214923.090939093,31.702726922993566,17.61262606832976
1.24,std,0,88916122019.02351,8.891612201902351e-05,19,10,0.5263157894736842,1.0,100000000000000.0,2129.8106532434435,0.10713318808579403,480.15197230711533,30903540.718176357,31.79369344926812,16.733522868035852
1.25,std,0,90297948904.26752,9.029794890426752e-05,35,10,0.2857142857142857,1.0,100000000000000.0,1093.9806865302266,0.1079099316550206,482.76519798762916,30596241.075822484,31.878321191310697,9.108091768945913
1.26,std,0,91688451350.83286,9.168845135083285e-05,23,10,0.43478260869565216,1.0,100000000000000.0,3189.5932558236245,0.10867830145189603,485.3403321410361,30292960.52715669,31.956627455979394,13.894185850425822
1.27,std,0,93087581310.61897,9.308758131061897e-05,14,10,0.7142857142857143,1.0,100000000000000.0,912.1035363721998,0.10943805078320944,487.87765598149576,29993636.532022804,32.028632600809836,22.87759471486417
1.28,std,0,94495291004.35825,9.449529100435825e-05,19,10,0.5263157894736842,1.0,100000000000000.0,823.911194225257,0.11018893604823399,490.37745484039937,29698207.62734887,32.0943599991062,16.89176842058221
1.29,std,0,95911532924.01505,9.591153292401504e-05,17,10,0.5882352941176471,1.0,100000000000000.0,441.6600799745902,0.11093071696056572,492.8400178524283,29406613.407992665,32.153836003344814,18.914021178438126
1.3,std,0,97336259834.98573,9.733625983498574e-05,19,10,0.5263157894736842,1.0,100000000000000.0,2117.4126497150933,0.11166315676789583,495.2656376536461,29118794.50790167,32.207089906784006,16.95109995093895
1.31,std,0,98769424778.09996,9.876942477809996e-05,17,10,0.5882352941176471,1.0,100000000000000.0,1553.800438571529,0.11238602246931209,497.6546100914921,28834692.581594545,32.25415390327715,18.97303170781009
1.32,std,0,100210981071.43839,0.00010021098107143838,11,10,0.9090909090909091,1.0,100000000000000.0,1771.1314683055455,0.11309908502972522,500.00723394493906,28554250.285959702,32.29506304517397,29.359148222885423
1.33,std,0,101660882311.96866,0.00010166088231196866,21,10,0.47619047619047616,1.0,100000000000000.0,2059.5079544269233,0.11380211959101888,502.32381065832556,28277411.26235228,32.32985519952478,15.395169142630847
1.34,std,0,103119082377.0102,0.00010311908237701019,19,10,0.5263157894736842,1.0,100000000000000.0,1265.718014263282,0.11449490567952506,504.60464408317875,28004120.11900111,32.35857100224423,17.030826843286437
1.35,std,0,104585535425.53383,0.00010458553542553383,20,10,0.5,1.0,100000000000000.0,1989.9134567603073,0.11517722740943068,506.8500402326521,27734322.413720313,32.381253810546475,16.190626905273238
1.36,std,0,106060195899.30336,0.00010606019589930335,14,10,0.7142857142857143,1.0,100000000000000.0,919.8013839304837,0.11584887368172872,509.0603070444537,27467964.636896268,32.397949653375335,23.14139260955381
1.37,std,0,107543018523.86636,0.00010754301852386636,17,10,0.5882352941176471,1.0,100000000000000.0,1439.9327640156662,0.11650963837833293,511.2357541548695,27204994.194798715,32.40870718008256,19.063945400048564
1.3800000000000001,std,0,109033958309.39726,0.00010903395830939726,19,10,0.5263157894736842,1.0,100000000000000.0,1151.5229392105161,0.1171593205509839,513.3766926808875,26945359.393152125,32.41357760712333,17.059777687959645
1.3900000000000001,std,0,110532970551.40512,0.00011053297055140512,16,10,0.625,1.0,100000000000000.0,226.45448066942544,0.11779772460458442,515.4834350127236,26689009.4209975,32.41261466299091,20.25788416436932
1.4000000000000001,std,0,112040010831.30573,0.00011204001083130572,15,10,0.6666666666666666,1.0,100000000000000.0,1589.1546107639392,0.11842466047461185,517.5562946142078,26435894.334847275,32.405874531278734,21.60391635418582
1.4100000000000001,std,0,113555035016.86717,0.00011355503501686717,19,10,0.5263157894736842,1.0,100000000000000.0,2396.920758754294,0.1190399437982678,519.5955858323738,26185965.04308979,32.39341579195435,17.049166206291762
1.42,std,0,115077999262.53493,0.00011507799926253492,23,10,0.43478260869565216,1.0,100000000000000.0,1273.6736775903696,0.1196433960790384,521.6016237149311,25939173.29070372,32.37529936089274,14.076217113431625
1.43,std,0,116608860009.63815,0.00011660886000963815,22,10,0.45454545454545453,1.0,100000000000000.0,1699.5498250422286,0.12023484484435139,523.5747238358806,25695471.644191947,32.35158842763719,14.705267467107813
1.44,std,0,118147573986.48694,0.00011814757398648694,21,10,0.47619047619047616,1.0,100000000000000.0,1641.52183902777,0.12081412379603326,525.5152021286646,25454813.47682177,32.322348391525196,15.391594472154855
1.45,std,0,119694098208.3634,0.00011969409820836341,23,10,0.43478260869565216,1.0,100000000000000.0,982.6521552380284,0.12138107295328354,527.4233747271542,25217152.95410143,32.28764679618493,14.038107302689099
1.46,std,0,121248389977.4084,0.0001212483899774084,17,10,0.5882352941176471,1.0,100000000000000.0,2290.884528013802,0.12193553878790152,529.2995578132391,24982445.019521292,32.24755326243972,18.96914897790572
1.47,std,0,122810406882.41702,0.00012281040688241703,20,10,0.5,1.0,100000000000000.0,1379.803198189971,0.12247737435151856,531.144067472172,24750645.38054905,32.20213941976212,16.10106970988106
1.48,std,0,124380106798.53586,0.00012438010679853586,20,10,0.5,1.0,100000000000000.0,1706.27568780652,0.12300643939460665,532.9572195531725,24521710.494854964,32.151478836181916,16.075739418090958
1.49,std,0,125957447886.8763,0.0001259574478868763,19,10,0.5263157894736842,1.0,100000000000000.0,447.3402951792303,0.12352260047705375,534.7393295389818,24295597.556820426,32.09564694703488,16.892445761597305
1.5,std,0,127542388594.04242,0.0001275423885940424,27,10,0.37037037037037035,1.0,100000000000000.0,1962.9641772083596,0.1240257310701164,536.4907124185902,24072264.484238382,32.0347209821799,11.864711474881442
1.51,std,0,129134887651.5789,0.0001291348876515789,22,10,0.45454545454545453,1.0,100000000000000.0,959.5769820366568,0.12451571164958056,538.2116825683095,23851669.90529175,31.968779892211522,14.531263587368873
1.52,std,0,130734904075.34474,0.00013073490407534475,16,10,0.625,1.0,100000000000000.0,2218.371081679682,0.12499242977998155,539.9025536385237,23633773.145745885,31.897904273526716,19.936190170954198
1.53,std,0,132342397164.81203,0.00013234239716481203,16,10,0.625,1.0,100000000000000.0,1753.094008895814,0.12545578018975678,541.5636384433861,23418534.21637197,31.822176292215328,19.88886018263458
1.54,std,0,133957326502.29762,0.00013395732650229762,13,10,0.7692307692307693,1.0,100000000000000.0,498.54786327648253,0.12590566483722512,543.1952488599917,23205913.800602216,31.741679607274794,24.416676620980613
1.55,std,0,135579651952.1296,0.00013557965195212958,21,10,0.47619047619047616,1.0,100000000000000.0,1354.545360033557,0.12634199296731044,544.7976957298799,22995873.24240182,31.656499292818538,15.074523472770732
1.56,std,0,137209333659.7521,0.0001372093336597521,23,10,0.43478260869565216,1.0,100000000000000.0,414.115234516901,0.12676468115894596,546.371288765639,22788374.534365553,31.566721759571852,13.724661634596456
1.57,std,0,138846332050.7691,0.0001388463320507691,19,10,0.5263157894736842,1.0,100000000000000.0,1922.1985357328235,0.12717365336312167,547.9163364643617,22583380.306024913,31.47243467585575,16.564439303081972
1.58,std,0,140490607829.93576,0.00014049060782993575,22,10,0.45454545454545453,1.0,100000000000000.0,238.6953003528435,0.1275688409315561,549.4331460234014,22380853.81236754,31.37372688791653,14.260784949052967
1.59,std,0,142142121980.09412,0.00014214212198009413,22,10,0.45454545454545453,1.0,100000000000000.0,689.2089651232677,0.12795018263599814,550.9220232616224,22180758.922575094,31.2706883399194,14.213949245417908
1.6,std,0,143800835761.06174,0.00014380083576106173,25,10,0.4,1.0,100000000000000.0,627.8366190500803,0.12831762467818383,552.3832725461161,21983060.10894857,31.16340999368157,12.465363997472629
1.61,std,0,145466710708.46973,0.00014546671070846972,18,10,0.5555555555555556,1.0,100000000000000.0,765.4654876833058,0.12867112069049735,553.8171967198815,21787722.43604854,31.05198374805219,17.25110208225122
1.62,std,0,147139708632.5591,0.00014713970863255911,16,10,0.625,1.0,100000000000000.0,733.8606232391445,0.12901063172740435,555.2240970379363,21594711.550035674,30.93650235846686,19.33531397404179
1.6300000000000001,std,0,148819791616.93423,0.00014881979161693423,17,10,0.5882352941176471,1.0,100000000000000.0,1514.5717477952853,0.1293361262477481,556.6042731021993,21403993.66818979,30.81705935622438,18.127681974249636
1.6400000000000001,std,0,150506922017.2756,0.0001505069220172756,14,10,0.7142857142857143,1.0,100000000000000.0,1103.3625670073327,0.12964758008801838,557.9580228049207,21215535.568644308,30.693748968212496,21.92410640586607
1.6500000000000001,std,0,152201062460.0169,0.0001522010624600169,18,10,0.5555555555555556,1.0,100000000000000.0,1134.3582470729102,0.12994497642672279,559.2856422724851,21029304.58028762,30.56666603667782,16.98148113148768
1.6600000000000001,std,0,153902175840.9857,0.00015390217584098568,16,10,0.625,1.0,100000000000000.0,641.1126452928272,0.13022830574001035,560.5874258132405,20845268.57286173,30.435905939411985,19.02244121213249
1.6700000000000002,std,0,155610225324.01187,0.00015561022532401187,14,10,0.7142857142857143,1.0,100000000000000.0,646.0419220594679,0.13049756574871402,561.863665869362,20663395.94724198,30.301564510450334,21.643974650321667
1.68,std,0,157325174339.50583,0.00015732517433950582,15,10,0.6666666666666666,1.0,100000000000000.0,1167.7717167180283,0.13075276135699798,563.114652971651,20483655.625891827,30.163737961332956,20.109158640888637
1.69,std,0,159046986583.0056,0.00015904698658300562,23,10,0.43478260869565216,1.0,100000000000000.0,353.6071537311941,0.13099390458281196,564.3406756967025,20306017.043500546,30.022522803026657,13.053270783924633
1.7,std,0,160775626013.7002,0.0001607756260137002,24,10,0.4166666666666667,1.0,100000000000000.0,982.5714584016147,0.13122101448037002,565.5420206271988,20130450.13778125,29.87801576863128,12.4491732369297
1.71,std,0,162511056852.92435,0.00016251105685292434,21,10,0.47619047619047616,1.0,100000000000000.0,1132.8129408146453,0.13143411705488842,566.7189723163366,19956925.34045368,29.730313737070638,14.157292255747922
1.72,std,0,164253243582.63312,0.00016425324358263312,23,10,0.43478260869565216,1.0,100000000000000.0,891.1424872691778,0.13163324516982902,567.8718132518297,19785413.568385925,29.5795136575981,12.860658111999173
1.73,std,0,166002150943.8526,0.0001660021509438526,11,10,0.9090909090909091,1.0,100000000000000.0,1338.9952965755663,0.1318184384469108,569.0008238267052,19615886.214899182,29.425712475610325,26.750647705100295
1.74,std,0,167757743935.11093,0.00016775774393511093,21,10,0.47619047619047616,1.0,100000000000000.0,782.0805745146362,0.13198974315916043,570.1062823085427,19448315.141239457,29.26900705943715,13.937622409255786
1.75,std,0,169519987810.85132,0.00016951998781085132,19,10,0.5263157894736842,1.0,100000000000000.0,670.3947454318677,0.13214721211728916,571.1884648136295,19282672.668198943,29.109494128521657,15.32078638343245
1.76,std,0,171288848079.82773,0.00017128884807982774,20,10,0.5,1.0,100000000000000.0,793.0993308766899,0.13229090454968861,572.2476452818358,19118931.567901675,28.94727018288763,14.473635091443816
1.77,std,0,173064290503.48532,0.00017306429050348532,19,10,0.5263157894736842,1.0,100000000000000.0,1038.7915656556509,0.13242088597635046,573.2840954559391,18957065.055737577,28.78243143415292,15.148648123238377
1.78,std,0,174846281094.32492,0.0001748462810943249,22,10,0.45454545454545453,1.0,100000000000000.0,190.56238365526957,0.1325372280770222,574.2980848593321,18797046.782446537,28.615073737869384,13.006851699031538
1.79,std,0,176634786114.25684,0.00017663478611425684,18,10,0.5555555555555556,1.0,100000000000000.0,1759.3546639168246,0.13264000855391733,575.2898807797669,18638850.826349083,28.44529252765425,15.802940293141251
1.8,std,0,178429772072.94153,0.00017842977207294152,15,10,0.6666666666666666,1.0,100000000000000.0,755.7285761526598,0.1327293109893057,576.2597482518535,18482451.68572671,28.273182750827193,18.84878850055146
1.81,std,0,180231205726.11972,0.00018023120572611972,27,10,0.37037037037037035,1.0,100000000000000.0,1317.656115195477,0.13280522469831382,577.2079500428587,18327824.271332726,28.098838805826478,10.406977335491288
1.82,std,0,182039054073.93408,0.00018203905407393407,20,10,0.5,1.0,100000000000000.0,428.048141061787,0.132867844577269,578.1347466406545,18174943.89906127,27.922354481454736,13.961177240727368
1.83,std,0,183853284359.24167,0.00018385328435924166,14,10,0.7142857142857143,1.0,100000000000000.0,1087.3686334335082,0.13291727094792347,579.0403962421652,18023786.282729935,27.743822897869286,19.81701635562092
1.84,std,0,185673864065.9182,0.0001856738640659182,20,10,0.5,1.0,100000000000000.0,102.49776588952723,0.13295360939789763,579.9251547431697,17874327.527015675,27.56333644947979,13.781668224739896
1.85,std,0,187500760917.16006,0.00018750076091716007,24,10,0.4166666666666667,1.0,100000000000000.0,574.0852814646016,0.13297697061768127,580.7892757324506,17726544.12051855,27.380986749909155,11.408744479128815
1.86,std,0,189333942873.77542,0.00018933394287377542,23,10,0.43478260869565216,1.0,100000000000000.0,1067.1122798506824,0.1329874702345315,581.6330104828803,17580412.92894541,27.196864578699703,11.824723729869437
1.87,std,0,191173378132.47464,0.00019117337813247465,21,10,0.47619047619047616,1.0,100000000000000.0,680.7159200774342,0.13298522864360543,582.4566079481062,17435911.18843124,27.01105983024882,12.862409442975627
1.8800000000000001,std,0,193019035124.15793,0.00019301903512415793,22,10,0.45454545454545453,1.0,100000000000000.0,1063.9294108924348,0.13297037083666333,583.2603147582792,17293016.49898085,26.82366146467301,12.192573393033186
1.8900000000000001,std,0,194870882512.1963,0.00019487088251219628,21,10,0.47619047619047616,1.0,100000000000000.0,1254.653919693367,0.13294302622867502,584.0443752167679,17151706.818034906,26.634757460734512,12.683217838445005
1.9000000000000001,std,0,196728889190.71393,0.00019672888919071392,16,10,0.625,1.0,100000000000000.0,338.0731517402336,0.13290332848265865,584.8090313005451,17011960.454154097,26.444434770971327,16.52777173185708
1.9100000000000001,std,0,198593024282.86896,0.00019859302428286896,16,10,0.625,1.0,100000000000000.0,545.5846267231261,0.13285141533307546,585.5545226586595,16873756.06082675,26.252779278805413,16.407987049253382
1.9200000000000002,std,0,200463257139.13327,0.00020046325713913326,22,10,0.45454545454545453,1.0,100000000000000.0,790.2208365870058,0.13278742840810062,586.2810866134372,16737072.630372385,26.059875757819782,11.845398071736264
1.93,std,0,202339557335.57242,0.00020233955733557242,19,10,0.5263157894736842,1.0,100000000000000.0,444.86100206859885,0.13271151305108214,586.9889581630031,16601889.488000676,25.865807833244286,13.613583070128572
1.94,std,0,204221894672.12766,0.00020422189467212765,19,10,0.5263157894736842,1.0,100000000000000.0,950.6431236610797,0.1326238181414942,587.6783699837507,16468186.28592861,25.670657945447992,13.510872602867364
1.95,std,0,206110239170.89764,0.00020611023917089765,29,10,0.3448275862068966,1.0,100000000000000.0,970.8107573485843,0.13252449591568408,588.3495524346428,16335942.997650843,25.474507315675055,8.784312867474158
1.96,std,0,208004561074.4235,0.0002080045610744235,24,10,0.4166666666666667,1.0,100000000000000.0,343.38057619742784,0.13241370178770218,589.0027335621211,16205139.912292665,25.277435913860113,10.53226496410838
1.97,std,0,209904830843.97833,0.00020990483084397832,16,10,0.625,1.0,100000000000000.0,1298.2568521015141,0.13229159417049882,589.6381391046078,16075757.62908553,25.079522428539473,15.674701517837171
1.98,std,0,211811019157.85617,0.00021181101915785616,35,10,0.2857142857142857,1.0,100000000000000.0,1758.5219230460025,0.13215833429775978,590.255992501449,15947777.051919853,24.880844238987546,7.108812639710727
1.99,std,0,213723096909.6675,0.00021372309690966752,22,10,0.45454545454545453,1.0,100000000000000.0,458.66107502021725,0.1320140860466449,590.8565148972009,15821179.384035045,24.68147738927093,11.218853358759514
2.0,std,0,215641035206.63885,0.00021564103520663885,16,10,0.625,1.0,100000000000000.0,466.62881867482895,0.13185901576168338,591.4399251522201,15695946.122775251,24.481496564561276,15.300935352850797
2.01,std,0,217564805367.9167,0.00021756480536791668,15,10,0.6666666666666666,1.0,100000000000000.0,1069.2487322066795,0.13169329208006922,592.0064398492042,15572059.054465903,24.280975069334783,16.187316712889853
2.02,std,0,219494378922.87595,0.00021949437892287594,21,10,0.47619047619047616,1.0,100000000000000.0,803.1660791426577,0.13151708575859106,592.5562733049384,15449500.249373306,24.0799848077658,11.466659432269427
2.03,std,0,221429727609.43524,0.00022142972760943525,17,10,0.5882352941176471,1.0,100000000000000.0,1215.177470103761,0.13133056950241706,593.0896375771925,15328252.056764135,23.878596265898477,14.04623309758734
2.04,std,0,223370823372.37726,0.00022337082337237725,32,10,0.3125,1.0,100000000000000.0,236.9648270199795,0.13113391779594796,593.6067424779217,15208297.100052891,23.676878496008605,7.39902453000269
2.05,std,0,225317638361.6763,0.0002253176383616763,22,10,0.45454545454545453,1.0,100000000000000.0,429.27235316507904,0.13092730673593825,594.107795583247,15089618.27204791,23.47489910274971,10.67040868306805
2.0599999999999996,std,0,227270144930.83185,0.00022727014493083186,24,10,0.4166666666666667,1.0,100000000000000.0,425.6533194419192,0.1307109138670736,594.5930022447884,14972198.730271557,23.272724231199767,9.69696842966657
2.07,std,0,229228315635.20987,0.00022922831563520986,31,10,0.3225806451612903,1.0,100000000000000.0,1201.2374828752504,0.1304849180201844,595.0625656020183,14856021.89238433,23.070418556803972,7.442070502194829
2.0799999999999996,std,0,231192123230.39066,0.00023119212323039065,20,10,0.5,1.0,100000000000000.0,534.5349742827228,0.1302494991532604,595.5166865948545,14741071.431683572,22.868045277097227,11.434022638548614
2.09,std,0,233161540670.52524,0.00023316154067052524,23,10,0.43478260869565216,1.0,100000000000000.0,1110.7763334585018,0.13000483819542183,595.9555639770831,14627331.272682121,22.665666105197076,9.854637437042207
2.0999999999999996,std,0,235136541106.69913,0.00023513654110669913,30,10,0.3333333333333333,1.0,100000000000000.0,1031.2152889419033,0.12975111689399202,596.379394328357,14514785.586787315,22.463341264970122,7.487780421656707
2.11,std,0,237117097885.30515,0.00023711709788530515,18,10,0.5555555555555556,1.0,100000000000000.0,1289.2301610285365,0.12948851766480282,596.788372069591,14403418.788036415,22.261129487943467,12.367294159968594
2.1199999999999997,std,0,239103184546.423,0.00023910318454642302,20,10,0.5,1.0,100000000000000.0,639.5395496174965,0.1292172234458553,597.1826894757627,14293215.5289337,22.059088011756582,11.029544005878291
2.13,std,0,241094774822.2101,0.0002410947748222101,24,10,0.4166666666666667,1.0,100000000000000.0,531.0320560765128,0.12893741755444604,597.5625366913068,14184160.69634576,21.8572725802358,9.107196908431584
2.1399999999999997,std,0,243091842635.29907,0.00024309184263529907,21,10,0.47619047619047616,1.0,100000000000000.0,324.23260443746796,0.12864928354785926,597.9281017437165,14076239.407488255,21.655737444929972,10.312255926157128
2.15,std,0,245094362097.20453,0.00024509436209720455,25,10,0.4,1.0,100000000000000.0,704.9136361936818,0.12835300508771263,598.2795705598287,13969437.005973084,21.454535368175076,8.58181414727003
2.1599999999999997,std,0,247102307506.74283,0.00024710230750674285,19,10,0.5263157894736842,1.0,100000000000000.0,828.9105351799657,0.12804876580803742,598.6171269801808,13863739.057946578,21.253717627515176,11.186167172376408
2.17,std,0,249115653348.4536,0.00024911565334845363,19,10,0.5263157894736842,1.0,100000000000000.0,407.5362522640077,0.12773674918715994,598.9409527751782,13759131.34827611,21.05333402149938,11.080702116578621
2.1799999999999997,std,0,251134374291.04114,0.0002511343742910411,25,10,0.4,1.0,100000000000000.0,523.5629823705578,0.1274171384234439,599.2512276596281,13655599.876833957,20.853432876754724,8.34137315070189
2.19,std,0,253158445185.81628,0.0002531584451858163,23,10,0.43478260869565216,1.0,100000000000000.0,657.9088737129132,0.12709011631494216,599.5481293108803,13553130.854817575,20.654061056374356,8.98002654624972
2.1999999999999997,std,0,255187841065.15295,0.00025518784106515294,20,10,0.5,1.0,100000000000000.0,561.9505466215744,0.12675586514299808,599.8318333825456,13451710.70117912,20.455263969398207,10.227631984699103
2.21,std,0,257222537140.95642,0.0002572225371409564,20,10,0.5,1.0,100000000000000.0,859.1594870519814,0.12641456655982633,600.1025135223684,13351326.039074074,20.25708558149647,10.128542790748234
2.2199999999999998,std,0,259262508803.13574,0.00025926250880313576,26,10,0.38461538461538464,1.0,100000000000000.0,822.4091136143385,0.1260664014800965,600.3603413882305,13251963.692418212,20.059568426728937,7.715218625664976
2.23,std,0,261307731618.09348,0.0002613077316180935,19,10,0.5263157894736842,1.0,100000000000000.0,1048.2830990816392,0.1257115499765309,600.605486664658,13153610.682476113,19.862753620293862,10.454080852786243
2.2399999999999998,std,0,263358181327.22037,0.0002633581813272204,31,10,0.3225806451612903,1.0,100000000000000.0,443.7898316589607,0.12535019117952442,600.8381170795229,13056254.22453316,19.666680872282807,6.344090603962195
2.25,std,0,265413833845.4041,0.0002654138338454041,21,10,0.47619047619047616,1.0,100000000000000.0,1295.8722143315492,0.12498250318078254,601.0583984214999,12959881.724614153,19.47138850235141,9.27208976302448
2.26,std,0,267474665259.54593,0.00026747466525954593,19,10,0.5263157894736842,1.0,100000000000000.0,511.6896998685829,0.12460866294096873,601.2664945556241,12864480.776277887,19.276913455213105,10.14574392379637
2.27,std,0,269540651827.09128,0.0002695406518270913,33,10,0.30303030303030304,1.0,100000000000000.0,254.08400423903382,0.12422884620134438,601.4625674423514,12770039.157449897,19.083291317023967,5.782815550613323
2.28,std,0,271611769974.56714,0.0002716117699745671,26,10,0.38461538461538464,1.0,100000000000000.0,252.06258090413726,0.12384322739937846,601.6467771526111,12676544.827336488,18.890556332430187,7.265598589396226
2.29,std,0,273687996296.13382,0.0002736879962961338,18,10,0.5555555555555556,1.0,100000000000000.0,387.060879308539,0.12345197958829715,601.8192818862875,12583985.923375618,18.69874142240265,10.388189679112585
2.3,std,0,275769307552.1451,0.0002757693075521451,17,10,0.5882352941176471,1.0,100000000000000.0,532.7596363835545,0.12305527436053831,601.9802379883266,12492350.758259717,18.507878202676817,10.886987178045187
2.31,std,0,277855680667.7204,0.0002778556806677204,15,10,0.6666666666666666,1.0,100000000000000.0,689.028148011829,0.12265328177506969,602.1297999682108,12401627.816991834,18.317997002873167,12.211998001915443
2.32,std,0,279947092731.329,0.00027994709273132897,24,10,0.4166666666666667,1.0,100000000000000.0,274.8474044662469,0.12224617028852493,602.2681205139,12311805.754026573,18.129126886052916,7.553802869188715
2.3299999999999996,std,0,282043520993.3822,0.0002820435209933822,21,10,0.47619047619047616,1.0,100000000000000.0,473.5348656497237,0.12183410669010708,602.3953505118852,12222873.3904306,17.941295668926326,8.543474128060154
2.34,std,0,284144942864.83856,0.00028414494286483857,13,10,0.7692307692307693,1.0,100000000000000.0,495.8291025098655,0.12141725604020252,602.5116390636506,12134819.711121293,17.75452994245633,13.657330724966409
2.3499999999999996,std,0,286251335915.8212,0.0002862513359158212,26,10,0.38461538461538464,1.0,100000000000000.0,674.340410965384,0.12099578161264772,602.6171335020192,12047633.862132035,17.56885509284805,6.757251958787712
2.36,std,0,288362677874.24347,0.00028836267787424346,22,10,0.45454545454545453,1.0,100000000000000.0,598.0163824925507,0.12056984484058411,602.7119794102707,11961305.147949908,17.384295323032955,7.901952419560434
2.3699999999999997,std,0,290478946624.4473,0.00029047894662444733,27,10,0.37037037037037035,1.0,100000000000000.0,670.0786261759546,0.12013960526583477,602.796320637507,11875823.028886234,17.200873674356775,6.370693953465472
2.38,std,0,292600120205.85297,0.000292600120205853,16,10,0.625,1.0,100000000000000.0,357.60402583862367,0.11970522049173256,602.8702993176817,11791177.118503083,17.01861204868306,10.636632530426912
2.3899999999999997,std,0,294726176811.6179,0.0002947261768116179,26,10,0.38461538461538464,1.0,100000000000000.0,659.1595827785889,0.1192668461393275,602.9340558854994,11707357.181081956,16.837531230656612,6.475973550252544
2.4,std,0,296857094787.3092,0.0002968570947873092,28,10,0.35714285714285715,1.0,100000000000000.0,717.7180175639456,0.11882463580689664,602.9877290940809,11624353.129135568,16.65765091023301,5.949161039368932
2.4099999999999997,std,0,298992852629.585,0.00029899285262958503,15,10,0.6666666666666666,1.0,100000000000000.0,690.4723420016055,0.11837874103268001,603.0314560325236,11542155.020976886,16.47898970540448,10.985993136936319
2.42,std,0,301133428984.8881,0.0003011334289848881,24,10,0.4166666666666667,1.0,100000000000000.0,739.7702690308084,0.11792931126076286,603.0653721419347,11460753.05831884,16.30156518501111,6.792318827087963
2.4299999999999997,std,0,303278802648.15076,0.0003032788026481508,16,10,0.625,1.0,100000000000000.0,731.1785068338061,0.1174764938100209,603.0896112339567,11380137.583922423,16.125393891740593,10.078371182337872
2.44,std,0,305428952561.50885,0.00030542895256150884,18,10,0.5555555555555556,1.0,100000000000000.0,371.6058748243452,0.11702043384604897,603.1043055067253,11300299.079290532,15.950491365142437,8.861384091745798
2.4499999999999997,std,0,307583857813.02814,0.00030758385781302813,21,10,0.47619047619047616,1.0,100000000000000.0,731.148220269291,0.11656127435598546,603.1095855616601,11221228.162397789,15.776872164706152,7.512796268907691
2.46,std,0,309743497635.4429,0.00030974349763544286,17,10,0.5882352941176471,1.0,100000000000000.0,394.97709748970385,0.11609915612615085,603.1055804209801,11142915.58546343,15.60454989298065,9.17914699587097
2.4699999999999998,std,0,311907851404.9017,0.00031190785140490165,18,10,0.5555555555555556,1.0,100000000000000.0,500.8007864472144,0.11563421772241134,603.092417543975,11065352.232765501,15.433537218652296,8.574187343695721
2.48,std,0,314076898639.72864,0.00031407689863972865,27,10,0.37037037037037035,1.0,100000000000000.0,789.4119748028479,0.11516659547318477,603.0702228445502,10988529.118494129,15.263845899618929,5.653276259118122
2.4899999999999998,std,0,316250618999.1908,0.0003162506189991908,25,10,0.4,1.0,100000000000000.0,213.55608556872525,0.11469642345499854,603.0391207062228,10912437.38464076,15.095486805931738,6.038194722372696
2.5,std,0,318428992282.2805,0.00031842899228228053,14,10,0.7142857142857143,1.0,100000000000000.0,428.29588443443726,0.11422383348051643,602.9992340002453,10837068.298925612,14.928469942730487,10.663192816236062
2.51,std,0,320611998426.5065,0.00032061199842650645,29,10,0.3448275862068966,1.0,100000000000000.0,505.0541942064421,0.11374895508894493,602.9506841013275,10762413.25276639,14.762804473011947,5.090622232073086
2.52,std,0,322799617506.6938,0.0003227996175066938,24,10,0.4166666666666667,1.0,100000000000000.0,840.8573076541464,0.11327191553873434,602.8935909039963,10688463.759278566,14.598498740275375,6.082707808448073
2.53,std,0,324991829733.79987,0.00032499182973379985,18,10,0.5555555555555556,1.0,100000000000000.0,692.0253087851463,0.112792839802488,602.8280728387912,10615211.451314276,14.435560291014228,8.019755717230128
2.54,std,0,327188615453.7336,0.00032718861545373356,13,10,0.7692307692307693,1.0,100000000000000.0,343.56266859538124,0.11231185056399447,602.7542468886099,10542648.079530537,14.273995897030451,10.979996843869579
2.55,std,0,329389955146.1931,0.0003293899551461931,21,10,0.47619047619047616,1.0,100000000000000.0,631.7646724199867,0.11182906821729809,602.6722286047116,10470765.510502744,14.113811577563625,6.720862655982678
2.56,std,0,331595829423.5074,0.0003315958294235074,22,10,0.45454545454545453,1.0,100000000000000.0,773.6044622190203,0.1113446108677235,602.5821321224375,10399555.724859066,13.955012621187308,6.34318755508514
2.57,std,0,333806219029.4914,0.0003338062190294914,33,10,0.30303030303030304,1.0,100000000000000.0,1011.2160167160321,0.11085859433477233,602.4840701768753,10329010.815461004,13.797603607497306,4.181092002271911
2.5799999999999996,std,0,336021104838.3123,0.00033602110483831233,18,10,0.5555555555555556,1.0,100000000000000.0,290.91268152881895,0.11037113215680884,602.3781541193207,10259122.985599501,13.641588428555613,7.578660238086452
2.59,std,0,338240467853.3643,0.0003382404678533643,22,10,0.45454545454545453,1.0,100000000000000.0,691.6708293641913,0.10988233559745512,602.2644939324805,10189884.547240347,13.486970310074902,6.1304410500340465
2.5999999999999996,std,0,340464289206.15326,0.00034046428920615323,17,10,0.5882352941176471,1.0,100000000000000.0,363.1290317869048,0.109392313653616,602.1431982453938,10121287.9192909,13.333751832317612,7.843383430775066
2.61,std,0,342692550155.1943,0.00034269255015519426,22,10,0.45454545454545453,1.0,100000000000000.0,735.7768270726301,0.108901173065055,602.0143743489754,10053325.625898778,13.181934950733032,5.99178861396956
2.6199999999999997,std,0,344925232084.91583,0.00034492523208491584,28,10,0.35714285714285715,1.0,100000000000000.0,693.7159100680817,0.1084090183254463,601.8781282128646,9985990.294780755,13.031521016333723,4.654114648690616
2.63,std,0,347162316504.5786,0.0003471623165045786,23,10,0.43478260869565216,1.0,100000000000000.0,651.2124459637323,0.10791595169482557,601.7345644974539,9919274.6555814,12.882510795667782,5.60109165029034
2.6399999999999997,std,0,349403785047.19836,0.00034940378504719834,20,10,0.5,1.0,100000000000000.0,464.26752435786636,0.10742207321336858,601.5837865721768,9853171.53826193,12.73490449062224,6.36745224531112
2.65,std,0,351649619468.48444,0.0003516496194684844,17,10,0.5882352941176471,1.0,100000000000000.0,321.2690374871686,0.10692748071642302,601.425896528085,9787673.871516135,12.588701757784502,7.405118681049707
2.6599999999999997,std,0,353899801645.7851,0.0003538998016457851,17,10,0.5882352941176471,1.0,100000000000000.0,332.69813921145067,0.10643226985072582,601.2609951930357,9722774.681209411,12.443901727532344,7.319942192666085
2.67,std,0,356154313577.0424,0.00035615431357704244,28,10,0.35714285714285715,1.0,100000000000000.0,242.79278610689485,0.10593653409173551,601.0891821475626,9658467.088857314,12.300503022823568,4.39303679386556
2.6799999999999997,std,0,358413137379.7581,0.0003584131373797581,20,10,0.5,1.0,100000000000000.0,429.5122111951745,0.10544036476201399,600.9105557377194,9594744.310116976,12.158503777569997,6.079251888784999
2.69,std,0,360676255289.9705,0.0003606762552899705,19,10,0.5263157894736842,1.0,100000000000000.0,416.4709852627614,0.1049438510505919,600.7252130904011,9531599.653310519,12.017901654731078,6.325211397226883
2.6999999999999997,std,0,362943649661.2355,0.00036294364966123546,16,10,0.625,1.0,100000000000000.0,369.70087488039036,0.10444708003325524,600.533250127702,9469026.51798176,11.878693864052892,7.424183665033057
2.71,std,0,365215302963.62604,0.00036521530296362603,21,10,0.47619047619047616,1.0,100000000000000.0,902.6942793665819,0.10395013669369071,600.3347615798775,9407018.393461363,11.740877179411195,5.590893894957712
2.7199999999999998,std,0,367491197782.7305,0.0003674911977827305,30,10,0.3333333333333333,1.0,100000000000000.0,254.5111091843001,0.10345310394543139,600.1298410010668,9345568.857473286,11.604447955880442,3.8681493186268137
2.73,std,0,369771316818.66895,0.0003697713168186689,21,10,0.47619047619047616,1.0,100000000000000.0,429.1115656406607,0.10295606265454338,599.9185807813948,9284671.574754989,11.469402146365814,5.461620069698006
2.7399999999999998,std,0,372055642885.11615,0.00037205564288511617,25,10,0.4,1.0,100000000000000.0,706.418965293086,0.10245909166299956,599.7010721622348,9224320.295706078,11.33573531794963,4.5342941271798525
2.75,std,0,374344158908.3309,0.00037434415890833086,28,10,0.35714285714285715,1.0,100000000000000.0,509.28146445135644,0.10196226781268383,599.4774052486372,9164508.855059594,11.203442667827158,4.0012295242239855
2.76,std,0,376636847926.198,0.000376636847926198,36,10,0.2777777777777778,1.0,100000000000000.0,106.46742563438197,0.10146566596997589,599.2476690234341,9105231.170576822,11.072519038920706,3.0756997330335296
2.77,std,0,378933693087.27954,0.00037893369308727954,24,10,0.4166666666666667,1.0,100000000000000.0,262.0563039408099,0.10096935905086413,599.0119513603811,9046481.241760328,10.942958935115083,4.5595662229646186
2.78,std,0,381234677649.8717,0.0003812346776498717,31,10,0.3225806451612903,1.0,100000000000000.0,798.7946874153947,0.1004734180465394,598.770339037016,8988253.148596747,10.814756536143255,3.4886311406913726
2.79,std,0,383539784981.0737,0.00038353978498107376,23,10,0.43478260869565216,1.0,100000000000000.0,404.2211760680865,0.09997791204942123,598.5229177489119,8930541.050315544,10.687905712136844,4.646915527016019
2.8,std,0,385848998555.8647,0.0003858489985558647,27,10,0.37037037037037035,1.0,100000000000000.0,270.82490796339096,0.09948290827957305,598.2697721207276,8873339.184167327,10.562400037764826,3.9120000139869724
2.81,std,0,388162301956.18976,0.00038816230195618976,31,10,0.3225806451612903,1.0,100000000000000.0,266.7337637109084,0.09898847211146117,598.0109857209941,8816641.86423281,10.438232806101158,3.3671718729358573
2.82,std,0,390479678870.0527,0.0003904796788700527,19,10,0.5263157894736842,1.0,100000000000000.0,385.34216781468353,0.09849466710101733,597.7466410737285,8760443.480241075,10.315397042073991,5.429156337933679
2.8299999999999996,std,0,392801113090.62134,0.00039280111309062136,21,10,0.47619047619047616,1.0,100000000000000.0,289.19584894428357,0.09800155501296365,597.4768196703138,8704738.496411402,10.193885515579419,4.854231197894961
2.84,std,0,395126588515.3364,0.00039512658851533644,29,10,0.3448275862068966,1.0,100000000000000.0,289.8725981136983,0.09750919584836228,597.201601983931,8649521.450322606,10.073690754305597,3.4736864670019303
2.8499999999999996,std,0,397456089145.0343,0.0003974560891450343,24,10,0.4166666666666667,1.0,100000000000000.0,502.7309008060903,0.097017647872353,596.92106747997,8594786.951786837,9.954805056130532,4.147835440054388
2.86,std,0,399789599083.07336,0.00039978959908307335,18,10,0.5555555555555556,1.0,100000000000000.0,372.20767489871633,0.09652696764204288,596.6352946290673,8540529.681758447,9.837220501248078,5.465122500693377
2.8699999999999997,std,0,402127102534.4715,0.0004021271025344715,16,10,0.625,1.0,100000000000000.0,422.1841637610995,0.09603721003451575,596.3443609190011,8486744.391249523,9.720928963928,6.075580602455
2.88,std,0,404468583805.0529,0.0004044685838050529,20,10,0.5,1.0,100000000000000.0,668.5908092788754,0.0955484282749277,596.0483428665865,8433425.9002663,9.605922123950771,4.8029610619753855
2.8899999999999997,std,0,406814027300.5971,0.0004068140273005971,18,10,0.5555555555555556,1.0,100000000000000.0,253.99471724712288,0.09506067396466021,595.7473160295701,8380569.09677265,9.492191477728529,5.273439709849183
2.9,std,0,409163417526.00635,0.0004091634175260063,20,10,0.5,1.0,100000000000000.0,553.1505894865498,0.09457399710949974,595.4413550179177,8328168.935656688,9.379728349079638,4.689864174539819
2.9099999999999997,std,0,411516739084.46936,0.00041151673908446936,21,10,0.47619047619047616,1.0,100000000000000.0,490.8017806702558,0.0940884461478178,595.1305335056195,8276220.437724468,9.268523899707494,4.413582809384521
2.92,std,0,413873976676.64374,0.00041387397667664373,20,10,0.5,1.0,100000000000000.0,180.21542694753083,0.09360406797872392,594.8149242425121,8224718.688710108,9.158569139367641,4.5792845696838205
2.9299999999999997,std,0,416235115099.8368,0.00041623511509983677,33,10,0.30303030303030304,1.0,100000000000000.0,357.3991737263752,0.09312090799016796,594.4945990645266,8173658.8382961275,9.049854935697303,2.7423802835446374
2.94,std,0,418600139247.2023,0.0004186001392472023,27,10,0.37037037037037035,1.0,100000000000000.0,430.7168049861308,0.09263901008696694,594.1696289055687,8123036.099160874,8.942372023781346,3.3119896384375354
2.9499999999999997,std,0,420969034106.94037,0.00042096903410694035,17,10,0.5882352941176471,1.0,100000000000000.0,864.5220857340757,0.09215841671873516,593.8400838089697,8072845.746031287,8.83611101540309,5.197712362001817
2.96,std,0,423341784761.50574,0.00042334178476150576,25,10,0.4,1.0,100000000000000.0,537.8367516164835,0.09167916890769558,593.5060329370517,8023083.114753859,8.731062407978797,3.492424963191519
2.9699999999999998,std,0,425718376386.8234,0.0004257183763868234,28,10,0.35714285714285715,1.0,100000000000000.0,382.93316542036683,0.0912013062763538,593.1675445835433,7973743.601392691,8.627216593261988,3.081148783307853
2.98,std,0,428098794251.5157,0.0004280987942515157,16,10,0.625,1.0,100000000000000.0,923.7723108070152,0.09072486707501438,592.8246861822846,7924822.661321773,8.524563865689357,5.3278524160558485
2.9899999999999998,std,0,430483023716.1286,0.0004304830237161286,33,10,0.30303030303030304,1.0,100000000000000.0,576.8577519245903,0.09024988820912404,592.4775243202652,7876315.808353685,8.423094430538727,2.5524528577390084
3.0,std,0,432871050232.37573,0.00043287105023237575,26,10,0.38461538461538464,1.0,100000000000000.0,411.5629289907273,0.0897764052664229,592.1261247452769,7828218.613865179,8.322798411719885,3.201076312199956
3.01,std,0,435262859342.3805,0.0004352628593423805,21,10,0.47619047619047616,1.0,100000000000000.0,333.5655367638033,0.08930445254389056,591.7705523791437,7780526.705950752,8.223665859396174,3.9160313616172258
3.02,std,0,437658436677.9309,0.0004376584366779309,18,10,0.5555555555555556,1.0,100000000000000.0,465.57409648762416,0.08883406307447111,591.4108713250197,7733235.768582869,8.12568675725499,4.514270420697216
3.03,std,0,440057767959.74097,0.000440057767959741,16,10,0.625,1.0,100000000000000.0,240.5899261247821,0.08836526865356453,591.0471448797724,7686341.540784624,8.028851029595488,5.01803189349718
3.04,std,0,442460838996.71686,0.00044246083899671687,29,10,0.3448275862068966,1.0,100000000000000.0,556.351585736624,0.08789809986527143,590.6794355423195,7639839.815826388,7.933148548122946,2.735568464869982
3.05,std,0,444867635685.2322,0.0004448676356852322,12,10,0.8333333333333334,1.0,100000000000000.0,327.59208046229327,0.08743258610838046,590.3078050250483,7593726.440420668,7.8385691385274905,6.532140948772909
3.06,std,0,447278144008.4099,0.0004472781440084099,23,10,0.43478260869565216,1.0,100000000000000.0,506.061407844076,0.08696875562208634,589.9323142616032,7547997.313944066,7.745102586791583,3.367435907300688
3.07,std,0,449692350035.41077,0.0004496923500354108,37,10,0.2702702702702703,1.0,100000000000000.0,170.99043780926678,0.08650663551143015,589.553023418721,7502648.387664568,7.652738645312697,2.0683077419764047
3.08,std,0,452110239920.7287,0.0004521102399207287,30,10,0.3333333333333333,1.0,100000000000000.0,213.61978986678082,0.08604625177245216,589.1699919033946,7457675.663981256,7.561467038738137,2.520489012912712
3.09,std,0,454531799903.4934,0.0004545317999034934,26,10,0.38461538461538464,1.0,100000000000000.0,625.2391041768647,0.08558762931704852,588.783278374294,7413075.195680463,7.471277469639643,2.873568257553709
3.0999999999999996,std,0,456957016306.77905,0.00045695701630677903,28,10,0.35714285714285715,1.0,100000000000000.0,490.275358903345,0.08513079199752545,588.3929407495971,7368843.085202581,7.382159623924724,2.6364855799731157
3.11,std,0,459385875536.9201,0.0004593858755369201,30,10,0.3333333333333333,1.0,100000000000000.0,201.6695450944212,0.08467576263084305,587.9990362179054,7324975.48391775,7.294103176074736,2.4313677253582453
3.1199999999999997,std,0,461818364082.83276,0.00046181836408283275,34,10,0.29411764705882354,1.0,100000000000000.0,241.8568697323657,0.08422256302254322,587.6016212442078,7281468.591418872,7.207097794122102,2.11973464533003
3.13,std,0,464254468515.3448,0.0004642544685153448,22,10,0.45454545454545453,1.0,100000000000000.0,257.98618337133314,0.08377121399035611,587.2007515827235,7238318.654820386,7.121133144508732,3.2368787020494234
3.1399999999999997,std,0,466694175486.5299,0.0004666941754865299,24,10,0.4166666666666667,1.0,100000000000000.0,216.20142643945823,0.08332173538748046,586.7964822831615,7195521.968076602,7.036198896676588,2.9317495402819116
3.15,std,0,469137471729.05023,0.00046913747172905025,16,10,0.625,1.0,100000000000000.0,504.48748889472415,0.08287414612553251,586.3888676991157,7153074.871296239,6.952284727482296,4.345177954676435
3.1599999999999997,std,0,471584344055.50305,0.00047158434405550304,32,10,0.3125,1.0,100000000000000.0,326.5720736642749,0.08242846419716175,585.9779614993074,7110973.750088734,6.869380325482324,2.146681351713226
3.17,std,0,474034779357.7756,0.00047403477935777555,19,10,0.5263157894736842,1.0,100000000000000.0,471.4219470836425,0.0819847066983287,585.5638166738732,7069215.034901877,6.7874753949610245,3.572355471032118
3.1799999999999997,std,0,476488764606.405,0.00047648876460640506,23,10,0.43478260869565216,1.0,100000000000000.0,292.3489806339827,0.0815428898502426,585.1464855429389,7027795.200383879,6.706559659826542,2.9158955042724095
3.19,std,0,478946286849.9451,0.0004789462868499451,26,10,0.38461538461538464,1.0,100000000000000.0,250.1073002782805,0.08110302902095701,584.7260197664073,6986710.76474544,6.626622867341608,2.548701102823695
3.1999999999999997,std,0,481407333214.3402,0.00048140733321434023,35,10,0.2857142857142857,1.0,100000000000000.0,541.9411719931792,0.08066513874662186,584.3024703503368,6945958.289138465,6.547654791657339,1.8707585119020969
3.21,std,0,483871890902.30066,0.00048387189090230064,18,10,0.5555555555555556,1.0,100000000000000.0,358.1050664184933,0.08022923275238983,583.8758876566709,6905534.377048772,6.469645237229994,3.5942473540166633
3.2199999999999998,std,0,486339947192.69,0.00048633994719269,29,10,0.3448275862068966,1.0,100000000000000.0,169.9488237141061,0.07979532397297763,583.4463214105944,6865435.673682141,6.392584042040464,2.2043393248415395
3.23,std,0,488811489439.9151,0.000488811489439915,20,10,0.5,1.0,100000000000000.0,419.75766828534626,0.07936342457287976,583.013820707623,6825658.865381889,6.316461080681941,3.1582305403409703
3.2399999999999998,std,0,491286505073.31995,0.0004912865050733199,33,10,0.30303030303030304,1.0,100000000000000.0,308.84118171786184,0.07893354596623703,582.5784340235709,6786200.679036681,6.241266267315483,1.8912928082774192
3.25,std,0,493764981596.59143,0.0004937649815965914,18,10,0.5555555555555556,1.0,100000000000000.0,260.9824460471042,0.07850569883635809,582.1402092196523,6747057.881511198,6.166989558444032,3.426105310246685
3.26,std,0,496246906587.1642,0.0004962469065871642,18,10,0.5555555555555556,1.0,100000000000000.0,489.43613911317726,0.07807989315489611,581.6991935527154,6708227.279078383,6.093620955598247,3.3853449753323597
3.27,std,0,498732267695.63477,0.0004987322676956348,18,10,0.5555555555555556,1.0,100000000000000.0,357.6700091777189,0.0776561382006801,581.2554336804635,6669705.71686476,6.021150507839778,3.3450836154665433
3.28,std,0,501221052645.1815,0.0005012210526451816,21,10,0.47619047619047616,1.0,100000000000000.0,277.22860180023685,0.07723444257820353,580.8089756711252,6631490.078299773,5.94956831417901,2.8331277686566714
3.29,std,0,503713249230.98834,0.0005037132492309883,32,10,0.3125,1.0,100000000000000.0,111.34882412961477,0.07681481423577075,580.3598650087638,6593577.284582875,5.878864525830962,1.8371451643221757
3.3,std,0,506208845319.6723,0.0005062088453196723,34,10,0.29411764705882354,1.0,100000000000000.0,386.8916464889073,0.07639726048330328,579.9081466021474,6555964.294144623,5.809029348374854,1.708538043639663
3.31,std,0,508707828848.7264,0.0005087078288487264,26,10,0.38461538461538464,1.0,100000000000000.0,178.1310511669431,0.0759817880098082,579.4538647906219,6518648.1021335395,5.740053043782085,2.207712709146956
3.32,std,0,511210187825.9497,0.0005112101878259497,35,10,0.2857142857142857,1.0,100000000000000.0,310.82260564695633,0.07556840290051019,578.9970633533065,6481625.739898744,5.671925932353779,1.620550266386794
3.33,std,0,513715910328.9033,0.0005137159103289033,19,10,0.5263157894736842,1.0,100000000000000.0,438.1707975100627,0.07515711065365033,578.5377855127726,6444894.2744803615,5.60463839449449,2.9498096813128893
3.34,std,0,516224984504.3554,0.0005162249845043554,28,10,0.35714285714285715,1.0,100000000000000.0,319.73799259437806,0.07474791619695409,578.0760739453957,6408450.8081216905,5.538180872458805,1.9779217401638591
3.3499999999999996,std,0,518737398567.7406,0.0005187373985677406,30,10,0.3333333333333333,1.0,100000000000000.0,259.46686101446966,0.0743408239037712,577.6119707861021,6372292.477769603,5.472543871923813,1.8241812906412709
3.36,std,0,521253140802.62103,0.000521253140802621,23,10,0.43478260869565216,1.0,100000000000000.0,350.08859936894277,0.07393583760889016,577.1455176356955,6336416.454597149,5.407717963501544,2.351181723261541
3.3699999999999997,std,0,523772199560.15234,0.0005237721995601523,19,10,0.5263157894736842,1.0,100000000000000.0,446.79596160572174,0.07353296062403111,576.676755568095,6300819.9435306,5.343693784152634,2.812470412711913
3.38,std,0,526294563258.5585,0.0005262945632585585,24,10,0.4166666666666667,1.0,100000000000000.0,514.783477406567,0.07313219575301971,576.2057251354967,6265500.18277916,5.280462038485023,2.2001925160354263
3.3899999999999997,std,0,528820220382.60333,0.0005288202203826034,28,10,0.35714285714285715,1.0,100000000000000.0,323.0116267422852,0.07273354530664589,575.732466376442,6230454.443376221,5.218013499995231,1.8635762499982969
3.4,std,0,531349159483.0776,0.0005313491594830775,27,10,0.37037037037037035,1.0,100000000000000.0,520.2190794714307,0.07233701111721073,575.2570188217206,6195680.028727723,5.156339012204052,1.9097551897052043
3.4099999999999997,std,0,533881369176.28265,0.0005338813691762827,29,10,0.3448275862068966,1.0,100000000000000.0,172.27024636428996,0.07194259455276497,574.7794214997105,6161174.274165404,5.095429489703628,1.757044651621941
3.42,std,0,536416838143.52386,0.0005364168381435238,32,10,0.3125,1.0,100000000000000.0,502.3958296797564,0.07155029653104333,574.2997129446532,6126934.5465087,5.0352759191532614,1.5735237247353941
3.4299999999999997,std,0,538955555130.60406,0.0005389555551306041,28,10,0.35714285714285715,1.0,100000000000000.0,379.983562462528,0.07116011753309788,573.8179312010446,6092958.2436328735,4.975869360163607,1.777096200058431
3.44,std,0,541497508947.3282,0.0005414975089473282,23,10,0.43478260869565216,1.0,100000000000000.0,209.4005470613099,0.07077205761663512,573.3341138301611,6059242.794044905,4.91720094612778,2.137913454838165
3.4499999999999997,std,0,544042688467.00555,0.0005440426884670055,22,10,0.45454545454545453,1.0,100000000000000.0,560.7237274205188,0.07038611642905952,572.8482979169409,6025785.656462501,4.8592618849817315,2.208755402264423
3.46,std,0,546591082625.96454,0.0005465910826259646,30,10,0.3333333333333333,1.0,100000000000000.0,415.6315631831205,0.07000229322022894,572.3605200746416,5992584.319403749,4.802043459881005,1.6006811532936682
3.4699999999999998,std,0,549142680423.0609,0.000549142680423061,23,10,0.43478260869565216,1.0,100000000000000.0,370.01516678303807,0.06962058685492503,571.8708164529681,5959636.300782556,4.745537029841143,2.063276969496149
3.48,std,0,551697470919.205,0.000551697470919205,25,10,0.4,1.0,100000000000000.0,344.6749381303107,0.06924099582504298,571.3792227401786,5926939.147505195,4.689734030260516,1.8758936121042067
3.4899999999999998,std,0,554255443236.8804,0.0005542554432368804,23,10,0.43478260869565216,1.0,100000000000000.0,246.29418494445136,0.06886351826150523,570.8857741724582,5894490.435082389,4.634625973451332,2.0150547710657962
3.5,std,0,556816586559.674,0.000556816586559674,23,10,0.43478260869565216,1.0,100000000000000.0,202.6135949147635,0.06848815194590231,570.3905055376565,5862287.767236518,4.580204449056715,1.9913932387203106
3.51,std,0,559380890131.8086,0.0005593808901318086,29,10,0.3448275862068966,1.0,100000000000000.0,368.8662932098383,0.06811489432186627,569.8934511814875,5830328.775524363,4.526461124440389,1.5608486636001342
3.52,std,0,561948343257.6819,0.0005619483432576819,18,10,0.5555555555555556,1.0,100000000000000.0,133.69204368099983,0.06774374250617998,569.3946450127207,5798611.1189587405,4.473387745009188,2.4852154138939935
3.53,std,0,564518935301.405,0.0005645189353014051,23,10,0.43478260869565216,1.0,100000000000000.0,601.5731519820866,0.0673746932996273,568.8941205089652,5767132.483642135,4.420976134494034,1.9221635367365366
3.54,std,0,567092655686.3512,0.0005670926556863512,24,10,0.4166666666666667,1.0,100000000000000.0,274.6528970994867,0.06700774319758737,568.3919107223653,5735890.582397208,4.369218195174148,1.8205075813225617
3.55,std,0,569669493894.7037,0.0005696694938947038,35,10,0.2857142857142857,1.0,100000000000000.0,369.14922870118886,0.06664288840037871,567.8880482829825,5704883.154414197,4.31810590804525,1.2337445451557856
3.56,std,0,572249439467.0098,0.0005722494394670098,26,10,0.38461538461538464,1.0,100000000000000.0,223.63271467236774,0.06628012482335588,567.382565407397,5674107.964892094,4.267631332973922,1.6413966665284316
3.57,std,0,574832482001.7426,0.0005748324820017425,30,10,0.3333333333333333,1.0,100000000000000.0,206.71643091686528,0.06591944810676449,566.8754939006965,5643562.804696245,4.217786608766461,1.4059288695888201
3.58,std,0,577418611154.858,0.0005774186111548581,19,10,0.5263157894736842,1.0,100000000000000.0,179.66124944567935,0.06556085362535716,566.3668651634754,5613245.49001041,4.168563953226675,2.1939810280140395
3.59,std,0,580007816639.3671,0.000580007816639367,22,10,0.45454545454545453,1.0,100000000000000.0,490.67998039322504,0.0652043364977763,565.8567101964337,5583153.862002588,4.119955663162393,1.8727071196192693
3.5999999999999996,std,0,582600088224.902,0.000582600088224902,18,10,0.5555555555555556,1.0,100000000000000.0,320.5431108475611,0.06484989159570673,565.3450596050634,5553285.786493722,4.071954114353355,2.2621967301963086
3.61,std,0,585195415737.2922,0.0005851954157372922,29,10,0.3448275862068966,1.0,100000000000000.0,226.1468328815542,0.06449751355280299,564.8319436044837,5523639.15362708,4.024551761481184,1.3877764694762704
3.6199999999999997,std,0,587793789058.143,0.0005877937890581429,35,10,0.2857142857142857,1.0,100000000000000.0,421.9759947389568,0.06414719677339552,564.3173920254925,5494211.877547617,3.9777411380373433,1.1364974680106694
3.63,std,0,590395198124.4178,0.0005903951981244179,22,10,0.45454545454545453,1.0,100000000000000.0,447.80208312000406,0.06379893544097907,563.8014343174433,5465001.896084231,3.931514856174203,1.7870522073519104
3.6399999999999997,std,0,592999632928.0234,0.0005929996329280234,34,10,0.29411764705882354,1.0,100000000000000.0,497.70019753494154,0.06345272352648877,563.2840995547721,5436007.170438018,3.8858656065518415,1.1429016489858357
3.65,std,0,595607083515.4017,0.0005956070835154017,23,10,0.43478260869565216,1.0,100000000000000.0,82.8578738962851,0.0631085547963669,562.7654164404671,5407225.684871397,3.8407861581307166,1.6699070252742245
3.6599999999999997,std,0,598217539987.1198,0.0005982175399871198,22,10,0.45454545454545453,1.0,100000000000000.0,445.7880493445946,0.06276642282042497,562.2454133116757,5378655.446409031,3.796269357956157,1.7255769808891621
3.67,std,0,600830992497.4723,0.0006008309924974723,14,10,0.7142857142857143,1.0,100000000000000.0,456.9677657980581,0.062426320979504686,561.7241181436495,5350294.484533614,3.752308130897516,2.680220093498226
3.6799999999999997,std,0,603447431254.0793,0.0006034474312540793,27,10,0.37037037037037035,1.0,100000000000000.0,160.82473268053815,0.06208824247294238,561.2015585532152,5322140.850894996,3.708895479365256,1.3736649923575022
3.69,std,0,606066846517.4897,0.0006060668465174897,20,10,0.5,1.0,100000000000000.0,386.87048217875656,0.06175218032584041,560.677761806546,5294192.619019311,3.6660244830291866,1.8330122415145933
3.6999999999999997,std,0,608689228600.7948,0.0006086892286007948,25,10,0.4,1.0,100000000000000.0,511.54241324971764,0.061418127396149415,560.1527548193101,5266447.884021641,3.623688298462475,1.44947531938499
3.71,std,0,611314567869.2343,0.0006113145678692342,25,10,0.4,1.0,100000000000000.0,205.49432934350048,0.06108607638156587,559.626564164354,5238904.762326913,3.5818801588166402,1.4327520635266562
3.7199999999999998,std,0,613942854739.8163,0.0006139428547398163,30,10,0.3333333333333333,1.0,100000000000000.0,315.66402057408106,0.06075601982624775,559.0992160741642,5211561.39139034,3.5405933734382473,1.1801977911460824
3.73,std,0,616574079680.9324,0.0006165740796809324,32,10,0.3125,1.0,100000000000000.0,255.6740037930203,0.06042795012735299,558.5707364454651,5184415.929424091,3.499821327481728,1.0936941648380398
3.7399999999999998,std,0,619208233211.9844,0.0006192082332119843,23,10,0.43478260869565216,1.0,100000000000000.0,255.7507713783908,0.060101859541404255,558.0411508443502,5157466.555130386,3.459557481508562,1.504155426742853
3.75,std,0,621845305903.0059,0.0006218453059030058,22,10,0.45454545454545453,1.0,100000000000000.0,294.9185161762624,0.05977774019048319,557.5104845087753,5130711.467432381,3.419795371048331,1.554452441385605
3.76,std,0,624485288374.295,0.0006244852883742951,29,10,0.3448275862068966,1.0,100000000000000.0,309.34083974027106,0.059455584068258405,556.9787623537483,5104148.885215932,3.3805286061651487,1.1656995193672928
3.77,std,0,627128171296.0443,0.0006271281712960443,17,10,0.5882352941176471,1.0,100000000000000.0,405.6845066424093,0.05913538304585055,556.4460089751858,5077777.047071797,3.341750870997961,1.9657358064693888
3.78,std,0,629773945387.9786,0.0006297739453879787,40,10,0.25,1.0,100000000000000.0,373.20369792849294,0.05881712887753789,555.9122486539183,5051594.211037625,3.3034559232847225,0.8258639808211806
3.79,std,0,632422601418.9938,0.0006324226014189938,22,10,0.45454545454545453,1.0,100000000000000.0,197.6683561672821,0.05850081320630583,555.3775053591894,5025598.654353037,3.2656375938762485,1.4843807244892038
3.8,std,0,635074130206.7965,0.0006350741302067965,18,10,0.5555555555555556,1.0,100000000000000.0,239.46932952639153,0.058186427569244414,554.8418027527208,4999788.673212268,3.228289786236807,1.793494325687115
3.81,std,0,637728522617.5557,0.0006377285226175556,27,10,0.37037037037037035,1.0,100000000000000.0,479.6065257249252,0.05787396340279591,554.3051641921527,4974162.582516595,3.1914064759267284,1.1820023984913808
3.82,std,0,640385769565.5455,0.0006403857695655456,18,10,0.5555555555555556,1.0,100000000000000.0,333.18755340398553,0.0575634120478575,553.7676127371246,4948718.7156405095,3.1549817100958606,1.7527676167199226
3.83,std,0,643045862012.801,0.0006430458620128011,26,10,0.38461538461538464,1.0,100000000000000.0,151.60360661681938,0.057254764754740534,553.2291711482973,4923455.424194368,3.119009606921503,1.1996190795851935
3.84,std,0,645708790968.7716,0.0006457087909687716,25,10,0.4,1.0,100000000000000.0,421.71909399247915,0.056948012687991136,552.6898618966662,4898371.077789676,3.083484355095528,1.2333937420382113
3.8499999999999996,std,0,648374547489.9799,0.0006483745474899798,26,10,0.38461538461538464,1.0,100000000000000.0,399.43912547951624,0.056643146931074334,552.1497071619307,4873464.063811505,3.048400213242659,1.1724616204779459
3.86,std,0,651043122679.6824,0.0006510431226796824,23,10,0.43478260869565216,1.0,100000000000000.0,244.74125102452822,0.056340158490925135,551.6087288402949,4848732.787193777,3.013751509383732,1.3103267432103183
3.8699999999999997,std,0,653714507687.5354,0.0006537145076875354,14,10,0.7142857142857143,1.0,100000000000000.0,396.9901321599813,0.05603903830236975,551.0669485451803,4824175.670194775,2.979532640349812,2.1282376002498657
3.88,std,0,656388693709.2603,0.0006563886937092602,33,10,0.30303030303030304,1.0,100000000000000.0,105.73157464996643,0.05573977723241955,550.524387612891,4799791.152178878,2.9457380712188757,0.8926479003693563
3.8899999999999997,std,0,659065671986.3147,0.0006590656719863147,19,10,0.5263157894736842,1.0,100000000000000.0,271.60486950420204,0.05544236608444147,549.9810671035041,4775577.689400512,2.9123623347196905,1.532822281431416
3.9,std,0,661745433805.5662,0.0006617454338055662,24,10,0.4166666666666667,1.0,100000000000000.0,353.6994853837192,0.0551467956022065,549.4370078061489,4751533.754790982,2.8794000306537706,1.1997500127724046
3.9099999999999997,std,0,664427970498.9664,0.0006644279704989664,28,10,0.35714285714285715,1.0,100000000000000.0,420.59902618452696,0.0548530564738208,548.8922302432206,4727657.837746424,2.846845825304997,1.0167306518946417
3.92,std,0,667113273443.2333,0.0006671132734432333,31,10,0.3225806451612903,1.0,100000000000000.0,198.6799590926442,0.054561139335540465,548.3467546700227,4703948.4439248545,2.8146944508246623,0.9079659518789233
3.9299999999999997,std,0,669801334059.5295,0.0006698013340595295,21,10,0.47619047619047616,1.0,100000000000000.0,462.20748930271577,0.054271034775474035,547.8006010825403,4680404.095037893,2.7829407046499854,1.3252098593571358
3.94,std,0,672492143813.15,0.00067249214381315,27,10,0.37037037037037035,1.0,100000000000000.0,253.16969791679065,0.05398273333717482,547.2537892175872,4657023.328652699,2.7515794488837706,1.0191034995865818
3.9499999999999997,std,0,675185694213.2079,0.0006751856942132079,28,10,0.35714285714285715,1.0,100000000000000.0,508.72979014653293,0.053696225523125696,546.7063385571673,4633804.697992794,2.7206056096905633,0.9716448606037726
3.96,std,0,677881976812.3235,0.0006778819768123235,27,10,0.37037037037037035,1.0,100000000000000.0,270.81593483467174,0.05341150179811911,546.1582683307881,4610746.771740449,2.6900141766790617,0.996301546918171
3.9699999999999998,std,0,680580983206.3198,0.0006805809832063198,20,10,0.5,1.0,100000000000000.0,542.7906389160081,0.05312855259253501,545.6095975201772,4587848.13384705,2.659800202297447,1.3299001011487235
3.98,std,0,683282705033.9164,0.0006832827050339163,24,10,0.4166666666666667,1.0,100000000000000.0,127.34076089956366,0.05284736830551836,545.0603448612399,4565107.3833417045,2.6299588012104818,1.095816167171034
3.9899999999999998,std,0,685987133976.4274,0.0006859871339764274,30,10,0.3333333333333333,1.0,100000000000000.0,221.64057180025912,0.05256793930805998,544.5105288461061,4542523.13414405,2.600485149676991,0.8668283832256637
4.0,std,0,688694261757.4648,0.0006886942617574649,45,10,0.2222222222222222,1.0,100000000000000.0,88.11836383721985,0.05229025594598198,543.9601677285593,4520094.014880405,2.57137448494302,0.57141655220956
4.01,std,0,691404080142.6383,0.0006914040801426384,19,10,0.5263157894736842,1.0,100000000000000.0,310.13234271402087,0.052014308542830644,543.4092795256076,4497818.66870036,2.542622104614414,1.3382221603233757
4.02,std,0,694116580939.265,0.0006941165809392651,46,10,0.21739130434782608,1.0,100000000000000.0,392.604992870598,0.051740087402679,542.8578820187606,4475695.7530969195,2.5142233660287707,0.5465702969627763
4.03,std,0,696831755996.076,0.000696831755996076,37,10,0.2702702702702703,1.0,100000000000000.0,184.61957529869596,0.05146758281284127,542.3059927612067,4453723.939732424,2.4861736856568135,0.6719388339613009
4.04,std,0,699549597202.9274,0.0006995495972029273,25,10,0.4,1.0,100000000000000.0,529.9975519681458,0.05119678504650158,541.7536290760637,4431901.9142613495,2.4584685384592784,0.9833874153837114
4.05,std,0,702270096490.5175,0.0007022700964905175,35,10,0.2857142857142857,1.0,100000000000000.0,180.98145527274417,0.05092768436525858,541.2008080621929,4410228.376158676,2.431103457281514,0.6946009877947182
4.06,std,0,704993245830.0968,0.0007049932458300968,25,10,0.4,1.0,100000000000000.0,172.6878244406658,0.05066027102158882,540.6475465953557,4388702.038552683,2.4040740322286394,0.9616296128914558
4.07,std,0,707719037233.193,0.000707719037233193,23,10,0.43478260869565216,1.0,100000000000000.0,482.07975656743963,0.05039453526123035,540.0938613325742,4367321.6280537555,2.3773759100529706,1.0336417000230307
4.08,std,0,710447462751.3269,0.0007104474627513269,18,10,0.5555555555555556,1.0,100000000000000.0,400.9028175033403,0.05013046732548883,539.5397687128429,4346085.884590511,2.3510047935293996,1.3061137741829998
4.09,std,0,713178514475.7423,0.0007131785144757424,29,10,0.3448275862068966,1.0,100000000000000.0,473.2381785109102,0.049868057453468215,538.9852849610155,4324993.5612532655,2.3249564408494505,0.8017091175342933
4.1,std,0,715912184537.1237,0.0007159121845371236,22,10,0.45454545454545453,1.0,100000000000000.0,181.13799746313788,0.04960729588422757,538.4304260901471,4304043.424121051,2.299226665000268,1.0451030295455763
4.109999999999999,std,0,718648465105.3333,0.0007186484651053333,31,10,0.3225806451612903,1.0,100000000000000.0,417.4501693388535,0.04934817285886632,537.875207905203,4283234.252119073,2.2738113331669045,0.7334875268280338
4.12,std,0,721387348389.134,0.000721387348389134,31,10,0.3225806451612903,1.0,100000000000000.0,174.7597266037072,0.04909067862253967,537.3196460033552,4262564.836847282,2.2487063661057514,0.7253891503566939
4.13,std,0,724128826635.9268,0.0007241288266359268,29,10,0.3448275862068966,1.0,100000000000000.0,608.9345088971246,0.04883480342640599,536.76375577769,4242033.982438276,2.2239077375498506,0.7668647370861554
4.14,std,0,726872892131.4866,0.0007268728921314866,31,10,0.3225806451612903,1.0,100000000000000.0,281.90069816987267,0.04858053752950762,536.2075524210944,4221640.505400525,2.1994114736084365,0.7094875721317537
4.1499999999999995,std,0,729619537199.6958,0.0007296195371996958,21,10,0.47619047619047616,1.0,100000000000000.0,265.12061469562053,0.04832787120058748,535.6510509262558,4201383.234468503,2.1752136521559375,1.0358160248361608
4.16,std,0,732368754202.2883,0.0007323687542022884,30,10,0.3333333333333333,1.0,100000000000000.0,310.0749627055008,0.04807679471984265,535.0942660895183,4181261.010457904,2.1513104022417986,0.7171034674139328
4.17,std,0,735120535538.5887,0.0007351205355385888,38,10,0.2631578947368421,1.0,100000000000000.0,296.25918446116964,0.04782729838061681,534.537212513404,4161272.6861168793,2.1276979034948047,0.5599205009196854
4.18,std,0,737874873645.2573,0.0007378748736452573,27,10,0.37037037037037035,1.0,100000000000000.0,120.01200021858344,0.0475793724910331,533.9799046085416,4141417.125983926,2.104372385530933,0.7793971798262714
4.1899999999999995,std,0,740631760996.0382,0.0007406317609960382,32,10,0.3125,1.0,100000000000000.0,284.1494173385507,0.04733300737556878,533.4223565955347,4121693.2062488887,2.081330127365206,0.6504156648016268
4.2,std,0,743391190101.5048,0.0007433911901015048,23,10,0.43478260869565216,1.0,100000000000000.0,386.4531160090045,0.04708819337657378,532.8645825085807,4102099.814607074,2.058567456829668,0.8950293290563773
4.21,std,0,746153153508.8125,0.0007461531535088125,25,10,0.4,1.0,100000000000000.0,476.0399700623808,0.04684492085573398,532.3065961967175,4082635.850129579,2.036080749993082,0.8144322999972329
4.22,std,0,748917643801.4512,0.0007489176438014512,26,10,0.38461538461538464,1.0,100000000000000.0,157.85520373244407,0.046603180195481396,531.7484113268777,4063300.22312007,2.0138664305838763,0.7745640117630294
4.2299999999999995,std,0,751684653599.001,0.000751684653599001,23,10,0.43478260869565216,1.0,100000000000000.0,312.14836656995396,0.0463629618003518,531.1900413845715,4044091.8549862206,1.9919209694145177,0.8660525953976164
4.24,std,0,754454175556.8862,0.0007544541755568862,24,10,0.4166666666666667,1.0,100000000000000.0,340.9326897279213,0.046124256098292224,530.6314996783366,4025009.6781047075,1.970240883820249,0.8209337015917705
4.25,std,0,757226202366.1384,0.0007572262023661384,20,10,0.5,1.0,100000000000000.0,271.7752192203412,0.04588705354191895,530.0727993403601,4006052.635690871,1.9488227370889621,0.9744113685444811
4.26,std,0,760000726753.1538,0.0007600007267531538,25,10,0.4,1.0,100000000000000.0,427.40059685526137,0.04565134460972769,529.5139533288823,3987219.681670151,1.9276631379022444,0.7710652551608979
4.27,std,0,762777741479.4598,0.0007627777414794598,29,10,0.3448275862068966,1.0,100000000000000.0,356.284218438693,0.04541711980725716,528.9549744305393,3968509.7805564064,1.9067587397830488,0.6575030137182927
4.28,std,0,765557239341.4789,0.0007655572393414789,27,10,0.37037037037037035,1.0,100000000000000.0,300.18931056452885,0.0451843696682072,528.3958752627665,3949921.907314913,1.8861062405397946,0.6985578668665906
4.29,std,0,768339213170.2926,0.0007683392131702926,37,10,0.2702702702702703,1.0,100000000000000.0,249.14170570292973,0.04495308475551311,527.8366682745989,3931455.0472522303,1.8657023817214882,0.5042438869517536
4.3,std,0,771123655831.4142,0.0007711236558314142,29,10,0.3448275862068966,1.0,100000000000000.0,201.09101880770308,0.04472325566237682,527.277365751002,3913108.1958865277,1.8455439480798346,0.6363944648551154
4.31,std,0,773910560224.5598,0.0007739105602245598,26,10,0.38461538461538464,1.0,100000000000000.0,217.91743836187817,0.044494873013256726,526.7179798125165,3894880.358826569,1.825627767022773,0.7021645257779896
4.32,std,0,776699919283.4188,0.0007766999192834189,31,10,0.3225806451612903,1.0,100000000000000.0,349.54648017521197,0.044267927464816684,526.1585224177791,3876770.551660913,1.805950708087115,0.5825647445442307
4.33,std,0,779491725975.4309,0.0007794917259754309,25,10,0.4,1.0,100000000000000.0,236.49405699132157,0.04404240970683595,525.599005367883,3858777.7998315697,1.7865096824140605,0.7146038729656242
4.34,std,0,782285973301.5599,0.00078228597330156,17,10,0.5882352941176471,1.0,100000000000000.0,403.1863038971761,0.04381831046308065,525.0394403041832,3840901.138524533,1.7673016422141978,1.0395892013024695
4.35,std,0,785082654296.0752,0.0007850826542960752,28,10,0.35714285714285715,1.0,100000000000000.0,251.0880939599553,0.043595620492138186,524.4798387141996,3823139.612554538,1.7483235802617416,0.6244012786649077
4.36,std,0,787881762026.3314,0.0007878817620263314,29,10,0.3448275862068966,1.0,100000000000000.0,122.56961581203686,0.04337433058821551,523.9202119302811,3805492.276251821,1.7295725293692357,0.5964043204721503
4.37,std,0,790683289592.5482,0.0007906832895925482,26,10,0.38461538461538464,1.0,100000000000000.0,77.69847035573086,0.0431544315819022,523.3605711341457,3787958.1933524255,1.711045561887956,0.6580944468799832
4.38,std,0,793487230127.5986,0.0007934872301275987,38,10,0.2631578947368421,1.0,100000000000000.0,344.64817804656064,0.042935914340899516,522.8009273569389,3770536.4368874063,1.6927397891970786,0.4454578392623891
4.39,std,0,796293576796.7908,0.0007962935767967908,32,10,0.3125,1.0,100000000000000.0,167.4641440804217,0.04271876977071631,522.2412914820218,3753226.089076467,1.674652361208266,0.5233288628775832
4.3999999999999995,std,0,799102322797.6573,0.0007991023227976573,30,10,0.3333333333333333,1.0,100000000000000.0,394.821258697874,0.0425029888153329,521.6816742458026,3736026.2412209357,1.6567804658679068,0.5522601552893023
4.41,std,0,801913461359.7434,0.0008019134613597434,34,10,0.29411764705882354,1.0,100000000000000.0,230.53287788401167,0.04228856245783335,521.1220862410878,3718935.9935974055,1.6391213286721324,0.48209450843298013
4.42,std,0,804726985744.4004,0.0008047269857444004,36,10,0.2777777777777778,1.0,100000000000000.0,268.3243116900503,0.042075481721007855,520.5625379168156,3701954.455356704,1.6216722121770626,0.4504645033825174
4.43,std,0,807542889244.5758,0.0008075428892445758,37,10,0.2702702702702703,1.0,100000000000000.0,351.36430825628247,0.041863737667925324,520.0030395809035,3685080.744418201,1.6044304155213702,0.4336298420328028
4.4399999999999995,std,0,810361165184.6099,0.0008103611651846099,26,10,0.38461538461538464,1.0,100000000000000.0,226.10609273750725,0.041653321402477496,519.4436014037487,3668313.9873721073,1.587393273958604,0.6105358745994631
4.45,std,0,813181806920.0284,0.0008131818069200285,29,10,0.3448275862068966,1.0,100000000000000.0,241.66073692018549,0.041444224069895445,518.8842334156474,3651653.319377335,1.570558158373301,0.5415717787494142
4.46,std,0,816004807837.3461,0.0008160048078373461,45,10,0.2222222222222222,1.0,100000000000000.0,198.1760971160166,0.041236436857238865,518.3249455119852,3635097.884063798,1.5539224748275455,0.3453161055172323
4.47,std,0,818830161353.8599,0.0008188301613538598,32,10,0.3125,1.0,100000000000000.0,184.8071146469067,0.04102995099385941,517.7657474545439,3618646.833436934,1.5374836641008005,0.4804636450315002
4.4799999999999995,std,0,821657860917.4547,0.0008216578609174547,36,10,0.2777777777777778,1.0,100000000000000.0,61.799950566988194,0.04082475775183858,517.2066488708766,3602299.327779113,1.5212392012272724,0.4225664447853535
4.49,std,0,824487900006.4031,0.0008244879000064031,19,10,0.5263157894736842,1.0,100000000000000.0,342.68132989390114,0.04062084844640118,516.6476592588778,3586054.5355572705,1.5051865950559393,0.7922034710820732
4.5,std,0,827320272129.1726,0.0008273202721291726,32,10,0.3125,1.0,100000000000000.0,307.9137936211764,0.04041821443630461,516.088787985951,3569911.633328093,1.489323387797918,0.46541355868684936
4.51,std,0,830154970824.227,0.000830154970824227,31,10,0.3225806451612903,1.0,100000000000000.0,434.17211483719404,0.04021684712420523,515.5300442922138,3553869.805647869,1.47364715459223,0.4753700498684613
4.52,std,0,832991989659.8395,0.0008329919896598395,28,10,0.35714285714285715,1.0,100000000000000.0,156.59124986330113,0.04001673795700224,514.9714372910313,3537928.2449801154,1.4581555030672706,0.5207698225240253
4.53,std,0,835831322233.8981,0.0008358313222338981,23,10,0.43478260869565216,1.0,100000000000000.0,176.97290298147783,0.03981787842615967,514.4129759708253,3522086.15160432,1.442846072910974,0.6273243795265104
4.54,std,0,838672962173.7169,0.0008386729621737169,24,10,0.4166666666666667,1.0,100000000000000.0,358.2141027012578,0.03962026006800758,513.8546691975964,3506342.7335315645,1.4277165354502195,0.5948818897709248
4.55,std,0,841516903135.8481,0.0008415169031358482,46,10,0.21739130434782608,1.0,100000000000000.0,322.67394644240574,0.0394238744640223,513.2965257141223,3490697.2064130404,1.412764593222433,0.30712273765705067
4.56,std,0,844363138805.8976,0.0008443631388058975,36,10,0.2777777777777778,1.0,100000000000000.0,218.61495458399196,0.03922871324108732,512.738554143933,3475148.7934561176,1.397987979568137,0.3883299943244825
4.57,std,0,847211662898.3353,0.0008472116628983353,28,10,0.35714285714285715,1.0,100000000000000.0,328.5649532692953,0.03903476807173469,512.1807629913709,3459696.7253384124,1.3833844582161205,0.49406587793432877
4.58,std,0,850062469156.3186,0.0008500624691563186,39,10,0.2564102564102564,1.0,100000000000000.0,74.30572148826545,0.03884203067436807,511.6231606430725,3444340.2401227453,1.3689518228774273,0.35101328791728903
4.59,std,0,852915551351.5048,0.0008529155513515048,21,10,0.47619047619047616,1.0,100000000000000.0,311.49411923153883,0.0386504928134673,511.0657553697494,3429078.583176759,1.3546878968463654,0.6450894746887453
4.6,std,0,855770903283.8721,0.000855770903283872,20,10,0.5,1.0,100000000000000.0,140.78926982805015,0.038460146299776024,510.5085553278491,3413911.0070874332,1.3405905326035041,0.6702952663017521
4.61,std,0,858628518781.5437,0.0008586285187815437,22,10,0.45454545454545453,1.0,100000000000000.0,192.12867078343783,0.03827098299047199,509.9515685602075,3398836.7715838132,1.3266576114236204,0.6030261870107365
4.62,std,0,861488391700.6051,0.0008614883917006051,27,10,0.37037037037037035,1.0,100000000000000.0,218.9056452655866,0.038082994789321374,509.39480299785833,3383855.1434541843,1.312887042988875,0.48625446036625
4.63,std,0,864350515924.9315,0.0008643505159249315,36,10,0.2777777777777778,1.0,100000000000000.0,216.8157974056025,0.03789617364681675,508.83826646124976,3368965.396468138,1.2992767650066481,0.36091021250184674
4.64,std,0,867214885366.0134,0.0008672148853660134,59,10,0.1694915254237288,1.0,100000000000000.0,238.86843299488675,0.03771051156030021,508.28196666172704,3354166.8113015178,1.285824742833464,0.2179363970904176
4.6499999999999995,std,0,870081493962.7808,0.0008700814939627808,19,10,0.5263157894736842,1.0,100000000000000.0,180.06355036393347,0.03752600057407135,507.7259112032237,3339458.6754533774,1.272528969100596,0.6697520890003137
4.66,std,0,872950335681.4326,0.0008729503356814326,39,10,0.2564102564102564,1.0,100000000000000.0,111.72295718864272,0.03734263277948092,507.1701075820834,3324840.2831766997,1.2593874633445246,0.32291986239603193
4.67,std,0,875821404515.2646,0.0008758214045152646,29,10,0.3448275862068966,1.0,100000000000000.0,224.07998251187547,0.037160400315010805,506.6145631904713,3310310.935399574,1.2463982716469664,0.4297925074644712
4.68,std,0,878694694484.5052,0.0008786946944845052,13,10,0.7692307692307693,1.0,100000000000000.0,198.6059189541158,0.036979295366340204,506.05928531637414,3295869.9396521407,1.233559466272692,0.9488918971328402
4.6899999999999995,std,0,881570199636.1395,0.0008815701996361396,35,10,0.2857142857142857,1.0,100000000000000.0,178.64827453444292,0.03679931016639911,505.5042811436001,3281516.609994206,1.2208691453119207,0.3488197558034059
4.7,std,0,884447914043.7496,0.0008844479140437497,32,10,0.3125,1.0,100000000000000.0,216.33186058764022,0.036620436995409095,504.94955775723685,3267250.26694219,1.2083254323398154,0.37760169760619233
4.71,std,0,887327831807.3461,0.000887327831807346,34,10,0.29411764705882354,1.0,100000000000000.0,400.4523666675651,0.03644266818091213,504.3951221391132,3253070.2373980703,1.195926476056571,0.35174308119310915
4.72,std,0,890209947053.2043,0.0008902099470532043,43,10,0.23255813953488372,1.0,100000000000000.0,138.1801742156077,0.03626599609778732,503.8409811742361,3238975.8545814385,1.1836704499592399,0.2752721976649395
4.7299999999999995,std,0,893094253933.7014,0.0008930942539337014,23,10,0.43478260869565216,1.0,100000000000000.0,186.1194430675532,0.03609041316825672,503.28714164847673,3224966.457955114,1.1715555519941836,0.5093719791279059
4.74,std,0,895980746627.1582,0.0008959807466271582,19,10,0.5263157894736842,1.0,100000000000000.0,165.55609484496307,0.03591591186187994,502.7336102520412,3211041.393161196,1.1595800042311586,0.6103052653848203
4.75,std,0,898869419337.6732,0.0008988694193376733,40,10,0.25,1.0,100000000000000.0,86.45145973695922,0.035742484695538375,502.180393578195,3197200.011952672,1.1477420525285842,0.28693551313214605
4.76,std,0,901760266294.9677,0.0009017602662949677,32,10,0.3125,1.0,100000000000000.0,239.25509544500682,0.035570124233408995,501.627498127416,3183441.672123255,1.1360399662147214,0.3550124894421004
4.77,std,0,904653281754.2302,0.0009046532817542302,20,10,0.5,1.0,100000000000000.0,419.7592617865882,0.03539882308692853,501.0749303059705,3169765.737445429,1.1244720377628372,0.5622360188814186
4.78,std,0,907548459995.9532,0.0009075484599959532,35,10,0.2857142857142857,1.0,100000000000000.0,78.55224605418863,0.03522857391474806,500.52269642807863,3156171.577604061,1.1130365824769184,0.3180104521362624
4.79,std,0,910445795325.7836,0.0009104457953257836,31,10,0.3225806451612903,1.0,100000000000000.0,285.2172599467309,0.0350593694226785,499.97080271784273,3142658.568130008,1.101731938180594,0.3553973994130948
4.8,std,0,913345282074.367,0.000913345282074367,40,10,0.25,1.0,100000000000000.0,363.54839440323036,0.034891202363627125,499.4192553078528,3129226.0903392765,1.0905564649044606,0.27263911622611514
4.81,std,0,916246914597.1958,0.0009162469145971958,31,10,0.3225806451612903,1.0,100000000000000.0,348.21485482675416,0.034724065537525745,498.8680602436956,3115873.5312690753,1.0795085445891508,0.3482285627706938
4.82,std,0,919150687274.4552,0.0009191506872744552,20,10,0.5,1.0,100000000000000.0,334.2519301581525,0.03455795179125056,498.31722348232313,3102600.2836156418,1.0685865807791786,0.5342932903895893
4.83,std,0,922056594510.8751,0.0009220565945108751,27,10,0.37037037037037035,1.0,100000000000000.0,273.82643742188156,0.03439285401853435,497.76675089353574,3089405.7456736234,1.0577889983279667,0.3917737030844321
4.84,std,0,924964630735.5801,0.0009249646307355801,21,10,0.47619047619047616,1.0,100000000000000.0,155.8836875468901,0.034228765159870625,497.21664826220706,3076289.321274794,1.0471142431078013,0.49862583005133393
4.85,std,0,927874790401.9396,0.0009278747904019396,25,10,0.4,1.0,100000000000000.0,142.17265989422296,0.034065678202410896,496.66692128887695,3063250.419728769,1.0365607817205704,0.4146243126882282
4.86,std,0,930787067987.4254,0.0009307870679874255,43,10,0.23255813953488372,1.0,100000000000000.0,284.1396164066255,0.03390358617985464,496.11757558981117,3050288.455764161,1.0261271012111808,0.23863420958399553
4.87,std,0,933701457993.4613,0.0009337014579934613,41,10,0.24390243902439024,1.0,100000000000000.0,346.55365366784457,0.033742482172332715,495.568616698692,3037402.8494712934,1.0158117087885055,0.2477589533630501
4.88,std,0,936617954945.2795,0.0009366179549452796,29,10,0.3448275862068966,1.0,100000000000000.0,361.9396466144454,0.03358235930628393,495.02005006848714,3024593.026241584,1.0056131315490064,0.34676314881000225
4.89,std,0,939536553391.7788,0.0009395365533917788,37,10,0.2702702702702703,1.0,100000000000000.0,279.455402426198,0.03342321075432565,494.4718810704115,3011858.4167142524,0.9955299162003591,0.2690621395136106
4.8999999999999995,std,0,942457247905.3793,0.0009424572479053792,21,10,0.47619047619047616,1.0,100000000000000.0,160.2597732053269,0.03326502973511832,493.9241149964484,2999198.4567176998,0.9855606287940539,0.46931458514002566
4.91,std,0,945380033081.8842,0.0009453800330818841,24,10,0.4166666666666667,1.0,100000000000000.0,132.07861643618426,0.033107809513224104,493.37675706074407,2986612.5872155535,0.9757038544605561,0.4065432726918984
4.92,std,0,948304903540.3353,0.0009483049035403353,23,10,0.43478260869565216,1.0,100000000000000.0,229.64237566712745,0.032951543398960184,492.8298123988362,2974100.254251155,0.9659581971430382,0.41998182484479923
4.93,std,0,951231853922.8796,0.0009512318539228796,29,10,0.3448275862068966,1.0,100000000000000.0,195.51787255579544,0.032796224748246505,492.2832860692261,2961660.908893382,0.9563222793396121,0.32976630322055595
4.9399999999999995,std,0,954160878894.6244,0.0009541608788946244,28,10,0.35714285714285715,1.0,100000000000000.0,122.16155012298316,0.03264184696244863,491.73718305536624,2949294.0071838005,0.9467947418500305,0.33814097923215375
4.95,std,0,957091973143.5048,0.0009570919731435048,34,10,0.29411764705882354,1.0,100000000000000.0,280.51411172433234,0.03248840348821557,491.1915082654823,2936999.0100829303,0.9373742435211174,0.2756983069179757
4.96,std,0,960025131380.1459,0.0009600251313801459,39,10,0.2564102564102564,1.0,100000000000000.0,193.75301688970978,0.03233588781731316,490.646266533374,2924775.38341962,0.9280594609983925,0.23796396435856218
4.97,std,0,962960348337.7272,0.0009629603483377272,28,10,0.35714285714285715,1.0,100000000000000.0,241.24740603565033,0.032184293486452624,490.10146262019475,2912622.597837311,0.9188490884817275,0.32816038874347414
4.9799999999999995,std,0,965897618771.8508,0.0009658976187718509,26,10,0.38461538461538464,1.0,100000000000000.0,206.8310215828413,0.03203361407711513,489.55710121436323,2900540.12874541,0.909741837482231,0.34990070672393503
4.99,std,0,968836937460.4056,0.0009688369374604057,21,10,0.47619047619047616,1.0,100000000000000.0,148.19399654198241,0.03188384321537219,489.0131869335205,2888527.4562673313,0.9007364365850526,0.4289221126595489
