z,luminosity_function,alpha_intrinsic,L_min_Jy_kpc2,L_min_over_L_star,n_generated,n_detected,detection_rate_10_per_n,N_ratio_detectable_L,mean_detected_L,mean_SNR,SFR_psi,comoving_volume_Mpc3,time_Gyr,nfrb_sfr_base,n_total_population_scaled
0.01,schechter,-4,10000000000.0,1e-05,11,10,0.9090909090909091,1.0,1226742227715.6194,2223235.789082705,0.015366633837018974,0.07954391410864767,137678720.05218962,0.0033657551254498426,0.003059777386772584
0.02,schechter,-4,10000000000.0,1e-05,15,10,0.6666666666666666,1.0,146024088952.2986,61584.517514639396,0.015778461234561884,0.2972914984256801,135706863.92550436,0.012731481614569034,0.008487654409712688
0.03,schechter,-4,10000000000.0,1e-05,21,10,0.47619047619047616,1.0,3469873209836.5474,409511.5108758297,0.016197006898133106,0.6554267922827476,133769703.76805276,0.02840185582305769,0.013524693249075091
0.04,schechter,-4,10000000000.0,1e-05,16,10,0.625,1.0,451681883374.02655,4247.271017972484,0.0166223021408091,1.1499603959807467,131866423.28089881,0.05041250501043355,0.03150781563152097
0.05,schechter,-4,10000000000.0,1e-05,19,10,0.5263157894736842,1.0,132226048308.20529,1792.0390018147846,0.01705437728000787,1.77691620288043,129996236.70924087,0.07878863735882764,0.041467703873067176
0.060000000000000005,schechter,-4,10000000000.0,1e-05,24,10,0.4166666666666667,1.0,2959593763890.779,3617.056013934045,0.017493261604641853,2.5323350575714576,128158387.20751494,0.11354525432312221,0.047310522634634256
0.06999999999999999,schechter,-4,10000000000.0,1e-05,28,10,0.35714285714285715,1.0,369194433371.6498,1875.1825091369712,0.017938983341287663,3.412278292650604,126352145.30294725,0.15468738071248248,0.05524549311160089
0.08,schechter,-4,10000000000.0,1e-05,32,10,0.3125,1.0,966403760680.2614,1126.3346943181082,0.018391569619367408,4.412831139151926,124576807.45144194,0.20221031102618708,0.06319072219568346
0.09,schechter,-4,10000000000.0,1e-05,25,10,0.4,1.0,1015212807360.8623,13178.070262943133,0.018851046435337065,5.53010600624065,122831694.67989907,0.2560998705653797,0.10243994822615188
0.09999999999999999,schechter,-4,10000000000.0,1e-05,21,10,0.47619047619047616,1.0,821709977586.6814,860.16359834796,0.019317438615878545,6.760245626475737,121116151.30983643,0.31633268985519575,0.15063461421675986
0.11,schechter,-4,10000000000.0,1e-05,45,10,0.2222222222222222,1.0,3161803178323.9316,18492.139279203046,0.019790769780093035,8.0994260634449,119429543.75708403,0.3828764909222158,0.08508366464938129
0.12,schechter,-4,10000000000.0,1e-05,28,10,0.35714285714285715,1.0,8726717376104.49,11737.387398920811,0.020271062300694323,9.54385957932107,117771259.40308331,0.4556903840024687,0.1627465657151674
0.13,schechter,-4,10000000000.0,1e-05,38,10,0.2631578947368421,1.0,1435940892917.849,1120.055297660367,0.02075833726420218,11.089797360248005,116140705.53330435,0.5347251732731452,0.14071715086135397
0.14,schechter,-4,10000000000.0,1e-05,21,10,0.47619047619047616,1.0,1869666654316.978,322.12858819830933,0.021252614430137,12.733532098240186,114537308.33873443,0.6199236702457979,0.2952017477360942
0.15000000000000002,schechter,-4,10000000000.0,1e-05,33,10,0.30303030303030304,1.0,3035851626294.075,431.73465964999457,0.021753912189218152,14.471400428626927,112960511.97664525,0.711221013489013,0.21552151923909485
0.16,schechter,-4,10000000000.0,1e-05,23,10,0.43478260869565216,1.0,2087292258887.5474,167.21258723781136,0.02226224752057046,16.299785222709552,111409777.68701176,0.8085449933976996,0.3515413014772607
0.17,schechter,-4,10000000000.0,1e-05,35,10,0.2857142857142857,1.0,480927965841.4709,127.05082241241993,0.02277763594794393,18.21511773573386,109884582.96125181,0.9118163807712509,0.26051896593464313
0.18000000000000002,schechter,-4,10000000000.0,1e-05,37,10,0.2702702702702703,1.0,575030503655.074,456.9168984600731,0.023300091494954225,20.213879610649446,108384420.7601139,1.0209492580086867,0.27593223189423965
0.19,schechter,-4,10000000000.0,1e-05,29,10,0.3448275862068966,1.0,18383400173343.582,27066.257361098928,0.023829626639352574,22.29260473875341,106908798.77780546,1.1358513517924773,0.39167287992844046
0.2,schechter,-4,10000000000.0,1e-05,50,10,0.2,1.0,252071087824.8907,114.76202663091473,0.024366252266335785,24.447880978629957,105457238.74949963,1.2564243661832177,0.25128487323664356
0.21000000000000002,schechter,-4,10000000000.0,1e-05,32,10,0.3125,1.0,4054060250359.9697,1040.990885039932,0.02490997762090884,26.676351734987385,104029275.79969656,1.3825643150968507,0.43205134846776583
0.22,schechter,-4,10000000000.0,1e-05,56,10,0.17857142857142858,1.0,5793631032668.285,2144.63147524806,0.025460810259314456,28.974717399733297,102624457.82893437,1.514161853213999,0.27038604521678555
0.23,schechter,-4,10000000000.0,1e-05,49,10,0.20408163265306123,1.0,20236779705548.453,1834.8490541646795,0.026018755999546127,31.339736657576736,101242344.93655138,1.6511026044127246,0.3369597151862703
0.24000000000000002,schechter,-4,10000000000.0,1e-05,36,10,0.2777777777777778,1.0,3850280307897.861,345.23592100264085,0.02658381887096318,33.76822765901722,99882508.87732875,1.793267486890985,0.4981298574697181
0.25,schechter,-4,10000000000.0,1e-05,47,10,0.2127659574468085,1.0,4669094752670.979,344.1362717080582,0.027156001063028613,36.257069063604504,98544532.5499974,1.9405330341940545,0.4128793689774584
0.26,schechter,-4,10000000000.0,1e-05,43,10,0.23255813953488372,1.0,1430330194841.7346,936.4815206162133,0.02773530287319293,38.803200956892475,97228009.51565525,2.0927717114380373,0.48669109568326446
0.27,schechter,-4,10000000000.0,1e-05,42,10,0.23809523809523808,1.0,1488269646329.197,1195.4561849849167,0.0283217226539493,41.403625644245665,95932543.54423486,2.2498522260547613,0.5356791014416098
0.28,schechter,-4,10000000000.0,1e-05,48,10,0.20833333333333334,1.0,915099994047.4451,244.0194741317584,0.028915256759088154,44.05540832562129,94657748.18751705,2.4116398324901485,0.5024249651021143
0.29000000000000004,schechter,-4,10000000000.0,1e-05,31,10,0.3225806451612903,1.0,22282645243226.277,1355.8871136706152,0.029515899489181725,46.755677654718475,93403246.37677355,2.577996630288101,0.831611816221968
0.3,schechter,-4,10000000000.0,1e-05,29,10,0.3448275862068966,1.0,2022429673600.5886,188.661693219058,0.03012364303633178,49.50162618651102,92168670.04385954,2.7487818550889944,0.9478558120996533
0.31,schechter,-4,10000000000.0,1e-05,52,10,0.19230769230769232,1.0,1347493577256.0413,137.0678576600945,0.030738477428216556,52.290510717690545,90953659.76403436,2.9238521621354003,0.5622792619491155
0.32,schechter,-4,10669088895.11372,1.066908889511372e-05,53,10,0.18867924528301888,0.967957652691388,5774466118572.32,576.9959188399904,0.03136039047147566,55.11965252328567,89757864.41943079,3.1030619018708845,0.5667231159794369
0.33,schechter,-4,11721730716.659416,1.1721730716659417e-05,65,10,0.15384615384615385,0.9232148470082656,583898149768.9587,82.04382324236086,0.031989367694474906,57.98643749478277,88580940.88171776,3.2862633873679084,0.4667580231381121
0.34,schechter,-4,12850793618.557396,1.2850793618557395e-05,57,10,0.17543859649122806,0.8814735904334519,7639044319742.177,122.16757293365845,0.032625392289495694,60.88831618315575,87422553.71285346,3.473307153269241,0.5371278117667421
0.35000000000000003,schechter,-4,14060159802.335236,1.4060159802335236e-05,45,10,0.2222222222222222,0.8424651776452616,2328024581104.7476,44.09494593045551,0.03326844505439697,63.822803751539205,86282374.8828454,3.6640422060464677,0.6859617706703719
0.36000000000000004,schechter,-4,15353839841.597496,1.5353839841597495e-05,48,10,0.20833333333333334,0.8059503578740038,2706903239452.378,582.1574185503484,0.03391850433380093,66.78747984193099,85160083.50335014,3.858316265399245,0.6478357031020023
0.37,schechter,-4,16735974894.311903,1.6735974894311903e-05,58,10,0.1724137931034483,0.7717172910059286,884666887361.2269,47.580021189309164,0.03457554595985672,69.77998835988164,84055365.5762477,4.055975996646633,0.5396666911236571
0.38,schechter,-4,18210838918.376595,1.8210838918376594e-05,37,10,0.2702702702702703,0.7395753076486249,9328955736359.846,344.70851459734206,0.035239543192639965,72.79803718213748,82967913.75619605,4.2568672340550995,0.8508848362826084
0.39,schechter,-4,19782840890.441055,1.9782840890441054e-05,50,10,0.2,0.7093553560370988,35621815768691.375,17240.114806654554,0.03591046666024937,75.83939779077247,81897427.12626469,4.460835195006478,0.6328634675953283
0.4,schechter,-4,21456527027.956852,2.1456527027956852e-05,46,10,0.21739130434782608,0.6809045566108548,1366091688227.0774,30.31271961096409,0.03658828429866464,78.90190483881938,80843610.98588744,4.667724685037605,0.6909293493580593
0.41000000000000003,schechter,-4,23236583014.440662,2.3236583014440662e-05,57,10,0.17543859649122806,0.6540851444850698,1251156347482.8892,97.24167237578601,0.03727296129143468,81.98345565069138,79806176.65031886,4.877380293715653,0.5596880691444973
0.42000000000000004,schechter,-4,25127836227.94123,2.512783622794123e-05,59,10,0.1694915254237288,0.6287739714616433,6337134678067.875,150.47217697608667,0.037964460009266905,85.08200966263853,78784841.26087493,5.089646581464874,0.5424131007396347
0.43,schechter,-4,27135257972.703648,2.7135257972703648e-05,53,10,0.18867924528301888,0.6048579061216222,1691795611916.109,138.3078395339134,0.038662739949594106,88.1955878063158,77779327.60525452,5.304368257365289,0.6053564297071635
0.44,schechter,-4,29263965714.029247,2.9263965714029246e-05,35,10,0.2857142857142857,0.5822359483098747,3891499655033.952,82.25422774361712,0.03936775767619714,91.32227183992502,76789363.94735558,5.521390348061409,0.9185005557978638
0.45,schechter,-4,31519225316.33848,3.1519225316338484e-05,80,10,0.125,0.5608152145525976,6853711165206.388,684.5592328974542,0.04007946675896711,94.46020363056056,75814683.86589663,5.740558357890916,0.4024240583915377
0.46,schechter,-4,33906453284.443954,3.390645328444395e-05,77,10,0.12987012987012986,0.5405115765296726,1877815015434.1152,59.83369265235534,0.04079781771389325,97.60758439190373,74855026.10136408,5.961718420413258,0.4184906262653973
0.47000000000000003,schechter,-4,36431219008.039986,3.6431219008039986e-05,64,10,0.15625,0.5212485111770062,37671865306451.86,76.26133612374781,0.04152275794336715,100.7626738804874,73910134.4107027,6.184717441479863,0.5037148060034128
0.48000000000000004,schechter,-4,39099247009.43125,3.909924700943125e-05,56,10,0.17857142857142858,0.5029557638590973,30155505514000.168,889.8104525613768,0.04225423167689769,103.9237895542622,72979757.42922702,6.409403234043513,0.5756511249034507
0.49,schechter,-4,41916419194.510185,4.191641919451018e-05,89,10,0.11235955056179775,0.48556886140629063,115158969603029.66,93.93064327529763,0.042992179912334685,107.08930569713431,72063648.53939462,6.635624644935154,0.36202839365850387
0.5,schechter,-4,44888777107.00509,4.488877710700509e-05,50,10,0.2,0.46902888265032305,6767133374852.398,447.79206650579397,0.04373654035770323,110.25765251223673,71161565.7458431,6.863231673779361,0.6438107766646081
0.51,schechter,-4,48022524186.016975,4.8022524186016975e-05,49,10,0.20408163265306123,0.4532816825571523,5612908815712.501,107.90106176637912,0.04448724737375437,113.42731518801008,70273271.55644336,7.092075584347124,0.6560628476929313
0.52,schechter,-4,51324028026.87845,5.132402802687845e-05,46,10,0.21739130434782608,0.43827743847096545,15274723897929.238,154.8044860443208,0.04524423191734168,116.59683293903431,69398532.8688438,7.322009008504016,0.6976242071105377
0.53,schechter,-4,54799822645.33527,5.479982264533528e-05,69,10,0.14492753623188406,0.4239703559382837,34572824009858.47,1585.2975573925087,0.04600742148573693,119.76479802561272,68537120.86228469,7.552886043081264,0.4640869252241244
0.54,schechter,-4,58456610745.10366,5.845661074510366e-05,54,10,0.18518518518518517,0.41031754592978953,1876483077419.2937,120.99558408982371,0.046776740062001616,122.92985475436814,67688810.89416112,7.784562339871845,0.5915078732284584
0.55,schechter,-4,62301265988.79934,6.230126598879934e-05,54,10,0.18518518518518517,0.3972802767069382,959985467191.7598,21.887343013434503,0.04755210806153499,126.0906984626927,66853382.401291125,8.016895189050514,0.5898063590808351
0.56,schechter,-4,66340835272.29248,6.634083527229249e-05,64,10,0.15625,0.3848223601840399,9691218893418.984,1039.452756695265,0.04833344227992233,129.24607448949607,66030618.80524841,8.24974359623681,0.4960446565026591
0.5700000000000001,schechter,-4,70582541002.48906,7.058254100248906e-05,52,10,0.19230769230769232,0.3729096154822522,48020905446126.58,168.60875030626244,0.049120655842211244,132.394777135128,65220307.42184981,8.482968353536902,0.6083423974741463
0.5800000000000001,schechter,-4,75033783378.57964,7.503378337857964e-05,83,10,0.12048192771084337,0.36151140412891103,4820030008740.283,86.90533175034906,0.04991365815374634,135.5356486119057,64422239.37422575,8.71643210473988,0.3796493505034739
0.59,schechter,-4,79702142676.77682,7.970214267677682e-05,83,10,0.12048192771084337,0.3505983194593244,68886582726776.48,2861.979747171253,0.050712354852696435,138.6675779891792,63636209.50946025,8.949999405075156,0.37805478922666297
0.6,schechter,-4,84595381538.56718,8.459538153856718e-05,29,10,0.3448275862068966,0.3401438939733237,24849988063764.953,96.05770036708432,0.051516647764411366,141.78950013214353,62862016.318445235,9.183536775599,1.0771461928618846
0.61,schechter,-4,89721447262.49643,8.972144726249642e-05,69,10,0.14492753623188406,0.3301224383472141,16910469018518.723,354.47452482924956,0.05232643485774771,144.9003946403668,62099461.8588071,9.416912752742324,0.45054118835337276
0.62,schechter,-4,95088474099.52924,9.508847409952923e-05,82,10,0.12195121951219512,0.32051102330164527,6488598220476.115,229.60945580373905,0.05314161020350689,147.9992847832072,61348351.680681646,9.649997932978343,0.37718667223873786
0.63,schechter,-4,100704785551.98189,0.00010070478555198189,53,10,0.18867924528301888,0.31128784281559774,2151871490038.7812,37.60341888059645,0.05396206393512963,151.08523643830762,60608494.75515795,9.8826650131574,0.5804440515499902
0.64,schechter,-4,106578896676.07332,0.00010657889667607331,56,10,0.17857142857142858,0.30243218143071837,21483219329856.742,85.17712116314446,0.054787682211795266,154.15735703163404,59879703.405252725,10.11478882656534,0.5462567231302164
0.65,schechter,-4,112719516388.10576,0.00011271951638810575,61,10,0.16393442622950818,0.2939252530256845,117905920883049.84,231.0445036603105,0.055618347184074164,157.21479448197593,59161793.23922499,10.346246375041371,0.4985283743688698
0.66,schechter,-4,119135549774.30022,0.00011913554977430021,79,10,0.12658227848101267,0.2857490558602055,17257447972206.318,137.3394172823175,0.056453936962285574,160.25673615165184,58454583.086089864,10.576916857423152,0.3825751906228554
0.67,schechter,-4,125836100404.29225,0.00012583610040429224,69,10,0.14492753623188406,0.27788692724690545,1251371951981.7974,45.26563014009529,0.05729432558771266,163.28240780280296,57757894.933217816,10.80668169443448,0.435222546348084
0.68,schechter,-4,132830472648.33931,0.00013283047264833932,35,10,0.2857142857142857,0.27032315890678815,12457171032527.842,82.42705471661353,0.05813938300682973,166.2910725638526,57071553.86587637,11.035424550466628,0.8523230926741889
0.6900000000000001,schechter,-4,140128173998.2186,0.0001401281739982186,66,10,0.15151515151515152,0.2630432949626931,38621265511811.76,287.92822731708094,0.05898897504869533,169.2820299031124,56395388.00860588,11.263031352206829,0.4488886179019092
0.7000000000000001,schechter,-4,147738917391.86343,0.00014773891739186344,70,10,0.14285714285714285,0.25603332877124596,74209170656024.72,169.61066562187105,0.059842963405668255,172.25461461456737,55729228.46830064,11.489390304592066,0.4202381207481123
0.7100000000000001,schechter,-4,155672623541.73175,0.00015567262354173174,49,10,0.20408163265306123,0.24928026609783616,10857499199236.912,83.94574076399883,0.06070120561760056,175.20819581370657,55072909.27894104,11.71439190410349,0.5959523940876031
0.72,schechter,-4,163939423266.93777,0.00016393942326693777,69,10,0.14492753623188406,0.24277184618603576,164641403517350.06,8915.73623253412,0.061563555059664696,178.14217594659485,54426267.3478233,11.93792894974674,0.42002797837213607
0.73,schechter,-4,172549659829.15128,0.00017254965982915128,63,10,0.15873015873015872,0.23649697521652102,30968753668650.992,212.23085787552873,0.062429860933968816,181.055989810617,53789142.40325106,12.15989655176523,0.4564728180060763
0.74,schechter,-4,181513891272.26926,0.00018151389127226927,72,10,0.1388888888888889,0.2304443005481901,26912133167635.93,68.76525556974985,0.06329996826511489,183.94910359021952,53161376.94359302,12.380192138443974,0.3962423219438783
0.75,schechter,-4,190842892765.89783,0.00019084289276589782,62,10,0.16129032258064516,0.22460390855455037,13532938292522.762,123.85186362465632,0.06417371789985252,186.82101390620986,52542816.187593825,12.598715461033368,0.4564065702120546
0.76,schechter,-4,200547658952.61166,0.00020054765895261166,57,10,0.17543859649122806,0.21896620350451634,3808875513340.146,77.81350932647065,0.06505094651097904,189.6712468800535,51933308.025967404,12.815368597041882,0.4923039663518001
0.77,schechter,-4,210639406299.0435,0.0002106394062990435,67,10,0.14925373134328357,0.21352211650100172,53411572393998.805,142.75985087103302,0.06593148660563516,192.49935721403122,51332702.97407133,13.030055952050104,0.4152544962698825
0.78,schechter,-4,221129575450.77908,0.00022112957545077907,66,10,0.15151515151515152,0.2082628776424129,142138519239217.12,72.11739718961203,0.06681516653814157,195.30492728664416,50740854.125752576,13.242684260161296,0.4178726563228908
0.79,schechter,-4,232029833591.07678,0.00023202983359107678,78,10,0.1282051282051282,0.20318044300006766,13013649618900.914,249.98603338444224,0.0677018105275198,198.0875662644688,50157617.108157024,13.453162583248668,0.35043840172005114
0.8,schechter,-4,243352076803.41638,0.0002433520768034164,69,10,0.14492753623188406,0.19826706942385464,3995888000527.2383,27.494029033536645,0.06859123867983588,200.84690923118518,49582850.03763585,13.66140230920658,0.39255162319806797
0.81,schechter,-4,255108432437.87817,0.0002551084324378782,77,10,0.12987012987012986,0.1935156749591197,27264722057333.32,168.01925248494518,0.06948326701550157,203.58261633262617,49016413.47646635,13.86731714917251,0.3485121088304277
0.8200000000000001,schechter,-4,267311261481.3552,0.0002673112614813552,63,10,0.15873015873015872,0.18891928685867598,30485056312245.367,363.3457020818156,0.0703777075016633,206.29437193933154,48458170.39061373,14.070823133992866,0.4219444241251575
0.8300000000000001,schechter,-4,279973160931.6004,0.0002799731609316004,105,10,0.09523809523809523,0.1844714487907445,5535573590694.424,133.1259372785094,0.0712743680898028,208.9818838265609,47907986.10823188,14.27183860995443,0.25073778526533136
0.8400000000000001,schechter,-4,293106966175.1088,0.00029310696617510884,80,10,0.125,0.18016580150087425,101363391633705.11,359.4991914935348,0.07217305275866856,211.64488237155038,47365728.279101126,14.470284233922282,0.325881294618759
0.85,schechter,-4,306725753368.83923,0.00030672575336883925,40,10,0.25,0.17599658359416992,38570087822003.55,284.4399446221117,0.0730735615626498,214.28311976807092,46831266.83476413,14.666082967914322,0.6452951242653912
0.86,schechter,-4,320842841825.7613,0.0003208428418257613,64,10,0.15625,0.17195810981372084,35968019562289.305,279.7672879315388,0.07397569068569808,216.89636925933226,46304473.94949488,14.859160073311447,0.3992426686915853
0.87,schechter,-4,335471796404.2382,0.00033547179640423824,37,10,0.2702702702702703,0.16804534623645673,53353490631270.58,791.2848616776557,0.07487923250089422,219.48442438747887,45785224.0019454,15.04944310461936,0.6835105073463829
0.88,schechter,-4,350626429901.23627,0.0003506264299012363,64,10,0.15625,0.16425305335242046,39555249610397.27,107.03753558783856,0.07578397563574907,222.04709826199576,45273393.53755888,15.236861903044668,0.39104704548191543
0.89,schechter,-4,366320805449.35657,0.0003663208054493566,58,10,0.1724137931034483,0.16057648320703444,86354830776852.1,791.9101557458588,0.07668970504331966,224.584222844205,44768861.231587745,15.421348589711169,0.42694929704234136
0.9,schechter,-4,382569238917.67865,0.00038256923891767864,69,10,0.14492753623188406,0.15701122499767994,21982433944959.066,63.851179352342726,0.07759620207921059,227.0956482509004,44271507.85283817,15.602837558828929,0.35504646935529566
0.91,schechter,-4,399386301316.4276,0.0003993863013164276,63,10,0.15873015873015872,0.15355272641644502,59973977505155.81,274.9719286393393,0.07850324458452297,229.5812420739697,43781216.22801512,15.7812654706181,0.38464386338335105
0.92,schechter,-4,416786821205.42914,0.0004167868212054291,36,10,0.2777777777777778,0.15019701919595252,38003717983863.734,63.028787663665796,0.07941060697480082,232.0408887184207,43297871.206686266,15.956571244211643,0.665730399296789
0.93,schechter,-4,434785887106.37524,0.00043478588710637526,71,10,0.14084507042253522,0.14694002917912052,83164601820671.67,256.05431917079386,0.08031806033501555,234.4744887572555,42821359.6268634,16.128696050477974,0.3337959251096337
0.9400000000000001,schechter,-4,453398849918.8682,0.00045339884991886823,85,10,0.11764705882352941,0.14377822653439531,19625317638089.496,95.85499579494292,0.08122537252061583,236.8819583029615,42351570.28113079,16.29758330476406,0.2756750146300642
0.9500000000000001,schechter,-4,472641325340.2418,0.0004726413253402418,84,10,0.11904761904761904,0.14070791438017582,32217994505346.49,251.2086369365964,0.08213230826466011,239.26322839650982,41888393.88338472,16.463178659680963,0.27577375396094367
0.9600000000000001,schechter,-4,492529196289.1647,0.0004925291962891646,63,10,0.15873015873015872,0.13772566667948483,18571085785132.062,74.53686265653894,0.0830386292910345,241.61824441275994,41431723.03608367,16.62542999785035,0.3634521317915945
0.97,schechter,-4,513078615332.9821,0.0005130786153329821,97,10,0.10309278350515463,0.13482831742461154,36782436632967.766,130.32889522960866,0.08394409443374791,243.94696548239543,40981452.198053606,16.784287424663912,0.23329868377716512
0.98,schechter,-4,534306007118.8189,0.0005343060071188189,102,10,0.09803921568627451,0.13201275505021193,15350271485865.744,55.556638371672236,0.08484845976228053,246.24936392973956,40537477.652815565,16.93970326102024,0.21924087227650405
0.99,schechter,-4,556228070808.4104,0.0005562280708084104,79,10,0.12658227848101267,0.12927586142231007,64681626514903.25,418.77708372222634,0.08575147871295036,248.52542472760075,40099697.47744613,17.091632036140712,0.27968803222598
1.0,schechter,-4,578861782516.6598,0.0005788617825166598,54,10,0.18518518518518517,0.12661505563222608,39393725846472.16,177.9696167777474,0.08665290222624604,250.77514496604616,39668011.51188104,17.240030480226316,0.40423100339909784
1.01,schechter,-4,602224397753.8977,0.0006022243977538977,65,10,0.15384615384615385,0.12402739177086242,80964836498909.86,146.5239771601157,0.08755247889006164,252.99853333933243,39242321.32879002,17.384857517308948,0.33172285141229224
1.02,schechter,-4,626333453871.8513,0.0006263334538718513,85,10,0.11764705882352941,0.121510394221639,75625029335929.8,162.78791526036497,0.08844995508875261,255.1956096453067,38822530.203856505,17.526074257840655,0.25054119908563965
1.03,schechter,-4,651206772513.2736,0.0006512067725132736,63,10,0.15873015873015872,0.11906164489298643,197704794368245.8,78.74378237786013,0.08934507515791797,257.36640430183184,38408543.086599246,17.663643991394018,0.3338194457808711
1.04,schechter,-4,676862462065.2736,0.0006768624620652736,56,10,0.17857142857142858,0.11667867633638318,64158862660721.48,561.9614342900911,0.09023758154479809,259.51095787712114,38000266.571585506,17.797532179191084,0.37082008870039307
1.05,schechter,-4,703318920116.2631,0.0007033189201162631,68,10,0.14705882352941177,0.11435922716900682,18111142261243.355,79.14933862863677,0.09112721497416236,261.6293206344872,37597608.87017283,17.92770644655129,0.3014998020794746
1.06,schechter,-4,730594835916.5696,0.0007305948359165696,37,10,0.2702702702702703,0.11210123575749575,177424020705626.97,348.79891598443885,0.09201371461954395,263.7215520912868,37200479.78263619,18.054136575169714,0.5469975731381425
1.07,schechter,-4,758709192842.6578,0.0007587091928426578,56,10,0.17857142857142858,0.10990249150329834,36807220142241.67,46.306813089351124,0.09289681827966537,265.7877205919952,36808790.67077036,18.176794495250668,0.3567276790306226
1.08,schechter,-4,787681270864.961,0.000787681270864961,70,10,0.14285714285714285,0.10776094801276703,86008984191331.67,138.21655573751747,0.09377626255988103,267.8279028945802,36422454.43092041,18.295654277404385,0.2816510070638475
1.09,schechter,-4,817530649019.3074,0.0008175306490193074,76,10,0.13157894736842105,0.1056749250991823,97769696137625.22,99.77402842030277,0.09465178305844799,269.84218377026906,36041385.46742419,18.41069212428873,0.25599322516556805
1.1,schechter,-4,848277207881.9143,0.0008482772078819143,83,10,0.12048192771084337,0.10364234608670864,39928686810241.234,198.606012181387,0.09552311455742028,271.83065561606224,35665499.66649557,18.52188636194775,0.23128334415706958
1.11,schechter,-4,879941132047.9503,0.0008799411320479503,64,10,0.15625,0.10166153872170747,16980424293839.266,51.70999404585007,0.09638999121794681,273.7934180806746,35294714.37049736,18.62921743084821,0.2959179545627005
1.12,schechter,-4,912542912613.6188,0.0009125429126136188,74,10,0.13513513513513514,0.09973089257741641,234996027835156.34,178.59504511800384,0.09725214677973788,275.7305777015372,34928948.352648705,18.732667876453995,0.252462930766899
1.1300000000000001,schechter,-4,946103349661.7855,0.0009461033496617855,77,10,0.12987012987012986,0.09784868700336868,25344460568153.555,34.56362747060547,0.09810931476444977,277.6422475555711,34568121.792101,18.83222233946654,0.23931275704835178
1.1400000000000001,schechter,-4,980643554751.1097,0.0009806435547511096,42,10,0.23809523809523808,0.09601337641258811,51063750923641.46,63.77669128275189,0.09896122868272254,279.528546920315,34212156.24944995,18.92786754551056,0.43269725507969414
1.1500000000000001,schechter,-4,1016184953408.6533,0.0010161849534086533,45,10,0.2222222222222222,0.0942234604682719,70098106834169.96,110.31882259005893,0.09980762224459194,281.3896009474737,33860974.64260373,19.019592294339283,0.39824262281518363
1.1600000000000001,schechter,-4,1052749287625.9521,0.001052749287625952,97,10,0.10309278350515463,0.09247752052717062,37630179749776.33,39.73670723828585,0.10064822957298275,283.2255403473827,33514501.22304822,19.10738744845395,0.18216534175103116
1.17,schechter,-4,1090358618358.5865,0.0010903586183585866,98,10,0.10204081632653061,0.0907742341360327,17645636466030.164,56.259868571413655,0.10148278541997709,285.03650108425114,33172661.552509196,19.191245921104404,0.17776231128617487
1.18,schechter,-4,1129035328029.1274,0.0011290353280291275,74,10,0.13513513513513514,0.08911214723963268,233733740461061.4,640.0932370120528,0.1023110253855389,286.8226240823734,32835382.47995832,19.27116266362927,0.2320668492919248
1.19,schechter,-4,1168802123033.5435,0.0011688021230335435,86,10,0.11627906976744186,0.08749005060175497,96864445783522.36,300.2867037750686,0.10313268613836393,288.58405494272733,32502592.119014297,19.347134652101047,0.19682346391991715
1.2,schechter,-4,1209682036250.9756,0.0012096820362509756,81,10,0.12345679012345678,0.08590670440172443,80554871859334.1,86.61252418140705,0.1039475056385125,290.3209436692975,32174219.82570734,19.41916087319064,0.20595507566206436
1.21,schechter,-4,1251698429556.9211,0.0012516984295569212,67,10,0.14925373134328357,0.08436094614049283,147422841331933.7,315.4270719268534,0.1047552233614732,292.0334444056589,31850196.176586464,19.487242309252554,0.24536749236978922
1.22,schechter,-4,1294874996339.7617,0.0012948749963397617,78,10,0.1282051282051282,0.08285156500593638,200527126892792.7,260.21286588744107,0.10555558052329424,293.7217151805865,31530452.947203357,19.551381922546426,0.20767469106560826
1.23,schechter,-4,1339235764020.638,0.001339235764020638,61,10,0.16393442622950818,0.08137751222010048,117045642427506.95,67.03369808703894,0.10634832030641155,295.38591766396144,31214923.090939093,19.61158463864013,0.26162983091581504
1.24,schechter,-4,1384805096576.6418,0.0013848050965766419,90,10,0.1111111111111111,0.07993777955859083,8597635908712.578,33.24295213495419,0.10713318808579403,297.0262169302948,30903540.718176357,19.667857328798608,0.1746894270599242
1.25,schechter,-4,1431607697067.332,0.0014316076970673321,76,10,0.13157894736842105,0.07853128059590875,67350578417020.8,225.66803898275876,0.1079099316550206,298.64278123208976,30596241.075822484,19.7202087914938,0.20377016447561921
1.26,schechter,-4,1479668610164.5322,0.0014796686101645321,81,10,0.12345679012345678,0.07715703777444272,166018015602670.12,69.82532923807794,0.10867830145189603,300.2357817814767,30292960.52715669,19.768649732899767,0.18830746348037952
1.27,schechter,-4,1529013224685.3777,0.0015290132246853776,83,10,0.12048192771084337,0.07581410994399207,252967691743504.6,148.1243692040092,0.10943805078320944,301.80539253999865,29993636.532022804,19.81319274636639,0.1809782618330756
1.28,schechter,-4,1579667276128.6523,0.0015796672761286524,70,10,0.14285714285714285,0.07450164678662297,57000141189823.46,111.42206913217315,0.11018893604823399,303.35179001615415,29698207.62734887,19.85385229082444,0.21130638438925536
1.29,schechter,-4,1631656849214.306,0.0016316568492143059,89,10,0.11235955056179775,0.07321869523978375,43344396570979.62,34.305336550647056,0.11093071696056572,304.87515307119037,29406613.407992665,19.89064466814665,0.16363674719998414
1.3,schechter,-4,1685008380426.2463,0.0016850083804262463,84,10,0.11904761904761904,0.07196437900994535,62010536049564.164,58.02260394898152,0.11166315676789583,306.37566273234006,29118794.50790167,19.92358799939927,0.17068912357461521
1.31,schechter,-4,1739748660558.2578,0.0017397486605582578,92,10,0.10869565217391304,0.0707379780917613,87330323967141.47,164.2723958099198,0.11238602246931209,307.85350201342146,28834692.581594545,19.95270219998208,0.15341454468410542
1.32,schechter,-4,1795904837263.1555,0.0017959048372631556,52,10,0.19230769230769232,0.06953861686758112,91622584970389.7,243.89252524043962,0.11309908502972522,309.30885574172476,28554250.285959702,19.978008953585714,0.2671621366154812
1.33,schechter,-4,1853504417605.0618,0.0018535044176050618,69,10,0.14492753623188406,0.06836559439761503,75013522363850.4,60.365125517975954,0.11380211959101888,310.74191039335886,28277411.26235228,19.999531685099285,0.1981565030906881
1.34,schechter,-4,1912575270614.836,0.001912575270614836,65,10,0.15384615384615385,0.06721808490576775,93860505595913.95,217.86444853243466,0.11449490567952506,312.1528539335407,28004120.11900111,20.017295532255616,0.20700373394938515
1.35,schechter,-4,1973145629848.616,0.001973145629848616,61,10,0.16393442622950818,0.06609551259257773,112087746633848.98,144.19654801150145,0.11517722740943068,313.54187566468823,27734322.413720313,20.031327316207268,0.217046040471217
1.36,schechter,-4,2035244095949.4658,0.0020352440959494657,78,10,0.1282051282051282,0.0649970940309097,46724259794812.125,41.835756289820765,0.11584887368172872,314.9091660797656,27467964.636896268,20.041655510862164,0.16700632920187275
1.37,schechter,-4,2098899639212.1228,0.002098899639212123,68,10,0.14705882352941177,0.0639221709018194,87194036587131.33,100.94993829575469,0.11650963837833293,316.25491672249217,27204994.194798715,20.048310211135533,0.18846051641307301
1.3800000000000001,schechter,-4,2164141602150.7676,0.0021641416021507677,44,10,0.22727272727272727,0.06287011343671933,174918597672905.22,358.29085451454205,0.1171593205509839,317.57932005256265,26945359.393152125,20.051323099975296,0.2865065813299449
1.3900000000000001,schechter,-4,2230999702069.8955,0.0022309997020698957,92,10,0.10869565217391304,0.061840307125177185,186803775468847.84,37.27521155832902,0.11779772460458442,318.88256931730155,26689009.4209975,20.05072741429813,0.1347764284112398
1.4000000000000001,schechter,-4,2299504033638.1753,0.002299504033638175,79,10,0.12658227848101267,0.060832152522713456,31565969199731.812,30.074718756975614,0.11842466047461185,320.1648584281806,26435894.334847275,20.046557909767174,0.1543639580154892
1.4100000000000001,schechter,-4,2369685071465.3306,0.0023696850714653305,111,10,0.09009009009009009,0.05984506505198217,259532911148450.0,180.0187317817648,0.1190399437982678,321.4263818430289,26185965.04308979,20.03885082446362,0.1080384082123416
1.42,schechter,-4,2441573672682.045,0.002441573672682045,37,10,0.2702702702702703,0.058878474797897984,95704320640952.28,86.41485596761854,0.1196433960790384,322.66733445311985,25939173.29070372,20.02764384148143,0.31870192518430845
1.43,schechter,-4,2515201079522.781,0.0025152010795227806,58,10,0.1724137931034483,0.05793182629725302,49148754134425.055,68.31780286357731,0.12023484484435139,323.8879114752954,25695471.644191947,20.012976050425735,0.19989452624902562
1.44,schechter,-4,2590598921911.608,0.0025905989219116078,80,10,0.125,0.05700466245196567,279027487362028.9,459.28903252666043,0.12081412379603326,325.08830834875096,25454813.47682177,19.99488790789969,0.142475229494339
1.45,schechter,-4,2667799220050.9663,0.0026677992200509664,62,10,0.16129032258064516,0.056096418277295945,56827789702140.17,72.72870550786703,0.12138107295328354,326.26872063666906,25217152.95410143,19.97342119698348,0.18071570804751522
1.46,schechter,-4,2746834387013.2896,0.0027468343870132896,97,10,0.10309278350515463,0.055206567114187366,123591397825942.75,81.53010119530916,0.12193553878790152,327.42934393193684,24982445.019521292,19.9486189857284,0.11353554359494508
1.47,schechter,-4,2827737231335.6646,0.0028277372313356645,65,10,0.15384615384615385,0.05433474538642524,81625244795284.62,62.23142411603827,0.12247737435151856,328.570373767661,24750645.38054905,19.920525584753744,0.1665194900940561
1.48,schechter,-4,2910540959617.227,0.002910540959617227,74,10,0.13513513513513514,0.05348036020158986,64970590410933.55,32.119991736398234,0.12300643939460665,329.69200553093617,24521710.494854964,19.88918650388731,0.1437406565330396
1.49,schechter,-4,2995279179119.526,0.002995279179119526,47,10,0.2127659574468085,0.052643072812133096,42688849491248.734,47.930949968476135,0.12352260047705375,330.7944343821501,24295597.556820426,19.854648408088742,0.22238504293751452
1.5,schechter,-4,3081985900369.7046,0.0030819859003697048,82,10,0.12195121951219512,0.05182239022512991,90336302473641.28,96.46080375072846,0.1240257310701164,331.877855176252,24072264.484238382,19.816959072425387,0.1252392909910557
1.51,schechter,-4,3170695539766.53,0.00317069553976653,85,10,0.11764705882352941,0.05101787955694559,249053124528967.5,53.72843658035846,0.12451571164958056,332.94246238918277,23851669.90529175,19.776167336426777,0.11869860273739091
1.52,schechter,-4,3261442922189.25,0.00326144292218925,64,10,0.15625,0.05022917827123796,166951863185273.0,244.47292783808012,0.12499242977998155,333.98845004781805,23633773.145745885,19.732323057730202,0.1548653707144359
1.53,schechter,-4,3354263283609.2134,0.0033542632836092135,108,10,0.09259259259259259,0.0494558949189976,68365014241305.19,141.5040332444832,0.12545578018975678,335.0160116617336,23418534.21637197,19.685477064998754,0.0901447115886033
1.54,schechter,-4,3449192273704.3115,0.0034491922737043116,112,10,0.08928571428571429,0.04869761687342378,68396702240283.234,78.37683471207578,0.12590566483722512,336.02534016083314,23205913.800602216,19.63568111042122,0.08537597105035867
1.55,schechter,-4,3546265958476.1826,0.003546265958476183,92,10,0.10869565217391304,0.04795397889015063,66888882234544.23,109.62894814290239,0.12634199296731044,337.0166278344164,22995873.24240182,19.582987821589555,0.1020741505002807
1.56,schechter,-4,3645520822870.1914,0.0036455208228701914,88,10,0.11363636363636363,0.047224623794934084,75322827146444.69,32.28584599522472,0.12676468115894596,337.9900662734038,22788374.534365553,19.5274506529355,0.10479278531352487
1.57,schechter,-4,3746993773398.057,0.003746993773398057,85,10,0.11764705882352941,0.04650920239019074,179704587258286.44,28.92986280299501,0.12717365336312167,338.94584631679993,22583380.306024913,19.46912383685055,0.10652863775150224
1.58,schechter,-4,3850722140763.3223,0.0038507221407633224,65,10,0.15384615384615385,0.04580737335870155,147710335333692.28,120.03594897667263,0.1275688409315561,339.8841579995792,22380853.81236754,19.408062334401087,0.13677420884936362
1.59,schechter,-4,3956743682489.429,0.003956743682489429,71,10,0.14084507042253522,0.045118803164701626,177292198184001.16,182.35245570476485,0.12795018263599814,340.80519050397044,22180758.922575094,19.344321785835763,0.12292854183236243
1.6,schechter,-4,4065096585550.564,0.004065096585550564,102,10,0.09803921568627451,0.04444322558560854,150014028310785.16,60.56388208979244,0.12831762467818383,341.7091321141231,21983060.10894857,19.277958460931664,0.08399751536364478
1.61,schechter,-4,4175819469005.0786,0.004175819469005079,103,10,0.0970873786407767,0.04378027989238564,167175214210533.6,137.47995858502384,0.12867112069049735,342.5961701713697,21787722.43604854,19.209029209122047,0.08164822089673539
1.62,schechter,-4,4288951386631.654,0.004288951386631654,133,10,0.07518796992481203,0.04312965008099923,213659921307214.6,177.58767274046693,0.12901063172740435,343.4664910347037,21594711.550035674,19.137591409732057,0.06205997149585566
1.6300000000000001,schechter,-4,4404531829568.076,0.004404531829568076,92,10,0.10869565217391304,0.04249108426335546,69470076217485.75,37.84706611504309,0.1293361262477481,344.320280040497,21403993.66818979,19.063702922042605,0.08804754426435739
1.6400000000000001,schechter,-4,4522600728952.623,0.004522600728952623,75,10,0.13333333333333333,0.04186429584014972,156460554811575.97,42.911711279174654,0.12964758008801838,345.15772146750555,21215535.568644308,18.987422035632022,0.10598600711219691
1.6500000000000001,schechter,-4,4643198458568.07,0.00464319845856807,93,10,0.10752688172043011,0.041248968197838076,110656928449029.95,78.83793275948634,0.12994497642672279,345.9789985021054,21029304.58028762,18.90880742074502,0.0838676124685329
1.6600000000000001,schechter,-4,4766365837488.293,0.004766365837488293,60,10,0.16666666666666666,0.04064490452579339,259978020510317.8,31.83312853006289,0.13022830574001035,346.7842932060193,20845268.57286173,18.82791807891917,0.12754315545618813
1.6700000000000002,schechter,-4,4892144132727.456,0.004892144132727456,58,10,0.1724137931034483,0.0400517763493512,136452454213163.83,38.06545464589791,0.13049756574871402,347.5737864865388,20663395.94724198,18.744813293928374,0.12944190857909732
1.68,schechter,-4,5020575061891.776,0.005020575061891777,109,10,0.09174311926605505,0.039469369034918045,141731535915554.7,70.69189877682496,0.13075276135699798,348.34765806856336,20483655.625891827,18.659552583074294,0.06756704283741445
1.69,schechter,-4,5151700795833.778,0.005151700795833779,79,10,0.12658227848101267,0.038897444096349654,104367866524442.42,142.51146374101526,0.13099390458281196,349.10608646810283,20306017.043500546,18.572195648886584,0.09144442303785244
1.7,schechter,-4,5285563961309.175,0.005285563961309175,96,10,0.10416666666666667,0.03833572456384027,202291107033197.3,152.53092747579973,0.13122101448037002,349.8492489677155,20130450.13778125,18.48280233130833,0.07380746034801468
1.71,schechter,-4,5422207643636.169,0.005422207643636169,96,10,0.10416666666666667,0.037783995419400584,160702549912905.94,190.97789178477674,0.13143411705488842,350.57732159450194,19956925.34045368,18.39143256049061,0.07238560454393667
1.72,schechter,-4,5561675389357.374,0.005561675389357374,72,10,0.1388888888888889,0.03724207388469114,504707541951147.0,77.74931762768641,0.13163324516982902,351.29047909783685,19785413.568385925,18.298146310090985,0.09464734956018014
1.73,schechter,-4,5704011208904.129,0.0057040112089041285,130,10,0.07692307692307693,0.03670969505393207,114538689640109.2,134.46698272405945,0.1318184384469108,351.9888949313036,19615886.214899182,18.203003551381215,0.05140205457206514
1.74,schechter,-4,5849259579263.331,0.005849259579263331,76,10,0.13157894736842105,0.03618665090010098,176344078817963.66,43.75683674374612,0.13198974315916043,352.67274123366485,19448315.141239457,18.106064207958845,0.08621024008792369
1.75,schechter,-4,5997465446646.723,0.005997465446646723,85,10,0.11764705882352941,0.035672737473574245,213335608136527.44,68.28268199224041,0.13214721211728916,353.34218881287524,19282672.668198943,18.00738811131879,0.07557327396233378
1.76,schechter,-4,6148674229162.662,0.006148674229162662,99,10,0.10101010101010101,0.03516775486220991,71632515715369.84,27.718087197193988,0.13229090454968861,353.99740713053853,19118931.567901675,17.90703495722123,0.06361113289743231
1.77,schechter,-4,6302931819490.304,0.006302931819490304,48,10,0.20833333333333334,0.03467150715015921,184162994289011.8,59.78352978317655,0.13242088597635046,354.63856428911777,18957065.055737577,17.805064263015947,0.12861008602170867
1.78,schechter,-4,6460284587556.151,0.0064602845875561515,100,10,0.1,0.03418380237549623,187767658383294.2,94.97429791203422,0.1325372280770222,355.2658270181451,18797046.782446537,17.701535325787145,0.06051057853195731
1.79,schechter,-4,6620779383213.109,0.006620779383213109,111,10,0.09009009009009009,0.03370445248674414,99075408526976.56,39.74428823654163,0.13264000855391733,355.87936066416586,18638850.826349083,17.59650718160659,0.05343068830946949
1.8,schechter,-4,6784463538921.892,0.006784463538921892,87,10,0.11494252873563218,0.033233273298375554,289429556044259.44,50.03721607323911,0.1327293109893057,356.47932917991193,18482451.68572671,17.490038565718127,0.06681048639696999
1.81,schechter,-4,6951384872434.787,0.006951384872434787,60,10,0.16666666666666666,0.032770102076062346,251009396660914.4,38.58004674430976,0.13280522469831382,357.06589511551664,18327824.271332726,17.38218787382272,0.09493601182174392
1.82,schechter,-4,7121591689481.829,0.007121591689481829,91,10,0.10989010989010989,0.03231477987923592,84894392816441.39,41.81772183786263,0.132867844577269,357.6392196110601,18174943.89906127,17.273013124495417,0.06133776010650797
1.83,schechter,-4,7295132786459.3,0.0072951327864593,64,10,0.15625,0.0318671059814718,143833871769394.2,29.18311881584176,0.13291727094792347,358.1994623894218,18023786.282729935,17.162571922681423,0.08545648412105017
1.84,schechter,-4,7472057453120.553,0.007472057453120553,85,10,0.11764705882352941,0.03142691079357296,66528618169921.23,35.7813707692213,0.13295360939789763,358.74678174997246,17874327.527015675,17.050921424372046,0.06304209253552498
1.85,schechter,-4,7652415475269.288,0.007652415475269288,56,10,0.17857142857142858,0.030994093777062193,158039449465556.7,93.48474360339277,0.13297697061768127,359.28133456495493,17726544.12051855,16.938118302557108,0.0937467191207908
1.86,schechter,-4,7836257137454.938,0.007836257137454939,54,10,0.18518518518518517,0.030568444879553347,127773006611153.7,46.964612931102295,0.1329874702345315,359.80327627396963,17580412.92894541,16.824218714256855,0.09523892637190935
1.87,schechter,-4,8023633225670.506,0.008023633225670505,67,10,0.14925373134328357,0.03014982888286799,353508409016362.7,153.7366080481566,0.13298522864360543,360.3127608819241,17435911.18843124,16.709278268933115,0.07519132545739672
1.8800000000000001,schechter,-4,8214595030052.733,0.008214595030052733,62,10,0.16129032258064516,0.02973811661450121,334812348404394.6,28.484839846485606,0.13297037083666333,360.80994095639034,17293016.49898085,16.59335199809339,0.07958952205560771
1.8900000000000001,schechter,-4,8409194347584.374,0.008409194347584375,97,10,0.10309278350515463,0.029333137074966653,170798197852313.12,81.79797667780255,0.13294302622867502,361.2949676255729,17151706.818034906,16.476494326170823,0.049825491400461754
1.9000000000000001,schechter,-4,8607483484798.855,0.008607483484798855,104,10,0.09615384615384616,0.028934775261635015,299288713878406.44,83.16615852362153,0.13290332848265865,361.7679905785471,17011960.454154097,16.358759042767264,0.04551317465977984
1.9100000000000001,schechter,-4,8809515260487.19,0.00880951526048719,71,10,0.14084507042253522,0.028542888016724666,172725542889522.44,111.76925239408305,0.13285141533307546,362.22915806431405,16873756.06082675,16.240199276120002,0.06528763229684313
1.9200000000000002,schechter,-4,9015343008407.117,0.009015343008407117,66,10,0.15151515151515152,0.028157314860183136,353204613617042.06,127.68965641420189,0.13278742840810062,362.67861689254414,16737072.630372385,16.12086746791023,0.06877580925958054
1.93,schechter,-4,9225020579994.447,0.009225020579994447,158,10,0.06329113924050633,0.027777994374149184,170093978107189.88,68.09219226402605,0.13271151305108214,363.1165124351364,16601889.488000676,16.000815349437826,0.02813104802268885
1.94,schechter,-4,9438602347076.67,0.00943860234707667,131,10,0.07633587786259542,0.027404742169601315,85224150132629.78,33.997509961890536,0.1326238181414942,363.5429886277463,16468186.28592861,15.880093919037387,0.03322060148704376
1.95,schechter,-4,9656143204588.697,0.009656143204588697,138,10,0.07246376811594203,0.02703744063668878,129433738246526.45,28.955554932071244,0.13252449591568408,363.9581879724466,16335942.997650843,15.75875342088218,0.030875098559805664
1.96,schechter,-4,9877698573290.84,0.00987769857329084,147,10,0.06802721088435375,0.02667598415617778,175601357894621.44,92.13011241994813,0.13241370178770218,364.3622515407642,16205139.912292665,15.63684332507443,0.028376066992674816
1.97,schechter,-4,10103324402489.08,0.01010332440248908,122,10,0.08196721311475409,0.026320274093188045,413670337348013.2,102.97608235113255,0.13229159417049882,364.7553189764649,16075757.62908553,15.514412309032119,0.033470785603971785
1.98,schechter,-4,10333077172757.285,0.010333077172757285,100,10,0.1,0.025970170552686356,355916476925657.6,46.24729329168717,0.13215833429775978,365.13752850108574,15947777.051919853,15.391508240252366,0.03997200940624314
1.99,schechter,-4,10567013898661.744,0.010567013898661744,59,10,0.1694915254237288,0.025625565279914553,330046104334818.3,34.1703401853896,0.1320140860466449,365.50901691658686,15821179.384035045,15.268178160261023,0.06631452477137872
2.0,schechter,-4,10805192131487.816,0.010805192131487817,90,10,0.1111111111111111,0.025286351898777593,259942043832259.5,32.800011396100835,0.13185901576168338,365.8699196119024,15695946.122775251,15.144468269959638,0.04254981711045232
2.01,schechter,-4,11047669961968.742,0.011047669961968742,150,10,0.06666666666666667,0.02495242589584845,152156236816001.06,44.809472844438744,0.13169329208006922,366.22037056698656,15572059.054465903,15.020423916139428,0.024986400979446592
2.02,schechter,-4,11294506023016.516,0.011294506023016515,110,10,0.09090909090909091,0.024623684603899743,195819423612994.53,22.195950819679595,0.13151708575859106,366.56050236008053,15449500.249373306,14.896089579352658,0.03334514651212886
2.03,schechter,-4,11545759492454.9,0.0115457594924549,85,10,0.11764705882352941,0.02430002718498936,360542131568626.25,30.071950876887506,0.13133056950241706,366.89044617197874,15328252.056764135,14.771508862883792,0.04222918434486911
2.04,schechter,-4,11801490095754.588,0.011801490095754588,94,10,0.10638297872340426,0.02398135461312667,239272974624204.25,92.17821340694762,0.13113391779594796,367.2103317941947,15208297.100052891,14.646724483075642,0.03736683976057462
2.05,schechter,-4,12061758108770.377,0.012061758108770377,89,10,0.11235955056179775,0.02366756965654615,254777010476476.8,50.894462351697676,0.13092730673593825,367.5202876351358,15089618.27204791,14.521778260759195,0.03861743803634111
2.0599999999999996,schechter,-4,12326624360480.525,0.012326624360480525,123,10,0.08130081300813008,0.023358576859611846,83291076824012.0,18.139305098084513,0.1307109138670736,367.8204407271131,14972198.730271557,14.396711113859217,0.02734038073810639
2.07,schechter,-4,12596150235728.107,0.012596150235728108,71,10,0.14084507042253522,0.023054282524378467,239109237314304.06,87.11558465016637,0.1304849180201844,368.11091673398425,14856021.89238433,14.27156305117276,0.04634093614735459
2.0799999999999996,schechter,-4,12870397677964.414,0.012870397677964414,103,10,0.0970873786407767,0.02275462531259287,128771730385726.33,19.845017057721638,0.1302494991532604,368.39183995894297,14741071.431683572,14.146373167248631,0.03125198261678255
2.09,schechter,-4,13149429191994.5,0.0131494291919945,54,10,0.18518518518518517,0.0224594911655861,309862137195434.4,31.478173884060293,0.13000483819542183,368.6633333528226,14627331.272682121,14.021179638362039,0.058316400040534795
2.0999999999999996,schechter,-4,13433307846724.645,0.013433307846724644,53,10,0.18867924528301888,0.022168788937103945,191383828233281.2,74.39732514735887,0.12975111689399202,368.92551852151865,14514785.586787315,13.896019719524501,0.05812413740150434
2.11,schechter,-4,13722097277911.996,0.013722097277911996,111,10,0.09009009009009009,0.021882432464223278,254327747750117.25,37.897482731661235,0.12948851766480282,369.1785157355127,14403418.788036415,13.770929742573287,0.027147877483011135
2.1199999999999997,schechter,-4,14015861690916.031,0.014015861690916032,103,10,0.0970873786407767,0.02160038585808388,312397921171846.56,116.21282226857836,0.1292172234458553,369.4224439377903,14293215.5289337,13.645945115213642,0.028617250474451413
2.13,schechter,-4,14314665863452.277,0.014314665863452277,85,10,0.11764705882352941,0.021322518539883983,318763303913352.4,40.68540781296938,0.12893741755444604,369.65742075336493,14184160.69634576,13.521100321064948,0.033918107326533956
2.1399999999999997,schechter,-4,14618575148347.791,0.01461857514834779,91,10,0.10989010989010989,0.021048764170770395,224693591576671.9,69.57687258669456,0.12864928354785926,369.8835624976911,14076239.407488255,13.396428920610639,0.030986623415430938
2.15,schechter,-4,14927655476298.76,0.01492765547629876,58,10,0.1724137931034483,0.020779073501509204,275252998320490.84,35.712550899553634,0.12835300508771263,370.10098418673914,13969437.005973084,13.27196355309404,0.04754812175501592
2.1599999999999997,schechter,-4,15241973358630.148,0.015241973358630149,93,10,0.10752688172043011,0.020513322993489735,268353532818428.25,55.71932229608255,0.12804876580803742,370.30979954587633,13863739.057946578,13.14773593925317,0.02900040365107671
2.17,schechter,-4,15561595890057.043,0.015561595890057043,83,10,0.12048192771084337,0.020251505553925075,141281576393126.56,29.81927333944633,0.12773674918715994,370.5101210198678,13759131.34827611,13.023776884906823,0.0317772397491291
2.1799999999999997,schechter,-4,15886590751448.336,0.015886590751448337,58,10,0.1724137931034483,0.019993478733983716,532243423182342.6,119.69430344866603,0.1274171384234439,370.7020597818682,13655599.876833957,12.900116285329903,0.04446865527873456
2.19,schechter,-4,16217026212592.062,0.01621702621259206,135,10,0.07407407407407407,0.019739243149517582,158398974336967.2,29.79357187208918,0.12709011631494216,370.88572574464257,13553130.854817575,12.776783130442412,0.018681779917070904
2.1999999999999997,schechter,-4,16552971134962.705,0.016552971134962704,100,10,0.1,0.019488670381282103,208141213303718.75,47.251233048526686,0.12675586514299808,371.06122756905364,13451710.70117912,12.653805510674312,0.024660584466638272
2.21,schechter,-4,16894494974490.727,0.016894494974490727,69,10,0.14492753623188406,0.01924173375578464,156859677568308.97,34.10582616312978,0.12641456655982633,371.22867267511754,13351326.039074074,12.531210623574388,0.03494524905166354
2.2199999999999998,schechter,-4,17241667784333.54,0.017241667784333538,116,10,0.08620689655172414,0.018998353551812452,141831682695889.7,20.309101069242622,0.1260664014800965,371.3881672519037,13251963.692418212,12.409024781084684,0.020323365519331806
2.23,schechter,-4,17594560217648.88,0.01759456021764888,136,10,0.07352941176470588,0.018758451547170707,131901389925687.34,25.331387374405615,0.1257115499765309,371.539816267747,13153610.682476113,12.287273417427084,0.01694781051820916
2.2399999999999998,schechter,-4,17953243530369.695,0.017953243530369697,82,10,0.12195121951219512,0.01852200294391615,241321277243110.56,45.18145423502661,0.12535019117952442,371.6837234805785,13056254.22453316,12.165981097612137,0.027480285086048807
2.25,schechter,-4,18317789583981.21,0.01831778958398121,97,10,0.10309278350515463,0.018288921370946176,444193074095340.4,39.79896829998289,0.12498250318078254,371.8199914487248,12959881.724614153,12.045171526514569,0.022710638654431407
2.26,schechter,-4,18688270848299.613,0.018688270848299614,150,10,0.06666666666666667,0.01805914286059085,172138216970660.5,35.03451125310473,0.12460866294096873,371.9487215405326,12864480.776277887,11.9248675584578,0.014356859122120974
2.27,schechter,-4,19064760404252.97,0.019064760404252968,141,10,0.07092198581560284,0.01783261229293609,222908493705721.2,38.45625280927234,0.12422884620134438,372.07001394615855,12770039.157449897,11.805091207349758,0.014930185431448018
2.28,schechter,-4,19447331946663.56,0.01944733194666356,137,10,0.072992700729927,0.017609297236578114,174828101524259.0,27.799609937827473,0.12384322739937846,372.1839676868823,12676544.827336488,11.68586365722862,0.01502042675958135
2.29,schechter,-4,19836059787032.53,0.019836059787032533,61,10,0.16393442622950818,0.01738912095662415,103833779366208.44,28.255496402754112,0.12345197958829715,372.2906806265382,12583985.923375618,11.567205273295418,0.03297434944712044
2.3,schechter,-4,20231018856326.0,0.020231018856326,64,10,0.15625,0.017172028170979403,316312014798173.5,30.06092774636723,0.12305527436053831,372.3902494814797,12492350.758259717,11.449135613321099,0.030719512388330227
2.31,schechter,-4,20632284707763.285,0.020632284707763286,38,10,0.2631578947368421,0.01695796708266173,247744739441543.94,26.228479480821175,0.12265328177506969,372.48276983262633,12401627.816991834,11.331673439474628,0.05056898557317972
2.32,schechter,-4,21039933519606.875,0.021039933519606875,127,10,0.07874015748031496,0.016746886676888506,259304891196195.66,36.74212322362153,0.12224617028852493,372.56833613408793,12311805.754026573,11.214836730420313,0.01478847242709888
2.3299999999999996,schechter,-4,21454042097954.15,0.021454042097954148,136,10,0.07352941176470588,0.016538736715435487,399584800052327.5,64.48067070047007,0.12183410669010708,372.6470417255697,12222873.3904306,11.098642693818833,0.013496877162629511
2.34,schechter,-4,21874687879530.977,0.021874687879530976,97,10,0.10309278350515463,0.01633346773083999,404920928131664.9,47.05641508495013,0.12141725604020252,372.7189788425563,12134819.711121293,10.983107779072848,0.0184940449993633
2.3499999999999996,schechter,-4,22301948934487.168,0.022301948934487167,103,10,0.0970873786407767,0.016131031020457542,182412381381062.47,31.10245722405934,0.12099578161264772,372.78423862642273,12047633.862132035,10.868247690311255,0.01702097481848805
2.36,schechter,-4,22735903969193.652,0.02273590396919365,75,10,0.13333333333333333,0.015931378640376637,522460554867233.5,32.4648737541373,0.12056984484058411,372.8429111362614,11961305.147949908,10.754077399679522,0.022843637197628195
2.3699999999999997,schechter,-4,23176632329041.465,0.023176632329041463,83,10,0.12048192771084337,0.01573446339920026,176975548303571.47,30.295001198352487,0.12013960526583477,372.8950853583872,11875823.028886234,10.640611160755991,0.02017160323542614
2.38,schechter,-4,23624214001242.57,0.02362421400124257,70,10,0.14285714285714285,0.015540238851702304,394347605150625.3,38.18434038672039,0.11970522049173256,372.9408492181089,11791177.118503083,10.527862522225353,0.023372214027609573
2.3899999999999997,schechter,-4,24078729617632.293,0.024078729617632293,144,10,0.06944444444444445,0.015348659292361955,235535217509381.7,47.391174505845655,0.1192668461393275,372.98028958956536,11707357.181081956,10.415844341650978,0.011102030975158121
2.4,schechter,-4,24540260457473.79,0.02454026045747379,77,10,0.12987012987012986,0.015159679748790178,228907272149509.4,24.227700452786188,0.11882463580689664,373.0134923066528,11624353.129135568,10.30456879941191,0.020287527655644136
2.4099999999999997,schechter,-4,25008888450263.99,0.02500888845026399,139,10,0.07194244604316546,0.014973255975045285,441105338494880.0,67.64013065897237,0.11837874103268001,373.04054217388784,11542155.020976886,10.194047412761261,0.010981156930433273
2.42,schechter,-4,25484696178541.49,0.02548469617854149,110,10,0.09090909090909091,0.01478934461411996,416781864921275.1,40.11309795814576,0.11792931126076286,373.0615229763263,11460753.05831884,10.084291049937438,0.013558186866055486
2.4299999999999997,schechter,-4,25967766880696.15,0.025967766880696148,84,10,0.11904761904761904,0.014607925515503384,149219337456736.06,26.894622605688802,0.1174764938100209,373.07651749102234,11380137.583922423,9.975309944391984,0.017347450554968846
2.44,schechter,-4,26458184453780.32,0.02645818445378032,119,10,0.08403361344537816,0.014428936017806149,273278654110698.44,27.468321807015748,0.11702043384604897,373.08560749690116,11300299.079290532,9.867113709026379,0.011964029612433575
2.4499999999999997,schechter,-4,26956033456321.836,0.026956033456321835,125,10,0.08,0.014252334613210182,209651215358219.84,14.914148047535004,0.11656127435598546,373.0888737851451,11221228.162397789,9.759711350468393,0.011127893751617678
2.46,schechter,-4,27461399111138.926,0.027461399111138925,140,10,0.07142857142857142,0.014078080487724631,168904472848605.56,34.275295230588775,0.11609915612615085,373.0863961700294,11142915.58546343,9.653111283373967,0.00970694840030725
2.4699999999999998,schechter,-4,27974367308156.44,0.02797436730815644,88,10,0.11363636363636363,0.013906163076954137,270733863652282.56,69.30970586502012,0.11563421772241134,373.0782534989872,11065352.232765501,9.547321344703477,0.01508711449631041
2.48,schechter,-4,28495024607224.27,0.028495024607224268,114,10,0.08771929824561403,0.013736518432277633,613900354805060.2,64.31286253161701,0.11516659547318477,373.0645236634637,10988529.118494129,9.44234880799555,0.011377631442546105
2.4899999999999998,schechter,-4,29023458240936.887,0.029023458240936887,100,10,0.1,0.013569104517873853,349789791619834.6,54.07966337021519,0.11469642345499854,373.0452836081924,10912437.38464076,9.338200397559087,0.012671101720333044
2.5,schechter,-4,29559756117455.207,0.02955975611745521,123,10,0.08130081300813008,0.013403917480862781,249412052680505.84,45.42556350865616,0.11422383348051643,373.02060934240654,10837068.298925612,9.234882302661202,0.010063707343930962
2.51,schechter,-4,30104006823329.617,0.03010400682332962,71,10,0.14084507042253522,0.013240892052853281,290644407288097.06,35.045563280436944,0.11374895508894493,372.9905759495651,10762413.25276639,9.132400191611985,0.01703114438318182
2.52,schechter,-4,30656299626324.883,0.030656299626324882,81,10,0.12345679012345678,0.013080001494200633,272927433795504.16,36.475994289005016,0.11327191553873434,372.9552575974727,10688463.759278566,9.030759225773174,0.014583005452701144
2.53,schechter,-4,31216724478246.84,0.03121672447824684,144,10,0.06944444444444445,0.012921224177704138,194381084047375.25,33.91555648060402,0.112792839802488,372.9147275482991,10615211.451314276,8.92996407347175,0.00801292136751198
2.54,schechter,-4,31785372017770.367,0.03178537201777037,98,10,0.10204081632653061,0.012764502015908619,554363314596479.1,59.59381310292379,0.11231185056399447,372.86905816868943,10542648.079530537,8.830018923803715,0.011501101464633038
2.55,schechter,-4,32362333573269.55,0.03236233357326955,123,10,0.08130081300813008,0.012609836571378263,359111203142421.1,29.628921169433017,0.11182906821729809,372.818320939665,10470765.510502744,8.730927500323414,0.00895085925980735
2.56,schechter,-4,32947701165649.03,0.03294770116564903,93,10,0.10752688172043011,0.012457158169292715,437724981456118.0,22.109522760022816,0.1113446108677235,372.76258646634824,10399555.724859066,8.632693074588792,0.011563314307216174
2.57,schechter,-4,33541567511177.074,0.033541567511177074,89,10,0.11235955056179775,0.01230647242734717,207127555654319.1,30.021394661303237,0.11085859433477233,372.70192448765175,10329010.815461004,8.535318479577933,0.011802209160399169
2.5799999999999996,schechter,-4,34144026024320.625,0.03414402602432062,126,10,0.07936507936507936,0.012157716549074937,342035374923665.06,52.4436995189475,0.11037113215680884,372.63640388646274,10259122.985599501,8.438806122954489,0.008142588321863388
2.59,schechter,-4,34755170820581.527,0.03475517082058153,237,10,0.04219409282700422,0.0120108823431333,350466585892184.5,27.946158925166266,0.10988233559745512,372.5660926990474,10189884.547240347,8.343158000172581,0.00422821473039005
2.5999999999999996,schechter,-4,35375096719334.46,0.03537509671933446,104,10,0.09615384615384616,0.011865931108515637,633236624897409.5,39.55433850780027,0.109392313653616,372.491058124281,10121287.9192909,8.248375707405161,0.009411024798194575
2.61,schechter,-4,36003899246666.836,0.03600389924666684,85,10,0.11764705882352941,0.01172282420547155,491240077513652.5,51.84802847065348,0.108901173065055,372.4113665332634,10053325.625898778,8.154460454310296,0.011246271340746973
2.6199999999999997,schechter,-4,36641674638219.7,0.036641674638219705,141,10,0.07092198581560284,0.01158156304238056,185570553539711.75,22.859227442057975,0.1084090183254463,372.327083479742,9985990.294780755,8.061413076636189,0.006621543528917239
2.63,schechter,-4,37288519842030.97,0.03728851984203097,74,10,0.13513513513513514,0.011442089376732079,298280005529004.4,31.586632489273644,0.10791595169482557,372.2382737075526,9919274.6555814,7.969234048576208,0.012322255168635866
2.6399999999999997,schechter,-4,37944532521379.38,0.03794453252137938,56,10,0.17857142857142858,0.011304380666185887,238936097553002.9,32.24382534925674,0.10742207321336858,372.14500116193244,9853171.53826193,7.87792349501944,0.01590268679406952
2.65,schechter,-4,38609811057630.93,0.03860981105763093,93,10,0.10752688172043011,0.011168433421566593,316051536575361.0,60.883530662194445,0.10692748071642302,372.0473289973004,9787673.871516135,7.787481203527845,0.009352039284226024
2.6599999999999997,schechter,-4,39284454553086.164,0.039284454553086164,139,10,0.07194244604316546,0.011034196890298165,423336689889253.75,15.877910744672695,0.10643226985072582,371.9453195866526,9722774.681209411,7.697906636145499,0.006110807011968508
2.67,schechter,-4,39968562833829.43,0.03996856283382943,100,10,0.1,0.010901646921866015,349238383121550.4,36.58432310062792,0.10593653409173551,371.8390345313795,9658467.088857314,7.609198941022029,0.008295280021325895
2.6799999999999997,schechter,-4,40662236452579.47,0.04066223645257947,130,10,0.07692307692307693,0.010770764816243283,408233469456474.0,34.254449946425936,0.10544036476201399,371.72853466921157,9594744.310116976,7.521356963778939,0.006231597458144355
2.69,schechter,-4,41365576691542.0,0.041365576691542,66,10,0.15151515151515152,0.01064153480136798,232473852442449.25,32.3156413257054,0.1049438510505919,371.6138800836972,9531599.653310519,7.4343792587024735,0.011986849334553129
2.6999999999999997,schechter,-4,42078685565262.95,0.04207868556526295,97,10,0.10309278350515463,0.010513918560272062,894906372504258.9,47.952223259870316,0.10444708003325524,371.4951301130842,9469026.51798176,7.3482640997171025,0.007964850546783146
2.71,schechter,-4,42801665823484.6,0.0428016658234846,142,10,0.07042253521126761,0.010387893175188068,254078575020975.44,18.664432086433102,0.10395013669369071,371.3723433583386,9407018.393461363,7.26300949111411,0.005313194839723269
2.7199999999999998,schechter,-4,43534620954001.64,0.04353462095400164,67,10,0.14925373134328357,0.010263436017286853,482808037333515.2,97.83260305782589,0.10345310394543139,371.2455776928705,9345568.857473286,7.178613178110613,0.010996602544237389
2.73,schechter,-4,44277655185520.16,0.044277655185520154,142,10,0.07042253521126761,0.010140524745114732,479863527764905.0,55.48070331655167,0.10295606265454338,371.1148902700208,9284671.574754989,7.095072657138302,0.005066743651274499
2.7399999999999998,schechter,-4,45030873490517.43,0.04503087349051743,88,10,0.11363636363636363,0.010019137302982206,512519215307131.5,47.0031376397707,0.10245909166299956,370.9803375325023,9224320.295706078,7.01238518595546,0.007983869318123428
2.75,schechter,-4,45794381588103.34,0.045794381588103346,104,10,0.09615384615384616,0.009899257509392911,462746115958344.0,39.60196406746673,0.10196226781268383,370.84197522008867,9164508.855059594,6.9305477935049975,0.006596853585486617
2.76,schechter,-4,46568285946883.25,0.04656828594688325,70,10,0.14285714285714285,0.009780857952693234,279566403652336.2,40.58542614079657,0.10146566596997589,370.6998583783395,9105231.170576822,6.849557289573471,0.00957064955545037
2.77,schechter,-4,47352693787822.805,0.0473526937878228,72,10,0.1388888888888889,0.009663916045682619,549843970484247.6,49.57395412522726,0.10096935905086413,370.5540413667299,9046481.241760328,6.769410274215871,0.00908597396788938
2.78,schechter,-4,48147713087113.55,0.04814771308711355,71,10,0.14084507042253522,0.009548410911207172,305721890865447.6,44.60252542284498,0.1004734180465394,370.40457786660505,8988253.148596747,6.690103146964012,0.008997162519094735
2.79,schechter,-4,48953452579040.62,0.048953452579040616,143,10,0.06993006993006994,0.009434321948312174,296106756262566.06,22.239396744344553,0.09997791204942123,370.2515208899973,8930541.050315544,6.611632115827617,0.004361976642273996
2.8,schechter,-4,49770021758851.52,0.04977002175885152,152,10,0.06578947368421052,0.009321628830387674,353426240546725.5,30.848948403419104,0.09948290827957305,370.09492278646195,8873339.184167327,6.5339932060406065,0.0040070697004595595
2.81,schechter,-4,50597530885626.88,0.050597530885626886,106,10,0.09433962264150944,0.009210311503276447,212809366066944.5,27.026898598901973,0.09898847211146117,369.9348352522246,8816641.86423281,6.457182268639778,0.0056106283139250625
2.82,schechter,-4,51436090985151.875,0.051436090985151874,143,10,0.06993006993006994,0.009100350183350203,296670500619003.25,22.44586451645635,0.09849466710101733,369.77130933736515,8760443.480241075,6.381194988784566,0.004060916712320212
2.8299999999999996,schechter,-4,52285813852790.164,0.052285813852790165,62,10,0.16129032258064516,0.008991725355550373,421718403873752.2,53.832847732975,0.09800155501296365,369.6043954531673,8704738.496411402,6.306026893869354,0.009145493857159294
2.84,schechter,-4,53146812056358.26,0.05314681205635826,176,10,0.056818181818181816,0.008884422159086136,287849718098867.9,30.99095961857065,0.09750919584836228,369.4341433810456,8649521.450322606,6.231673361456561,0.0031457282329949692
2.8499999999999996,schechter,-4,54019198939002.11,0.05401919893900211,97,10,0.10309278350515463,0.008778421158264993,535752132607694.1,43.35641035846569,0.097017647872353,369.26060227898665,8594786.951786837,6.158129626946044,0.005573057259022851
2.86,schechter,-4,54903088622074.75,0.05490308862207475,93,10,0.10752688172043011,0.008673700964769049,531947568012042.6,47.62115192354039,0.09652696764204288,369.0838206896137,8540529.681758447,6.0853907910763265,0.005675576341457572
2.8699999999999997,schechter,-4,55798596008015.41,0.05579859600801541,83,10,0.12048192771084337,0.0085702430726452,567399778723460.8,50.662828417794536,0.09603721003451575,368.90384654754524,8486744.391249523,6.013451827199496,0.00620924624876411
2.88,schechter,-4,56705836783230.55,0.056705836783230545,111,10,0.09009009009009009,0.008468029235092711,862933018742445.6,52.11744442617055,0.0955484282749277,368.72072718675344,8433425.9002663,5.9423075883548515,0.004533300394783977
2.8899999999999997,schechter,-4,57624927420975.125,0.05762492742097512,110,10,0.09090909090909091,0.008367041462336133,526197411088318.0,19.039842394813412,0.09506067396466021,368.53450934792244,8380569.09677265,5.8719528141484405,0.004466442969169213
2.9,schechter,-4,58555985184237.22,0.05855598518423722,169,10,0.05917159763313609,0.008267262019477473,400441567442307.1,36.725480955120545,0.09457399710949974,368.34523918543067,8328168.935656688,5.802382137418284,0.0028384505010161354
2.9099999999999997,schechter,-4,59499128128621.8,0.0594991281286218,113,10,0.08849557522123894,0.008168688309621142,449835110791378.56,30.464819206254766,0.0940884461478178,368.15296227465416,8276220.437724468,5.733590090716668,0.004144770827097068
2.92,schechter,-4,60454475105238.055,0.060454475105238055,113,10,0.08849557522123894,0.008071290318778845,382450905262613.56,22.00036604256018,0.09360406797872392,367.9577236192791,8224718.688710108,5.6655711125996016,0.004046767192166217
2.9299999999999997,schechter,-4,61422145763586.31,0.06142214576358631,144,10,0.06944444444444445,0.007975049930201927,282220919792144.6,21.929785294526436,0.09312090799016796,367.75956765764175,8173658.8382961275,5.5983195537074595,0.0031004776365307473
2.94,schechter,-4,62402260554447.81,0.062402260554447815,126,10,0.07936507936507936,0.007879950366941557,307352712193592.0,23.877780371048452,0.09263901008696694,367.5585382700779,8123036.099160874,5.531829682682566,0.0034595669315803713
2.9499999999999997,schechter,-4,63394940732775.0,0.063394940732775,114,10,0.08771929824561403,0.007785993120295376,417102995284452.4,15.385505745354369,0.09215841671873516,367.35467878600576,8072845.746031287,5.466095691891823,0.0037332441624513967
2.96,schechter,-4,64400308360583.586,0.06440030836058358,78,10,0.1282051282051282,0.007693147183419846,479343603397172.2,35.96087993173565,0.09167916890769558,367.1480319898439,8023083.114753859,5.401111702953681,0.005327121446783855
2.9699999999999998,schechter,-4,65418486309845.55,0.06541848630984555,116,10,0.08620689655172414,0.0076013940135922775,743372609714964.8,54.48397684136317,0.0912013062763538,366.93864012869113,7973743.601392691,5.33687177212268,0.0034972125120623235
2.98,schechter,-4,66449598265384.59,0.06644959826538459,130,10,0.07692307692307693,0.007510733411922876,793816537004796.2,25.71176412313241,0.09072486707501438,366.72654491771175,7924822.661321773,5.273369895452323,0.0030466827282463085
2.9899999999999998,schechter,-4,67493768727771.32,0.06749376872777132,177,10,0.05649717514124294,0.007421142826490756,446126793844633.56,19.324903850286727,0.09024988820912404,366.51178754820097,7876315.808353685,5.210600013841657,0.0021846670573126355
3.0,schechter,-4,68551123016221.71,0.06855112301622171,180,10,0.05555555555555555,0.007332598871549467,647162591505978.5,33.58673266643768,0.0897764052664229,366.29440869231877,7828218.613865179,5.148556017854746,0.002097349780368385
3.01,schechter,-4,69621787271495.06,0.06962178727149507,92,10,0.10869565217391304,0.007245110115761233,784988405459645.8,36.289458334468065,0.08930445254389056,366.07444851127445,7780526.705950752,5.087231752435458,0.004006255894651292
3.02,schechter,-4,70705888458794.77,0.07070588845879476,128,10,0.078125,0.007158641171702174,399706714300217.9,22.60688594969889,0.08883406307447111,365.8519466598405,7733235.768582869,5.026621021405057,0.002811232515497959
3.03,schechter,-4,71803554370669.84,0.07180355437066985,88,10,0.11363636363636363,0.0070731870398249574,935571053943057.6,66.48833419119342,0.08836526865356453,365.62694229401404,7686341.540784624,4.966717591846724,0.003992104829672826
3.04,schechter,-4,72914913629917.7,0.0729149136299177,164,10,0.06097560975609756,0.006988737236318099,380942240989385.1,26.63709390939622,0.08789809986527143,365.3994740761729,7639839.815826388,4.9075151983086025,0.0020913008661107516
3.05,schechter,-4,74040095692488.3,0.0740400956924883,127,10,0.07874015748031496,0.006905267308173868,507549410982180.9,28.353500862509243,0.08743258610838046,365.16958018214075,7593726.440420668,4.849007546873463,0.0026365112827176134
3.06,schechter,-4,75179230850390.3,0.0751792308503903,242,10,0.04132231404958678,0.006822782172624775,478347259225747.0,21.04774676922245,0.08696875562208634,364.93729830600375,7547997.313944066,4.791188319060567,0.0013507948036766324
3.07,schechter,-4,76332450234597.28,0.07633245023459728,152,10,0.06578947368421052,0.006741247153113528,394740315372629.94,19.835808928055723,0.08650663551143015,364.7026656674325,7502648.387664568,4.7340511756132075,0.0020995663822563344
3.08,schechter,-4,77499885817956.73,0.07749988581795673,167,10,0.059880239520958084,0.006660673592219779,906036504490641.8,17.965241094963126,0.08604625177245216,364.4657190161133,7457675.663981256,4.6775897601081775,0.001865622670083245
3.09,schechter,-4,78681670418099.22,0.07868167041809922,95,10,0.10526315789473684,0.006581025300282595,503277410700546.7,32.846570026485246,0.08558762931704852,364.2264946388134,7413075.195680463,4.621797702466135,0.0032017018539702738
3.0999999999999996,schechter,-4,79877937700349.61,0.07987793770034961,180,10,0.05555555555555555,0.006502311581061515,395768589071388.94,23.136512228255047,0.08513079199752545,363.98502836422495,7368843.085202581,4.5666686222990975,0.0016496612372025364
3.11,schechter,-4,81088822180639.19,0.08108882218063919,88,10,0.11363636363636363,0.006424502938047749,441146804117128.75,21.889741654462362,0.08467576263084305,363.74135556971805,7324975.48391775,4.512196132150765,0.0032941610577329862
3.1199999999999997,schechter,-4,82314459228419.06,0.08231445922841907,174,10,0.05747126436781609,0.00634759866838186,894125711135721.9,60.24102948031808,0.08422256302254322,363.4955111850295,7281468.591418872,4.458373840575471,0.0016264349341141022
3.13,schechter,-4,83554985069575.55,0.08355498506957555,125,10,0.08,0.006271583685863225,416972803263443.1,26.639249701166772,0.08377121399035611,363.2475297002077,7238318.654820386,4.405195355143642,0.0022102041057887453
3.1399999999999997,schechter,-4,84810536789345.62,0.08481053678934562,119,10,0.08403361344537816,0.0061964397946101535,545224693441441.6,26.203101384249713,0.08332173538748046,362.9974451694851,7195521.968076602,4.352654285281566,0.0022664672458402617
3.15,schechter,-4,86081252335235.39,0.08608125233523539,103,10,0.0970873786407767,0.006122173561682653,483447236292609.0,21.295465935389153,0.08287414612553251,362.7452912164711,7153074.871296239,4.300744245002305,0.002556301234205042
3.1599999999999997,schechter,-4,87367270519937.86,0.08736727051993785,76,10,0.13157894736842105,0.006048754199453832,376099594945348.4,18.728807738602672,0.08242846419716175,362.49110104110673,7110973.750088734,4.2494588555565445,0.0033820963286781474
3.17,schechter,-4,88668731024253.69,0.08866873102425368,88,10,0.11363636363636363,0.005976180948510379,730519876378706.6,28.067599947869166,0.0819847066983287,362.234907423555,7069215.034901877,4.198791747924382,0.0028514476421259414
3.1799999999999997,schechter,-4,89985774400012.23,0.08998577440001224,107,10,0.09345794392523364,0.005904445985823736,524967952585897.6,19.79687235287113,0.0815428898502426,361.97674272950394,7027795.200383879,4.1487365652253585,0.0022893449494191614
3.19,schechter,-4,91318542072994.28,0.09131854207299428,117,10,0.08547008547008547,0.005833527894412716,419779965897564.5,19.295549401780058,0.08110302902095701,361.71663891622217,6986710.76474544,4.099286965026371,0.0020438722100584424
3.1999999999999997,schechter,-4,92667176345856.22,0.09266717634585622,125,10,0.08,0.005763423668165735,745557959916763.5,52.899963310807344,0.08066513874662186,361.4546275365043,6945958.289138465,4.050436621527707,0.0018675505832734436
3.21,schechter,-4,94031820401054.62,0.09403182040105462,134,10,0.07462686567164178,0.005694127816735506,572878766963788.9,38.749565830951575,0.08022923275238983,361.1907397446898,6905534.377048772,4.002179227676678,0.0017006656767070741
3.2199999999999998,schechter,-4,95412618303773.1,0.0954126183037731,127,10,0.07874015748031496,0.005625619805930349,446796910842080.6,32.01562378713193,0.07979532397297763,360.92500630121356,6865435.673682141,3.954508497159232,0.001751697742073924
3.23,schechter,-4,96809715004850.25,0.09680971500485025,185,10,0.05405405405405406,0.005557890525634934,562502657419008.2,20.685653537329717,0.07936342457287976,360.65745757699193,6825658.865381889,3.90741816631,0.0011738920219582798
3.2399999999999998,schechter,-4,98223256343707.7,0.09822325634370771,97,10,0.10309278350515463,0.005490941059747567,511923904068115.8,35.09558619286919,0.07893354596623703,360.38812355958817,6786200.679036681,3.8609019959406483,0.002185565494553798
3.25,schechter,-4,99653389051281.66,0.09965338905128165,161,10,0.062111801242236024,0.005424755046040564,299074849066370.2,13.858454516110744,0.07850569883635809,360.1170338563687,6747057.881511198,3.8149537730558976,0.001285415511229594
3.26,schechter,-4,101100260752953.3,0.1011002607529533,120,10,0.08333333333333333,0.005359319977118582,295045718978312.3,16.63395663859831,0.07807989315489611,359.84421770083395,6708227.279078383,3.769567312515012,0.0016835264502545755
3.27,schechter,-4,102564019971481.83,0.10256401997148183,98,10,0.10204081632653061,0.005294627122099604,565507532251762.5,29.66352149564337,0.0776561382006801,359.56970395584796,6669705.71686476,3.7247364585803457,0.002012356191456401
3.28,schechter,-4,104044816129938.75,0.10404481612993875,110,10,0.09090909090909091,0.005230668609372269,569469007532145.2,21.4853297739254,0.07723444257820353,359.29352111962044,6631490.078299773,3.6804550864129717,0.0017501128080640758
3.29,schechter,-4,105542799554642.75,0.10554279955464275,160,10,0.0625,0.005167443653553483,919547616460690.2,25.611932394416378,0.07681481423577075,359.0156973289916,6593577.284582875,3.636717103468213,0.001174533169755389
3.3,schechter,-4,107058121478095.33,0.10705812147809533,135,10,0.07407407407407407,0.005104934344999812,527398714543705.3,18.03241433047484,0.07639726048330328,358.73626036491885,6555964.294144623,3.59351645083156,0.0013588641147534708
3.31,schechter,-4,108590934041920.81,0.10859093404192081,146,10,0.0684931506849315,0.005043132324720978,621369875327629.1,21.91798398566137,0.0759817880098082,358.45523765611,6518648.1021335395,3.5508471044732,0.0012265336858021017
3.32,schechter,-4,110141390299802.0,0.110141390299802,162,10,0.06172839506172839,0.004982029320157233,716015444953170.8,17.781557805567125,0.07556840290051019,358.1726562847118,6481625.739898744,3.5087030764466007,0.001079040839665608
3.33,schechter,-4,111709644220423.11,0.11170964422042311,100,10,0.1,0.004921617144806101,598427487642160.5,30.36504457844569,0.07515711065365033,357.8885429885855,6444894.2744803615,3.4670784159857346,0.0017063632574502569
3.34,schechter,-4,113295850690409.3,0.1132958506904093,143,10,0.06993006993006994,0.004861887697837686,488009486916856.5,25.33189083359782,0.07474791619695409,357.602924167711,6408450.8081216905,3.4259672105855508,0.0011648019464574253
3.3499999999999996,schechter,-4,114900165517269.9,0.1149001655172699,120,10,0.08333333333333333,0.004802832963699988,870000092303502.4,33.663905119921154,0.0743408239037712,357.31582588712286,6372292.477769603,3.3853635869747105,0.001354944652469314
3.36,schechter,-4,116522745432342.11,0.1165227454323421,183,10,0.0546448087431694,0.00474444501171567,498294232373301.9,19.0713399915356,0.07393583760889016,357.02727388144274,6336416.454597149,3.345261712051201,0.0008672901771926088
3.3699999999999997,schechter,-4,118163748093735.4,0.11816374809373541,207,10,0.04830917874396135,0.004686718949210245,567150777293988.4,23.577670339287046,0.07353296062403111,356.73729355935683,6300819.9435306,3.3056557937568374,0.0007484386303462223
3.38,schechter,-4,119823332089278.73,0.11982333208927873,157,10,0.06369426751592357,0.004629643434961417,469051034202953.0,18.89711384275539,0.07313219575301971,356.44591000680896,6265500.18277916,3.266540081880649,0.0009632430474596863
3.3899999999999997,schechter,-4,121501656939466.16,0.12150165693946616,157,10,0.06369426751592357,0.004573210700057007,634118388383904.4,27.35506846812722,0.07273354530664589,356.15314799199166,6230454.443376221,3.227908868826744,0.0009402488775622532
3.4,schechter,-4,123198883100407.05,0.12319888310040705,118,10,0.0847457627118644,0.004517413168274698,311814990813156.1,19.349909607505236,0.07233701111721073,355.8590319689978,6195680.028727723,3.1897564903168614,0.0012211396587243281
3.4099999999999997,schechter,-4,124915171966774.5,0.1249151719667745,177,10,0.05649717514124294,0.0044622433458666455,902980042413583.6,22.093435855996283,0.07194259455276497,355.5635860811238,6161174.274165404,3.152077326038099,0.0007946517555802619
3.42,schechter,-4,126650685874757.12,0.1266506858747571,155,10,0.06451612903225806,0.00440769382110795,795654299015290.2,38.60068651085792,0.07155029653104333,355.2668341659892,6126934.5465087,3.11486580025893,0.00088576611234721
3.4299999999999997,schechter,-4,128405588105010.27,0.12840558810501027,97,10,0.10309278350515463,0.004353757263838243,410453791907621.4,21.909317534526895,0.07116011753309788,354.9687997582526,6092958.2436328735,3.078116382376173,0.0013815846967742016
3.44,schechter,-4,130180042885609.95,0.13018004288560994,155,10,0.06451612903225806,0.004300426424994508,630673762415313.2,21.67308056642334,0.07077205761663512,354.66950609364847,6059242.794044905,3.041823587429128,0.0008439444216485041
3.4499999999999997,schechter,-4,131974215395006.45,0.13197421539500645,128,10,0.078125,0.004247694136139346,764768818543743.1,29.585371969979928,0.07038611642905952,354.36897611324457,6025785.656462501,3.005981976569939,0.0009975384386888039
3.46,schechter,-4,133788271764981.0,0.133788271764981,212,10,0.04716981132075472,0.004195553595268908,833992702166334.2,40.02918717717575,0.07000229322022894,354.06723246632293,5992584.319403749,2.970586157482253,0.000587889312881166
3.4699999999999998,schechter,-4,135622379083600.5,0.1356223790836005,104,10,0.09615384615384616,0.0041440006667619045,487161257430445.0,18.60021643498471,0.06962058685492503,353.76429751540763,5959636.300782556,2.9356307847773766,0.0011697361470657905
3.48,schechter,-4,137476705398177.94,0.13747670539817794,124,10,0.08064516129032258,0.004093025814161155,775799603136421.2,17.000992795262086,0.06924099582504298,353.4601933375679,5926939.147505195,2.901110560317703,0.0009576064849287009
3.4899999999999998,schechter,-4,139351419718229.23,0.13935141971822923,139,10,0.07194244604316546,0.004042622169731613,574538722372971.2,14.449736014479763,0.06886351826150523,353.15494173021654,5894490.435082389,2.8670202335451993,0.0008338330616689878
3.5,schechter,-4,141246692018434.4,0.1412466920184344,172,10,0.05813953488372093,0.003992782944148621,559134150702632.3,20.80283267122413,0.06848815194590231,352.84856421342215,5862287.767236518,2.8333546017394142,0.0006577308097994268
3.51,schechter,-4,143162693241598.75,0.14316269324159875,161,10,0.062111801242236024,0.003943501425990981,618865186799468.8,16.91164392656419,0.06811489432186627,352.5410820337444,5830328.775524363,2.800108510258542,0.0006858529132381392
3.52,schechter,-4,145099595301615.34,0.14509959530161534,138,10,0.07246376811594203,0.003894770981226814,1188398683330409.5,21.582332380351332,0.06774374250617998,352.232516167445,5798611.1189587405,2.767276852738925,0.0007810079408020458
3.53,schechter,-4,147057571086428.12,0.1470575710864281,127,10,0.07874015748031496,0.003846585052695528,1065462012157132.0,30.509918152998473,0.0673746932996273,351.9228873240663,5767132.483642135,2.7348545712688757,0.0008283347019794404
3.54,schechter,-4,149036794460997.56,0.14903679446099757,92,10,0.10869565217391304,0.0037989371595863464,535163180056632.2,20.473823173212665,0.06700774319758737,351.6122159499546,5735890.582397208,2.7028366565273734,0.0011160768055189082
3.55,schechter,-4,151037440270265.2,0.1510374402702652,174,10,0.05747126436781609,0.003751826484254428,464934764330390.4,17.30480927222755,0.06664288840037871,351.3005222303515,5704883.154414197,2.6712181478881107,0.0005759739650843492
3.56,schechter,-4,153059684342121.56,0.15305968434212155,66,10,0.15151515151515152,0.0037052437245492786,632252242312685.2,23.517381243011226,0.06628012482335588,350.987826094716,5674107.964892094,2.6399941335149877,0.0014820941963717149
3.57,schechter,-4,155103703490374.12,0.1551037034903741,257,10,0.038910505836575876,0.003659180418592478,952450022119009.6,24.63591194395593,0.06591944810676449,350.6741472179539,5643562.804696245,2.6091597504047033,0.0003714936290918494
3.58,schechter,-4,157169675517716.0,0.157169675517716,161,10,0.062111801242236024,0.0036136303707654527,680797596578094.8,23.17345922224954,0.06556085362535716,350.3595050247481,5613245.49001041,2.578710184422512,0.0005787891577535013
3.59,schechter,-4,159257779218697.2,0.1592577792186972,121,10,0.08264462809917356,0.003568587459355399,577431576872171.8,15.60011131255834,0.0652043364977763,350.04391869240317,5583153.862002588,2.5486406703062396,0.0007516567879717344
3.5999999999999996,schechter,-4,161368194382695.0,0.161368194382695,125,10,0.08,0.003524053596677623,724778680804871.2,18.80680668430215,0.06484989159570673,349.7274071537446,5553285.786493722,2.518946491646439,0.0007101521954980091
3.61,schechter,-4,163501101796887.06,0.16350110179688707,155,10,0.06451612903225806,0.00348001735750858,399247163820699.2,16.99926823246289,0.06449751355280299,349.4099891001099,5523639.15362708,2.4896229808430497,0.0005589633023861977
3.6199999999999997,schechter,-4,165656683249225.03,0.16565668324922503,146,10,0.0684931506849315,0.0034364706627535435,611186525739472.5,22.157329209851646,0.06414719677339552,349.09168298509195,5494211.877547617,2.4606655190484763,0.0005791784155520075
3.63,schechter,-4,167835121531409.34,0.16783512153140934,107,10,0.09345794392523364,0.003393407667001913,468718475350560.9,16.513189459772867,0.06379893544097907,348.772507026319,5465001.896084231,2.4320695360754447,0.0007713087299439439
3.6399999999999997,schechter,-4,170036600441864.3,0.1700366004418643,239,10,0.04184100418410042,0.0033508330895932747,719749353181305.2,21.77967273996988,0.06345272352648877,348.4524792094917,5436007.170438018,2.4038305103022375,0.0003370223772257165
3.65,schechter,-4,172261304788716.56,0.17226130478871657,114,10,0.08771929824561403,0.0033087323469530583,525123488443146.3,17.41004706633921,0.0631085547963669,348.13161729053013,5407225.684871397,2.375943968544441,0.0006895932160764044
3.6599999999999997,schechter,-4,174509420392770.97,0.17450942039277098,155,10,0.06451612903225806,0.0032670984735134745,785835905978141.8,27.233356993783808,0.06276642282042497,347.80993879904196,5378655.446409031,2.348405485921622,0.0004949981921448516
3.67,schechter,-4,176781134090491.97,0.17678113409049198,142,10,0.07042253521126761,0.0032259331121929913,721222755039284.5,16.347918868733977,0.062426320979504686,347.4874610407629,5350294.484533614,2.321210685695976,0.0005273289022086513
3.6799999999999997,schechter,-4,179076633736982.44,0.17907663373698243,86,10,0.11627906976744186,0.003185229602593931,637182354844001.2,19.512501079908134,0.06208824247294238,347.1642010997039,5322140.850894996,2.2943552390973054,0.0008497730495859551
3.69,schechter,-4,181396108208964.62,0.18139610820896462,239,10,0.04184100418410042,0.0031449766819088287,664244666680404.4,16.311953855635892,0.06175218032584041,346.8401758429586,5294192.619019311,2.2678348651487203,0.00029842208239801583
3.6999999999999997,schechter,-4,183739747407763.84,0.18373974740776383,232,10,0.04310344827586207,0.0031051772235768382,774898778487882.2,24.314654667504662,0.061418127396149415,346.5154019207953,5266447.884021641,2.241645330446424,0.00030003043204481086
3.71,schechter,-4,186107742262290.62,0.18610774226229063,119,10,0.08403361344537816,0.003065823748541141,899923999039272.9,17.281887787191458,0.06108607638156587,346.18989577140957,5238904.762326913,2.21578244895866,0.0005708570129090849
3.7199999999999998,schechter,-4,188500284732025.88,0.18850028473202587,256,10,0.0390625,0.0030269051216256226,668368424800040.9,20.274789166855204,0.06075601982624775,345.8636736224473,5211561.39139034,2.1902420817885893,0.0002589708974596034
3.73,schechter,-4,190917567810005.9,0.1909175678100059,140,10,0.07142857142857142,0.0029884294123907473,823679972689495.0,18.624273380185596,0.06042795012735299,345.5367514938491,5184415.929424091,2.1650201369347895,0.00046214356111672625
3.7399999999999998,schechter,-4,193359785525809.5,0.1933597855258095,155,10,0.06451612903225806,0.0029503802682785407,610254879472374.2,13.072183553234572,0.060101859541404255,345.2091452010246,5157466.555130386,2.1401125690432967,0.00040736425132904765
3.75,schechter,-4,195827132948545.44,0.19582713294854542,103,10,0.0970873786407767,0.0029127566730177135,1101499125213078.2,27.485214510402745,0.05977774019048319,344.88087035639427,5130711.467432381,2.1155153791360712,0.0005982506347039019
3.76,schechter,-4,198319806189841.25,0.19831980618984124,123,10,0.08130081300813008,0.002875557792178962,893836183076761.2,20.325432185939984,0.059455584068258405,344.55194237260025,5104148.885215932,2.0912246143427886,0.0004888973361764106
3.77,schechter,-4,200838002406832.56,0.20083800240683256,192,10,0.052083333333333336,0.0028387692047636692,668184322415917.8,20.08211955110323,0.05913538304585055,344.22237646489214,5077777.047071797,2.0672363676164642,0.0003056461947581837
3.78,schechter,-4,203381919805154.6,0.2033819198051546,139,10,0.07194244604316546,0.0028024017489208797,864751344798626.4,23.54608223361578,0.05881712887753789,343.89218765360425,5051594.211037625,2.043546777439103,0.000412002810294746
3.79,schechter,-4,205951757641933.84,0.20595175764193385,122,10,0.08196721311475409,0.0027664345334624807,511140153916423.0,14.991247031569461,0.05850081320630583,343.5613907663209,5025598.654353037,2.020152027520972,0.0004580834698178905
3.8,schechter,-4,208547716228779.53,0.20854771622877954,127,10,0.07874015748031496,0.002730876859574849,773512550193297.2,22.903403095892777,0.058186427569244414,343.23000044039037,4999788.673212268,1.9970483464916495,0.0004294246548729339
3.81,schechter,-4,211169996934780.56,0.21116999693478056,213,10,0.046948356807511735,0.0026957132261157257,745101779023784.8,18.528952469421768,0.05787396340279591,342.8980311250534,4974162.582516595,1.9742320075799737,0.00024985743353306744
3.82,schechter,-4,213818802189497.34,0.21381880218949734,135,10,0.07407407407407407,0.00266094850490195,1005230407089769.6,19.776659542733334,0.0575634120478575,342.56549708520527,4948718.7156405095,1.9516993283006838,0.0003846941784933218
3.83,schechter,-4,216494335485959.97,0.21649433548595998,158,10,0.06329113924050633,0.0026265705733095057,833898606068881.2,24.78725282744075,0.057254764754740534,342.23241240078994,4923455.424194368,1.9294466701067248,0.00032074859787799607
3.84,schechter,-4,219196801383664.03,0.21919680138366404,164,10,0.06097560975609756,0.002592582719369463,801792515168560.8,26.578215458364618,0.056948012687991136,341.89879097256215,4898371.077789676,1.9074704380719718,0.0003015411521617984
3.8499999999999996,schechter,-4,221926405511569.28,0.22192640551156928,251,10,0.0398406374501992,0.0025589729763988434,1338203445227263.5,26.99288491549718,0.056643146931074334,341.5646465210782,4873464.063811505,1.885767080531376,0.00019225605573156704
3.86,schechter,-4,224683354571098.4,0.2246833545710984,206,10,0.04854368932038835,0.0025257461849839125,881438291940208.1,25.05155594678612,0.056340158490925135,341.2299925915219,4848732.787193777,1.8643330887489316,0.00022858408672072272
3.8699999999999997,schechter,-4,227467856339137.44,0.22746785633913744,138,10,0.07246376811594203,0.002492887480152861,866268108905350.8,19.189505093645476,0.05603903830236975,340.8948425541451,4824175.670194775,1.8431649965552426,0.00033295673505569245
3.88,schechter,-4,230280119671036.5,0.2302801196710365,257,10,0.038910505836575876,0.002460406224955025,741154614265918.9,16.49575404208145,0.05573977723241955,340.5592096077725,4799791.152178878,1.822259379999052,0.00017445518762771798
3.8899999999999997,schechter,-4,233120354503611.8,0.23312035450361182,154,10,0.06493506493506493,0.002428284450872731,1301348609329497.8,19.777157862068332,0.05544236608444147,340.2231067803522,4775577.689400512,1.801612856978473,0.0002840797718891703
3.9,schechter,-4,235988771858149.75,0.23598877185814976,184,10,0.05434782608695652,0.0023965307972029226,1400967189180193.5,17.386624665024037,0.0551467956022065,339.88654693222196,4751533.754790982,1.7812220868834086,0.00023199747760185589
3.9099999999999997,schechter,-4,238885583843409.2,0.2388855838434092,267,10,0.03745318352059925,0.0023651322421427423,765489027495722.9,18.606524176969415,0.0548530564738208,339.54954275871495,4727657.837746424,1.7610837702303352,0.0001559998504152085
3.92,schechter,-4,241811003658628.9,0.2418110036586289,187,10,0.053475935828877004,0.002334088487722097,780244606283208.9,20.362760920284718,0.054561139335540465,339.21210678993964,4703948.4439248545,1.7411946482818892,0.00021733167825872102
3.9299999999999997,schechter,-4,244765245596531.88,0.24476524559653187,114,10,0.08771929824561403,0.002303398292224701,1108237996101263.6,22.07572392464699,0.054271034775474035,338.87425139558735,4680404.095037893,1.7215515026871517,0.0003478437536198643
3.94,schechter,-4,247748525046333.7,0.24774852504633368,233,10,0.04291845493562232,0.0022730503820173054,737590223243520.0,19.958133553187345,0.05398273333717482,338.5359887850243,4657023.328652699,1.7021511550979016,0.0001660547353367589
3.9499999999999997,schechter,-4,250761058496749.78,0.2507610584967498,120,10,0.08333333333333333,0.0022430520788816466,980507655594932.6,20.121588108228902,0.053696225523125696,338.19733100998866,4633804.697992794,1.6829904667950715,0.0003145862721068898
3.96,schechter,-4,253803063539004.88,0.2538030635390049,231,10,0.04329004329004329,0.002213391154177291,803795987195909.9,21.671124574358807,0.05341150179811911,337.8582899660222,4610746.771740449,1.6640663383067038,0.00015944717373040057
3.9699999999999998,schechter,-4,256874758869842.8,0.2568747588698428,108,10,0.09259259259259259,0.0021840636917331846,1032225067834446.2,24.575470706286275,0.05312855259253501,337.518877395388,4587848.13384705,1.645375709033896,0.00033274123568154416
3.98,schechter,-4,259976364294538.75,0.25997636429453874,136,10,0.07352941176470588,0.002155075546377061,1007458076288009.8,20.005394186773426,0.05284736830551836,337.1791048882812,4565107.3833417045,1.6269155568654665,0.0002578033773986166
3.9899999999999998,schechter,-4,263108100729908.94,0.2631081007299089,209,10,0.04784688995215311,0.002126413170168928,1020808408017328.4,20.663548261809762,0.05256793930805998,336.83898388409546,4542523.13414405,1.6086828977928616,0.00016367102873168692
4.0,schechter,-4,266270190207326.88,0.2662701902073269,85,10,0.11764705882352941,0.002098074517377313,649381846846670.4,13.790909446406513,0.05229025594598198,336.49852567478104,4520094.014880405,1.5906747855347554,0.0003926299097605992
4.01,schechter,-4,269462855875734.56,0.26946285587573454,85,10,0.11764705882352941,0.002070064470853339,568535819073724.8,14.957710345413815,0.052014308542830644,336.15774140581715,4497818.66870036,1.5728883111489245,0.00038305649523881176
4.02,schechter,-4,272686322004659.22,0.2726863220046592,182,10,0.054945054945054944,0.0020423706930323693,660564387310519.9,15.21210190481778,0.051740087402679,335.8166420770013,4475695.7530969195,1.555320602643729,0.00017453523170928543
4.03,schechter,-4,275940813987228.7,0.2759408139872287,231,10,0.04329004329004329,0.002014990211417045,712564888519559.4,16.688744362560996,0.05146758281284127,335.4752385468896,4453723.939732424,1.5379688246078003,0.00013415550333546733
4.04,schechter,-4,279226558343187.38,0.2792265583431874,279,10,0.035842293906810034,0.0019879269736976513,943011491188685.8,16.920117825651197,0.05119678504650158,335.13354153171474,4431901.9142613495,1.5208301778122038,0.00010836198325757259
4.05,schechter,-4,282543782721916.9,0.2825437827219169,293,10,0.034129692832764506,0.0019611726074768576,1213404935312573.0,27.424674985272695,0.05092768436525858,334.7915616089819,4410228.376158676,1.5039018988359323,0.00010066249857779735
4.06,schechter,-4,285892715905451.44,0.28589271590545146,159,10,0.06289308176100629,0.0019347223331387386,579784974801212.0,13.470047916894874,0.05066027102158882,334.44930921818496,4388702.038552683,1.4871812596793754,0.00018096118217151506
4.07,schechter,-4,289273587811500.6,0.28927358781150064,79,10,0.12658227848101267,0.0019085736823664101,932261634881047.2,18.218983356015563,0.05039453526123035,334.10679466350376,4367321.6280537555,1.4706655673853746,0.0003553004553764798
4.08,schechter,-4,292686629496467.6,0.2926866294964676,222,10,0.04504504504504504,0.0018827302949719904,600758323859851.4,14.026341919680752,0.05013046732548883,333.76402811424447,4346085.884590511,1.454352163652829,0.0001233402197327587
4.09,schechter,-4,296132073158473.9,0.2961320731584739,218,10,0.045871559633027525,0.0018571820205569578,949245487956258.0,21.075031634085573,0.049868057453468215,333.4210196072435,4324993.5612532655,1.4382384244618491,0.00012252617170572077
4.1,schechter,-4,299610152140378.6,0.2996101521403786,160,10,0.0625,0.0018319260412740235,828438967551830.0,20.345481071470793,0.04960729588422757,333.0777790483172,4304043.424121051,1.422321759689599,0.00016284926691537938
4.109999999999999,schechter,-4,303121100932805.5,0.3031211009328055,204,10,0.049019607843137254,0.0018069595590570753,998209451013054.8,22.286498375010407,0.04934817285886632,332.7343162145556,4283234.252119073,1.4065996127405418,0.00012459159882389717
4.12,schechter,-4,306665155177164.5,0.3066651551771645,126,10,0.07936507936507936,0.0017822838574036437,913546644387402.4,16.34544548855903,0.04909067862253967,332.3906407545058,4262564.836847282,1.3910694601588414,0.00019676830502923047
4.13,schechter,-4,310242551668678.44,0.3102425516686784,184,10,0.05434782608695652,0.0017578937226969682,936870807058254.8,21.085854400332124,0.04883480342640599,332.046762190466,4242033.982438276,1.3757288112604809,0.00013143396964392182
4.14,schechter,-4,313853528359411.0,0.313853528359411,307,10,0.03257328990228013,0.0017337844614816467,976860397492993.4,20.127721505872703,0.04858053752950762,331.70268992088916,4221640.505400525,1.3605752077618156,7.683857178809769e-05
4.1499999999999995,schechter,-4,317498324361291.44,0.31749832436129144,288,10,0.034722222222222224,0.0017099533614314266,1068284576641075.2,22.34851357535525,0.04832787120058748,331.358433220383,4201383.234468503,1.3456062234016029,7.989319044682701e-05
4.16,schechter,-4,321177179949145.06,0.3211771799491451,113,10,0.08849557522123894,0.0016863977297620902,1325363361761608.8,21.628215051793056,0.04807679471984265,331.0140012420957,4181261.010457904,1.3308194635759139,0.00019860981611483395
4.17,schechter,-4,324890336563720.6,0.3248903365637206,242,10,0.04132231404958678,0.0016631156997790608,940512754894131.0,18.89299494965769,0.04782729838061681,330.6694030192753,4161272.6861168793,1.316212564969643,9.045511491931738e-05
4.18,schechter,-4,328638036814722.25,0.32863803681472226,81,10,0.12345679012345678,0.001640107185350792,997299642621768.6,20.266152868069707,0.0475793724910331,330.3246474664631,4141417.125983926,1.3017831951902,0.00026358814471609375
4.1899999999999995,schechter,-4,332420524483839.75,0.33242052448383974,150,10,0.06666666666666667,0.0016173658648379607,1117201679580093.0,18.683344922484988,0.04733300737556878,329.97974338064887,4121693.2062488887,1.2875290524036747,0.00013882703595632462
4.2,schechter,-4,336238044527780.6,0.3362380445277806,239,10,0.04184100418410042,0.0015948891298570578,1455153597388678.5,15.311009083312413,0.04708819337657378,329.6346994435104,4102099.814607074,1.273447864974798,8.49794208070286e-05
4.21,schechter,-4,340090843081302.5,0.3400908430813025,275,10,0.03636363636363636,0.0015726743912953811,1311749656536949.2,22.735980838354145,0.04684492085573398,329.2895242221835,4082635.850129579,1.2595373911079537,7.203062544998086e-05
4.22,schechter,-4,343979167460247.9,0.34397916746024787,260,10,0.038461538461538464,0.0015507190792650727,1022592908253186.2,20.383726996842295,0.046603180195481396,328.9442261711527,4063300.22312007,1.2457954184902154,7.43030278582228e-05
4.2299999999999995,schechter,-4,347903266164579.25,0.34790326616457923,243,10,0.0411522633744856,0.0015290206430536024,906933189130788.2,17.679188388942958,0.0463629618003518,328.5988136326727,4044091.8549862206,1.2322197639352528,7.753454550763943e-05
4.24,schechter,-4,351863388881413.1,0.3518633888814131,186,10,0.053763440860215055,0.0015075765510765837,1383258292886749.0,17.876428192858512,0.046124256098292224,328.25329483952146,4025009.6781047075,1.2188082730361345,9.878746089717327e-05
4.25,schechter,-4,355859786488057.9,0.3558597864880579,309,10,0.032362459546925564,0.0014863842908267033,1108357986948959.4,18.77321948629432,0.04588705354191895,327.907677915385,4006052.635690871,1.2055588198126392,5.799105797531026e-05
4.26,schechter,-4,359892711055050.8,0.35989271105505083,217,10,0.04608294930875576,0.0014654427223611544,934535256001091.4,15.582769106948877,0.04565134460972769,327.56197087634433,3987219.681670151,1.192469306365484,8.052974500702087e-05
4.27,schechter,-4,363962415849197.44,0.3639624158491974,96,10,0.10416666666666667,0.0014447484478410377,1141094322485089.0,19.22735667154688,0.04541711980725716,327.2161816323246,3968509.7805564064,1.179537662534647,0.0001775140840746851
4.28,schechter,-4,368069155336610.1,0.3680691553366101,302,10,0.033112582781456956,0.001424298326580864,1515945577269813.5,22.063690540180236,0.0451843696682072,326.87031798858175,3949921.907314913,1.1667618455554847,5.502705113056548e-05
4.29,schechter,-4,372213185185747.0,0.372213185185747,179,10,0.055865921787709494,0.001404089927963037,1219751195205173.0,18.82255149056636,0.04495308475551311,326.524387646198,3931455.0472522303,1.1541398397216631,9.053162706223804e-05
4.3,schechter,-4,376394762270454.9,0.3763947622704549,278,10,0.03597122302158273,0.0013841208401229599,1131397669250498.5,22.565187303692124,0.04472325566237682,326.17839820476075,3913108.1958865277,1.1416696560524164,5.684204185173242e-05
4.31,schechter,-4,380614144673011.5,0.3806141446730115,146,10,0.0684931506849315,0.0013643886698944119,1126174339613787.5,19.892985699870387,0.044494873013256726,325.83235716214256,3894880.358826569,1.1293493319544994,0.00010553913923777685
4.32,schechter,-4,384871591687167.06,0.38487159168716706,229,10,0.043668122270742356,0.001344891042752261,1636357384001849.2,29.056881192587138,0.044267927464816684,325.4862719160608,3876770.551660913,1.1171769308959554,6.561053482670007e-05
4.33,schechter,-4,389167363821188.25,0.3891673638211883,240,10,0.041666666666666664,0.001325625602754732,1161097260166038.0,15.674346178303233,0.04404240970683595,325.14014976677527,3858777.7998315697,1.1051505420816685,6.104232722840544e-05
4.34,schechter,-4,393501722800903.25,0.39350172280090323,164,10,0.06097560975609756,0.001306590012483566,1140452719901302.8,13.487300220408935,0.04381831046308065,324.79399791573013,3840901.138524533,1.093268280122405,8.710081803494025e-05
4.35,schechter,-4,397874931572747.5,0.3978749315727475,172,10,0.05813953488372093,0.001287781952986844,1775655167977707.8,28.099082105874345,0.043595620492138186,324.4478234692056,3823139.612554538,1.081528284721946,8.097515155289181e-05
4.36,schechter,-4,402287254306810.3,0.40228725430681034,231,10,0.04329004329004329,0.001269199123715925,1097764391753861.8,17.701917426265243,0.04337433058821551,324.10163343749247,3805492.276251821,1.0699287203521344,5.8785826593481813e-05
4.37,schechter,-4,406738956399879.94,0.40673895639987995,145,10,0.06896551724137931,0.001250839242467272,1409794180434376.5,19.160909399463126,0.0431544315819022,323.7554347376991,3787958.1933524255,1.0584677759438186,9.130848489914375e-05
4.38,schechter,-4,411230304478495.9,0.4112303044784959,233,10,0.04291845493562232,0.0012327000453183912,894853987796823.1,18.85676102955193,0.042935914340899516,323.40923419378873,3770536.4368874063,1.0471436645708478,5.539974432495066e-05
4.39,schechter,-4,415761566401994.1,0.41576156640199413,261,10,0.038314176245210725,0.0012147792865666585,1146206761092383.8,21.669343265168248,0.04271876977071631,323.0630385383041,3753226.089076467,1.0359546231436063,4.821671333401615e-05
4.3999999999999995,schechter,-4,420333011265558.9,0.4203330112655589,112,10,0.08928571428571429,0.0011970747386664815,1240059755879513.5,13.660700305910165,0.0425029888153329,322.71685441288133,3736026.2412209357,1.0248989121010914,0.00010954291047883707
4.41,schechter,-4,424944909403272.9,0.4249449094032729,188,10,0.05319148936170213,0.0011795841921637962,1328419897923662.0,23.218964534316534,0.04228856245783335,322.37068837032325,3718935.9935974055,1.0139748151109014,6.36206735721823e-05
4.42,schechter,-4,429597532391169.25,0.42959753239116927,283,10,0.0353356890459364,0.001162305455633894,1171077293850678.0,18.63640720916291,0.042075481721007855,322.02454687443463,3701954.455356704,1.0031806387662678,4.120149573937554e-05
4.43,schechter,-4,434291153050283.94,0.43429115305028393,225,10,0.044444444444444446,0.0011452363556151424,1315433287057203.5,17.73180369142664,0.041863737667925324,321.67843630178356,3685080.744418201,0.9925147122907102,5.051839697769887e-05
4.4399999999999995,schechter,-4,439026045449709.8,0.4390260454497098,127,10,0.07874015748031496,0.0011283754660378342,1346684718942166.5,18.560509471581,0.041653321402477496,321.3323629438668,3668313.9873721073,0.9819753872487264,8.724700277357987e-05
4.45,schechter,-4,443802484909649.06,0.4438024849096491,285,10,0.03508771929824561,0.0011117211065181376,1605846160965767.5,22.021200581472826,0.041444224069895445,320.9863330055135,3651653.319377335,0.9715610372464558,3.789841794307156e-05
4.46,schechter,-4,448620748004470.25,0.44862074800447027,179,10,0.055865921787709494,0.001095270123830261,1333897658990223.5,16.572761986132996,0.041236436857238865,320.64035260809595,3635097.884063798,0.9612700576511772,5.881845670826407e-05
4.47,schechter,-4,453481112565763.0,0.453481112565763,196,10,0.05102040816326531,0.0010790204105967094,1051578674625507.2,16.017419031156752,0.04102995099385941,320.2944277903377,3618646.833436934,0.9511008653066433,5.236006358173775e-05
4.4799999999999995,schechter,-4,458383857685395.94,0.4583838576853959,247,10,0.04048582995951417,0.0010629698771240648,1269330911957722.0,14.639054816693127,0.04082475775183858,319.94856450792776,3602299.327779113,0.9410518982468926,4.049837330554119e-05
4.49,schechter,-4,463329263718573.3,0.4633292637185733,256,10,0.0390625,0.0010471164513337072,1852051855023008.8,23.520221605670127,0.04062084844640118,319.6027686363465,3586054.5355572705,0.9311216154240756,3.8085654754022144e-05
4.5,schechter,-4,468317612286893.75,0.4683176122868937,133,10,0.07518796992481203,0.0010314580786938699,1390723505853789.5,14.80804393349166,0.04041821443630461,319.2570459703522,3569911.633328093,0.9213084964284559,7.145045801582203e-05
4.51,schechter,-4,473349186281409.4,0.4733491862814094,202,10,0.04950495049504951,0.0010159927221490284,1109703108338293.0,16.3073888855288,0.04021684712420523,318.9114022259623,3553869.805647869,0.9116110412197864,4.585099917376242e-05
4.52,schechter,-4,478424269865687.1,0.47842426986568715,215,10,0.046511627906976744,0.0010007183620511784,1368395481461095.8,20.26365411257611,0.04001673795700224,318.5658430407844,3537928.2449801154,0.9020277698560315,4.198491871511652e-05
4.53,schechter,-4,483543148478869.2,0.4835431484788692,211,10,0.04739336492890995,0.0009856348049789299,1162592023324240.5,16.37550879335881,0.03981787842615967,318.220373975135,3522086.15160432,0.8925572222274679,4.169362387027041e-05
4.54,schechter,-4,488706108838733.75,0.4887061088387338,155,10,0.06451612903225806,0.0009707397571928622,1503441578799482.0,18.94204223952471,0.03962026006800758,317.8750005135996,3506342.7335315645,0.8831979577965,5.531324974868427e-05
4.55,schechter,-4,493913438944759.2,0.4939134389447592,107,10,0.09345794392523364,0.0009560298601322126,1275015615738166.0,19.797925220372495,0.0394238744640223,317.52972806453715,3490697.2064130404,0.8739485553326499,7.808606683340398e-05
4.56,schechter,-4,499165428081187.56,0.4991654280811876,169,10,0.05917159763313609,0.0009415031584268929,1428492577118139.8,22.801152527251816,0.03922871324108732,317.1845619625391,3475148.7934561176,0.8648076126605064,4.817864489653774e-05
4.57,schechter,-4,504462366820087.3,0.5044623668200873,122,10,0.08196721311475409,0.0009271577138125764,1850062863277602.0,21.60097428804584,0.03903476807173469,316.8395074684658,3459696.7253384124,0.8557737464031046,6.503583854556769e-05
4.58,schechter,-4,509804547024420.6,0.5098045470244206,316,10,0.03164556962025317,0.0009129916050572007,1279083818116870.5,17.642763205753887,0.03884203067436807,316.49456977036425,3444340.2401227453,0.8468455917307656,2.446718088702173e-05
4.59,schechter,-4,515192261851108.4,0.5151922618511083,93,10,0.10752688172043011,0.0008990058639499754,1318158740288214.5,17.56410198125059,0.0386504928134673,316.14975398456914,3429078.583176759,0.8380218021142773,8.100930260415713e-05
4.6,schechter,-4,520625805754096.3,0.5206258057540963,228,10,0.043859649122807015,0.0008851968185137338,1575070146404248.5,18.704440173834957,0.038460146299776024,315.8050651567303,3413911.0070874332,0.8293010490793045,3.219713378224132e-05
4.61,schechter,-4,526105474487425.2,0.5261054744874252,191,10,0.05235602094240838,0.0008715615289572876,1506755961831686.8,17.82096818259258,0.03827098299047199,315.4605082622165,3398836.7715838132,0.8206820219638605,3.7448946484323586e-05
4.62,schechter,-4,531631565108295.3,0.5316315651082953,321,10,0.03115264797507788,0.0008580981371015817,1092759607274330.6,13.953005737510718,0.038082994789321374,315.1160882072347,3383855.1434541843,0.8121634276790163,2.171077645836134e-05
4.63,schechter,-4,537204375980139.4,0.5372043759801394,304,10,0.03289473684210526,0.0008448049081036801,1121583565749250.4,15.420276667584591,0.03789617364681675,314.77180982958265,3368965.396468138,0.803743990472488,2.23357522371709e-05
4.64,schechter,-4,542824206775692.0,0.542824206775692,192,10,0.052083333333333336,0.0008316843849907052,1154179029103111.2,14.877666530703404,0.03771051156030021,314.42767789956605,3354166.8113015178,0.7954224516959948,3.445523086180117e-05
4.6499999999999995,schechter,-4,548491358480058.6,0.5484913584800586,240,10,0.041666666666666664,0.0008187303500206689,1343727445413532.8,14.533102950345201,0.03752600057407135,314.08369712104485,3339458.6754533774,0.7871975695736552,2.685427256968577e-05
4.66,schechter,-4,554206133393790.2,0.5542061333937902,234,10,0.042735042735042736,0.0008059410072805973,1673392666355704.5,14.832872213429159,0.03734263277948092,313.7398721313229,3324840.2831766997,0.7790681189733834,2.683260446776106e-05
4.67,schechter,-4,559968835135951.4,0.5599688351359514,272,10,0.03676470588235294,0.0007933145773270089,2161020824882786.5,18.53386562219779,0.037160400315010805,313.3962075032584,3310310.935399574,0.7710328911842111,2.2487927653493538e-05
4.68,schechter,-4,565779768647200.2,0.5657797686472003,208,10,0.04807692307692308,0.0007808540774157935,1399959044762875.2,15.25110816604336,0.036979295366340204,313.05270774526366,3295869.9396521407,0.7630906936922346,2.8647234596520563e-05
4.6899999999999995,schechter,-4,571639240192856.8,0.5716392401928567,182,10,0.054945054945054944,0.0007685532552917929,1883670360833666.5,17.829737942674477,0.03679931016639911,312.70937730130544,3281516.609994206,0.7552403499594006,3.1892441180714844e-05
4.7,schechter,-4,577547557365980.5,0.5775475573659805,147,10,0.06802721088435375,0.0007564101501202902,1890720390720752.0,17.23859960874678,0.036620436995409095,312.3662205542811,3267250.26694219,0.7474806992128641,3.846272026555252e-05
4.71,schechter,-4,583505029090445.5,0.5835050290904455,274,10,0.0364963503649635,0.000744424715761749,1335948637834149.5,15.044383197837579,0.03644266818091213,312.0232418232111,3253070.2373980703,0.7398105962223456,2.0099755212056556e-05
4.72,schechter,-4,589511965624017.6,0.5895119656240176,326,10,0.03067484662576687,0.0007325972728554619,1730509741759962.5,15.975486517944523,0.03626599609778732,311.68044536722095,3238975.8545814385,0.7322289110971184,1.64548743366771e-05
4.7299999999999995,schechter,-4,595568678561430.8,0.5955686785614307,281,10,0.03558718861209965,0.0007209224730578834,1164192356615053.5,12.343826077845634,0.03609041316825672,311.3378353841101,3224966.457955114,0.7247345290710138,1.8593502099940062e-05
4.74,schechter,-4,601675480837467.8,0.6016754808374678,222,10,0.04504504504504504,0.0007093986425338317,1436380071295457.8,15.862888853973136,0.03591591186187994,310.99541601249865,3211041.393161196,0.7173263503008049,2.2922087349420667e-05
4.75,schechter,-4,607832686730034.1,0.6078326867300341,258,10,0.03875968992248062,0.00069802967009025,1473666521487167.2,19.59063737898628,0.035742484695538375,310.65319133103844,3197200.011952672,0.710003289659142,1.9209432637355156e-05
4.76,schechter,-4,614040611863243.0,0.614040611863243,246,10,0.04065040650406504,0.0006868084848357103,1411495305355762.0,15.64900070127029,0.035570124233408995,310.311165360982,3183441.672123255,0.702764276537323,1.9620506827856216e-05
4.77,schechter,-4,620299573210494.6,0.6202995732104947,186,10,0.053763440860215055,0.0006757333601560278,1954092366056914.5,15.570345476482885,0.03539882308692853,309.9693420653018,3169765.737445429,0.6956082546443507,2.5271274368983705e-05
4.78,schechter,-4,626609889097555.0,0.626609889097555,258,10,0.03875968992248062,0.0006648079380524585,1624290936710838.5,15.360824178094271,0.03522857391474806,309.6277253500297,3156171.577604061,0.6885341818125111,1.7741976344550856e-05
4.79,schechter,-4,632971879205639.4,0.6329718792056394,176,10,0.056818181818181816,0.0006540260035174938,1655990283528364.0,17.017957341925882,0.0350593694226785,309.28631906545,3142658.568130008,0.6815410298049376,2.5326452042984118e-05
4.8,schechter,-4,639385864574496.8,0.6393858645744968,349,10,0.02865329512893983,0.0006433853407175061,1440646412068538.5,16.425604068638844,0.034891202363627125,308.94512700523654,3129226.0903392765,0.6746277841221887,1.2436837442548727e-05
4.81,schechter,-4,645852167605492.5,0.6458521676054925,185,10,0.05405405405405406,0.0006328904466215146,1703548271802214.5,17.15089444500448,0.034724065537525745,308.6041529092423,3115873.5312690753,0.6677934438185631,2.2845410319418903e-05
4.82,schechter,-4,652371112064692.0,0.652371112064692,219,10,0.045662100456621,0.0006225337243315199,1724812490690597.5,17.88704136443348,0.03455795179125056,308.26340046249004,3102600.2836156418,0.6610370213127099,1.8790768894923084e-05
4.83,schechter,-4,658943023085946.0,0.658943023085946,236,10,0.0423728813559322,0.0006123152174377644,1538374316211754.5,16.37560228863687,0.03439285401853435,307.92287329608956,3089405.7456736234,0.6543575422051556,1.6977672912601312e-05
4.84,schechter,-4,665568227173977.6,0.6655682271739777,300,10,0.03333333333333333,0.0006022364421250925,1807075264484169.5,20.064925990385937,0.034228765159870625,307.5825749886144,3076289.321274794,0.6477540450988797,1.3003369716416201e-05
4.85,schechter,-4,672247052207467.8,0.6722470522074677,201,10,0.04975124378109453,0.0005922912172074968,1803830127415936.8,14.944729590673793,0.034065678202410896,307.24250906646853,3063250.419728769,0.6412255814203756,1.8895138314629808e-05
4.86,schechter,-4,678979827442145.8,0.6789798274421458,289,10,0.03460207612456748,0.0005824822386661932,1127789080304827.2,13.365446193340635,0.03390358617985464,306.9026790039231,3050288.455764161,0.6347712152423667,1.279387399637487e-05
4.87,schechter,-4,685766883513872.8,0.6857668835138727,180,10,0.05555555555555555,0.0005728060447069971,1830438911425115.5,18.181226885008034,0.033742482172332715,306.56308822416247,3037402.8494712934,0.6283900231111827,1.9996977981758615e-05
4.88,schechter,-4,692608552441734.4,0.6926085524417344,234,10,0.042735042735042736,0.0005632599941831629,1439322409010519.0,15.91159999150662,0.03358235930628393,306.22374010044024,3024593.026241584,0.6220810938757899,1.4974076637518506e-05
4.89,schechter,-4,699505167631129.9,0.6995051676311299,300,10,0.03333333333333333,0.0005538470478088087,1517208052284624.5,16.58402622991129,0.03342321075432565,305.884637955437,3011858.4167142524,0.6158435285168238,1.1369437339373425e-05
4.8999999999999995,schechter,-4,706457063876862.2,0.7064570638768622,316,10,0.03164556962025317,0.0005445602454323684,1538498592103892.5,17.66302053913401,0.03326502973511832,305.54578506282,2999198.4567176998,0.609676439981172,1.0506504803496192e-05
4.91,schechter,-4,713464577366230.5,0.7134645773662305,309,10,0.032362459546925564,0.0005354033239468592,1802702599268954.8,16.734195839512694,0.033107809513224104,305.2071846481058,2986612.5872155535,0.6035789530181448,1.0458193453407114e-05
4.92,schechter,-4,720528045682118.6,0.7205280456821186,416,10,0.02403846153846154,0.0005263711848538799,1525130788144894.5,14.297229095834634,0.032951543398960184,304.868839888183,2974100.254251155,0.5975502040147567,7.560894444637624e-06
4.93,schechter,-4,727647807806094.4,0.7276478078060944,426,10,0.023474178403755867,0.0005174641069098929,1411306829863132.8,14.135388991552412,0.032796224748246505,304.5307539122848,2961660.908893382,0.5915893408362706,7.186062204536454e-06
4.9399999999999995,schechter,-4,734824204121496.8,0.7348242041214967,224,10,0.044642857142857144,0.0005086810570962275,1861993891600954.8,20.280053220935716,0.03264184696244863,304.19292980321865,2949294.0071838005,0.5856955226695052,1.3300545428930865e-05
4.95,schechter,-4,742057576416534.8,0.7420575764165348,279,10,0.035842293906810034,0.0005000187671638789,1488655459344966.5,13.296727686838357,0.03248840348821557,303.85537059725584,2936999.0100829303,0.5798679198653548,1.0392288258385579e-05
4.96,schechter,-4,749348267887379.1,0.7493482678873791,393,10,0.02544529262086514,0.0004914793135629703,1465581255191252.0,13.34528953430051,0.03233588781731316,303.5180792846273,2924775.38341962,0.5741057137851437,7.179671300857544e-06
4.97,schechter,-4,756696623141261.0,0.756696623141261,172,10,0.05813953488372093,0.0004830568121573231,1449359544730736.5,14.065017881242934,0.032184293486452624,303.1810588106242,2912622.597837311,0.5684080966494718,1.5963569951854968e-05
4.9799999999999995,schechter,-4,764102988199568.0,0.764102988199568,269,10,0.03717472118959108,0.00047475554257458974,1408977417128136.2,12.190716954167248,0.03203361407711513,302.8443120755435,2900540.12874541,0.5627742713878213,9.932349611886415e-06
4.99,schechter,-4,771567710500940.2,0.7715677105009402,213,10,0.046948356807511735,0.0004665678866039302,1859342188927990.8,16.221525552155025,0.03188384321537219,302.50784193589834,2888527.4562673313,0.5572034514918266,1.2205316280326623e-05
