z,luminosity_function,alpha_intrinsic,L_min_Jy_kpc2,L_min_over_L_star,n_generated,n_detected,detection_rate_10_per_n,N_ratio_detectable_L,mean_detected_L,mean_SNR,SFR_psi,comoving_volume_Mpc3,time_Gyr,nfrb_sfr_base,n_total_population_scaled
0.01,schechter,-4,10000000000.0,1e-05,11,10,0.9090909090909091,1.0,1226742227715.6194,1887266.4367872886,0.015366633837018974,0.0937042450408385,137678720.05218962,0.003964923609263563,0.0036044760084214204
0.02,schechter,-4,10000000000.0,1e-05,15,10,0.6666666666666666,1.0,146024088952.2986,52278.03254241073,0.015778461234561884,0.35021504447201246,135706863.92550436,0.014997927702112035,0.00999861846807469
0.03,schechter,-4,10000000000.0,1e-05,21,10,0.47619047619047616,1.0,3469873209836.5474,347627.24392489344,0.016197006898133106,0.7721052382022074,133769703.76805276,0.03345792682546698,0.015932346107365228
0.04,schechter,-4,10000000000.0,1e-05,16,10,0.625,1.0,451681883374.02655,3605.434960844211,0.0166223021408091,1.3546752374425184,131866423.28089881,0.05938689056925106,0.03711680660578191
0.05,schechter,-4,10000000000.0,1e-05,19,10,0.5263157894736842,1.0,132226048308.20529,1521.2309365234973,0.01705437728000787,2.093241112881601,129996236.70924087,0.09281451465188485,0.048849744553623606
0.060000000000000005,schechter,-4,10000000000.0,1e-05,24,10,0.4166666666666667,1.0,2959593763890.779,3070.4563360298625,0.017493261604641853,2.9831389040784524,128158387.20751494,0.13375847107279162,0.05573269628032985
0.06999999999999999,schechter,-4,10000000000.0,1e-05,28,10,0.35714285714285715,1.0,369194433371.6498,1591.8100229058205,0.017938983341287663,4.019728785854467,126352145.30294725,0.18222467915282176,0.0650802425545792
0.08,schechter,-4,10000000000.0,1e-05,32,10,0.3125,1.0,966403760680.2614,956.1260553711606,0.018391569619367408,5.198399085845092,124576807.45144194,0.23820759572255024,0.07443987366329695
0.09,schechter,-4,10000000000.0,1e-05,25,10,0.4,1.0,1015212807360.8623,11186.636087366449,0.018851046435337065,6.51457014804167,122831694.67989907,0.3016905227168907,0.12067620908675628
0.09999999999999999,schechter,-4,10000000000.0,1e-05,21,10,0.47619047619047616,1.0,821709977586.6814,730.1780122827528,0.019317438615878545,7.963698037970599,121116151.30983643,0.3726459304495844,0.17745044307123065
0.11,schechter,-4,10000000000.0,1e-05,46,10,0.21739130434782608,1.0,3149724798890.5713,15744.769268243323,0.019790769780093035,9.541278085744654,119429543.75708403,0.45103579485349066,0.09805125975075883
0.12,schechter,-4,10000000000.0,1e-05,33,10,0.30303030303030304,1.0,8914186566627.844,9935.92861587676,0.020271062300694323,11.242848264099077,117771259.40308331,0.5368119470082621,0.16267028697220062
0.13,schechter,-4,10000000000.0,1e-05,39,10,0.2564102564102564,1.0,1504389479001.212,1187.9513763986167,0.02075833726420218,13.063992398947716,116140705.53330435,0.6299164332981235,0.161517034179006
0.14,schechter,-4,10000000000.0,1e-05,25,10,0.4,1.0,1613314057334.0483,77.37081810701581,0.021252614430137,15.000343210910248,114537308.33873443,0.7302818845950274,0.292112753838011
0.15000000000000002,schechter,-4,10000000000.0,1e-05,26,10,0.38461538461538464,1.0,3121024642393.427,433.5203007057814,0.021753912189218152,17.04758518666774,112960511.97664525,0.8378318928980474,0.3222430357300182
0.16,schechter,-4,10000000000.0,1e-05,26,10,0.38461538461538464,1.0,2193739067575.6987,107.87706321557707,0.02226224752057046,19.201457279756447,111409777.68701176,0.9524813939177839,0.3663389976606861
0.17,schechter,-4,10000000000.0,1e-05,39,10,0.2564102564102564,1.0,597504768234.9741,137.98662561589273,0.02277763594794393,21.45775544092027,109884582.96125181,1.0741370541476918,0.2754197574737671
0.18000000000000002,schechter,-4,10000000000.0,1e-05,37,10,0.2702702702702703,1.0,18590260177931.2,26886.987969580812,0.023300091494954225,23.812334978577372,108384420.7601139,1.202697661018264,0.3250534218968281
0.19,schechter,-4,10000000000.0,1e-05,29,10,0.3448275862068966,1.0,123877032482.92351,34.7211860868029,0.023829626639352574,26.261112750693897,106908798.77780546,1.3380545148049097,0.4613981085534172
0.2,schechter,-4,10000000000.0,1e-05,58,10,0.1724137931034483,1.0,3988004648309.1274,1027.7013714580457,0.024366252266335785,28.800069189727527,105457238.74949963,1.4800918210198197,0.2551882450034172
0.21000000000000002,schechter,-4,10000000000.0,1e-05,23,10,0.43478260869565216,1.0,346157864185.05164,328.01159677217527,0.02490997762090884,31.425250162527522,104029275.79969656,1.6286870820764656,0.7081248182941154
0.22,schechter,-4,10000000000.0,1e-05,66,10,0.15151515151515152,1.0,5767004574642.727,1666.6354423833895,0.025460810259314456,34.13276866794876,102624457.82893437,1.7837114871070918,0.27025931622834726
0.23,schechter,-4,10000000000.0,1e-05,44,10,0.22727272727272727,1.0,20940029595916.953,1522.3372363597537,0.026018755999546127,36.918806374875864,101242344.93655138,1.9450302988627592,0.4420523406506271
0.24000000000000002,schechter,-4,10000000000.0,1e-05,45,10,0.2222222222222222,1.0,4258864752605.7744,464.0221223365955,0.02658381887096318,39.77961500402668,99882508.87732875,2.1125032367137853,0.4694451637141745
0.25,schechter,-4,10000000000.0,1e-05,55,10,0.18181818181818182,1.0,4462301819180.288,394.84744852346995,0.027156001063028613,42.71151755693207,98544532.5499974,2.285984854826161,0.41563360996839294
0.26,schechter,-4,10000000000.0,1e-05,44,10,0.22727272727272727,1.0,1684432423696.251,1649.628276253679,0.02773530287319293,45.71090939612511,97228009.51565525,2.4653249146788654,0.5603011169724694
0.27,schechter,-4,10000000000.0,1e-05,46,10,0.21739130434782608,1.0,978911365606.5178,197.97901241328012,0.0283217226539493,48.774259180260245,95932543.54423486,2.65036875112727,0.576167119810276
0.28,schechter,-4,10000000000.0,1e-05,33,10,0.30303030303030304,1.0,15894986971584.1,1223.2241487204262,0.028915256759088154,51.898109659019376,94657748.18751705,2.840957631343615,0.8608962519223077
0.29000000000000004,schechter,-4,10000000000.0,1e-05,28,10,0.35714285714285715,1.0,8481834835233.297,251.93943099483013,0.029515899489181725,55.079078331800275,93403246.37677355,3.036929105965504,1.0846175378448228
0.3,schechter,-4,10340849357.54312,1.0340849357543119e-05,47,10,0.2127659574468085,0.9832881641266789,1398154047998.9934,142.95650502274393,0.03012364303633178,58.31385797491876,92168670.04385954,3.2381173518976687,0.6774473332285534
0.31,schechter,-4,11413958516.796158,1.1413958516796158e-05,58,10,0.1724137931034483,0.9356539478751801,5585124895920.168,517.0000942435103,0.030738477428216556,61.599217042657166,90953659.76403436,3.4443535062871065,0.5556418889715949
0.32,schechter,-4,12568389818.292053,1.2568389818292054e-05,63,10,0.15873015873015872,0.8913844243551339,1073525453814.4977,85.71191141196842,0.03136039047147566,64.93199994600621,89757864.41943079,3.6554659911837115,0.5172103886192161
0.33,schechter,-4,13808421922.465677,1.3808421922465677e-05,63,10,0.15873015873015872,0.8501607380780412,4313955462382.843,142.26580880048095,0.031989367694474906,68.30912721537392,88580940.88171776,3.8712808285754305,0.5224144391315966
0.34,schechter,-4,15138479514.067984,1.5138479514067984e-05,33,10,0.30303030303030304,0.8117024102323331,6595599075162.153,67.3949070459615,0.032625392289495694,71.72759555127553,87422553.71285346,4.091621945426183,1.0064179984430122
0.35000000000000003,schechter,-4,16563135900.401157,1.6563135900401156e-05,37,10,0.2702702702702703,0.775762579394539,1461503235273.2454,529.1507873050185,0.03326844505439697,75.1844777685815,86282374.8828454,4.316311468485138,0.9049818698006111
0.36000000000000004,schechter,-4,18087115613.517807,1.8087115613517808e-05,63,10,0.15873015873015872,0.7421199783210028,2445661419834.569,86.60477509566788,0.03391850433380093,78.67692263949068,85160083.50335014,4.54517000865964,0.535406582268534
0.37,schechter,-4,19715297016.336193,1.9715297016336192e-05,41,10,0.24390243902439024,0.7105792611560923,7815952292561.94,307.89502481513443,0.03457554595985672,82.20215463989031,84055365.5762477,4.778016934776619,0.8280877422694796
0.38,schechter,-4,21452714912.620605,2.1452714912620606e-05,65,10,0.15384615384615385,0.6809654771506153,38428127535325.164,16327.900704176014,0.035239543192639965,85.75747360495403,82967913.75619605,5.014670636667228,0.525356551207889
0.39,schechter,-4,23304563160.7947,2.33045631607947e-05,42,10,0.23809523809523808,0.6531223557518553,2304144531831.2812,179.07580973265016,0.03591046666024937,89.34025429814227,81897427.12626469,5.254948777460783,0.8171725059263139
0.4,schechter,-4,25276197291.559517,2.5276197291559517e-05,48,10,0.20833333333333334,0.6269094770587151,1130922390077.576,34.50146964786141,0.03658828429866464,92.94794589950746,80843610.98588744,5.498668535125352,0.718159878307218
0.41000000000000003,schechter,-4,27373137129.295723,2.7373137129295722e-05,51,10,0.19607843137254902,0.6021997090115074,6725291730470.136,197.70023714632384,0.03727296129143468,96.5780714171812,79806176.65031886,5.745646833212625,0.6784366374595161
0.42000000000000004,schechter,-4,29601069417.240097,2.9601069417240097e-05,59,10,0.1694915254237288,0.5788790969183327,2214396264987.035,156.0450413225289,0.037964460009266905,100.22822702822126,78784841.26087493,5.995700560943376,0.5882687671375665
0.43,schechter,-4,31965850446.428547,3.196585044642855e-05,47,10,0.2127659574468085,0.5568443464244969,3986410648349.9766,73.43303037095927,0.038662739949594106,103.8960813524431,77779327.60525452,6.248646782657712,0.7403241773886317
0.44,schechter,-4,34473508688.40357,3.4473508688403574e-05,59,10,0.1694915254237288,0.5360014570887593,7483906887987.846,669.5466199313852,0.03936775767619714,107.57937466449228,76789363.94735558,6.504302936792746,0.5909009917741709
0.45,schechter,-4,37130247431.69498,3.713024743169498e-05,80,10,0.125,0.5162657276266784,1938467109989.2163,66.5606993900696,0.04007946675896711,111.27591804843398,75814683.86589663,6.762487024517244,0.43640503553479587
0.46,schechter,-4,39942447422.08216,3.994244742208216e-05,74,10,0.13513513513513514,0.4975590506187245,38734536430745.44,78.54539489958964,0.04079781771389325,114.98359249974263,74855026.10136408,7.0230177882351885,0.47221163016117773
0.47000000000000003,schechter,-4,42916669506.645546,4.2916669506645545e-05,65,10,0.15384615384615385,0.4798111474086969,28414885491196.645,433.64311926260444,0.04152275794336715,118.70034797848612,73910134.4107027,7.285714880125222,0.5378103409731538
0.48000000000000004,schechter,-4,46059657281.63368,4.605965728163368e-05,75,10,0.13333333333333333,0.46295737288817196,5539863458920.29,492.33572256110546,0.04225423167689769,122.42420241810096,72979757.42922702,7.550399020948642,0.46606838599944117
0.49,schechter,-4,49378339744.15751,4.937833974415751e-05,46,10,0.21739130434782608,0.4469379677457149,122667795134866.72,375.41764330065655,0.042992179912334685,126.15324069408102,72063648.53939462,7.8168921493949055,0.7594925850734766
0.5,schechter,-4,52879833947.73754,5.287983394773754e-05,67,10,0.14925373134328357,0.431699157038811,8072149017583.852,149.8121025764711,0.04373654035770323,129.88561355583388,71161565.7458431,8.085017562166316,0.5209395919748031
0.51,schechter,-4,56571447661.72523,5.6571447661725226e-05,38,10,0.2631578947368421,0.41719042926590155,2102867562109.6187,62.47177649968457,0.04448724737375437,133.6195365265062,70273271.55644336,8.354600045153711,0.917226099784894
0.52,schechter,-4,60460682034.63773,6.046068203463773e-05,72,10,0.1388888888888889,0.40336652032304277,39184322566731.56,1334.191528324602,0.04524423191734168,137.35328877306526,69398532.8688438,8.625465995889398,0.48322558401758825
0.53,schechter,-4,64555234261.40699,6.455523426140699e-05,45,10,0.2222222222222222,0.3901848052950645,15303270584253.828,393.9092203300751,0.04600742148573693,141.08521195135015,68537120.86228469,8.8974435376631,0.7714771720815349
0.54,schechter,-4,68863000254.60529,6.886300025460529e-05,64,10,0.15625,0.3776061097595974,1187390366977.188,36.59044822916975,0.046776740062001616,144.8137090287552,67688810.89416112,9.170362625539095,0.5410601493929103
0.55,schechter,-4,73392077319.64299,7.339207731964299e-05,53,10,0.18867924528301888,0.36559444422479526,10329362055996.543,1002.7961008071543,0.04755210806153499,148.53724308789245,66853382.401291125,9.444055144626578,0.651451715439259
0.56,schechter,-4,78150766834.00188,7.815076683400187e-05,64,10,0.15625,0.35411617254240524,9076659410045.115,163.99364613769256,0.04833344227992233,152.25433611411339,66030618.80524841,9.718355000861358,0.5377229181739637
0.5700000000000001,schechter,-4,83147576930.505,8.3147576930505e-05,69,10,0.14492753623188406,0.3431408479075345,44986991698548.25,67.12740650712968,0.049120655842211244,155.96356777027793,65220307.42184981,9.993098204694496,0.4969623465481348
0.5800000000000001,schechter,-4,88391225184.6712,8.83912251846712e-05,97,10,0.10309278350515463,0.3326391867621429,47379224690021.93,2721.23369694433,0.04991365815374634,159.66357416045585,64422239.37422575,10.268122947894794,0.3521216563877754
0.59,schechter,-4,93890641306.17924,9.389064130617925e-05,34,10,0.29411764705882354,0.32258465567903793,54698018381108.47,109.50593325910843,0.050712354852696435,163.35304658719338,63636209.50946025,10.543269673944126,1.0003226522060318
0.6,schechter,-4,99654969834.47214,9.965496983447214e-05,54,10,0.18518518518518517,0.31295233709544035,14023519238577.22,297.9615948450387,0.051516647764411366,167.03073030141417,62862016.318445235,10.818381142105839,0.6269699374094928
0.61,schechter,-4,105693572838.52379,0.00010569357283852379,85,10,0.11764705882352941,0.30371944963657116,6102593868363.771,73.61293854746984,0.05232643485774771,170.69542325198475,62099461.8588071,11.093302485792973,0.3963825559572998
0.62,schechter,-4,112016032620.8166,0.0001120160326208166,48,10,0.20833333333333334,0.29486415929984844,8508998258614.404,233.09997696686642,0.05314161020350689,174.34597483161573,61348351.680681646,11.367881265187604,0.6983293233916751
0.63,schechter,-4,118632154425.52771,0.00011863215442552772,55,10,0.18181818181818182,0.2863662769055121,16215553489270.656,79.72984677047131,0.05396206393512963,177.98128462638823,60608494.75515795,11.641967514756063,0.606157616919202
0.64,schechter,-4,125551969150.97807,0.00012555196915097806,50,10,0.2,0.27820750623924684,121086554016052.08,121.56490943536726,0.054787682211795266,181.6003011670989,59879703.405252725,11.91541378572636,0.6629915110271348
0.65,schechter,-4,132785736066.35716,0.00013278573606635715,94,10,0.10638297872340426,0.27036969339300077,25930062030692.152,212.28902949286413,0.055618347184074164,185.2020206858613,59161793.23922499,12.18807518392366,0.3505623564391788
0.66,schechter,-4,140343945532.7531,0.0001403439455327531,62,10,0.16129032258064516,0.26283671138344333,2875883321487.9004,57.093129147154,0.056453936962285574,188.78548588001695,58454583.086089864,12.459809403279115,0.5282089238745784
0.67,schechter,-4,148237321728.49475,0.00014823732172849474,57,10,0.17543859649122806,0.25559319686095083,6791718104764.843,45.257707884545525,0.05729432558771266,192.34978468262972,57757894.933217816,12.730476755148054,0.5708461844583008
0.68,schechter,-4,156476825378.86606,0.00015647682537886607,53,10,0.18867924528301888,0.24862451248601813,20052729439640.79,188.67365270325354,0.05813938300682973,195.89404904495484,57071553.86587637,12.999940193968795,0.6098309043533743
0.6900000000000001,schechter,-4,165073656490.16794,0.00016507365649016793,75,10,0.13333333333333333,0.24191739337205653,106192662221541.84,244.01498280576712,0.05898897504869533,199.41745372732797,56395388.00860588,13.26806533920736,0.42797010426015675
0.7000000000000001,schechter,-4,174039257088.1841,0.00017403925708818412,54,10,0.18518518518518517,0.23545888366383871,11946885513496.453,125.11448308459379,0.059842963405668255,202.91921510440037,55729228.46830064,13.534720494151358,0.5901611441212885
0.7100000000000001,schechter,-4,183385313961.04355,0.00018338531396104354,53,10,0.18867924528301888,0.22923715651213572,150704813246431.8,8148.039782024702,0.06070120561760056,206.39858998220845,55072909.27894104,13.799776661571048,0.5968719929058642
0.72,schechter,-4,193123761406.51605,0.00019312376140651606,76,10,0.13157894736842105,0.22324090733528024,39605481548948.96,222.7604327001653,0.061563555059664696,209.85487443084142,54426267.3478233,14.06310755665436,0.4130869593290994
0.73,schechter,-4,203266783983.7458,0.00020326678398374578,67,10,0.14925373134328357,0.21745954782246846,41448858613220.086,39.94937850334007,0.062429860933968816,213.2874026308592,53789142.40325106,14.324589617271323,0.464928176255858
0.74,schechter,-4,213826819269.42953,0.00021382681926942953,63,10,0.15873015873015872,0.2118831927101359,16420557771702.918,149.57283526504844,0.06329996826511489,216.69554573737787,53161376.94359302,14.584102011989101,0.49049620589056614
0.75,schechter,-4,224816560618.48248,0.0002248165606184825,42,10,0.23809523809523808,0.20650243276457703,3604724336870.926,72.57829994873279,0.06417371789985252,220.07871076012614,52542816.187593825,14.841526645872296,0.7297169900745052
0.76,schechter,-4,236248959929.1548,0.0002362489599291548,86,10,0.11627906976744186,0.20130829584413068,10763963741507.496,139.41860202934086,0.06505094651097904,223.43633946116952,51933308.025967404,15.096748164361802,0.3533837960181026
0.77,schechter,-4,248137230412.65958,0.0002481372304126596,60,10,0.16666666666666666,0.19629238147921968,188576269627384.44,47.41462439873699,0.06593148660563516,226.76790727131785,51332702.97407133,15.34965395541179,0.5021700216316174
0.78,schechter,-4,260494849367.28445,0.00026049484936728446,78,10,0.1282051282051282,0.19144709896847223,10934619136711.957,111.62549805627138,0.06681516653814157,230.07292222449558,50740854.125752576,15.600134150020466,0.382897490582104
0.79,schechter,-4,273335560957.00754,0.00027333556095700755,75,10,0.13333333333333333,0.18676447535145102,10356772893965.883,179.5885832122622,0.0677018105275198,233.35092391148976,50157617.108157024,15.84808162134335,0.3946478199116219
0.8,schechter,-4,286673378994.62537,0.0002866733789946254,72,10,0.1388888888888889,0.1822379257165071,28746990896710.52,163.57813673295604,0.06859123867983588,236.60148245392887,49582850.03763585,16.093391982633154,0.4073369962024627
0.81,schechter,-4,300522589729.3921,0.00030052258972939206,70,10,0.14285714285714285,0.17786044454959493,32348352962437.793,344.84606639026345,0.06948326701550157,239.82419749713443,49016413.47646635,16.3359635839672,0.4150745350272
0.8200000000000001,schechter,-4,314897754639.1752,0.00031489775463917517,86,10,0.11627906976744186,0.17362573333788944,9022119031975.846,134.87571077302556,0.0703777075016633,243.01869722359385,48458170.39061373,16.5756975080841,0.33464739946838706
0.8300000000000001,schechter,-4,329813713227.1276,0.0003298137132271276,101,10,0.09900990099009901,0.1695277696089037,106132031696643.98,338.31810424553765,0.0712743680898028,246.18463738700012,47907986.10823188,16.8124975653553,0.2821965558227532
0.8400000000000001,schechter,-4,345285585822.8787,0.00034528558582287873,41,10,0.24390243902439024,0.1655610869652272,34917475876037.05,112.60589423017329,0.07217305275866856,249.32170036660477,47365728.279101126,17.046270288057464,0.6883412286814269
0.85,schechter,-4,361328776388.2474,0.0003613287763882474,59,10,0.1694915254237288,0.16171987249155217,42749130679735.49,424.31945978012925,0.0730735615626498,252.42959424195266,46831266.83476413,17.276924923981163,0.47356306707667
0.86,schechter,-4,377958975327.462,0.000377958975327462,39,10,0.2564102564102564,0.15799942397644506,59148941916940.016,745.3186378001186,0.07397569068569808,255.50805188922826,46304473.94949488,17.504373429610347,0.7091489535761603
0.87,schechter,-4,395192162301.89923,0.00039519216230189924,62,10,0.16129032258064516,0.15439458689511842,42428309655742.89,101.47069216622643,0.07487923250089422,258.55683009714755,45785224.0019454,17.72853046277364,0.4414821188802353
0.88,schechter,-4,413044609049.3295,0.0004130446090493295,65,10,0.15384615384615385,0.15090077943345592,21925266387163.516,58.850454593869166,0.07578397563574907,261.57570870512615,45273393.53755888,17.949313375076862,0.41670236593760834
0.89,schechter,-4,431532882207.66693,0.00043153288220766693,62,10,0.16129032258064516,0.14751359348960835,92549010050456.33,698.6375870246696,0.07668970504331966,264.5644897604027,44768861.231587745,18.166642203911685,0.432230108570805
0.9,schechter,-4,450673846143.2082,0.0004506738461432082,62,10,0.16129032258064516,0.14422883292038824,36510383143932.33,129.18063594197287,0.07759620207921059,267.522996697707,44271507.85283817,18.380439664408676,0.4275789292518187
0.91,schechter,-4,470484665783.37634,0.00047048466578337636,38,10,0.2631578947368421,0.1410426770436558,51839672039447.78,174.61362565990527,0.07850324458452297,270.4510735377623,43781216.22801512,18.590631141101422,0.6900190484400258
0.92,schechter,-4,490982809453.9267,0.0004909828094539267,55,10,0.18181818181818182,0.1379510259044593,35784845622669.06,89.52065976204474,0.07941060697480082,273.34858410746733,43297871.206686266,18.7971446795658,0.4714700713855729
0.93,schechter,-4,512186051720.6421,0.0005121860517206421,102,10,0.09803921568627451,0.1349505565547231,75458296741511.78,207.23094512514385,0.08031806033501555,276.2154112799258,42821359.6268634,18.999910977964905,0.25137730989868207
0.9400000000000001,schechter,-4,534112476235.47797,0.0005341124762354779,61,10,0.16393442622950818,0.1320376611961751,25980367577374.734,133.7644395010718,0.08122537252061583,279.0514562340508,42351570.28113079,19.198863378500313,0.4155693472331275
0.9500000000000001,schechter,-4,556780478587.1586,0.0005567804785871586,80,10,0.125,0.12920905767664637,45342420888757.36,232.58363844960576,0.08213230826466011,281.8566377347939,41888393.88338472,19.39393785891328,0.31323405442370267
0.9600000000000001,schechter,-4,580208769156.2273,0.0005802087691562273,106,10,0.09433962264150944,0.1264616222194903,41441425371582.8,132.34816784455228,0.0830386292910345,284.63089143269946,41431723.03608367,19.58507302394001,0.23365661376364455
0.97,schechter,-4,604416375974.5018,0.0006044163759745018,85,10,0.11764705882352941,0.12379233812291957,14617217710215.516,32.72713006995703,0.08394409443374791,287.37416918293485,40981452.198053606,19.7722100967821,0.28795860208685337
0.98,schechter,-4,629422647588.9594,0.0006294226475889594,95,10,0.10526315789473684,0.12119842510797074,65155523154852.29,378.42746843778593,0.08484845976228053,290.086438383026,40537477.652815565,19.95529291055046,0.25458421824494415
0.99,schechter,-4,655247255930.0146,0.0006552472559300147,56,10,0.17857142857142858,0.11867712849099021,48380646215239.93,203.23044395123287,0.08575147871295036,292.7676813306552,40099697.47744613,20.134267899802285,0.4266923390387242
1.0,schechter,-4,681910199184.185,0.0006819101991841851,58,10,0.1724137931034483,0.1162257612353641,20451980257116.52,74.41797194455853,0.08665290222624604,295.41789459786605,39668011.51188104,20.309084091890636,0.4069721997539677
1.01,schechter,-4,709431804671.1217,0.0007094318046711217,89,10,0.11235955056179775,0.11384189163886282,145526148539345.7,216.3107705693984,0.08755247889006164,298.03708842665856,39242321.32879002,20.47969309854316,0.26196033736196817
1.02,schechter,-4,737832731725.0049,0.0007378327317250049,55,10,0.18181818181818182,0.11152318600699163,198191348849679.22,29.911013617939084,0.08844995508875261,300.6252861392734,38822530.203856505,20.64604910713204,0.4186387590698491
1.03,schechter,-4,767133974580.2557,0.0007671339745802557,60,10,0.16666666666666666,0.10926727332188979,69550515106222.4,567.9912383142329,0.08934507515791797,303.1825235685321,38408543.086599246,20.808108872074953,0.37894088657277564
1.04,schechter,-4,797356865261.6049,0.0007973568652616048,63,10,0.15873015873015872,0.1070719912203375,22298782955847.7,75.90391128907302,0.09023758154479809,305.70884850456224,38000266.571585506,20.965831706033992,0.35632592831040394
1.05,schechter,-4,828523076478.4233,0.0008285230764784234,51,10,0.19607843137254902,0.10493524567805723,175673386941230.12,320.9177654795779,0.09112721497416236,308.20432015850287,37597608.87017283,21.119179471019155,0.4345384875118388
1.06,schechter,-4,860654624523.371,0.0008606546245233709,31,10,0.3225806451612903,0.10285500980203865,30119697023324.926,31.374633931536106,0.09201371461954395,310.66900864293314,37200479.78263619,21.26811656929198,0.7056555929694928
1.07,schechter,-4,893773872175.2963,0.0008937738721752962,93,10,0.10752688172043011,0.10082950648794498,112361365756682.61,150.38172231542677,0.09289681827966537,313.1029944689461,36808790.67077036,21.41260993409883,0.23215299916925303
1.08,schechter,-4,927903531606.3883,0.0009279035316063884,34,10,0.29411764705882354,0.09885673042611387,97026305753451.66,82.81859131021146,0.09377626255988103,315.50636805888894,36422454.43092041,21.552629020124943,0.6266536579460383
1.09,schechter,-4,963066667293.5651,0.0009630666672935651,110,10,0.09090909090909091,0.09693498866055794,29293998142619.0,94.72851702361655,0.09465178305844799,317.87922927488114,36041385.46742419,21.68814579364827,0.1911218333250748
1.1,schechter,-4,999286698934.0634,0.0009992866989340635,76,10,0.13157894736842105,0.09506253822477839,34170682750210.336,155.23860807090824,0.09552311455742028,320.22168696234814,35665499.66649557,21.819134722336127,0.2729187274439036
1.11,schechter,-4,1036587404365.2311,0.001036587404365231,71,10,0.14084507042253522,0.09323788122429233,246997956423947.25,166.83596777394135,0.09638999121794681,322.53385850937286,35294714.37049736,21.945572764686,0.28819136715955745
1.12,schechter,-4,1074992922488.4701,0.00107499292248847,65,10,0.15384615384615385,0.09145934091985208,28023987899790.152,31.999960576368448,0.09725214677973788,324.81586941907733,34928948.352648705,22.06743935892208,0.3105036091624333
1.1300000000000001,schechter,-4,1114527756197.353,0.001114527756197353,62,10,0.16129032258064516,0.08972544990172893,40644778690960.336,22.58699958945359,0.09810931476444977,327.06785289822704,34568121.792101,22.184716411498286,0.3210538162845085
1.1400000000000001,schechter,-4,1155216775309.866,0.001155216775309866,30,10,0.3333333333333333,0.08803478314385738,45455877374269.91,146.05630550571885,0.09896122868272254,329.28994945803316,34212156.24944995,22.297388284947814,0.6543152474465889
1.1500000000000001,schechter,-4,1197085219504.7505,0.0011970852195047504,108,10,0.09259259259259259,0.0863859573492125,79948102548417.47,36.108160964230215,0.09980762224459194,331.4823065295864,33860974.64260373,22.405441785166783,0.17921440170774827
1.1600000000000001,schechter,-4,1240158701261.922,0.0012401587012619221,104,10,0.09615384615384616,0.08477763027091512,20567922887033.4,57.985377579269766,0.10064822957298275,333.6450780921503,33514501.22304822,22.508866148007694,0.1834854165493571
1.17,schechter,-4,1284463208807.0142,0.0012844632088070142,74,10,0.13513513513513514,0.08320854237237219,245520438837436.0,590.353735941497,0.10148278541997709,335.77842431415127,33172661.552509196,22.607653025143954,0.25420943982197014
1.18,schechter,-4,1330025109059.8923,0.0013300251090598923,87,10,0.11494252873563218,0.08167753904670672,102835074282105.33,313.786731880769,0.1023110253855389,337.88251120709094,32835382.47995832,22.70179646915637,0.21312952500458712
1.19,schechter,-4,1376871150587.254,0.0013768711505872538,87,10,0.11494252873563218,0.08018328247202877,82579511140974.9,52.19035950568163,0.10313268613836393,339.95751029169287,32502592.119014297,22.79129291780077,0.2100552503368699
1.2,schechter,-4,1425028466559.1873,0.0014250284665591872,63,10,0.15873015873015872,0.07872482829931626,163374496422012.9,305.99837035503,0.1039475056385125,342.0035982755064,32174219.82570734,22.876141177356196,0.2858603629108389
1.21,schechter,-4,1474524577709.7517,0.0014745245777097516,77,10,0.12987012987012986,0.077300910756393,224691001616724.53,240.70374041459232,0.1047552233614732,344.02095674259726,31850196.176586464,22.95634240505495,0.23046054227874715
1.22,schechter,-4,1525387395301.4944,0.0015253873953014945,64,10,0.15625,0.0759105806919893,102242741643593.02,65.52568345573358,0.10555558052329424,346.0097718538706,31530452.947203357,23.03190009049528,0.2731820172358403
1.23,schechter,-4,1577645224093.9128,0.0015776452240939128,97,10,0.10309278350515463,0.07455283310886263,9433823721986.682,24.044914274069235,0.10634832030641155,347.9702340595239,31214923.090939093,23.1028200360899,0.1775650192262575
1.24,schechter,-4,1631326765315.8206,0.0016313267653158205,70,10,0.14285714285714285,0.07322664508187471,70784953645866.53,208.47419175413287,0.10713318808579403,349.9025378204737,30903540.718176357,23.16911033631972,0.2423708884943541
1.25,schechter,-4,1686461119641.632,0.001686461119641632,76,10,0.13157894736842105,0.07193109055744962,170826849083212.0,67.01212867860121,0.1079099316550206,351.80688134137165,30596241.075822484,23.23078135595217,0.21987045229411945
1.26,schechter,-4,1743077790171.5137,0.0017430777901715137,101,10,0.09900990099009901,0.07066526823859154,267101016401745.44,175.0833174590205,0.10867830145189603,353.6834663133666,30292960.52715669,23.287845707064104,0.16293483797907105
1.27,schechter,-4,1801206685415.3591,0.001801206685415359,59,10,0.1694915254237288,0.06942830122845367,58364862546575.46,77.44313866166195,0.10943805078320944,355.5324976664678,29993636.532022804,23.340318224861424,0.27465739737010947
1.28,schechter,-4,1860878122280.6443,0.0018608781222806442,114,10,0.08771929824561403,0.06821933666205604,49212928691344.53,29.933113852720187,0.11018893604823399,357.3541833310465,29698207.62734887,23.388215942239796,0.13995864713057218
1.29,schechter,-4,1922122829064.0266,0.0019221228290640267,84,10,0.11904761904761904,0.06703764063968054,85567785319749.47,154.465623918073,0.11093071696056572,359.1487340090569,29406613.407992665,23.43155806311564,0.18699956774558993
1.3,schechter,-4,1984971948446.8015,0.0019849719484468014,73,10,0.136986301369863,0.06588236100084843,90035214489775.84,64.44768076108573,0.11166315676789583,360.91636295402526,29118794.50790167,23.47036593444998,0.21181960565965052
1.31,schechter,-4,2049457040494.0447,0.0020494570404940445,48,10,0.20833333333333334,0.06475269814373918,107459598932303.53,229.96597396624875,0.11238602246931209,362.65728575971315,28834692.581594545,23.504663016962823,0.3170813227724383
1.32,schechter,-4,2115610085657.5625,0.0021156100856575626,69,10,0.14492753623188406,0.06364807329712818,96667630931039.17,130.66661086113703,0.11309908502972522,364.371720156187,28554250.285959702,23.534474854454555,0.21709043196315125
1.33,schechter,-4,2183463487782.5242,0.002183463487782524,73,10,0.136986301369863,0.0625676152664969,102344486072259.4,129.28442775055896,0.11380211959101888,366.05988581585297,28277411.26235228,23.559829041890456,0.2019290848270469
1.34,schechter,-4,2253050077117.8037,0.002253050077117804,81,10,0.12345679012345678,0.061510771997335234,67674387332248.02,130.65482322301494,0.11449490567952506,367.7220041653147,28004120.11900111,23.580755191998325,0.17907042668394912
1.35,schechter,-4,2324403113329.994,0.0023244031133299943,59,10,0.1694915254237288,0.06047683102362844,79691025950151.66,58.99079453653005,0.11517722740943068,369.358298206424,27734322.413720313,23.597284900606446,0.24187949348311777
1.36,schechter,-4,2397556288521.0757,0.002397556288521076,56,10,0.17857142857142858,0.05946514349766996,174860182180144.72,242.84754287750698,0.11584887368172872,370.96899234351923,27467964.636896268,23.609451710520396,0.25070347033346513
1.37,schechter,-4,2472543730249.7354,0.0024725437302497355,59,10,0.1694915254237288,0.05847511453704657,71196633103322.39,170.0506370911871,0.11650963837833293,372.55431221874784,27204994.194798715,23.61729107412322,0.23407183061256318
1.3800000000000001,schechter,-4,2549400004556.25,0.00254940000455625,88,10,0.11363636363636363,0.05750616350095039,204634216741985.16,35.405152498979746,0.1171593205509839,374.11448455329395,26945359.393152125,23.620840314530682,0.15435726194968657
1.3900000000000001,schechter,-4,2628160118991.0225,0.0026281601189910224,106,10,0.09433962264150944,0.05655772381960589,41593363952212.35,71.71923767009665,0.11779772460458442,375.64973699618463,26689009.4209975,23.620138585463334,0.12602842214126903
1.4000000000000001,schechter,-4,2708859525646.6357,0.0027088595256466357,80,10,0.125,0.05562924281705606,316186282991282.5,151.83827741650083,0.11842466047461185,377.1602979788249,26435894.334847275,23.615226829753986,0.16421214843653018
1.4100000000000001,schechter,-4,2791534124193.468,0.0027915341241934676,39,10,0.2564102564102564,0.05472018152784952,57996129186520.42,94.992130704014,0.1190399437982678,378.64639657623906,26185965.04308979,23.606147736552096,0.33121351008137556
1.42,schechter,-4,2876220264918.8687,0.0028762202649188686,70,10,0.14285714285714285,0.05383001450813807,37722511568619.2,23.558688571365344,0.1196433960790384,380.1082623740574,25939173.29070372,23.592945697259726,0.1814298013104578
1.43,schechter,-4,2962954751769.771,0.002962954751769771,65,10,0.15384615384615385,0.0529582296416935,297020549394086.6,433.70129799688993,0.12023484484435139,381.5461253414359,25695471.644191947,23.575666760175828,0.1920808575756049
1.44,schechter,-4,3051774845398.846,0.003051774845398846,62,10,0.16129032258064516,0.05210432794132036,128349070310837.9,84.14046774314298,0.12081412379603326,382.960215709467,25454813.47682177,23.55435858394905,0.19794903614605414
1.45,schechter,-4,3142718266214.1133,0.0031427182662141133,113,10,0.08849557522123894,0.051267929831545156,61550689056354.56,54.83702384332453,0.12138107295328354,384.3507638553027,25217152.95410143,23.52907038984327,0.10675103803079394
1.46,schechter,-4,3235823197431.925,0.0032358231974319246,66,10,0.15151515151515152,0.05044848650655487,92371277384921.39,55.697788924502575,0.12193553878790152,385.71800019108736,24982445.019521292,23.49985291284275,0.17962606251205632
1.47,schechter,-4,3331128288133.521,0.003331128288133521,66,10,0.15151515151515152,0.049645602998307226,62133518841130.69,34.25275756252425,0.12247737435151856,387.0621550585429,24750645.38054905,23.466758351700534,0.17651838920995988
1.48,schechter,-4,3428672656324.8135,0.0034286726563248133,58,10,0.1724137931034483,0.04885883653017242,110181549259391.0,95.343726609982,0.12300643939460665,388.3834586273863,24521710.494854964,23.42984031786011,0.19737150655489144
1.49,schechter,-4,3528495891999.666,0.003528495891999666,100,10,0.1,0.04808780572890636,204386777710347.8,47.12312374222739,0.12352260047705375,389.6821408002693,24295597.556820426,23.389153783532258,0.11247330833060144
1.5,schechter,-4,3630638060206.4883,0.003630638060206488,49,10,0.20408163265306123,0.04733205226428139,228004000700574.75,240.69494889669122,0.1240257310701164,390.95843112003155,24072264.484238382,23.344755028655783,0.22550105410473087
1.51,schechter,-4,3735139704118.185,0.003735139704118185,59,10,0.1694915254237288,0.04659125562188138,62115815768226.45,103.5813587220437,0.12451571164958056,392.21255868303336,23851669.90529175,23.296701587126183,0.18396992860889586
1.52,schechter,-4,3842041848105.4497,0.0038420418481054496,121,10,0.08264462809917356,0.045865021073142054,54904590529402.65,62.82586229207086,0.12499242977998155,393.444752056628,23633773.145745885,23.24505219218931,0.08811031476372311
1.53,schechter,-4,3951386000813.292,0.003951386000813292,108,10,0.09259259259259259,0.045152964277815344,83440826870372.9,90.0653624890496,0.12545578018975678,394.65523919877927,23418534.21637197,23.18986672097786,0.09695289107959372
1.54,schechter,-4,4063214158240.905,0.004063214158240905,90,10,0.1111111111111111,0.0444547409627718,84779573969218.8,90.99105547882118,0.12590566483722512,395.8442473845864,23205913.800602216,23.1312061385554,0.11425464189399524
1.55,schechter,-4,4177568806824.782,0.004177568806824782,94,10,0.10638297872340426,0.043770014380613675,66415372367276.625,37.54958447034402,0.12634199296731044,397.01200313450505,22995873.24240182,23.069132441227072,0.10741875092561601
1.56,schechter,-4,4294492926525.101,0.004294492926525101,84,10,0.11904761904761904,0.043098455226338706,212985943011935.94,98.49435549666475,0.12676468115894596,398.1587321462866,22788374.534365553,23.003708599331066,0.11802670298904912
1.57,schechter,-4,4414029993915.2295,0.0044140299939152295,77,10,0.12987012987012986,0.04243974155117303,188091845639378.3,52.51495358104173,0.12717365336312167,399.2846592319114,22583380.306024913,22.93499849965693,0.12640979335090666
1.58,schechter,-4,4536223985274.579,0.004536223985274579,63,10,0.15873015873015872,0.04179355867379042,130898261957913.6,185.54734015993324,0.1275688409315561,400.3900082561967,22380853.81236754,22.86306688738712,0.15167125832076325
1.59,schechter,-4,4661119379684.526,0.004661119379684526,96,10,0.10416666666666667,0.04115959908912148,180606874512787.56,54.54759437250234,0.12795018263599814,401.47500207940953,22180758.922575094,22.787979307793734,0.09770250962083189
1.6,schechter,-4,4788761162127.604,0.004788761162127604,117,10,0.08547008547008547,0.040537562374945546,276294695611398.56,187.91045402920844,0.12831762467818383,402.53986250386214,21983060.10894857,22.70980204774535,0.07868376213958489
1.61,schechter,-4,4919194826589.712,0.004919194826589712,132,10,0.07575757575757576,0.03992720786807691,139022712933791.16,94.60957083269395,0.12867112069049735,403.58481022121043,21787722.43604854,22.62860207695653,0.06844673476444244
1.62,schechter,-4,5052466379165.574,0.005052466379165574,88,10,0.11363636363636363,0.03932822637873601,43433723321036.625,24.285321476538083,0.12901063172740435,404.61006476589654,21594711.550035674,22.54444698936461,0.1007537630433119
1.6300000000000001,schechter,-4,5188622341167.2705,0.00518862234116727,59,10,0.1694915254237288,0.03874031839638614,161630519118843.56,59.02411433587126,0.1293361262477481,405.61584446769433,21403993.66818979,22.45740494430391,0.14745881659303556
1.6400000000000001,schechter,-4,5327709752235.83,0.00532770975223583,92,10,0.10869565217391304,0.03816329416007902,224440838193273.66,50.820914847473645,0.12964758008801838,406.6023664104865,21215535.568644308,22.36754460800732,0.09278469396892096
1.6500000000000001,schechter,-4,5469776173455.931,0.005469776173455931,81,10,0.12345679012345678,0.037596834648452426,260601935688089.5,29.164598213837866,0.12994497642672279,407.5698463913113,21029304.58028762,22.274935095139995,0.1033909940218504
1.6600000000000001,schechter,-4,5614869690473.64,0.00561486969047364,91,10,0.10989010989010989,0.03704073857348289,59012642054623.586,36.416276374826495,0.13022830574001035,408.51849888234364,20845268.57286173,22.179645910636335,0.09028027097014278
1.6700000000000002,schechter,-4,5763038916617.218,0.005763038916617218,78,10,0.1282051282051282,0.03649472165755685,134653590037982.45,85.77905272371424,0.13049756574871402,409.448536995817,20663395.94724198,22.08174689191057,0.10331630852985862
1.68,schechter,-4,5914332996020.933,0.005914332996020933,72,10,0.1388888888888889,0.03595861695088065,254754521538636.9,207.51847486643697,0.13075276135699798,410.36017245108417,20483655.625891827,21.981308151477016,0.10978019998586562
1.69,schechter,-4,6068801606751.836,0.006068801606751836,104,10,0.09615384615384616,0.0354321299410808,172968468379314.7,171.09418427180591,0.13099390458281196,411.25361554340304,20306017.043500546,21.878400020052144,0.07453829927052236
1.7,schechter,-4,6226494963939.613,0.006226494963939613,102,10,0.09803921568627451,0.03491506919820453,334399972289004.6,66.08726350668329,0.13122101448037002,412.12907511500214,20130450.13778125,21.773092990228033,0.07453029886399547
1.71,schechter,-4,6387463822909.293,0.006387463822909293,117,10,0.08547008547008547,0.03440725176410342,254903433868589.44,68.27464346018812,0.13143411705488842,412.9867585291567,19956925.34045368,21.665457660863492,0.06371357746340627
1.72,schechter,-4,6551759482317.035,0.006551759482317035,71,10,0.14084507042253522,0.03390842891341761,130848046284592.9,132.2328537649855,0.13163324516982902,413.8268716439568,19785413.568385925,21.555564682068812,0.10294582150852191
1.73,schechter,-4,6719433787288.756,0.006719433787288756,85,10,0.11764705882352941,0.03341840505503402,323550732487686.1,67.99747922242429,0.1318184384469108,414.64961879102555,19615886.214899182,21.443484701143753,0.08430671265108788
1.74,schechter,-4,6890539132561.693,0.006890539132561694,97,10,0.10309278350515463,0.03293698839372872,102369062510928.7,36.62109930161593,0.13198974315916043,415.4552027531022,19448315.141239457,21.329288309226953,0.07242500221520637
1.75,schechter,-4,7065128465628.893,0.007065128465628893,82,10,0.12195121951219512,0.03246399089461749,146735950939870.06,38.89797446156358,0.13214721211728916,416.2438247452089,19282672.668198943,21.213045988958378,0.08398294290642035
1.76,schechter,-4,7243255289886.59,0.00724325528988659,93,10,0.10752688172043011,0.03199922824636092,144468179401417.44,63.133269058098406,0.13229090454968861,417.01568439634076,19118931.567901675,21.09482806307992,0.07258260408690688
1.77,schechter,-4,7424973667784.456,0.007424973667784456,100,10,0.1,0.03154251982319711,191769278145319.8,80.72889238532922,0.13242088597635046,417.7709797343994,18957065.055737577,20.974704644162596,0.06615950370242032
1.78,schechter,-4,7610338223978.623,0.007610338223978623,84,10,0.11904761904761904,0.031093688645882467,122694316419541.1,26.91443666776278,0.1325372280770222,418.50990716994755,18797046.782446537,20.85274558530041,0.07718914031442037
1.79,schechter,-4,7799404148487.661,0.007799404148487661,92,10,0.10869565217391304,0.03065256134161698,445649768131241.2,52.28708255551064,0.13264000855391733,419.2326614843631,18638850.826349083,20.729020432109724,0.06906495329857337
1.8,schechter,-4,7992227199851.322,0.007992227199851322,80,10,0.125,0.03021896810302127,41718078575308.375,32.151311968820956,0.1327293109893057,419.9394358170854,18482451.68572671,20.60359837582589,0.07782743526581792
1.81,schechter,-4,8188863708292.079,0.008188863708292079,65,10,0.15384615384615385,0.029792742646239323,211010555046484.62,39.42782307656004,0.13280522469831382,420.6304216552658,18327824.271332726,20.476548207696272,0.09385423554387817
1.82,schechter,-4,8389370578879.47,0.00838937057887947,85,10,0.11764705882352941,0.0293737313177036,57539351549933.94,37.62768412609371,0.132867844577269,421.3058088249862,18174943.89906127,20.34793827470675,0.07031704373534746
1.83,schechter,-4,8593805294697.218,0.008593805294697218,67,10,0.14925373134328357,0.02896181277251153,166962635981389.16,83.47049284799176,0.13291727094792347,421.96578548283907,18023786.282729935,20.217836436579347,0.08739480500618994
1.84,schechter,-4,8802225920013.068,0.008802225920013068,54,10,0.18518518518518517,0.028556790325001913,135233269482766.5,49.89371160485122,0.13295360939789763,422.61053810849666,17874327.527015675,20.086310024159868,0.10622232291905878
1.85,schechter,-4,9014691103451.52,0.00901469110345152,71,10,0.14084507042253522,0.028158517386480453,379459454403717.0,143.87260930231668,0.13297697061768127,423.2402515004473,17726544.12051855,19.95342579930917,0.07913505454784436
1.86,schechter,-4,9231260081169.03,0.00923126008116903,62,10,0.16129032258064516,0.02776690879318655,342807300666715.6,27.619732990198838,0.1329874702345315,423.8551087694993,17580412.92894541,19.819249916066113,0.08876117818851256
1.87,schechter,-4,9451992680032.133,0.009451992680032132,97,10,0.10309278350515463,0.02738175262550757,180688416445512.16,77.13280356984163,0.13298522864360543,424.4552913363653,17435911.18843124,19.683847883435334,0.055564768398180114
1.8800000000000001,schechter,-4,9676949320798.287,0.009676949320798288,104,10,0.09615384615384616,0.02700297584466249,312386788992918.2,77.87749348110803,0.13297037083666333,425.04097892854963,17293016.49898085,19.54728452958027,0.05075335115201931
1.8900000000000001,schechter,-4,9906191021299.2,0.009906191021299198,71,10,0.14084507042253522,0.026630392338428455,183677899163288.75,105.51847721216896,0.13294302622867502,425.612349577954,17151706.818034906,19.4096239675192,0.07280083118259163
1.9000000000000001,schechter,-4,10139779399626.967,0.010139779399626967,71,10,0.14084507042253522,0.026263930555567416,345691722326159.25,125.10271213222543,0.13290332848265865,426.1695796211587,17011960.454154097,19.270929562427053,0.07128596560124159
1.9100000000000001,schechter,-4,10377776677322.873,0.010377776677322873,166,10,0.060240963855421686,0.025903405284678938,176938384150533.12,62.95401009774613,0.13285141533307546,426.71284369830926,16873756.06082675,19.131263900378723,0.029853306169858894
1.9200000000000002,schechter,-4,10620245682568.824,0.010620245682568825,127,10,0.07874015748031496,0.02554875201285256,89540098249115.4,29.52300289487878,0.13278742840810062,427.242314753992,16737072.630372385,18.99068875867295,0.0382038108384726
1.93,schechter,-4,10867249853381.32,0.010867249853381321,144,10,0.06944444444444445,0.02519981808877292,158390094266668.44,32.98193729843579,0.13271151305108214,427.7581640390713,16601889.488000676,18.849265077765764,0.03298597576852482
1.94,schechter,-4,11118853240808.193,0.011118853240808193,161,10,0.062111801242236024,0.0248564798747547,189306355105624.34,81.47133197742544,0.1326238181414942,428.2605611124893,16468186.28592861,18.707052934666144,0.0288814586823913
1.95,schechter,-4,11375120512127.76,0.01137512051212776,97,10,0.10309278350515463,0.02451865076098203,467341168286166.5,103.3502851484565,0.13252449591568408,428.74967384440055,16335942.997650843,18.564111517966648,0.04692442958731425
1.96,schechter,-4,11636116954050.672,0.011636116954050672,120,10,0.08333333333333333,0.024186219178186308,320187909858467.0,38.07878399253604,0.13241370178770218,429.2256684197491,16205139.912292665,18.420499104389435,0.037126852392528956
1.97,schechter,-4,11901908475924.445,0.011901908475924445,39,10,0.2564102564102564,0.023859060417454336,361556076523266.2,41.54320274105244,0.13229159417049882,429.6887093415494,16075757.62908553,18.27627303685952,0.11180889810059563
1.98,schechter,-4,12172561612940.28,0.012172561612940279,102,10,0.09803921568627451,0.023537072924642244,249114131972354.9,22.805892033370593,0.13215833429775978,430.1389594374033,15947777.051919853,18.13148970419973,0.04183943092158324
1.99,schechter,-4,12448143529342.602,0.012448143529342601,140,10,0.07142857142857142,0.023220156892538757,157825600401040.7,40.64100516536301,0.1320140860466449,430.5765798626241,15821179.384035045,17.98620452222302,0.02983160649337918
2.0,schechter,-4,12728722021641.13,0.012728722021641131,109,10,0.09174311926605505,0.022908214246585845,207752542280990.3,22.194444131243426,0.13185901576168338,431.0017301079534,15695946.122775251,17.840471916470893,0.037494803020432406
2.01,schechter,-4,13014365521825.459,0.01301436552182546,100,10,0.1,0.022601148630138734,374062683542090.4,28.70638628063308,0.13169329208006922,431.4145680043278,15572059.054465903,17.694345306326653,0.03999125281812864
2.02,schechter,-4,13305143100582.064,0.013305143100582064,75,10,0.13333333333333333,0.02229886538928838,275735905690923.6,86.94487236581301,0.13151708575859106,431.8152497314393,15449500.249373306,17.547877090727603,0.0521730332151883
2.03,schechter,-4,13601124470513.87,0.013601124470513868,109,10,0.09174311926605505,0.022001271557273716,241828769294616.7,48.4921874206812,0.13133056950241706,432.2039298227608,15328252.056764135,17.401118635172892,0.0351235538066766
2.04,schechter,-4,13902379989362.295,0.013902379989362295,125,10,0.08,0.02170827583850865,177600829857433.7,50.70218515200048,0.13113391779594796,432.580761175166,15208297.100052891,17.254120260327507,0.029964576156959216
2.05,schechter,-4,14208980663231.727,0.014208980663231726,61,10,0.16393442622950818,0.021419788592243805,145870901599707.94,51.91329001568454,0.13092730673593825,432.94589505620326,15089618.27204791,17.10693123192647,0.060069975483593094
2.0599999999999996,schechter,-4,14520998149816.51,0.01452099814981651,103,10,0.0970873786407767,0.021135721815887853,202361045210171.38,19.622697272576485,0.1307109138670736,433.2994811123532,14972198.730271557,16.959599752064076,0.03480129926877931
2.07,schechter,-4,14838504761630.326,0.014838504761630325,55,10,0.18181818181818182,0.020855989128014785,294457119463649.06,38.3161753489356,0.1304849180201844,433.6416673780323,14856021.89238433,16.812172951864877,0.06375172660043602
2.0799999999999996,schechter,-4,15161573469237.969,0.015161573469237969,105,10,0.09523809523809523,0.020580505751073064,180611311929187.75,72.64855651736958,0.1302494991532604,433.97260028476904,14741071.431683572,16.664696885451576,0.03266360858008815
2.09,schechter,-4,15490277904489.65,0.01549027790448965,77,10,0.12987012987012986,0.020309210180018522,255339354109392.84,39.35300528822114,0.13000483819542183,434.29242467098567,14627331.272682121,16.51721652520311,0.043565145714185086
2.0999999999999996,schechter,-4,15824692363757.568,0.015824692363757567,106,10,0.09433962264150944,0.02004201623057944,323817328417870.2,98.03127255501883,0.12975111689399202,434.60128379074195,14514785.586787315,16.36977575823224,0.03095125579598457
2.11,schechter,-4,16164891811175.027,0.016164891811175027,90,10,0.1111111111111111,0.019778830373668566,420118199583363.5,82.63434513162932,0.12948851766480282,434.8993193249548,14403418.788036415,16.222417384134893,0.03565116018796179
2.1199999999999997,schechter,-4,16510951881877.73,0.01651095188187773,82,10,0.12195121951219512,0.01951958227503292,159393014356508.94,31.22409607039412,0.1292172234458553,435.18667139072534,14293215.5289337,16.075183113861875,0.03826595846063985
2.13,schechter,-4,16862948885247.69,0.01686294888524769,100,10,0.1,0.019264228978292497,264003976004491.2,29.105859793496204,0.12893741755444604,435.4634785525585,14184160.69634576,15.928113569773267,0.030684282700036015
2.1399999999999997,schechter,-4,17220959808159.254,0.017220959808159252,57,10,0.17543859649122806,0.019012655251246402,272487298957035.6,51.158139829170224,0.12864928354785926,435.7298778322741,14076239.407488255,15.781248286757414,0.05263919879130555
2.15,schechter,-4,17585062318227.61,0.01758506231822761,67,10,0.14925373134328357,0.01876482139138813,185965009816247.62,36.82069108958463,0.12835300508771263,435.9860047208746,13969437.005973084,15.634625714464288,0.04378820284375021
2.1599999999999997,schechter,-4,17955334767059.695,0.017955334767059697,143,10,0.06993006993006994,0.018520646721433165,507184139772813.4,106.21370655622093,0.12804876580803742,436.2319931890075,13863739.057946578,15.48828322052712,0.020059651877544327
2.17,schechter,-4,18331856193507.11,0.01833185619350711,78,10,0.1282051282051282,0.01828006282896244,208250527841251.16,41.7387017695179,0.12773674918715994,436.46797569874667,13759131.34827611,15.342257094786875,0.03595607995266652
2.1799999999999997,schechter,-4,18714706326921.81,0.01871470632692181,92,10,0.10869565217391304,0.01804301313843315,215784073933713.56,38.87850806663402,0.1274171384234439,436.6940832141847,13655599.876833957,15.196582554446483,0.029803493335778464
2.19,schechter,-4,19103965590413.7,0.019103965590413698,109,10,0.09174311926605505,0.01780942634999172,133493629057443.84,18.226486022691223,0.12709011631494216,436.910445214651,13553130.854817575,15.051293750183573,0.024592193350090368
2.1999999999999997,schechter,-4,19499715104110.582,0.019499715104110582,142,10,0.07042253521126761,0.01757923701208164,117329414934804.7,20.224847802117814,0.12675586514299808,437.11718970471054,13451710.70117912,14.906423773059373,0.018453771585150634
2.21,schechter,-4,19902036688420.734,0.019902036688420735,93,10,0.10752688172043011,0.017352402551670365,178986578189180.6,42.271341363994644,0.12641456655982633,437.31444322718704,13351326.039074074,14.762004662304092,0.027543682512896274
2.2199999999999998,schechter,-4,20311012867297.133,0.020311012867297133,78,10,0.1282051282051282,0.01712883195047754,356264639914320.1,36.994130183288476,0.1260664014800965,437.5023308748259,13251963.692418212,14.618067413886342,0.032101335919642426
2.23,schechter,-4,20726726871504.574,0.020726726871504574,171,10,0.05847953216374269,0.016908499250923192,187820588738387.1,22.216528032347277,0.1257115499765309,437.6809763023236,13153610.682476113,14.474641989803674,0.014312542294852444
2.2399999999999998,schechter,-4,21149262641888.508,0.021149262641888506,149,10,0.06711409395973154,0.016691332592044472,271659472043855.34,51.77752993563464,0.12535019117952442,437.8505017384983,13056254.22453316,14.331757328106148,0.016054773704153716
2.25,schechter,-4,21578704832646.51,0.02157870483264651,145,10,0.06896551724137931,0.016477265908185545,183305496343095.28,31.05845513206051,0.12498250318078254,438.0110279990109,12959881.724614153,14.189441353587432,0.01612435850149409
2.26,schechter,-4,22015138814601.605,0.022015138814601605,61,10,0.16393442622950818,0.01626625300099871,111623619138173.73,27.465054544553745,0.12460866294096873,438.1626744977035,12864480.776277887,14.04772098907558,0.03745963667143331
2.27,schechter,-4,22458650678478.246,0.022458650678478246,64,10,0.15625,0.016058258462004038,328047512990788.8,28.74453013279331,0.12422884620134438,438.3055592604881,12770039.157449897,13.906622167373204,0.03489314579642401
2.28,schechter,-4,22909327238179.953,0.02290932723817995,38,10,0.2631578947368421,0.015853207585431184,260757564886818.8,25.219559457230968,0.12384322739937846,438.43979893631683,12676544.827336488,13.766169843680533,0.057431038996886896
2.29,schechter,-4,23367256034069.695,0.023367256034069694,127,10,0.07874015748031496,0.015651051155989304,273812608627740.4,35.05457963824506,0.12345197958829715,438.5655088106497,12583985.923375618,13.626388008592057,0.01679270045620736
2.3,schechter,-4,23832525336251.965,0.023832525336251964,136,10,0.07352941176470588,0.01545174068974109,418515137522409.5,61.206371712636916,0.12305527436053831,438.6828028171922,12492350.758259717,13.487299701534267,0.015323695411244845
2.31,schechter,-4,24305224147857.37,0.024305224147857372,97,10,0.10309278350515463,0.015255228429215006,420640585555971.5,44.79313687165086,0.12265328177506969,438.791793552087,12401627.816991834,13.348927024699362,0.02099391041718662
2.32,schechter,-4,24785442208329.27,0.02478544220832927,103,10,0.0970873786407767,0.015061467338363,193945547442981.12,29.84390388559916,0.12224617028852493,438.89259228407354,12311805.754026573,13.211291157296147,0.019318585462448527
2.3299999999999996,schechter,-4,25273269996712.49,0.025273269996712488,91,10,0.10989010989010989,0.014870411097362979,464829374002474.3,33.88788353229715,0.12183410669010708,438.98530896910137,12222873.3904306,13.07441237027647,0.021365042505764726
2.34,schechter,-4,25768798734944.207,0.02576879873494421,70,10,0.14285714285714285,0.014682015217992506,201809921222036.9,28.32187806276651,0.12141725604020252,439.0700522623272,12134819.711121293,12.938310041349796,0.027137209274600418
2.3499999999999996,schechter,-4,26272120391147.06,0.02627212039114706,84,10,0.11904761904761904,0.014496232476741477,390814154873996.2,39.869453872058116,0.12099578161264772,439.14692953002594,12047633.862132035,12.803002670278921,0.02209467894151252
2.36,schechter,-4,26783327682924.28,0.026783327682924282,137,10,0.072992700729927,0.014313018905609654,241768563761385.3,40.34404941753563,0.12056984484058411,439.2160468635227,11961305.147949908,12.668507894536214,0.013235371751851239
2.3699999999999997,schechter,-4,27302514080656.957,0.027302514080656957,70,10,0.14285714285714285,0.014132333000674402,449359673957553.3,26.917201730868886,0.12013960526583477,439.2775090903903,11875823.028886234,12.5348425051083,0.025306652627599742
2.38,schechter,-4,27829773810803.44,0.02782977381080344,150,10,0.06666666666666667,0.013954130898401695,347343242300953.9,62.849368445546475,0.11970522049173256,439.3314197883165,11791177.118503083,12.402022462603659,0.011537296323205973
2.3899999999999997,schechter,-4,28365201859200.67,0.028365201859200672,103,10,0.0970873786407767,0.013778370459678224,337472023277938.25,36.94133466899076,0.1192668461393275,439.37788129669053,11707357.181081956,12.270062913476709,0.016413735183052506
2.4,schechter,-4,28908893974367.91,0.02890889397436791,97,10,0.10309278350515463,0.013605010221613978,165436502047155.44,24.340229755809567,0.11882463580689664,439.41699472947596,11624353.129135568,12.138978206445827,0.01702586830707678
2.4099999999999997,schechter,-4,29460946670812.164,0.029460946670812165,140,10,0.07142857142857142,0.01343400939138728,271089327255872.66,26.22436153838121,0.11837874103268001,439.44885998800794,11542155.020976886,12.008781909054422,0.011523292067525627
2.42,schechter,-4,30021457232335.973,0.03002145723233597,124,10,0.08064516129032258,0.013265327839997676,223530706974074.16,14.782047818533977,0.11792931126076286,439.47357577267707,11460753.05831884,11.879486824294236,0.012708490910902896
2.4299999999999997,schechter,-4,30590523715347.137,0.030590523715347137,150,10,0.06666666666666667,0.013098926095933328,223595826966232.75,39.553831937106814,0.1174764938100209,439.4912395964289,11380137.583922423,11.75110500736599,0.010261790402469276
2.44,schechter,-4,31168244952170.418,0.031168244952170417,41,10,0.24390243902439024,0.012934781190157563,369159377112021.4,58.545156406052534,0.11702043384604897,439.5019477963941,11300299.079290532,11.623647782450615,0.03667057090181924
2.4499999999999997,schechter,-4,31754720554361.277,0.03175472055436128,127,10,0.07874015748031496,0.012772848812964033,544225968161164.0,62.098876798815695,0.11656127435598546,439.50579554612347,11221228.162397789,11.49712575952709,0.011563074733076679
2.46,schechter,-4,32350050916021.92,0.03235005091602192,137,10,0.072992700729927,0.012613083622524668,376217904302178.3,60.59139724161584,0.11609915612615085,439.50287686835253,11142915.58546343,11.371548851220284,0.010469364713727428
2.4699999999999998,schechter,-4,32954337217118.848,0.03295433721711885,74,10,0.13513513513513514,0.01245544862503234,246569696472005.7,41.165382993453086,0.11563421772241134,439.4932846468586,11065352.232765501,11.246926289618717,0.018930474674306964
2.48,schechter,-4,33567681426803.0,0.033567681426803,85,10,0.11764705882352941,0.012299938867014748,338671642336017.7,37.707163553375835,0.11516659547318477,439.47711063924686,10988529.118494129,11.123266643089345,0.0160959411425298
2.4899999999999998,schechter,-4,34190186306731.266,0.03419018630673126,96,10,0.10416666666666667,0.01214648958662401,258827154109964.7,26.220303620090714,0.11469642345499854,439.45444548787805,10912437.38464076,11.000577832996063,0.013918583759930582
2.5,schechter,-4,34821955414390.637,0.034821955414390635,127,10,0.07874015748031496,0.011995069261945601,206124524211093.8,29.561159450528002,0.11422383348051643,439.42537873307583,10837068.298925612,10.87886715041335,0.01027502086304826
2.51,schechter,-4,35463093106423.83,0.03546309310642383,109,10,0.09174311926605505,0.011845672394367401,665408220623392.6,54.7482286291437,0.11374895508894493,439.3899988245843,10762413.25276639,10.758141272718403,0.01169150615494908
2.52,schechter,-4,36113704541957.07,0.03611370454195707,139,10,0.07194244604316546,0.011698232841749201,261312706029019.75,28.103170832649717,0.11327191553873434,439.3483931334892,10688463.759278566,10.638406280093593,0.008953277246738259
2.53,schechter,-4,36773895685929.98,0.03677389568592997,85,10,0.11764705882352941,0.011552746285410587,470651566525238.4,28.094340359398974,0.112792839802488,439.3006479640209,10615211.451314276,10.519667671916972,0.014297770778881487
2.54,schechter,-4,37443773312426.984,0.03744377331242699,112,10,0.08928571428571429,0.011409164581957398,276004145464601.84,26.329301348573154,0.11231185056399447,439.2468485654653,10542648.079530537,10.401930383023382,0.010596190688390798
2.55,schechter,-4,38123445008011.32,0.03812344500801132,104,10,0.09615384615384616,0.011267467524699093,300581543671083.94,47.1552414474888,0.11182906821729809,439.18707914382605,10470765.510502744,10.285198799830718,0.011143090717516029
2.56,schechter,-4,38813019175060.37,0.038813019175060366,232,10,0.04310344827586207,0.011127620087919343,369905167189516.6,27.48584928989526,0.1113446108677235,439.1214228732814,10399555.724859066,10.169476776296523,0.004877675606014933
2.57,schechter,-4,39512605035103.15,0.03951260503510315,88,10,0.11363636363636363,0.010989599307705378,678691361242270.8,36.54656432600179,0.11085859433477233,439.04996190759806,10329010.815461004,10.054767649722905,0.012556575863924233
2.5799999999999996,schechter,-4,40222312632159.96,0.04022231263215996,145,10,0.06896551724137931,0.010853366272753684,552592288163091.9,52.79796418329441,0.11037113215680884,438.97277739212836,10259122.985599501,9.941074256383477,0.007440973796494644
2.59,schechter,-4,40942252836083.61,0.04094225283608361,88,10,0.11363636363636363,0.010718911658716634,147086516711324.56,21.013628579135723,0.10988233559745512,438.8899494748891,10189884.547240347,9.828398946961185,0.011971561370352334
2.5999999999999996,schechter,-4,41672537345902.46,0.04167253734590246,62,10,0.16129032258064516,0.010586182241385966,339518001360548.0,32.45041919878996,0.109392313653616,438.80155731743446,10121287.9192909,9.716743601778152,0.016590841703426545
2.61,schechter,-4,42413278693165.97,0.04241327869316597,67,10,0.14925373134328357,0.010455181325096707,227852950609240.06,30.17096823949866,0.108901173065055,438.70767910618366,10053325.625898778,9.6061096458346,0.014990092265068844
2.6199999999999997,schechter,-4,43164590245291.22,0.04316459024529122,129,10,0.07751937984496124,0.010325860781539742,411638377466764.4,52.97953722571374,0.1084090183254463,438.608392064699,9985990.294780755,9.496498063657828,0.007601512939340502
2.63,schechter,-4,43926586208912.44,0.04392658620891244,128,10,0.078125,0.010198191745870777,403490185614596.8,20.95537836953489,0.10791595169482557,438.50377246245154,9919274.6555814,9.387909413856654,0.007479664085576211
2.6399999999999997,schechter,-4,44699381633231.12,0.04469938163323112,129,10,0.07751937984496124,0.010072177344885858,500673333701228.9,38.77998641811466,0.10742207321336858,438.3938956281479,9853171.53826193,9.28034384355279,0.007245989846029718
2.65,schechter,-4,45483092413369.21,0.04548309241336921,95,10,0.10526315789473684,0.009947766259750912,290103600617924.5,37.827709461169185,0.10692748071642302,438.27883595889597,9787673.871516135,9.173801102490193,0.009606192534843964
2.6599999999999997,schechter,-4,46277835293723.3,0.0462778352937233,88,10,0.11363636363636363,0.009824935862427497,850059666289486.6,35.31645014446151,0.10643226985072582,438.1586669312723,9722774.681209411,9.068280556946533,0.010124463051647499
2.67,schechter,-4,47083727871321.07,0.04708372787132107,138,10,0.07246376811594203,0.009703673259752188,333128963612911.4,29.59054267577731,0.10593653409173551,438.03346111288766,9658467.088857314,8.96378120342586,0.006303014780431363
2.6799999999999997,schechter,-4,47900888599179.35,0.047900888599179355,81,10,0.12345679012345678,0.009583956127656279,447865711954877.06,81.78885652843185,0.10544036476201399,437.9032901717467,9594744.310116976,8.860301682048332,0.010483548468956834
2.69,schechter,-4,48729436789664.5,0.0487294367896645,150,10,0.06666666666666667,0.009465751678353063,377648988570042.9,49.2631368717481,0.1049438510505919,437.7682248874131,9531599.653310519,8.757840289735618,0.005526636094754201
2.6999999999999997,schechter,-4,49569492617853.625,0.04956949261785362,93,10,0.10752688172043011,0.009349038504319562,503216367442884.0,59.261643502836286,0.10444708003325524,437.6283351614723,9469026.51798176,8.65639499313789,0.00870203979563927
2.71,schechter,-4,50421177124899.086,0.05042117712489909,96,10,0.10416666666666667,0.00923379546582892,459131710721345.4,33.31583028366903,0.10395013669369071,437.48369002697797,9407018.393461363,8.555963441272286,0.008229585044772713
2.7199999999999998,schechter,-4,51284612221393.055,0.05128461222139306,80,10,0.125,0.009120004658728309,307114501225904.4,39.21134108201118,0.10345310394543139,437.33435765990885,9345568.857473286,8.456542977961654,0.009640463919468305
2.73,schechter,-4,52159920690735.44,0.05215992069073544,69,10,0.14492753623188406,0.009007649202449675,561795958316984.8,49.86460277462278,0.10295606265454338,437.18040538798846,9284671.574754989,8.358130653954861,0.010911175205661839
2.7399999999999998,schechter,-4,53047226192502.76,0.05304722619250276,63,10,0.15873015873015872,0.008896700332251206,346872147822113.44,40.53586185565809,0.10245909166299956,437.02189970180706,9224320.295706078,8.260723238838965,0.011665583997399028
2.75,schechter,-4,53946653265818.93,0.05394665326581893,122,10,0.08196721311475409,0.008787138016094986,316882718303594.4,23.28331058802135,0.10196226781268383,436.85890626387896,9164508.855059594,8.164317232652154,0.005880408387745668
2.76,schechter,-4,54858327332727.86,0.05485832733272786,163,10,0.06134969325153374,0.008678942481535667,316536605355378.4,24.081000198908804,0.10146566596997589,436.6914899189213,9105231.170576822,8.068908877262261,0.004296294235246118
2.77,schechter,-4,55782374701568.17,0.055782374701568174,134,10,0.07462686567164178,0.008572094214121306,278776227731594.0,32.40711599847058,0.10096935905086413,436.5197147034306,9046481.241760328,7.97449416746935,0.0051013518890677696
2.78,schechter,-4,56718922570348.95,0.056718922570348954,92,10,0.10869565217391304,0.008466573955757006,279005665448872.75,17.10568233498977,0.1004734180465394,436.3436438550533,8988253.148596747,7.881068861853353,0.007252788301010338
2.79,schechter,-4,57668099030128.0,0.057668099030128,102,10,0.09803921568627451,0.008362362703030257,423737059188913.1,49.10117984491837,0.09997791204942123,436.1633398229727,8930541.050315544,7.7886284933775345,0.006385425139292062
2.8,schechter,-4,58630033068391.26,0.058630033068391256,176,10,0.056818181818181816,0.008259441705504966,294818891001434.5,27.593934189470453,0.09948290827957305,435.9788642759615,8873339.184167327,7.697168379691798,0.003612176905086393
2.81,schechter,-4,59604854572434.625,0.059604854572434626,110,10,0.09090909090909091,0.008157792463981184,414757254161400.4,42.93056938414421,0.09898847211146117,435.79027811315746,8816641.86423281,7.606683633238499,0.0056412496744656405
2.82,schechter,-4,60592694332746.56,0.06059269433274656,88,10,0.11363636363636363,0.00805739672872352,761490565194599.5,52.128962197101046,0.09849466710101733,435.5976414725267,8760443.480241075,7.5171691710533235,0.00688281980546663
2.8299999999999996,schechter,-4,61593684046393.63,0.061593684046393635,83,10,0.12048192771084337,0.007958236497660476,503112618728941.9,44.8025832902051,0.09800155501296365,435.4010137395208,8704738.496411402,7.428619724321705,0.00712273645992018
2.84,schechter,-4,62607956320406.555,0.06260795632040655,110,10,0.09090909090909091,0.007860294014554903,979600906201738.6,52.22812346342274,0.09750919584836228,435.200453557594,8649521.450322606,7.341029847724185,0.005245695724794119
2.8499999999999996,schechter,-4,63635644675168.89,0.06363564467516888,107,10,0.09345794392523364,0.00776355176714838,523573848278617.5,17.99652637554206,0.097017647872353,434.99601883579015,8594786.951786837,7.25439392847109,0.005263538579717029
2.86,schechter,-4,64676883547806.95,0.06467688354780696,163,10,0.06134969325153374,0.007667993247770344,433697748477585.9,35.00316010919671,0.09652696764204288,434.78776675824355,8540529.681758447,7.1687061951391415,0.0033723675275813725
2.8699999999999997,schechter,-4,65731808295581.484,0.06573180829558148,104,10,0.09615384615384616,0.007573610012838294,476715228757800.4,29.121069503816404,0.09603721003451575,434.57575379284737,8486744.391249523,7.083960726241405,0.00515876498911684
2.88,schechter,-4,66800555199281.53,0.06680055519928153,131,10,0.07633587786259542,0.007480377003435734,391218300655403.9,20.306142970274596,0.0955484282749277,434.36003569992175,8433425.9002663,7.0001514585601985,0.003997234503143574
2.8899999999999997,schechter,-4,67883261466618.664,0.06788326146661866,137,10,0.072992700729927,0.007388277624025941,277023525459991.66,19.969979006673405,0.09506067396466021,434.1406675408824,8380569.09677265,6.917272195251306,0.0037304180568957677
2.9,schechter,-4,68980065235625.07,0.06898006523562507,123,10,0.08130081300813008,0.007297295514137825,372302009269393.8,25.372978723816583,0.09457399710949974,433.9177036864658,8328168.935656688,6.835316613695749,0.004055229696165345
2.9099999999999997,schechter,-4,70091105578050.73,0.07009110557805073,123,10,0.08130081300813008,0.007207414546369861,417719660751227.6,14.406714633082151,0.0940884461478178,433.69119782533244,8276220.437724468,6.754278273136039,0.003957795404555334
2.92,schechter,-4,71216522502764.8,0.07121652250276479,43,10,0.23255813953488372,0.007118629348929928,465809791133860.7,34.55901275178731,0.09360406797872392,433.46120297268135,8224718.688710108,6.674150622085283,0.01104902430175703
2.9299999999999997,schechter,-4,72356456959156.33,0.07235645695915632,147,10,0.06802721088435375,0.007030919865905538,697615476165226.9,38.23879509468551,0.09312090799016796,433.22777147771865,8173658.8382961275,6.594927005490301,0.0031543131494624955
2.94,schechter,-4,73511050840538.53,0.07351105084053854,124,10,0.08064516129032258,0.006944265371669922,949013360160473.2,37.256302846592305,0.09263901008696694,432.9909550323151,8123036.099160874,6.516600671702646,0.003649435837540777
2.9499999999999997,schechter,-4,74680446987553.64,0.07468044698755365,193,10,0.05181347150259067,0.006858650614800843,442635613942653.0,18.259050534872582,0.09215841671873516,432.75080467935027,8072845.746031287,6.439164779219978,0.0022882891954301055
2.96,schechter,-4,75864789191579.78,0.07586478919157978,179,10,0.055865921787709494,0.006774078573477893,689992431916953.4,31.360706224200943,0.09167916890769558,432.50737081968373,8023083.114753859,6.3626124031969225,0.0024078679526168133
2.9699999999999998,schechter,-4,77064222198138.97,0.07706422219813897,95,10,0.10526315789473684,0.006690518925088651,813069003646537.5,35.35571252112114,0.0912013062763538,432.260703221202,7973743.601392691,6.286936541788184,0.004427670306701604
2.98,schechter,-4,78278891710308.03,0.07827889171030804,128,10,0.078125,0.006607955302056823,420663550290560.8,21.674460768651056,0.09072486707501438,432.0108510251628,7924822.661321773,6.212130122230495,0.0032069904826765544
2.9899999999999998,schechter,-4,79508944392129.17,0.07950894439212917,110,10,0.09090909090909091,0.006526392347723009,1005015765123123.4,64.01031987344246,0.09024988820912404,431.75786275569595,7876315.808353685,6.138186006787592,0.0036418372894180904
3.0,schechter,-4,80754527872024.39,0.08075452787202439,190,10,0.05263157894736842,0.00644580095126146,300070472693236.6,23.846596085438968,0.0897764052664229,431.50178632538024,7828218.613865179,6.065096998427639,0.0020576004211556786
3.01,schechter,-4,82015790746209.44,0.08201579074620943,124,10,0.08064516129032258,0.006366168017594598,565349403628005.6,30.74106813509722,0.08930445254389056,431.2426690448847,7780526.705950752,5.992855846377343,0.0030767360663921167
3.02,schechter,-4,83292882582110.81,0.08329288258211082,315,10,0.031746031746031744,0.006287495970594303,403664720707027.7,19.25470181513375,0.08883406307447111,430.9805576282862,7733235.768582869,5.921455251420204,0.0011819405089955241
3.03,schechter,-4,84585953921784.02,0.08458595392178402,91,10,0.10989010989010989,0.006209751161373456,693605737495391.8,17.5321047551027,0.08836526865356453,430.71549820209475,7686341.540784624,5.850887871061556,0.003992588763998941
3.04,schechter,-4,85895156285332.83,0.08589515628533283,135,10,0.07407407407407407,0.006132941175220785,760854501788277.2,26.73614299275359,0.08789809986527143,430.4475363113274,7639839.815826388,5.781146324479839,0.002626328172842867
3.05,schechter,-4,87220642174330.72,0.08722064217433072,163,10,0.06134969325153374,0.006057038019859018,473097343389923.3,27.504719497864407,0.08743258610838046,430.1767169278312,7593726.440420668,5.712223197320746,0.0021226474284719264
3.06,schechter,-4,88562565075244.11,0.08856256507524411,136,10,0.07352941176470588,0.005982039714575893,426463309717508.7,21.084866603766717,0.08696875562208634,429.9030844559571,7547997.313944066,5.644111046293687,0.002482595325912157
3.07,schechter,-4,89921079462856.19,0.08992107946285618,149,10,0.06711409395973154,0.005907928628026471,913283898035163.0,58.71723185177633,0.08650663551143015,429.62668274118573,7502648.387664568,5.576802403633584,0.0022112315820989052
3.08,schechter,-4,91296340803693.48,0.09129634080369349,145,10,0.06896551724137931,0.0058346970458732494,454763498892475.2,27.31510162907304,0.08604625177245216,429.3475550753471,7457675.663981256,5.510289781352896,0.00221730148339071
3.09,schechter,-4,92688505559453.27,0.09268850555945327,117,10,0.08547008547008547,0.005762329703969504,565616535108609.4,24.301755704685913,0.08558762931704852,429.0657442049436,7413075.195680463,5.444565675376897,0.0026814856851655623
3.0999999999999996,schechter,-4,94097731190432.66,0.09409773119043266,129,10,0.07751937984496124,0.005690820906538274,415595070196760.7,16.953559886140898,0.08513079199752545,428.78129233685684,7368843.085202581,5.379622569487083,0.0023732146192032744
3.11,schechter,-4,95524176158959.38,0.09552417615895938,80,10,0.125,0.005620150228360599,468452998213755.1,19.635538175933647,0.08467576263084305,428.49424114630233,7324975.48391775,5.315452939138342,0.003734205506217296
3.1199999999999997,schechter,-4,96967999932823.81,0.09696799993282382,62,10,0.16129032258064516,0.005550321285652249,480239513483695.9,23.839814713022413,0.08422256302254322,428.20463178117467,7281468.591418872,5.252049255086006,0.004701703350612564
3.13,schechter,-4,98429362988713.22,0.09842936298871321,130,10,0.07692307692307693,0.005481304870423309,817006737623692.2,23.358532836946594,0.08377121399035611,427.91250487140763,7238318.654820386,5.189403986926352,0.002188054257548735
3.1399999999999997,schechter,-4,99908426815646.42,0.09990842681564642,92,10,0.10869565217391304,0.005413110394489329,347122013909459.3,18.83239930818495,0.08332173538748046,427.61790053353525,7195521.968076602,5.127509606441892,0.003016932124834184
3.15,schechter,-4,101405353918411.56,0.10140535391841156,149,10,0.06711409395973154,0.005345712320863449,742790513019665.8,50.33216946916021,0.08287414612553251,427.32085837680955,7153074.871296239,5.066358590818449,0.0018176708416678233
3.1599999999999997,schechter,-4,102920307821003.52,0.10292030782100352,135,10,0.07407407407407407,0.005279102636226329,506638920594769.3,20.395042410125853,0.08242846419716175,427.021417511393,7110973.750088734,5.005943425767906,0.00195754734339046
3.17,schechter,-4,104453453070064.44,0.10445345307006444,86,10,0.11627906976744186,0.005213282392924068,645218711186327.0,48.15578623867333,0.0819847066983287,426.71961655294155,7069215.034901877,4.946256608463567,0.00299839912648691
3.1799999999999997,schechter,-4,106004955238324.92,0.10600495523832493,172,10,0.05813953488372093,0.005148227088885848,487305487911206.8,16.15368656438905,0.0815428898502426,426.41549362885195,7027795.200383879,4.8872906503792475,0.0014628419835779637
3.19,schechter,-4,107574980928046.94,0.10757498092804693,148,10,0.06756756756756757,0.005083932618712761,445423158257488.56,24.33925972451438,0.08110302902095701,426.1090863853949,6986710.76474544,4.829038080008012,0.0016588178521593768
3.1999999999999997,schechter,-4,109163697774468.61,0.1091636977744686,150,10,0.06666666666666667,0.005020397080158223,488132386172420.1,27.161069154836998,0.08066513874662186,425.8004319923632,6945958.289138465,4.771491445437384,0.0015969854480449189
3.21,schechter,-4,110771274449249.48,0.11077127444924949,145,10,0.06896551724137931,0.004957599367876431,310734878090538.9,15.612893317951185,0.08022923275238983,425.48956715016175,6905534.377048772,4.714643316839227,0.0016119526018844822
3.2199999999999998,schechter,-4,112397880663918.3,0.1123978806639183,81,10,0.12345679012345678,0.004895530973359374,515778731729559.7,22.14555204293523,0.07979532397297763,425.1765280951684,6865435.673682141,4.658486288815925,0.002815526409366459
3.23,schechter,-4,114043687173322.2,0.11404368717332221,125,10,0.08,0.004834194691287985,580528514884582.4,26.030355780748145,0.07936342457287976,424.8613506049008,6825658.865381889,4.603012982650433,0.0017801488739726716
3.2399999999999998,schechter,-4,115708865779076.22,0.11570886577907621,158,10,0.06329113924050633,0.004773572267397164,892518550854295.0,20.19557269508463,0.07893354596623703,424.54407000527925,6786200.679036681,4.548216048460124,0.0013741289870291117
3.25,schechter,-4,117393589333016.34,0.11739358933301634,97,10,0.10309278350515463,0.004713653198908707,631878343056773.8,23.148984499508508,0.07850569883635809,424.2247211743451,6747057.881511198,4.494088167218287,0.002183873511916108
3.26,schechter,-4,119098031740651.83,0.11909803174065182,155,10,0.06451612903225806,0.004654429327543341,738710004615528.2,20.274673776780265,0.07807989315489611,423.9033385497183,6708227.279078383,4.440622052711394,0.0013334555815919756
3.27,schechter,-4,120822367964620.39,0.1208223679646204,171,10,0.05847953216374269,0.004595898052855096,468356230798372.4,16.267321710051586,0.0776561382006801,423.57995613240206,6669705.71686476,4.387810453363312,0.001179294123912847
3.28,schechter,-4,122566774028144.66,0.12256677402814466,116,10,0.08620689655172414,0.004538049695506197,733692451134861.8,20.210704097750764,0.07723444257820353,423.25460749383006,6631490.078299773,4.335646153997197,0.0016961532507732407
3.29,schechter,-4,124331427018489.73,0.12433142701848973,151,10,0.06622516556291391,0.004480871700402789,624409002969686.5,32.67668678408661,0.07681481423577075,422.92732577973567,6593577.284582875,4.284121977479433,0.0012712980748318693
3.3,schechter,-4,126116505090421.3,0.1261165050904213,125,10,0.08,0.004424356252944905,875972691525557.9,33.694979632898374,0.07639726048330328,422.5981437166154,6555964.294144623,4.2332307862933956,0.0014983456879596852
3.31,schechter,-4,127922187469669.02,0.12792218746966902,173,10,0.057803468208092484,0.004368495618370938,466794476701436.3,16.830950667901995,0.0759817880098082,422.2670936160094,6518648.1021335395,4.182965484017284,0.00105625817275875
3.32,schechter,-4,129748654456384.8,0.1297486544563848,188,10,0.05319148936170213,0.004313282141423569,643441511321252.2,24.567334314788067,0.07556840290051019,421.93420738120193,6481625.739898744,4.133319016736097,0.0009483069733879911
3.33,schechter,-4,131596087428609.64,0.13159608742860965,189,10,0.05291005291005291,0.004258709009378414,451570818508647.1,18.503380923517355,0.07515711065365033,421.5995165099027,6444894.2744803615,4.0842843743341755,0.0009203057493037265
3.34,schechter,-4,133464668845736.44,0.13346466884573643,157,10,0.06369426751592357,0.00420477202936087,665630286492182.0,26.239242294318235,0.07474791619695409,421.26305210179044,6408450.8081216905,4.035854591768017,0.0010808820701932351
3.3499999999999996,schechter,-4,135354582251977.2,0.1353545822519772,118,10,0.0847457627118644,0.004151458986538792,333099377465300.6,18.861075960800594,0.0743408239037712,420.9248448619721,6372292.477769603,3.9880227502121777,0.0014030604139736859
3.36,schechter,-4,137266012279830.69,0.13726601227983068,177,10,0.05649717514124294,0.004098762558870539,934819219294328.6,21.146976927476253,0.07393583760889016,420.5849251063218,6336416.454597149,3.9407819781614464,0.0009125609957491477
3.3699999999999997,schechter,-4,139199144653551.16,0.13919914465355115,155,10,0.06451612903225806,0.004046675501783614,829244611224032.2,36.62472636632409,0.07353296062403111,420.2433227667557,6300819.9435306,3.894125452461021,0.0010166620689900673
3.38,schechter,-4,141154166192619.97,0.14115416619261997,99,10,0.10101010101010101,0.003995190647787528,468613357700531.2,25.206366779002604,0.07313219575301971,419.90006739499313,6265500.18277916,3.848046399252918,0.0015528968673280534
3.3899999999999997,schechter,-4,143131264815215.8,0.14313126481521582,176,10,0.056818181818181816,0.003944300906085885,890993720023921.9,19.31447368660277,0.07273354530664589,419.5551881684363,6230454.443376221,3.8025380948805227,0.0008521792302876897
3.4,schechter,-4,145130629541690.06,0.14513062954169006,136,10,0.07352941176470588,0.003893999262175485,699064206870434.1,28.22865879124164,0.07233701111721073,419.2087138944722,6195680.028727723,3.7575938667162188,0.0010758873341579472
3.4099999999999997,schechter,-4,147152450498039.94,0.14715245049803993,218,10,0.045871559633027525,0.003844278777440202,735774359817715.0,37.67721316599854,0.07194259455276497,418.86067301436367,6161174.274165404,3.713207093924417,0.0006547983131841304
3.42,schechter,-4,149196918919385.9,0.1491969189193859,112,10,0.08928571428571429,0.003795132588739425,510713584477581.3,19.078429441406257,0.07155029653104333,418.51109360928024,6126934.5465087,3.6693712081872363,0.0012433705582476373
3.4299999999999997,schechter,-4,151264227153448.25,0.15126422715344826,115,10,0.08695652173913043,0.0037465539079880594,778494465420873.4,14.83949372015804,0.07116011753309788,418.16000340349774,6092958.2436328735,3.6260796943488502,0.0011813306999598986
3.44,schechter,-4,153354568664026.78,0.15335456866402677,190,10,0.05263157894736842,0.0036985360217302032,738257859555450.8,15.668988019742027,0.07077205761663512,417.8074297691537,6059242.794044905,3.583326091021136,0.0006975295065919659
3.4499999999999997,schechter,-4,155468138034480.34,0.15546813803448034,135,10,0.07407407407407407,0.0036510722907090454,436425465149257.9,18.729916605602945,0.07038611642905952,417.45339973126266,6025785.656462501,3.541103991137787,0.0009576908637453617
3.46,schechter,-4,157605130971209.72,0.1576051309712097,200,10,0.05,0.003604156149428106,1106830316505288.6,19.37380903483455,0.07000229322022894,417.09793997111,5992584.319403749,3.4994070424474897,0.0006306204705694571
3.4699999999999998,schechter,-4,159765744307138.5,0.1597657443071385,83,10,0.12048192771084337,0.0035577811057091457,1189205662768494.5,29.207091184675573,0.06962058685492503,416.7410768321749,5959636.300782556,3.4582289479806074,0.0014823640494387735
3.48,schechter,-4,161950176005200.34,0.16195017600520034,120,10,0.08333333333333333,0.0035119407402437464,820884275138731.5,19.80918504176914,0.06924099582504298,416.38283632166497,5926939.147505195,3.4175634664301797,0.0010001900308437323
3.4899999999999998,schechter,-4,164158625161822.34,0.16415862516182234,124,10,0.08064516129032258,0.003466628706139896,583051145246845.2,17.978499223589598,0.06886351826150523,416.0232441173476,5894490.435082389,3.377404412538894,0.0009442102490928131
3.5,schechter,-4,166391292010413.25,0.16639129201041325,130,10,0.07692307692307693,0.0034218427051574407,429612261301085.1,18.98060365008563,0.06848815194590231,415.6623255702732,5862287.767236518,3.337745657403019,0.0008785569714965729
3.51,schechter,-4,168648377924851.78,0.1686483779248518,171,10,0.05847953216374269,0.0033775737422807595,754821690048222.0,19.76321527035741,0.06811489432186627,415.3001057092934,5830328.775524363,3.2985811287563815,0.0006515322226473908
3.52,schechter,-4,170930085422976.62,0.17093008542297664,233,10,0.04291845493562232,0.0033338149414400275,924368984273657.0,23.486829911001585,0.06774374250617998,414.9366092448441,5798611.1189587405,3.259904811205387,0.0004664343076081009
3.53,schechter,-4,173236618170076.84,0.17323661817007685,151,10,0.06622516556291391,0.0032905602259190037,698162310686617.9,23.499544265020035,0.0673746932996273,414.5718605731602,5767132.483642135,3.221710746433784,0.0007020684265980685
3.54,schechter,-4,175568180982385.72,0.17556818098238572,124,10,0.08064516129032258,0.003247803589297993,831131598049831.1,19.428950216260507,0.06700774319758737,414.20588378042686,5735890.582397208,3.183993033366051,0.0008339503227472632
3.55,schechter,-4,177924979830572.62,0.17792497983057262,188,10,0.05319148936170213,0.003205539094973009,454280233654612.1,16.393643999447768,0.06664288840037871,413.838702645243,5704883.154414197,3.1467458282899647,0.0005365434454535482
3.56,schechter,-4,180307221843239.8,0.1803072218432398,115,10,0.08695652173913043,0.0031637621489818413,664595528908370.8,21.57361009226393,0.06628012482335588,413.47034064489077,5674107.964892094,3.1099633449690987,0.00085558124482906
3.57,schechter,-4,182715115310418.38,0.18271511531041837,127,10,0.07874015748031496,0.003122472348518035,469361139189743.4,15.424765613628526,0.06591944810676449,413.10082095678354,5643562.804696245,3.0736398546929884,0.0007556972799670746
3.58,schechter,-4,185148869687065.44,0.18514886968706543,219,10,0.045662100456621,0.003081657649752767,768664613281221.5,21.588108690442333,0.06556085362535716,412.73016646356774,5613245.49001041,3.0377696863192614,0.000427459643471818
3.59,schechter,-4,187608695596564.56,0.18760869559656457,121,10,0.08264462809917356,0.0030413123768283645,562691099070934.0,16.830029709063908,0.0652043364977763,412.35839975647315,5583153.862002588,3.002347226278365,0.0007546343618856778
3.5999999999999996,schechter,-4,190094804834224.66,0.19009480483422467,171,10,0.05847953216374269,0.003001430921459214,756047748742978.0,24.593737902331814,0.06484989159570673,411.9855431387286,5553285.786493722,2.967366918550185,0.0005208389955936648
3.61,schechter,-4,192607410370782.62,0.19260741037078263,122,10,0.08196721311475409,0.002962013661431784,799903488590915.4,17.59169650140644,0.06449751355280299,411.6116186290854,5523639.15362708,2.9328232646129977,0.0007120543095367756
3.6199999999999997,schechter,-4,195146726355905.9,0.1951467263559059,104,10,0.09615384615384616,0.002923053218256144,644853941352508.9,19.399057683924386,0.06414719677339552,411.2366479662274,5494211.877547617,2.89871082337641,0.0008147198077946475
3.63,schechter,-4,197712968121697.34,0.19771296812169734,244,10,0.040983606557377046,0.002884540456692064,688118189874099.8,13.930133128472182,0.06379893544097907,410.86065261086736,5465001.896084231,2.8650242110728126,0.0003386999281246635
3.6399999999999997,schechter,-4,200306352186199.7,0.2003063521861997,226,10,0.04424778761061947,0.0028464700210419913,794596045437395.6,23.913985335372207,0.06345272352648877,410.48365375050315,5436007.170438018,2.8317581011457498,0.0003566599354758483
3.65,schechter,-4,202927096256904.16,0.20292709625690417,133,10,0.07518796992481203,0.002808846651374153,991895556572287.0,18.193324825780486,0.0631085547963669,410.1056723019466,5407225.684871397,2.7989072240988273,0.0005911053521742042
3.6599999999999997,schechter,-4,205575419234256.16,0.20557541923425615,275,10,0.03636363636363636,0.002771656424015112,717666938586905.2,19.871374452987915,0.06276642282042497,409.7267289154092,5378655.446409031,2.766466367338663,0.00027882524650385293
3.67,schechter,-4,208251541215167.53,0.20825154121516753,130,10,0.07692307692307693,0.002734893083260137,860801082704743.1,18.294458721163018,0.062426320979504686,409.34684397737703,5350294.484533614,2.7344303749848056,0.0005752595937847975
3.6799999999999997,schechter,-4,210955683496525.53,0.21095568349652552,166,10,0.060240963855421686,0.0026985598667831345,785774781046919.1,17.934670839577816,0.06208824247294238,408.9660376131402,5322140.850894996,2.702794147663557,0.0004393766153651327
3.69,schechter,-4,213688068578704.4,0.2136880685787044,145,10,0.06896551724137931,0.0026626474260583732,1087921753272413.4,25.39609043648438,0.06175218032584041,408.5843296924561,5294192.619019311,2.671552642302649,0.0004905795011452824
3.6999999999999997,schechter,-4,216448920169080.47,0.21644892016908046,74,10,0.13513513513513514,0.002627146934830571,829506176327497.0,15.558768998440561,0.061418127396149415,408.20173982965787,5266447.884021641,2.6407008718718212,0.0009375012434246583
3.71,schechter,-4,219238463185544.88,0.21923846318554488,236,10,0.0423728813559322,0.0025920639395402567,781667009891861.0,21.794064169087044,0.06108607638156587,407.81828738925265,5238904.762326913,2.6102339051459755,0.00028669038895314517
3.7199999999999998,schechter,-4,222056923760020.3,0.2220569237600203,115,10,0.08695652173913043,0.0025573859271489363,838088942485211.1,20.68988975842141,0.06075601982624775,407.4339914877164,5211561.39139034,2.5801468664258502,0.0005737766335804257
3.73,schechter,-4,224904529241977.44,0.22490452924197743,128,10,0.078125,0.002523107542126146,679625288397740.2,20.967278443992804,0.06042795012735299,407.04887099684396,5184415.929424091,2.5504349352558693,0.000502736064128601
3.7399999999999998,schechter,-4,227781508201953.72,0.22778150820195373,160,10,0.0625,0.0024892337717665747,841796769566510.8,17.66565590716171,0.060101859541404255,406.662944547489,5157466.555130386,2.521093346132058,0.00039222441868549485
3.75,schechter,-4,230688090435072.56,0.23068809043507257,195,10,0.05128205128205128,0.0024557481951592575,845249190117458.6,16.36294627891906,0.05977774019048319,406.27623053138,5130711.467432381,2.4921173881821566,0.00031384680913606837
3.76,schechter,-4,233624506964564.56,0.23362450696456455,115,10,0.08695652173913043,0.002422656364536757,869799596151491.8,21.75862814495423,0.059455584068258405,405.8887471049028,5104148.885215932,2.463502404849677,0.0005189756330574502
3.77,schechter,-4,236590990045288.56,0.23659099004528855,162,10,0.06172839506172839,0.0023899480328897216,986607453373618.2,28.12533543799936,0.05913538304585055,405.5005121919111,5077777.047071797,2.435243793558895,0.0003592658095075916
3.78,schechter,-4,239587773167255.97,0.23958777316725596,269,10,0.03717472118959108,0.002357620216987266,1044235795309774.2,27.73332932021113,0.05881712887753789,405.11154348664473,5051594.211037625,2.407337005368105,0.0002109883417456293
3.79,schechter,-4,242615091059154.9,0.2426150910591549,237,10,0.04219409282700422,0.002325671793074746,1117312691027855.6,21.117394545582254,0.05850081320630583,404.7218584562802,5025598.654353037,2.379777544615351,0.0002335266459622194
3.8,schechter,-4,245673179691874.22,0.24567317969187422,125,10,0.08,0.002294092451354701,842994466776864.4,20.651722585657375,0.058186427569244414,404.3314743438923,4999788.673212268,2.3525609685544846,0.0004317593887450038
3.81,schechter,-4,248762276282033.94,0.24876227628203393,271,10,0.03690036900369004,0.0022628869426353226,963832779817785.6,19.536473365541596,0.05787396340279591,403.9404081709619,4974162.582516595,2.325682886978133,0.00019419769142631877
3.82,schechter,-4,251882619295509.84,0.25188261929550987,143,10,0.06993006993006994,0.0022320407954325994,1073317997805161.2,16.487223873218486,0.0575634120478575,403.54867674180707,4948718.7156405095,2.2991389618485596,0.00035886517183318466
3.83,schechter,-4,255034448450964.94,0.25503444845096496,220,10,0.045454545454545456,0.002201561550493114,1486398106022379.5,19.24424921748987,0.057254764754740534,403.15629664286985,4923455.424194368,2.2729249068880675,0.00022745382191649593
3.84,schechter,-4,258218004723379.3,0.2582180047233793,292,10,0.03424657534246575,0.0021714335772431426,935103774809183.6,18.585933492575585,0.056948012687991136,402.76328424950395,4898371.077789676,2.2470364872052477,0.00016709898895917656
3.8499999999999996,schechter,-4,261433530347581.78,0.26143353034758177,178,10,0.056179775280898875,0.002141664282168776,836180072022696.8,21.570782013813478,0.056643146931074334,402.3696557247859,4873464.063811505,2.2214695188710634,0.00026728325407262985
3.86,schechter,-4,264681268821783.22,0.2646812688217832,146,10,0.0684931506849315,0.0021122397195483256,955199616401757.2,20.95448308875764,0.056340158490925135,401.9754270252,4848732.787193777,2.1962198685277046,0.000317735810901741
3.8699999999999997,schechter,-4,267961464911110.5,0.2679614649111105,236,10,0.0423728813559322,0.002083164394226067,959337457523335.8,19.78298639434351,0.05603903830236975,401.58061390115756,4824175.670194775,2.1712834529616414,0.00019165849063482713
3.88,schechter,-4,271274364651142.16,0.27127436465114213,120,10,0.08333333333333333,0.0020544287342124656,1018592127958019.8,19.488256541222032,0.05573977723241955,401.18523190112523,4799791.152178878,2.146656238693113,0.00036751268827063207
3.8899999999999997,schechter,-4,274620215351443.84,0.2746202153514438,231,10,0.04329004329004329,0.0020260317285731855,840652120513910.8,21.00665533861795,0.05544236608444147,400.7892963722739,4775577.689400512,2.1223342415417137,0.00018614357194808738
3.9,schechter,-4,277999265599108.22,0.2779992655991082,108,10,0.09259259259259259,0.001997970716425268,1070813223811878.8,23.67551032830705,0.0551467956022065,400.3928224643263,4751533.754790982,2.0983135262051573,0.00038818231289231003
3.9099999999999997,schechter,-4,281411765262290.8,0.28141176526229084,213,10,0.046948356807511735,0.0019702367066318782,1006330360898177.8,19.43420944068769,0.0548530564738208,399.9958251326265,4727657.837746424,2.074590205829043,0.000191898299283726
3.92,schechter,-4,284857965493753.56,0.2848579654937536,136,10,0.07352941176470588,0.0019428363388014347,1085188057277377.0,19.948207843772714,0.054561139335540465,399.59831913788094,4703948.4439248545,2.051160441558722,0.0002930197825420795
3.9299999999999997,schechter,-4,288338118734403.4,0.28833811873440335,109,10,0.09174311926605505,0.0019157551187840571,687953288269766.9,13.70072190794692,0.054271034775474035,399.20031905182145,4680404.095037893,2.0280204421155457,0.0003564394993561067
3.94,schechter,-4,291852478716836.5,0.2918524787168365,88,10,0.11363636363636363,0.0018889968453633665,615017304497153.8,15.233582622571543,0.05398273333717482,398.80183925731365,4657023.328652699,2.005166463344806,0.00043042649132804056
3.9499999999999997,schechter,-4,295401300468880.8,0.2954013004688808,218,10,0.045871559633027525,0.0018625561106874189,678975923079093.2,16.053600767162635,0.053696225523125696,398.4028939515348,4633804.697992794,1.982594807775693,0.0001693896364330168
3.96,schechter,-4,298984840317141.1,0.2989848403171411,276,10,0.036231884057971016,0.001836425180143264,809285417785691.8,15.79479186796307,0.05341150179811911,398.0034971476594,4610746.771740449,1.9603018241712378,0.00013043288516626213
3.9699999999999998,schechter,-4,302603355890545.0,0.302603355890545,287,10,0.03484320557491289,0.0018106103939861118,988799533691020.6,21.006799936790905,0.05312855259253501,397.60366267829687,4587848.13384705,1.9382839070876692,0.00012228142817661828
3.98,schechter,-4,306257106123890.6,0.3062571061238906,247,10,0.04048582995951417,0.00178510029225587,1098357475453140.0,21.59547126389203,0.05284736830551836,397.2034041969178,4565107.3833417045,1.9165374964204882,0.0001385105929141517
3.9899999999999998,schechter,-4,309946351261393.25,0.30994635126139325,121,10,0.08264462809917356,0.0017598908638724042,609173026778855.0,14.187051820731543,0.05256793930805998,396.80273517934563,4542523.13414405,1.8950590769508115,0.0002756278641342318
4.0,schechter,-4,313671352860237.3,0.31367135286023734,139,10,0.07194244604316546,0.001734988254126435,933895700615440.6,16.74479493117986,0.05229025594598198,396.40166892771276,4520094.014880405,1.8738451779031524,0.00023389204127434741
4.01,schechter,-4,317432373794124.44,0.3174323737941244,177,10,0.05649717514124294,0.0017103804950495682,848693418161650.2,18.280833400065607,0.052014308542830644,396.00021857160584,4497818.66870036,1.8528923724881958,0.00017904807758926155
4.02,schechter,-4,321229678256827.06,0.3212296782568271,242,10,0.04132231404958678,0.0016860644897168653,1083046007145331.2,22.41516567771516,0.051740087402679,395.59839706899567,4475695.7530969195,1.832197277445118,0.00012765300692793937
4.03,schechter,-4,325063531765740.3,0.3250635317657403,130,10,0.07692307692307693,0.0016620436693923768,818458267429306.6,17.31585316858978,0.05146758281284127,395.19621721146825,4453723.939732424,1.811756552605352,0.00023163219297983711
4.04,schechter,-4,328934201165435.3,0.3289342011654353,224,10,0.044642857142857144,0.0016383106651670643,1033072537280314.4,20.566383007434794,0.05119678504650158,394.79369162294944,4431901.9142613495,1.7915669004239239,0.00013103317680021492
4.05,schechter,-4,332841954631217.0,0.332841954631217,119,10,0.08403361344537816,0.0016148607044104146,908882258090025.4,15.864480109437874,0.05092768436525858,394.3908327639419,4410228.376158676,1.7716250655382837,0.00024041409254506722
4.06,schechter,-4,336787061672676.94,0.3367870616726769,274,10,0.0364963503649635,0.001591692195667349,890036531350973.2,19.538257479109504,0.05066027102158882,393.98765293236806,4388702.038552683,1.7519278343129585,0.00010177116281928236
4.07,schechter,-4,340769793137254.06,0.3407697931372541,281,10,0.03558718861209965,0.0015688070531616471,1156328064682391.5,22.100967401048443,0.05039453526123035,393.58416426674796,4367321.6280537555,1.7324720343931521,9.672293049684288e-05
4.08,schechter,-4,344790421213789.3,0.34479042121378933,224,10,0.044642857142857144,0.0015461964511853665,1143323646255414.2,20.021774971290565,0.05013046732548883,393.1803787467178,4346085.884590511,1.7132545342495626,0.00011826018218008536
4.09,schechter,-4,348849219436090.25,0.34884921943609026,244,10,0.040983606557377046,0.0015238577176597268,1356146636245879.5,22.089714608605835,0.049868057453468215,392.776308195862,4324993.5612532655,1.6942722427368095,0.00010581269807012873
4.1,schechter,-4,352946462686487.0,0.352946462686487,121,10,0.08264462809917356,0.0015017881986294501,892149633979509.0,21.063181662563373,0.04960729588422757,392.37196428342065,4304043.424121051,1.6755221086408854,0.00020795696936360439
4.109999999999999,schechter,-4,357082427199397.9,0.35708242719939787,118,10,0.0847457627118644,0.001479990938320963,1333092534108040.0,18.70667409859452,0.04934817285886632,391.9673585269921,4283234.252119073,1.6570011202435802,0.00020782598667357482
4.12,schechter,-4,361257390564889.9,0.36125739056488987,255,10,0.0392156862745098,0.0014584573254300404,1281253011935094.8,14.638052159172755,0.04909067862253967,391.5625022927484,4262564.836847282,1.6387063048658805,9.372483194353083e-05
4.13,schechter,-4,365471631732242.94,0.36547163173224295,298,10,0.03355704697986577,0.0014371847511482905,1527973715384134.8,22.183286118745638,0.04883480342640599,391.15740679813814,4242033.982438276,1.6206347284346025,7.815944694253563e-05
4.14,schechter,-4,369725431013517.8,0.3697254310135178,217,10,0.04608294930875576,0.0014161706403507113,946268879871750.8,18.303071559006714,0.04858053752950762,390.75208311471783,4221640.505400525,1.6027834950448152,0.00010459976629129803
4.1499999999999995,schechter,-4,374019070087119.06,0.37401907008711904,289,10,0.03460207612456748,0.001395412435864607,1051646463400694.4,18.64755178680422,0.04832787120058748,390.3465421681519,4201383.234468503,1.585149746514589,7.653763560533173e-05
4.16,schechter,-4,378352832001364.94,0.37835283200136494,176,10,0.056818181818181816,0.0013749114406383933,1446553485009036.5,17.494022141011705,0.04807679471984265,389.9407947410231,4181261.010457904,1.5677306619549096,0.00012247106948644356
4.17,schechter,-4,382727001178053.3,0.3827270011780533,308,10,0.032467532467532464,0.0013546614394902567,1085510894832602.8,16.65088590057134,0.04782729838061681,389.5348514746698,4161272.6861168793,1.5505234573355948,6.819592008693656e-05
4.18,schechter,-4,387141863416034.3,0.3871418634160343,189,10,0.05291005291005291,0.001334659490827117,1029512853293087.6,16.786860141581467,0.0475793724910331,389.128722870591,4141417.125983926,1.5335253850537733,0.00010829281532202791
4.1899999999999995,schechter,-4,391597705894779.0,0.391597705894779,126,10,0.07936507936507936,0.0013149031152726032,1129230280426051.2,18.34869758426593,0.04733300737556878,388.7224192918084,4121693.2062488887,1.5167337335052806,0.0001582823739067571
4.2,schechter,-4,396094817177952.1,0.39609481717795214,302,10,0.033112582781456956,0.0012953898512017004,1446827756713627.0,17.154547219125867,0.04708819337657378,388.31595096550353,4102099.814607074,1.5001458266605254,6.434681056882881e-05
4.21,schechter,-4,400633487216983.3,0.40063348721698333,183,10,0.0546448087431694,0.0012761172547094413,1439618585615886.5,22.25520735714465,0.04684492085573398,387.90932798392555,4082635.850129579,1.4837590236415974,0.00010346723999452876
4.22,schechter,-4,405214007354643.44,0.4052140073546434,259,10,0.03861003861003861,0.0012570828995768224,1136567016040285.2,21.927277658938724,0.046603180195481396,387.50256030661814,4063300.22312007,1.4675707183017543,7.123004069099649e-05
4.2299999999999995,schechter,-4,409836670328618.6,0.40983667032861865,172,10,0.05813953488372093,0.0012382861470311424,1229554443278073.5,19.723583122810226,0.0463629618003518,387.0956577609162,4044091.8549862206,1.4515783388059393,0.00010450403187638795
4.24,schechter,-4,414501770275085.1,0.4145017702750851,214,10,0.04672897196261682,0.001219723332834155,1628968332076384.0,28.004327632775862,0.046124256098292224,386.68863004518875,4025009.6781047075,1.4357793472217757,8.18342790003641e-05
4.25,schechter,-4,419209602732288.2,0.4192096027322882,256,10,0.0390625,0.001201391340518776,1209614927211767.2,15.244139844781932,0.04588705354191895,386.2814867292928,4006052.635690871,1.4201712391040924,6.664771205912018e-05
4.26,schechter,-4,423960464644119.06,0.4239604646441191,164,10,0.06097560975609756,0.0011832878201274433,1189378799365899.0,13.122295849952437,0.04565134460972769,385.8742372563241,3987219.681670151,1.4047515430875963,0.00010135520678297464
4.27,schechter,-4,428754654363696.0,0.428754654363696,172,10,0.05813953488372093,0.0011654104391528586,1834519427543465.2,26.942106986821848,0.04541711980725716,385.46689094432526,3968509.7805564064,1.389517820484375,9.414875426636153e-05
4.28,schechter,-4,433592471656943.5,0.4335924716569435,231,10,0.04329004329004329,0.001147756882498574,1146893738174541.5,17.242380013500473,0.0451843696682072,385.0594569880363,3949921.907314913,1.3744676648787917,6.829241221369596e-05
4.29,schechter,-4,438474217706172.1,0.4384742177061721,145,10,0.06896551724137931,0.001130324852438136,1462075041149652.5,18.489555751652148,0.04495308475551311,384.6519444594786,3931455.0472522303,1.3595987017304123,0.00010598539323506961
4.3,schechter,-4,443400195113663.3,0.4434001951136633,233,10,0.04291845493562232,0.0011131120685765605,941355800423350.8,18.41143206700335,0.04472325566237682,384.24436231111093,3913108.1958865277,1.3449085879820333,6.425038542553914e-05
4.31,schechter,-4,448370707905253.3,0.4483707079052533,261,10,0.038314176245210725,0.0010961162678057024,1196911779203743.2,21.003051101616656,0.044494873013256726,383.83671937556977,3894880.358826569,1.33039501166145,5.587232240956599e-05
4.32,schechter,-4,453386061533915.8,0.4533860615339158,112,10,0.08928571428571429,0.0010793352042635096,1291529179178010.0,13.28822588090238,0.044267927464816684,383.42902436750705,3876770.551660913,1.3160556914971542,0.00012682725344680674
4.33,schechter,-4,458446562883347.94,0.45844656288334795,188,10,0.05319148936170213,0.0010627666492916132,1382936922438226.5,22.40149334409398,0.04404240970683595,383.0212858867678,3858777.7998315697,1.3018883765361238,7.359593338739333e-05
4.34,schechter,-4,463552520271557.7,0.4635525202715577,283,10,0.0353356890459364,0.0010464083913899191,1224857546427510.8,18.08610589017692,0.04381831046308065,382.61351241679034,3840901.138524533,1.2878908457539517,4.762048721523658e-05
4.35,schechter,-4,468704243454451.5,0.4687042434544515,225,10,0.044444444444444446,0.0010302582361738644,1370087281295999.0,17.20415109651362,0.043595620492138186,382.205712328908,3823139.612554538,1.274060907686278,5.833829971248611e-05
4.36,schechter,-4,473902043629423.5,0.4739020436294235,127,10,0.07874015748031496,0.0010143140063270106,1402181073678912.5,17.970346561920024,0.04337433058821551,381.79789388137675,3805492.276251821,1.2603964000459924,0.00010066438756620412
4.37,schechter,-4,479146233438942.4,0.47914623343894236,286,10,0.03496503496503497,0.0009985735415566355,1627692531809574.5,21.7822927909184,0.0431544315819022,381.3900652226821,3787958.1933524255,1.246895189359159,4.35355435380527e-05
4.38,schechter,-4,484437126974147.06,0.48443712697414704,212,10,0.04716981132075472,0.000983034698547769,1383428122576353.2,16.485129078248242,0.042935914340899516,380.9822343915825,3770536.4368874063,1.2335551705927552,5.7199412040834475e-05
4.39,schechter,-4,489775039778434.6,0.4897750397784346,173,10,0.057803468208092484,0.0009676953509151209,1137984792763649.5,14.845558943534561,0.04271876977071631,380.5744093191414,3753226.089076467,1.2203742667936504,6.826303493368005e-05
4.3999999999999995,schechter,-4,495160288851054.6,0.4951602888510546,281,10,0.03558718861209965,0.0009525533891554527,1597745459789304.0,21.234569382878934,0.0425029888153329,380.16659782933266,3736026.2412209357,1.2073504287258692,4.092760650466604e-05
4.41,schechter,-4,500593192650702.56,0.5005931926507026,235,10,0.0425531914893617,0.0009376067205998373,1838320115897312.8,16.599862204314654,0.04228856245783335,379.75880764148275,3718935.9935974055,1.1944816345171696,4.765761736835646e-05
4.42,schechter,-4,506074071099115.25,0.5060740710991153,154,10,0.06493506493506493,0.0009228532693652536,1056883341311911.8,13.515554207559646,0.042075481721007855,379.3510463700768,3701954.455356704,1.1817658893021428,7.081795549135186e-05
4.43,schechter,-4,511603245584666.56,0.5116032455846665,173,10,0.057803468208092484,0.0009082909763041824,1312617120635629.8,17.982898178278724,0.041863737667925324,378.94332152683336,3685080.744418201,1.1692012248742885,6.138583364376377e-05
4.4399999999999995,schechter,-4,517181038965965.3,0.5171810389659653,228,10,0.043859649122807015,0.0008939177989549796,1402783120467944.0,19.016509431654725,0.041653321402477496,378.5356405232553,3668313.9873721073,1.1567856993452053,4.535400553602029e-05
4.45,schechter,-4,522807775575450.56,0.5228077755754506,237,10,0.04219409282700422,0.0008797317114928038,1419624045802449.2,19.737719452290957,0.041444224069895445,378.12801066874954,3651653.319377335,1.1445173967919653,4.24838923338854e-05
4.46,schechter,-4,528483781222993.4,0.5284837812229933,123,10,0.08130081300813008,0.0008657307046767704,1491132991054504.5,18.056896271919644,0.041236436857238865,377.72043917440925,3635097.884063798,1.1323944269266766,7.97031402597788e-05
4.47,schechter,-4,534209383199495.56,0.5342093831994955,159,10,0.06289308176100629,0.000851913347561517,1390818362518837.0,20.421255270748844,0.04102995099385941,377.3129331539656,3618646.833436934,1.1204149247611424,6.003122196296541e-05
4.4799999999999995,schechter,-4,539984910280490.8,0.5399849102804908,137,10,0.072992700729927,0.0008382786763934114,1563338373840116.5,19.778333787300927,0.04082475775183858,376.9054996233337,3602299.327779113,1.1085770502697259,6.783186148760714e-05
4.49,schechter,-4,545810692729746.94,0.5458106927297469,259,10,0.03861003861003861,0.0008248232770919905,1591503911028310.5,18.468715495592512,0.04062084844640118,376.4981455039412,3586054.5355572705,1.0968789880687242,3.493171125529697e-05
4.5,schechter,-4,551687062302867.94,0.5516870623028679,211,10,0.04739336492890995,0.0008115452016015379,1311350396253014.0,17.160679834884707,0.04041821443630461,376.0908776221236,3569911.633328093,1.0853189470865254,4.174338311446934e-05
4.51,schechter,-4,557614352250898.56,0.5576143522508986,90,10,0.1111111111111111,0.0007984425182397947,1609967800298481.0,16.71040936257493,0.04021684712420523,375.6837027114586,3553869.805647869,1.0738951602471636,9.527150623036369e-05
4.52,schechter,-4,563592897323930.1,0.5635928973239301,189,10,0.05291005291005291,0.000785513311644781,1730470586306767.5,21.32911418944507,0.04001673795700224,375.2766274131548,3537928.2449801154,1.0626058841507473,4.416354852023725e-05
4.53,schechter,-4,569623033774705.8,0.5696230337747058,325,10,0.03076923076923077,0.0007727556827203941,1322479485854305.8,13.61863847436187,0.03981787842615967,374.86965827737123,3522086.15160432,1.051449398760228,2.5000415322612552e-05
4.54,schechter,-4,575705099362226.2,0.5757050993622262,347,10,0.02881844380403458,0.0007601677485812308,1167628173710340.5,15.534359681901922,0.03962026006800758,374.4628017650539,3506342.7335315645,1.0404240070948954,2.2792414266374325e-05
4.55,schechter,-4,581839433355359.4,0.5818394333553594,256,10,0.0390625,0.0007477499539900734,1424992048412856.5,15.870691098084938,0.0394238744640223,374.0560642473526,3490697.2064130404,1.0295280349181917,3.0071466435217518e-05
4.56,schechter,-4,588026376536449.4,0.5880263765364494,179,10,0.055865921787709494,0.0007354989732288875,1148576625447939.8,14.119814568921715,0.03922871324108732,373.6494520085175,3475148.7934561176,1.0187598304407899,4.1860156941678006e-05
4.57,schechter,-4,594266271204924.2,0.5942662712049243,339,10,0.029498525073746312,0.0007234122194756942,1754159953558283.2,15.050061713484334,0.03903476807173469,373.2429712459425,3459696.7253384124,1.0081177640182912,2.1512823279095758e-05
4.58,schechter,-4,600559461180909.5,0.6005594611809095,266,10,0.03759398496240601,0.0007114878698846194,2129965845668526.8,16.74808694346788,0.03884203067436807,372.83662807124557,3444340.2401227453,0.9976002278553531,2.668347598169985e-05
4.59,schechter,-4,606906291808838.2,0.6069062918088383,217,10,0.04608294930875576,0.000699724117590339,1512348522605151.5,16.268557478306924,0.0386504928134673,372.43042851156633,3429078.583176759,0.9872056357149301,3.1832792273310565e-05
4.6,schechter,-4,613307109961064.2,0.6133071099610643,208,10,0.04807692307692308,0.0006881203476883924,1977451021131779.5,18.282457843772217,0.038460146299776024,372.0243785107764,3413911.0070874332,0.9769324226289664,3.2319571073437874e-05
4.61,schechter,-4,619762264041477.4,0.6197622640414774,177,10,0.05649717514124294,0.0006766761392654752,1509315708160071.0,16.69045343832833,0.03827098299047199,371.6184839299549,3398836.7715838132,0.9667790446126917,3.6960243583688185e-05
4.62,schechter,-4,626272103989114.5,0.6262721039891145,388,10,0.02577319587628866,0.0006653872661031013,1466893684228381.2,16.253813443989515,0.038082994789321374,371.212750548707,3383855.1434541843,0.9567439783827315,1.6407352065378618e-05
4.63,schechter,-4,632836981281779.1,0.6328369812817791,220,10,0.045454545454545456,0.0006542519806693736,1788676259332611.5,13.534026432683609,0.03789617364681675,370.8071840660505,3368965.396468138,0.9468257210786104,2.8157391062017673e-05
4.64,schechter,-4,639457248939657.1,0.6394572489396572,260,10,0.038461538461538464,0.0006432685511725822,1247550311379274.2,12.958404405914413,0.03771051156030021,370.4017901014965,3354166.8113015178,0.9370227899886931,2.3182972789681442e-05
4.6499999999999995,schechter,-4,646133261528932.6,0.6461332615289326,328,10,0.03048780487804878,0.0006324386570080165,1592229386411142.5,17.272548575787273,0.03752600057407135,369.99657419628136,3339458.6754533774,0.927333722277353,1.7880539448638234e-05
4.66,schechter,-4,652865375165409.1,0.6528653751654091,193,10,0.05181347150259067,0.0006217579688377883,1444835238331334.5,16.364419085736593,0.03734263277948092,369.5915418132374,3324840.2831766997,0.9177570747156707,2.9565946873664548e-05
4.67,schechter,-4,659653947518124.6,0.6596539475181247,225,10,0.044444444444444446,0.000611224078507222,1795511507030231.5,16.105969406768967,0.037160400315010805,369.1866983392786,3310310.935399574,0.9082914234191161,2.4674203924238323e-05
4.68,schechter,-4,666499337812979.2,0.6664993378129792,293,10,0.034129692832764506,0.0006008353128061916,1699731612165646.5,15.934917710279615,0.036979295366340204,368.78204908540056,3295869.9396521407,0.8989353635836096,1.8433860422228862e-05
4.6899999999999995,schechter,-4,673401906836350.0,0.67340190683635,171,10,0.05847953216374269,0.0005905939923764869,1712564941256727.5,13.990231297321099,0.03679931016639911,368.3775992866806,3281516.609994206,0.8896875092249273,3.072772503161651e-05
4.7,schechter,-4,680362016938716.6,0.6803620169387167,313,10,0.03194888178913738,0.0005804950107424212,1850659793138637.5,17.705559970241467,0.036620436995409095,367.9733541062553,3267250.26694219,0.8805464929305614,1.633076184897532e-05
4.71,schechter,-4,687380032038283.4,0.6873800320382834,243,10,0.0411522633744856,0.000570536255112164,1402401800871716.8,14.685740880897072,0.03644266818091213,367.5693186320129,3253070.2373980703,0.8715109655974418,2.0462082411569974e-05
4.72,schechter,-4,694456317624604.8,0.6944563176246048,109,10,0.09174311926605505,0.0005607177517213957,1988037967569874.0,18.37343738679524,0.03626599609778732,367.1654978812845,3238975.8545814385,0.8625795961927835,4.437281576678596e-05
4.7299999999999995,schechter,-4,701591240762208.6,0.7015912407622086,269,10,0.03717472118959108,0.0005510393635110855,1576963073881614.2,16.342053169969187,0.03609041316825672,366.7618967991576,3224966.457955114,0.8537510715008179,1.7488864202108474e-05
4.74,schechter,-4,708785170094226.9,0.7087851700942269,306,10,0.032679738562091505,0.0005414964187903104,1861775650660779.5,22.157019597355035,0.03591591186187994,366.35852026100565,3211041.393161196,0.8450240958852882,1.4953513781483772e-05
4.75,schechter,-4,716038475846014.2,0.7160384758460142,240,10,0.041666666666666664,0.0005320877929949619,1927257899971427.2,13.368864021114883,0.035742484695538375,365.9553730715579,3197200.011952672,0.8363973910455179,1.8543201744506404e-05
4.76,schechter,-4,723351529828784.5,0.7233515298287845,175,10,0.05714285714285714,0.0005228159977005431,1442190817643492.8,13.792900626891619,0.035570124233408995,365.5524599679266,3183441.672123255,0.8278696957840772,2.4732772626708424e-05
4.77,schechter,-4,730724705443237.2,0.7307247054432372,296,10,0.033783783783783786,0.0005136749790004558,1188806949588183.5,14.135892435265749,0.03539882308692853,365.1497856185686,3169765.737445429,0.8194397657700627,1.4220462988989033e-05
4.78,schechter,-4,738158377683184.4,0.7381583776831844,255,10,0.0392156862745098,0.0005046635091907614,1690398893161047.2,17.384786245707694,0.03522857391474806,364.747354624864,3156171.577604061,0.8111063733100685,1.6052383869868663e-05
4.79,schechter,-4,745652923139183.2,0.7456529231391833,161,10,0.062111801242236024,0.0004957846205345673,1900140498088876.8,18.55523447501094,0.0350593694226785,364.34517152252073,3142658.568130008,0.8028683071214917,2.472358751462479e-05
4.8,schechter,-4,753208720002169.4,0.7532087200021694,469,10,0.021321961620469083,0.0004870319566629977,1506397385427048.5,15.688544954859093,0.034891202363627125,363.943240780559,3129226.0903392765,0.7947243721046782,8.252796715435258e-06
4.81,schechter,-4,760826148067088.8,0.7608261480670887,264,10,0.03787878787878788,0.00047840514105979004,1722632741959005.5,15.921201871836399,0.034724065537525745,363.5415668045967,3115873.5312690753,0.7866733891265375,1.4255628548979706e-05
4.82,schechter,-4,768505588736529.5,0.7685055887365295,345,10,0.028985507246376812,0.00046990578635064395,1583905616817187.0,14.188869076882401,0.03455795179125056,363.1401539356608,3102600.2836156418,0.7787141947974382,1.060644365358547e-05
4.83,schechter,-4,776247425024357.1,0.7762474250243572,417,10,0.023980815347721823,0.0004615282191320347,1691523608411993.2,16.51515908113228,0.03439285401853435,362.73900645126787,3089405.7456736234,0.7708456412562518,8.531583118337868e-06
4.84,schechter,-4,784052041559350.9,0.7840520415593508,313,10,0.03194888178913738,0.00045327377769577293,1612731016128006.0,16.016556546501103,0.034228765159870625,362.3381285670456,3076289.321274794,0.7630665959589866,1.1050417846127281e-05
4.85,schechter,-4,791919824588838.6,0.7919198245888386,353,10,0.028328611898016998,0.00044514089707370363,1695212823773099.5,16.95720956837489,0.034065678202410896,361.93752443716494,3063250.419728769,0.7553759414679945,9.525459609432196e-06
4.86,schechter,-4,799851161982337.1,0.7998511619823371,289,10,0.03460207612456748,0.0004371254805486391,1589512017607897.5,13.340902099842049,0.03390358617985464,361.5371981543835,3050288.455764161,0.747772575243127,1.131039606554482e-05
4.87,schechter,-4,807846443235185.1,0.8078464432351852,278,10,0.03597122302158273,0.0004292313567987316,1588394889267908.5,13.016019356608021,0.033742482172332715,361.13715375127765,3037402.8494712934,0.7402554094383816,1.142952639463443e-05
4.88,schechter,-4,815906059472185.8,0.8159060594721858,278,10,0.03597122302158273,0.00042145220235834113,1416957062072706.5,12.508272717000832,0.03358235930628393,360.7373952016043,3024593.026241584,0.7328233707004955,1.110971307630888e-05
4.89,schechter,-4,824030403451246.0,0.824030403451246,192,10,0.052083333333333336,0.000413789026857736,1926343828934113.5,15.739404682671665,0.03342321075432565,360.3379264195444,3011858.4167142524,0.7254753999675432,1.5635091654260233e-05
4.8999999999999995,schechter,-4,832219869567017.4,0.8322198695670173,363,10,0.027548209366391185,0.0004062406646024863,1576563265470268.0,12.960377063367678,0.03326502973511832,359.93875126154035,2999198.4567176998,0.7182104522740727,8.03763888309288e-06
4.91,schechter,-4,840474853854537.6,0.8404748538545376,295,10,0.03389830508474576,0.00039880347018284024,1743034376270532.8,14.87059104370621,0.033107809513224104,359.539873527312,2986612.5872155535,0.711027496558109,9.612211288908182e-06
4.92,schechter,-4,848795753992870.4,0.8487957539928703,226,10,0.04424778761061947,0.00039148050977622084,1828443779384153.5,13.572168482675275,0.032951543398960184,359.14129695929466,2974100.254251155,0.7039255154671158,1.219350086900688e-05
4.93,schechter,-4,857182969308755.5,0.8571829693087555,188,10,0.05319148936170213,0.00038426533543756136,2049098655002374.0,16.61921277223427,0.032796224748246505,358.74302524378464,2961660.908893382,0.6969035051701516,1.4244460594777692e-05
4.9399999999999995,schechter,-4,865636900780246.0,0.865636900780246,247,10,0.04048582995951417,0.0003771615155743202,1484141848552754.0,14.277393029082694,0.03264184696244863,358.34506201238764,2949294.0071838005,0.6899604751732822,1.0535487388774625e-05
4.95,schechter,-4,874157951040358.4,0.8741579510403584,262,10,0.03816793893129771,0.0003701637673291236,1943092428105087.5,14.74822580826473,0.03248840348821557,357.9474108418893,2936999.0100829303,0.6830954481340684,9.651037577354302e-06
4.96,schechter,-4,882746524380715.1,0.8827465243807151,273,10,0.03663003663003663,0.00036327359553378624,2052001148363250.0,15.34097445204716,0.03233588781731316,357.55007525483825,2924775.38341962,0.6763074596805656,8.999437456574367e-06
4.97,schechter,-4,891403026755194.4,0.8914030267551943,246,10,0.04065040650406504,0.0003564880883273336,1735423715960475.5,14.136147876318029,0.032184293486452624,357.1530587208439,2912622.597837311,0.6695955582332638,9.703367500286584e-06
4.9799999999999995,schechter,-4,900127865783577.8,0.9001278657835777,185,10,0.05405405405405406,0.00034980679965002093,1966898307776050.5,15.82995933830097,0.03203361407711513,356.756364656511,2900540.12874541,0.6629588048279197,1.2535540422522025e-05
4.99,schechter,-4,908921450755197.2,0.9089214507551973,273,10,0.03663003663003663,0.00034322842824296984,1998302009064566.5,15.505470187935178,0.03188384321537219,356.35999642686653,2888527.4562673313,0.6563962729427063,8.252522383394452e-06
