z,luminosity_function,alpha_intrinsic,L_min_Jy_kpc2,L_min_over_L_star,n_generated,n_detected,detection_rate_10_per_n,N_ratio_detectable_L,mean_detected_L,mean_SNR,SFR_psi,comoving_volume_Mpc3,time_Gyr,nfrb_sfr_base,n_total_population_scaled
0.01,std,-2,10000000000.0,1e-05,11,10,0.9090909090909091,1.0,100000000000000.0,50691886.94594228,0.015366633837018974,0.08136200202151322,137678720.05218962,0.0034426841875888703,0.0031297128978080638
0.02,std,-2,10000000000.0,1e-05,13,10,0.7692307692307693,1.0,100000000000000.0,13383321.356833205,0.015778461234561884,0.3040865133044696,135706863.92550436,0.013022477514075589,0.010017290395442762
0.03,std,-2,10000000000.0,1e-05,13,10,0.7692307692307693,1.0,100000000000000.0,3227650.9310817188,0.016197006898133106,0.6704074924679294,133769703.76805276,0.029051020141327488,0.022346938570251915
0.04,std,-2,10000000000.0,1e-05,12,10,0.8333333333333334,1.0,100000000000000.0,3394560.2148427563,0.0166223021408091,1.1762443564777245,131866423.28089881,0.05156475363993341,0.04297062803327784
0.05,std,-2,10000000000.0,1e-05,10,10,1.0,1.0,100000000000000.0,339356.91731514165,0.01705437728000787,1.8175301191911015,129996236.70924087,0.08058946236044344,0.08058946236044344
0.060000000000000005,std,-2,10000000000.0,1e-05,15,10,0.6666666666666666,1.0,100000000000000.0,1427075.2286335235,0.017493261604641853,2.590215133138368,128158387.20751494,0.11614049063706756,0.07742699375804504
0.06999999999999999,std,-2,10000000000.0,1e-05,13,10,0.7692307692307693,1.0,100000000000000.0,463735.6729321453,0.017938983341287663,3.490270707139133,126352145.30294725,0.15822297812804417,0.1217099831754186
0.08,std,-2,10000000000.0,1e-05,11,10,0.9090909090909091,1.0,100000000000000.0,262862.2195858787,0.018391569619367408,4.513692594682647,124576807.45144194,0.2068321117818219,0.188029192528929
0.09,std,-2,10000000000.0,1e-05,18,10,0.5555555555555556,1.0,100000000000000.0,265566.4161000779,0.018851046435337065,5.656504348583704,122831694.67989907,0.2619533929168871,0.14552966273160395
0.09999999999999999,std,-2,10000000000.0,1e-05,10,10,1.0,1.0,100000000000000.0,410985.6698079509,0.019317438615878545,6.914760538134599,121116151.30983643,0.32356291791619407,0.32356291791619407
0.11,std,-2,10000000000.0,1e-05,16,10,0.625,1.0,100000000000000.0,186880.8787830287,0.019790769780093035,8.28454982548387,119429543.75708403,0.3916276710478917,0.2447672944049323
0.12,std,-2,10000000000.0,1e-05,17,10,0.5882352941176471,1.0,100000000000000.0,82407.51005242344,0.020271062300694323,9.761997898734792,117771259.40308331,0.46610582795500466,0.27417989879706156
0.13,std,-2,10000000000.0,1e-05,10,10,1.0,1.0,100000000000000.0,236409.56664787326,0.02075833726420218,11.343270259623514,116140705.53330435,0.5469470683750756,0.5469470683750756
0.14,std,-2,10000000000.0,1e-05,12,10,0.8333333333333334,1.0,100000000000000.0,147273.5066085071,0.021252614430137,13.02457486443189,114537308.33873443,0.6340928966964058,0.5284107472470049
0.15000000000000002,std,-2,10000000000.0,1e-05,10,10,1.0,1.0,100000000000000.0,119994.5709912302,0.021753912189218152,14.802164617142813,112960511.97664525,0.7274769689884393,0.7274769689884393
0.16,std,-2,10000000000.0,1e-05,12,10,0.8333333333333334,1.0,100000000000000.0,151428.39260832337,0.02226224752057046,16.672339714499277,111409777.68701176,0.8270254251941092,0.6891878543284243
0.17,std,-2,10000000000.0,1e-05,13,10,0.7692307692307693,1.0,100000000000000.0,140850.68253057793,0.02277763594794393,18.631449843071792,109884582.96125181,0.932657225218115,0.7174286347831654
0.18000000000000002,std,-2,10000000000.0,1e-05,15,10,0.6666666666666666,1.0,100000000000000.0,24227.42412441891,0.023300091494954225,20.675896228816416,108384420.7601139,1.0442844876919952,0.6961896584613301
0.19,std,-2,10000000000.0,1e-05,13,10,0.7692307692307693,1.0,100000000000000.0,10805.406552310087,0.023829626639352574,22.802133540246107,106908798.77780546,1.1618128302619084,0.893702177124545
0.2,std,-2,10000000000.0,1e-05,14,10,0.7142857142857143,1.0,100000000000000.0,132527.45446667046,0.024366252266335785,25.006671646659086,105457238.74949963,1.2851417102966518,0.9179583644976085
0.21000000000000002,std,-2,10000000000.0,1e-05,13,10,0.7692307692307693,1.0,100000000000000.0,121812.46125778645,0.02490997762090884,27.286077233062393,104029275.79969656,1.4141647649641222,1.0878190499724019
0.22,std,-2,10000000000.0,1e-05,15,10,0.6666666666666666,1.0,100000000000000.0,25527.138148160233,0.025460810259314456,29.63697527418486,102624457.82893437,1.5487701497040407,1.032513433136027
0.23,std,-2,10000000000.0,1e-05,23,10,0.43478260869565216,1.0,100000000000000.0,29527.268765663328,0.026018755999546127,32.05605036992064,101242344.93655138,1.6888408741675103,0.7342786409423957
0.24000000000000002,std,-2,10000000000.0,1e-05,12,10,0.8333333333333334,1.0,100000000000000.0,30470.216399237775,0.02658381887096318,34.540047945128556,99882508.87732875,1.8342551347705967,1.528545945642164
0.25,std,-2,10000000000.0,1e-05,11,10,0.9090909090909091,1.0,100000000000000.0,32899.41506948579,0.027156001063028613,37.085775316737006,98544532.5499974,1.9848866430592862,1.8044424027811692
0.26,std,-2,10000000000.0,1e-05,11,10,0.9090909090909091,1.0,100000000000000.0,42540.180676658274,0.02773530287319293,39.690102631656174,97228009.51565525,2.1406049491607306,1.9460044992370278
0.27,std,-2,10000000000.0,1e-05,14,10,0.7142857142857143,1.0,100000000000000.0,21448.85367949195,0.0283217226539493,42.34996367872805,95932543.54423486,2.3012757596306526,1.6437683997361805
0.28,std,-2,10000000000.0,1e-05,11,10,0.9090909090909091,1.0,100000000000000.0,31557.863021722984,0.028915256759088154,45.06235657893161,94657748.18751705,2.466761249116022,2.242510226469111
0.29000000000000004,std,-2,10000000000.0,1e-05,11,10,0.9090909090909091,1.0,100000000000000.0,15680.663206285419,0.029515899489181725,47.82434435731214,93403246.37677355,2.6369203652520734,2.397200332047339
0.3,std,-2,10000000000.0,1e-05,13,10,0.7692307692307693,1.0,100000000000000.0,16088.475181482598,0.03012364303633178,50.633055400743025,92168670.04385954,2.811609126311976,2.162776251009212
0.31,std,-2,10000000000.0,1e-05,11,10,0.9090909090909091,1.0,100000000000000.0,13850.784636506496,0.030738477428216556,53.48568380615018,90953659.76403436,2.9906809111924737,2.718800828356794
0.32,std,-2,10000000000.0,1e-05,14,10,0.7142857142857143,1.0,100000000000000.0,10692.16177092667,0.03136039047147566,56.379489622539516,89757864.41943079,3.1739867413118916,2.2671333866513512
0.33,std,-2,10000000000.0,1e-05,14,10,0.7142857142857143,1.0,100000000000000.0,3570.8334903767054,0.031989367694474906,59.3117989922746,88580940.88171776,3.361375554150466,2.4009825386789045
0.34,std,-2,10000000000.0,1e-05,12,10,0.8333333333333334,1.0,100000000000000.0,8136.927911312376,0.032625392289495694,62.280004195089994,87422553.71285346,3.552694468110236,2.960578723425197
0.35000000000000003,std,-2,10000000000.0,1e-05,15,10,0.6666666666666666,1.0,100000000000000.0,12451.945892386244,0.03326844505439697,65.28156359968263,86282374.8828454,3.7477890384935546,2.4985260256623696
0.36000000000000004,std,-2,10000000000.0,1e-05,14,10,0.7142857142857143,1.0,100000000000000.0,17075.33218135297,0.03391850433380093,68.31400152736771,85160083.50335014,3.9465035044198644,2.8189310745856173
0.37,std,-2,10000000000.0,1e-05,12,10,0.8333333333333334,1.0,100000000000000.0,11536.63943635951,0.03457554595985672,71.37490803184694,84055365.5762477,4.148681026528667,3.4572341887738895
0.38,std,-2,10000000000.0,1e-05,13,10,0.7692307692307693,1.0,100000000000000.0,23387.80980198276,0.035239543192639965,74.46193860016932,82967913.75619605,4.354163915411991,3.3493568580092243
0.39,std,-2,10473063254.006552,1.0473063254006551e-05,14,10,0.7142857142857143,1.0,100000000000000.0,20751.967288214037,0.03591046666024937,77.57281377850065,81897427.12626469,4.56279385067747,3.2591384647696215
0.4,std,-2,11197421478.936047,1.1197421478936047e-05,15,10,0.6666666666666666,1.0,100000000000000.0,872.5591349240706,0.03658828429866464,80.70531872782651,80843610.98588744,4.774412090674443,3.182941393782962
0.41000000000000003,std,-2,11954975989.97769,1.195497598997769e-05,13,10,0.7692307692307693,1.0,100000000000000.0,5624.013947488199,0.03727296129143468,83.85730271295542,79806176.65031886,4.988859672846295,3.8375843637279194
0.42000000000000004,std,-2,12746562303.363611,1.2746562303363612e-05,13,10,0.7692307692307693,1.0,100000000000000.0,9624.295606519754,0.037964460009266905,87.02667853018595,78784841.26087493,5.205977604827386,4.004598157559528
0.43,std,-2,13573021867.859528,1.3573021867859527e-05,12,10,0.8333333333333334,1.0,100000000000000.0,5783.2304365376185,0.038662739949594106,90.21142187678561,77779327.60525452,5.425607046305587,4.521339205254656
0.44,std,-2,14435201950.755188,1.4435201950755187e-05,18,10,0.5555555555555556,1.0,100000000000000.0,10527.031943354294,0.03936775767619714,93.40957066684484,76789363.94735558,5.6475894817916386,3.137549712106466
0.45,std,-2,15333955526.350779,1.533395552635078e-05,11,10,0.9090909090909091,1.0,100000000000000.0,20171.59491657831,0.04007946675896711,96.61922429721984,75814683.86589663,5.871766884407796,5.337969894916178
0.46,std,-2,16270141166.92892,1.627014116692892e-05,15,10,0.6666666666666666,1.0,100000000000000.0,4301.047085052223,0.04079781771389325,99.83854286780344,74855026.10136408,6.097981870879835,4.065321247253223
0.47000000000000003,std,-2,17244622936.196037,1.7244622936196038e-05,13,10,0.7692307692307693,1.0,100000000000000.0,2120.7728273515827,0.04152275794336715,103.06574635941904,73910134.4107027,6.326077847877327,4.866213729136406
0.48000000000000004,std,-2,18258270285.17996,1.825827028517996e-05,21,10,0.47619047619047616,1.0,100000000000000.0,5532.713876432145,0.04225423167689769,106.29911377315486,72979757.42922702,6.555899149904271,3.1218567380496527
0.49,std,-2,19311957950.559704,1.9311957950559702e-05,21,10,0.47619047619047616,1.0,100000000000000.0,5392.528436278442,0.042992179912334685,109.53698223489168,72063648.53939462,6.787291168973576,3.2320434137969407
0.5,std,-2,20406565855.405605,2.0406565855405607e-05,20,10,0.5,1.0,100000000000000.0,10355.69622490177,0.04373654035770323,112.77774606784962,71161565.7458431,7.020100476240487,3.5100502381202436
0.51,std,-2,21542979012.3023,2.15429790123023e-05,15,10,0.6666666666666666,1.0,100000000000000.0,3027.542799495883,0.04448724737375437,116.01985583732286,70273271.55644336,7.254174935900515,4.836116623933677
0.52,std,-2,22722087428.831066,2.2722087428831065e-05,14,10,0.7142857142857143,1.0,100000000000000.0,5390.095735795312,0.04524423191734168,119.26181736958821,69398532.8688438,7.489363811513473,5.349545579652481
0.53,std,-2,23944786015.370483,2.3944786015370483e-05,13,10,0.7692307692307693,1.0,100000000000000.0,4732.145963282688,0.04600742148573693,122.50219074908043,68537120.86228469,7.725517865088676,5.942706050068213
0.54,std,-2,25211974495.19545,2.5211974495195448e-05,15,10,0.6666666666666666,1.0,100000000000000.0,7473.149744898382,0.046776740062001616,125.73958929614545,67688810.89416112,7.96248944913803,5.308326299425353
0.55,std,-2,26524557316.827312,2.6524557316827313e-05,17,10,0.5882352941176471,1.0,100000000000000.0,5736.421838767697,0.04755210806153499,128.97267852827858,66853382.401291125,8.200132592002731,4.823607407060431
0.56,std,-2,27883443568.611485,2.7883443568611485e-05,14,10,0.7142857142857143,1.0,100000000000000.0,3145.7936904626226,0.04833344227992233,132.2001751073475,66030618.80524841,8.43830307667766,6.027359340484042
0.5700000000000001,std,-2,29289546895.474224,2.9289546895474223e-05,14,10,0.7142857142857143,1.0,100000000000000.0,1884.005018433139,0.049120655842211244,135.42084577574244,65220307.42184981,8.676858513476994,6.197756081054996
0.5800000000000001,std,-2,30743785417.826527,3.074378541782653e-05,14,10,0.7142857142857143,1.0,100000000000000.0,4064.435874937405,0.04991365815374634,138.63350628291653,64422239.37422575,8.915658406720638,6.368327433371885
0.59,std,-2,32247081652.573696,3.22470816525737e-05,13,10,0.7692307692307693,1.0,100000000000000.0,7715.0055270248,0.050712354852696435,141.83702030633896,63636209.50946025,9.154564215857482,7.041972473736525
0.6,std,-2,33800362436.19004,3.380036243619004e-05,17,10,0.5882352941176471,1.0,100000000000000.0,3753.850191033759,0.051516647764411366,145.03029836605234,62862016.318445235,9.393439411095002,5.525552594761766
0.61,std,-2,35404558849.815475,3.540455884981547e-05,17,10,0.5882352941176471,1.0,100000000000000.0,4555.851711816698,0.05232643485774771,148.2122967389393,62099461.8588071,9.632149524079543,5.665970308282084
0.62,std,-2,37060606146.33852,3.706060614633851e-05,13,10,0.7692307692307693,1.0,100000000000000.0,8251.800324124646,0.05314161020350689,151.3820163698069,61348351.680681646,9.870562193584902,7.592740148911464
0.63,std,-2,38769443679.413895,3.8769443679413895e-05,12,10,0.8333333333333334,1.0,100000000000000.0,1405.5619682832487,0.05396206393512963,154.5385017856192,60608494.75515795,10.108547206769087,8.42378933897424
0.64,std,-2,40532014834.38084,4.053201483438084e-05,18,10,0.5555555555555556,1.0,100000000000000.0,3191.99789545204,0.054787682211795266,157.6808400113086,59879703.405252725,10.34597653605683,5.7477647422537945
0.65,std,-2,42349266961.0353,4.23492669610353e-05,14,10,0.7142857142857143,1.0,100000000000000.0,3093.1685226650816,0.055618347184074164,160.80815949015133,59161793.23922499,10.58272437199157,7.559088837136836
0.66,std,-2,44222151308.21465,4.422215130821465e-05,20,10,0.5,1.0,100000000000000.0,3594.4382667339546,0.056453936962285574,163.91962901049,58454583.086089864,10.818667152330683,5.409333576165341
0.67,std,-2,46151622960.146866,4.6151622960146866e-05,14,10,0.7142857142857143,1.0,100000000000000.0,3419.7451297927,0.05729432558771266,167.01445663817185,57757894.933217816,11.053683587502011,7.895488276787151
0.68,std,-2,48138640774.53313,4.8138640774533123e-05,16,10,0.625,1.0,100000000000000.0,2985.855129102381,0.05813938300682973,170.09188865938495,57071553.86587637,11.287654682883034,7.0547841768018955
0.6900000000000001,std,-2,50184167322.307304,5.01841673223073e-05,13,10,0.7692307692307693,1.0,100000000000000.0,2937.5866225365107,0.05898897504869533,173.151208530805,56395388.00860588,11.520463757855158,8.861895198350123
0.7000000000000001,std,-2,52289168829.04099,5.228916882904099e-05,17,10,0.5882352941176471,1.0,100000000000000.0,3926.3347913794437,0.059842963405668255,176.19173584219894,55729228.46830064,11.751996462122131,6.912939095365959
0.7100000000000001,std,-2,54454615117.944435,5.445461511794444e-05,18,10,0.5555555555555556,1.0,100000000000000.0,2194.6584674853075,0.06070120561760056,179.21282528930402,55072909.27894104,11.982140789308339,6.656744882949077
0.72,std,-2,56681479554.42772,5.668147955442772e-05,17,10,0.5882352941176471,1.0,100000000000000.0,4853.746832491668,0.061563555059664696,182.21386566025032,54426267.3478233,12.210787088190079,7.182815934229459
0.73,std,-2,58970738992.177635,5.897073899217764e-05,24,10,0.4166666666666667,1.0,100000000000000.0,1573.5717024100588,0.062429860933968816,185.19427883392277,53789142.40325106,12.43782807160801,5.182428363170004
0.74,std,-2,61323373720.70736,6.132337372070736e-05,21,10,0.47619047619047616,1.0,100000000000000.0,3662.0426940778716,0.06329996826511489,188.1535187936634,53161376.94359302,12.663158823426492,6.030075630203092
0.75,std,-2,63740367414.34797,6.374036741434797e-05,16,10,0.625,1.0,100000000000000.0,4668.4363394327,0.06417371789985252,191.09107065484105,52542816.187593825,12.886676803569909,8.054173002231193
0.76,std,-2,66222707082.627625,6.622270708262763e-05,14,10,0.7142857142857143,1.0,100000000000000.0,2384.5374700697957,0.06505094651097904,194.00644970776145,51933308.025967404,13.1082818513906,9.363058465279
0.77,std,-2,68771383022.0147,6.87713830220147e-05,20,10,0.5,1.0,100000000000000.0,1906.8159682151017,0.06593148660563516,196.89920047680036,51332702.97407133,13.327876187524398,6.663938093762199
0.78,std,-2,71387388768.97566,7.138738876897566e-05,18,10,0.5555555555555556,1.0,100000000000000.0,2688.505194139806,0.06681516653814157,199.7688957951329,50740854.125752576,13.545364414351454,7.525202452417474
0.79,std,-2,74071721054.31445,7.407172105431446e-05,17,10,0.5882352941176471,1.0,100000000000000.0,2038.5064279019323,0.0677018105275198,202.61513589628848,50157617.108157024,13.760653515226336,8.094502067780198
0.8,std,-2,76825379758.75632,7.682537975875631e-05,19,10,0.5263157894736842,1.0,100000000000000.0,699.6174695333929,0.06859123867983588,205.437547523272,49582850.03763585,13.973652852689225,7.354554132994329
0.81,std,-2,79649367869.73894,7.964936786973894e-05,17,10,0.5882352941176471,1.0,100000000000000.0,702.3916911929844,0.06948326701550157,208.23578305407187,49016413.47646635,14.18427416562442,8.343690685661423
0.8200000000000001,std,-2,82544691439.37567,8.254469143937567e-05,14,10,0.7142857142857143,1.0,100000000000000.0,2182.3608030449323,0.0703777075016633,211.00951964507306,48458170.39061373,14.392431565645344,10.280308261175247
0.8300000000000001,std,-2,85512359543.55582,8.551235954355582e-05,14,10,0.7142857142857143,1.0,100000000000000.0,650.8780569503823,0.0712743680898028,213.7584583923282,47907986.10823188,14.598041532728448,10.427172523377463
0.8400000000000001,std,-2,88553384242.14807,8.855338424214807e-05,22,10,0.45454545454545453,1.0,100000000000000.0,2183.277387812682,0.07217305275866856,216.48232351046633,47365728.279101126,14.801022910239986,6.727737686472721
0.85,std,-2,91668780540.2755,9.16687805402755e-05,15,10,0.6666666666666666,1.0,100000000000000.0,1894.6603936532847,0.0730735615626498,219.18086152929888,46831266.83476413,15.001296899386547,10.000864599591031
0.86,std,-2,94859566350.62546,9.485956635062546e-05,23,10,0.43478260869565216,1.0,100000000000000.0,1160.7739878695197,0.07397569068569808,221.85384050919055,46304473.94949488,15.198787053292873,6.60816828404038
0.87,std,-2,98126762456.767,9.8126762456767e-05,12,10,0.8333333333333334,1.0,100000000000000.0,2107.1416237103817,0.07487923250089422,224.50104927340146,45785224.0019454,15.393419270621123,12.82784939218427
0.88,std,-2,101471392477.44293,0.00010147139247744294,15,10,0.6666666666666666,1.0,100000000000000.0,882.8330716856888,0.07578397563574907,227.1222966597713,45273393.53755888,15.585121789000109,10.390081192666738
0.89,std,-2,104894482831.80647,0.00010489448283180647,14,10,0.7142857142857143,1.0,100000000000000.0,3221.337314027277,0.07668970504331966,229.71741078886217,44768861.231587745,15.773825178086549,11.267017984347534
0.9,std,-2,108397062705.57181,0.00010839706270557181,25,10,0.4,1.0,100000000000000.0,1343.0480603942465,0.07759620207921059,232.2862383516765,44271507.85283817,15.959462332577994,6.3837849330311975
0.91,std,-2,111980164018.05441,0.00011198016401805441,13,10,0.7692307692307693,1.0,100000000000000.0,2503.9995470787208,0.07850324458452297,234.82864391372865,43781216.22801512,16.141968464974955,12.416898819211504
0.92,std,-2,115644821390.0663,0.0001156448213900663,15,10,0.6666666666666666,1.0,100000000000000.0,508.46022739582384,0.07941060697480082,237.34450923794049,43297871.206686266,16.321281098321343,10.880854065547561
0.93,std,-2,119392072112.64635,0.00011939207211264635,19,10,0.5263157894736842,1.0,100000000000000.0,814.3897199024019,0.08031806033501555,239.83373262477036,42821359.6268634,16.49734005886313,8.682810557296385
0.9400000000000001,std,-2,123222956116.59383,0.00012322295611659384,21,10,0.47619047619047616,1.0,100000000000000.0,1225.3984915620813,0.08122537252061583,242.29622826933868,42351570.28113079,16.670087468625542,7.938136889821687
0.9500000000000001,std,-2,127138515942.7809,0.0001271385159427809,23,10,0.43478260869565216,1.0,100000000000000.0,1910.8939554533179,0.08213230826466011,244.73192563646114,41888393.88338472,16.839467738033697,7.321507712188564
0.9600000000000001,std,-2,131139796713.22412,0.00013113979671322413,21,10,0.47619047619047616,1.0,100000000000000.0,949.3865153908346,0.0830386292910345,247.14076885246283,41431723.03608367,17.00542755849337,8.097822646901605
0.97,std,-2,135227846102.88087,0.00013522784610288087,16,10,0.625,1.0,100000000000000.0,2199.720109729721,0.08394409443374791,249.52271611390174,40981452.198053606,17.16791589498488,10.729947434365549
0.98,std,-2,139403714312.15707,0.00013940371431215708,16,10,0.625,1.0,100000000000000.0,1504.0836836224266,0.08484845976228053,251.87773911253458,40537477.652815565,17.32688397863396,10.829302486646224
0.99,std,-2,143668454040.0978,0.00014366845404009782,18,10,0.5555555555555556,1.0,100000000000000.0,1291.474905965727,0.08575147871295036,254.20582247770227,40099697.47744613,17.48228529936346,9.71238072186859
1.0,std,-2,148023120458.2406,0.0001480231204582406,20,10,0.5,1.0,100000000000000.0,2690.9161030793307,0.08665290222624604,256.5069632329613,39668011.51188104,17.634075598382324,8.817037799191162
1.01,std,-2,152468771185.10843,0.00015246877118510843,19,10,0.5263157894736842,1.0,100000000000000.0,628.9428306100042,0.08755247889006164,258.78117027128786,39242321.32879002,17.782212860873486,9.35905940045973
1.02,std,-2,157006466261.3257,0.00015700646626132573,20,10,0.5,1.0,100000000000000.0,785.7201520380611,0.08844995508875261,261.02846384303655,38822530.203856505,17.926657308413724,8.963328654206862
1.03,std,-2,161637268125.3295,0.00016163726812532949,22,10,0.45454545454545453,1.0,100000000000000.0,851.0608761155165,0.08934507515791797,263.24887506131336,38408543.086599246,18.06737139150724,8.2124415415942
1.04,std,-2,166362241589.66864,0.00016636224158966863,23,10,0.43478260869565216,1.0,100000000000000.0,996.1397638401656,0.09023758154479809,265.4424454215751,38000266.571585506,18.20431978194378,7.914921644323383
1.05,std,-2,171182453817.8561,0.0001711824538178561,18,10,0.5555555555555556,1.0,100000000000000.0,1208.179614347883,0.09112721497416236,267.6092263359729,37597608.87017283,18.33746936507397,10.187482980596652
1.06,std,-2,176098974301.77145,0.00017609897430177144,27,10,0.37037037037037035,1.0,100000000000000.0,1374.8372716356896,0.09201371461954395,269.74927868221636,37200479.78263619,18.466789231911072,6.839551567374471
1.07,std,-2,181112874839.58575,0.00018111287483958577,22,10,0.45454545454545453,1.0,100000000000000.0,1471.7314072119102,0.09289681827966537,271.8626723668898,36808790.67077036,18.592250671084784,8.451023032311266
1.08,std,-2,186225229514.1957,0.00018622522951419572,14,10,0.7142857142857143,1.0,100000000000000.0,883.01204890197,0.09377626255988103,273.9494859023722,36422454.43092041,18.713827160552707,13.367019400394792
1.09,std,-2,191437114672.1511,0.0001914371146721511,14,10,0.7142857142857143,1.0,100000000000000.0,555.8243667555394,0.09465178305844799,276.00980599745634,36041385.46742419,18.831494359051018,13.451067399322156
1.1,std,-2,196749608903.0566,0.0001967496089030566,20,10,0.5,1.0,100000000000000.0,874.4013477271471,0.09552311455742028,278.0437271610059,35665499.66649557,18.945230097235044,9.472615048617522
1.11,std,-2,202163793019.43698,0.00020216379301943698,14,10,0.7142857142857143,1.0,100000000000000.0,808.9899002434115,0.09638999121794681,280.05135131934713,35294714.37049736,19.05501436851094,13.610724548936386
1.12,std,-2,207680750037.04315,0.00020768075003704315,27,10,0.37037037037037035,1.0,100000000000000.0,702.7049930696978,0.09725214677973788,282.0327874449738,34928948.352648705,19.160829319394647,7.096603451627646
1.1300000000000001,std,-2,213301565155.59448,0.0002133015651555945,19,10,0.5263157894736842,1.0,100000000000000.0,635.185400408279,0.09810931476444977,283.9881511993388,34568121.792101,19.262659239529253,10.138241705015396
1.1400000000000001,std,-2,219027325739.93762,0.00021902732573993763,22,10,0.45454545454545453,1.0,100000000000000.0,1293.885852102422,0.09896122868272254,285.9175645862366,34212156.24944995,19.36049055113497,8.800222977788621
1.1500000000000001,std,-2,224859121301.60654,0.00022485912130160653,26,10,0.38461538461538464,1.0,100000000000000.0,403.78762793163526,0.09980762224459194,287.82115561789004,33860974.64260373,19.45431179796766,7.482427614602946
1.1600000000000001,std,-2,230798043480.77206,0.00023079804348077206,16,10,0.625,1.0,100000000000000.0,416.9348885670123,0.10064822957298275,289.69905799220294,33514501.22304822,19.544113633678176,12.21507102104886
1.17,std,-2,236845186028.57883,0.00023684518602857884,27,10,0.37037037037037035,1.0,100000000000000.0,506.849241925862,0.10148278541997709,291.5514107810375,33172661.552509196,19.629888809538745,7.270329188718053
1.18,std,-2,243001644789.8356,0.0002430016447898356,21,10,0.47619047619047616,1.0,100000000000000.0,371.0892077709354,0.1023110253855389,293.3783581297108,32835382.47995832,19.711632161493736,9.386491505473208
1.19,std,-2,249268517686.06998,0.00024926851768607,26,10,0.38461538461538464,1.0,100000000000000.0,575.2325305325575,0.10313268613836393,295.1800489671157,32502592.119014297,19.78934059649954,7.611284844807515
1.2,std,-2,255646904698.91843,0.0002556469046989184,32,10,0.3125,1.0,100000000000000.0,764.7938252450656,0.1039475056385125,296.95663672578854,32174219.82570734,19.863013078066007,6.207191586895627
1.21,std,-2,262137907853.85535,0.00026213790785385537,18,10,0.5555555555555556,1.0,100000000000000.0,953.9664062624599,0.1047552233614732,298.70827907247224,31850196.176586464,19.93265061100072,11.07369478388929
1.22,std,-2,268742631204.23862,0.0002687426312042386,26,10,0.38461538461538464,1.0,100000000000000.0,409.0215346066715,0.10555558052329424,300.4351376479115,31530452.947203357,19.998256225269927,7.691637009719203
1.23,std,-2,275462180815.6684,0.0002754621808156684,21,10,0.47619047619047616,1.0,100000000000000.0,166.88997563189636,0.10634832030641155,302.1373778171797,31214923.090939093,20.05983495902228,9.55230236143918
1.24,std,-2,282297664750.64526,0.00028229766475064525,29,10,0.3448275862068966,1.0,100000000000000.0,1030.9188495053725,0.10713318808579403,303.8151684277978,30903540.718176357,20.117393840575136,6.937032358819013
1.25,std,-2,289250193053.52356,0.00028925019305352354,11,10,0.9090909090909091,1.0,100000000000000.0,638.8111150336044,0.1079099316550206,305.4686815779163,30596241.075822484,20.170941869501867,18.337219881365332
1.26,std,-2,296320877735.7461,0.0002963208777357461,22,10,0.45454545454545453,1.0,100000000000000.0,891.6751329417702,0.10867830145189603,307.0980923929594,30292960.52715669,20.220489996681184,9.191131816673265
1.27,std,-2,303510832761.3499,0.0003035108327613499,19,10,0.5263157894736842,1.0,100000000000000.0,523.8568366144631,0.10943805078320944,308.7035788106057,29993636.532022804,20.266051103301685,10.666342685948255
1.28,std,-2,310821174032.7446,0.0003108211740327446,25,10,0.4,1.0,100000000000000.0,697.8619699219194,0.11018893604823399,310.28532137370325,29698207.62734887,20.307639978773302,8.123055991509322
1.29,std,-2,318253019376.73737,0.00031825301937673736,16,10,0.625,1.0,100000000000000.0,325.9682952324865,0.11093071696056572,311.84350303162444,29406613.407992665,20.345273297570976,12.71579581098186
1.3,std,-2,325807488530.8193,0.00032580748853081927,17,10,0.5882352941176471,1.0,100000000000000.0,487.0796325563268,0.11166315676789583,313.3783089492338,29118794.50790167,20.3789695949434,11.987629173496117
1.31,std,-2,333485703129.68164,0.00033348570312968166,22,10,0.45454545454545453,1.0,100000000000000.0,431.18490138287245,0.11238602246931209,314.88992632338744,28834692.581594545,20.408749241484777,9.276704200674898
1.32,std,-2,341288786691.97565,0.00034128878669197564,16,10,0.625,1.0,100000000000000.0,334.30352625604064,0.11309908502972522,316.37854420586297,28554250.285959702,20.43463441649697,12.771646510310607
1.33,std,-2,349217864607.2945,0.0003492178646072945,16,10,0.625,1.0,100000000000000.0,695.4415783895317,0.11380211959101888,317.8443533349427,28277411.26235228,20.456649080277824,12.78540567517364
1.34,std,-2,357274064123.37665,0.0003572740641233767,21,10,0.47619047619047616,1.0,100000000000000.0,515.3488746804226,0.11449490567952506,319.28754597205284,28004120.11900111,20.474818945118393,9.74991378338971
1.35,std,-2,365458514333.523,0.000365458514333523,26,10,0.38461538461538464,1.0,100000000000000.0,362.9442139788912,0.11517722740943068,320.70831574638385,27734322.413720313,20.48917144520633,7.880450555848589
1.36,std,-2,373772346164.2207,0.0003737723461642207,24,10,0.4166666666666667,1.0,100000000000000.0,696.2037552407994,0.11584887368172872,322.1068575048843,27467964.636896268,20.499735705260747,8.541556543858645
1.37,std,-2,382216692362.972,0.00038221669236297197,21,10,0.47619047619047616,1.0,100000000000000.0,473.76084919412096,0.11650963837833293,323.48336716927446,27204994.194798715,20.506542508058445,9.765020241932593
1.3800000000000001,std,-2,390792687486.30865,0.00039079268748630865,20,10,0.5,1.0,100000000000000.0,665.3104261521662,0.1171593205509839,324.83804159818567,26945359.393152125,20.50962426070563,10.254812130352814
1.3900000000000001,std,-2,399501467888.00854,0.0003995014678880085,24,10,0.4166666666666667,1.0,100000000000000.0,579.47429492559,0.11779772460458442,326.17107845588157,26689009.4209975,20.509014959795397,8.54542289991475
1.4000000000000001,std,-2,408344171707.4862,0.0004083441717074862,22,10,0.45454545454545453,1.0,100000000000000.0,535.1764032907726,0.11842466047461185,327.48267608595296,26435894.334847275,20.504750155380407,9.320340979718367
1.4100000000000001,std,-2,417321938858.3658,0.0004173219388583658,25,10,0.4,1.0,100000000000000.0,156.3316347082959,0.1190399437982678,328.77303339083585,26185965.04308979,20.4968669138141,8.19874676552564
1.42,std,-2,426435911017.23096,0.00042643591101723097,23,10,0.43478260869565216,1.0,100000000000000.0,671.4570073941029,0.1196433960790384,330.0423497163176,25939173.29070372,20.485403779490508,8.906697295430655
1.43,std,-2,435687231612.5348,0.0004356872316125348,24,10,0.4166666666666667,1.0,100000000000000.0,408.3914807376057,0.12023484484435139,331.29082474119525,25695471.644191947,20.470400735462594,8.52933363977608
1.44,std,-2,445077045813.6814,0.0004450770458136814,18,10,0.5555555555555556,1.0,100000000000000.0,810.6721823606891,0.12081412379603326,332.51865837170163,25454813.47682177,20.451899163026027,11.362166201681127
1.45,std,-2,454606500520.2657,0.0004546065005202657,18,10,0.5555555555555556,1.0,100000000000000.0,328.70246731677616,0.12138107295328354,333.7260506408906,25217152.95410143,20.429941800271983,11.349967666817768
1.46,std,-2,464276744351.45856,0.0004642767443514586,23,10,0.43478260869565216,1.0,100000000000000.0,271.9335546456353,0.12193553878790152,334.9132016121995,24982445.019521292,20.404572699632585,8.87155334766634
1.47,std,-2,474088927635.56244,0.00047408892763556244,28,10,0.35714285714285715,1.0,100000000000000.0,360.5269061808516,0.12247737435151856,336.08031128791885,24750645.38054905,20.375837184508583,7.2770847087530655
1.48,std,-2,484044202399.6904,0.0004840442023996904,25,10,0.4,1.0,100000000000000.0,538.2927790785952,0.12300643939460665,337.22757952099,24521710.494854964,20.343781804918834,8.137512721967534
1.49,std,-2,494143722359.6033,0.0004941437223596033,21,10,0.47619047619047616,1.0,100000000000000.0,182.85260491951618,0.12352260047705375,338.35520593246537,24295597.556820426,20.30845429241619,9.670692520198186
1.5,std,-2,504388642909.6783,0.0005043886429096783,33,10,0.30303030303030304,1.0,100000000000000.0,215.86452036074525,0.1240257310701164,339.463389830978,24072264.484238382,20.269903514034294,6.142395004252816
1.51,std,-2,514780121113.0152,0.0005147801211130152,24,10,0.4166666666666667,1.0,100000000000000.0,231.97585079248483,0.12451571164958056,340.5523301374894,23851669.90529175,20.228179425598725,8.428408093999469
1.52,std,-2,525319315691.67615,0.0005253193156916761,20,10,0.5,1.0,100000000000000.0,385.51014771931676,0.12499242977998155,341.6222253136322,23633773.145745885,20.183333024313146,10.091666512156573
1.53,std,-2,536007387017.0459,0.0005360073870170459,22,10,0.45454545454545453,1.0,100000000000000.0,488.5390270855663,0.12545578018975678,342.67327329191545,23418534.21637197,20.135416300601136,9.152461954818698
1.54,std,-2,546845497100.3222,0.0005468454971003222,17,10,0.5882352941176471,1.0,100000000000000.0,312.0444055137993,0.12590566483722512,343.7056714119267,23205913.800602216,20.084482189520475,11.81440128795322
1.55,std,-2,557834809583.1276,0.0005578348095831275,15,10,0.6666666666666666,1.0,100000000000000.0,196.0526719691522,0.12634199296731044,344.7196163580079,22995873.24240182,20.030584521540664,13.353723014360442
1.56,std,-2,568976489728.2415,0.0005689764897282415,17,10,0.5882352941176471,1.0,100000000000000.0,136.88118718624133,0.12676468115894596,345.71530410015913,22788374.534365553,19.9737779728696,11.74928116051153
1.57,std,-2,580271704410.4355,0.0005802717044104355,13,10,0.7692307692307693,1.0,100000000000000.0,439.8895493474196,0.12717365336312167,346.69292983927863,22583380.306024913,19.914118015456257,15.318552319581737
1.58,std,-2,591721622107.4386,0.0005917216221074386,39,10,0.2564102564102564,1.0,100000000000000.0,134.89066395195817,0.1275688409315561,347.6526879538569,22380853.81236754,19.851660866579422,5.090169452969082
1.59,std,-2,603327412890.997,0.000603327412890997,24,10,0.4166666666666667,1.0,100000000000000.0,440.5627449395779,0.12795018263599814,348.59477195014864,22180758.922575094,19.786463438223805,8.244359765926585
1.6,std,-2,615090248418.054,0.0006150902484180539,33,10,0.30303030303030304,1.0,100000000000000.0,359.7841130653036,0.12831762467818383,349.51937441580196,21983060.10894857,19.718583286291295,5.97532826857312
1.61,std,-2,627011301922.0193,0.0006270113019220193,14,10,0.7142857142857143,1.0,100000000000000.0,406.2162513841442,0.12867112069049735,350.42668697409874,21787722.43604854,19.648078559588818,14.034341828277727
1.62,std,-2,639091748204.1531,0.0006390917482041531,29,10,0.3448275862068966,1.0,100000000000000.0,233.15100022919495,0.12901063172740435,351.3169002435291,21594711.550035674,19.575007948926615,6.750002741009178
1.6300000000000001,std,-2,651332763625.0444,0.0006513327636250444,25,10,0.4,1.0,100000000000000.0,331.4320194006012,0.1293361262477481,352.1902037965881,21403993.66818979,19.49943063604075,7.7997722544163
1.6400000000000001,std,-2,663735526096.1855,0.0006637355260961855,39,10,0.2564102564102564,1.0,100000000000000.0,292.13232588882966,0.12964758008801838,353.0467861239815,21215535.568644308,19.421406242799755,4.979847754564039
1.6500000000000001,std,-2,676301215071.6423,0.0006763012150716424,17,10,0.5882352941176471,1.0,100000000000000.0,505.19936854203115,0.12994497642672279,353.88683459906747,21029304.58028762,19.340994780439228,11.377055753199546
1.6600000000000001,std,-2,689031011539.8171,0.0006890310115398172,23,10,0.43478260869565216,1.0,100000000000000.0,342.03055004410766,0.13022830574001035,354.71053544484505,20845268.57286173,19.25825659905976,8.37315504306946
1.6700000000000002,std,-2,701926098015.3031,0.0007019260980153031,35,10,0.2857142857142857,1.0,100000000000000.0,238.76573162842493,0.13049756574871402,355.5180737034962,20663395.94724198,19.173252337449213,5.478072096414061
1.68,std,-2,714987658530.8273,0.0007149876585308272,21,10,0.47619047619047616,1.0,100000000000000.0,293.0574227810747,0.13075276135699798,356.30963320778557,20483655.625891827,19.08604287326079,9.0885918444099
1.69,std,-2,728216878629.275,0.000728216878629275,19,10,0.5263157894736842,1.0,100000000000000.0,101.3021961994738,0.13099390458281196,357.0853965539571,20306017.043500546,18.996689273609334,9.998257512425965
1.7,std,-2,741614945355.8091,0.0007416149453558091,29,10,0.3448275862068966,1.0,100000000000000.0,198.7130714173324,0.13122101448037002,357.845545076611,20130450.13778125,18.905252746163914,6.519052671091005
1.71,std,-2,755183047250.0585,0.0007551830472500584,26,10,0.38461538461538464,1.0,100000000000000.0,288.1362671970816,0.13143411705488842,358.5902588261946,19956925.34045368,18.811794590863403,7.23530561187054
1.72,std,-2,768922374338.4025,0.0007689223743384025,24,10,0.4166666666666667,1.0,100000000000000.0,250.05270449435852,0.13163324516982902,359.31971654622504,19785413.568385925,18.716376152147564,7.798490063394818
1.73,std,-2,782834118126.3237,0.0007828341181263238,27,10,0.37037037037037035,1.0,100000000000000.0,298.88908268126244,0.1318184384469108,360.0340956548111,19615886.214899182,18.61905877201584,6.8959476933392
1.74,std,-2,796919471590.8407,0.0007969194715908407,21,10,0.47619047619047616,1.0,100000000000000.0,207.6606086930504,0.13198974315916043,360.7335722251886,19448315.141239457,18.519903743703786,8.819001782716088
1.75,std,-2,811179629173.019,0.000811179629173019,14,10,0.7142857142857143,1.0,100000000000000.0,161.9611241417934,0.13214721211728916,361.418320969368,19282672.668198943,18.41897226623918,13.156408761599415
1.76,std,-2,825615786770.5562,0.0008256157867705562,28,10,0.35714285714285715,1.0,100000000000000.0,214.8805944324252,0.13229090454968861,362.08851522223614,19118931.567901675,18.316325399812683,6.541544785647387
1.77,std,-2,840229141730.442,0.000840229141730442,23,10,0.43478260869565216,1.0,100000000000000.0,126.9362577467471,0.13242088597635046,362.74432692847404,18957065.055737577,18.212024022126727,7.918271313968142
1.78,std,-2,855020892841.6796,0.0008550208928416796,31,10,0.3225806451612903,1.0,100000000000000.0,445.8881328352859,0.1325372280770222,363.38592662845156,18797046.782446537,18.106128785583685,5.840686705026995
1.79,std,-2,869992240328.091,0.000869992240328091,39,10,0.2564102564102564,1.0,100000000000000.0,184.6133731580298,0.13264000855391733,364.0134834479415,18638850.826349083,17.99870007560768,4.615051301437866
1.8,std,-2,885144385841.183,0.0008851443858411829,25,10,0.4,1.0,100000000000000.0,446.3366956893268,0.1327293109893057,364.6271650870459,18482451.68572671,17.88979796991908,7.1559191879676325
1.81,std,-2,900478532453.0822,0.0009004785324530822,29,10,0.3448275862068966,1.0,100000000000000.0,266.49196447858094,0.13280522469831382,365.2271378112098,18327824.271332726,17.77948219893463,6.130855930667114
1.82,std,-2,915995884649.537,0.000915995884649537,33,10,0.30303030303030304,1.0,100000000000000.0,164.17311448214335,0.132867844577269,365.81356644359613,18174943.89906127,17.667812107325446,5.3538824567652865
1.83,std,-2,931697648322.983,0.0009316976483229831,18,10,0.5555555555555556,1.0,100000000000000.0,258.0340685008303,0.13291727094792347,366.3866143577752,18023786.282729935,17.554846616678667,9.752692564821482
1.84,std,-2,947585030765.6692,0.0009475850307656692,19,10,0.5263157894736842,1.0,100000000000000.0,195.08644150968797,0.13295360939789763,366.94644347127235,17874327.527015675,17.440644189366093,9.179286415455838
1.85,std,-2,963659240662.8617,0.0009636592406628617,22,10,0.45454545454545453,1.0,100000000000000.0,293.70484144208916,0.13297697061768127,367.49321424186587,17726544.12051855,17.325262793718352,7.87511945169016
1.86,std,-2,979921488086.0842,0.0009799214880860843,49,10,0.20408163265306123,1.0,100000000000000.0,146.33621739303604,0.1329874702345315,368.0270856619466,17580412.92894541,17.208759870303282,3.511991810265976
1.87,std,-2,996372984486.4366,0.0009963729844864367,40,10,0.25,1.0,100000000000000.0,268.85139947345914,0.13298522864360543,368.5482152564207,17435911.18843124,17.091192299615088,4.272798074903772
1.8800000000000001,std,-2,1013014942687.9773,0.0010130149426879774,25,10,0.4,1.0,100000000000000.0,219.3129567959233,0.13297037083666333,369.0567590800063,17293016.49898085,16.972616370983705,6.7890465483934825
1.8900000000000001,std,-2,1029848576881.142,0.001029848576881142,32,10,0.3125,1.0,100000000000000.0,273.0967319617573,0.13294302622867502,369.5528717151555,17151706.818034906,16.853087752789147,5.266589922746609
1.9000000000000001,std,-2,1046875102616.2361,0.001046875102616236,31,10,0.3225806451612903,1.0,100000000000000.0,245.86579585535492,0.13290332848265865,370.0367062722976,17011960.454154097,16.73266146407019,5.397632730345222
1.9100000000000001,std,-2,1064095736796.9832,0.0010640957367969832,22,10,0.45454545454545453,1.0,100000000000000.0,344.6220424320353,0.13285141533307546,370.50841438887306,16873756.06082675,16.611391847384635,7.550632657902106
1.9200000000000002,std,-2,1081511697674.1245,0.0010815116976741245,34,10,0.29411764705882354,1.0,100000000000000.0,193.0657480030876,0.13278742840810062,370.96814623009345,16737072.630372385,16.489332543041968,4.849803689129991
1.93,std,-2,1099124204839.0704,0.0010991242048390703,26,10,0.38461538461538464,1.0,100000000000000.0,89.63891563447147,0.13271151305108214,371.41605049053675,16601889.488000676,16.36653646473361,6.2948217172052345
1.94,std,-2,1116934479217.6152,0.0011169344792176152,28,10,0.35714285714285715,1.0,100000000000000.0,193.43535148552627,0.1326238181414942,371.8522743957102,16468186.28592861,16.24305577643275,5.801091348725983
1.95,std,-2,1134943743063.6895,0.0011349437430636894,27,10,0.37037037037037035,1.0,100000000000000.0,197.25880322080056,0.13252449591568408,372.2769637047715,16335942.997650843,16.118941870713815,5.969978470634746
1.96,std,-2,1153153219953.1738,0.0011531532199531738,27,10,0.37037037037037035,1.0,100000000000000.0,150.236921422728,0.13241370178770218,372.69026271363566,16205139.912292665,15.994245348387736,5.923794573476939
1.97,std,-2,1171564134777.7734,0.0011715641347777735,25,10,0.4,1.0,100000000000000.0,128.21425693576833,0.13229159417049882,373.09231425782275,16075757.62908553,15.869015999463256,6.3476063997853025
1.98,std,-2,1190177713738.919,0.001190177713738919,26,10,0.38461538461538464,1.0,100000000000000.0,159.53681621015755,0.13215833429775978,373.48325971811744,15947777.051919853,15.743302785516406,6.055116455967848
1.99,std,-2,1208995184341.7332,0.001208995184341733,27,10,0.37037037037037035,1.0,100000000000000.0,261.79931825076324,0.1320140860466449,373.8632390232807,15821179.384035045,15.617153823273194,5.784131045656738
2.0,std,-2,1228017775389.0464,0.0012280177753890465,34,10,0.29411764705882354,1.0,100000000000000.0,322.9304236396645,0.13185901576168338,374.232390656751,15695946.122775251,15.490616369621687,4.556063638124026
2.01,std,-2,1247246716975.4548,0.0012472467169754547,41,10,0.24390243902439024,1.0,100000000000000.0,198.33746514629723,0.13169329208006922,374.59085166078273,15572059.054465903,15.363736807817723,3.7472528799555422
2.02,std,-2,1266683240481.4268,0.0012666832404814267,26,10,0.38461538461538464,1.0,100000000000000.0,260.86521607507285,0.13151708575859106,374.938757643879,15449500.249373306,15.236560635079089,5.860215628876573
2.03,std,-2,1286328578567.455,0.001286328578567455,42,10,0.23809523809523808,1.0,100000000000000.0,89.04711105936882,0.13133056950241706,375.2762427851556,15328252.056764135,15.10913245130457,3.59741248840585
2.04,std,-2,1306183965168.2583,0.0013061839651682583,30,10,0.3333333333333333,1.0,100000000000000.0,99.4166356145743,0.13113391779594796,375.6034398426934,15208297.100052891,14.981495949179006,4.9938319830596685
2.05,std,-2,1326250635487.0244,0.0013262506354870245,25,10,0.4,1.0,100000000000000.0,99.01216017410624,0.13092730673593825,375.9204801598543,15089618.27204791,14.853693905407233,5.941477562162894
2.0599999999999996,std,-2,1346529825989.7017,0.0013465298259897017,18,10,0.5555555555555556,1.0,100000000000000.0,191.40518128542948,0.1307109138670736,376.2274936724515,14972198.730271557,14.725768173150685,8.180982318417048
2.07,std,-2,1367022774399.3308,0.0013670227743993308,33,10,0.30303030303030304,1.0,100000000000000.0,92.83738932308151,0.1304849180201844,376.5246089165665,14856021.89238433,14.597759675663674,4.423563538079901
2.0799999999999996,std,-2,1387730719690.4194,0.0013877307196904195,20,10,0.5,1.0,100000000000000.0,149.98267362851897,0.1302494991532604,376.81195303651714,14741071.431683572,14.469708401055843,7.234854200527922
2.09,std,-2,1408654902083.3657,0.0014086549020833658,33,10,0.30303030303030304,1.0,100000000000000.0,181.60564993454778,0.13000483819542183,377.0896517933508,14627331.272682121,14.341653398174811,4.3459555752044885
2.0999999999999996,std,-2,1429796563038.9146,0.0014297965630389146,40,10,0.25,1.0,100000000000000.0,186.77022885919092,0.12975111689399202,377.3578295724368,14514785.586787315,14.213632773547731,3.553408193386933
2.11,std,-2,1451156945252.667,0.001451156945252667,21,10,0.47619047619047616,1.0,100000000000000.0,123.33597082140236,0.12948851766480282,377.6166093932073,14403418.788036415,14.085683689427047,6.707468423536689
2.1199999999999997,std,-2,1472737292649.6165,0.0014727372926496164,45,10,0.2222222222222222,1.0,100000000000000.0,188.548978264662,0.1292172234458553,377.86611291725706,14293215.5289337,13.95784236281086,3.101742747291302
2.13,std,-2,1494538850378.7424,0.0014945388503787424,22,10,0.45454545454545453,1.0,100000000000000.0,209.585474425635,0.12893741755444604,378.1064604580843,14184160.69634576,13.830144065490122,6.286429120677328
2.1399999999999997,std,-2,1516562864807.6282,0.0015165628648076282,29,10,0.3448275862068966,1.0,100000000000000.0,231.46338988677326,0.12864928354785926,378.3377709896969,14076239.407488255,13.702623125020262,4.725042456903539
2.15,std,-2,1538810583517.1243,0.0015388105835171242,17,10,0.5882352941176471,1.0,100000000000000.0,111.73266216371505,0.12835300508771263,378.5601621569166,13969437.005973084,13.575312926660372,7.985478192153161
2.1599999999999997,std,-2,1561283255296.0642,0.0015612832552960641,29,10,0.3448275862068966,1.0,100000000000000.0,127.83930043843938,0.12804876580803742,378.7737502844638,13863739.057946578,13.448245916170507,4.63732617798983
2.17,std,-2,1583982130135.983,0.001583982130135983,26,10,0.38461538461538464,1.0,100000000000000.0,185.0356259226068,0.12773674918715994,378.97865038718675,13759131.34827611,13.321453603479727,5.123636001338356
2.1799999999999997,std,-2,1606908459225.9229,0.001606908459225923,21,10,0.47619047619047616,1.0,100000000000000.0,125.47663842263401,0.1274171384234439,379.17497617925864,13655599.876833957,13.194966567161439,6.283317412934018
2.19,std,-2,1630063494947.2349,0.0016300634949472348,35,10,0.2857142857142857,1.0,100000000000000.0,134.08850314991219,0.12709011631494216,379.36284008565536,13553130.854817575,13.068814459741011,3.7339469884974315
2.1999999999999997,std,-2,1653448490868.4292,0.0016534484908684293,26,10,0.38461538461538464,1.0,100000000000000.0,85.40593643686229,0.12675586514299808,379.54235325083613,13451710.70117912,12.943026013694634,4.978086928344091
2.21,std,-2,1677064701740.0872,0.001677064701740087,35,10,0.2857142857142857,1.0,100000000000000.0,168.21068997299966,0.12641456655982633,379.71362555005254,13351326.039074074,12.817629048209291,3.6621797280597974
2.2199999999999998,std,-2,1700913383489.7622,0.0017009133834897622,31,10,0.3225806451612903,1.0,100000000000000.0,207.51333642869085,0.1260664014800965,379.87676559947454,13251963.692418212,12.692650476623426,4.094403379555944
2.23,std,-2,1724995793216.9675,0.0017249957932169676,21,10,0.47619047619047616,1.0,100000000000000.0,96.73151510103713,0.1257115499765309,380.03188076663554,13153610.682476113,12.5681163144938,5.9848172926160945
2.2399999999999998,std,-2,1749313189188.1558,0.0017493131891881558,32,10,0.3125,1.0,100000000000000.0,239.412600994883,0.12535019117952442,380.17907718099997,13056254.22453316,12.444051688298783,3.88876615259337
2.25,std,-2,1773866830831.766,0.001773866830831766,44,10,0.22727272727272727,1.0,100000000000000.0,226.57866114608692,0.12498250318078254,380.31845974500914,12959881.724614153,12.320480844721327,2.800109282891211
2.26,std,-2,1798657978733.2793,0.0017986579787332793,33,10,0.30303030303030304,1.0,100000000000000.0,132.40367464703596,0.12460866294096873,380.4501321439256,12864480.776277887,12.197427160452511,3.696190048621973
2.27,std,-2,1823687894630.3374,0.0018236878946303373,22,10,0.45454545454545453,1.0,100000000000000.0,117.36714002744921,0.12422884620134438,380.574196857893,12770039.157449897,12.074913152559075,5.488596887526852
2.28,std,-2,1848957841407.8613,0.0018489578414078614,25,10,0.4,1.0,100000000000000.0,146.43256564639,0.12384322739937846,380.69075517146126,12676544.827336488,11.952960489270138,4.781184195708056
2.29,std,-2,1874469083093.2354,0.0018744690830932353,40,10,0.25,1.0,100000000000000.0,165.96247396757676,0.12345197958829715,380.79990718528023,12583985.923375618,11.831590001262015,2.9578975003155037
2.3,std,-2,1900222884851.4993,0.0019002228848514992,26,10,0.38461538461538464,1.0,100000000000000.0,125.78126020009988,0.12305527436053831,380.90175182629156,12492350.758259717,11.71082169332599,4.504162189740765
2.31,std,-2,1926220512980.5913,0.0019262205129805914,22,10,0.45454545454545453,1.0,100000000000000.0,133.62355604758412,0.12265328177506969,380.9963868600509,12401627.816991834,11.590674756466756,5.268488525666707
2.32,std,-2,1952463234906.614,0.0019524632349066141,27,10,0.37037037037037035,1.0,100000000000000.0,53.52161143161054,0.12224617028852493,381.08390889954956,12311805.754026573,11.471167580276257,4.2485805852875025
2.3299999999999996,std,-2,1978952319179.1353,0.0019789523191791353,29,10,0.3448275862068966,1.0,100000000000000.0,88.7994061147919,0.12183410669010708,381.1644134179028,12222873.3904306,11.352317765720434,3.9145923330070462
2.34,std,-2,2005689035466.5117,0.002005689035466512,36,10,0.2777777777777778,1.0,100000000000000.0,97.37347736627649,0.12141725604020252,381.2379947587667,12134819.711121293,11.234142138176143,3.120595038382262
2.3499999999999996,std,-2,2032674654551.2637,0.002032674654551264,25,10,0.4,1.0,100000000000000.0,220.01739113838002,0.12099578161264772,381.30474614668077,12047633.862132035,11.116656760712228,4.446662704284892
2.36,std,-2,2059910448325.4631,0.002059910448325463,41,10,0.24390243902439024,1.0,100000000000000.0,64.59873245363089,0.12056984484058411,381.36475969916427,11961305.147949908,10.999876947683566,2.682896816508187
2.3699999999999997,std,-2,2087397689786.1582,0.0020873976897861583,36,10,0.2777777777777778,1.0,100000000000000.0,186.32836740725435,0.12013960526583477,381.4181264364393,11875823.028886234,10.88381727845406,3.02328257734835
2.38,std,-2,2115137653030.8313,0.0021151376530308312,34,10,0.29411764705882354,1.0,100000000000000.0,95.57818402206591,0.11970522049173256,381.4649362934713,11791177.118503083,10.768491611382625,3.167203415112537
2.3899999999999997,std,-2,2143131613252.8782,0.002143131613252878,54,10,0.18518518518518517,1.0,100000000000000.0,61.772545992467236,0.1192668461393275,381.5052781300295,11707357.181081956,10.653913097910308,1.9729468699833903
2.4,std,-2,2171380846737.131,0.002171380846737131,37,10,0.2702702702702703,1.0,100000000000000.0,156.4182608113253,0.11882463580689664,381.5392397418644,11624353.129135568,10.540094196815827,2.848674107247521
2.4099999999999997,std,-2,2199886630855.395,0.002199886630855395,39,10,0.2564102564102564,1.0,100000000000000.0,95.56757287505494,0.11837874103268001,381.56690787181907,11542155.020976886,10.427046688595297,2.673601715024435
2.42,std,-2,2228650244062.028,0.002228650244062028,48,10,0.20833333333333334,1.0,100000000000000.0,78.22577055522646,0.11792931126076286,381.5883682199744,11460753.05831884,10.314781689895982,2.148912852061663
2.4299999999999997,std,-2,2257672965889.5425,0.0022576729658895425,32,10,0.3125,1.0,100000000000000.0,100.56169669540458,0.1174764938100209,381.6037054553705,11380137.583922423,10.203309668069336,3.1885342712716676
2.44,std,-2,2286956076944.2363,0.0022869560769442363,35,10,0.2857142857142857,1.0,100000000000000.0,79.6846174812108,0.11702043384604897,381.6130032261048,11300299.079290532,10.09264045573321,2.8836115587809172
2.4499999999999997,std,-2,2316500858901.8438,0.0023165008589018437,35,10,0.2857142857142857,1.0,100000000000000.0,142.80881597430422,0.11656127435598546,381.61634416995554,11221228.162397789,9.982783265374508,2.852223790107002
2.46,std,-2,2346308594503.24,0.00234630859450324,27,10,0.37037037037037035,1.0,100000000000000.0,87.38339488176021,0.11609915612615085,381.6138099254654,11142915.58546343,9.873746703977947,3.6569432236955355
2.4699999999999998,std,-2,2376380567550.1387,0.002376380567550139,18,10,0.5555555555555556,1.0,100000000000000.0,102.64785544757225,0.11563421772241134,381.6054811422364,11065352.232765501,9.765538787628651,5.425299326460362
2.48,std,-2,2406718062900.8516,0.0024067180629008516,33,10,0.30303030303030304,1.0,100000000000000.0,130.89446060023235,0.11516659547318477,381.59143749203224,10988529.118494129,9.65816695611219,2.9267172594279365
2.4899999999999998,std,-2,2437322366466.0396,0.0024373223664660394,25,10,0.4,1.0,100000000000000.0,88.64970314909638,0.11469642345499854,381.5717576782662,10912437.38464076,9.551638087430986,3.8206552349723943
2.5,std,-2,2468194765204.5312,0.002468194765204531,43,10,0.23255813953488372,1.0,100000000000000.0,82.34382130624564,0.11422383348051643,381.54651944746945,10837068.298925612,9.445958512316556,2.1967345377480365
2.51,std,-2,2499336547119.134,0.002499336547119134,36,10,0.2777777777777778,1.0,100000000000000.0,140.49055679904103,0.11374895508894493,381.51579959923896,10762413.25276639,9.34113402863618,2.594759452398939
2.52,std,-2,2530749001252.479,0.002530749001252479,21,10,0.47619047619047616,1.0,100000000000000.0,152.3551804966808,0.11327191553873434,381.4796739965887,10688463.759278566,9.237169915721767,4.398652340819889
2.53,std,-2,2562433417682.9214,0.0025624334176829215,35,10,0.2857142857142857,1.0,100000000000000.0,77.48887913695359,0.112792839802488,381.4382175761981,10615211.451314276,9.134070948601465,2.6097345567432755
2.54,std,-2,2594391087520.4077,0.0025943910875204077,23,10,0.43478260869565216,1.0,100000000000000.0,194.48082240432157,0.11231185056399447,381.39150435875393,10542648.079530537,9.031841412118963,3.9268875704865054
2.55,std,-2,2626623302902.441,0.0026266233029024408,38,10,0.2631578947368421,1.0,100000000000000.0,91.27719488192056,0.11182906821729809,381.33960745907643,10470765.510502744,8.930485114935665,2.350127661825175
2.56,std,-2,2659131356990.0107,0.002659131356990011,32,10,0.3125,1.0,100000000000000.0,87.0412237836433,0.1113446108677235,381.2825990960674,10399555.724859066,8.830005403385572,2.759376688557991
2.57,std,-2,2691916543963.575,0.002691916543963575,34,10,0.29411764705882354,1.0,100000000000000.0,83.52981832288495,0.11085859433477233,381.22055060262016,10329010.815461004,8.730405175198454,2.5677662279995452
2.5799999999999996,std,-2,2724980159019.0796,0.0027249801590190797,37,10,0.2702702702702703,1.0,100000000000000.0,127.24987868635897,0.11037113215680884,381.15353243603727,10259122.985599501,8.63168689306851,2.332888349477976
2.59,std,-2,2758323498363.9756,0.0027583234983639755,16,10,0.625,1.0,100000000000000.0,68.76913436737945,0.10988233559745512,381.0816141876492,10189884.547240347,8.533852598058761,5.333657873786725
2.5999999999999996,std,-2,2791947859213.2686,0.0027919478592132686,45,10,0.2222222222222222,1.0,100000000000000.0,81.6191151731181,0.109392313653616,381.00486459225607,10121287.9192909,8.43690392282494,1.874867538405542
2.61,std,-2,2825854539785.613,0.002825854539785613,46,10,0.21739130434782608,1.0,100000000000000.0,80.35585014233908,0.108901173065055,380.9233515379624,10053325.625898778,8.34084210467354,1.8132265444942477
2.6199999999999997,std,-2,2860044839299.3926,0.0028600448392993925,37,10,0.2702702702702703,1.0,100000000000000.0,121.0678711653334,0.1084090183254463,380.8371420768385,9985990.294780755,8.245667998454968,2.2285589185013426
2.63,std,-2,2894520057968.8784,0.002894520057968878,61,10,0.16393442622950818,1.0,100000000000000.0,65.03506973421808,0.10791595169482557,380.7463024325317,9919274.6555814,8.151382089200952,1.3362921457706478
2.6399999999999997,std,-2,2929281497000.3438,0.002929281497000344,28,10,0.35714285714285715,1.0,100000000000000.0,64.89144603666071,0.10742207321336858,380.6508980118373,9853171.53826193,8.057984504655089,2.877851608805389
2.65,std,-2,2964330458588.266,0.002964330458588266,24,10,0.4166666666666667,1.0,100000000000000.0,40.95338010507614,0.10692748071642302,380.55099341265725,9787673.871516135,7.965475027523773,3.3189479281349055
2.6599999999999997,std,-2,2999668245911.5137,0.002999668245911514,39,10,0.2564102564102564,1.0,100000000000000.0,110.60513935223632,0.10643226985072582,380.4466524336101,9722774.681209411,7.873853107555336,2.0189366942449576
2.67,std,-2,3035296163129.565,0.003035296163129565,37,10,0.2702702702702703,1.0,100000000000000.0,99.55195046584988,0.10593653409173551,380.3379380840726,9658467.088857314,7.783117873429172,2.1035453711970735
2.6799999999999997,std,-2,3071215515378.7466,0.0030712155153787466,30,10,0.3333333333333333,1.0,100000000000000.0,75.53943353801944,0.10544036476201399,380.2249125923071,9594744.310116976,7.693268144381845,2.564422714793948
2.69,std,-2,3107427608768.5254,0.0031074276087685255,54,10,0.18518518518518517,1.0,100000000000000.0,95.60844557905801,0.1049438510505919,380.10763741515586,9531599.653310519,7.604302441655774,1.4082041558621803
2.6999999999999997,std,-2,3143933750377.755,0.003143933750377755,56,10,0.17857142857142858,1.0,100000000000000.0,125.68027612423445,0.10444708003325524,379.9861732471257,9469026.51798176,7.516218999723554,1.342181964236349
2.71,std,-2,3180735248251.0415,0.0031807352482510413,36,10,0.2777777777777778,1.0,100000000000000.0,62.31643352879155,0.10395013669369071,379.86058002859005,9407018.393461363,7.429015777261736,2.0636154936838156
2.7199999999999998,std,-2,3217833411395.019,0.003217833411395019,37,10,0.2702702702702703,1.0,100000000000000.0,85.34534106909545,0.10345310394543139,379.73091695573714,9345568.857473286,7.342690467951211,1.9845109372841112
2.73,std,-2,3255229549774.748,0.003255229549774748,21,10,0.47619047619047616,1.0,100000000000000.0,79.09179755953124,0.10295606265454338,379.5972424882278,9284671.574754989,7.2572405110011,3.455828814762428
2.7399999999999998,std,-2,3292924974310.0806,0.0032929249743100806,32,10,0.3125,1.0,100000000000000.0,52.61671815480116,0.10245909166299956,379.45961435885226,9224320.295706078,7.172663101491894,2.2414572192162168
2.75,std,-2,3330920996872.0527,0.0033309209968720526,50,10,0.2,1.0,100000000000000.0,66.7724820491159,0.10196226781268383,379.3180895813951,9164508.855059594,7.088955200458821,1.4177910400917644
2.76,std,-2,3369218930279.305,0.003369218930279305,45,10,0.2222222222222222,1.0,100000000000000.0,46.15905786635521,0.10146566596997589,379.17272445955945,9105231.170576822,7.006113544771627,1.5569141210603614
2.77,std,-2,3407820088294.5454,0.0034078200882945455,43,10,0.23255813953488372,1.0,100000000000000.0,99.26778626271258,0.10096935905086413,379.0235745952827,9046481.241760328,6.924134656774785,1.6102638736685546
2.78,std,-2,3446725785620.982,0.0034467257856209818,59,10,0.1694915254237288,1.0,100000000000000.0,90.61218425147463,0.1004734180465394,378.8706948968724,8988253.148596747,6.843014853706349,1.1598330260519236
2.79,std,-2,3485937337898.8306,0.0034859373378988306,35,10,0.2857142857142857,1.0,100000000000000.0,104.63859618670651,0.09997791204942123,378.71413958802555,8930541.050315544,6.7627502569047735,1.9322143591156495
2.8,std,-2,3525456061701.803,0.003525456061701803,21,10,0.47619047619047616,1.0,100000000000000.0,45.29687978080594,0.09948290827957305,378.55396221482005,8873339.184167327,6.6833368007551215,3.1825413336929147
2.81,std,-2,3565283274533.6533,0.0035652832745336534,38,10,0.2631578947368421,1.0,100000000000000.0,103.94740624335797,0.09898847211146117,378.3902156550713,8816641.86423281,6.604770241463803,1.7380974319641587
2.82,std,-2,3605420294824.6963,0.003605420294824696,43,10,0.23255813953488372,1.0,100000000000000.0,80.24650087814118,0.09849466710101733,378.22295212568065,8760443.480241075,6.527046165568514,1.5179177129229102
2.8299999999999996,std,-2,3645868441928.4053,0.0036458684419284054,47,10,0.2127659574468085,1.0,100000000000000.0,89.51013497632138,0.09800155501296365,378.0522231901523,8704738.496411402,6.450159998235947,1.372374467709776
2.84,std,-2,3686629036117.9688,0.0036866290361179687,48,10,0.20833333333333334,1.0,100000000000000.0,81.60771905105187,0.09750919584836228,377.8780797677252,8649521.450322606,6.37410701137622,1.3279389607033794
2.8499999999999996,std,-2,3727703398582.9185,0.0037277033985829186,37,10,0.2702702702702703,1.0,100000000000000.0,120.38378239919852,0.097017647872353,377.7005721399605,8594786.951786837,6.2988823314875555,1.7024006301317718
2.86,std,-2,3769092851425.7466,0.0037690928514257467,33,10,0.30303030303030304,1.0,100000000000000.0,70.45951507036628,0.09652696764204288,377.5197499589916,8540529.681758447,6.224480947328978,1.8862063476754478
2.8699999999999997,std,-2,3810798717658.5454,0.0038107987176585452,38,10,0.2631578947368421,1.0,100000000000000.0,63.56646492355357,0.09603721003451575,377.33566225504995,8486744.391249523,6.150897717361469,1.618657294042492
2.88,std,-2,3852822321199.698,0.0038528223211996985,42,10,0.23809523809523808,1.0,100000000000000.0,61.83548370636195,0.0955484282749277,377.14835744399215,8433425.9002663,6.078127376983316,1.4471731849960274
2.8899999999999997,std,-2,3895164986870.5166,0.0038951649868705167,38,10,0.2631578947368421,1.0,100000000000000.0,66.49586064940969,0.09506067396466021,376.9578833348263,8380569.09677265,6.006164545566866,1.5805696172544383
2.9,std,-2,3937828040392.01,0.00393782804039201,26,10,0.38461538461538464,1.0,100000000000000.0,88.96619727749541,0.09457399710949974,376.764287136854,8328168.935656688,5.935003733276115,2.282693743567737
2.9099999999999997,std,-2,3980812808381.5405,0.003980812808381541,34,10,0.29411764705882354,1.0,100000000000000.0,59.14993550101523,0.0940884461478178,376.5676154671406,8276220.437724468,5.864639347697152,1.72489392579328
2.92,std,-2,4024120618349.624,0.004024120618349624,53,10,0.18867924528301888,1.0,100000000000000.0,64.03063410003678,0.09360406797872392,376.3679143579947,8224718.688710108,5.795065700271367,1.0934086226927109
2.9299999999999997,std,-2,4067752798696.6426,0.004067752798696643,38,10,0.2631578947368421,1.0,100000000000000.0,35.073570714668804,0.09312090799016796,376.1652292634532,8173658.8382961275,5.726277012515083,1.5069150032934429
2.94,std,-2,4111710678709.654,0.004111710678709654,29,10,0.3448275862068966,1.0,100000000000000.0,64.497269677715,0.09263901008696694,375.9596050667986,8123036.099160874,5.658267422072394,1.951126697266343
2.9499999999999997,std,-2,4155995588559.185,0.004155995588559185,23,10,0.43478260869565216,1.0,100000000000000.0,70.41254356200724,0.09215841671873516,375.7510860878038,8072845.746031287,5.591030988568589,2.430883038508082
2.96,std,-2,4200608859296.04,0.00420060885929604,56,10,0.17857142857142858,1.0,100000000000000.0,65.9119511221086,0.09167916890769558,375.5397160887855,8023083.114753859,5.524561699263446,0.9865288748684724
2.9699999999999998,std,-2,4245551822848.1294,0.004245551822848129,35,10,0.2857142857142857,1.0,100000000000000.0,107.9476084530534,0.0912013062763538,375.32553828245915,7973743.601392691,5.458853474558853,1.5596724213025293
2.98,std,-2,4290825812017.352,0.004290825812017352,51,10,0.19607843137254902,1.0,100000000000000.0,58.03373494732104,0.09072486707501438,375.10859533744787,7924822.661321773,5.393900173279683,1.0576274849568006
2.9899999999999998,std,-2,4336432160476.417,0.004336432160476417,23,10,0.43478260869565216,1.0,100000000000000.0,72.54872906817164,0.09024988820912404,374.88892938653163,7876315.808353685,5.329695597835716,2.317258955580746
3.0,std,-2,4382372202765.7876,0.0043823722027657875,21,10,0.47619047619047616,1.0,100000000000000.0,64.37885198422467,0.0897764052664229,374.66658203148995,7828218.613865179,5.266233499151274,2.507730237691083
3.01,std,-2,4428647274290.537,0.004428647274290537,43,10,0.23255813953488372,1.0,100000000000000.0,65.09305408043039,0.08930445254389056,374.4415943514729,7780526.705950752,5.203507581487768,1.2101180422064577
3.02,std,-2,4475258711317.299,0.004475258711317299,25,10,0.4,1.0,100000000000000.0,78.00221646136247,0.08883406307447111,374.2140069076185,7733235.768582869,5.141511507044093,2.0566046028176372
3.03,std,-2,4522207850971.209,0.004522207850971209,53,10,0.18867924528301888,1.0,100000000000000.0,73.18586464005269,0.08836526865356453,373.9838597508893,7686341.540784624,5.080238900441364,0.9585356415927102
3.04,std,-2,4569496031232.85,0.00456949603123285,45,10,0.2222222222222222,1.0,100000000000000.0,53.03674496353834,0.08789809986527143,373.7511924273459,7639839.815826388,5.01968335302201,1.1154851895604467
3.05,std,-2,4617124590935.228,0.004617124590935227,42,10,0.23809523809523808,1.0,100000000000000.0,60.22265094277119,0.08743258610838046,373.51604398537427,7593726.440420668,4.95983842701249,1.18091391119345
3.06,std,-2,4665094869760.774,0.0046650948697607745,34,10,0.29411764705882354,1.0,100000000000000.0,77.88051882507676,0.08696875562208634,373.27845298061175,7547997.313944066,4.900697659514304,1.4413816645630306
3.07,std,-2,4713408208238.344,0.004713408208238344,49,10,0.20408163265306123,1.0,100000000000000.0,59.49592214217938,0.08650663551143015,373.03845748343673,7502648.387664568,4.84225456637813,0.9882152176281898
3.08,std,-2,4762065947740.244,0.004762065947740244,25,10,0.4,1.0,100000000000000.0,29.03229295892793,0.08604625177245216,372.7960950835014,7457675.663981256,4.784502645895776,1.9138010583583105
3.09,std,-2,4811069430479.283,0.004811069430479284,34,10,0.29411764705882354,1.0,100000000000000.0,87.07867470071317,0.08558762931704852,372.55140289695794,7413075.195680463,4.727435382390789,1.3904221712914087
3.0999999999999996,std,-2,4860419999505.821,0.004860419999505821,43,10,0.23255813953488372,1.0,100000000000000.0,57.29887548473133,0.08513079199752545,372.3044175714136,7368843.085202581,4.671046249642454,1.0862898254982452
3.11,std,-2,4910118998704.845,0.004910118998704845,30,10,0.3333333333333333,1.0,100000000000000.0,64.57612430202708,0.08467576263084305,372.0551752928381,7324975.48391775,4.615328714200184,1.5384429047333947
3.1199999999999997,std,-2,4960167772793.054,0.004960167772793054,44,10,0.22727272727272727,1.0,100000000000000.0,74.61803185302641,0.08422256302254322,371.8037117893362,7281468.591418872,4.560276238532841,1.0364264178483729
3.13,std,-2,5010567667315.985,0.005010567667315985,28,10,0.35714285714285715,1.0,100000000000000.0,58.09575685735248,0.08377121399035611,371.5500623392751,7238318.654820386,4.505882284102892,1.6092436728938901
3.1399999999999997,std,-2,5061320028645.111,0.005061320028645112,46,10,0.21739130434782608,1.0,100000000000000.0,66.49328342648167,0.08332173538748046,371.29426177524437,7195521.968076602,4.4521403142710865,0.9678565900589318
3.15,std,-2,5112426203975.011,0.005112426203975011,39,10,0.2564102564102564,1.0,100000000000000.0,75.60648106993736,0.08287414612553251,371.0363444893684,7153074.871296239,4.399043797089782,1.127959947971739
3.1599999999999997,std,-2,5163887541320.491,0.005163887541320491,42,10,0.23809523809523808,1.0,100000000000000.0,47.49619650415776,0.08242846419716175,370.7763444404194,7110973.750088734,4.346586208014386,1.0349014780986634
3.17,std,-2,5215705389513.775,0.005215705389513776,42,10,0.23809523809523808,1.0,100000000000000.0,72.31762795675942,0.0819847066983287,370.51429515779705,7069215.034901877,4.294761032452097,1.0225621505838327
3.1799999999999997,std,-2,5267881098201.686,0.005267881098201686,30,10,0.3333333333333333,1.0,100000000000000.0,81.49390870960852,0.0815428898502426,370.2502297469527,7027795.200383879,4.243561768227024,1.4145205894090078
3.19,std,-2,5320416017842.842,0.0053204160178428415,37,10,0.2702702702702703,1.0,100000000000000.0,69.17258066236529,0.08110302902095701,369.9841808955833,6986710.76474544,4.192981927940845,1.1332383589029311
3.1999999999999997,std,-2,5373311499704.894,0.005373311499704893,52,10,0.19230769230769232,1.0,100000000000000.0,51.51686257154775,0.08066513874662186,369.71618087766683,6945958.289138465,4.143015041208805,0.7967336617709242
3.21,std,-2,5426568895861.723,0.005426568895861723,63,10,0.15873015873015872,1.0,100000000000000.0,41.19056825422872,0.08022923275238983,369.4462615596189,6905534.377048772,4.093654656821665,0.6497864534637564
3.2199999999999998,std,-2,5480189559190.712,0.005480189559190712,56,10,0.17857142857142858,1.0,100000000000000.0,71.88580776333876,0.07979532397297763,369.17445440494754,6865435.673682141,4.044894344782837,0.7223025615683638
3.23,std,-2,5534174843370.009,0.005534174843370009,56,10,0.17857142857142858,1.0,100000000000000.0,53.528579179364,0.07936342457287976,368.90079047873894,6825658.865381889,3.9967276982620765,0.7137013746896566
3.2399999999999998,std,-2,5588526102875.772,0.005588526102875772,44,10,0.22727272727272727,1.0,100000000000000.0,60.54943743196598,0.07893354596623703,368.62530045396426,6786200.679036681,3.9491483354656363,0.8975337126058264
3.25,std,-2,5643244692979.511,0.005643244692979511,42,10,0.23809523809523808,1.0,100000000000000.0,56.27354939258339,0.07850569883635809,368.3480146147079,6747057.881511198,3.9021499013914998,0.9290833098551189
3.26,std,-2,5698331969745.349,0.005698331969745348,22,10,0.45454545454545453,1.0,100000000000000.0,74.2565093379178,0.07807989315489611,368.068962862643,6708227.279078383,3.8557260695288518,1.7526027588767508
3.27,std,-2,5753789290027.365,0.0057537892900273654,38,10,0.2631578947368421,1.0,100000000000000.0,62.95207199428633,0.0776561382006801,367.78817472033484,6669705.71686476,3.80987054344201,1.002597511432108
3.28,std,-2,5809618011466.93,0.00580961801146693,32,10,0.3125,1.0,100000000000000.0,52.16811266984648,0.07723444257820353,367.5056793373598,6631490.078299773,3.764577058300253,1.176430330718829
3.29,std,-2,5865819492490.053,0.005865819492490053,54,10,0.18518518518518517,1.0,100000000000000.0,78.9878697115131,0.07681481423577075,367.2215054936653,6593577.284582875,3.7198393823052336,0.6888591448713395
3.3,std,-2,5922395092304.704,0.005922395092304704,60,10,0.16666666666666666,1.0,100000000000000.0,74.8250640638485,0.07639726048330328,366.93568160518123,6555964.294144623,3.6756513180574375,0.6126085530095728
3.31,std,-2,5979346170898.304,0.005979346170898303,40,10,0.25,1.0,100000000000000.0,63.204171415959955,0.0759817880098082,366.64823572753727,6518648.1021335395,3.63200670383939,0.9080016759598475
3.32,std,-2,6036674089034.96,0.00603667408903496,78,10,0.1282051282051282,1.0,100000000000000.0,67.73146026208141,0.07556840290051019,366.3591955618806,6481625.739898744,3.588899414841624,0.46011530959507996
3.33,std,-2,6094380208253.013,0.006094380208253013,42,10,0.23809523809523808,1.0,100000000000000.0,61.81265650914828,0.07515711065365033,366.06858845720393,6444894.2744803615,3.5463233642849965,0.844362705782142
3.34,std,-2,6152465890862.365,0.006152465890862365,45,10,0.2222222222222222,1.0,100000000000000.0,70.70115137285475,0.07474791619695409,365.7764414168957,6408450.8081216905,3.5042725045258467,0.7787272232279658
3.3499999999999996,std,-2,6210932499941.96,0.00621093249994196,31,10,0.3225806451612903,1.0,100000000000000.0,46.04872807152666,0.0743408239037712,365.4827811017435,6372292.477769603,3.462740828050968,1.1170131703390218
3.36,std,-2,6269781399337.211,0.006269781399337211,41,10,0.24390243902439024,1.0,100000000000000.0,67.76706726778781,0.07393583760889016,365.18763383456985,6336416.454597149,3.421722368434604,0.8345664313255132
3.3699999999999997,std,-2,6329013953657.454,0.006329013953657454,42,10,0.23809523809523808,1.0,100000000000000.0,84.281582879784,0.07353296062403111,364.89102560481234,6300819.9435306,3.381211201232944,0.8050502860078438
3.38,std,-2,6388631528273.462,0.006388631528273462,44,10,0.22727272727272727,1.0,100000000000000.0,48.578347954723576,0.07313219575301971,364.59298207178915,6265500.18277916,3.3412014448058667,0.759363964728606
3.3899999999999997,std,-2,6448635489314.86,0.006448635489314861,59,10,0.1694915254237288,1.0,100000000000000.0,49.21974567482649,0.07273354530664589,364.2935285698046,6230454.443376221,3.3016872611023564,0.5596080103563316
3.4,std,-2,6509027203667.702,0.006509027203667702,41,10,0.24390243902439024,1.0,100000000000000.0,43.92556180861381,0.07233701111721073,363.9926901118844,6195680.028727723,3.262662856379115,0.7957714283851499
3.4099999999999997,std,-2,6569808038971.927,0.006569808038971927,51,10,0.19607843137254902,1.0,100000000000000.0,73.08193705769123,0.07194259455276497,363.69049139315376,6161174.274165404,3.224122481863093,0.6321808787966848
3.42,std,-2,6630979363618.928,0.006630979363618928,61,10,0.16393442622950818,1.0,100000000000000.0,66.36003604764923,0.07155029653104333,363.3869567960746,6126934.5465087,3.1860604343815844,0.5223049892428826
3.4299999999999997,std,-2,6692542546749.057,0.006692542546749057,65,10,0.15384615384615385,1.0,100000000000000.0,40.25039167564244,0.07116011753309788,363.08211039322316,6092958.2436328735,3.148471056921705,0.48438016260333927
3.44,std,-2,6754498958249.203,0.006754498958249203,43,10,0.23255813953488372,1.0,100000000000000.0,54.055878932128245,0.07077205761663512,362.77597595141924,6059242.794044905,3.1113487391562673,0.7235694742223877
3.4499999999999997,std,-2,6816849968750.334,0.006816849968750334,59,10,0.1694915254237288,1.0,100000000000000.0,48.76835453572812,0.07038611642905952,362.46857693608104,6025785.656462501,3.0746879179249085,0.5211335454110014
3.46,std,-2,6879596949625.118,0.006879596949625118,65,10,0.15384615384615385,1.0,100000000000000.0,68.10548010566704,0.07000229322022894,362.15993651417165,5992584.319403749,3.0384830776623106,0.4674589350249709
3.4699999999999998,std,-2,6942741272985.43,0.00694274127298543,40,10,0.25,1.0,100000000000000.0,43.27454093636096,0.06962058685492503,361.8500775593421,5959636.300782556,3.0027287508034104,0.7506821877008526
3.48,std,-2,7006284311680.06,0.007006284311680059,81,10,0.12345679012345678,1.0,100000000000000.0,41.3341314260217,0.06924099582504298,361.53902265326406,5926939.147505195,2.967419518114223,0.36634808865607693
3.4899999999999998,std,-2,7070227439292.25,0.00707022743929225,61,10,0.16393442622950818,1.0,100000000000000.0,37.098038940288276,0.06886351826150523,361.22679409156075,5894490.435082389,2.932550009027832,0.48074590311931664
3.5,std,-2,7134572030137.351,0.0071345720301373506,37,10,0.2702702702702703,1.0,100000000000000.0,51.8556266810498,0.06848815194590231,360.9134138861723,5862287.767236518,2.8981149019083046,0.7832742978130554
3.51,std,-2,7199319459260.459,0.007199319459260459,72,10,0.1388888888888889,1.0,100000000000000.0,67.67281250210588,0.06811489432186627,360.5989037692782,5830328.775524363,2.864108924297252,0.3977929061523961
3.52,std,-2,7264471102434.084,0.0072644711024340836,29,10,0.3448275862068966,1.0,100000000000000.0,30.03912797515157,0.06774374250617998,360.28328519658226,5798611.1189587405,2.8305268531179024,0.9760437424544491
3.53,std,-2,7330028336155.777,0.007330028336155777,41,10,0.24390243902439024,1.0,100000000000000.0,62.304434299171575,0.0673746932996273,359.96657935097244,5767132.483642135,2.7973635148528886,0.6822837841104606
3.54,std,-2,7395992537645.855,0.0073959925376458555,68,10,0.14705882352941177,1.0,100000000000000.0,45.29057264676969,0.06700774319758737,359.6488071461249,5735890.582397208,2.764613785686122,0.4065608508361944
3.55,std,-2,7462365084845.041,0.007462365084845041,63,10,0.15873015873015872,1.0,100000000000000.0,32.670969086044884,0.06664288840037871,359.3299892286435,5704883.154414197,2.7322725916092114,0.43369406216019224
3.56,std,-2,7529147356412.186,0.007529147356412185,47,10,0.2127659574468085,1.0,100000000000000.0,64.00631807632458,0.06628012482335588,359.0101459835029,5674107.964892094,2.7003349085191406,0.574539342238115
3.57,std,-2,7596340731721.998,0.007596340731721998,40,10,0.25,1.0,100000000000000.0,38.43674609332617,0.06591944810676449,358.68929753530654,5643562.804696245,2.668795762261837,0.6671989405654593
3.58,std,-2,7663946590862.725,0.007663946590862725,93,10,0.10752688172043011,1.0,100000000000000.0,41.71204404503272,0.06556085362535716,358.36746375271576,5613245.49001041,2.63765022866874,0.28361830415792905
3.59,std,-2,7731966314633.944,0.007731966314633945,68,10,0.14705882352941177,1.0,100000000000000.0,43.51002521029977,0.0652043364977763,358.04466425135934,5583153.862002588,2.606893433560916,0.38336668140601704
3.5999999999999996,std,-2,7800401284544.257,0.007800401284544256,30,10,0.3333333333333333,1.0,100000000000000.0,33.959676246007426,0.06484989159570673,357.7209183967991,5553285.786493722,2.5765205527287516,0.8588401842429172
3.61,std,-2,7869252882809.075,0.007869252882809076,50,10,0.2,1.0,100000000000000.0,27.76713349516807,0.06449751355280299,357.3962453075893,5523639.15362708,2.54652681188763,0.509305362377526
3.6199999999999997,std,-2,7938522492348.381,0.00793852249234838,54,10,0.18518518518518517,1.0,100000000000000.0,63.09256477633496,0.06414719677339552,357.07066385910565,5494211.877547617,2.5169074866197043,0.4660939790036489
3.63,std,-2,8008211496784.521,0.008008211496784521,63,10,0.15873015873015872,1.0,100000000000000.0,30.38467425028736,0.06379893544097907,356.74419268536593,5465001.896084231,2.4876579022796492,0.39486633369518237
3.6399999999999997,std,-2,8078321280439.973,0.008078321280439973,61,10,0.16393442622950818,1.0,100000000000000.0,23.26422501148474,0.06345272352648877,356.41685018315917,5436007.170438018,2.4587734338977314,0.40307761211438214
3.65,std,-2,8148853228335.188,0.008148853228335189,46,10,0.21739130434782608,1.0,100000000000000.0,70.78913215749805,0.0631085547963669,356.088654514242,5407225.684871397,2.430249506048621,0.5283151100105697
3.6599999999999997,std,-2,8219808726186.346,0.008219808726186346,77,10,0.12987012987012986,1.0,100000000000000.0,54.66429844802317,0.06276642282042497,355.75962360888593,5378655.446409031,2.402081592715028,0.31195864840454907
3.67,std,-2,8291189160403.254,0.008291189160403254,56,10,0.17857142857142858,1.0,100000000000000.0,55.656228636325764,0.062426320979504686,355.4297751683735,5350294.484533614,2.374265217122655,0.4239759316290455
3.6799999999999997,std,-2,8362995918087.137,0.008362995918087137,33,10,0.30303030303030304,1.0,100000000000000.0,57.43024287945294,0.06208824247294238,355.0991266671947,5322140.850894996,2.3467959515611776,0.711150288351872
3.69,std,-2,8435230387028.465,0.008435230387028465,43,10,0.23255813953488372,1.0,100000000000000.0,35.2599172653905,0.06175218032584041,354.7676953579644,5294192.619019311,2.3196694172059686,0.5394580040013881
3.6999999999999997,std,-2,8507893955704.884,0.008507893955704884,52,10,0.19230769230769232,1.0,100000000000000.0,33.532073324756574,0.061418127396149415,354.4354982715161,5266447.884021641,2.2928812838928376,0.44093870844093036
3.71,std,-2,8580988013279.004,0.008580988013279004,59,10,0.1694915254237288,1.0,100000000000000.0,53.13278549707222,0.06108607638156587,354.10255222176346,5238904.762326913,2.26642726991239,0.3841402152393881
3.7199999999999998,std,-2,8654513949596.34,0.00865451394959634,57,10,0.17543859649122806,1.0,100000000000000.0,51.169747550607816,0.06075601982624775,353.76887380725805,5211561.39139034,2.2403031417674875,0.3930356389065767
3.73,std,-2,8728473155183.151,0.008728473155183152,57,10,0.17543859649122806,1.0,100000000000000.0,42.66654662345017,0.06042795012735299,353.43447941409863,5184415.929424091,2.214504713928264,0.3885095989347831
3.7399999999999998,std,-2,8802867021244.389,0.008802867021244389,55,10,0.18181818181818182,1.0,100000000000000.0,38.177600450422794,0.060101859541404255,353.0993852191784,5157466.555130386,2.1890278485785077,0.39800506337791053
3.75,std,-2,8877696939661.57,0.00887769693966157,62,10,0.16129032258064516,1.0,100000000000000.0,39.24522992953037,0.05977774019048319,352.7636071917614,5130711.467432381,2.163868455337917,0.349011041183535
3.76,std,-2,8952964302990.729,0.008952964302990729,57,10,0.17543859649122806,1.0,100000000000000.0,49.633144385313024,0.059455584068258405,352.4271610967675,5104148.885215932,2.1390224909877626,0.3752671036820636
3.77,std,-2,9028670504460.312,0.009028670504460313,50,10,0.2,1.0,100000000000000.0,34.8956651573483,0.05913538304585055,352.0900624972123,5077777.047071797,2.1144859591800125,0.4228971918360025
3.78,std,-2,9104816937969.158,0.009104816937969159,51,10,0.19607843137254902,1.0,100000000000000.0,39.16244706879998,0.05881712887753789,351.7523267567408,5051594.211037625,2.0902549101362533,0.40985390394828497
3.79,std,-2,9181404998084.443,0.009181404998084444,54,10,0.18518518518518517,1.0,100000000000000.0,42.762387206927876,0.05850081320630583,351.4139690418426,5025598.654353037,2.066325440340086,0.38265285932223814
3.8,std,-2,9258436080039.578,0.009258436080039577,41,10,0.24390243902439024,1.0,100000000000000.0,37.3120335892799,0.058186427569244414,351.0750043244232,4999788.673212268,2.0426936922211216,0.4982179737124687
3.81,std,-2,9335911579732.305,0.009335911579732304,76,10,0.13157894736842105,1.0,100000000000000.0,48.63841706649832,0.05787396340279591,350.73544738398107,4974162.582516595,2.0193558538276055,0.26570471760889547
3.82,std,-2,9413832893722.553,0.009413832893722553,62,10,0.16129032258064516,1.0,100000000000000.0,45.70014394863838,0.0575634120478575,350.3953128114556,4948718.7156405095,1.9963081585059044,0.32198518685579103
3.83,std,-2,9492201419230.52,0.009492201419230519,56,10,0.17857142857142858,1.0,100000000000000.0,42.78883678854787,0.057254764754740534,350.0546150086077,4923455.424194368,1.973546884544857,0.35241908652586734
3.84,std,-2,9571018554134.617,0.009571018554134617,56,10,0.17857142857142858,1.0,100000000000000.0,37.78350804049108,0.056948012687991136,349.7133681939135,4898371.077789676,1.951068354851252,0.348405063366295
3.8499999999999996,std,-2,9650285696969.516,0.009650285696969515,72,10,0.1388888888888889,1.0,100000000000000.0,31.707915720345135,0.056643146931074334,349.3715864015317,4873464.063811505,1.9288689365817455,0.2678984634141313
3.86,std,-2,9730004246924.15,0.00973000424692415,85,10,0.11764705882352941,1.0,100000000000000.0,48.73321833451655,0.056340158490925135,349.02928348624044,4848732.787193777,1.90694504080324,0.22434647538861646
3.8699999999999997,std,-2,9810175603839.756,0.009810175603839755,41,10,0.24390243902439024,1.0,100000000000000.0,38.94470396413528,0.05603903830236975,348.6864731238875,4824175.670194775,1.88529312212217,0.45982759076150487
3.88,std,-2,9890801168207.91,0.00989080116820791,56,10,0.17857142857142858,1.0,100000000000000.0,47.84244986294897,0.05573977723241955,348.3431688149751,4799791.152178878,1.8639096783280602,0.3328410139871536
3.8899999999999997,std,-2,9971882341168.564,0.009971882341168565,37,10,0.2702702702702703,1.0,100000000000000.0,45.43185218472276,0.05544236608444147,347.99938388522355,4775577.689400512,1.8427912500163344,0.49805168919360393
3.9,std,-2,10053420524508.145,0.010053420524508144,53,10,0.18867924528301888,1.0,100000000000000.0,37.65795241009436,0.0551467956022065,347.6551314889116,4751533.754790982,1.8219344202225571,0.3437612113627467
3.9099999999999997,std,-2,10135417120657.549,0.010135417120657549,66,10,0.15151515151515152,1.0,100000000000000.0,29.640087081914686,0.0548530564738208,347.31042461154215,4727657.837746424,1.801335814048876,0.27292966879528424
3.92,std,-2,10217873532690.314,0.010217873532690314,49,10,0.20408163265306123,1.0,100000000000000.0,46.6860039302312,0.054561139335540465,346.96527606961683,4703948.4439248545,1.7809920982749032,0.36346777515814355
3.9299999999999997,std,-2,10300791164320.627,0.010300791164320627,50,10,0.2,1.0,100000000000000.0,41.37320770284766,0.054271034775474035,346.6196985155538,4680404.095037893,1.7608999809897903,0.3521799961979581
3.94,std,-2,10384171419901.482,0.010384171419901483,42,10,0.23809523809523808,1.0,100000000000000.0,40.99928979161739,0.05398273333717482,346.2737044377813,4657023.328652699,1.7410562111997008,0.41453719314278586
3.9499999999999997,std,-2,10468015704422.74,0.01046801570442274,77,10,0.12987012987012986,1.0,100000000000000.0,53.44120294465655,0.053696225523125696,345.92730616349706,4633804.697992794,1.7214575784457342,0.22356591927866676
3.96,std,-2,10552325423509.258,0.010552325423509258,45,10,0.2222222222222222,1.0,100000000000000.0,49.845519575510664,0.05341150179811911,345.58051586013215,4610746.771740449,1.7021009124131468,0.3782446472029215
3.9699999999999998,std,-2,10637101983419.012,0.010637101983419012,56,10,0.17857142857142858,1.0,100000000000000.0,37.26509389444585,0.05312855259253501,345.2333455383354,4587848.13384705,1.6829830825487468,0.3005326933122762
3.98,std,-2,10722346791041.248,0.010722346791041249,81,10,0.12345679012345678,1.0,100000000000000.0,29.873187847399134,0.05284736830551836,344.8858070532124,4565107.3833417045,1.6641009976667571,0.2054445676131799
3.9899999999999998,std,-2,10808061253894.572,0.010808061253894573,55,10,0.18181818181818182,1.0,100000000000000.0,28.690734259785,0.05256793930805998,344.53791210562,4542523.13414405,1.645451605554915,0.2991730191918028
4.0,std,-2,10894246780125.186,0.010894246780125185,36,10,0.2777777777777778,1.0,100000000000000.0,39.98133484966799,0.05229025594598198,344.18967224560197,4520094.014880405,1.627031892590496,0.45195330349736
4.01,std,-2,10980904778504.951,0.010980904778504951,77,10,0.12987012987012986,1.0,100000000000000.0,35.14898260944729,0.052014308542830644,343.84109887338315,4497818.66870036,1.6088388833433154,0.20894011471991106
4.02,std,-2,11068036658429.633,0.011068036658429634,59,10,0.1694915254237288,1.0,100000000000000.0,49.92957442705655,0.051740087402679,343.4922032401767,4475695.7530969195,1.5908696401783293,0.2696389220641236
4.03,std,-2,11155643829917.031,0.01115564382991703,112,10,0.08928571428571429,1.0,100000000000000.0,31.97930297434987,0.05146758281284127,343.1429964527265,4453723.939732424,1.5731212628768585,0.14045725561400524
4.04,std,-2,11243727703605.17,0.01124372770360517,75,10,0.13333333333333333,1.0,100000000000000.0,45.554055393015915,0.05119678504650158,342.79348947219955,4431901.9142613495,1.5555908882296574,0.207412118430621
4.05,std,-2,11332289690750.54,0.011332289690750539,71,10,0.14084507042253522,1.0,100000000000000.0,32.70354526372331,0.05092768436525858,342.443693117865,4410228.376158676,1.5382756896538512,0.2166585478385706
4.06,std,-2,11421331203226.21,0.011421331203226212,57,10,0.17543859649122806,1.0,100000000000000.0,27.488060776735146,0.05066027102158882,342.09361806782596,4388702.038552683,1.5211728767975643,0.26687243452588844
4.07,std,-2,11510853653520.143,0.011510853653520142,83,10,0.12048192771084337,1.0,100000000000000.0,37.827376615048095,0.05039453526123035,341.74327486177873,4367321.6280537555,1.5042796951523187,0.18123851748823117
4.08,std,-2,11600858454733.293,0.011600858454733293,53,10,0.18867924528301888,1.0,100000000000000.0,23.47910347261597,0.05013046732548883,341.3926739014633,4346085.884590511,1.4875934256578076,0.2806780048410958
4.09,std,-2,11691347020577.994,0.011691347020577994,55,10,0.18181818181818182,1.0,100000000000000.0,30.53712246299424,0.049868057453468215,341.04182545312204,4324993.5612532655,1.4711113843184804,0.2674747971488146
4.1,std,-2,11782320765376.014,0.011782320765376013,74,10,0.13513513513513514,1.0,100000000000000.0,43.143949256509686,0.04960729588422757,340.6907396489827,4304043.424121051,1.4548309218106041,0.1965987732176492
4.109999999999999,std,-2,11873781104056.965,0.011873781104056964,83,10,0.12048192771084337,1.0,100000000000000.0,32.296769127020056,0.04934817285886632,340.3394264896043,4283234.252119073,1.4387494231040594,0.1733433039884409
4.12,std,-2,11965729452156.426,0.011965729452156426,83,10,0.12048192771084337,1.0,100000000000000.0,26.028539636818948,0.04909067862253967,339.9878958440653,4262564.836847282,1.4228643070658817,0.17142943458625082
4.13,std,-2,12058167225814.258,0.012058167225814258,51,10,0.19607843137254902,1.0,100000000000000.0,29.330801526549788,0.04883480342640599,339.6361574523092,4242033.982438276,1.4071730260839712,0.2759162796243081
4.14,std,-2,12151095841772.908,0.012151095841772909,65,10,0.15384615384615385,1.0,100000000000000.0,36.71053204310455,0.04858053752950762,339.2842209276038,4221640.505400525,1.391673065687157,0.21410354856725494
4.1499999999999995,std,-2,12244516717375.613,0.012244516717375612,43,10,0.23255813953488372,1.0,100000000000000.0,28.945136175027805,0.04832787120058748,338.9320957565412,4201383.234468503,1.3763619441585875,0.32008417306013665
4.16,std,-2,12338431270564.748,0.012338431270564748,83,10,0.12048192771084337,1.0,100000000000000.0,25.78943859096548,0.04807679471984265,338.57979130147737,4181261.010457904,1.3612372121622955,0.16400448339304766
4.17,std,-2,12432840919880.057,0.012432840919880056,92,10,0.10869565217391304,1.0,100000000000000.0,38.22972467867387,0.04782729838061681,338.22731680212826,4161272.6861168793,1.34629645236629,0.14633657090937935
4.18,std,-2,12527747084457.014,0.012527747084457013,76,10,0.13157894736842105,1.0,100000000000000.0,40.192584104719614,0.0475793724910331,337.87468137678917,4141417.125983926,1.331537279067869,0.1752022735615617
4.1899999999999995,std,-2,12623151184025.098,0.012623151184025098,76,10,0.13157894736842105,1.0,100000000000000.0,32.99265422075894,0.04733300737556878,337.5218940235177,4121693.2062488887,1.3169573378214763,0.1732838602396679
4.2,std,-2,12719054638906.12,0.01271905463890612,79,10,0.12658227848101267,1.0,100000000000000.0,31.51726867271797,0.04708819337657378,337.1689636224234,4102099.814607074,1.3025543050704258,0.16488029178106656
4.21,std,-2,12815458870012.518,0.012815458870012517,29,10,0.3448275862068966,1.0,100000000000000.0,34.98618904849496,0.04684492085573398,336.8158989364562,4082635.850129579,1.2883258877797144,0.444250306130936
4.22,std,-2,12912365298845.734,0.012912365298845735,59,10,0.1694915254237288,1.0,100000000000000.0,30.85064427605359,0.046603180195481396,336.46270861333954,4063300.22312007,1.2742698230708935,0.21597793611371077
4.2299999999999995,std,-2,13009775347494.545,0.013009775347494545,68,10,0.14705882352941177,1.0,100000000000000.0,34.3921856945883,0.0463629618003518,336.1094011860023,4044091.8549862206,1.2603838778578436,0.1853505702732123
4.24,std,-2,13107690438633.361,0.01310769043863336,81,10,0.12345679012345678,1.0,100000000000000.0,36.00865667095712,0.046124256098292224,335.75598507539394,4025009.6781047075,1.2466658484916355,0.15390936401131303
4.25,std,-2,13206111995520.635,0.013206111995520634,49,10,0.20408163265306123,1.0,100000000000000.0,29.722045297631176,0.04588705354191895,335.40246859087887,4006052.635690871,1.2331135603997831,0.251655828653017
4.26,std,-2,13305041441997.19,0.013305041441997189,57,10,0.17543859649122806,1.0,100000000000000.0,33.25602179341915,0.04565134460972769,335.0488599317568,3987219.681670151,1.2197248677325676,0.21398681890045046
4.27,std,-2,13404480202484.627,0.013404480202484626,64,10,0.15625,1.0,100000000000000.0,24.624885021094357,0.04541711980725716,334.69516718874536,3968509.7805564064,1.2064976530135514,0.1885152582833674
4.28,std,-2,13504429701983.688,0.013504429701983688,60,10,0.16666666666666666,1.0,100000000000000.0,32.33915813295197,0.0451843696682072,334.3413983455007,3949921.907314913,1.1934298267878356,0.19890497113130592
4.29,std,-2,13604891366072.578,0.013604891366072578,58,10,0.1724137931034483,1.0,100000000000000.0,27.02199095009224,0.04495308475551311,333.9875612791239,3931455.0472522303,1.180519327277285,0.20353781504780777
4.3,std,-2,13705866620905.434,0.013705866620905434,48,10,0.20833333333333334,1.0,100000000000000.0,32.920819155964054,0.04472325566237682,333.63366376290173,3913108.1958865277,1.1677641200401854,0.24328419167503862
4.31,std,-2,13807356893210.715,0.013807356893210715,78,10,0.1282051282051282,1.0,100000000000000.0,30.674150949800072,0.044494873013256726,333.27971346608115,3894880.358826569,1.155162197625464,0.14809771764429025
4.32,std,-2,13909363610289.576,0.013909363610289577,50,10,0.2,1.0,100000000000000.0,33.407451359153214,0.044267927464816684,332.92571795546473,3876770.551660913,1.1427115792390068,0.22854231584780138
4.33,std,-2,14011888200014.303,0.014011888200014302,88,10,0.11363636363636363,1.0,100000000000000.0,34.44973320764152,0.04404240970683595,332.57168469817,3858777.7998315697,1.13041031041179,0.12845571709224884
4.34,std,-2,14114932090826.705,0.014114932090826706,64,10,0.15625,1.0,100000000000000.0,27.324624223583733,0.04381831046308065,332.2176210602401,3840901.138524533,1.1182564626613605,0.17472757229083757
4.35,std,-2,14218496711736.584,0.014218496711736583,75,10,0.13333333333333333,1.0,100000000000000.0,26.944595422243946,0.043595620492138186,331.8635343103795,3823139.612554538,1.1062481331718155,0.1474997510895754
4.36,std,-2,14322583492320.158,0.014322583492320158,42,10,0.23809523809523808,1.0,100000000000000.0,29.680866886559176,0.04337433058821551,331.5094316191088,3805492.276251821,1.0943834444614227,0.2605674867765292
4.37,std,-2,14427193862718.445,0.014427193862718445,40,10,0.25,1.0,100000000000000.0,24.72178930357333,0.0431544315819022,331.1553200616368,3787958.1933524255,1.0826605440665018,0.27066513601662545
4.38,std,-2,14532329253635.822,0.014532329253635822,71,10,0.14084507042253522,1.0,100000000000000.0,31.093733919548107,0.042935914340899516,330.80120661789795,3770536.4368874063,1.0710776042181933,0.15085600059411175
4.39,std,-2,14637991096338.379,0.01463799109633838,63,10,0.15873015873015872,1.0,100000000000000.0,30.282524825140023,0.04271876977071631,330.44709817431664,3753226.089076467,1.0596328215289914,0.16819568595698275
4.3999999999999995,std,-2,14744180822652.436,0.014744180822652435,48,10,0.20833333333333334,1.0,100000000000000.0,36.29943369318379,0.0425029888153329,330.0930015243329,3736026.2412209357,1.0483244166777828,0.21840092014120474
4.41,std,-2,14850899864962.967,0.014850899864962967,112,10,0.08928571428571429,1.0,100000000000000.0,31.98735930540363,0.04228856245783335,329.73892337052314,3718935.9935974055,1.0371506341029768,0.0926027351877658
4.42,std,-2,14958149656212.143,0.014958149656212142,39,10,0.2564102564102564,1.0,100000000000000.0,26.52870271909947,0.042075481721007855,329.3848703244315,3701954.455356704,1.026109741692615,0.26310506197246536
4.43,std,-2,15065931629897.758,0.015065931629897758,63,10,0.15873015873015872,1.0,100000000000000.0,34.72683177432749,0.041863737667925324,329.03084890837147,3685080.744418201,1.0152000304822726,0.1611428619813131
4.4399999999999995,std,-2,15174247220071.746,0.015174247220071746,63,10,0.15873015873015872,1.0,100000000000000.0,22.218137470986434,0.041653321402477496,328.6768655576408,3668313.9873721073,1.004419814359138,0.15943171656494254
4.45,std,-2,15283097861338.652,0.015283097861338652,71,10,0.14084507042253522,1.0,100000000000000.0,35.445151972210674,0.041444224069895445,328.3229266188886,3651653.319377335,0.9937674297558341,0.13996724362758228
4.46,std,-2,15392484988854.18,0.01539248498885418,49,10,0.20408163265306123,1.0,100000000000000.0,25.11696225197802,0.041236436857238865,327.9690383533999,3635097.884063798,0.9832412353635045,0.20066147660479683
4.47,std,-2,15502410038323.639,0.015502410038323639,71,10,0.14084507042253522,1.0,100000000000000.0,28.080725463343043,0.04102995099385941,327.61520693792176,3618646.833436934,0.9728396118406413,0.13701966363952695
4.4799999999999995,std,-2,15612874446000.53,0.015612874446000529,106,10,0.09433962264150944,1.0,100000000000000.0,29.002868520803492,0.04082475775183858,327.26143846426874,3602299.327779113,0.9625609615203565,0.09080763787927892
4.49,std,-2,15723879648685.004,0.015723879648685005,63,10,0.15873015873015872,1.0,100000000000000.0,30.109276007740835,0.04062084844640118,326.9077389422136,3586054.5355572705,0.9524037081319868,0.15117519176698202
4.5,std,-2,15835427083722.441,0.01583542708372244,71,10,0.14084507042253522,1.0,100000000000000.0,25.50079573182088,0.04041821443630461,326.55411429896185,3569911.633328093,0.9423662965146953,0.13272764739643597
4.51,std,-2,15947518189001.94,0.01594751818900194,82,10,0.12195121951219512,1.0,100000000000000.0,23.99166933911476,0.04021684712420523,326.2005703811788,3553869.805647869,0.932447192342708,0.11371307223691561
4.52,std,-2,16060154402954.898,0.0160601544029549,68,10,0.14705882352941177,1.0,100000000000000.0,21.536320290815187,0.04001673795700224,325.84711295532725,3537928.2449801154,0.9226448818478343,0.13568307085997564
4.53,std,-2,16173337164553.566,0.016173337164553568,57,10,0.17543859649122806,1.0,100000000000000.0,19.826035647220557,0.03981787842615967,325.4937477088127,3522086.15160432,0.9129578715474919,0.16016804763991085
4.54,std,-2,16287067913309.55,0.016287067913309552,75,10,0.13333333333333333,1.0,100000000000000.0,25.19614539955935,0.03962026006800758,325.1404802515784,3506342.7335315645,0.9033846879785742,0.12045129173047656
4.55,std,-2,16401348089272.42,0.01640134808927242,98,10,0.10204081632653061,1.0,100000000000000.0,25.584758878694924,0.0394238744640223,324.7873161155992,3490697.2064130404,0.893923877426385,0.09121672218636583
4.56,std,-2,16516179133028.275,0.016516179133028275,98,10,0.10204081632653061,1.0,100000000000000.0,24.572402407649683,0.03922871324108732,324.4342607573958,3475148.7934561176,0.8845740056668226,0.0902626536394717
4.57,std,-2,16631562485698.262,0.016631562485698262,43,10,0.23255813953488372,1.0,100000000000000.0,27.57734966532417,0.03903476807173469,324.0813195580732,3459696.7253384124,0.875333657703899,0.2035659669078835
4.58,std,-2,16747499588937.254,0.016747499588937256,52,10,0.19230769230769232,1.0,100000000000000.0,34.24285140436524,0.03884203067436807,323.7284978242583,3444340.2401227453,0.8662014375128353,0.1665771995216991
4.59,std,-2,16863991884932.344,0.016863991884932344,37,10,0.2702702702702703,1.0,100000000000000.0,26.145058396933564,0.0386504928134673,323.3758007892269,3429078.583176759,0.8571759677876025,0.23166918048313584
4.6,std,-2,16981040816401.46,0.01698104081640146,80,10,0.125,1.0,100000000000000.0,35.65494672657404,0.038460146299776024,323.0232336139543,3413911.0070874332,0.8482558896897179,0.10603198621121473
4.61,std,-2,17098647826592.027,0.01709864782659203,95,10,0.10526315789473684,1.0,100000000000000.0,20.345610295172957,0.03827098299047199,322.6708013875281,3398836.7715838132,0.8394398626001732,0.08836209080001822
4.62,std,-2,17216814359279.457,0.017216814359279457,73,10,0.136986301369863,1.0,100000000000000.0,23.025735822315,0.038082994789321374,322.3185091282938,3383855.1434541843,0.8307265638746759,0.11379815943488711
4.63,std,-2,17335541858765.846,0.017335541858765846,69,10,0.14492753623188406,1.0,100000000000000.0,25.075204177401133,0.03789617364681675,321.9663617846236,3368965.396468138,0.822114688601831,0.11914705631910595
4.64,std,-2,17454831769878.594,0.017454831769878595,66,10,0.15151515151515152,1.0,100000000000000.0,26.531548694520428,0.03771051156030021,321.61436423585536,3354166.8113015178,0.813602949365183,0.12327317414623984
4.6499999999999995,std,-2,17574685537968.963,0.017574685537968964,70,10,0.14285714285714285,1.0,100000000000000.0,24.65507840538398,0.03752600057407135,321.2625212933622,3339458.6754533774,0.8051900760063178,0.11502715371518825
4.66,std,-2,17695104608910.758,0.01769510460891076,97,10,0.10309278350515463,1.0,100000000000000.0,21.733193367805587,0.03734263277948092,320.9108377004403,3324840.2831766997,0.7968748153910347,0.08215204282381801
4.67,std,-2,17816090429098.902,0.017816090429098902,46,10,0.21739130434782608,1.0,100000000000000.0,28.891423143212347,0.037160400315010805,320.55931813446676,3310310.935399574,0.7886559311815777,0.17144694156121254
4.68,std,-2,17937644445448.19,0.01793764444544819,66,10,0.15151515151515152,1.0,100000000000000.0,29.302450745377605,0.036979295366340204,320.20796720690015,3295869.9396521407,0.7805322036074632,0.11826245509203989
4.6899999999999995,std,-2,18059768105391.8,0.0180597681053918,75,10,0.13333333333333333,1.0,100000000000000.0,22.56959552325346,0.03679931016639911,319.85678946328017,3281516.609994206,0.7725024292392063,0.10300032389856084
4.7,std,-2,18182462856880.035,0.018182462856880036,65,10,0.15384615384615385,1.0,100000000000000.0,33.278427703874385,0.036620436995409095,319.5057893866815,3267250.26694219,0.7645654207728692,0.11762544934967219
4.71,std,-2,18305730148378.934,0.018305730148378933,93,10,0.10752688172043011,1.0,100000000000000.0,20.501588391416284,0.03644266818091213,319.15497139484194,3253070.2373980703,0.7567200068023245,0.08136774266691661
4.72,std,-2,18429571428868.96,0.01842957142886896,81,10,0.12345679012345678,1.0,100000000000000.0,22.554728103838087,0.03626599609778732,318.8043398442353,3238975.8545814385,0.7489650316116062,0.09246481871748224
4.7299999999999995,std,-2,18553988147843.637,0.018553988147843637,87,10,0.11494252873563218,1.0,100000000000000.0,22.99760092039098,0.03609041316825672,318.4538990286076,3224966.457955114,0.7412993549549978,0.08520682240862043
4.74,std,-2,18678981755308.31,0.01867898175530831,91,10,0.10989010989010989,1.0,100000000000000.0,29.7544866309435,0.03591591186187994,318.1036531811729,3211041.393161196,0.733721851850811,0.08062877492866054
4.75,std,-2,18804553701778.656,0.018804553701778658,88,10,0.11363636363636363,1.0,100000000000000.0,30.789784307610763,0.035742484695538375,317.75360647380637,3197200.011952672,0.7262314123695848,0.08252629686018008
4.76,std,-2,18930705438279.547,0.018930705438279547,94,10,0.10638297872340426,1.0,100000000000000.0,26.45623691179358,0.035570124233408995,317.40376301967194,3183441.672123255,0.7188269414323525,0.07647095121620771
4.77,std,-2,19057438416343.688,0.019057438416343688,90,10,0.1111111111111111,1.0,100000000000000.0,18.160238978145465,0.03539882308692853,317.0541268723214,3169765.737445429,0.7115073586051013,0.07905637317834459
4.78,std,-2,19184754088010.223,0.019184754088010222,76,10,0.13157894736842105,1.0,100000000000000.0,29.812296949181473,0.03522857391474806,316.7047020270644,3156171.577604061,0.7042715978999101,0.09266731551314607
4.79,std,-2,19312653905823.527,0.019312653905823526,74,10,0.13513513513513514,1.0,100000000000000.0,21.531121515533503,0.0350593694226785,316.3554924221889,3142658.568130008,0.6971186075781137,0.09420521724028565
4.8,std,-2,19441139322831.914,0.019441139322831914,118,10,0.0847457627118644,1.0,100000000000000.0,26.447806966345166,0.034891202363627125,316.0065019380785,3129226.0903392765,0.6900473499524611,0.058478588979022125
4.81,std,-2,19570211792586.33,0.019570211792586327,58,10,0.1724137931034483,1.0,100000000000000.0,28.41593173220999,0.034724065537525745,315.6577344000658,3115873.5312690753,0.6830568011992305,0.11776841399986734
4.82,std,-2,19699872769139.043,0.019699872769139044,74,10,0.13513513513513514,1.0,100000000000000.0,24.474985964003828,0.03455795179125056,315.30919357739987,3102600.2836156418,0.6761459511645116,0.09137107448169077
4.83,std,-2,19830123707042.402,0.019830123707042402,102,10,0.09803921568627451,1.0,100000000000000.0,25.8793009286274,0.03439285401853435,314.9608831841847,3089405.7456736234,0.669313803177562,0.06561900031152568
4.84,std,-2,19960966061347.56,0.01996096606134756,129,10,0.07751937984496124,1.0,100000000000000.0,23.357750428594173,0.034228765159870625,314.61280688078716,3076289.321274794,0.6625593738672816,0.05136119177265749
4.85,std,-2,20092401287603.156,0.020092401287603156,40,10,0.25,1.0,100000000000000.0,27.92704815052854,0.034065678202410896,314.26496827421204,3063250.419728769,0.6558816929791835,0.16397042324479588
4.86,std,-2,20224430841854.195,0.020224430841854196,78,10,0.1282051282051282,1.0,100000000000000.0,26.063954250889985,0.03390358617985464,313.91737091813997,3050288.455764161,0.6492798031940585,0.08324100040949467
4.87,std,-2,20357056180640.625,0.020357056180640626,69,10,0.14492753623188406,1.0,100000000000000.0,18.440789514361047,0.033742482172332715,313.5700183139969,3037402.8494712934,0.6427527599514051,0.09315257390600075
4.88,std,-2,20490278760996.176,0.020490278760996176,70,10,0.14285714285714285,1.0,100000000000000.0,21.87698144660073,0.03358235930628393,313.2229139121369,3024593.026241584,0.6362996312745524,0.09089994732493605
4.89,std,-2,20624100040447.094,0.020624100040447093,74,10,0.13513513513513514,1.0,100000000000000.0,20.284124078745776,0.03342321075432565,312.8760611111851,3011858.4167142524,0.6299194975957855,0.0851242564318629
4.8999999999999995,std,-2,20758521477010.926,0.020758521477010926,74,10,0.13513513513513514,1.0,100000000000000.0,24.844559198734565,0.03326502973511832,312.5294632596331,2999198.4567176998,0.623611451587147,0.0842718177820469
4.91,std,-2,20893544529195.254,0.020893544529195254,77,10,0.12987012987012986,1.0,100000000000000.0,21.81194716265251,0.033107809513224104,312.18312365672097,2986612.5872155535,0.6173745979928625,0.08017851921985227
4.92,std,-2,21029170655996.44,0.02102917065599644,112,10,0.08928571428571429,1.0,100000000000000.0,20.54341816572101,0.032951543398960184,311.8370455519497,2974100.254251155,0.6112080534608587,0.05457214763043382
4.93,std,-2,21165401316898.51,0.02116540131689851,76,10,0.13157894736842105,1.0,100000000000000.0,24.91573684964543,0.032796224748246505,311.49123214607556,2961660.908893382,0.6051109463796619,0.07961986136574498
4.9399999999999995,std,-2,21302237971871.797,0.021302237971871796,43,10,0.23255813953488372,1.0,100000000000000.0,22.760148506710674,0.03264184696244863,311.1456865923677,2949294.0071838005,0.5990824167181239,0.13932149226002882
4.95,std,-2,21439682081371.816,0.021439682081371817,79,10,0.12658227848101267,1.0,100000000000000.0,20.314838608584576,0.03248840348821557,310.80041199649594,2936999.0100829303,0.5931216158643436,0.07507868555244857
4.96,std,-2,21577735106338.023,0.021577735106338022,78,10,0.1282051282051282,1.0,100000000000000.0,25.126501088341843,0.03233588781731316,310.4554114170369,2924775.38341962,0.5872277064685079,0.07528560339339843
4.97,std,-2,21716398508192.598,0.021716398508192597,69,10,0.14492753623188406,1.0,100000000000000.0,22.391159762696876,0.032184293486452624,310.11068786660064,2912622.597837311,0.5813998622882834,0.0842608496069976
4.9799999999999995,std,-2,21855673748839.305,0.021855673748839306,160,10,0.0625,1.0,100000000000000.0,19.384434037208475,0.03203361407711513,309.7662443117744,2900540.12874541,0.5756372680349864,0.03597732925218665
4.99,std,-2,21995562290662.22,0.02199556229066222,105,10,0.09523809523809523,1.0,100000000000000.0,23.061420180826662,0.03188384321537219,309.422083674361,2888527.4562673313,0.5699391192234968,0.054279916116523504
