z,luminosity_function,alpha_intrinsic,L_min_Jy_kpc2,L_min_over_L_star,n_generated,n_detected,detection_rate_10_per_n,N_ratio_detectable_L,mean_detected_L,mean_SNR,SFR_psi,comoving_volume_Mpc3,time_Gyr,nfrb_sfr_base,n_total_population_scaled
0.01,schechter,-2,10000000000.0,1e-05,11,10,0.9090909090909091,1.0,1226742227715.6194,2653229.906866219,0.015366633837018974,0.06560467968082032,137678720.05218962,0.0027759419355152235,0.002523583577741112
0.02,schechter,-2,10000000000.0,1e-05,15,10,0.6666666666666666,1.0,146024088952.2986,74709.34429448305,0.015778461234561884,0.24519428977819788,135706863.92550436,0.010500423351624462,0.007000282234416308
0.03,schechter,-2,10000000000.0,1e-05,21,10,0.47619047619047616,1.0,3469873209836.5474,502518.3988331085,0.016197006898133106,0.5405701396992549,133769703.76805276,0.023424729276805497,0.011154632988954997
0.04,schechter,-2,10000000000.0,1e-05,16,10,0.625,1.0,451681883374.02655,5211.6752834439185,0.0166223021408091,0.9484419300878276,131866423.28089881,0.041578243668017933,0.02598640229251121
0.05,schechter,-2,10000000000.0,1e-05,18,10,0.5555555555555556,1.0,127425983918.22388,1681.3883709423076,0.01705437728000787,1.465530325178664,129996236.70924087,0.06498175723857497,0.03610097624365276
0.060000000000000005,schechter,-2,10000000000.0,1e-05,22,10,0.45454545454545453,1.0,2964826685766.475,5016.858175261701,0.017493261604641853,2.0885699699108202,128158387.20751494,0.09364764259615274,0.042567110270978516
0.06999999999999999,schechter,-2,10000000000.0,1e-05,30,10,0.3333333333333333,1.0,131214668494.00635,820.807048273143,0.017938983341287663,2.814312406922682,126352145.30294725,0.1275800440049535,0.0425266813349845
0.08,schechter,-2,10000000000.0,1e-05,29,10,0.3448275862068966,1.0,1173372721142.0066,1617.9503721482113,0.018391569619367408,3.6395288893401094,124576807.45144194,0.16677508055377221,0.05750864846681801
0.09,schechter,-2,10000000000.0,1e-05,26,10,0.38461538461538464,1.0,1000175432192.7012,18002.861797458423,0.018851046435337065,4.5610130857384625,122831694.67989907,0.21122106151065942,0.08123886981179208
0.09999999999999999,schechter,-2,10000000000.0,1e-05,21,10,0.47619047619047616,1.0,840586516177.4236,1400.9841009167526,0.019317438615878545,5.5755836742309794,121116151.30983643,0.2608987126554567,0.12423748221688415
0.11,schechter,-2,10000000000.0,1e-05,37,10,0.2702702702702703,1.0,229577993328.16324,1092.5131552021628,0.019790769780093035,6.680086823047384,119429543.75708403,0.31578141239013663,0.08534632767300991
0.12,schechter,-2,10000000000.0,1e-05,22,10,0.45454545454545453,1.0,11685919896505.77,38310.19309203127,0.020271062300694323,7.871398555581239,117771259.40308331,0.3758354364518487,0.17083428929629485
0.13,schechter,-2,10000000000.0,1e-05,42,10,0.23809523809523808,1.0,1450498695198.5852,1454.6900216491547,0.02075833726420218,9.14642699818039,116140705.53330435,0.44102021006836567,0.10500481192103944
0.14,schechter,-2,10000000000.0,1e-05,28,10,0.35714285714285715,1.0,1885218840411.441,654.7610487098892,0.021252614430137,10.502114509596058,114537308.33873443,0.5112885664324205,0.18260305944015018
0.15000000000000002,schechter,-2,10000000000.0,1e-05,29,10,0.3448275862068966,1.0,104565039277.9261,273.99194364658496,0.021753912189218152,11.935439691290496,112960511.97664525,0.5865870103963425,0.20227138289529054
0.16,schechter,-2,10000000000.0,1e-05,24,10,0.4166666666666667,1.0,4993042176699.121,560.2287510742809,0.02226224752057046,13.443419278330111,111409777.68701176,0.6668559863289442,0.2778566609703934
0.17,schechter,-2,10000000000.0,1e-05,25,10,0.4,1.0,341139538451.1356,134.0301952143222,0.02277763594794393,15.023109910948348,109884582.96125181,0.7520301491138152,0.3008120596455261
0.18000000000000002,schechter,-2,10000000000.0,1e-05,33,10,0.30303030303030304,1.0,576405803865.4823,555.1174366537164,0.023300091494954225,16.671609787167252,108384420.7601139,0.8420386373059985,0.2551632234260601
0.19,schechter,-2,10000000000.0,1e-05,36,10,0.2777777777777778,1.0,18534570500184.035,44400.002891469296,0.023829626639352574,18.386060197382946,106908798.77780546,0.9368053475164738,0.260223707643465
0.2,schechter,-2,10000000000.0,1e-05,27,10,0.37037037037037035,1.0,121815134498.99829,45.70506109169999,0.024366252266335785,20.163646942079126,105457238.74949963,1.0362492091354925,0.3837960033835157
0.21000000000000002,schechter,-2,10000000000.0,1e-05,46,10,0.21739130434782608,1.0,208803000156.94888,164.6253265679636,0.02490997762090884,22.001601633989498,104029275.79969656,1.1402844585466636,0.24788792577101382
0.22,schechter,-2,10000000000.0,1e-05,27,10,0.37037037037037035,1.0,4035548991505.251,1553.8824792397838,0.025460810259314456,23.897202886639683,102624457.82893437,1.248820912047906,0.4625262637214466
0.23,schechter,-2,10000000000.0,1e-05,41,10,0.24390243902439024,1.0,6047377050422.568,3222.463106302269,0.026018755999546127,25.84777739115633,101242344.93655138,1.3617642367298206,0.3321376187145904
0.24000000000000002,schechter,-2,10000000000.0,1e-05,57,10,0.17543859649122806,1.0,412314671169.40814,533.2191322019321,0.02658381887096318,27.850700883702153,99882508.87732875,1.4790162186238542,0.25947652958313233
0.25,schechter,-2,10000000000.0,1e-05,28,10,0.35714285714285715,1.0,20803963354618.195,2131.5393827893763,0.027156001063028613,29.903399005915382,98544532.5499974,1.6004750274730435,0.5715982240975156
0.26,schechter,-2,10000000000.0,1e-05,34,10,0.29411764705882354,1.0,3110177173085.239,548.5244212638262,0.02773530287319293,32.00334806117715,97228009.51565525,1.7260354775406805,0.5076574933943179
0.27,schechter,-2,10000000000.0,1e-05,47,10,0.2127659574468085,1.0,5438568167662.108,882.4934256717128,0.0283217226539493,34.148075669311744,95932543.54423486,1.8555892839004344,0.39480623061711373
0.28,schechter,-2,10000000000.0,1e-05,36,10,0.2777777777777778,1.0,1877189588489.2817,2976.8629875531706,0.028915256759088154,36.3351613231202,94657748.18751705,1.989025313739533,0.5525070315943148
0.29000000000000004,schechter,-2,10000000000.0,1e-05,41,10,0.24390243902439024,1.0,955308065703.8066,351.8179160583973,0.029515899489181725,38.562236849544476,93403246.37677355,2.1262298322065862,0.5185926420016064
0.3,schechter,-2,10000000000.0,1e-05,45,10,0.2222222222222222,1.0,9244860732836.902,130.29521173186492,0.03012364303633178,40.826986778774874,92168670.04385954,2.2670867424156533,0.5037970538701452
0.31,schechter,-2,10000000000.0,1e-05,29,10,0.3448275862068966,1.0,13398298381325.375,2195.1248487215944,0.030738477428216556,43.12714862503404,90953659.76403436,2.4114778192705657,0.83154407561054
0.32,schechter,-2,10000000000.0,1e-05,26,10,0.38461538461538464,1.0,2471467929488.9478,280.15286681695886,0.03136039047147566,45.46051308173114,89757864.41943079,2.5592829367679384,0.9843395910645918
0.33,schechter,-2,10000000000.0,1e-05,39,10,0.2564102564102564,1.0,1347181853109.808,219.97872745094924,0.031989367694474906,47.824924135378424,88580940.88171776,2.7103802885611414,0.694969304759267
0.34,schechter,-2,10000000000.0,1e-05,41,10,0.24390243902439024,1.0,5020853370983.419,846.9104399804676,0.032625392289495694,50.21827910108047,87422553.71285346,2.8646466015249543,0.6986942930548669
0.35000000000000003,schechter,-2,10000000000.0,1e-05,39,10,0.2564102564102564,1.0,538920716435.5018,116.58438034068328,0.03326844505439697,52.63852858350085,86282374.8828454,3.0219573421589,0.7748608569638205
0.36000000000000004,schechter,-2,10000000000.0,1e-05,57,10,0.17543859649122806,1.0,1446380555515.071,118.22972188007832,0.03391850433380093,55.083676366923726,85160083.50335014,3.1821869156838223,0.5582784062603197
0.37,schechter,-2,10000000000.0,1e-05,48,10,0.20833333333333334,1.0,5407008256589.124,152.90675561915205,0.03457554595985672,57.551779237674154,84055365.5762477,3.345208857709079,0.6969185120227248
0.38,schechter,-2,10000000000.0,1e-05,44,10,0.22727272727272727,1.0,1800770127553.7397,46.82032450548381,0.035239543192639965,60.040946742993654,82967913.75619605,3.510896018424662,0.7979309132783322
0.39,schechter,-2,10000000000.0,1e-05,51,10,0.19607843137254902,1.0,1932808905580.9453,697.9654236015352,0.03591046666024937,62.54934088928663,81897427.12626469,3.679120739238475,0.7213962233800931
0.4,schechter,-2,10000000000.0,1e-05,57,10,0.17543859649122806,1.0,3858201081113.116,269.7617671622576,0.03658828429866464,65.0751757838701,80843610.98588744,3.849755021884931,0.6753956178745493
0.41000000000000003,schechter,-2,10000000000.0,1e-05,38,10,0.2631578947368421,1.0,2381263538213.8525,172.11218438513168,0.03727296129143468,67.61671722294113,79806176.65031886,4.022670689975188,1.0585975499934703
0.42000000000000004,schechter,-2,10277944447.860037,1.0277944447860037e-05,62,10,0.16129032258064516,0.9863096751273648,26672432967284.88,24174.263735058546,0.037964460009266905,70.17228223008745,78784841.26087493,4.197739543084473,0.6677856653240224
0.43,schechter,-2,10944344163.338627,1.0944344163338627e-05,32,10,0.3125,0.9556367324109901,1210464636716.282,29.31881797424949,0.038662739949594106,72.74023854787876,77779327.60525452,4.374833503393426,1.3064848731328182
0.44,schechter,-2,11639546429.263657,1.1639546429263657e-05,58,10,0.1724137931034483,0.9264877045160871,333461127724.3618,94.0822896906054,0.03936775767619714,75.3190040862189,76789363.94735558,4.553824754997338,0.7274245937975891
0.45,schechter,-2,12364239024.99588,1.236423902499588e-05,57,10,0.17543859649122806,0.8987593550850643,3335007409760.034,152.31116537947997,0.04007946675896711,77.90704633045297,75814683.86589663,4.734585875973965,0.7465356751728447
0.46,schechter,-2,13119114243.721113,1.3119114243721113e-05,62,10,0.16129032258064516,0.8723550717222565,2636777474054.4062,155.78435944414628,0.04079781771389325,80.50288171264782,74855026.10136408,4.916989963358333,0.6918324406682377
0.47000000000000003,schechter,-2,13904868806.52875,1.3904868806528749e-05,33,10,0.30303030303030304,0.8471877201278641,667210985734.7639,67.37857712179259,0.04152275794336715,83.10507494870272,73910134.4107027,5.100910751141401,1.3095239241924834
0.48000000000000004,schechter,-2,14722203778.470802,1.4722203778470803e-05,74,10,0.13513513513513514,0.8231768236410436,3219854066853.54,739.4305773004216,0.04225423167689769,85.71223834436809,72979757.42922702,5.286222721455506,0.588040003906332
0.49,schechter,-2,15571824486.582083,1.5571824486582083e-05,78,10,0.1282051282051282,0.8002500893059075,25903602583681.76,116.68805967247776,0.042992179912334685,88.32303107319878,72063648.53939462,5.472801209134877,0.5614884174825209
0.5,schechter,-2,16454440439.84392,1.645444043984392e-05,82,10,0.12195121951219512,0.7783389587680593,17590213742026.184,671.5123002255954,0.04373654035770323,90.93615842872005,71161565.7458431,5.660522499792413,0.5372933156794633
0.51,schechter,-2,17370765251.06924,1.737076525106924e-05,88,10,0.11363636363636363,0.757381779239186,2476731652807.331,509.05217422452904,0.04448724737375437,93.55037105416785,70273271.55644336,5.849263921659056,0.5034233995711039
0.52,schechter,-2,18321516560.690105,1.8321516560690106e-05,45,10,0.2222222222222222,0.7373211023294388,93909795009620.42,128.36283849551293,0.04524423191734168,96.16446415140473,69398532.8688438,6.038903931316152,0.9894691785554681
0.53,schechter,-2,19307415962.414516,1.9307415962414517e-05,60,10,0.16666666666666666,0.7181042980301461,3356940235661.919,496.515272600347,0.04600742148573693,98.77727667231139,68537120.86228469,6.229322193590868,0.7455505068386966
0.54,schechter,-2,20329188930.736523,2.0329188930736522e-05,44,10,0.22727272727272727,0.6996827495603415,2662058567945.8857,80.21774220862538,0.046776740062001616,101.38769049451793,67688810.89416112,6.4203996557814325,1.020964291916687
0.55,schechter,-2,21387564750.26142,2.1387564750261422e-05,53,10,0.18867924528301888,0.6820102438489568,8839513083140.584,211.29623127575982,0.04755210806153499,103.99462958381811,66853382.401291125,6.612018616458677,0.8508423450839291
0.56,schechter,-2,22483276446.827087,2.2483276446827088e-05,67,10,0.14925373134328357,0.6650457444298317,20253858523447.617,2213.923935262667,0.04833344227992233,106.59705914528308,66030618.80524841,6.804062789024551,0.6753750750259924
0.5700000000000001,schechter,-2,23617060720.382378,2.3617060720382377e-05,53,10,0.18867924528301888,0.6487495937212173,634975559683.5474,73.24272324413882,0.049120655842211244,109.1939847654466,65220307.42184981,6.996417360304646,0.856400550943719
0.5800000000000001,schechter,-2,24789657879.5969,2.4789657879596902e-05,69,10,0.14492753623188406,0.6330864032745573,1057560059953.3953,106.49662192428544,0.04991365815374634,111.78445154674151,64422239.37422575,7.1889690443195144,0.6595997906551265
0.59,schechter,-2,26001811778.16854,2.600181177816854e-05,58,10,0.1724137931034483,0.6180213428621233,4892068790153.392,1398.0157926660781,0.050712354852696435,114.36754323743114,63636209.50946025,7.381606131570213,0.7865500230883287
0.6,schechter,-2,27254269752.7963,2.72542697527963e-05,52,10,0.19230769230769232,0.6035235958055548,30826151001339.656,70.39924724464541,0.051516647764411366,116.9423813563837,62862016.318445235,7.574218533894178,0.8790806932678639
0.61,schechter,-2,28547782562.783318,2.854778256278332e-05,93,10,0.10752688172043011,0.5895638680534272,3651700005002.1396,359.93423467416585,0.05232643485774771,119.508124317612,62099461.8588071,7.766697825330274,0.492361764720845
0.62,schechter,-2,29883104331.24171,2.988310433124171e-05,63,10,0.15873015873015872,0.5761142079452584,50074587596038.36,4183.286037516139,0.05314161020350689,122.06396655224745,61348351.680681646,7.958937278958921,0.7278185470719695
0.63,schechter,-2,31260992487.857273,3.1260992487857275e-05,33,10,0.30303030303030304,0.5631498628980783,5831768634175.081,355.16429622576464,0.05396206393512963,124.60913763305236,60608494.75515795,8.150831900168658,1.3909514748743221
0.64,schechter,-2,32682207713.186714,3.2682207713186715e-05,95,10,0.10526315789473684,0.5506461158416068,2623840308288.6455,119.96534866100312,0.054787682211795266,127.14290140020547,59879703.405252725,8.342278456395675,0.48354139255614675
0.65,schechter,-2,34147513884.449947,3.414751388444995e-05,56,10,0.17857142857142858,0.5385806868992935,3475397449031.101,296.4147168080974,0.055618347184074164,129.66455509076755,59161793.23922499,8.53317550361336,0.8206792007443409
0.66,schechter,-2,35657678022.78366,3.5657678022783664e-05,58,10,0.1724137931034483,0.5269322441385729,7052851653534.8125,97.12017989791767,0.056453936962285574,132.17342847326472,58454583.086089864,8.72342340979267,0.7925263920505194
0.67,schechter,-2,37213470241.91767,3.721347024191767e-05,56,10,0.17857142857142858,0.5156819101734222,78405398257678.5,181.34559666440583,0.05729432558771266,134.66888298688073,57757894.933217816,8.912924375428522,0.8207560477057566
0.68,schechter,-2,38815663698.249115,3.881566369824912e-05,68,10,0.14705882352941177,0.5048100381460021,10632675092632.777,261.90836334779806,0.05813938300682973,137.1503108890334,57071553.86587637,9.101582451504186,0.6756720859607076
0.6900000000000001,schechter,-2,40465034542.26861,4.046503454226861e-05,80,10,0.125,0.4942995912617676,975588389439.4633,60.63908117088514,0.05898897504869533,139.61713440884566,56395388.00860588,9.289303554855302,0.5739623687839325
0.7000000000000001,schechter,-2,42162361871.31335,4.2162361871313345e-05,58,10,0.1724137931034483,0.48413419453553563,1972192678231.707,44.27540649002246,0.059842963405668255,142.06880491066102,55729228.46830064,9.475995481327963,0.790974730995705
0.7100000000000001,schechter,-2,43908427683.60701,4.390842768360701e-05,48,10,0.20833333333333334,0.47429812394020987,4344336168914.5947,99.894368984252,0.06070120561760056,144.50480206584444,55072909.27894104,9.661567916743415,0.9546799035900674
0.72,schechter,-2,45704016833.55771,4.570401683355771e-05,88,10,0.11363636363636363,0.4647766930856241,60691327211250.734,518.0840655977017,0.061563555059664696,146.92463303550377,54426267.3478233,9.84593244595418,0.5200181730198902
0.73,schechter,-2,47549916988.27817,4.7549916988278165e-05,54,10,0.18518518518518517,0.45555641182442697,4123619178125.72,140.3602248730763,0.062429860933968816,149.32783166283815,53789142.40325106,10.029002560030447,0.8460697074861967
0.74,schechter,-2,49446918585.29339,4.944691858529339e-05,53,10,0.18867924528301888,0.44662415421050516,110353222739417.16,21949.1402070533,0.06329996826511489,151.71395767785603,53161376.94359302,10.21069366187159,0.8604419661577293
0.75,schechter,-2,51395814791.410934,5.1395814791410935e-05,76,10,0.13157894736842105,0.43796743077851386,17003953330723.2,296.8342942831376,0.06417371789985252,154.08259591327453,52542816.187593825,10.390923070267112,0.5988007737502729
0.76,schechter,-2,53397401462.710144,5.3397401462710146e-05,67,10,0.14925373134328357,0.42957459071808635,16984842588921.129,51.487683945100855,0.06505094651097904,156.43335553278885,51933308.025967404,10.569610022612327,0.6776769999273841
0.77,schechter,-2,55452477105.631165,5.545247710563116e-05,63,10,0.15873015873015872,0.4214348805956738,5756145098999.049,178.96492186634288,0.06593148660563516,158.7658692724221,51332702.97407133,10.746675676404509,0.7188926953152327
0.78,schechter,-2,57561842839.12407,5.756184283912407e-05,42,10,0.23809523809523808,0.4135377481691521,1027685541420.6605,77.22737231754763,0.06681516653814157,161.07979269445116,50740854.125752576,10.9220431096145,1.0753993126086627
0.79,schechter,-2,59726302357.83122,5.972630235783122e-05,83,10,0.12048192771084337,0.4058731905164168,1776218107855.7227,54.495263954754634,0.0677018105275198,163.3748034548998,50157617.108157024,11.09563732006588,0.5425809301094172
0.8,schechter,-2,61946661896.27331,6.194666189627331e-05,59,10,0.1694915254237288,0.3984317682012961,127160579625195.78,182.91353711210564,0.06859123867983588,165.65060058519555,49582850.03763585,11.26738522399264,0.7608956301356855
0.81,schechter,-2,64223730194.00857,6.422373019400857e-05,75,10,0.13333333333333333,0.39120479836990973,3209629752873.785,124.00727323372894,0.06948326701550157,167.90690378704002,49016413.47646635,11.43721565374797,0.5965724858316866
0.8200000000000001,schechter,-2,66558318461.73731,6.655831846173731e-05,82,10,0.12195121951219512,0.3841838872384591,3497824033823.0664,234.48370085962603,0.0703777075016633,170.14345274171652,48458170.39061373,11.605059354889372,0.5437166847066395
0.8300000000000001,schechter,-2,68951240348.32321,6.89512403483232e-05,72,10,0.1388888888888889,0.3773609263314771,9564676087678.52,219.2596432647697,0.0712743680898028,172.3600064337973,47907986.10823188,11.770848982658174,0.6169247883060852
0.8400000000000001,schechter,-2,71403311908.70415,7.140331190870415e-05,70,10,0.14285714285714285,0.3707280883162105,11917732379536.346,505.9199289055476,0.07217305275866856,174.55634248907236,47365728.279101126,11.934519097969432,0.6320659214519303
0.85,schechter,-2,73915351572.66696,7.391535157266696e-05,66,10,0.15151515151515152,0.36427824441227097,2730951184425.134,154.75459966820176,0.0730735615626498,176.73225652674824,46831266.83476413,12.096006162937252,0.6676230135507262
0.86,schechter,-2,76488180114.45685,7.648818011445685e-05,121,10,0.08264462809917356,0.35800455115183727,59655438675582.35,659.5204438815806,0.07397569068569808,178.88756152677752,46304473.94949488,12.255248536099542,0.3625979133405394
0.87,schechter,-2,79122620623.19905,7.912262062319905e-05,41,10,0.24390243902439024,0.3519005078944004,14306507345267.244,149.32773253510888,0.07487923250089422,181.0220872108726,45785224.0019454,12.412186467273006,1.0653304199788718
0.88,schechter,-2,81819498474.10641,8.181949847410642e-05,59,10,0.1694915254237288,0.3459596393369223,17107902169355.355,651.1369280471422,0.07578397563574907,183.13567943911585,45273393.53755888,12.56676209225498,0.7368800815371932
0.89,schechter,-2,84579641300.44868,8.457964130044869e-05,39,10,0.2564102564102564,0.34017607523098214,26728437405649.566,1565.5373006420832,0.07668970504331966,185.2281996198405,44768861.231587745,12.718919427228467,1.109403100495813
0.9,schechter,-2,87403878966.25864,8.740387896625864e-05,62,10,0.16129032258064516,0.3345441264894923,14940463024110.85,137.3594479041183,0.07759620207921059,187.29952413529597,44271507.85283817,12.868604363128275,0.6943735493228416
0.91,schechter,-2,90293043539.75565,9.029304353975565e-05,65,10,0.15384615384615385,0.3290582829923606,7790308162322.409,76.95925732490585,0.07850324458452297,189.3495437804992,43781216.22801512,13.015764659804876,0.6589146416596984
0.92,schechter,-2,93247969267.45871,9.32479692674587e-05,62,10,0.16129032258064516,0.3237134540349059,48687599226358.98,1746.0196417834893,0.07941060697480082,191.37816321726476,43297871.206686266,13.16034994017081,0.6871261831356065
0.93,schechter,-2,96269492548.97263,9.626949254897262e-05,60,10,0.16666666666666666,0.3185048450393999,9333887651344.018,171.25577508450843,0.08031806033501555,193.3853004421305,42821359.6268634,13.30231168428114,0.7061417869446271
0.9400000000000001,schechter,-2,99358451912.42216,9.935845191242216e-05,36,10,0.2777777777777778,0.31342732863475,29029193001717.04,319.6873883914655,0.08122537252061583,195.37088626798817,42351570.28113079,13.441603223348205,1.1702682752395202
0.9500000000000001,schechter,-2,102515687990.51385,0.00010251568799051386,50,10,0.2,0.30847669536577427,12584549940718.957,127.14597233033847,0.08213230826466011,197.33486382015354,41888393.88338472,13.578179733791435,0.8377104026725022
0.9600000000000001,schechter,-2,105742043497.2103,0.0001057420434972103,99,10,0.10101010101010101,0.30364861718782377,42700455381213.95,499.547814693692,0.0830386292910345,199.2771880459675,41431723.03608367,13.711998231254961,0.42056861634368226
0.97,schechter,-2,109038363204.98848,0.00010903836320498847,65,10,0.15384615384615385,0.2989387865745745,8736018551134.979,203.3017781454909,0.08394409443374791,201.19782523803153,40981452.198053606,13.84301756463587,0.6366484420465799
0.98,schechter,-2,112405493922.67226,0.00011240549392267226,69,10,0.14492753623188406,0.2943433032926118,28807995816672.49,318.9439672590191,0.08484845976228053,203.09675257054013,40537477.652815565,13.971198410093852,0.595989665359929
0.99,schechter,-2,115844284473.81482,0.00011584428447381482,107,10,0.09345794392523364,0.28985837709380957,13482642563256.025,91.59609648930338,0.08575147871295036,204.9739576496591,40099697.47744613,14.096503265126053,0.38186818309598364
1.0,schechter,-2,119355585675.6159,0.0001193555856756159,51,10,0.19607843137254902,0.28548032654196576,3133896753933.24,142.38660024400588,0.08665290222624604,206.82943807539067,39668011.51188104,14.21889644251069,0.7959245489165386
1.01,schechter,-2,122940250318.35481,0.00012294025031835482,104,10,0.09615384615384616,0.2812057472282916,12769394332814.127,334.54003945389474,0.08755247889006164,208.66320101841447,39242321.32879002,14.338344064411102,0.38769468813933305
1.02,schechter,-2,126599133145.32552,0.00012659913314532552,61,10,0.16393442622950818,0.27703145743557156,27972173313169.008,543.5650898528736,0.08844995508875261,210.4752628072131,38822530.203856505,14.454814056263626,0.6564652795027701
1.03,schechter,-2,130333090833.2519,0.00013033309083325192,64,10,0.15625,0.27295376811367233,13370705639391.988,258.9271501849024,0.08934507515791797,212.2656485292389,38408543.086599246,14.56827614075719,0.6213227918031536
1.04,schechter,-2,134142981973.17719,0.0001341429819731772,60,10,0.16666666666666666,0.2689702702667701,38041054659363.5,243.96386379082952,0.09023758154479809,214.03439164355237,38000266.571585506,14.678701831671448,0.6580223998050005
1.05,schechter,-2,138029667051.79904,0.00013802966705179904,73,10,0.136986301369863,0.26507741898365367,43393006834223.29,382.373767811517,0.09112721497416236,215.7815336053492,37597608.87017283,14.786064427648146,0.5369112048502719
1.06,schechter,-2,141994008433.2484,0.00014199400843324843,60,10,0.16666666666666666,0.2612725800380117,145168621553067.9,135.78482733582115,0.09201371461954395,217.50712350219524,37200479.78263619,14.8903390058225,0.6484062149486477
1.07,schechter,-2,146036870341.29025,0.00014603687034129024,71,10,0.14084507042253522,0.25755327154090624,24873905016731.445,1093.8044145283488,0.09289681827966537,219.21121770191527,36808790.67077036,14.991502415335333,0.543818379208875
1.08,schechter,-2,150159118841.93372,0.00015015911884193371,56,10,0.17857142857142858,0.2539166168726258,5004142794260.394,90.84016502098058,0.09377626255988103,220.89387951145042,36422454.43092041,15.089533270649744,0.6841934354054127
1.09,schechter,-2,154361621826.44086,0.00015436162182644087,36,10,0.2777777777777778,0.25036013365731746,112490552868224.75,944.8064353888012,0.09465178305844799,222.55517884676192,36041385.46742419,15.184411944657542,1.055992056658953
1.1,schechter,-2,158645248994.71783,0.00015864524899471784,54,10,0.18518518518518517,0.24688140322284235,11672453427909.785,61.686297569420404,0.09552311455742028,224.19519191324756,35665499.66649557,15.276120561535627,0.6984055703765241
1.11,schechter,-2,163010871839.07953,0.00016301087183907953,72,10,0.1388888888888889,0.24347810075309217,43336375154091.195,191.75464831014972,0.09638999121794681,225.8140008972328,35294714.37049736,15.364642989353259,0.5195769574718117
1.12,schechter,-2,167459363628.36963,0.00016745936362836964,72,10,0.1388888888888889,0.24014823389230877,42035577524618.32,143.791079479538,0.09725214677973788,227.4116936665844,34928948.352648705,15.449964832298221,0.5153169122464859
1.1300000000000001,schechter,-2,171991599392.43268,0.0001719915993924327,83,10,0.12048192771084337,0.23688933921471722,12923362896046.137,308.90453340638976,0.09810931476444977,228.98836348268213,34568121.792101,15.532073422627498,0.4432991096049035
1.1400000000000001,schechter,-2,176608455906.92175,0.00017660845590692175,64,10,0.15625,0.2336992832118714,4309020509601.331,59.63575352909591,0.09896122868272254,230.5441087209304,34212156.24944995,15.610957812160468,0.570042132961354
1.1500000000000001,schechter,-2,181310811678.42993,0.00018131081167842994,64,10,0.15625,0.23057652646869753,180555010743539.3,548.5299767456507,0.09980762224459194,232.07903260151394,33860974.64260373,15.686608763375835,0.5651505876144737
1.1600000000000001,schechter,-2,186099546929.9353,0.0001860995469299353,58,10,0.1724137931034483,0.22751859382499384,7896776191981.869,28.207187749889176,0.10064822957298275,233.5932429291565,33514501.22304822,15.759018740025382,0.6181844454814313
1.17,schechter,-2,190975543586.55917,0.00019097554358655917,64,10,0.15625,0.22452408167236537,6626954560797.805,28.055090635275697,0.10148278541997709,235.08685184176946,33172661.552509196,15.828181897237402,0.5552825007844353
1.18,schechter,-2,195939685261.60837,0.00019593968526160837,32,10,0.3125,0.22159097323472499,18278858580118.19,233.63838403502623,0.1023110253855389,236.55997556814663,32835382.47995832,15.89409407107533,1.1006211793418295
1.19,schechter,-2,200992857242.91187,0.00020099285724291187,76,10,0.13157894736842105,0.21871751128312245,28685180108023.062,23.831265431867514,0.10313268613836393,238.0127341942257,32502592.119014297,15.956752767523158,0.4592133228253607
1.2,schechter,-2,206135946479.42776,0.00020613594647942777,90,10,0.1111111111111111,0.21590209530157656,4792870079934.071,76.04272270529903,0.1039475056385125,239.44525143737044,32174219.82570734,16.016157150827063,0.38421354306032124
1.21,schechter,-2,211369841568.12326,0.00021136984156812326,93,10,0.10752688172043011,0.21314316044437598,72561835109050.88,1553.1922753478266,0.1047552233614732,240.85765442911543,31850196.176586464,16.072308031194247,0.36835511068863097
1.22,schechter,-2,216695432741.11035,0.00021669543274111035,61,10,0.16393442622950818,0.21043917730913286,68416766908062.3,390.55215256558574,0.10555558052329424,242.2500735053547,31530452.947203357,16.1252078517795,0.5562910613552865
1.23,schechter,-2,222113611853.03372,0.00022211361185303373,104,10,0.09615384615384616,0.20778865167974148,31744897787085.195,412.078742382382,0.10634832030641155,243.6226420050228,31214923.090939093,16.17486067499672,0.3231685087274271
1.24,schechter,-2,227625272368.70026,0.00022762527236870026,50,10,0.2,0.20519012424120897,53525300192824.336,675.7656968141057,0.10713318808579403,244.9754960750589,30903540.718176357,16.22127216799394,0.6656889703002284
1.25,schechter,-2,233231309350.94608,0.00023323130935094607,53,10,0.18867924528301888,0.2026421702682536,82628783818171.4,178.09688717698552,0.1079099316550206,246.30877448348434,30596241.075822484,16.264449587403423,0.6218610118132135
1.26,schechter,-2,238932619448.7315,0.0002389326194487315,76,10,0.13157894736842105,0.20014339928950597,132761557716879.84,508.1761342633134,0.10867830145189603,247.62261843930418,30292960.52715669,16.3044017632548,0.429370841089425
1.27,schechter,-2,244730100885.4533,0.00024473010088545334,62,10,0.16129032258064516,0.19769245472907615,61462110973623.586,89.88687234165683,0.10943805078320944,248.91717141913057,29993636.532022804,16.34113908204584,0.521051596483691
1.28,schechter,-2,250624653447.47754,0.0002506246534474775,87,10,0.11494252873563218,0.1952884503040716,1836477372832.4272,37.604424483586314,0.11018893604823399,250.1925790002038,29698207.62734887,16.37467346893174,0.3675614489635489
1.29,schechter,-2,256617178472.87106,0.0002566171784728711,76,10,0.13157894736842105,0.19292972746823644,25327138425192.688,506.00966075542647,0.11093071696056572,251.4489887002186,29406613.407992665,16.40501836905348,0.4164494372438027
1.3,schechter,-2,262708578840.3441,0.0002627085788403441,81,10,0.12345679012345678,0.19061539925378568,98716321710846.95,116.13010791283736,0.11166315676789583,252.68654982328889,29118794.50790167,16.43218872795103,0.38669484135702986
1.31,schechter,-2,268899758958.37717,0.00026889975895837717,83,10,0.12048192771084337,0.18834409887936032,147126996242424.66,253.96794169458835,0.11238602246931209,253.90541331198582,28834692.581594545,16.456200971059776,0.37342510155083225
1.32,schechter,-2,275191624754.5459,0.0002751916247545459,70,10,0.14285714285714285,0.18611502945609426,16736588167613.027,176.06359927975603,0.11309908502972522,255.10573160456082,28554250.285959702,16.47707298223162,0.4380901319197503
1.33,schechter,-2,281585083665.0238,0.0002815850836650238,66,10,0.15151515151515152,0.18392682137650884,12745787030382.607,46.24572822477914,0.11380211959101888,256.2876584991458,28277411.26235228,16.4948240813902,0.4596728124931503
1.34,schechter,-2,288081044624.26373,0.00028808104462426374,95,10,0.10526315789473684,0.18177852726023158,24673267179302.043,33.358364101437516,0.11449490567952506,257.45134902203006,28004120.11900111,16.509475001145024,0.3159019001629213
1.35,schechter,-2,294680418054.8523,0.0002946804180548523,98,10,0.10204081632653061,0.17966936450799265,19934693781102.9,315.1591858498686,0.11517722740943068,258.5969593023736,27734322.413720313,16.52104786252372,0.3028904255577313
1.36,schechter,-2,301384115857.5307,0.0003013841158575307,37,10,0.2702702702702703,0.17759815180760719,37650473643735.01,277.921175377621,0.11584887368172872,259.72464645125194,27467964.636896268,16.529566149681298,0.7934109184770227
1.37,schechter,-2,308193051401.3801,0.0003081930514013801,70,10,0.14285714285714285,0.17556397952781033,29866212453384.85,306.9846128653379,0.11650963837833293,260.834568446362,27204994.194798715,16.535054683715593,0.4147085717118669
1.3800000000000001,schechter,-2,315108139514.158,0.000315108139514158,59,10,0.1694915254237288,0.1735659562577272,24131261399650.535,278.1169838163047,0.1171593205509839,261.926884020861,26945359.393152125,16.537539595471088,0.48650065661660447
1.3900000000000001,schechter,-2,322130296472.7966,0.00032213029647279657,69,10,0.14492753623188406,0.171603208697925,59485635942491.11,575.8994561222087,0.11779772460458442,263.0017525575121,26689009.4209975,16.537048297444347,0.411276891338262
1.4000000000000001,schechter,-2,329260439994.0414,0.00032926043999404137,63,10,0.15873015873015872,0.1696748815394623,5666761466004.541,22.579648536610144,0.11842466047461185,264.0593339868408,26435894.334847275,16.53360945473405,0.4452917818494816
1.4100000000000001,schechter,-2,336499489225.23785,0.0003364994892252379,69,10,0.14492753623188406,0.16778013733164276,44323454065498.1,104.0688165400139,0.1190399437982678,265.09978868998667,26185965.04308979,16.52725295507875,0.4018760536982481
1.42,schechter,-2,343848364735.25995,0.00034384836473525996,64,10,0.15625,0.16591815633916007,99232743506667.2,1118.5769917041287,0.1196433960790384,266.12327740557714,25939173.29070372,16.518009878006502,0.42822464771107394
1.43,schechter,-2,351307988505.5674,0.00035130798850556736,55,10,0.18181818181818182,0.1640883153596342,7364090557233.036,46.54681240805561,0.12023484484435139,267.1299611407555,25695471.644191947,16.505912463080204,0.4924413399164402
1.44,schechter,-2,358879283921.40234,0.00035887928392140233,76,10,0.13157894736842105,0.16228974289931508,80916563504108.06,64.38006795407134,0.12081412379603326,268.1200010860534,25454813.47682177,16.490994077308777,0.352147261705338
1.45,schechter,-2,366563175763.11304,0.00036656317576311303,110,10,0.09090909090909091,0.16052162030726191,10618834540266.633,122.39201094660726,0.12138107295328354,269.0935585342624,25217152.95410143,16.473289181727008,0.24039264284008258
1.46,schechter,-2,374360590197.59424,0.00037436059019759426,71,10,0.14084507042253522,0.15878337096367778,397728756777173.5,592.9681726369878,0.12193553878790152,270.05079480267307,24982445.019521292,16.45283329716313,0.36794877927140895
1.47,schechter,-2,382272454769.8663,0.00038227245476986626,39,10,0.2564102564102564,0.15707430714488557,11671050246665.238,117.94206924788773,0.12247737435151856,270.99187115927145,24750645.38054905,16.42966296926639,0.6617122891080772
1.48,schechter,-2,390299698394.75244,0.00039029969839475244,75,10,0.13333333333333333,0.1553936127782818,59458803669481.46,1083.9836038865901,0.12300643939460665,271.9169487516187,24521710.494854964,16.40381573274588,0.33987309200808
1.49,schechter,-2,398443251348.6847,0.0003984432513486847,63,10,0.15873015873015872,0.15374087875033338,93351786026779.56,542.0686481597317,0.12352260047705375,272.82618854029687,24295597.556820426,16.3753300750178,0.39961232310476175
1.5,schechter,-2,406704045261.61475,0.00040670404526161474,58,10,0.1724137931034483,0.15211524325588166,45288278412955.08,146.1639145717035,0.1240257310701164,273.7197512339747,24072264.484238382,16.344245399071383,0.4286567008126842
1.51,schechter,-2,415083013109.03674,0.00041508301310903676,113,10,0.08849557522123894,0.15051621813822536,38442081215541.01,69.92963252517663,0.12451571164958056,274.5977972287294,23851669.90529175,16.310601985822213,0.21725753331537945
1.52,schechter,-2,423581089204.117,0.000423581089204117,68,10,0.14705882352941177,0.1489432375678028,8294327843320.602,82.63497358226734,0.12499242977998155,275.4604865502673,23633773.145745885,16.274440955880983,0.3564658714080825
1.53,schechter,-2,432199209189.92114,0.00043219920918992116,72,10,0.1388888888888889,0.1473955842939325,19949326280511.414,48.982032057682716,0.12545578018975678,276.30797879764606,23418534.21637197,16.235804230722113,0.3323730348707205
1.54,schechter,-2,440938310031.74664,0.0004409383100317466,47,10,0.2127659574468085,0.14587276829077234,40151388522296.83,169.27394162122584,0.12590566483722512,277.14043309183256,23205913.800602216,16.194734493507553,0.5026320749578735
1.55,schechter,-2,449799330009.5523,0.0004497993300095523,98,10,0.10204081632653061,0.1443743731102699,143605484680972.66,84.28188184897591,0.12634199296731044,277.95800802544903,22995873.24240182,16.151275149397215,0.23794185965568404
1.56,schechter,-2,458783208710.4854,0.0004587832087104854,40,10,0.25,0.14289971491593223,31471745725873.75,99.78602591314343,0.12676468115894596,278.760861615122,22788374.534365553,16.105470285495848,0.5753667780960936
1.57,schechter,-2,467890887021.4923,0.00046789088702149233,61,10,0.16393442622950818,0.1414482959770732,87262661938915.34,1007.0078060339541,0.12717365336312167,279.5491512573275,22583380.306024913,16.057364630538654,0.37234210899544556
1.58,schechter,-2,477123307122.03296,0.00047712330712203297,121,10,0.08264462809917356,0.1400196271970403,13345450511398.66,121.89277685604148,0.1275688409315561,280.3230336854089,22380853.81236754,16.00700351424313,0.18523096401702788
1.59,schechter,-2,486481412476.87213,0.00048648141247687214,98,10,0.10204081632653061,0.1386132280737511,136144027331244.78,138.79416603047343,0.12795018263599814,281.08266492939924,22180758.922575094,15.954432826489493,0.22566279960872748
1.6,schechter,-2,495966147828.9681,0.0004959661478289681,92,10,0.10869565217391304,0.13722862665555924,17490739565806.104,199.04509674172328,0.12831762467818383,281.8282002786308,21983060.10894857,15.899698976368155,0.23716237551780467
1.61,schechter,-2,505578459192.432,0.000505578459192432,88,10,0.11363636363636363,0.13586535949269063,19780681210291.715,45.11722396264473,0.12867112069049735,282.5597942448376,21787722.43604854,15.842848851047039,0.24460163119725756
1.62,schechter,-2,515319293845.5811,0.0005153192938455811,85,10,0.11764705882352941,0.13452297158447168,94461053230550.83,44.12876716670745,0.12901063172740435,283.27760052955944,21594711.550035674,15.783929774727996,0.24980013371494478
1.6300000000000001,schechter,-2,525189600324.06744,0.0005251896003240675,65,10,0.15384615384615385,0.1332010163225792,58868008793949.2,286.78172944782966,0.1293361262477481,283.9817719909181,21403993.66818979,15.722989467461424,0.3222027964146261
1.6400000000000001,schechter,-2,535190328414.08374,0.0005351903284140837,69,10,0.14492753623188406,0.13189905543052416,61668334933324.31,102.97065520043313,0.12964758008801838,284.67246061475555,21215535.568644308,15.660076004190055,0.2993549612931718
1.6500000000000001,schechter,-2,545322429145.6474,0.0005453224291456474,97,10,0.10309278350515463,0.1306167199620536,37668132891329.234,521.9685519202515,0.12994497642672279,285.34981748596186,21029304.58028762,15.595237773815219,0.20999987680866625
1.6600000000000001,schechter,-2,555586854785.9584,0.0005555868547859583,79,10,0.12658227848101267,0.12935366031440831,90487196429337.16,101.83273130375258,0.13022830574001035,286.0139927618575,20845268.57286173,15.528523438475505,0.25426219570188463
1.6700000000000002,schechter,-2,565984558832.8307,0.0005659845588328307,65,10,0.15384615384615385,0.12810935491188513,142034343058843.72,658.7523011714203,0.13049756574871402,286.6651356476337,20663395.94724198,15.459981893086908,0.30470281650350595
1.68,schechter,-2,576516496008.1973,0.0005765164960081973,117,10,0.08547008547008547,0.12688339695160344,39888911850558.83,217.42783262558942,0.13075276135699798,287.30339437329144,20483655.625891827,15.38966222516988,0.16689680521942962
1.69,schechter,-2,587183622251.677,0.000587183622251677,91,10,0.10989010989010989,0.12567562532931775,33105269904569.418,23.403170762596083,0.13099390458281196,287.9289161717871,20306017.043500546,15.317613675013602,0.2115440304571696
1.7,schechter,-2,597986894714.2217,0.0005979868947142217,61,10,0.16393442622950818,0.1244854710876937,70179132127149.9,92.83996607487401,0.13122101448037002,288.54184725877496,20130450.13778125,15.243885596240455,0.3110888983040822
1.71,schechter,-2,608927271751.8171,0.0006089272717518171,90,10,0.1111111111111111,0.12331263016793781,33833412009314.637,132.3653621497236,0.13143411705488842,289.1423328144576,19956925.34045368,15.16852741687278,0.2078301123943398
1.72,schechter,-2,620005712919.2616,0.0006200057129192616,55,10,0.18181818181818182,0.12215683719968273,101172043036746.84,59.772987662282254,0.13163324516982902,289.7305169652193,19785413.568385925,15.091588600815362,0.33518922396261636
1.73,schechter,-2,631223178963.9995,0.0006312231789639995,57,10,0.17543859649122806,0.12101762054477283,64363429146107.54,70.92785072045208,0.1318184384469108,290.30654276872724,19615886.214899182,15.013118610005273,0.3187459458139097
1.74,schechter,-2,642580631820.0198,0.0006425806318200198,78,10,0.1282051282051282,0.11989479570728101,54648379545330.89,191.43952180069937,0.13198974315916043,290.87055219823617,19448315.141239457,14.933166867059775,0.2295396142037012
1.75,schechter,-2,654079034601.8179,0.0006540790346018178,71,10,0.14084507042253522,0.11878793785220143,379968042494334.94,73.65759660976148,0.13214721211728916,291.4226861294029,19282672.668198943,14.851782718633505,0.24848065388386426
1.76,schechter,-2,665719351598.416,0.000665719351598416,50,10,0.2,0.11769673667252001,121969332729718.72,560.7215538102315,0.13229090454968861,291.9630843274673,19118931.567901675,14.769015399432464,0.3476529832758791
1.77,schechter,-2,677502548267.4451,0.0006775025482674451,68,10,0.14705882352941177,0.11662101277004067,68872051393370.414,73.29550360087724,0.13242088597635046,292.49188543670374,18957065.055737577,14.6849139970168,0.2518484621725066
1.78,schechter,-2,689429591229.2759,0.0006894295912292759,82,10,0.12195121951219512,0.1155602991956195,108796448469716.1,572.0348181599473,0.1325372280770222,293.00922696904706,18797046.782446537,14.5995274172803,0.2057470434701904
1.79,schechter,-2,701501448261.2178,0.0007015014482612177,87,10,0.11494252873563218,0.11451436413077432,191662955959630.22,136.19772412238146,0.13264000855391733,293.5152452957995,18638850.826349083,14.512904350844007,0.1910271279801896
1.8,schechter,-2,713719088291.766,0.000713719088291766,109,10,0.09174311926605505,0.11348304612131888,147156456784666.97,214.14177814770568,0.1327293109893057,294.01007563870087,18482451.68572671,14.425093240217965,0.1501838093104569
1.81,schechter,-2,726083481394.905,0.000726083481394905,67,10,0.14925373134328357,0.11246592705859615,60862240410303.54,428.36369896048075,0.13280522469831382,294.49385206268306,18327824.271332726,14.336142247870656,0.2406458997538328
1.82,schechter,-2,738595598784.4662,0.0007385955987844662,71,10,0.14084507042253522,0.11146275297124564,160367581339135.78,305.1908286387093,0.132867844577269,294.96670746972177,18174943.89906127,14.246099225232012,0.22364921672477323
1.83,schechter,-2,751256412808.536,0.000751256412808536,69,10,0.14492753623188406,0.1104732735597932,20949889237088.7,39.43847555454833,0.13291727094792347,295.4287735929415,18023786.282729935,14.155011682586377,0.22663050403658455
1.84,schechter,-2,764066896943.9132,0.0007640668969439132,96,10,0.10416666666666667,0.10949724218689727,15800227240724.793,36.83232073107452,0.13295360939789763,295.8801809914132,17874327.527015675,14.062926759938675,0.16040121846766706
1.85,schechter,-2,777028025790.6289,0.0007770280257906289,48,10,0.20833333333333334,0.10853444777243659,62156221168239.45,144.8577195244897,0.13297697061768127,296.3210590471687,17726544.12051855,13.969891198933244,0.315878005566092
1.86,schechter,-2,790140775066.4968,0.0007901407750664968,90,10,0.1111111111111111,0.10758462271957003,60735646375539.164,143.34785446341994,0.1329874702345315,296.75153596065326,17580412.92894541,13.875951315663116,0.1658709985745264
1.87,schechter,-2,803406121601.7247,0.0008034061216017248,87,10,0.11494252873563218,0.10664750717270421,56905074776462.42,146.78363492704312,0.13298522864360543,297.17173874903386,17435911.18843124,13.781152974616747,0.16893397824236478
1.8800000000000001,schechter,-2,816825043333.5793,0.0008168250433335793,78,10,0.1282051282051282,0.10572286970805445,25829060268759.46,26.222492349687116,0.13297037083666333,297.58179324402005,17293016.49898085,13.685541563608682,0.18549675995045695
1.8900000000000001,schechter,-2,830398519301.079,0.000830398519301079,71,10,0.14084507042253522,0.10481048247906832,146712705402219.16,96.6553317817637,0.13294302622867502,297.9818240901878,17151706.818034906,13.58916196976251,0.20060374965310074
1.9000000000000001,schechter,-2,844127529639.7471,0.0008441275296397471,62,10,0.16129032258064516,0.10391012119779508,101855540896606.42,80.59193977590996,0.13290332848265865,298.3719547451762,17011960.454154097,13.492058556618028,0.2261228128751496
1.9100000000000001,schechter,-2,858013055576.4094,0.0008580130555764094,61,10,0.16393442622950818,0.1030216131857229,25669759616813.91,66.02554605005544,0.13285141533307546,298.752307478908,16873756.06082675,13.394275142247665,0.2262130873127512
1.9200000000000002,schechter,-2,872056079424.0337,0.0008720560794240337,59,10,0.1694915254237288,0.10214472216563286,61721102259874.98,71.16043467172155,0.13278742840810062,299.1230033742027,16737072.630372385,13.295854978479483,0.23018668012395477
1.93,schechter,-2,886257584576.6099,0.0008862575845766099,69,10,0.14492753623188406,0.1012792218682318,13231079284714.457,22.092020369395733,0.13271151305108214,299.4841623280629,16601889.488000676,13.19684073124709,0.19370518266372352
1.94,schechter,-2,900618555504.0829,0.0009006185555040829,60,10,0.16666666666666666,0.10042490140958005,22722417889901.168,59.84348784029104,0.1326238181414942,299.8359030529341,16468186.28592861,13.097274461963263,0.2192154160961452
1.95,schechter,-2,915139977747.3147,0.0009151399777473147,45,10,0.2222222222222222,0.09958155336561825,61378630804729.9,274.78029181712355,0.13252449591568408,300.17834307889945,16335942.997650843,12.997197610038295,0.287618028312781
1.96,schechter,-2,929822837913.0963,0.0009298228379130963,43,10,0.23255813953488372,0.09874897374672453,42422806785435.016,131.37040591897696,0.13241370178770218,300.5115987561843,16205139.912292665,12.896650976459243,0.29617001132442866
1.97,schechter,-2,944668123669.2083,0.0009446681236692083,67,10,0.14925373134328357,0.09792711778197871,114925082092383.62,373.47558726272194,0.13229159417049882,300.83578525745304,16075757.62908553,12.79567470843851,0.1870214245183797
1.98,schechter,-2,959676823739.5029,0.000959676823739503,63,10,0.15873015873015872,0.09711564923968041,272808657200091.84,220.9908877807758,0.13215833429775978,301.151016582372,15947777.051919853,12.69430828519773,0.19568507789930661
1.99,schechter,-2,974849927899.0403,0.0009748499278990403,88,10,0.11363636363636363,0.09631437046093605,15867408932914.803,60.01065959590297,0.1320140860466449,301.4574055597964,15821179.384035045,12.59259050473007,0.13782357124266337
2.0,schechter,-2,990188426969.2603,0.0009901884269692602,92,10,0.10869565217391304,0.09552322594271834,155613285160268.3,254.78596120541852,0.13185901576168338,301.7550638531736,15695946.122775251,12.490559471714942,0.12968897114865074
2.01,schechter,-2,1005693312813.1947,0.0010056933128131946,57,10,0.17543859649122806,0.09474197229321113,47607573942306.73,246.15990121662543,0.13169329208006922,302.04410196387977,15572059.054465903,12.3882525863953,0.20591008478974818
2.02,schechter,-2,1021365578330.7131,0.0010213655783307132,70,10,0.14285714285714285,0.09397036622527755,137107160266717.38,424.84951116163364,0.13151708575859106,302.3246292372135,15449500.249373306,12.28570653457439,0.1649274774843201
2.03,schechter,-2,1037206217453.8079,0.001037206217453808,108,10,0.09259259259259259,0.0932084498218112,155323749261848.1,92.86522766230992,0.13133056950241706,302.59675386591465,15328252.056764135,12.182957278519632,0.10514394094223765
2.04,schechter,-2,1053216225141.9192,0.0010532162251419193,128,10,0.078125,0.09245582124813201,28998747452698.324,110.20430163706183,0.13113391779594796,302.8605828968989,15208297.100052891,12.080040048983987,0.08725547058118276
2.05,schechter,-2,1069396597377.2925,0.0010693965973772924,119,10,0.08403361344537816,0.0917125211490244,33282786985170.094,34.28139404612142,0.13092730673593825,303.1162222363506,15089618.27204791,11.97698933813761,0.09230587293912482
2.0599999999999996,schechter,-2,1085748331160.3757,0.0010857483311603757,99,10,0.10101010101010101,0.09097822259391508,81719962025348.4,38.99224272392859,0.1307109138670736,303.36377665550435,14972198.730271557,11.873838893469271,0.10911724827215491
2.07,schechter,-2,1102272424505.2495,0.0011022724245052496,102,10,0.09803921568627451,0.09025293986846328,38604699205861.64,39.60104047297808,0.1304849180201844,303.6033497969482,14856021.89238433,11.770621712655089,0.10415031506340078
2.0799999999999996,schechter,-2,1118969876435.0903,0.0011189698764350903,88,10,0.11363636363636363,0.08953633353768564,278018965468508.25,466.8090557250287,0.1302494991532604,303.8350441810483,14741071.431683572,11.667370039335323,0.1187106290169918
2.09,schechter,-2,1135841686977.6743,0.0011358416869776742,67,10,0.14925373134328357,0.08882849476019783,130290570123346.5,165.95395639680976,0.13000483819542183,304.0589612127976,14627331.272682121,11.564115359794434,0.15331685979758553
2.0999999999999996,schechter,-2,1152888857160.9072,0.0011528888571609073,74,10,0.13513513513513514,0.08812906256615449,200500840026799.4,94.812686957145,0.12975111689399202,304.2752011879373,14514785.586787315,11.460888400494962,0.1364915339068831
2.11,schechter,-2,1170112389008.3977,0.0011701123890083976,70,10,0.14285714285714285,0.08743800944214364,79318833316183.47,79.26026523001606,0.12948851766480282,304.48386330081183,14403418.788036415,11.357719126501776,0.1418709074606111
2.1199999999999997,schechter,-2,1187513285535.0508,0.0011875132855350507,57,10,0.17543859649122806,0.08675520438982243,82263182340892.05,67.79583356799867,0.1292172234458553,304.68504565089944,14293215.5289337,11.254636740692137,0.17129794925823705
2.13,schechter,-2,1205092550742.7092,0.0012050925507427093,80,10,0.125,0.08608042753161504,191348724980945.66,77.45732723567569,0.12893741755444604,304.8788452506668,14184160.69634576,11.15166968379378,0.11999256175903987
2.1399999999999997,schechter,-2,1222851189615.8135,0.0012228511896158136,122,10,0.08196721311475409,0.08541362857044199,31198413780907.168,57.654522542618416,0.12864928354785926,305.0653580325085,14076239.407488255,11.048845635168355,0.07735426206675565
2.15,schechter,-2,1240790208117.0981,0.001240790208117098,56,10,0.17857142857142858,0.08475469428028004,64860058559209.8,33.99080701774983,0.12835300508771263,305.24467885705553,13969437.005973084,10.946191514375041,0.1656680563096879
2.1599999999999997,schechter,-2,1258910613183.332,0.001258910613183332,111,10,0.09009009009009009,0.08410342406834148,211440070444366.2,45.14555361757577,0.12804876580803742,305.4169015205005,13863739.057946578,10.843733483426114,0.08216172212978921
2.17,schechter,-2,1277213412721.059,0.001277213412721059,80,10,0.125,0.08345970422553062,95983167363857.81,56.70488202869308,0.12773674918715994,305.58211876284605,13759131.34827611,10.741496949744583,0.11206026979564028
2.1799999999999997,schechter,-2,1295699615602.4102,0.0012956996156024102,38,10,0.2631578947368421,0.08282345687632686,77276762171686.39,282.3364522104915,0.1274171384234439,305.74042227532055,13655599.876833957,10.639506569772822,0.2318949246228883
2.19,schechter,-2,1314370231660.9106,0.0013143702316609105,87,10,0.11494252873563218,0.08219459059279444,98541546301369.95,72.18397071008319,0.12709011631494216,305.8919027096329,13553130.854817575,10.537786253252225,0.09955735940694757
2.1999999999999997,schechter,-2,1333226271687.3298,0.0013332262716873298,101,10,0.09900990099009901,0.08157292902375568,26764601399454.508,20.96829481263419,0.12675586514299808,306.03664968497236,13451710.70117912,10.436359168060312,0.08428954313689166
2.21,schechter,-2,1352268747425.5762,0.001352268747425576,65,10,0.15384615384615385,0.08095836410784052,70984287629033.61,197.07188256137854,0.12641456655982633,306.1747517971269,13351326.039074074,10.335247745661468,0.12872688463661525
2.2199999999999998,schechter,-2,1371498671568.588,0.001371498671568588,67,10,0.14925373134328357,0.08035078910260718,55105196528108.77,97.83330698885342,0.1260664014800965,306.30629662664825,13251963.692418212,10.2344736871066,0.12273851295654997
2.23,schechter,-2,1390917057754.2896,0.0013909170577542896,73,10,0.136986301369863,0.07975009858125726,52122241962290.6,28.566211221271363,0.1257115499765309,306.43137074727457,13153610.682476113,10.13405796953769,0.11071124960257622
2.2399999999999998,schechter,-2,1410524920561.545,0.001410524920561545,48,10,0.20833333333333334,0.07915618842894323,97047085307255.7,83.73426077870327,0.12535019117952442,306.55005973445054,13056254.22453316,10.034020853205515,0.16546975944922532
2.25,schechter,-2,1430323275506.1636,0.0014303232755061635,48,10,0.20833333333333334,0.0785689558386855,107285026511888.62,51.451396181093955,0.12498250318078254,306.6624481742347,12959881.724614153,9.934381888954805,0.1626112524829015
2.26,schechter,-2,1450313139036.9133,0.0014503131390369132,92,10,0.10869565217391304,0.07798829930691287,117685880271928.08,217.08301218949356,0.12460866294096873,306.76861967123693,12864480.776277887,9.83515992612914,0.08337254304894721
2.27,schechter,-2,1470495528531.5837,0.0014704955285315838,117,10,0.08547008547008547,0.07741411862863545,144457243507118.47,421.1928744655155,0.12422884620134438,306.86865685834266,12770039.157449897,9.736373120930597,0.06442160203387853
2.28,schechter,-2,1490871462293.0525,0.0014908714622930525,59,10,0.1694915254237288,0.07684631489227234,100612659192452.86,75.4845986523234,0.12384322739937846,306.9626414043935,12676544.827336488,9.638038945117442,0.1255335213085558
2.29,schechter,-2,1511441959545.399,0.001511441959545399,93,10,0.10752688172043011,0.07628479047413594,132294262748807.67,307.35877751202895,0.12345197958829715,307.0506540236161,12583985.923375618,9.540174195103397,0.07825485909249691
2.3,schechter,-2,1532208040430.0303,0.0015322080404300304,62,10,0.16129032258064516,0.07572944903259593,30137726762459.727,60.25460211802404,0.12305527436053831,307.1327744838402,12492350.758259717,9.442795001365727,0.11533833270664151
2.31,schechter,-2,1553170726001.8428,0.0015531707260018428,49,10,0.20408163265306123,0.07518019550193011,91572620452514.05,66.72403957073419,0.12265328177506969,307.20908161643416,12401627.816991834,9.345916838200596,0.14339343980422475
2.32,schechter,-2,1574331038225.408,0.0015743310382254079,80,10,0.125,0.0746369360858753,98475900035632.16,145.3464753675307,0.12224617028852493,307.27965332341853,12311805.754026573,9.24955453370047,0.08629480131932751
2.3299999999999996,schechter,-2,1595689999971.181,0.001595689999971181,76,10,0.13157894736842105,0.07409957825088975,27201575212690.22,48.71296525696572,0.12183410669010708,307.3445665876966,12222873.3904306,9.153722280064454,0.08924828426033539
2.34,schechter,-2,1617248635011.731,0.0016172486350117309,105,10,0.09523809523809523,0.0735680307191432,285973066845994.6,559.8178426577294,0.12141725604020252,307.40389748145446,12134819.711121293,9.058433644110375,0.06346772615211736
2.3499999999999996,schechter,-2,1639007968018.0117,0.0016390079680180117,86,10,0.11627906976744186,0.07304220346123869,34721647518466.49,68.35437415697554,0.12099578161264772,307.45772117449974,12047633.862132035,8.963701577983704,0.0761312226075479
2.36,schechter,-2,1660969024555.642,0.001660969024555642,54,10,0.18518518518518517,0.0725220384099694,83883947537752.44,105.06466394906786,0.12056984484058411,307.5061119440158,11961305.147949908,8.869538430118858,0.11911796420514435
2.3699999999999997,schechter,-2,1683132831081.217,0.001683132831081217,73,10,0.136986301369863,0.07200747662174767,51067823966193.55,57.07379383051167,0.12013960526583477,307.5491431824016,11875823.028886234,8.77595595630448,0.08656636210370987
2.38,schechter,-2,1705500414938.6462,0.0017055004149386461,102,10,0.09803921568627451,0.07149837972473061,24588294296492.48,53.22208278972441,0.11970522049173256,307.58688740698057,11791177.118503083,8.682965330960752,0.060864505134284604
2.3899999999999997,schechter,-2,1728072804355.5068,0.0017280728043555069,68,10,0.14705882352941177,0.07099466235777785,19480801027684.598,21.972994104009015,0.1192668461393275,307.61941626811205,11707357.181081956,8.590577158498274,0.08968898894500348
2.4,schechter,-2,1750851028439.4358,0.0017508510284394358,99,10,0.10101010101010101,0.07049624037252178,367518461600128.1,37.52596052444619,0.11882463580689664,307.64680055820463,11624353.129135568,8.49880148481276,0.0605185406415864
2.4099999999999997,schechter,-2,1773836117174.529,0.001773836117174529,62,10,0.16129032258064516,0.0700031518698202,151338599133060.4,53.04905060790556,0.11837874103268001,307.66911022067535,11542155.020976886,8.407647808879839,0.0949293300698349
2.42,schechter,-2,1797029101417.778,0.0017970291014177782,67,10,0.14925373134328357,0.06951520058480876,206526087418664.75,109.94920929533373,0.11792931126076286,307.6864143581301,11460753.05831884,8.317125094393427,0.08629352525756798
2.4299999999999997,schechter,-2,1820431012895.5244,0.0018204310128955245,75,10,0.13333333333333333,0.06903230552515927,104154204451835.03,90.04339615966758,0.1174764938100209,307.69878124181474,11380137.583922423,8.227241781500306,0.07572606243865129
2.44,schechter,-2,1844042884199.934,0.0018440428841999341,128,10,0.078125,0.06855448668933972,74427603824625.73,23.92560755126283,0.11702043384604897,307.7062783197579,11300299.079290532,8.138005798542064,0.04358568829640011
2.4499999999999997,schechter,-2,1867865748785.4934,0.0018678657487854935,88,10,0.11363636363636363,0.0680816151366932,82046877370421.9,136.47215296589712,0.11656127435598546,307.7089722253369,11221228.162397789,8.049424573829672,0.062274752944012766
2.46,schechter,-2,1891900640965.5447,0.0018919006409655447,110,10,0.09090909090909091,0.06761356990759737,46871388670382.984,46.347789820351174,0.11609915612615085,307.70692878621446,11142915.58546343,7.96150504743911,0.04893688891770124
2.4699999999999998,schechter,-2,1916148595908.8162,0.0019161485959088161,128,10,0.078125,0.06715042260373039,28124411577718.992,45.86347340151619,0.11563421772241134,307.70021303264036,11065352.232765501,7.8742536829858665,0.04130933300792823
2.48,schechter,-2,1940610649636.0051,0.001940610649636005,71,10,0.14084507042253522,0.06669197007032734,37921990643266.89,94.16227460420562,0.11516659547318477,307.68888920640325,10988529.118494129,7.787676479397414,0.07315147699737529
2.4899999999999998,schechter,-2,1965287839016.3484,0.001965287839016348,37,10,0.2702702702702703,0.06623820258614621,161320853458468.0,55.67032042481914,0.11469642345499854,307.67302076848114,10912437.38464076,7.7017789826182375,0.13787891797956484
2.5,schechter,-2,1990181201764.2534,0.0019901812017642535,67,10,0.14925373134328357,0.06578906885082447,84785132475352.03,94.74877722757114,0.11422383348051643,307.6526704082885,10837068.298925612,7.616566297311474,0.07478907530458115
2.51,schechter,-2,2015291776435.9192,0.0020152917764359192,99,10,0.10101010101010101,0.0653444414063501,31376261617670.008,34.856707785313986,0.11374895508894493,307.6279000516978,10762413.25276639,7.532043098475485,0.04971486352711464
2.52,schechter,-2,2040620602425.989,0.002040620602425989,71,10,0.14084507042253522,0.06490435914529713,140866012971265.12,110.53327759486054,0.11327191553873434,307.59877086938593,10688463.759278566,7.448213642997642,0.06808753989803111
2.53,schechter,-2,2066168719964.238,0.002066168719964238,96,10,0.10416666666666667,0.06446863698484984,287838813267156.4,142.63648864993553,0.112792839802488,307.56534328509764,10615211.451314276,7.365081781129711,0.04946008163660236
2.54,schechter,-2,2091937170112.2488,0.002091937170112249,56,10,0.17857142857142858,0.06403734539134442,101677079005423.45,70.70438659121928,0.11231185056399447,307.5276769839848,10542648.079530537,7.282650967872683,0.08327886346326281
2.55,schechter,-2,2117926994760.1523,0.0021179269947601523,68,10,0.14705882352941177,0.06361029876502888,43978484658091.08,64.11584915201776,0.11182906821729809,307.48583092077126,10470765.510502744,7.200924274267156,0.06736072712801215
2.56,schechter,-2,2144139236623.3486,0.0021441392366233487,100,10,0.1,0.06318754348772859,57743820185093.125,61.25645286989775,0.1113446108677235,307.4398633277744,10399555.724859066,7.119904398564956,0.04498892688127933
2.57,schechter,-2,2170574939239.2673,0.0021705749392392673,57,10,0.17543859649122806,0.06276894762783947,237170163963293.25,70.70699671474055,0.11085859433477233,307.3898317228957,10329010.815461004,7.0395936772945475,0.07752068190374935
2.5799999999999996,schechter,-2,2197235146964.1555,0.0021972351469641553,57,10,0.17543859649122806,0.06235448070442229,95924703864179.88,69.60951823389944,0.11037113215680884,307.33579291802084,10259122.985599501,6.959994096201846,0.07613803817096684
2.59,schechter,-2,2224120904969.869,0.002224120904969869,74,10,0.13513513513513514,0.06194411579708636,82816603910967.84,107.29727144822307,0.10988233559745512,307.2778030267758,10189884.547240347,6.881107301058624,0.05760055506337188
2.5999999999999996,schechter,-2,2251233259240.686,0.002251233259240686,59,10,0.1694915254237288,0.061537711563047215,36051527508847.05,67.6009915889681,0.109392313653616,307.2159174721398,10121287.9192909,6.802934608325313,0.07095542842532114
2.61,schechter,-2,2278573256570.1567,0.002278573256570157,93,10,0.10752688172043011,0.06113534673595722,131723894285642.1,40.91649064842469,0.108901173065055,307.15019099437524,10053325.625898778,6.72547701568012,0.044211222507345695
2.6199999999999997,schechter,-2,2306141944557.9443,0.0023061419445579443,74,10,0.13513513513513514,0.060736859820256894,203076868261355.12,110.40126481776868,0.1084090183254463,307.0806776596248,9985990.294780755,6.6487352124151675,0.05457071602411703
2.63,schechter,-2,2333940371606.725,0.002333940371606725,123,10,0.08130081300813008,0.0603421950354297,158937307159735.5,215.42874043365129,0.10791595169482557,307.00743086604797,9919274.6555814,6.572709589626422,0.03224485560719323
2.6399999999999997,schechter,-2,2361969586919.0605,0.0023619695869190604,83,10,0.12048192771084337,0.0599514175431578,76654060853009.97,67.78800922088394,0.10742207321336858,306.93050335315155,9853171.53826193,6.4974002503174715,0.046931127150819374
2.65,schechter,-2,2390230640494.328,0.0023902306404943283,78,10,0.1282051282051282,0.05956436139265964,64039157138002.23,55.414118008272496,0.10692748071642302,306.8499472082067,9787673.871516135,6.422807019277808,0.049047486980971076
2.6599999999999997,schechter,-2,2418724583125.652,0.002418724583125652,98,10,0.10204081632653061,0.059180983005290067,48278002362597.086,31.767409464394717,0.10643226985072582,306.7658138739979,9722774.681209411,6.3489294528226266,0.03834039653564096
2.67,schechter,-2,2447452466396.85,0.00244745246639685,81,10,0.12345679012345678,0.058801311744492435,220137144143308.1,76.67741503411426,0.10593653409173551,306.6781541569198,9658467.088857314,6.275766848379373,0.0455584349243588
2.6799999999999997,schechter,-2,2476415342679.406,0.0024764153426794057,112,10,0.08928571428571429,0.05842525336755955,244468631698474.1,28.475662772408818,0.10544036476201399,306.5870182335304,9594744.310116976,6.203318253862246,0.032359860776920435
2.69,schechter,-2,2505614265129.4727,0.002505614265129473,105,10,0.09523809523809523,0.058052737737125604,53432756405949.59,68.06648871619518,0.1049438510505919,306.49245565836804,9531599.653310519,6.131582476903614,0.03390049042335624
2.6999999999999997,schechter,-2,2535050287684.8535,0.0025350502876848534,72,10,0.1388888888888889,0.057683722943716154,78936179056224.5,57.1632480996138,0.10444708003325524,306.3945153712766,9469026.51798176,6.060558093904539,0.04855493805181749
2.71,schechter,-2,2564724465062.064,0.002564724465062064,43,10,0.23255813953488372,0.05731821507121215,170434073919100.16,267.88005746579637,0.10395013669369071,306.2932457040192,9407018.393461363,5.990243458883264,0.0798488518384169
2.7199999999999998,schechter,-2,2594637852753.335,0.002594637852753335,109,10,0.09174311926605505,0.05695614755512013,172261784194816.34,230.42979745780502,0.10345310394543139,306.18869438829944,9345568.857473286,5.9206367121839,0.030937308091688768
2.73,schechter,-2,2624791507023.7036,0.0026247915070237034,93,10,0.10752688172043011,0.056597451385465014,110310604081523.77,175.45287863700173,0.10295606265454338,306.0809085619362,9284671.574754989,5.851735788962152,0.03561218621896464
2.7399999999999998,schechter,-2,2655186484908.0864,0.0026551864849080863,85,10,0.11764705882352941,0.056242086311334094,148437453868802.8,74.16010761591514,0.10245909166299956,305.9699347766505,9224320.295706078,5.783538427525324,0.038268031461858434
2.75,schechter,-2,2685823844208.3687,0.0026858238442083685,35,10,0.2857142857142857,0.05589001246361136,64151827692407.75,59.178069065254434,0.10196226781268383,305.8558190044068,9164508.855059594,5.716042177462838,0.09127704815455036
2.76,schechter,-2,2716704643490.5186,0.0027167046434905186,71,10,0.14084507042253522,0.05554119035455318,210925527025645.66,75.99283393800908,0.10146566596997589,305.7386066446093,9105231.170576822,5.649244407612606,0.044192360422902366
2.77,schechter,-2,2747829942081.732,0.002747829942081732,44,10,0.22727272727272727,0.055195610411231444,92752242044602.9,67.63444730105981,0.10096935905086413,305.6183425308068,9046481.241760328,5.583142313834228,0.07003748818746712
2.78,schechter,-2,2779200800067.564,0.0027792008000675637,104,10,0.09615384615384616,0.05485321183740455,155275413634977.88,105.79529113062424,0.1004734180465394,305.49507093725316,8988253.148596747,5.517732926603703,0.02910243971973222
2.79,schechter,-2,2810818278289.1025,0.0028108182782891023,76,10,0.13157894736842105,0.05451394348891425,29898870191089.5,26.88316802720096,0.09997791204942123,305.36883558617967,8930541.050315544,5.453013118437168,0.03911384855036734
2.8,schechter,-2,2842683438340.1455,0.0028426834383401454,92,10,0.10869565217391304,0.054177767512673336,322113988039894.56,311.8111091946885,0.09948290827957305,305.2396796534325,8873339.184167327,5.388979611104504,0.03173509614140832
2.81,schechter,-2,2874797342564.4116,0.0028747973425644114,94,10,0.10638297872340426,0.05384464643229192,81378856813239.05,44.75980787906415,0.09898847211146117,305.1076457760175,8816641.86423281,5.325628982704673,0.030506022298223367
2.82,schechter,-2,2907161054052.733,0.002907161054052733,89,10,0.11235955056179775,0.053514543147183846,59051318093357.984,42.841479614253295,0.09849466710101733,304.9727760580248,8760443.480241075,5.262957674527548,0.031645480399472674
2.8299999999999996,schechter,-2,2939775636640.313,0.002939775636640313,70,10,0.14285714285714285,0.05318742093159878,201148395838876.34,59.961914938458264,0.09800155501296365,304.83511207669085,8704738.496411402,5.200961997744603,0.0395179650033273
2.84,schechter,-2,2972642154903.951,0.0029726421549039514,74,10,0.13513513513513514,0.052863243433587614,46502977898372.07,45.26962721394373,0.09750919584836228,304.69469488976085,8649521.450322606,5.1396381399518365,0.03671593812876019
2.8499999999999996,schechter,-2,3005761674159.321,0.003005761674159321,92,10,0.10869565217391304,0.052541974673899094,132807518225412.72,217.65501146894036,0.097017647872353,304.5515650408011,8594786.951786837,5.078982171495171,0.029006494850422202
2.86,schechter,-2,3039135260458.2446,0.0030391352604582445,143,10,0.06993006993006994,0.052223579044812674,123020656144174.17,76.92631593294377,0.09652696764204288,304.40576256585075,8540529.681758447,5.018990051657184,0.018329344313835483
2.8699999999999997,schechter,-2,3072763980585.9824,0.0030727639805859823,146,10,0.0684931506849315,0.05190802130890648,47999668711093.555,32.47577897053078,0.09603721003451575,304.2573269994905,8486744.391249523,4.959657634657145,0.01763328864278519
2.88,schechter,-2,3106648902058.5654,0.0031066489020585655,81,10,0.12345679012345678,0.05159526659776659,318651138583225.9,199.46238625275407,0.0955484282749277,304.10629738091154,8433425.9002663,4.900980675485088,0.031218198091624107
2.8899999999999997,schechter,-2,3140791093120.0835,0.0031407910931200837,63,10,0.15873015873015872,0.05128528041063407,143458163691712.16,195.62013645021773,0.09506067396466021,303.9527122599848,8380569.09677265,4.842954835575782,0.03942417408865717
2.9,schechter,-2,3175191622740.0796,0.0031751916227400795,82,10,0.12195121951219512,0.05097802861299727,137960491300188.88,67.39998392378453,0.09457399710949974,303.79660970301927,8328168.935656688,4.785575688305939,0.029751123703429787
2.9099999999999997,schechter,-2,3209851560610.8545,0.0032098515606108543,75,10,0.13333333333333333,0.05067347743512629,29526670048373.805,24.138785252141016,0.0940884461478178,303.6380272987855,8276220.437724468,4.72883872434056,0.0319502269856297
2.92,schechter,-2,3244771977144.886,0.0032447719771448863,53,10,0.18867924528301888,0.05037159347055564,112938485672132.92,60.67285329981555,0.09360406797872392,303.4770021645471,8224718.688710108,4.672739356820227,0.04441006175011587
2.9299999999999997,schechter,-2,3279953943472.1777,0.003279953943472178,56,10,0.17857142857142858,0.0500723436745133,65026434918076.21,87.3979168330437,0.09312090799016796,303.3135709512892,8173658.8382961275,4.6172729263761765,0.0412852994300953
2.94,schechter,-2,3315398531437.6885,0.0033153985314376883,76,10,0.13157894736842105,0.04977569536230053,114588943516024.97,146.72937096798782,0.09263901008696694,303.1477698497801,8123036.099160874,4.562434706010892,0.029881363162734913
2.9499999999999997,schechter,-2,3351106813598.7427,0.0033511068135987426,86,10,0.11627906976744186,0.04948164678546163,178364316585639.2,97.5063978155738,0.09215841671873516,302.9796345964132,8072845.746031287,4.508219905817903,0.025938854071031227
2.96,schechter,-2,3387079863222.4634,0.0033870798632224634,96,10,0.10416666666666667,0.049190147283429186,128116371235581.95,26.44324182131258,0.09167916890769558,302.8092004780877,8023083.114753859,4.454623677540203,0.022825374457338916
2.9699999999999998,schechter,-2,3423318754283.206,0.003423318754283206,86,10,0.11627906976744186,0.04890115681721008,145022701083224.66,110.19002730653247,0.0912013062763538,302.6365023385426,7973743.601392691,4.401641119011219,0.02502852821091252
2.98,schechter,-2,3459824561460.0557,0.0034598245614600558,110,10,0.09090909090909091,0.048614644033552645,151251747548338.3,97.33701167751595,0.09072486707501438,302.4615745827984,7924822.661321773,4.349267278412939,0.01922164368607485
2.9899999999999998,schechter,-2,3496598360134.2534,0.003496598360134253,45,10,0.2222222222222222,0.04833057793172657,106264450076079.58,25.90199238613572,0.09024988820912404,302.28445118380887,7876315.808353685,4.297497158438127,0.04615567140605942
3.0,schechter,-2,3533641226386.74,0.00353364122638674,56,10,0.17857142857142858,0.048048927861631174,115839306291175.45,183.61283337818503,0.0897764052664229,302.10516568636586,7828218.613865179,4.24632572026525,0.03643417825178822
3.01,schechter,-2,3570954236995.618,0.0035709542369956183,72,10,0.1388888888888889,0.04776969555177013,472349644098416.1,84.61763311615526,0.08930445254389056,301.92375121384896,7780526.705950752,4.1957478874470295,0.027837444332684345
3.02,schechter,-2,3608538469433.69,0.00360853846943369,113,10,0.08849557522123894,0.047492850818959376,99561261498174.34,40.837438289497726,0.08883406307447111,301.74024047194894,7733235.768582869,4.145758549619894,0.01742423825916133
3.03,schechter,-2,3646395001865.997,0.003646395001865997,74,10,0.13513513513513514,0.04721833518575014,204170584547156.9,459.65605151942935,0.08836526865356453,301.55466575498605,7686341.540784624,4.096352566120149,0.02613823628460391
3.04,schechter,-2,3684524913147.354,0.003684524913147354,120,10,0.08333333333333333,0.04694611930024761,91725939705871.9,166.70218815179004,0.08789809986527143,301.3670589501631,7639839.815826388,4.047524769450483,0.015834631724777466
3.05,schechter,-2,3722929282819.9077,0.0037229292828199075,47,10,0.2127659574468085,0.046676181454901045,136479764524183.38,79.58085883115,0.08743258610838046,301.17745154339207,7593726.440420668,3.9992699686364754,0.039717159732598414
3.06,schechter,-2,3761609191110.728,0.003761609191110728,78,10,0.1282051282051282,0.046408555400485385,198702987920486.22,82.88792913038334,0.08696875562208634,300.985874623267,7547997.313944066,3.951582952444685,0.023511186713864457
3.07,schechter,-2,3800565718929.376,0.0038005657189293758,54,10,0.18518518518518517,0.046143145684953035,204867896815833.8,240.56203172241558,0.08650663551143015,300.79235888710264,7502648.387664568,3.9044584925064796,0.0333637031556627
3.08,schechter,-2,3839799947865.5195,0.0038397999478655197,84,10,0.11904761904761904,0.04587992423075893,80837639060529.0,75.63560711997376,0.08604625177245216,300.59693464458917,7457675.663981256,3.8578913462949687,0.021071400316489727
3.09,schechter,-2,3879312960186.5444,0.0038793129601865446,57,10,0.17543859649122806,0.045618902940011585,50795771792582.9,64.57344366715395,0.08558762931704852,300.39963182361953,7413075.195680463,3.8118762600202283,0.030507651425473185
3.0999999999999996,schechter,-2,3919105838835.1807,0.003919105838835181,55,10,0.18181818181818182,0.04536006405712234,193011890992411.03,218.2306500741341,0.08513079199752545,300.2004799742843,7368843.085202581,3.7664079713901657,0.031062637608638935
3.11,schechter,-2,3959179667427.146,0.003959179667427146,57,10,0.17543859649122806,0.04510333349194762,135325041521673.55,127.08927770231071,0.08467576263084305,299.99950827444167,7324975.48391775,3.72148121228303,0.029447580386248944
3.1199999999999997,schechter,-2,3999535530248.792,0.003999535530248792,83,10,0.12048192771084337,0.04484871097930632,72339904362309.5,37.96830727724928,0.08422256302254322,299.7967455327592,7281468.591418872,3.6770907112867888,0.019869009464481096
3.13,schechter,-2,4040174512254.7876,0.004040174512254788,81,10,0.12345679012345678,0.04459621447306883,125789512594697.47,38.17353150865159,0.08377121399035611,299.59222019526715,7238318.654820386,3.633231196177925,0.020003500945061127
3.1399999999999997,schechter,-2,4081097699065.779,0.004081097699065779,111,10,0.09009009009009009,0.04434574884171549,79245922473861.88,44.38015920293354,0.08332173538748046,299.38596034855186,7195521.968076602,3.589897396263566,0.014342043991192117
3.15,schechter,-2,4122306176966.1064,0.004122306176966107,98,10,0.10204081632653061,0.04409733129456872,59421554527275.65,75.32181937296176,0.08287414612553251,299.17799372403874,7153074.871296239,3.547084044633826,0.01596091226998945
3.1599999999999997,schechter,-2,4163801032901.487,0.004163801032901487,84,10,0.11904761904761904,0.04385095551632123,57921711366223.4,27.093077905552928,0.08242846419716175,298.96834770372834,7110973.750088734,3.5047858803481255,0.01829621544444957
3.17,schechter,-2,4205583354476.7466,0.004205583354476746,114,10,0.08771929824561403,0.04360653563650774,180876052063227.75,49.68834584593763,0.0819847066983287,298.75704932340483,7069215.034901877,3.4629976504903204,0.01324643249607445
3.1799999999999997,schechter,-2,4247654229953.5454,0.004247654229953546,62,10,0.16129032258064516,0.043364134098769935,125898260949120.78,174.79620314472157,0.0815428898502426,298.5441252770097,7027795.200383879,3.4217141121563994,0.02393220477535542
3.19,schechter,-2,4290014748248.1216,0.004290014748248121,97,10,0.10309278350515463,0.04312366412552204,79472827625337.1,35.511004315170474,0.08110302902095701,298.3296019216364,6986710.76474544,3.380930034357964,0.015030731055004383
3.1999999999999997,schechter,-2,4332665998929.06,0.00433266599892906,106,10,0.09433962264150944,0.0428851171305793,123450151606081.75,93.40752052076006,0.08066513874662186,298.1135052807842,6945958.289138465,3.3406401998251747,0.013515447760436268
3.21,schechter,-2,4375609072215.033,0.004375609072215033,70,10,0.14285714285714285,0.042648507854362916,190737118741005.3,116.82099378494863,0.08022923275238983,297.895861049322,6905534.377048772,3.300839406749997,0.020110839337823982
3.2199999999999998,schechter,-2,4418845058972.603,0.004418845058972602,56,10,0.17857142857142858,0.042413740026162716,164258999209856.84,150.67643621492292,0.07979532397297763,297.6766945972421,6865435.673682141,3.261522470428809,0.02470238681254562
3.23,schechter,-2,4462375050714.009,0.004462375050714009,83,10,0.12048192771084337,0.042180903917368506,126088835706490.8,116.51881946725352,0.07936342457287976,297.45603097327717,6825658.865381889,3.222684224837726,0.016377799234204737
3.2399999999999998,schechter,-2,4506200139594.958,0.004506200139594958,76,10,0.13157894736842105,0.041949859065076645,367914833104238.7,315.53994330622726,0.07893354596623703,297.2338949099853,6786200.679036681,3.184319524140554,0.017576546744193178
3.25,schechter,-2,4550321418412.466,0.004550321418412466,91,10,0.10989010989010989,0.04172069226009889,199424023413933.6,59.167464293790225,0.07850569883635809,297.0103108263533,6747057.881511198,3.146423244104099,0.014425379767833969
3.26,schechter,-2,4594739980602.663,0.004594739980602663,75,10,0.13333333333333333,0.04149329010436709,87357496066639.86,45.88154840601876,0.07807989315489611,296.7853028330182,6708227.279078383,3.1089902834684944,0.01720029810181556
3.27,schechter,-2,4639456920238.642,0.0046394569202386415,84,10,0.11904761904761904,0.041267715666169935,121490295567440.62,24.660908573311023,0.0776561382006801,296.55889473493045,6669705.71686476,3.072015565224377,0.015092269627110466
3.28,schechter,-2,4684473332028.312,0.004684473332028312,68,10,0.14705882352941177,0.04104387294963274,133182219581451.0,110.25623392874472,0.07723444257820353,296.3311100362884,6631490.078299773,3.0354940378464343,0.018321828180696578
3.29,schechter,-2,4729790311312.262,0.004729790311312262,90,10,0.1111111111111111,0.04082181974251253,182066038958934.94,123.1237471592226,0.07681481423577075,296.1019719432469,6593577.284582875,2.999420676444369,0.013604645576197448
3.3,schechter,-2,4775408954061.603,0.004775408954061602,101,10,0.09900990099009901,0.040601454842872364,71263482719533.56,26.39709825164748,0.07639726048330328,295.87150336844263,6555964.294144623,2.9637904838647224,0.01191427777171964
3.31,schechter,-2,4821330356875.933,0.004821330356875933,61,10,0.16393442622950818,0.040382852903138255,117543189128064.75,45.33617237833159,0.0759817880098082,295.6397269339908,6518648.1021335395,2.928598491725554,0.019387731492410753
3.32,schechter,-2,4867555616981.125,0.004867555616981125,77,10,0.12987012987012986,0.04016589158446082,66363960024972.89,41.03616784031523,0.07556840290051019,295.4066649761769,6481625.739898744,2.8938397614049904,0.015095279755765561
3.33,schechter,-2,4914085832227.334,0.004914085832227334,113,10,0.08849557522123894,0.03995066635149236,76335379209039.34,29.641221324557375,0.07515711065365033,295.172339547333,6444894.2744803615,2.859509384946169,0.010109673041322612
3.34,schechter,-2,4960922101086.855,0.0049609221010868555,87,10,0.11494252873563218,0.03973705669657179,88569167749922.9,52.94814046005108,0.07474791619695409,294.93677242112034,6408450.8081216905,2.825602485948371,0.012905876573115472
3.3499999999999996,schechter,-2,5008065522652.076,0.005008065522652076,58,10,0.1724137931034483,0.03952511406146675,135615690813970.83,31.827238094138938,0.0743408239037712,294.69998509495014,6372292.477769603,2.7921142203692932,0.019027350522886143
3.36,schechter,-2,5055517196633.419,0.005055517196633419,72,10,0.1388888888888889,0.03931478891468565,412729975453845.75,56.14695729877106,0.07393583760889016,294.4619987937223,6336416.454597149,2.7590397772967066,0.015065425896061295
3.3699999999999997,schechter,-2,5103278223357.28,0.00510327822335728,119,10,0.08403361344537816,0.039106052757152066,154279958272126.9,96.73391104603346,0.07353296062403111,294.22283447351793,6300819.9435306,2.7263743796697124,0.008959473977068194
3.38,schechter,-2,5151349703764.023,0.005151349703764023,73,10,0.136986301369863,0.03889894611983924,200424629182472.88,235.8288791183083,0.07313219575301971,293.9825128242331,6265500.18277916,2.6941132849413396,0.014355913357763872
3.3899999999999997,schechter,-2,5199732739405.9,0.0051997327394059005,98,10,0.10204081632653061,0.03869337596029532,421662589865797.1,94.64705761432057,0.07273354530664589,293.74105427369494,6230454.443376221,2.6622517857118537,0.01051137849444044
3.4,schechter,-2,5248428432445.094,0.005248428432445094,90,10,0.1111111111111111,0.03848938891550424,88570587914145.97,17.52631576837709,0.07233701111721073,293.4984789906739,6195680.028727723,2.630785210308191,0.011250812790300954
3.4099999999999997,schechter,-2,5297437885651.666,0.005297437885651666,135,10,0.07407407407407407,0.0382869432287305,193744323178301.56,52.96228452921507,0.07194259455276497,293.25480688760746,6161174.274165404,2.5997089233181785,0.0073729561450597905
3.42,schechter,-2,5346762202401.602,0.005346762202401601,129,10,0.07751937984496124,0.038085991948890285,211677037016619.53,113.37247048442775,0.07155029653104333,293.0100576248231,6126934.5465087,2.569018326098603,0.00758477606855372
3.4299999999999997,schechter,-2,5396402486674.79,0.00539640248667479,49,10,0.20408163265306123,0.0378865961594167,87504329820638.66,53.6290451556255,0.07116011753309788,292.76425061277797,6092958.2436328735,2.5387088572263306,0.019629191273483317
3.44,schechter,-2,5446359843053.085,0.005446359843053085,92,10,0.10869565217391304,0.03768867759778882,356210115582362.94,117.82138472685975,0.07077205761663512,292.5174050153884,6059242.794044905,2.508775992922337,0.010277440169817662
3.4499999999999997,schechter,-2,5496635376718.303,0.005496635376718303,91,10,0.10989010989010989,0.03749221230530797,201713162923754.53,56.16958900384532,0.07038611642905952,292.2695397535413,6025785.656462501,2.4792152474396594,0.010214424660171905
3.46,schechter,-2,5547230193450.324,0.0055472301934503246,84,10,0.11904761904761904,0.03729725439573539,260386756925435.06,198.32922052973623,0.07000229322022894,292.0206735074703,5992584.319403749,2.450022173408677,0.010878464318668565
3.4699999999999998,schechter,-2,5598145399625.069,0.00559814539962507,75,10,0.13333333333333333,0.03710373233539899,267244903316460.6,275.94814470152784,0.06962058685492503,291.77082472090217,5959636.300782556,2.421192362163849,0.011978036445098648
3.48,schechter,-2,5649382102212.659,0.005649382102212659,93,10,0.10752688172043011,0.036911623337627986,175932657341754.56,46.30619866455019,0.06924099582504298,291.52001160213206,5926939.147505195,2.3927214440104683,0.00949669168743868
3.4899999999999998,schechter,-2,5700941408775.425,0.005700941408775425,75,10,0.13333333333333333,0.03672095435933731,71348504774061.52,19.38575475774174,0.06886351826150523,291.2682521288053,5894490.435082389,2.3646050884955776,0.011577407404333715
3.5,schechter,-2,5752824427466.019,0.0057528244274660184,63,10,0.15873015873015872,0.036531701359884594,181843793783082.44,95.5447441285067,0.06848815194590231,291.01556404982483,5862287.767236518,2.3368390046207734,0.013550588038561281
3.51,schechter,-2,5805032267025.509,0.005805032267025508,135,10,0.07407407407407407,0.03634382214449838,246830846289520.7,33.3021086081662,0.06811489432186627,290.7619648885141,5830328.775524363,2.3094189410410153,0.006217267500024478
3.52,schechter,-2,5857566036781.502,0.005857566036781502,152,10,0.06578947368421052,0.03615730471217504,135302944879815.97,44.4892543132673,0.06774374250617998,290.50747194526576,5798611.1189587405,2.282340686229179,0.005429163661117309
3.53,schechter,-2,5910426846646.224,0.0059104268466462235,100,10,0.1,0.03597218929966295,99835359712862.12,40.97125237754146,0.0673746932996273,290.25210230049254,5767132.483642135,2.2556000686194055,0.008113887265271
3.54,schechter,-2,5963615807114.691,0.005963615807114691,87,10,0.11494252873563218,0.03578841651168485,241941622205812.16,31.746449713385573,0.06700774319758737,289.99587281753344,5735890.582397208,2.2291929567215045,0.009170032875869363
3.55,schechter,-2,6017134029262.807,0.006017134029262807,94,10,0.10638297872340426,0.035605967419793605,308022341232096.8,55.04339084295327,0.06664288840037871,289.7388001443789,5704883.154414197,2.203115259206761,0.008345111717166603
3.56,schechter,-2,6070982624745.519,0.006070982624745518,68,10,0.14705882352941177,0.03542483036773658,135997729098053.38,92.19667606115942,0.06628012482335588,289.4809007180598,5674107.964892094,2.1773629249866953,0.011343045921566534
3.57,schechter,-2,6125162705794.996,0.006125162705794996,174,10,0.05747126436781609,0.035245024798694846,102311481202666.14,56.30866124377975,0.06591944810676449,289.22219076566154,5643562.804696245,2.1519319432481945,0.00435890199453369
3.58,schechter,-2,6179675385218.757,0.006179675385218757,79,10,0.12658227848101267,0.03506652474067151,111821048731281.66,48.71947186840773,0.06556085362535716,288.9626863078957,5613245.49001041,2.126818343482999,0.009440522539324127
3.59,schechter,-2,6234521776397.882,0.0062345217763978816,79,10,0.12658227848101267,0.034889299819592656,412963738397415.75,392.1231473750712,0.0652043364977763,288.7024031614459,5583153.862002588,2.1020181954910173,0.009283283930218385
3.5999999999999996,schechter,-2,6289702993285.165,0.006289702993285165,142,10,0.07042253521126761,0.034713338722863196,139421894342906.38,71.85814551961118,0.06484989159570673,288.441356941359,5553285.786493722,2.077527609363958,0.0050787267330951605
3.61,schechter,-2,6345220150403.318,0.006345220150403319,111,10,0.09009009009009009,0.03453863021486414,88958224898944.77,55.46585111106562,0.06449751355280299,288.1795630635122,5523639.15362708,2.0533427354495837,0.006389157247213583
3.6199999999999997,schechter,-2,6401074362843.176,0.006401074362843176,70,10,0.14285714285714285,0.034365180487742175,105703597387450.55,41.99086603224417,0.06414719677339552,287.9170367477003,5494211.877547617,2.029459764304767,0.009963250156134858
3.63,schechter,-2,6457266746261.903,0.0064572667462619035,81,10,0.12345679012345678,0.03419298049081043,159155195300397.28,71.1359428659114,0.06379893544097907,287.65379301910383,5465001.896084231,2.0058749266194917,0.008467511386778528
3.6399999999999997,schechter,-2,6513798416881.21,0.00651379841688121,84,10,0.11904761904761904,0.03402199761879443,128119781975651.4,50.009133849125206,0.06345272352648877,287.3898467116185,5436007.170438018,1.982584493138695,0.008029938679121837
3.65,schechter,-2,6570670491485.6,0.006570670491485599,51,10,0.19607843137254902,0.03385222097759022,129668135160794.7,26.205709425353074,0.0631085547963669,287.12521246962615,5407225.684871397,1.9595847745564887,0.013007117022079915
3.6599999999999997,schechter,-2,6627884087420.561,0.006627884087420561,45,10,0.2222222222222222,0.03368363974976307,104787665250160.03,56.76896380789759,0.06276642282042497,286.85990475085504,5378655.446409031,1.9368721214062026,0.014497978395290198
3.67,schechter,-2,6685440322590.878,0.006685440322590878,96,10,0.10416666666666667,0.033516243194507855,218715672882408.38,84.73718211222793,0.062426320979504686,286.5939378283927,5350294.484533614,1.9144429239273044,0.006683847356286692
3.6799999999999997,schechter,-2,6743340315458.849,0.006743340315458849,62,10,0.16129032258064516,0.03335002064759951,127313151055740.97,35.730649504324056,0.06208824247294238,286.3273257924568,5322140.850894996,1.8922936119210492,0.010178714682078652
3.69,schechter,-2,6801585185042.527,0.006801585185042527,53,10,0.18867924528301888,0.03318496953287642,327600330670013.06,25.087516575320983,0.06175218032584041,286.06008255436024,5294192.619019311,1.8704206546067284,0.01171129291260133
3.6999999999999997,schechter,-2,6860176050914.058,0.006860176050914058,68,10,0.14705882352941177,0.033021086035794456,160754212853495.94,39.66122831765297,0.061418127396149415,285.79222184658687,5266447.884021641,1.8488205604400385,0.008977950410446505
3.71,schechter,-2,6919114033197.896,0.006919114033197896,114,10,0.08771929824561403,0.03285834302817703,305290944911663.56,289.1976144205449,0.06108607638156587,285.5237572267113,5238904.762326913,1.8274898769472663,0.005267393794495991
3.7199999999999998,schechter,-2,6978400252569.143,0.006978400252569143,116,10,0.08620689655172414,0.032696730183006784,164147507295541.75,58.094001103524135,0.06075601982624775,285.2547020786553,5211561.39139034,1.806425190529719,0.00509174112504628
3.73,schechter,-2,7038035830251.803,0.007038035830251803,49,10,0.20408163265306123,0.03253623724918675,161614949974051.25,166.98055971464004,0.06042795012735299,284.98506961503324,5184415.929424091,1.7856231262661881,0.011856624015067601
3.7399999999999998,schechter,-2,7098021888017.133,0.007098021888017132,107,10,0.09345794392523364,0.03237685405143642,193836912409066.88,87.89947282214345,0.060101859541404255,284.7148728797706,5157466.555130386,1.765080347708451,0.0053409111034406695
3.75,schechter,-2,7158359548181.924,0.007158359548181924,115,10,0.08695652173913043,0.0322185704901754,128482598136867.16,39.89469706910488,0.05977774019048319,284.44412474937525,5130711.467432381,1.744793556657312,0.004888239495301518
3.76,schechter,-2,7219049933606.851,0.007219049933606851,101,10,0.09900990099009901,0.03206137654140173,67717766550503.3,34.24659319448112,0.059455584068258405,284.1728379355859,5104148.885215932,1.7247594929414025,0.005475065697678359
3.77,schechter,-2,7280094167694.778,0.007280094167694778,110,10,0.09090909090909091,0.03190526225656132,226557166492213.44,140.58283628090606,0.05913538304585055,283.9010249873398,5077777.047071797,1.7049749341826337,0.004945242946905482
3.78,schechter,-2,7341493374389.125,0.007341493374389125,130,10,0.07692307692307693,0.03175021776240716,46682827387744.984,19.926784453105206,0.05881712887753789,283.6286982928155,5051594.211037625,1.6854366955534297,0.004116383239121025
3.79,schechter,-2,7403248678172.213,0.007403248678172213,99,10,0.10101010101010101,0.031596233260853035,140528776075711.28,27.81425024580856,0.05850081320630583,283.35587008121917,5025598.654353037,1.666141629528699,0.005317555512344097
3.8,schechter,-2,7465361204063.566,0.007465361204063567,69,10,0.14492753623188406,0.03144329902881826,181514210317572.8,65.9087020968631,0.058186427569244414,283.0825524248576,4999788.673212268,1.6470866256310246,0.007505773521171528
3.81,schechter,-2,7527832077618.384,0.007527832077618384,52,10,0.19230769230769232,0.031291405418064966,156964094086028.12,54.40057654548847,0.05787396340279591,282.8087572408943,4974162.582516595,1.6282686101666983,0.009798233309660643
3.82,schechter,-2,7590662424925.808,0.007590662424925808,76,10,0.13157894736842105,0.03114054285502721,71737870849317.9,31.810677015237967,0.0575634120478575,282.5344962944514,4948718.7156405095,1.6096845459672757,0.006595585603522232
3.83,schechter,-2,7653853372607.364,0.007653853372607365,115,10,0.08695652173913043,0.030990701840634793,311294295055105.5,52.484819977010226,0.057254764754740534,282.25978119811094,4923455.424194368,1.591331432102808,0.004288389386254652
3.84,schechter,-2,7717406047815.335,0.007717406047815335,89,10,0.11235955056179775,0.030841872950127525,332193607419937.6,89.52195788782609,0.056948012687991136,281.9846234166665,4898371.077789676,1.5732063036201678,0.005451756060740782
3.8499999999999996,schechter,-2,7781321578231.1455,0.007781321578231145,85,10,0.11764705882352941,0.030694046832863475,172280337209655.06,56.27996249109318,0.056643146931074334,281.7090342662912,4873464.063811505,1.5553062312462547,0.005616310858978462
3.86,schechter,-2,7845601092063.786,0.007845601092063786,84,10,0.11904761904761904,0.030547214212121587,218224617626450.12,65.8585180075892,0.056340158490925135,281.4330249185179,4848732.787193777,1.5376283211141495,0.005591697821868905
3.8699999999999997,schechter,-2,7910245718048.216,0.007910245718048216,115,10,0.08695652173913043,0.030401365884895726,106229605008239.27,26.772674230589917,0.05603903830236975,281.15660640060224,4824175.670194775,1.5201697144641901,0.004018716147527243
3.88,schechter,-2,7975256585443.778,0.007975256585443779,137,10,0.072992700729927,0.030256492721682737,301257596890683.7,54.69983315773991,0.05573977723241955,280.8797895984139,4799791.152178878,1.5029275873565697,0.003319220263362791
3.8899999999999997,schechter,-2,8040634824032.629,0.008040634824032628,92,10,0.10869565217391304,0.030112585666265956,261559853224968.0,113.1536872594163,0.05544236608444147,280.6025852568899,4775577.689400512,1.4858991503671897,0.0048635071148765
3.9,schechter,-2,8106381564118.186,0.008106381564118186,109,10,0.09174311926605505,0.029969635735489608,86306691687673.16,54.456981577331284,0.0551467956022065,280.32500398272913,4751533.754790982,1.4690816482927407,0.004039251547250101
3.9099999999999997,schechter,-2,8172497936523.538,0.008172497936523538,85,10,0.11764705882352941,0.029827634019030103,499627248229038.4,43.917601384775324,0.0548530564738208,280.0470562465412,4727657.837746424,1.4524723598494889,0.005096919290864417
3.92,schechter,-2,8238985072589.94,0.00823898507258994,73,10,0.136986301369863,0.029686571679158447,308428526597781.5,136.11376070165392,0.054561139335540465,279.7687523826648,4703948.4439248545,1.4360685973595224,0.00583999360982219
3.9299999999999997,schechter,-2,8305844104175.231,0.00830584410417523,79,10,0.12658227848101267,0.029546439950500103,195326342810479.34,28.998967873587695,0.054271034775474035,279.49010259313286,4680404.095037893,1.4198677064540748,0.005310384294480966
3.94,schechter,-2,8373076163652.34,0.00837307616365234,113,10,0.08849557522123894,0.029407230139786633,125068751822407.3,41.17247549852836,0.05398273333717482,279.2111169477486,4657023.328652699,1.403867065757026,0.0036534373352552067
3.9499999999999997,schechter,-2,8440682383907.715,0.008440682383907714,158,10,0.06329113924050633,0.029268933625603566,136049876791191.55,60.00149194007115,0.053696225523125696,278.9318053863099,4633804.697992794,1.3880640865768183,0.0025713389631709456
3.96,schechter,-2,8508663898339.826,0.008508663898339826,103,10,0.0970873786407767,0.029131541858131715,77553243604150.45,26.303030345017618,0.05341150179811911,278.65217771978996,4610746.771740449,1.3724562125913584,0.0038817248160735998
3.9699999999999998,schechter,-2,8577021840857.644,0.008577021840857643,109,10,0.09174311926605505,0.02899505455484075,138778626115937.53,50.446897634834684,0.05312855259253501,278.37224363274356,4587848.13384705,1.3570409195395141,0.003609860137174263
3.98,schechter,-2,8645757345879.156,0.008645757345879156,124,10,0.08064516129032258,0.028859468712598257,100594243675759.61,70.30784072047081,0.05284736830551836,278.0920126843061,4565107.3833417045,1.3418157149033072,0.003122910374381021
3.9899999999999998,schechter,-2,8714871548329.817,0.008714871548329818,108,10,0.09259259259259259,0.028724763595329827,58784578723694.375,23.62235411928794,0.05256793930805998,277.8114943092379,4542523.13414405,1.3267781375903018,0.0035288322542345748
4.0,schechter,-2,8784365583641.132,0.008784365583641133,58,10,0.1724137931034483,0.028590930912651302,402445706321280.3,70.29748532751071,0.05229025594598198,277.5306978206936,4520094.014880405,1.31192575762399,0.006467099775647452
4.01,schechter,-2,8854240587749.098,0.008854240587749097,117,10,0.08547008547008547,0.028457962444657925,250985078723344.25,34.50213183953387,0.052014308542830644,277.2496324110244,4497818.66870036,1.297256175823681,0.0031553220113411
4.02,schechter,-2,8924497697092.781,0.008924497697092781,96,10,0.10416666666666667,0.028325850041638123,575695601461087.8,184.8437215797915,0.051740087402679,276.96830715242896,4475695.7530969195,1.2827670234840671,0.0037849444109966848
4.03,schechter,-2,8995138048612.818,0.008995138048612818,100,10,0.1,0.028194585623780966,105314143718183.58,30.171675579505706,0.05146758281284127,276.68673100061574,4453723.939732424,1.2684559620698033,0.003576359023257253
4.04,schechter,-2,9066162779749.94,0.009066162779749939,87,10,0.11494252873563218,0.028064161180879288,153647273729557.6,40.500004868154164,0.05119678504650158,276.4049127939101,4431901.9142613495,1.2543206828873872,0.004046144576673817
4.05,schechter,-2,9137573028443.582,0.009137573028443582,99,10,0.10101010101010101,0.02793459430051104,155937902095797.2,45.393778212666064,0.05092768436525858,276.122861256221,4410228.376158676,1.240358906776283,0.0034998911967495817
4.06,schechter,-2,9209369933130.338,0.009209369933130337,56,10,0.17857142857142858,0.027805857710554882,219825999247495.97,31.77037306214968,0.05066027102158882,275.8405849976306,4388702.038552683,1.2265683837901227,0.006090318919988112
4.07,schechter,-2,9281554632742.604,0.009281554632742604,70,10,0.14285714285714285,0.027677938494090504,366856838173455.6,62.895694659508685,0.05039453526123035,275.5580925166195,4367321.6280537555,1.2129468928841687,0.004795981356835171
4.08,schechter,-2,9354128266707.062,0.009354128266707062,150,10,0.06666666666666667,0.027550828893901702,195508208127211.06,101.90248809803202,0.05013046732548883,275.27539220043013,4346085.884590511,1.1994922415966327,0.0022031337005194284
4.09,schechter,-2,9427091974943.355,0.009427091974943356,105,10,0.09523809523809523,0.027424521221076525,313494470806370.1,118.5292457241155,0.049868057453468215,274.9924923270488,4324993.5612532655,1.186202265739516,0.0030981932580249915
4.1,schechter,-2,9500446897862.541,0.00950044689786254,73,10,0.136986301369863,0.027299015851221742,140987374453887.34,28.24714666807308,0.04960729588422757,274.70940106640165,4304043.424121051,1.1730748290817699,0.004386820322434585
4.109999999999999,schechter,-2,9574194176365.799,0.009574194176365798,93,10,0.10752688172043011,0.027174326674836213,155914639980864.44,53.38861127717935,0.04934817285886632,274.4261264822465,4283234.252119073,1.1601078230443393,0.0033898009635956947
4.12,schechter,-2,9648334951842.916,0.009648334951842917,110,10,0.09090909090909091,0.027050417671331095,287867319954851.44,33.01654876863288,0.04909067862253967,274.1426765323241,4262564.836847282,1.1472991663804857,0.002821356513142011
4.13,schechter,-2,9722870366170.93,0.00972287036617093,91,10,0.10989010989010989,0.02692728140051648,167396205902143.7,29.432477272910283,0.04883480342640599,273.85905907025005,4242033.982438276,1.134646804872373,0.0033574674510983846
4.14,schechter,-2,9797801561712.766,0.009797801561712765,88,10,0.11363636363636363,0.02680491048910849,143366350061053.0,31.36500034097865,0.04858053752950762,273.57528184749725,4221640.505400525,1.1221487110247128,0.003418079063009761
4.1499999999999995,schechter,-2,9873129681315.78,0.00987312968131578,78,10,0.1282051282051282,0.02668331955772596,240361610533979.84,44.4077485579795,0.04832787120058748,273.2913525133959,4201383.234468503,1.1098028837530298,0.0037965673068292164
4.16,schechter,-2,9948855868310.434,0.009948855868310433,130,10,0.07692307692307693,0.026562500201836592,42989323698256.3,24.50754420834971,0.04807679471984265,273.00727861710124,4181261.010457904,1.0976073480825503,0.002242707338844621
4.17,schechter,-2,10024981266508.867,0.010024981266508868,55,10,0.18181818181818182,0.026442425285481685,394458974294433.7,58.65292533097549,0.04782729838061681,272.72306760887966,4161272.6861168793,1.0855601548442884,0.005219062415884731
4.18,schechter,-2,10101507020203.572,0.010101507020203572,107,10,0.09345794392523364,0.02632308767944258,350121546400071.4,67.61602421291367,0.0475793724910331,272.4387268410927,4141417.125983926,1.0736593803729255,0.002641311215646029
4.1899999999999995,schechter,-2,10178434274166.01,0.01017843427416601,76,10,0.13157894736842105,0.026204498393387565,465108192460577.7,165.24498677488407,0.04733300737556878,272.15426356915043,4121693.2062488887,1.0619031262067378,0.0036613998374496965
4.2,schechter,-2,10255764173645.25,0.01025576417364525,55,10,0.18181818181818182,0.02608666100110779,242466239240920.6,40.59651576074823,0.04708819337657378,271.8696849533576,4102099.814607074,1.0502895187906474,0.0049815539326742275
4.21,schechter,-2,10333497864366.61,0.01033349786436661,59,10,0.1694915254237288,0.025969540645236155,199194361804677.75,39.511300228048285,0.04684492085573398,271.58499805954983,4082635.850129579,1.0388167091801443,0.004572473347797326
4.22,schechter,-2,10411636492530.338,0.010411636492530338,66,10,0.15151515151515152,0.025853130436816363,276155429641606.4,38.60671900515469,0.046603180195481396,271.30020986065193,4063300.22312007,1.027482872746876,0.004024795262230269
4.2299999999999995,schechter,-2,10490181204810.26,0.01049018120481026,136,10,0.07352941176470588,0.025737456199458886,100539586237830.53,31.36389495867069,0.0463629618003518,271.0153272370264,4044091.8549862206,1.0162862088849582,0.0019232810137713777
4.24,schechter,-2,10569133148352.43,0.010569133148352429,47,10,0.2127659574468085,0.025622496316009435,281501384247136.9,41.45904203510905,0.046124256098292224,270.7303569787432,4025009.6781047075,1.005224940724617,0.005480079221378149
4.25,schechter,-2,10648493470773.82,0.010648493470773821,64,10,0.15625,0.025508226943486312,247553030267013.6,55.47646039286985,0.04588705354191895,270.4453057858981,4006052.635690871,0.9942973148413076,0.003962931493167365
4.26,schechter,-2,10728263320160.998,0.010728263320160998,188,10,0.05319148936170213,0.02539465262533791,188570017521803.94,35.2598027591256,0.04565134460972769,270.160180269838,3987219.681670151,0.9835016009705334,0.001328493697505872
4.27,schechter,-2,10808443845068.82,0.01080844384506882,85,10,0.11764705882352941,0.025281797653143312,295356959217821.3,88.28839626280804,0.04541711980725716,269.87498695435687,3968509.7805564064,0.9728360917260455,0.0028935347318461936
4.28,schechter,-2,10889036194519.125,0.010889036194519124,116,10,0.08620689655172414,0.02516961401354678,242666946853427.44,84.63286322317882,0.0451843696682072,269.5897322769218,3949921.907314913,0.9622991023162221,0.002087991118179472
4.29,schechter,-2,10970041517999.38,0.010970041517999381,99,10,0.10101010101010101,0.02505809522384117,59388837793584.64,24.836735668584062,0.04495308475551311,269.3044225890811,3931455.0472522303,0.9518889702660658,0.00240934590499507
4.3,schechter,-2,11051460965461.44,0.011051460965461439,83,10,0.12048192771084337,0.024947290776163755,187038881041884.7,43.0032219518394,0.04472325566237682,269.01906415867455,3913108.1958865277,0.9416040551427731,0.0028301771276700834
4.31,schechter,-2,11133295687320.258,0.011133295687320258,83,10,0.12048192771084337,0.024837138969514116,163433346815339.0,52.65142482982409,0.044494873013256726,268.7336631696514,3894880.358826569,0.9314427382769254,0.002787273823220333
4.32,schechter,-2,11215546834452.57,0.011215546834452571,102,10,0.09803921568627451,0.024727633455902898,609686685748293.4,41.376522671868074,0.044267927464816684,268.44822572335676,3876770.551660913,0.9214034224934262,0.0022337378525913603
4.33,schechter,-2,11298215558195.621,0.01129821555819562,47,10,0.2127659574468085,0.024618824945365825,150689834433831.97,18.38158926477555,0.04404240970683595,268.16275784075674,3858777.7998315697,0.9114845318439088,0.004774399602100832
4.34,schechter,-2,11381303010345.896,0.011381303010345897,106,10,0.09433962264150944,0.02451065226468574,160487704479460.06,57.793570616283944,0.04381831046308065,267.8772654613181,3840901.138524533,0.9016845113337747,0.002084988255637287
4.35,schechter,-2,11464810343157.861,0.011464810343157862,88,10,0.11363636363636363,0.024403114121300473,338822777962294.7,37.97856016240153,0.043595620492138186,267.5917544460202,3823139.612554538,0.8920018266641541,0.002473593451419754
4.36,schechter,-2,11548738709342.7,0.011548738709342699,82,10,0.12195121951219512,0.024296252542199803,113617855041435.28,29.07412391708697,0.04337433058821551,267.3062305766741,3805492.276251821,0.8824349639638961,0.0026146174068943664
4.37,schechter,-2,11633089262067.016,0.011633089262067015,68,10,0.14705882352941177,0.02419000746283051,170468699615541.8,39.72265636009201,0.0431544315819022,267.0206995582377,3787958.1933524255,0.8729824295346719,0.003105507571377003
4.38,schechter,-2,11717863154951.664,0.011717863154951665,125,10,0.08,0.02408439598531631,211113499430672.3,37.38649930280539,0.042935914340899516,266.7351670188464,3770536.4368874063,0.8636427495903465,0.0016640251176785023
4.39,schechter,-2,11803061542070.43,0.01180306154207043,85,10,0.11764705882352941,0.023979429047552236,229707797775176.56,24.433535505197632,0.04271876977071631,266.4496385112357,3753226.089076467,0.8544144700042179,0.0024103966071374223
4.3999999999999995,schechter,-2,11888685577948.818,0.011888685577948819,80,10,0.125,0.023875061215824056,101783231025717.66,39.988518439612434,0.0425029888153329,266.1641195131647,3736026.2412209357,0.8452961560550548,0.0025226871839144
4.41,schechter,-2,11974736417562.807,0.011974736417562807,116,10,0.08620689655172414,0.02377133494218142,458926961162369.9,97.69947489409702,0.04228856245783335,265.8786154291265,3718935.9935974055,0.8362863921796597,0.0017137624082837226
4.42,schechter,-2,12061215216337.652,0.012061215216337653,54,10,0.18518518518518517,0.023668213018051887,153592578484413.1,43.63229068380329,0.042075481721007855,265.5931315902121,3701954.455356704,0.8273837817229914,0.003626425109907612
4.43,schechter,-2,12148123130146.627,0.012148123130146626,105,10,0.09523809523809523,0.02356568801109704,262438146344208.66,43.941887280613045,0.041863737667925324,265.3076732555631,3685080.744418201,0.8185869466945769,0.0018371966281677068
4.4399999999999995,schechter,-2,12235461315309.828,0.012235461315309828,62,10,0.16129032258064516,0.023463791446576177,133690433000499.7,37.71452741346387,0.041653321402477496,265.0222456141576,3668313.9873721073,0.8098945275299002,0.00306503165930402
4.45,schechter,-2,12323230928592.932,0.012323230928592931,100,10,0.1,0.023362466060523945,168817266189908.66,23.551618280135745,0.041444224069895445,264.7368537834936,3651653.319377335,0.8013051828435211,0.0018720465138303698
4.46,schechter,-2,12411433127206.035,0.012411433127206035,144,10,0.06944444444444445,0.023261760085386163,601003527051825.2,35.05767478303772,0.041236436857238865,264.45150281223744,3635097.884063798,0.7928175891977276,0.0012807175382910962
4.47,schechter,-2,12500069068802.4,0.0125000690688024,62,10,0.16129032258064516,0.023161628988962457,180789439223463.56,56.40684639863948,0.04102995099385941,264.1661976808898,3618646.833436934,0.7844304408677556,0.0029304333611334206
4.4799999999999995,schechter,-2,12589139911477.31,0.012589139911477311,115,10,0.08695652173913043,0.023062082959322883,340454212141322.25,22.438323618388477,0.04082475775183858,263.88094330146777,3602299.327779113,0.7761424496057516,0.0015564749183530368
4.49,schechter,-2,12678646813766.834,0.012678646813766833,99,10,0.10101010101010101,0.02296312632420383,318013820880787.6,62.618665572477845,0.04062084844640118,263.59574451983565,3586054.5355572705,0.7679523444162958,0.0017812713834141302
4.5,schechter,-2,12768590934646.666,0.012768590934646665,75,10,0.13333333333333333,0.022864724533204872,251189678488007.2,32.65366843813967,0.04041821443630461,263.31060611528113,3569911.633328093,0.7598588713254686,0.002316528503595841
4.51,schechter,-2,12858973433530.924,0.012858973433530924,116,10,0.08620689655172414,0.022766922804500878,202574183181382.6,53.08671343905852,0.04021684712420523,263.02553280214994,3553869.805647869,0.7518607931593013,0.0014756514342748805
4.52,schechter,-2,12949795470271.004,0.012949795470271004,153,10,0.06535947712418301,0.022669655084748164,177481668305055.56,29.48813637558996,0.04001673795700224,262.74052923011806,3537928.2449801154,0.7439568893200362,0.0011023036652815287
4.53,schechter,-2,13041058205154.393,0.013041058205154393,79,10,0.12658227848101267,0.022572983605731567,139159594721903.67,23.798266699008337,0.03981787842615967,262.45559998511504,3522086.15160432,0.7361459555668238,0.0021034190615741156
4.54,schechter,-2,13132762798903.494,0.013132762798903495,79,10,0.12658227848101267,0.022476841304202688,481395523429252.1,50.015401866830686,0.03962026006800758,262.17074959061046,3506342.7335315645,0.7284268038011326,0.0020724979330083095
4.55,schechter,-2,13224910412674.47,0.01322491041267447,87,10,0.11494252873563218,0.022381274340175117,279887136200554.75,29.258275015163445,0.0394238744640223,261.8859825072053,3490697.2064130404,0.7207982618481803,0.0018542969703845406
4.56,schechter,-2,13317502208056.117,0.013317502208056118,81,10,0.12345679012345678,0.022286238607325703,334160102992354.8,66.08957897361165,0.03922871324108732,261.6013031346598,3475148.7934561176,0.7132591732490497,0.0019624523609743437
4.57,schechter,-2,13410539347068.654,0.013410539347068654,120,10,0.08333333333333333,0.02219176105515608,249088889048394.2,56.86566977174327,0.03903476807173469,261.316715811924,3459696.7253384124,0.7058083970490413,0.0013052609415029211
4.58,schechter,-2,13504022992162.65,0.01350402299216265,62,10,0.16129032258064516,0.022097813309445713,165760480823253.3,50.140374470515404,0.03884203067436807,261.0322248178942,3444340.2401227453,0.6984448075905243,0.0024893714459817964
4.59,schechter,-2,13597954306217.832,0.013597954306217831,94,10,0.10638297872340426,0.0220044102315623,209311225293254.94,44.95590215325454,0.0386504928134673,260.7478343723212,3429078.583176759,0.6911672943093704,0.0016179498598534407
4.6,schechter,-2,13692334452541.951,0.01369233445254195,111,10,0.09009009009009009,0.02191153215790287,323281118786168.44,54.64656574004128,0.038460146299776024,260.4635486366578,3413911.0070874332,0.6839747615324004,0.0013501743227487511
4.61,schechter,-2,13787164594869.703,0.013787164594869703,74,10,0.13513513513513514,0.021819188782238985,139179014126207.22,34.387225404665095,0.03827098299047199,260.17937171439166,3398836.7715838132,0.6768661282773575,0.001995766193673899
4.62,schechter,-2,13882445897361.527,0.013882445897361527,60,10,0.16666666666666666,0.021727362330385747,192489623549917.62,63.14972270638806,0.038082994789321374,259.8953076519686,3383855.1434541843,0.6698403280555486,0.002425643918527893
4.63,schechter,-2,13978179524602.531,0.013978179524602532,76,10,0.13157894736842105,0.021636064050265302,79612732344995.05,22.922501896694307,0.03789617364681675,259.6113604394132,3368965.396468138,0.6628963086768616,0.0018871667096338179
4.64,schechter,-2,14074366641601.396,0.014074366641601397,69,10,0.14492753623188406,0.021545271433154434,140160311389375.16,40.341671293107666,0.03771051156030021,259.3275340110853,3354166.8113015178,0.65603303205789,0.002048465180406166
4.6499999999999995,schechter,-2,14171008413789.217,0.014171008413789217,52,10,0.19230769230769232,0.02145500380711829,508652222945085.9,41.406168781599355,0.03752600057407135,259.04383224654276,3339458.6754533774,0.6492494740309166,0.002678778834058243
4.66,schechter,-2,14268106007018.42,0.01426810600701842,129,10,0.07751937984496124,0.021365227499150707,242327213707478.2,52.09381061086591,0.03734263277948092,258.76025897045076,3324840.2831766997,0.6425446241553697,0.001064194734374865
4.67,schechter,-2,14365660587561.629,0.014365660587561628,133,10,0.07518796992481203,0.021275976250726192,132464990918692.83,34.62593980326518,0.037160400315010805,258.4768179543222,3310310.935399574,0.6359174855341668,0.001017275587943342
4.68,schechter,-2,14463673322110.66,0.014463673322110661,94,10,0.10638297872340426,0.021187198986003963,222037503585174.1,49.92446823030347,0.036979295366340204,258.19351291651753,3295869.9396521407,0.6293670746289247,0.0014185665367449187
4.6899999999999995,schechter,-2,14562145377775.314,0.014562145377775315,62,10,0.16129032258064516,0.02109895000341866,168450852594230.66,47.29836459476216,0.03679931016639911,257.910347522245,3281516.609994206,0.6228924210775106,0.0021197380725520645
4.7,schechter,-2,14661077922082.361,0.014661077922082362,95,10,0.10526315789473684,0.02101116317253826,250016771852309.8,76.10610719771046,0.036620436995409095,257.6273253863454,3267250.26694219,0.6164925675203141,0.0013634974664027768
4.71,schechter,-2,14760472122974.434,0.014760472122974433,120,10,0.08333333333333333,0.020923894109775798,233915088865192.1,71.65897480128882,0.03644266818091213,257.3444500709762,3253070.2373980703,0.6101665694166182,0.001063921723983207
4.72,schechter,-2,14860329148808.957,0.014860329148808957,162,10,0.06172839506172839,0.02083708967346376,135377769476678.84,34.462529015233386,0.03626599609778732,257.0617250888961,3238975.8545814385,0.6039134948771634,0.0007767777560352067
4.7299999999999995,schechter,-2,14960650168357.049,0.01496065016835705,114,10,0.08771929824561403,0.02075077803438019,344701604680793.6,108.79931393351998,0.03609041316825672,256.7791539022841,3224966.457955114,0.5977324244868285,0.0010880186723226401
4.74,schechter,-2,15061436350802.531,0.015061436350802532,77,10,0.12987012987012986,0.020664942269725484,460348981837319.9,51.53401019107323,0.03591591186187994,256.4967399245109,3211041.393161196,0.5916224511383463,0.0015877719218503133
4.75,schechter,-2,15162688865740.723,0.015162688865740723,134,10,0.07462686567164178,0.02057957165947666,173726126606271.1,61.791421672687726,0.035742484695538375,256.2144865194873,3197200.011952672,0.5855826798615227,0.0008993313972207899
4.76,schechter,-2,15264408883177.508,0.015264408883177507,87,10,0.11494252873563218,0.020494691007150623,225340026599505.3,59.87519125810278,0.035570124233408995,255.93239700378373,3183441.672123255,0.5796122276605724,0.0013653992540080084
4.77,schechter,-2,15366597573528.268,0.015366597573528267,89,10,0.11235955056179775,0.020410252542222618,376674601779914.9,68.74076315386067,0.03539882308692853,255.6504746459034,3169765.737445429,0.5737102233483864,0.0013156820836624167
4.78,schechter,-2,15469256107616.738,0.015469256107616739,77,10,0.12987012987012986,0.020326306346288403,336173037214310.0,18.950117121539726,0.03522857391474806,255.36872266738715,3156171.577604061,0.567875807386183,0.0014990672243607043
4.79,schechter,-2,15572385656674.031,0.01557238565667403,102,10,0.09803921568627451,0.020242803876543092,248583744416898.84,35.70019401557163,0.0350593694226785,255.08714424379738,3142658.568130008,0.5621081317247929,0.0011155533988151992
4.8,schechter,-2,15675987392337.604,0.015675987392337602,104,10,0.09615384615384616,0.020159759159851465,86617383539968.2,25.987295822795538,0.034891202363627125,254.8057425040066,3129226.0903392765,0.5564063596451331,0.0010785594428322674
4.81,schechter,-2,15780062486650.201,0.0157800624866502,72,10,0.1388888888888889,0.020077179512249965,458700154427290.4,57.06926731584518,0.034724065537525745,254.52452053249783,3115873.5312690753,0.5507696656067097,0.0015358196453177497
4.82,schechter,-2,15884612112058.803,0.015884612112058803,161,10,0.062111801242236024,0.019995028346249222,698249644564561.1,93.9999591917675,0.03455795179125056,254.2434813685323,3102600.2836156418,0.5451972350914177,0.0006770952900589812
4.83,schechter,-2,15989637441413.615,0.015989637441413615,105,10,0.09523809523809523,0.019913350893463133,246100061657561.8,34.548751512718084,0.03439285401853435,253.96262800690607,3089405.7456736234,0.5396882644530445,0.001023523979346438
4.84,schechter,-2,16095139647967.041,0.016095139647967042,128,10,0.078125,0.019832103960473635,215806203920831.94,31.05454349509929,0.034228765159870625,253.6819633990853,3076289.321274794,0.5342419607692864,0.0008277454770331067
4.85,schechter,-2,16201119905372.639,0.016201119905372638,139,10,0.07194244604316546,0.01975128987045016,141752794106262.5,36.555624959126284,0.034065678202410896,253.4014904535087,3063250.419728769,0.5288575416941687,0.0007514833529622451
4.86,schechter,-2,16307579387684.184,0.016307579387684182,133,10,0.07518796992481203,0.019670934381230132,171656202584859.16,59.22811553362739,0.03390358617985464,253.12121203561802,3050288.455764161,0.5235342353118272,0.0007743163600861991
4.87,schechter,-2,16414519269354.541,0.01641451926935454,54,10,0.18518518518518517,0.01959099400395281,165699537904718.94,21.101049736408214,0.033742482172332715,252.84113096872048,3037402.8494712934,0.5182712799941357,0.0018802684331085296
4.88,schechter,-2,16521940725234.732,0.016521940725234732,60,10,0.16666666666666666,0.01951149202253899,348424003911001.9,65.76560593508519,0.03358235930628393,252.5612500349425,3024593.026241584,0.5130679242596974,0.001668453451868954
4.89,schechter,-2,16629844930572.918,0.01662984493057292,54,10,0.18518518518518517,0.019432425025285527,213945478344508.16,26.94055617544034,0.03342321075432565,252.2815719746998,3011858.4167142524,0.5079234266328365,0.0018278118345608722
4.8999999999999995,schechter,-2,16738233061013.393,0.016738233061013394,106,10,0.09433962264150944,0.01935376545967027,161201090061883.7,27.56136376048258,0.03326502973511832,252.00209948798394,2999198.4567176998,0.5028370555071704,0.00091809343742613
4.91,schechter,-2,16847106292595.592,0.01684710629259559,127,10,0.07874015748031496,0.01927554367227713,156278945015106.88,46.95948592502591,0.033107809513224104,251.72283523507357,2986612.5872155535,0.49780808901048795,0.0007555528787507465
4.92,schechter,-2,16956465801753.064,0.016956465801753064,73,10,0.136986301369863,0.01919773972556338,168325016120730.44,47.66762050920146,0.032951543398960184,251.443781836141,2974100.254251155,0.4928358148688972,0.00129607310976562
4.93,schechter,-2,17066312765312.584,0.017066312765312584,80,10,0.125,0.019120335641817254,274104447182601.8,36.25713453010502,0.032796224748246505,251.16494187205421,2961660.908893382,0.48791953027531243,0.0011661481481327236
4.9399999999999995,schechter,-2,17176648360493.041,0.01717664836049304,160,10,0.0625,0.019043362796841268,129494821697195.84,43.68675632300575,0.03264184696244863,250.886317885391,2949294.0071838005,0.48305854176021984,0.0005749411914283103
4.95,schechter,-2,17287473764904.555,0.017287473764904554,84,10,0.11904761904761904,0.0189667968724605,420780226454461.75,103.54890021787878,0.03248840348821557,250.60791238034818,2936999.0100829303,0.4782521650617947,0.0010798704367311323
4.96,schechter,-2,17398790156547.441,0.017398790156547442,56,10,0.17857142857142858,0.01889062335417324,253503477991999.3,40.75910641678975,0.03233588781731316,250.32972782315005,2924775.38341962,0.47349972499917997,0.0015972687434400207
4.97,schechter,-2,17510598713811.271,0.017510598713811273,53,10,0.18867924528301888,0.018814868856776634,177442015979367.56,40.260030430738595,0.032184293486452624,250.05176664295658,2912622.597837311,0.4688005553478204,0.0016642303714817543
4.9799999999999995,schechter,-2,17622900615473.926,0.017622900615473926,101,10,0.09900990099009901,0.018739516338687423,233219833800274.56,42.68891554021507,0.03203361407711513,249.77403123181804,2900540.12874541,0.4641539987154241,0.0008611902418410685
4.99,schechter,-2,17735697040700.562,0.017735697040700563,123,10,0.08130081300813008,0.01866454888168745,454537476992647.4,50.491574525602616,0.03188384321537219,249.4965239456738,2888527.4562673313,0.45955940642094534,0.0006973552036734149
