z,luminosity_function,alpha_intrinsic,L_min_Jy_kpc2,L_min_over_L_star,n_generated,n_detected,detection_rate_10_per_n,N_ratio_detectable_L,mean_detected_L,mean_SNR,SFR_psi,comoving_volume_Mpc3,time_Gyr,nfrb_sfr_base,n_total_population_scaled
0.01,schechter,-2,10000000000.0,1e-05,11,10,0.9090909090909091,1.0,1226742227715.6194,2599358.6207522126,0.015366633837018974,0.06696432603407357,137678720.05218962,0.00283347288220727,0.0025758844383702456
0.02,schechter,-2,10000000000.0,1e-05,15,10,0.6666666666666666,1.0,146024088952.2986,73192.4427807987,0.015778461234561884,0.25027590169303987,135706863.92550436,0.010718042923690226,0.0071453619491268165
0.03,schechter,-2,10000000000.0,1e-05,21,10,0.47619047619047616,1.0,3469873209836.5474,492315.2451708366,0.016197006898133106,0.5517733682295296,133769703.76805276,0.023910202994413862,0.011385810949720887
0.04,schechter,-2,10000000000.0,1e-05,16,10,0.625,1.0,451681883374.02655,5105.857220108681,0.0166223021408091,0.9680982353665103,131866423.28089881,0.042439946029083235,0.026524966268177023
0.05,schechter,-2,10000000000.0,1e-05,18,10,0.5555555555555556,1.0,127425983918.22388,1647.2493942311708,0.01705437728000787,1.495903203636506,129996236.70924087,0.06632849362517523,0.03684916312509735
0.060000000000000005,schechter,-2,10000000000.0,1e-05,22,10,0.45454545454545453,1.0,2964826685766.475,4914.995686280435,0.017493261604641853,2.1318552440241807,128158387.20751494,0.0955884748106548,0.04344930673211582
0.06999999999999999,schechter,-2,10000000000.0,1e-05,30,10,0.3333333333333333,1.0,131214668494.00635,804.1413491463971,0.017938983341287663,2.872638575415606,126352145.30294725,0.13022411973892806,0.04340803991297602
0.08,schechter,-2,10000000000.0,1e-05,29,10,0.3448275862068966,1.0,1173372721142.0066,1585.0994431010517,0.018391569619367408,3.714957535680987,124576807.45144194,0.17023146706753406,0.05870050588535657
0.09,schechter,-2,10000000000.0,1e-05,26,10,0.38461538461538464,1.0,1000175432192.7012,17637.330971708267,0.018851046435337065,4.655539342696588,122831694.67989907,0.2155985837759988,0.082922532221538
0.09999999999999999,schechter,-2,10000000000.0,1e-05,21,10,0.47619047619047616,1.0,840586516177.4236,1372.5384637157138,0.019317438615878545,5.691136742195166,121116151.30983643,0.2663057961890749,0.12681228389955948
0.11,schechter,-2,10000000000.0,1e-05,37,10,0.2702702702702703,1.0,229577993328.16324,1070.3307244166124,0.019790769780093035,6.818530539754179,119429543.75708403,0.3223259309804306,0.08711511648119746
0.12,schechter,-2,10000000000.0,1e-05,22,10,0.45454545454545453,1.0,11685919896505.77,37532.341399721154,0.020271062300694323,8.03453201485835,117771259.40308331,0.3836245649573339,0.17437480225333357
0.13,schechter,-2,10000000000.0,1e-05,42,10,0.23809523809523808,1.0,1450498695198.5852,1425.1539372862221,0.02075833726420218,9.335985215275212,116140705.53330435,0.45016028244197936,0.1071810196290427
0.14,schechter,-2,10000000000.0,1e-05,28,10,0.35714285714285715,1.0,1885218840411.441,641.4667541973491,0.021252614430137,10.719769130636681,114537308.33873443,0.521884939102664,0.18638747825095142
0.15000000000000002,schechter,-2,10000000000.0,1e-05,29,10,0.3448275862068966,1.0,104565039277.9261,268.4288002676714,0.021753912189218152,12.182799744410023,112960511.97664525,0.5987439311134524,0.20646342452188013
0.16,schechter,-2,10000000000.0,1e-05,24,10,0.4166666666666667,1.0,4993042176699.121,548.8538441126509,0.02226224752057046,13.72203196397942,111409777.68701176,0.680676468562353,0.2836151952343138
0.17,schechter,-2,10000000000.0,1e-05,26,10,0.38461538461538464,1.0,368308660917.13367,131.920956795545,0.02277763594794393,15.334461428924213,109884582.96125181,0.7676158520660092,0.29523686617923434
0.18000000000000002,schechter,-2,10000000000.0,1e-05,44,10,0.22727272727272727,1.0,689136505264.1946,766.5318182973748,0.023300091494954225,17.01712619789077,108384420.7601139,0.8594897515875022,0.19533857990625048
0.19,schechter,-2,10000000000.0,1e-05,29,10,0.3448275862068966,1.0,18395014577278.836,43302.871757058696,0.023829626639352574,18.767108314982014,106908798.77780546,0.9562204865074092,0.3297312022439342
0.2,schechter,-2,10000000000.0,1e-05,26,10,0.38461538461538464,1.0,127274471038.65451,44.85674035345939,0.024366252266335785,20.581535256852792,105457238.74949963,1.0577253060407343,0.4068174254002825
0.21000000000000002,schechter,-2,10000000000.0,1e-05,46,10,0.21739130434782608,1.0,331827451498.36523,382.376486053858,0.02490997762090884,22.457581261859403,104029275.79969656,1.1639166691340375,0.25302536285522553
0.22,schechter,-2,10000000000.0,1e-05,25,10,0.4,1.0,3907696738734.714,1328.4314977095682,0.025460810259314456,24.39246854323387,102624457.82893437,1.2747025230426283,0.5098810092170514
0.23,schechter,-2,10000000000.0,1e-05,41,10,0.24390243902439024,1.0,6073342487901.417,3169.648101130562,0.026018755999546127,26.38346838820973,101242344.93655138,1.38998657982285,0.3390211170299634
0.24000000000000002,schechter,-2,10000000000.0,1e-05,58,10,0.1724137931034483,1.0,20216853005869.688,2732.217355636214,0.02658381887096318,28.42790214550701,99882508.87732875,1.5096685900375697,0.26028768793751206
0.25,schechter,-2,10000000000.0,1e-05,31,10,0.3225806451612903,1.0,972498819604.2996,80.75928334344609,0.027156001063028613,30.523142103604133,98544532.5499974,1.633644613014253,0.5269821332304042
0.26,schechter,-2,10000000000.0,1e-05,31,10,0.3225806451612903,1.0,4276752945317.171,751.7441086453157,0.02773530287319293,32.66661226267885,97228009.51565525,1.7618072830588476,0.5683249300189831
0.27,schechter,-2,10000000000.0,1e-05,52,10,0.19230769230769232,1.0,4272126623143.854,668.7717946864936,0.0283217226539493,34.855789002877025,95932543.54423486,1.8940460710574731,0.36423962904951407
0.28,schechter,-2,10000000000.0,1e-05,36,10,0.2777777777777778,1.0,1880650019514.5593,2916.9378743420243,0.028915256759088154,37.088201652380306,94657748.18751705,2.0302475409878276,0.5639576502743966
0.29000000000000004,schechter,-2,10000000000.0,1e-05,47,10,0.2127659574468085,1.0,957491420586.3158,347.2428945287154,0.029515899489181725,39.361432958127864,93403246.37677355,2.1702956008621586,0.46176502146003373
0.3,schechter,-2,10000000000.0,1e-05,33,10,0.30303030303030304,1.0,9241201624417.824,125.16774680078038,0.03012364303633178,41.673119462573474,92168670.04385954,2.314071747705381,0.7012338629410245
0.31,schechter,-2,10000000000.0,1e-05,28,10,0.35714285714285715,1.0,13405497259020.445,2150.850931280772,0.030738477428216556,44.020951790288755,90953659.76403436,2.461455306225371,0.8790911807947753
0.32,schechter,-2,10000000000.0,1e-05,36,10,0.2777777777777778,1.0,2463899292207.241,277.5532587138945,0.03136039047147566,46.402674847161855,89757864.41943079,2.6123236608267915,0.7256454613407755
0.33,schechter,-2,10000000000.0,1e-05,36,10,0.2777777777777778,1.0,1352752894583.3276,214.9916776501549,0.031989367694474906,48.816087936674926,88580940.88171776,2.7665524807462223,0.768486800207284
0.34,schechter,-2,10000000000.0,1e-05,45,10,0.2222222222222222,1.0,5000789390666.388,828.7894575493243,0.032625392289495694,51.2590447961289,87422553.71285346,2.924015938042902,0.6497813195650892
0.35000000000000003,schechter,-2,10000000000.0,1e-05,46,10,0.21739130434782608,1.0,776273929481.426,119.21060062044255,0.03326844505439697,53.72945355680116,86282374.8828454,3.08458691827974,0.6705623735390739
0.36000000000000004,schechter,-2,10000000000.0,1e-05,60,10,0.16666666666666666,1.0,1211323144124.1729,111.59109059775096,0.03391850433380093,56.22527663172871,85160083.50335014,3.2481372237461397,0.5413562039576899
0.37,schechter,-2,10000000000.0,1e-05,32,10,0.3125,1.0,5419357408234.028,163.1600759459259,0.03457554595985672,58.74453053444814,84055365.5762477,3.4145377690974588,1.0670430528429558
0.38,schechter,-2,10000000000.0,1e-05,44,10,0.22727272727272727,1.0,2361648869128.4985,612.330468409068,0.035239543192639965,61.28528563287395,82967913.75619605,3.5836587693644857,0.8144679021282921
0.39,schechter,-2,10000000000.0,1e-05,61,10,0.16393442622950818,1.0,1322320882344.065,152.85354460104415,0.03591046666024937,63.845665841291186,81897427.12626469,3.7553699202514945,0.6156344131559827
0.4,schechter,-2,10000000000.0,1e-05,50,10,0.2,1.0,3940338147934.2227,259.0865438843029,0.03658828429866464,66.42384825468045,80843610.98588744,3.9295405707495887,0.7859081141499178
0.41000000000000003,schechter,-2,10000000000.0,1e-05,49,10,0.20408163265306123,1.0,2435392706456.1494,199.2591984105829,0.03727296129143468,69.01806272814609,79806176.65031886,4.10603988803504,0.8379673240887837
0.42000000000000004,schechter,-2,10490953180.704412,1.0490953180704413e-05,53,10,0.18867924528301888,0.9761884098412182,26792970076902.383,23876.33649513819,0.037964460009266905,71.62659140586246,78784841.26087493,4.284737014750055,0.7891906817012576
0.43,schechter,-2,11171163922.276989,1.117116392227699e-05,41,10,0.24390243902439024,0.9458276052123927,1236560946659.761,33.77905423632529,0.038662739949594106,74.24776820212855,77779327.60525452,4.465501218683225,1.030144957009799
0.44,schechter,-2,11880774142.485723,1.1880774142485723e-05,57,10,0.17543859649122806,0.9169769035883808,1821350247256.472,204.21238555069812,0.03936775767619714,76.8799782382874,76789363.94735558,4.648202034965929,0.7477708612765382
0.45,schechter,-2,12620485874.807146,1.2620485874807145e-05,61,10,0.16393442622950818,0.889531060585684,2582818775179.501,144.89763211465782,0.04007946675896711,79.52165723856629,75814683.86589663,4.83270940087724,0.7047287080106125
0.46,schechter,-2,13391005760.091145,1.3391005760091144e-05,47,10,0.2127659574468085,0.8633963254547161,1942900909511.537,80.81808498010659,0.04079781771389325,82.17129088832709,74855026.10136408,5.018893783408804,0.9219775426473786
0.47000000000000003,schechter,-2,14193044958.858765,1.4193044958858765e-05,42,10,0.23809523809523808,0.8384856896727474,2196788110449.7761,233.02756122996053,0.04152275794336715,84.82741415743871,73910134.4107027,5.2066262997090025,1.0394480104237542
0.48000000000000004,schechter,-2,15027319065.621595,1.5027319065621595e-05,88,10,0.11363636363636363,0.8147202304722014,1697359598900.2222,554.2019008761366,0.04225423167689769,87.48861059191317,72979757.42922702,5.395778830572715,0.49955115595695765
0.49,schechter,-2,15894548025.202927,1.5894548025202926e-05,75,10,0.13333333333333333,0.7920270875119956,26199081193321.27,112.54534008774064,0.042992179912334685,90.15351157689456,72063648.53939462,5.586224127168812,0.5899254434174339
0.5,schechter,-2,16795456051.042728,1.679545605104273e-05,76,10,0.13157894736842105,0.7703396408128265,18028654606047.617,654.06228096847,0.04373654035770323,92.82079557332631,71161565.7458431,5.777835911149571,0.5856442158513697
0.51,schechter,-2,17730771545.463814,1.7730771545463814e-05,77,10,0.12987012987012986,0.7495962005802276,2561833622602.973,565.5045992105107,0.04448724737375437,95.48918733172792,70273271.55644336,5.970488968393409,0.5812280319888131
0.52,schechter,-2,18701227021.87988,1.8701227021879878e-05,46,10,0.21739130434782608,0.7297405339341936,95817794033497.6,428.99968135966446,0.04524423191734168,98.1574570847158,69398532.8688438,6.164059236514011,0.9778617127077678
0.53,schechter,-2,19707559028.911575,1.9707559028911574e-05,65,10,0.15384615384615385,0.7107198781010433,3251387067549.932,162.13876174494095,0.04600742148573693,100.82441972163657,68537120.86228469,6.358423886411596,0.6952397306869557
0.54,schechter,-2,20750508076.394257,2.0750508076394256e-05,40,10,0.25,0.6924857383127214,1132992811954.3215,66.30906893678716,0.046776740062001616,103.48893394721544,67688810.89416112,6.553461398036442,1.1345446386807962
0.55,schechter,-2,21830818563.238464,2.1830818563238465e-05,64,10,0.15625,0.674994086711348,10550109773036.432,203.30819844958995,0.04755210806153499,106.14990142661165,66853382.401291125,6.749051630616338,0.711807803371189
0.56,schechter,-2,22949238707.12375,2.294923870712375e-05,56,10,0.17857142857142858,0.6582025679461505,18682971410306.57,2229.9815626061954,0.04833344227992233,108.80626591893916,66030618.80524841,6.945075887532339,0.8162976399561922
0.5700000000000001,schechter,-2,24106520475.98601,2.4106520475986013e-05,56,10,0.17857142857142858,0.6420728666867859,481886447295.0905,36.56059560032744,0.049120655842211244,111.45701240167382,65220307.42184981,7.141416976125604,0.8188053696547579
0.5800000000000001,schechter,-2,25303419521.27204,2.5303419521272042e-05,62,10,0.16129032258064516,0.6265688348112731,5057697794420.025,1336.3552160935867,0.04991365815374634,114.10116618715116,64422239.37422575,7.337959262583122,0.7415704169434348
0.59,schechter,-2,26540695112.92706,2.654069511292706e-05,64,10,0.15625,0.6116577752641257,4010713046692.1006,182.13951811558735,0.050712354852696435,116.73779203446578,63636209.50946025,7.534588722244693,0.7200921524028688
0.6,schechter,-2,27819110076.082016,2.7819110076082017e-05,69,10,0.14492753623188406,0.5973080179901673,27982010802895.01,75.57020782435977,0.051516647764411366,119.3659932561068,62862016.318445235,7.731192985388423,0.6692613853336006
0.61,schechter,-2,29139430729.404934,2.9139430729404933e-05,97,10,0.10309278350515463,0.5834903455665936,25271157027327.55,4456.49176436457,0.05232643485774771,121.98491082435388,62099461.8588071,7.927661378942709,0.47687771933342465
0.62,schechter,-2,30502426825.087196,3.0502426825087197e-05,34,10,0.29411764705882354,0.5701785834332508,28583204579144.53,125.57157716563464,0.05314161020350689,124.59372247505414,61348351.680681646,8.123884964089857,1.3623721237645412
0.63,schechter,-2,31908871490.42207,3.190887149042207e-05,54,10,0.18518518518518517,0.557346106639258,6121664801189.176,390.79979925255486,0.05396206393512963,127.1916418139903,60608494.75515795,8.319756570222104,0.8587007282591993
0.64,schechter,-2,33359541170.947517,3.3359541170947515e-05,96,10,0.10416666666666667,0.544969844534399,2417479650348.9717,88.79778768154264,0.054787682211795266,129.77791742454812,59879703.405252725,8.515170825297487,0.4833865959214814
0.65,schechter,-2,34855215575.115036,3.4855215575115035e-05,50,10,0.2,0.5330277164856718,3441989054025.532,289.07316072588617,0.055618347184074164,132.35183197914034,59161793.23922499,8.710024182878382,0.9285368601469287
0.66,schechter,-2,36396677620.45003,3.639667762045003e-05,56,10,0.17857142857142858,0.5214985815450583,9211218053068.23,97.44668928295039,0.056453936962285574,134.91270135585444,58454583.086089864,8.904214946078095,0.8292027614557206
0.67,schechter,-2,37984713381.164566,3.798471338116457e-05,55,10,0.18181818181818182,0.5103624831951039,80641367394011.28,305.95437038156086,0.05729432558771266,137.4598737598047,57757894.933217816,9.097643288512652,0.8441992399906524
0.68,schechter,-2,39620112037.19678,3.962011203719678e-05,93,10,0.10752688172043011,0.499601726070363,7540526218015.971,161.57609131946043,0.05813938300682973,139.99272885304248,57071553.86587637,9.290211272637494,0.49907586960946626
0.6900000000000001,schechter,-2,41303665824.63044,4.130366582463044e-05,49,10,0.20408163265306123,0.4891986333508198,385941570569.0753,36.460599618928725,0.05898897504869533,142.5106768904829,56395388.00860588,9.48182286542994,0.9466315892740574
0.7000000000000001,schechter,-2,43036169987.46874,4.303616998746874e-05,54,10,0.18518518518518517,0.4791367616059078,2751107556912.78,44.243189246718934,0.059842963405668255,145.0131578660844,55729228.46830064,9.672383951819933,0.8582212451266584
0.7100000000000001,schechter,-2,44818422730.72184,4.481842273072184e-05,59,10,0.1694915254237288,0.46940119432678973,21153879168690.023,462.8139640819657,0.06070120561760056,147.49964066748538,55072909.27894104,9.861802345882,0.7846003049782622
0.72,schechter,-2,46651225174.77822,4.665122517477822e-05,79,10,0.12658227848101267,0.45997709635336703,43627504811785.33,207.97302508329685,0.061563555059664696,149.96962224178745,54426267.3478233,10.049987800079068,0.5851600261603965
0.73,schechter,-2,48535381311.023865,4.853538131102386e-05,49,10,0.20408163265306123,0.4508509331559962,4162290768332.1343,93.50043691098297,0.062429860933968816,152.42262677116565,53789142.40325106,10.236852012597769,0.9418967923386821
0.74,schechter,-2,50471697958.67338,5.047169795867338e-05,69,10,0.14492753623188406,0.4420096596342934,119962212515983.4,21622.39717781281,0.06329996826511489,154.85820486110416,53161376.94359302,10.42230863307628,0.6676465350013919
0.75,schechter,-2,52460984722.787834,5.246098472278783e-05,63,10,0.15873015873015872,0.43344129313006863,13873169291788.15,273.9863790701558,0.06417371789985252,157.27593274004553,52542816.187593825,10.606273266749424,0.7297137777826583
0.76,schechter,-2,54504053953.43483,5.450405395343483e-05,72,10,0.1388888888888889,0.4251342871329613,11490336029097.129,81.1953206540261,0.06505094651097904,159.67541147166585,51933308.025967404,10.788663477220615,0.637032049514667
0.77,schechter,-2,56601720705.97106,5.660172070597106e-05,62,10,0.16129032258064516,0.4170775245333903,5313240940225.258,146.16807682920347,0.06593148660563516,162.0562661805018,51332702.97407133,10.969398787989043,0.7379176922764584
0.78,schechter,-2,58754802702.40701,5.875480270240701e-05,57,10,0.17543859649122806,0.4092609245781832,1224638905909.6682,81.70319859946873,0.06681516653814157,164.41814529041434,50740854.125752576,11.148400682828953,0.8004569773723904
0.79,schechter,-2,60964120293.82625,6.0964120293826245e-05,67,10,0.14925373134328357,0.4016744628891854,29559830176113.82,178.87412411906993,0.0677018105275198,166.76071977690057,50157617.108157024,11.32559260515599,0.6789852726235466
0.8,schechter,-2,63230496423.8292,6.32304964238292e-05,66,10,0.15151515151515152,0.3943092601663365,100639711329146.42,85.7344913226659,0.06859123867983588,169.0836824338631,49582850.03763585,11.500899956554928,0.6871077807751856
0.81,schechter,-2,65554756592.970375,6.555475659297038e-05,78,10,0.1282051282051282,0.3871561227631536,4678490349659.1455,303.3970671255435,0.06948326701550157,171.38674715386674,49016413.47646635,11.67425009444101,0.5794560772732258
0.8200000000000001,schechter,-2,67937728824.1604,6.79377288241604e-05,75,10,0.13333333333333333,0.38020675691987516,2748979139915.978,30.131454307529403,0.0703777075016633,173.66964822313162,48458170.39061373,11.845572329084654,0.6005022185468117
0.8300000000000001,schechter,-2,70380243629.00374,7.038024362900374e-05,87,10,0.11494252873563218,0.3734531506963198,8538924882266.756,215.25938011675515,0.0712743680898028,175.93213963122426,47907986.10823188,12.014797920017969,0.5157430043919885
0.8400000000000001,schechter,-2,72883133975.04462,7.288313397504461e-05,49,10,0.20408163265306123,0.3668881836836674,12266398552072.535,509.00745461576753,0.07217305275866856,178.17399439526525,47365728.279101126,12.181860071941589,0.9121184725884163
0.85,schechter,-2,75447235253.89452,7.544723525389451e-05,106,10,0.09433962264150944,0.3605041790533706,2077743365504.4792,161.09627162557632,0.0730735615626498,180.3950038987023,46831266.83476413,12.346693930157228,0.4199089395579779
0.86,schechter,-2,78073385250.21188,7.807338525021188e-05,79,10,0.12658227848101267,0.35429459215801207,62094155000323.69,750.5224181418273,0.07397569068569808,182.5949772455278,46304473.94949488,12.509236575693482,0.5610069456700519
0.87,schechter,-2,80762424111.51065,8.076242411151065e-05,41,10,0.24390243902439024,0.3482526267217404,14357725599531.645,260.4973655674437,0.07487923250089422,184.77374062846428,45785224.0019454,12.6694270200542,1.076136887510553
0.88,schechter,-2,83515194318.77118,8.351519431877117e-05,64,10,0.15625,0.3423722834972144,36860554229143.734,1882.7858448191469,0.07578397563574907,186.93113671306924,45273393.53755888,12.827206199810481,0.686199980862303
0.89,schechter,-2,86332540657.82861,8.633254065782862e-05,53,10,0.18867924528301888,0.33664774475763803,5051691386489.684,120.12882309661242,0.07668970504331966,189.0670240353861,44768861.231587745,12.982516970889806,0.8246292565146823
0.9,schechter,-2,89215310191.51324,8.921531019151324e-05,62,10,0.16129032258064516,0.3310733723571563,20611700083427.312,147.25050614610487,0.07759620207921059,191.1812764157065,44271507.85283817,13.135304102825375,0.70141119778374
0.91,schechter,-2,92164352232.52347,9.216435223252347e-05,66,10,0.15151515151515152,0.32564370555585953,41732650748623.484,1765.1675825493235,0.07850324458452297,193.2737823857917,43781216.22801512,13.28551427279902,0.655506681516596
0.92,schechter,-2,95180518317.00218,9.518051831700219e-05,52,10,0.19230769230769232,0.3203534586313439,10173482700499.207,93.55616391864469,0.07941060697480082,195.34444463158792,43297871.206686266,13.433096059666326,0.8275651505463818
0.93,schechter,-2,98264662178.80043,9.826466217880043e-05,55,10,0.18181818181818182,0.31519782612899117,29930478463609.887,427.00295303322645,0.08031806033501555,197.39317945012448,42821359.6268634,13.577999937914344,0.7781374661109415
0.9400000000000001,schechter,-2,101417639724.40244,0.00010141763972440243,36,10,0.2777777777777778,0.310172276325716,14995427455860.73,91.48268591570348,0.08122537252061583,199.41991622040155,42351570.28113079,13.720178271552358,1.1821163683561173
0.9500000000000001,schechter,-2,104640309008.49136,0.00010464030900849136,71,10,0.14084507042253522,0.3052722182949241,46679363871112.984,542.2981766701157,0.08213230826466011,201.4245968890163,41888393.88338472,13.859585308038358,0.5959079368496633
0.9600000000000001,schechter,-2,107933530210.14005,0.00010793353021014005,85,10,0.11764705882352941,0.30049325783812275,7464616815484.689,139.58056611067894,0.0830386292910345,203.40717546960056,41431723.03608367,13.99617717217267,0.49479492655832114
0.97,schechter,-2,111298165609.5982,0.00011129816560959821,54,10,0.18518518518518517,0.2958314195587184,4742157134510.117,205.43980123840984,0.08394409443374791,205.36761755617542,40981452.198053606,14.129911860002432,0.7740873858859426
0.98,schechter,-2,114735079565.66527,0.00011473507956566527,79,10,0.12658227848101267,0.29128283812533073,28805587166815.25,237.2781667087416,0.08484845976228053,207.3058998498743,40537477.652815565,14.260749232707123,0.5258115835818435
0.99,schechter,-2,118245138493.625,0.000118245138493625,100,10,0.1,0.2868437572321958,13376862122835.816,180.90053127743082,0.08575147871295036,209.22200970000273,40099697.47744613,14.3886510105506,0.4127294717369165
1.0,schechter,-2,121829210843.72572,0.00012182921084372573,73,10,0.136986301369863,0.28251052843616775,3655732960143.501,36.22626644722603,0.08665290222624604,211.11594465682344,39668011.51188104,14.51358076669919,0.5616766262878341
1.01,schechter,-2,125488167080.18703,0.00012548816708018702,97,10,0.10309278350515463,0.2782796098806918,15099183518741.996,318.3546151413324,0.08755247889006164,212.9877120396272,39242321.32879002,14.635503921203549,0.41987240428864514
1.02,schechter,-2,129222879660.71915,0.00012922287966071915,62,10,0.16129032258064516,0.2741476755336417,36385380563629.19,776.4058839382767,0.08844995508875261,214.8373285153018,38822530.203856505,14.754387734759897,0.6524001776462095
1.03,schechter,-2,133034223016.53221,0.00013303422301653222,56,10,0.17857142857142858,0.2701119297826303,1178141162361.1604,21.101072302849865,0.08934507515791797,216.66481969123288,38408543.086599246,14.870201302564782,0.7172533518021351
1.04,schechter,-2,136923073532.82962,0.00013692307353282962,76,10,0.13157894736842105,0.26616880836272083,80038045837995.34,599.8330856140203,0.09023758154479809,218.47021971991464,38000266.571585506,14.982915548025572,0.5247348391075327
1.05,schechter,-2,140890309529.75638,0.0001408903095297564,46,10,0.21739130434782608,0.26231579649852665,142337407748978.53,53.050014592896616,0.09112721497416236,220.25357091569492,37597608.87017283,15.09250321640268,0.8606526092102704
1.06,schechter,-2,144936811243.8004,0.0001449368112438004,64,10,0.15625,0.2585499585671214,19853365575117.16,1118.1373935546196,0.09201371461954395,222.01492338347146,37200479.78263619,15.198938868308995,0.6140132835414845
1.07,schechter,-2,149063460809.62396,0.00014906346080962397,79,10,0.12658227848101267,0.2548685111844756,10914464877764.959,139.0357503808607,0.09289681827966537,223.75433465928305,36808790.67077036,15.302198873087526,0.4936770436243771
1.08,schechter,-2,153271142242.3139,0.0001532711422423139,43,10,0.23255813953488372,0.2512689305050845,14977576676951.2,70.43440129286473,0.09377626255988103,225.4718693620969,36422454.43092041,15.402261401989602,0.9000255232180628
1.09,schechter,-2,157560741420.0381,0.00015756074142003808,35,10,0.2857142857142857,0.24774875637291904,101575723738637.47,900.0462395889579,0.09465178305844799,227.16759885687122,36041385.46742419,15.499106421138382,1.0971098116367308
1.1,schechter,-2,161933146067.0922,0.0001619331460670922,82,10,0.12195121951219512,0.2443055917797553,46966532989079.8,69.54614340387766,0.09552311455742028,228.8416009283483,35665499.66649557,15.592715684237234,0.4645594674013475
1.11,schechter,-2,166389245737.3281,0.0001663892457373281,45,10,0.2222222222222222,0.2409371022636082,20267142934219.86,251.36972129966543,0.09638999121794681,230.49395946615195,35294714.37049736,15.683072725023774,0.8396964659903683
1.12,schechter,-2,170929931797.94473,0.00017092993179794474,84,10,0.11904761904761904,0.23764101525183157,34912204338601.51,174.38015384823143,0.09725214677973788,232.12476415919613,34928948.352648705,15.770162849334906,0.44614732264317425
1.1300000000000001,schechter,-2,175556097413.63843,0.00017555609741363843,84,10,0.11904761904761904,0.2344153861061813,8550027393429.07,210.55489576740342,0.09810931476444977,233.73411020168763,34568121.792101,15.853973126890686,0.44243038474489316
1.1400000000000001,schechter,-2,180268637531.09543,0.00018026863753109544,51,10,0.19607843137254902,0.2312580886704071,176077820137766.22,566.9667885419069,0.09896122868272254,235.3220980078452,34212156.24944995,15.934492382611237,0.7225451475168306
1.1500000000000001,schechter,-2,185068448863.8156,0.00018506844886381562,68,10,0.14705882352941177,0.2281669613371602,9952821989472.133,40.63071359934426,0.09980762224459194,236.8888329370751,33860974.64260373,16.01171118752912,0.5372563952156959
1.1600000000000001,schechter,-2,189956429877.25568,0.00018995642987725567,75,10,0.13333333333333333,0.22514044186571236,6993286282544.392,38.14579007235633,0.10064822957298275,238.4344250283366,33514501.22304822,16.085621849208607,0.4828698681087444
1.17,schechter,-2,194933480774.2921,0.00019493348077429212,42,10,0.23809523809523808,0.22217641708485092,17032918949431.35,86.9382568483987,0.10148278541997709,239.958988743581,33172661.552509196,16.156218401643955,0.8546501709803787
1.18,schechter,-2,200000503480.97427,0.00020000050348097426,45,10,0.2222222222222222,0.21927309445756482,25925982274650.32,167.57181031835822,0.1023110253855389,241.46264272042512,32835382.47995832,16.223496594601706,0.7905280669377958
1.19,schechter,-2,205158401632.57794,0.00020515840163257793,91,10,0.10989010989010989,0.2164290927996141,12348641917465.059,47.39133326917118,0.10313268613836393,242.9455095335682,32502592.119014297,16.287453882377765,0.38737130415149146
1.2,schechter,-2,210408080559.93457,0.00021040808055993457,83,10,0.12048192771084337,0.21364252084428303,4666896501375.761,68.27682417296816,0.1039475056385125,244.40771546439638,32174219.82570734,16.348089411897448,0.4208008473428317
1.21,schechter,-2,215750447276.03955,0.00021575044727603954,75,10,0.13333333333333333,0.21091180115186625,114803171345788.9,1607.0703489606922,0.1047552233614732,245.84939027922462,31850196.176586464,16.405404010159373,0.4613457744542351
1.22,schechter,-2,221186410462.92102,0.000221186410462921,74,10,0.13513513513513514,0.2082354225438099,25803568286742.723,296.2239218525837,0.10555558052329424,247.2706670151372,31530452.947203357,16.459400170952307,0.46316623640755544
1.23,schechter,-2,226716880458.76672,0.00022671688045876673,98,10,0.10204081632653061,0.2056119085979281,33392429516503.117,418.22671906340486,0.10634832030641155,248.67168177449665,31214923.090939093,16.510082040883038,0.34639484485044264
1.24,schechter,-2,232342769245.29678,0.0002323427692452968,39,10,0.2564102564102564,0.20303981736666588,53718962084486.7,665.6782756042845,0.10713318808579403,250.0525735258652,30903540.718176357,16.557455404550304,0.8620058259991303
1.25,schechter,-2,238064990435.37958,0.0002380649904353796,74,10,0.13513513513513514,0.20051774106946152,99347627436180.92,515.6841911142972,0.1079099316550206,251.41348391320898,30596241.075822484,16.601527668978896,0.44985146303862317
1.26,schechter,-2,243884459260.87973,0.00024388445926087972,63,10,0.15873015873015872,0.19804459065946534,126906420613322.17,212.39661102290816,0.10867830145189603,252.75455707206686,30292960.52715669,16.64230784719939,0.5231617532107001
1.27,schechter,-2,249802092560.72845,0.00024980209256072843,56,10,0.17857142857142858,0.19561882632473937,51741842698545.836,57.024983322251295,0.10943805078320944,254.07593945258049,29993636.532022804,16.67980654096803,0.5826578890835494
1.28,schechter,-2,255818808769.21823,0.0002558188087692182,102,10,0.09803921568627451,0.19323911702538643,2469494627846.9116,27.458427507728118,0.11018893604823399,255.37777964905487,29698207.62734887,16.71403592258693,0.3166476023148322
1.29,schechter,-2,261935527904.5014,0.0002619355279045014,69,10,0.14492753623188406,0.19090464274278485,28516260789304.887,497.4951845916311,0.11093071696056572,256.660228236465,29406613.407992665,16.745009715845427,0.46328986920694676
1.3,schechter,-2,268153171557.3031,0.0002681531715573031,82,10,0.12195121951219512,0.18861380216022627,111921530011112.77,121.80029506799137,0.11166315676789583,257.92343761322843,29118794.50790167,16.772743176027383,0.38580132476677
1.31,schechter,-2,274472662879.823,0.000274472662879823,86,10,0.11627906976744186,0.18636586811000366,137623818802515.84,374.85535366040614,0.11238602246931209,259.1675618501766,28834692.581594545,16.797253068982684,0.3640040290772536
1.32,schechter,-2,280894926574.8389,0.00028089492657483895,70,10,0.14285714285714285,0.18415938627101114,10856994770740.814,57.74240645598702,0.11309908502972522,260.392756544819,28554250.285959702,16.818557649203154,0.44247075066298175
1.33,schechter,-2,287420888884.9919,0.0002874208888849919,86,10,0.11627906976744186,0.18199358211816719,15271339710830.594,35.39075170125418,0.11380211959101888,261.59917868272885,28277411.26235228,16.836676637014715,0.3562984990855308
1.34,schechter,-2,294051477582.2541,0.0002940514775822541,73,10,0.136986301369863,0.17986735694486022,26346840494359.074,83.09675781437043,0.11449490567952506,262.78698650309025,28004120.11900111,16.851631194706847,0.4152134744111613
1.35,schechter,-2,300787621957.57275,0.00030078762195757274,86,10,0.11627906976744186,0.17777964084466924,30060471490424.805,278.54006808713723,0.11517722740943068,263.9563393708147,27734322.413720313,16.863443901761908,0.3486019767743558
1.36,schechter,-2,307630252810.68396,0.00030763025281068393,52,10,0.19230769230769232,0.17572951416506766,32703064266014.695,516.1260457498795,0.11584887368172872,265.1073976530794,27467964.636896268,16.872138729040195,0.5701793734192031
1.37,schechter,-2,314580302440.0951,0.0003145803024400951,69,10,0.14492753623188406,0.17371607541022116,23798415892860.996,86.19636529405167,0.11650963837833293,266.2403226016432,27204994.194798715,16.877741012052777,0.4249181058556439
1.3800000000000001,schechter,-2,321638704633.22076,0.00032163870463322076,65,10,0.15384615384615385,0.17173844114564474,33552656157147.79,466.5479373785179,0.1171593205509839,267.3552762393824,26945359.393152125,16.880277423201655,0.4459988508871805
1.3900000000000001,schechter,-2,328806394656.68384,0.00032880639465668386,61,10,0.16393442622950818,0.16979574589022772,48520080512554.15,349.443269051544,0.11779772460458442,268.4524212522421,26689009.4209975,16.879775943102935,0.4698547781506696
1.4000000000000001,schechter,-2,336084309246.76086,0.00033608430924676085,62,10,0.16129032258064516,0.16788714199636046,13982404921516.568,54.93948794514424,0.11842466047461185,269.53192088528203,26435894.334847275,16.87626583093483,0.4569851674074971
1.4100000000000001,schechter,-2,343473386599.9772,0.0003434733865999772,69,10,0.14492753623188406,0.1660117995188597,41070319867203.555,145.5776267521395,0.1190399437982678,270.59393884351493,26185965.04308979,16.869777593854426,0.40588146896213223
1.42,schechter,-2,350974566363.847,0.000350974566363847,54,10,0.18518518518518517,0.16416890607337253,95135882222794.1,1029.0195293000975,0.1196433960790384,271.6386391968501,25939173.29070372,16.860342955507964,0.5125822331532658
1.43,schechter,-2,358588789627.7468,0.00035858878962774683,58,10,0.1724137931034483,0.1623576666849239,27782044937600.523,52.29516367054166,0.12023484484435139,272.66618628927785,25695471.644191947,16.847994823618055,0.4716208841176386
1.44,schechter,-2,366316998913.928,0.00036631699891392797,97,10,0.10309278350515463,0.16057734779380983,65116241002696.125,76.19189900845231,0.12081412379603326,273.6767446519775,25454813.47682177,16.832767256719464,0.27865578578499955
1.45,schechter,-2,374160138168.6617,0.0003741601381686617,104,10,0.09615384615384616,0.15882741455618132,112371591921851.98,543.8690526840586,0.12138107295328354,274.6704789205076,25217152.95410143,16.81469543004636,0.2567917886253751
1.46,schechter,-2,382119152753.50146,0.00038211915275350146,61,10,0.16393442622950818,0.15710689183795123,293490301478397.5,150.43138565135956,0.12193553878790152,275.6475537554333,24982445.019521292,16.793815600590356,0.43252855264072904
1.47,schechter,-2,390194989436.6878,0.0003901949894366878,40,10,0.25,0.155415232188435,12309978556085.604,128.78797300750452,0.12247737435151856,276.6081337669936,24750645.38054905,16.770165071403383,0.6515847746026349
1.48,schechter,-2,398388596384.6533,0.0003983885963846533,94,10,0.10638297872340426,0.15375179523853866,102375748113910.58,1068.5526648739478,0.12300643939460665,277.5523834425067,24521710.494854964,16.74378215509527,0.273870911215841
1.49,schechter,-2,406700923153.65796,0.000406700923153658,43,10,0.23255813953488372,0.15211584900857145,55172197932123.016,568.0686579133596,0.12352260047705375,278.48046707843673,24295597.556820426,16.7147061367277,0.5912957476551426
1.5,schechter,-2,415132920681.5335,0.00041513292068153353,92,10,0.10869565217391304,0.15050685099726913,43576593468474.77,130.20884252634997,0.1240257310701164,279.3925487141134,24072264.484238382,16.68297723591046,0.2729241705473922
1.51,schechter,-2,423685541279.53973,0.0004236855412795397,92,10,0.10869565217391304,0.14892419385435973,37533716735639.445,45.14179580543863,0.12451571164958056,280.28879206979667,23851669.90529175,16.648636568374588,0.26949834562167385
1.52,schechter,-2,432359738624.33203,0.00043235973862433205,57,10,0.17543859649122806,0.147367153883726,17242473319816.459,85.4179599676053,0.12499242977998155,281.16936048769975,23633773.145745885,16.61172610694877,0.42947768376789963
1.53,schechter,-2,441156467750.0269,0.0004411564677500269,64,10,0.15625,0.14583539236490128,14713664966700.152,88.87289501238133,0.12545578018975678,282.03441687454483,23418534.21637197,16.572288641923173,0.37762909632488484
1.54,schechter,-2,450076685040.37573,0.0004500766850403757,66,10,0.15151515151515152,0.14432821466642065,40150121111222.67,157.5180356209682,0.12590566483722512,282.88412364905514,23205913.800602216,16.53036774106138,0.36148461573436086
1.55,schechter,-2,459121348221.03735,0.00045912134822103734,81,10,0.12345679012345678,0.14284505050257434,142469844871377.44,55.27153722853592,0.12634199296731044,283.7186426906592,22995873.24240182,16.4860077090882,0.29073390170253505
1.56,schechter,-2,468291416351.9505,0.0004682914163519505,56,10,0.17857142857142858,0.14138539799925764,101895925606357.9,885.979728498296,0.12676468115894596,284.53813529085255,22788374.534365553,16.439253546806476,0.415048286701061
1.57,schechter,-2,477587849819.7909,0.0004775878498197909,49,10,0.20408163265306123,0.13994876387527366,16011010699691.791,216.45879778326122,0.12717365336312167,285.3427621081276,22583380.306024913,16.3901509099472,0.4681186448114903
1.58,schechter,-2,487011610330.5351,0.0004870116103305351,124,10,0.08064516129032258,0.13853466465092468,133937651276287.45,118.55769899290495,0.1275688409315561,286.1326831241011,22380853.81236754,16.33874606767893,0.18253892800826732
1.59,schechter,-2,496563660902.1023,0.0004965636609021022,99,10,0.10101010101010101,0.1371426447395402,20537692769714.07,173.579900233755,0.12795018263599814,286.90805760250294,22180758.922575094,16.285085860942193,0.22559391361415193
1.6,schechter,-2,506244965857.09534,0.0005062449658570954,90,10,0.1111111111111111,0.13577218049596163,22706448230171.2,169.98347172775794,0.12831762467818383,287.6690440510118,21983060.10894857,16.22921766064829,0.2448306966144208
1.61,schechter,-2,516056490815.61456,0.0005160564908156146,94,10,0.10638297872340426,0.1344228442486699,13879352805551.902,56.213343466560254,0.12867112069049735,288.41580018359224,21787722.43604854,16.171189325694094,0.23125290043016283
1.62,schechter,-2,525999202688.1668,0.0005259992026881668,78,10,0.1282051282051282,0.13309420089240942,92049514793030.03,39.942790894890855,0.12901063172740435,289.1484828872238,21594711.550035674,16.11104916106788,0.2749086171321349
1.6300000000000001,schechter,-2,536074069668.6518,0.0005360740696686518,68,10,0.14705882352941177,0.1317857944343811,63624052014003.89,278.53333338715896,0.1293361262477481,289.8672481879878,21403993.66818979,16.048845875810343,0.31103086816155984
1.6400000000000001,schechter,-2,546282061227.427,0.000546282061227427,66,10,0.15151515151515152,0.13049719052880993,90521008219716.31,592.2577051861473,0.12964758008801838,290.5722512216082,21215535.568644308,15.984628541209615,0.3160528964052249
1.6500000000000001,schechter,-2,556624148104.453,0.000556624148104453,92,10,0.10869565217391304,0.1292279630255715,71502988972396.38,68.12360023024351,0.12994497642672279,291.2636462041851,21029304.58028762,15.918446549019167,0.22359874152838966
1.6600000000000001,schechter,-2,567101302302.513,0.000567101302302513,82,10,0.12195121951219512,0.12797769390336522,29041593459628.168,56.81218813977455,0.13022830574001035,291.9415864050249,20845268.57286173,15.850349569892524,0.2473769738435417
1.6700000000000002,schechter,-2,577714497080.5088,0.0005777144970805088,81,10,0.12345679012345678,0.12674612408355823,157777274265119.9,774.4139642281574,0.13049756574871402,292.6062241215723,20663395.94724198,15.780387512084886,0.24692629057942514
1.68,schechter,-2,588464706946.8303,0.0005884647069468303,116,10,0.08620689655172414,0.12553279473090573,50078160870444.875,93.29566679003763,0.13075276135699798,293.25771065587105,20483655.625891827,15.708610480447607,0.1699953254267055
1.69,schechter,-2,599352907652.7905,0.0005993529076527905,76,10,0.13157894736842105,0.12433724056762618,10570269077550.074,37.38931106534461,0.13099390458281196,293.89619629225666,20306017.043500546,15.635068735766888,0.2557922766697919
1.7,schechter,-2,610380076186.1394,0.0006103800761861394,57,10,0.17543859649122806,0.12315929323753871,67269355919197.35,113.24503289152378,0.13122101448037002,294.5218302766792,20130450.13778125,15.559812654510928,0.3361992156908907
1.71,schechter,-2,621547190764.6353,0.0006215471907646353,88,10,0.11363636363636363,0.12199845361397288,93160241222043.12,107.79159446285387,0.13143411705488842,295.1347607981773,19956925.34045368,15.482892689089825,0.21464647335682327
1.72,schechter,-2,632855230829.6938,0.0006328552308296939,64,10,0.15625,0.12085442424192128,92875702272896.97,60.982031169502065,0.13163324516982902,295.73513497013136,19785413.568385925,15.40435932853977,0.2908882777291161
1.73,schechter,-2,644305177040.0947,0.0006443051770400947,55,10,0.18181818181818182,0.11972689622717836,11764902220494.576,57.47863038678414,0.1318184384469108,296.3230988150554,19615886.214899182,15.324263059888471,0.3335866278416818
1.74,schechter,-2,655898011265.7532,0.0006558980112657532,88,10,0.11363636363636363,0.11861551232219025,394588207418645.8,193.230559464038,0.13198974315916043,296.89879724857684,19448315.141239457,15.242654330028913,0.20545627869391261
1.75,schechter,-2,667634716581.5559,0.0006676347165815559,59,10,0.1694915254237288,0.11751994146809397,43834336129562.45,86.00432792907424,0.13214721211728916,297.46237406597777,19282672.668198943,15.159583508317159,0.30195819772510424
1.76,schechter,-2,679516277261.2592,0.0006795162772612591,53,10,0.18867924528301888,0.11643997091670666,175545027868524.2,582.0831590672972,0.13229090454968861,298.01397192910997,19118931.567901675,15.075100849840515,0.3311970385890282
1.77,schechter,-2,691543678771.4468,0.0006915436787714468,77,10,0.12987012987012986,0.11537513618101292,71380382154857.06,97.70440217366232,0.13242088597635046,298.5537323556278,18957065.055737577,14.989256459490838,0.2245957799046601
1.78,schechter,-2,703717907765.54,0.00070371790776554,94,10,0.10638297872340426,0.11432530127194629,55231437654175.11,550.0103112412266,0.1325372280770222,299.0817957073789,18797046.782446537,14.902100256728664,0.18124330866332475
1.79,schechter,-2,716039952077.8761,0.0007160399520778761,63,10,0.15873015873015872,0.1132901308464509,330329183813375.6,267.76152110412033,0.13264000855391733,299.5983011819384,18638850.826349083,14.813681941280244,0.26638793102307073
1.8,schechter,-2,728510800717.8363,0.0007285108007178362,124,10,0.08064516129032258,0.11226928031237426,45977632525969.5,434.1158306215481,0.1327293109893057,300.1033868034948,18482451.68572671,14.7240509596188,0.13331117778380053
1.81,schechter,-2,741131443864.031,0.000741131443864031,47,10,0.2127659574468085,0.11126249431854374,88721870476717.88,100.80773318729587,0.13280522469831382,300.5971894154541,18327824.271332726,14.633256472372173,0.34641119470619197
1.82,schechter,-2,753902872858.5411,0.0007539028728585412,75,10,0.13333333333333333,0.11026959853369755,102302164793202.61,227.1120770512473,0.132867844577269,301.07984467416384,18174943.89906127,14.54134732268341,0.213795804188181
1.83,schechter,-2,766826080201.2096,0.0007668260802012096,95,10,0.10526315789473684,0.10929028824988274,16910721682293.584,51.7050247150887,0.13291727094792347,301.5514870428962,18023786.282729935,14.448372005479813,0.16621755170741315
1.84,schechter,-2,779902059543.9836,0.0007799020595439836,72,10,0.1388888888888889,0.10832427588512161,15334861281795.855,30.974993309208077,0.13295360939789763,302.0122497865376,17874327.527015675,14.354378637735255,0.21596217662687917
1.85,schechter,-2,793131805685.3226,0.0007931318056853226,51,10,0.19607843137254902,0.10737132135142158,58315683218352.914,133.79035516748513,0.13297697061768127,302.46226496854166,17726544.12051855,14.259414929807088,0.3002063181787403
1.86,schechter,-2,806516314564.6334,0.0008065163145646334,85,10,0.11764705882352941,0.10643118815408859,80946300196076.89,260.63621122492407,0.1329874702345315,302.90166344628693,17580412.92894541,14.163528157681855,0.17734601532658462
1.87,schechter,-2,820056583256.7717,0.0008200565832567718,108,10,0.09259259259259259,0.10550364337738538,50909910577672.195,29.86165226050552,0.13298522864360543,303.3305748693507,17435911.18843124,14.066765136382104,0.13741620115021252
1.8800000000000001,schechter,-2,833753609966.5956,0.0008337536099665956,61,10,0.16393442622950818,0.10458845766875213,127857509392744.8,63.233465919164836,0.13297037083666333,303.7491276772843,17293016.49898085,13.969172194377485,0.23951052044576374
1.8900000000000001,schechter,-2,847608394023.548,0.000847608394023548,68,10,0.14705882352941177,0.10368540522165492,123055079524785.84,93.80227600243887,0.13294302622867502,304.1574490979024,17151706.818034906,13.870795149069947,0.21149985526145337
1.9000000000000001,schechter,-2,861621935876.3027,0.0008616219358763027,75,10,0.13333333333333333,0.10279426375712009,12821389226468.346,56.44694552980859,0.13290332848265865,304.5556651474834,17011960.454154097,13.771679283426455,0.1887532843518674
1.9100000000000001,schechter,-2,875795237087.452,0.0008757952370874521,49,10,0.20408163265306123,0.10191481450401674,79008678622567.25,104.92761824862771,0.13285141533307546,304.94390062997473,16873756.06082675,13.671869323641895,0.2843604134779838
1.9200000000000002,schechter,-2,890129300328.2411,0.000890129300328241,60,10,0.16666666666666666,0.10104684217814441,14494554306047.004,20.88864959610414,0.13278742840810062,305.32227913761744,16737072.630372385,13.571409417931443,0.22855801093145017
1.93,schechter,-2,904625129373.3406,0.0009046251293733405,75,10,0.13333333333333333,0.10019013496018392,11866133243230.967,53.986563972246266,0.13271151305108214,305.69092305226013,16601889.488000676,13.470343116473275,0.1799460659732589
1.94,schechter,-2,919283729095.6757,0.0009192837290956757,44,10,0.22727272727272727,0.09934455608249382,27871597359640.168,51.10246570475049,0.1326238181414942,306.0499535466446,16468186.28592861,13.368713352396128,0.3018429303154321
1.95,schechter,-2,934106105461.283,0.0009341061054612829,55,10,0.18181818181818182,0.09850988313054598,54685560702565.31,263.82753098010875,0.13252449591568408,306.39949058664575,16335942.997650843,13.266562423935357,0.23761591162290271
1.96,schechter,-2,949093265524.2191,0.0009490932655242191,45,10,0.2222222222222222,0.0976858749094025,74114792680399.98,296.0468882389761,0.13241370178770218,306.7396529338286,16205139.912292665,13.163931977671865,0.2857622694414972
1.97,schechter,-2,964246217421.5194,0.0009642462174215194,71,10,0.14084507042253522,0.09687233263973594,81819755753992.98,190.3016893762611,0.13229159417049882,307.0705581477924,16075757.62908553,13.060862992862518,0.17820229076149224
1.98,schechter,-2,979565970368.1781,0.0009795659703681781,61,10,0.16393442622950818,0.09606914063285099,281062215482847.0,246.99761655980274,0.13215833429775978,307.392322590828,15947777.051919853,12.957395766929432,0.20406653707682815
1.99,schechter,-2,995053534652.1823,0.0009950535346521822,100,10,0.1,0.09527613332352725,17730368923116.57,36.09541411004703,0.1320140860466449,307.70506143015035,15821179.384035045,12.853569901947878,0.12246384396612632
2.0,schechter,-2,1010709921629.5862,0.0010107099216295863,79,10,0.12658227848101267,0.09449302792055769,156007247215339.47,252.1635237004828,0.13185901576168338,308.0088886434136,15695946.122775251,12.749424292310584,0.15249768425624563
2.01,schechter,-2,1026536143719.622,0.001026536143719622,63,10,0.15873015873015872,0.09371974629370905,56936995035082.75,295.88885879276336,0.13169329208006922,308.3039170221172,15572059.054465903,12.644997113374474,0.18810887640478396
2.02,schechter,-2,1042533214399.8481,0.0010425332143998481,63,10,0.15873015873015872,0.09295611665950276,152066771448815.7,387.28212468717726,0.13151708575859106,308.5902581777233,15449500.249373306,12.540325811250126,0.18503174429503813
2.03,schechter,-2,1058702148201.3363,0.0010587021482013363,134,10,0.07462686567164178,0.09220186567792188,136261913257133.1,98.11671249959484,0.13133056950241706,308.8680225452486,15328252.056764135,12.435447093517116,0.08556503153443053
2.04,schechter,-2,1075043960703.8998,0.0010750439607038998,132,10,0.07575757575757576,0.09145704093068152,21683342999682.91,83.72340932510237,0.13113391779594796,309.1373193901389,15208297.100052891,12.330396921080048,0.0854319405986945
2.05,schechter,-2,1091559668531.355,0.001091559668531355,95,10,0.10526315789473684,0.09072123935533583,34599430033261.97,31.73922354924458,0.13092730673593825,309.398256813467,15089618.27204791,12.225210500953725,0.11674592084488293
2.0599999999999996,schechter,-2,1108250289346.8223,0.0011082502893468222,84,10,0.11904761904761904,0.08999454980752586,85498747683320.03,49.02623436710454,0.1307109138670736,309.65094175783435,14972198.730271557,12.11992228003814,0.12984844634455173
2.07,schechter,-2,1125116841848.0623,0.0011251168418480622,117,10,0.08547008547008547,0.08927657712754888,59954781824827.94,263.8886120182573,0.1304849180201844,309.89548001380484,14856021.89238433,12.014565939880905,0.09167686519536747
2.0799999999999996,schechter,-2,1142160345762.845,0.001142160345762845,100,10,0.1,0.08856742733795586,329773842062203.4,228.00484689861005,0.1302494991532604,310.1319762264627,14741071.431683572,11.909174392366506,0.1054764937650965
2.09,schechter,-2,1159381821844.36,0.00115938182184436,42,10,0.23809523809523808,0.08786673356465968,151759284719731.0,193.75185572870373,0.13000483819542183,310.3605339024028,14627331.272682121,11.803779776327527,0.24694275539583074
2.0999999999999996,schechter,-2,1176782291866.6548,0.0011767822918666549,88,10,0.11363636363636363,0.0871744922205947,120297324664107.03,84.8078108068726,0.12975111689399202,310.58125541597934,14514785.586787315,11.698413455027483,0.11588673326461292
2.11,schechter,-2,1194362778620.114,0.001194362778620114,59,10,0.1694915254237288,0.08649052451152639,133763191811489.53,78.75402155612646,0.12948851766480282,310.7942420173235,14403418.788036415,11.593106014552347,0.16994810507057015
2.1199999999999997,schechter,-2,1212124305906.9646,0.0012121243059069647,59,10,0.1694915254237288,0.085814627747693,45655596761904.94,49.7842473451119,0.1292172234458553,310.9995938390092,14293215.5289337,11.487887263004282,0.16708962187833495
2.13,schechter,-2,1230067898536.8245,0.0012300678985368244,94,10,0.10638297872340426,0.08514681827658721,172081284668091.94,107.41312756593675,0.12893741755444604,311.197409904071,14184160.69634576,11.382786230540491,0.1031072373035181
2.1399999999999997,schechter,-2,1248194582322.2737,0.0012481945823222737,108,10,0.09259259259259259,0.08448686020130947,20980777755901.69,27.417856770187292,0.12864928354785926,311.3877881330866,14076239.407488255,11.277831170172906,0.08822486531929338
2.15,schechter,-2,1266505384074.4617,0.0012665053840744617,89,10,0.11235955056179775,0.08383460787485886,66885536684268.836,37.70262359853,0.12835300508771263,311.57082535265823,13969437.005973084,11.173049559364216,0.10524586837928805
2.1599999999999997,schechter,-2,1285001331598.7588,0.001285001331598759,82,10,0.12195121951219512,0.08318998191176863,250261481451182.1,59.22996052104783,0.12804876580803742,311.74661730288943,13863739.057946578,11.06846810233015,0.11229093429558944
2.17,schechter,-2,1303683453690.4082,0.0013036834536904083,72,10,0.1388888888888889,0.08255291256010167,78753330067849.92,202.83109181765224,0.12773674918715994,311.9152586458044,13759131.34827611,10.96411273305845,0.12571103329878772
2.1799999999999997,schechter,-2,1322552780130.2527,0.0013225527801302528,83,10,0.12048192771084337,0.0819231978065772,73377041642923.92,129.5597046092408,0.1274171384234439,312.07684297291723,13655599.876833957,10.860008618992259,0.10719116075600434
2.19,schechter,-2,1341610341680.4536,0.0013416103416804537,52,10,0.19230769230769232,0.08130072793196952,93768012715372.03,58.953522987486394,0.12709011631494216,312.23146281467893,13553130.854817575,10.756180165398487,0.1681702456181364
2.1999999999999997,schechter,-2,1360857170080.2546,0.0013608571700802546,102,10,0.09803921568627451,0.08068539452971912,15301582379237.541,21.919241666567,0.12675586514299808,312.37920964762185,13451710.70117912,10.652651020305159,0.0842660147412487
2.21,schechter,-2,1380294298041.7935,0.0013802942980417935,56,10,0.17857142857142858,0.08007709050352485,79632837126431.23,262.53772860622223,0.12641456655982633,312.52017390366734,13351326.039074074,10.54944408006512,0.15085156935022304
2.2199999999999998,schechter,-2,1399922759245.9048,0.0013999227592459047,81,10,0.12345679012345678,0.07947574042547478,57757230264757.54,31.419987806654028,0.1260664014800965,312.65444497845994,13251963.692418212,10.446581495480048,0.10249997521831364
2.23,schechter,-2,1419743588337.9954,0.0014197435883379953,66,10,0.15151515151515152,0.0788812210307539,43329391054122.555,33.81305226626038,0.1257115499765309,312.78211123996437,13153610.682476113,10.344084678439787,0.12362939846679451
2.2399999999999998,schechter,-2,1439757820923.911,0.001439757820923911,39,10,0.2564102564102564,0.07829340645568805,105776432745630.97,84.53579683989834,0.12535019117952442,312.9032600371626,13056254.22453316,10.241974309085533,0.2056100147410124
2.25,schechter,-2,1459966493565.862,0.001459966493565862,72,10,0.1388888888888889,0.07771219511928662,126150483332012.17,176.51634557151996,0.12498250318078254,313.0179777091455,12959881.724614153,10.140270343450094,0.10944759270729296
2.26,schechter,-2,1480370643778.3523,0.0014803706437783522,97,10,0.10309278350515463,0.07713748672804566,96232561134986.66,108.60188454098704,0.12460866294096873,313.1263495932149,12864480.776277887,10.038992021526647,0.07983325915705855
2.27,schechter,-2,1500971310024.1611,0.001500971310024161,85,10,0.11764705882352941,0.07656918227118026,149888706463836.56,430.10144025330936,0.12422884620134438,313.2284600348095,12770039.157449897,9.93815787580162,0.08952430845082586
2.28,schechter,-2,1521769531710.3281,0.0015217695317103282,83,10,0.12048192771084337,0.07600718401551176,111551868308534.92,42.5304148393309,0.12384322739937846,313.3243923953443,12676544.827336488,9.837785740132631,0.0900894447054745
2.29,schechter,-2,1542766349184.1868,0.0015427663491841867,90,10,0.1111111111111111,0.075451395500019,114813369228811.72,292.6667634964636,0.12345197958829715,313.4142290618354,12583985.923375618,9.737892759036349,0.08163751087764698
2.3,schechter,-2,1563962803729.4094,0.0015639628037294093,40,10,0.25,0.07490172153007524,37309506448058.875,63.71329524773033,0.12305527436053831,313.4980514552876,12492350.758259717,9.638495397291576,0.1804849745542114
2.31,schechter,-2,1585359937562.0894,0.0015853599375620893,97,10,0.10309278350515463,0.07435806817136958,85663575606089.1,62.42417768231608,0.12265328177506969,313.5759400408368,12401627.816991834,9.539609449896751,0.07312854946429527
2.32,schechter,-2,1606958793826.8489,0.0016069587938268488,53,10,0.18867924528301888,0.07382035654209884,102272950435870.3,157.27349514770123,0.12224617028852493,313.6479743350102,12311805.754026573,9.44125005225415,0.13150121604915296
2.3299999999999996,schechter,-2,1628760416592.9668,0.0016287604165929669,67,10,0.14925373134328357,0.07328852339503888,40548407566943.83,75.52762652273208,0.12183410669010708,313.7142329161694,12222873.3904306,9.34343169069391,0.10220392717214452
2.34,schechter,-2,1650765850850.5332,0.0016507658508505333,108,10,0.09259259259259259,0.07276244478695848,270586445593288.9,513.1482630313061,0.12141725604020252,313.77479343308414,12134819.711121293,9.246168213203958,0.062293870750387365
2.3499999999999996,schechter,-2,1672976142506.6414,0.0016729761425066413,82,10,0.12195121951219512,0.0722420314962895,67733752285432.79,87.56150313816718,0.12099578161264772,313.82973261344404,12047633.862132035,9.149472840360874,0.08060689086680434
2.36,schechter,-2,1695392338381.5908,0.0016953923383815908,67,10,0.14925373134328357,0.07172719553155416,53161691057364.414,88.48747343478223,0.12056984484058411,313.8791262738152,11961305.147949908,9.053358176518389,0.09692119285736253
2.3699999999999997,schechter,-2,1718015486205.1235,0.0017180154862051235,70,10,0.14285714285714285,0.07121785012366189,55684652220462.516,76.62215669264872,0.12013960526583477,313.92304932764216,11875823.028886234,8.957836221101948,0.0911368339181069
2.38,schechter,-2,1740846634612.6855,0.0017408466346126856,91,10,0.10989010989010989,0.07071394157945299,24514390065899.824,30.151532325896113,0.11970522049173256,313.9615757951579,11791177.118503083,8.862918380119782,0.068871636544533
2.3899999999999997,schechter,-2,1763886833141.7036,0.0017638868331417035,60,10,0.16666666666666666,0.07021542660291491,326142276089055.75,22.684860998540188,0.1192668461393275,313.9947788116641,11707357.181081956,8.76861547775719,0.10261534608127394
2.4,schechter,-2,1787137132227.9033,0.0017871371322279034,118,10,0.0847457627118644,0.0697221558634955,32173168035626.645,41.39388669797134,0.11882463580689664,314.02273063673044,11624353.129135568,8.674937768109443,0.05125723416730935
2.4099999999999997,schechter,-2,1810598583201.6345,0.0018105985832016346,61,10,0.16393442622950818,0.06923404716301729,157415496436468.25,68.46648187342174,0.11837874103268001,314.04550266334,11542155.020976886,8.581894947016895,0.0974031671327586
2.42,schechter,-2,1834272238284.2324,0.0018342722382842325,74,10,0.13513513513513514,0.06875108637318517,213272897253697.75,122.4660582546247,0.11792931126076286,314.0631654262388,11460753.05831884,8.48949616394457,0.07887325459894289
2.4299999999999997,schechter,-2,1858159150584.4,0.0018581591505843998,112,10,0.08928571428571429,0.06827319366507478,135021050288816.38,57.485608314004594,0.1174764938100209,314.0757886115834,11380137.583922423,8.397750033959923,0.05119117985887805
2.44,schechter,-2,1882260374094.6082,0.0018822603740946081,79,10,0.12658227848101267,0.06780022928827445,45447027952928.766,85.81112939505198,0.11702043384604897,314.08344106525186,11300299.079290532,8.306664649718138,0.07129035036350555
2.4499999999999997,schechter,-2,1906576963687.5203,0.0019065769636875203,133,10,0.07518796992481203,0.06733218555777354,67071278228160.414,81.94050463159401,0.11656127435598546,314.0861908015873,11221228.162397789,8.216247593480727,0.04159533139495147
2.46,schechter,-2,1931109975112.4556,0.0019311099751124555,110,10,0.09090909090909091,0.06686899985523354,40667910868448.58,37.421301768907064,0.11609915612615085,314.08410501252024,11142915.58546343,8.126505949155616,0.049401029557967394
2.4699999999999998,schechter,-2,1955860464991.8455,0.0019558604649918456,76,10,0.13157894736842105,0.06641051789044372,35525884017497.91,58.89929973969963,0.11563421772241134,314.0772500760419,11065352.232765501,8.037446314315684,0.07023302266451877
2.48,schechter,-2,1980829490817.7483,0.0019808294908177483,77,10,0.12987012987012986,0.06595680554049355,31833401802377.062,77.00389731492757,0.11516659547318477,314.06569156534135,10988529.118494129,7.949074812215196,0.06809033527481986
2.4899999999999998,schechter,-2,2006018110948.3484,0.002006018110948348,34,10,0.29411764705882354,0.0655076810787173,191025881128091.34,60.40929902424158,0.11469642345499854,314.0494942566152,10912437.38464076,7.861397103737437,0.15146526303081878
2.5,schechter,-2,2031427384604.516,0.002031427384604516,78,10,0.1282051282051282,0.06506313226363347,65319406223201.42,99.91254060513924,0.11422383348051643,314.02872213850594,10837068.298925612,7.774418399338866,0.06484974520371926
2.51,schechter,-2,2057058371866.3586,0.0020570583718663585,86,10,0.11627906976744186,0.06462309752365225,115058017377217.6,62.03271244311694,0.11374895508894493,314.0034384202897,10762413.25276639,7.688143470906424,0.05777112154607164
2.52,schechter,-2,2082912133669.8057,0.002082912133669806,92,10,0.10869565217391304,0.06418747745418196,157734920458671.12,82.10325182613272,0.11327191553873434,313.9737055403956,10688463.759278566,7.602576663550786,0.05304241502014739
2.53,schechter,-2,2108989731803.2246,0.0021089897318032247,69,10,0.14492753623188406,0.06375627113234184,253741504280702.06,130.02285747311393,0.112792839802488,313.93958517484083,10615211.451314276,7.517721907319559,0.06946404582907417
2.54,schechter,-2,2135292228904.032,0.002135292228904032,78,10,0.1282051282051282,0.063329349982432,42463418668414.24,71.13749928747664,0.11231185056399447,313.90113824574235,10542648.079530537,7.433582728818072,0.060354354135472
2.55,schechter,-2,2161820688455.3625,0.0021618206884553627,72,10,0.1388888888888889,0.06290671719400576,41739409358305.73,69.31763202285688,0.11182906821729809,313.85842492965105,10470765.510502744,7.350162262733741,0.06421869149886734
2.56,schechter,-2,2188576174782.723,0.002188576174782723,74,10,0.13513513513513514,0.062488270079926744,260989777281417.1,101.25638849263403,0.1113446108677235,313.8115046657397,10399555.724859066,7.267463263239222,0.06136908205259977
2.57,schechter,-2,2215559753050.6885,0.0022155597530506884,65,10,0.15384615384615385,0.06207396229570561,40622265338128.44,46.20126437357037,0.11085859433477233,313.76043616395896,10329010.815461004,7.1854881152871535,0.06862026436070394
2.5799999999999996,schechter,-2,2242772489259.6187,0.0022427724892596186,60,10,0.16666666666666666,0.061663769250308254,135612038209738.0,118.05794153110318,0.11037113215680884,313.7052774136116,10259122.985599501,7.104238845777714,0.07301235748085219
2.59,schechter,-2,2270215450242.3877,0.0022702154502423876,70,10,0.14285714285714285,0.061257545546277714,35021272920387.555,41.96102667929925,0.10988233559745512,313.6460856912695,10189884.547240347,7.023717134591032,0.061465096039483046
2.5999999999999996,schechter,-2,2297889703661.128,0.002297889703661128,102,10,0.09803921568627451,0.060855390171182244,138358530504308.33,74.7354142745385,0.109392313653616,313.58291756854396,10121287.9192909,6.943924325470964,0.04142894354369598
2.61,schechter,-2,2325796318004.016,0.002325796318004016,68,10,0.14705882352941177,0.06045710669400017,76785510645046.98,49.43295844915259,0.108901173065055,313.51582892018064,10053325.625898778,6.864861436772437,0.061033773576835086
2.6199999999999997,schechter,-2,2353936362582.049,0.0023539363625820486,98,10,0.10204081632653061,0.060062686587635805,201146278013059.16,264.2450992477303,0.1084090183254463,313.4448749328342,9985990.294780755,6.786529172073043,0.041593589253068435
2.63,schechter,-2,2382310907525.8784,0.0023823109075258786,83,10,0.12048192771084337,0.059672135205784405,129902188726645.7,52.20530836929548,0.10791595169482557,313.37011011133217,9919274.6555814,6.708927930574147,0.04823325958543179
2.6399999999999997,schechter,-2,2410921023782.6187,0.0024109210237826186,112,10,0.08928571428571429,0.05928531378952706,100287223573861.1,88.38442562436543,0.10742207321336858,313.2915882881993,9853171.53826193,6.63205781741407,0.035105681140685636
2.65,schechter,-2,2439767783112.715,0.0024397677831127147,44,10,0.22727272727272727,0.0589022005809372,32695898797607.836,32.25577112910041,0.10692748071642302,313.2093626302069,9787673.871516135,6.555918653751096,0.08776318989444429
2.6599999999999997,schechter,-2,2468852258086.806,0.002468852258086806,118,10,0.0847457627118644,0.05852281424610306,89737589684017.4,73.50422395096379,0.10643226985072582,313.12348564628286,9722774.681209411,6.480509986705123,0.03214048153999658
2.67,schechter,-2,2498175522082.6177,0.0024981755220826176,80,10,0.125,0.058147021516350095,328032911511619.9,21.208306155414412,0.10593653409173551,313.0340091957761,9658467.088857314,6.405831099142894,0.0465599998439958
2.6799999999999997,schechter,-2,2527738649281.8594,0.0025277386492818595,123,10,0.08130081300813008,0.05777478009470083,96041403487290.6,31.839451211067626,0.10544036476201399,312.94098449514564,9594744.310116976,6.331881019246785,0.029741710038438462
2.69,schechter,-2,2557542714667.1763,0.0025575427146671765,72,10,0.1388888888888889,0.05740609046615397,97968808901026.58,68.77378612484397,0.1049438510505919,312.84446212593963,9531599.653310519,6.258658529937538,0.04990071080088341
2.6999999999999997,schechter,-2,2587588794019.06,0.00258758879401906,82,10,0.12195121951219512,0.05704090705609255,34811355837211.65,59.24577372491625,0.10444708003325524,312.7444920422723,9469026.51798176,6.186162178112359,0.04303223193117343
2.71,schechter,-2,2617877963912.8564,0.0026178779639128564,41,10,0.24390243902439024,0.05667914408778363,197828009387155.56,263.0643074257706,0.10395013669369071,312.6411235775747,9407018.393461363,6.1143902836767845,0.08452644095060016
2.7199999999999998,schechter,-2,2648411301715.7007,0.002648411301715701,115,10,0.08695652173913043,0.056320760911481194,183619507634625.44,246.90207118926392,0.10345310394543139,312.5344054527822,9345568.857473286,6.043340948433858,0.029597005275070202
2.73,schechter,-2,2679189885583.553,0.0026791898855835533,113,10,0.08849557522123894,0.05596571725648325,92720614365317.19,175.47711958093663,0.10295606265454338,312.4243857826374,9284671.574754989,5.973012064745722,0.02958264640576304
2.7399999999999998,schechter,-2,2710214794458.2065,0.0027102147944582065,51,10,0.19607843137254902,0.05561400735837174,142178235263024.34,50.16179261561654,0.10245909166299956,312.31111208363814,9224320.295706078,5.903401324046468,0.06437486366175328
2.75,schechter,-2,2741487108064.319,0.0027414871080643187,41,10,0.24390243902439024,0.05526557587744885,113463537617590.5,55.829935380210486,0.10196226781268383,312.1946312805104,9164508.855059594,5.8345062251411495,0.07864569426658191
2.76,schechter,-2,2773007906906.4663,0.0027730079069064662,68,10,0.14705882352941177,0.05492035974379428,165409721285084.97,122.76957399445867,0.10146566596997589,312.0749897135538,9105231.170576822,5.766324082337279,0.046571851911951144
2.77,schechter,-2,2804778272266.23,0.00280477827226623,62,10,0.16129032258064516,0.05457832031759491,200476785638738.38,64.57140871844678,0.10096935905086413,311.95223314548497,9046481.241760328,5.698852033379097,0.05016673737424862
2.78,schechter,-2,2836799286199.265,0.0028367992861992653,106,10,0.09433962264150944,0.054239419334670025,35669387645080.92,61.41478257366201,0.1004734180465394,311.82640676813463,8988253.148596747,5.632087047199698,0.028818974630417726
2.79,schechter,-2,2869072031532.4204,0.0028690720315324206,66,10,0.15151515151515152,0.05390361890580753,331181392722470.06,308.64950681436056,0.09997791204942123,311.69755520987025,8930541.050315544,5.566025931498623,0.0454589303986885
2.8,schechter,-2,2901597591860.8525,0.0029015975918608525,97,10,0.10309278350515463,0.05357088151602463,72901691526613.53,31.84515659260242,0.09948290827957305,311.56572254135034,8873339.184167327,5.500665340104969,0.03037891661794501
2.81,schechter,-2,2934377051545.1816,0.0029343770515451815,102,10,0.09803921568627451,0.053241170023752615,53888276659259.95,58.159393126681174,0.09898847211146117,311.4309522832258,8816641.86423281,5.436001780199349,0.02837442108127602
2.82,schechter,-2,2967411495708.6245,0.0029674114957086244,70,10,0.14285714285714285,0.05291444765995035,213290526940291.03,52.75915389105135,0.09849466710101733,311.2932874121872,8760443.480241075,5.372031619317945,0.0406082979925711
2.8299999999999996,schechter,-2,3000702010234.1978,0.0030007020102341977,84,10,0.11904761904761904,0.0525906780271459,28174090943832.562,39.241301086981814,0.09800155501296365,311.1527703671526,8704738.496411402,5.308751092181864,0.0332370023113328
2.84,schechter,-2,3034249681761.882,0.003034249681761882,80,10,0.125,0.05226982509841083,75115528526206.1,58.28483788350574,0.09750919584836228,311.0094430567821,8649521.450322606,5.246156307375644,0.034276959078181214
2.8499999999999996,schechter,-2,3068055597685.8457,0.0030680555976858458,104,10,0.09615384615384616,0.05195185321626605,100825610627428.66,197.99372117837837,0.097017647872353,310.863346864901,8594786.951786837,5.184243253803764,0.02589721582298372
2.86,schechter,-2,3102120846151.6616,0.0031021208461516616,189,10,0.05291005291005291,0.05163672709152711,137172043348046.25,81.00290357464937,0.09652696764204288,310.7145226572888,8540529.681758447,5.123007807005589,0.013996579683497904
2.8699999999999997,schechter,-2,3136446516053.542,0.003136446516053542,83,10,0.12048192771084337,0.051324411802080916,148130347966266.8,33.21497089342519,0.09603721003451575,310.56301078787396,8486744.391249523,5.062445735279755,0.0313044638124321
2.88,schechter,-2,3171033697031.6147,0.003171033697031615,65,10,0.15384615384615385,0.051014872791607324,218131262205933.47,189.7394401431133,0.0955484282749277,310.4088511049287,8433425.9002663,5.002552705639153,0.03926224460176807
2.8899999999999997,schechter,-2,3205883479469.1553,0.0032058834794691554,87,10,0.11494252873563218,0.050708075868238334,229132515530586.44,221.05920333288313,0.09506067396466021,310.25208295726367,8380569.09677265,4.9433242896024865,0.02881223714005382
2.9,schechter,-2,3240996954489.9272,0.003240996954489927,75,10,0.13333333333333333,0.05040398720316308,55216381102931.484,40.10814305871115,0.09457399710949974,310.0927452001059,8328168.935656688,4.884755968805424,0.03282815697896574
2.9099999999999997,schechter,-2,3276375213955.4307,0.003276375213955431,74,10,0.13513513513513514,0.050102573329175226,104047234782147.25,50.027931470410806,0.0940884461478178,309.9308762012473,8276220.437724468,4.826843140457725,0.03268071113421751
2.92,schechter,-2,3312019350462.269,0.003312019350462269,41,10,0.24390243902439024,0.049803801139167825,57054396430313.56,72.94971039789115,0.09360406797872392,309.76651384720054,8224718.688710108,4.769581122638053,0.0579373828656084
2.9299999999999997,schechter,-2,3347930457339.4414,0.0033479304573394413,63,10,0.15873015873015872,0.04950763788457757,35941602329678.805,51.67504248628531,0.09312090799016796,309.5996955485366,8173658.8382961275,4.712965159412986,0.037036154361087065
2.94,schechter,-2,3384109628645.7183,0.003384109628645718,88,10,0.11363636363636363,0.04921405117377775,139605066776770.72,207.41273217123157,0.09263901008696694,309.43045824607157,8123036.099160874,4.656990425818748,0.026044246037731464
2.9499999999999997,schechter,-2,3420557959167.003,0.003420557959167003,99,10,0.10101010101010101,0.04892300897042401,194972862156094.56,29.966694700791095,0.09215841671873516,309.2588384168298,8072845.746031287,4.601652032678833,0.02274006703772893
2.96,schechter,-2,3457276544413.704,0.0034572765444137042,72,10,0.1388888888888889,0.04863447959175371,176724618701460.8,41.858916044363774,0.09167916890769558,309.08487207902584,8023083.114753859,4.546945031256894,0.030713653517706857
2.9699999999999998,schechter,-2,3494266480618.1226,0.0034942664806181228,95,10,0.10526315789473684,0.04834843170683867,163543553926871.12,134.41974811970374,0.0912013062763538,308.90859479852935,7973743.601392691,4.492864417789749,0.022865573523325595
2.98,schechter,-2,3531528864731.892,0.003531528864731892,85,10,0.11764705882352941,0.048064871785950536,110143330718687.42,53.933340756458186,0.09072486707501438,308.7300416933994,7924822.661321773,4.439405137833761,0.025103463383043503
2.9899999999999998,schechter,-2,3569064794423.3574,0.0035690647944233572,56,10,0.17857142857142858,0.04778374714105771,95871290559396.69,102.83794381212142,0.09024988820912404,308.5492474406738,7876315.808353685,4.386562090513314,0.03742970959850673
3.0,schechter,-2,3606875368075.062,0.003606875368075062,60,10,0.16666666666666666,0.04750501525022022,73587186349013.1,105.4615235483833,0.0897764052664229,308.3662462803547,7828218.613865179,4.334330132578112,0.0343170698412687
3.01,schechter,-2,3644961684781.1587,0.003644961684781159,77,10,0.12987012987012986,0.04722864608434929,476859530666938.4,84.71912494205404,0.08930445254389056,308.18107202229834,7780526.705950752,4.282704082372332,0.026268352648098795
3.02,schechter,-2,3683324844344.9,0.0036833248443449,119,10,0.08403361344537816,0.04695460995806122,90175970274743.88,39.87801934646235,0.08883406307447111,307.99375805001563,7733235.768582869,4.231678723620943,0.01669721209541578
3.03,schechter,-2,3721965947276.123,0.0037219659472761232,54,10,0.18518518518518517,0.04668291274588421,222294940128368.03,483.95186932916647,0.08836526865356453,307.8043373271214,7686341.540784624,4.181248809120832,0.036146828393522235
3.04,schechter,-2,3760886094788.7334,0.0037608860947887335,128,10,0.078125,0.04641352472711324,121627242161722.95,133.34238214901222,0.08789809986527143,307.6128424016756,7639839.815826388,4.131409064279141,0.014980723184589038
3.05,schechter,-2,3800086388798.2144,0.0038000863887982144,40,10,0.25,0.04614638547250105,147927046120834.56,129.2270083588437,0.08743258610838046,307.41930541213065,7593726.440420668,4.082154190539346,0.04709416520870354
3.06,schechter,-2,3839567931919.1665,0.0038395679319191663,75,10,0.13333333333333333,0.04588146656977865,204540425739895.88,133.39028084049502,0.08696875562208634,307.22375809138657,7547997.313944066,4.033478868666038,0.02467492344968126
3.07,schechter,-2,3879331827462.826,0.0038793318274628263,95,10,0.10526315789473684,0.045618779072833626,167968299329280.5,154.98347692469798,0.08650663551143015,307.026231772955,7502648.387664568,3.9853777619334925,0.019137691330887167
3.08,schechter,-2,3919379179434.6323,0.003919379179434633,64,10,0.15625,0.04535829911272582,61240383996870.64,64.09291479263393,0.08604625177245216,306.8267573946896,7457675.663981256,3.9378455191642985,0.02790843358093146
3.09,schechter,-2,3959711092531.7856,0.0039597110925317855,38,10,0.2631578947368421,0.04509995868763961,148857800861579.38,230.98907710908685,0.08558762931704852,306.6253655047339,7413075.195680463,3.8908767776845856,0.04617852156112398
3.0999999999999996,schechter,-2,4000328672140.831,0.004000328672140831,56,10,0.17857142857142858,0.04484373656433982,106848251206996.39,44.211345109663746,0.08513079199752545,306.42208626559955,7368843.085202581,3.8444661661421144,0.030785754997320443
3.11,schechter,-2,4041233024335.244,0.004041233024335244,48,10,0.20833333333333334,0.04458968517921624,131169169320559.1,137.68894079507317,0.08467576263084305,306.2169494598509,7324975.48391775,3.798608307234161,0.03528723927890141
3.1199999999999997,schechter,-2,4082425255873.037,0.004082425255873037,91,10,0.10989010989010989,0.044337695009668665,160150281248625.47,30.058227714598114,0.08422256302254322,306.00998449321065,7281468.591418872,3.7532978202995335,0.018287096048010428
3.13,schechter,-2,4123906474194.3867,0.004123906474194387,110,10,0.09090909090909091,0.04408774315692798,53085259219652.09,36.83224108439187,0.08377121399035611,305.8012204012483,7238318.654820386,3.7085293238487393,0.014863698938161729
3.1399999999999997,schechter,-2,4165677787419.252,0.004165677787419252,102,10,0.09803921568627451,0.043839896417092517,72443311609151.33,50.21556399199583,0.08332173538748046,305.5906858526402,7195521.968076602,3.664297437954649,0.015749256874642088
3.15,schechter,-2,4207740304345.041,0.004207740304345041,99,10,0.10101010101010101,0.0435940350383901,57237564585720.36,71.26837221225524,0.08287414612553251,305.37840915354104,7153074.871296239,3.6205967865515207,0.015943073047758546
3.1599999999999997,schechter,-2,4250095134444.243,0.004250095134444243,67,10,0.14925373134328357,0.04335016317173379,56422229709910.5,27.65371205054304,0.08242846419716175,305.16441825343895,7110973.750088734,3.5774219996666385,0.023146541405925217
3.17,schechter,-2,4292743387862.1187,0.004292743387862119,104,10,0.09615384615384616,0.04310830386144093,206226204157328.3,120.21499292773804,0.0819847066983287,304.94874074843017,7069215.034901877,3.5347677155180173,0.014651715457707895
3.1799999999999997,schechter,-2,4335686175414.375,0.004335686175414375,60,10,0.16666666666666666,0.04286835648798204,106872793509390.2,105.27288871099363,0.0815428898502426,304.731403885684,7027795.200383879,3.4926285825433165,0.02495387452609705
3.19,schechter,-2,4378924608584.8623,0.004378924608584862,160,10,0.0625,0.04263037912516432,107227876807539.25,34.16228014424507,0.08110302902095701,304.5124345685403,6986710.76474544,3.4509992613427443,0.009194837929481451
3.1999999999999997,schechter,-2,4422459799523.297,0.004422459799523297,50,10,0.2,0.04239429665939509,102399362327975.16,109.2286189197079,0.08066513874662186,304.2918593598311,6945958.289138465,3.4098744265193934,0.028911845601829578
3.21,schechter,-2,4466292861042.958,0.004466292861042958,71,10,0.14084507042253522,0.042160096540955205,238589086082382.1,132.49898590250456,0.08022923275238983,304.0697044869474,6905534.377048772,3.3692487684586006,0.02000673990826888
3.2199999999999998,schechter,-2,4510424906618.4375,0.004510424906618437,74,10,0.13513513513513514,0.0419277915363544,120228623117685.17,123.73813468162989,0.07979532397297763,303.8459958456704,6865435.673682141,3.3291169950046005,0.01886250315766047
3.23,schechter,-2,4554857050383.394,0.0045548570503833935,77,10,0.12987012987012986,0.04169729465799832,151141786150387.8,181.24597379682373,0.07936342457287976,303.62075900386367,6825658.865381889,3.289473833068499,0.01781326749184836
3.2399999999999998,schechter,-2,4599590407128.279,0.00459959040712828,92,10,0.10869565217391304,0.04146868132504977,455042984779664.2,268.4468906244588,0.07893354596623703,303.39401920666364,6786200.679036681,3.2503140301674867,0.014650677904712361
3.25,schechter,-2,4644626092298.153,0.004644626092298153,71,10,0.14084507042253522,0.0412418187145388,72287102856780.9,18.63412822652351,0.07850569883635809,303.16580137913667,6747057.881511198,3.2116323558694613,0.018655430901199366
3.26,schechter,-2,4689965221990.433,0.004689965221990433,68,10,0.14705882352941177,0.04101680904675731,179625327917241.38,56.30826141810786,0.07807989315489611,302.9361301316087,6708227.279078383,3.1734236031917757,0.019141722052439646
3.27,schechter,-2,4735608912952.696,0.004735608912952697,82,10,0.12195121951219512,0.04079351028825595,140520074684765.75,109.17740973872155,0.0776561382006801,302.70502976238413,6669705.71686476,3.13568258990487,0.015599451218535289
3.28,schechter,-2,4781558282580.498,0.004781558282580498,97,10,0.10309278350515463,0.04057202052402187,156088402023456.84,90.16661971622331,0.07723444257820353,302.4725242627818,6631490.078299773,3.0984041597913863,0.01295964094461555
3.29,schechter,-2,4827814448915.184,0.004827814448915183,74,10,0.13513513513513514,0.040352204039049266,54613160391735.734,50.96366676883545,0.07681481423577075,302.2386373199004,6593577.284582875,3.061583183820993,0.016694814772441457
3.3,schechter,-2,4874378530641.687,0.004874378530641686,97,10,0.10309278350515463,0.04013416436532169,145810465789291.7,36.01553488493276,0.07639726048330328,302.0033923212374,6555964.294144623,3.0252145612750336,0.012516954478616157
3.31,schechter,-2,4921251647086.456,0.004921251647086456,70,10,0.14285714285714285,0.039917763761059044,60720894624953.266,35.24455111854986,0.0759817880098082,301.76681235774765,6518648.1021335395,2.9892932208026592,0.01704655722864798
3.32,schechter,-2,4968434918215.19,0.00496843491821519,101,10,0.09900990099009901,0.03970309194829702,58766204125990.06,37.97213052154625,0.07556840290051019,301.52892022863244,6481625.739898744,2.953814121429857,0.01161144095656513
3.33,schechter,-2,5015929464630.813,0.0050159294646308136,101,10,0.09900990099009901,0.03949004205676876,96821923701059.25,34.05608264687941,0.07515711065365033,301.289738443255,6444894.2744803615,2.918772253483155,0.011412122677641539
3.34,schechter,-2,5063736407571.278,0.005063736407571278,66,10,0.15151515151515152,0.03927865740161285,70149930529089.1,50.87321515758707,0.07474791619695409,301.049289226532,6408450.8081216905,2.8841626394992184,0.01716455094051837
3.3499999999999996,schechter,-2,5111856868907.486,0.0051118568689074865,87,10,0.11494252873563218,0.039068891193325905,256487429732493.2,33.74777140568405,0.0743408239037712,300.8075945214051,6372292.477769603,2.8499803350437545,0.012798341564706087
3.36,schechter,-2,5160291971141.18,0.00516029197114118,35,10,0.2857142857142857,0.03886071758553922,327366607240154.6,108.19132919064546,0.07393583760889016,300.5646759926568,6336416.454597149,2.8162204294991566,0.03126867050554076
3.3699999999999997,schechter,-2,5209042837402.841,0.005209042837402841,126,10,0.07936507936507936,0.03865416917875375,181053219874429.47,139.07636770430298,0.07353296062403111,300.32055503067977,6300819.9435306,2.7828780468007137,0.008537288795624967
3.38,schechter,-2,5258110591449.643,0.005258110591449643,81,10,0.12345679012345678,0.03844915598277321,328258488495050.9,197.39970696865524,0.07313219575301971,300.0752527541645,6265500.18277916,2.7499483461129364,0.013053480605464877
3.3899999999999997,schechter,-2,5307496357663.331,0.005307496357663331,108,10,0.09259259259259259,0.03824573672608589,287816381421499.1,31.02754643026059,0.07273354530664589,299.82879001430183,6230454.443376221,2.717426522475995,0.009623146236212965
3.4,schechter,-2,5357201261048.219,0.0053572012610482184,147,10,0.06802721088435375,0.038043847472795544,153777307026488.97,43.154704961344436,0.07233701111721073,299.58118739785647,6195680.028727723,2.6853078073971575,0.006949621812389423
3.4099999999999997,schechter,-2,5407226427229.101,0.0054072264272291,95,10,0.10526315789473684,0.03784345723100235,162927511277663.1,114.96049992664393,0.07194259455276497,299.3324652299481,6161174.274165404,2.6535874693960873,0.010570623569138377
3.42,schechter,-2,5457572982449.249,0.005457572982449249,95,10,0.10526315789473684,0.03764462878488739,125462227043378.67,28.845629871648846,0.07155029653104333,299.0826435783612,6126934.5465087,2.6222608145234334,0.010390951046304324
3.4299999999999997,schechter,-2,5508242053568.358,0.005508242053568358,77,10,0.12987012987012986,0.03744726512820651,257664176567617.5,108.4644834293393,0.07116011753309788,298.83174225583156,6092958.2436328735,2.591323186821307,0.012602333299969673
3.44,schechter,-2,5559234768060.5625,0.005559234768060563,76,10,0.13157894736842105,0.03725136710036425,188619346606039.75,58.60772681708679,0.07077205761663512,298.5797808234446,6059242.794044905,2.560769968756098,0.012551602916542328
3.4499999999999997,schechter,-2,5610552254012.392,0.005610552254012391,107,10,0.09345794392523364,0.03705697424922749,386998542195104.3,216.4979146127915,0.07038611642905952,298.32677859421943,6025785.656462501,2.5305965816144633,0.008764135734586008
3.46,schechter,-2,5662195640120.833,0.005662195640120833,53,10,0.18867924528301888,0.036864005807312084,299219292966150.7,279.0039145480613,0.07000229322022894,298.0727546355345,5992584.319403749,2.5007984858557686,0.01739423583122723
3.4699999999999998,schechter,-2,5714166055691.2705,0.005714166055691271,102,10,0.09803921568627451,0.03667244975644057,139331869393424.47,41.41576469579613,0.06962058685492503,297.81772777336,5959636.300782556,2.471371181445595,0.008885415243243017
3.48,schechter,-2,5766464630635.603,0.0057664646306356026,99,10,0.10101010101010101,0.03648236435680752,92070228290826.69,36.264773794744556,0.06924099582504298,297.56171659335484,5926939.147505195,2.4423102081280192,0.00900012635204816
3.4899999999999998,schechter,-2,5819092495470.208,0.005819092495470208,61,10,0.16393442622950818,0.03629366390622191,156586011601795.72,51.22763281894585,0.06886351826150523,297.3047394457483,5894490.435082389,2.4136111457021494,0.014360457659413933
3.5,schechter,-2,5872050781314.023,0.005872050781314023,85,10,0.11764705882352941,0.0361063363581714,111718424868922.28,73.23630048935135,0.06848815194590231,297.04681444728635,5862287.767236518,2.3852696142393355,0.010132158470194257
3.51,schechter,-2,5925340619886.597,0.005925340619886596,149,10,0.06711409395973154,0.03592040100418681,308935883921664.1,27.267720987666856,0.06811489432186627,296.7879594844606,5830328.775524363,2.3572812742861,0.005682851587383704
3.52,schechter,-2,5978963143506.17,0.00597896314350617,150,10,0.06666666666666667,0.035735844459524935,83063291971107.48,50.30379048182599,0.06774374250617998,296.52819221621127,5798611.1189587405,2.3296418270320993,0.00555011453181484
3.53,schechter,-2,6032919485087.717,0.006032919485087717,75,10,0.13333333333333333,0.03555262253901281,124631653719243.16,34.63410982968945,0.0673746932996273,296.26753007694015,5767132.483642135,2.302347014456453,0.01091392991450578
3.54,schechter,-2,6087210778141.089,0.006087210778141089,97,10,0.10309278350515463,0.03537072353752024,432932523952681.3,48.59876927223094,0.06700774319758737,296.0059902794761,5735890.582397208,2.275392619444503,0.008297142606359331
3.55,schechter,-2,6141838156769.052,0.006141838156769052,62,10,0.16129032258064516,0.03519016303461975,145499033439691.88,68.04130248815409,0.06664288840037871,295.7435898168365,5704883.154414197,2.2487744658754094,0.012763667755200903
3.56,schechter,-2,6196802755665.423,0.006196802755665423,138,10,0.07246376811594203,0.03501092668160366,126273348475188.84,87.95613695027313,0.06628012482335588,295.480345466707,5674107.964892094,2.222488418702542,0.005638505730283186
3.57,schechter,-2,6252105710113.205,0.006252105710113205,113,10,0.08849557522123894,0.034832976144920424,112337755967217.6,52.724848641773974,0.06591944810676449,295.21627379247667,5643562.804696245,2.1965303839893355,0.006770946059034816
3.58,schechter,-2,6307748155982.67,0.00630774815598267,72,10,0.1388888888888889,0.03465630006014708,72039023121210.23,33.74683760470624,0.06556085362535716,294.95139114688385,5613245.49001041,2.17089630893939,0.010449338039176288
3.59,schechter,-2,6363731229729.543,0.006363731229729543,148,10,0.06756756756756757,0.034480887139102356,444667961270391.0,403.20171670896605,0.0652043364977763,294.68571367441024,5583153.862002588,2.1455821818998544,0.004998755206875531
3.5999999999999996,schechter,-2,6420056068393.105,0.006420056068393106,108,10,0.09259259259259259,0.03430675970504915,114079315011138.9,71.17150942518323,0.06484989159570673,294.41925731372214,5553285.786493722,2.1205840323447176,0.00673614507703837
3.61,schechter,-2,6476723809594.375,0.006476723809594375,82,10,0.12195121951219512,0.03413388007447504,88032191733444.97,45.972600842456714,0.06449751355280299,294.1520378001882,5523639.15362708,2.095897930838325,0.008724527880436069
3.6199999999999997,schechter,-2,6533735591534.261,0.0065337355915342605,67,10,0.14925373134328357,0.033962227935064426,181787209845502.38,63.059986201889444,0.06414719677339552,293.8840706690311,5494211.877547617,2.0715199889874567,0.010500512542990172
3.63,schechter,-2,6591092552991.746,0.006591092552991746,111,10,0.09009009009009009,0.03379179233768437,96912625687933.1,40.38237472051567,0.06379893544097907,293.61537125682565,5465001.896084231,2.0474463593637577,0.006233052450285404
3.6399999999999997,schechter,-2,6648795833322.048,0.0066487958333220475,57,10,0.17543859649122806,0.0336225624092501,150767374112018.6,36.10549753968088,0.06345272352648877,293.34595470489785,5436007.170438018,2.0236732354239586,0.011937031518240547
3.65,schechter,-2,6706846572454.853,0.006706846572454852,34,10,0.29411764705882354,0.03345452735270704,103987929374713.03,40.14535173778542,0.0631085547963669,293.0758359611318,5407225.684871397,2.0001968514019044,0.01968107066941868
3.6599999999999997,schechter,-2,6765245910892.45,0.0067652459108924505,70,10,0.14285714285714285,0.033287698095522344,221331381801217.3,96.3389621806626,0.06276642282042497,292.80502978288996,5378655.446409031,1.9770134821963197,0.009401461132304062
3.67,schechter,-2,6823994989708.023,0.006823994989708024,86,10,0.11627906976744186,0.03312204892872639,129744989736518.28,40.34922160474412,0.062426320979504686,292.5335507390672,5350294.484533614,1.9541194432349698,0.007526097652488865
3.6799999999999997,schechter,-2,6883094950543.818,0.006883094950543818,58,10,0.1724137931034483,0.032957560636411976,345288044079220.1,30.572582194518645,0.06208824247294238,292.26141321189874,5322140.850894996,1.93151109032732,0.01097549894471808
3.69,schechter,-2,6942546935609.357,0.006942546935609357,66,10,0.15151515151515152,0.03279422275735622,87890311646550.61,28.828155526389388,0.06175218032584041,291.98863140100707,5294192.619019311,1.9091848195178038,0.009486398826701483
3.6999999999999997,schechter,-2,7002352087679.734,0.007002352087679734,116,10,0.08620689655172414,0.032632024905855594,188336623389069.75,73.29147542060153,0.061418127396149415,291.71521932347963,5266447.884021641,1.8871370669004284,0.005308715842056729
3.71,schechter,-2,7062511550093.805,0.007062511550093804,117,10,0.08547008547008547,0.032470956771649795,302066177639133.4,273.25840952881816,0.06108607638156587,291.44119081786965,5238904.762326913,1.865364308449521,0.005176937078892548
3.7199999999999998,schechter,-2,7123026466752.477,0.007123026466752476,60,10,0.16666666666666666,0.03231100811983478,201813671910313.28,155.16077831752006,0.06075601982624775,291.1665595454783,5211561.39139034,1.8438630598201105,0.009929512382951833
3.73,schechter,-2,7183897982116.944,0.007183897982116944,96,10,0.10416666666666667,0.032152168790765656,219893784486630.06,106.92677608874506,0.06042795012735299,290.8913389927494,5184415.929424091,1.8226298761462927,0.006104323273015407
3.7399999999999998,schechter,-2,7245127241206.988,0.007245127241206988,114,10,0.08771929824561403,0.03199442869995395,94728324615281.56,33.319506603524985,0.060101859541404255,290.6155424739416,5157466.555130386,1.8016613518324966,0.005056414531812934
3.75,schechter,-2,7306715389599.234,0.007306715389599234,102,10,0.09803921568627451,0.031837777837953274,81279636137856.88,36.286259641458784,0.05977774019048319,290.33918313242634,5130711.467432381,1.7809541203248829,0.005558982512008934
3.76,schechter,-2,7368663573425.464,0.0073686635734254635,88,10,0.11363636363636363,0.03168220896071505,162099012447864.12,136.01598836164885,0.059455584068258405,290.0622739433911,5104148.885215932,1.76050485388556,0.006338259392858572
3.77,schechter,-2,7430972939370.884,0.007430972939370884,150,10,0.06666666666666667,0.0315277166939022,130571994642158.83,27.565088909675165,0.05913538304585055,289.7848277158477,5077777.047071797,1.740310263353174,0.0036578672628326124
3.78,schechter,-2,7493644634672.46,0.00749364463467246,102,10,0.09803921568627451,0.03137428232715411,140209768600586.66,23.378747342270398,0.05881712887753789,289.5068570947178,5051594.211037625,1.7203670978951153,0.005291694415265503
3.79,schechter,-2,7556679807117.222,0.007556679807117221,73,10,0.136986301369863,0.031221896179235875,172595868493406.7,57.42041093331909,0.05850081320630583,289.2283745626558,5025598.654353037,1.700672144754344,0.007273727279238155
3.8,schechter,-2,7620079605040.547,0.007620079605040547,52,10,0.19230769230769232,0.031070548643002738,87653239762501.61,59.62064896280417,0.058186427569244414,288.9493924421652,4999788.673212268,1.6812222289893035,0.010045480201059546
3.81,schechter,-2,7683845177324.578,0.0076838451773245785,58,10,0.1724137931034483,0.030920230185240816,142382661236891.9,25.339126048769824,0.05787396340279591,288.6699228973906,4974162.582516595,1.662014213204482,0.00886032104196974
3.82,schechter,-2,7747977673396.478,0.007747977673396477,90,10,0.1111111111111111,0.03077093134649711,318438854064772.2,59.327215442791406,0.0575634120478575,288.38997793728464,4948718.7156405095,1.6430449972866104,0.005617558312301312
3.83,schechter,-2,7812478243226.818,0.007812478243226818,119,10,0.08403361344537816,0.030622642740905204,340274278434928.6,94.52421575143892,0.057254764754740534,288.109569415098,4923455.424194368,1.6243115181119534,0.004179891707485691
3.84,schechter,-2,7877348037327.929,0.007877348037327928,88,10,0.11363636363636363,0.03047535505600285,127617164140226.5,53.150007480619,0.056948012687991136,287.82870903323044,4898371.077789676,1.60581074927921,0.0055610969019352155
3.8499999999999996,schechter,-2,7942588206752.251,0.007942588206752251,73,10,0.136986301369863,0.030329059052542018,160970020252185.56,40.158021515131324,0.056643146931074334,287.5474083423808,4873464.063811505,1.5875397008065715,0.006595696621098273
3.86,schechter,-2,8008199903090.724,0.008008199903090724,131,10,0.07633587786259542,0.030183745564293374,171853137096413.16,52.72600214934323,0.056340158490925135,287.2656787456101,4848732.787193777,1.5694954188521935,0.0036162786554930276
3.8699999999999997,schechter,-2,8074184278471.152,0.008074184278471152,141,10,0.07092198581560284,0.030039405497843452,164489337187251.62,34.90469943525646,0.05603903830236975,286.9835314987123,4824175.670194775,1.5516749854090852,0.0033057726303236763
3.88,schechter,-2,8140542485556.601,0.0081405424855566,96,10,0.10416666666666667,0.02989602983238593,255926707170018.25,63.956432994105704,0.05573977723241955,286.70097771316466,4799791.152178878,1.5340755180117434,0.004777371609542914
3.8899999999999997,schechter,-2,8207275677543.774,0.008207275677543775,85,10,0.11764705882352941,0.029753609619505905,276056908582510.3,124.19900944962592,0.05544236608444147,286.4180283565916,4775577.689400512,1.5166941694257081,0.005309073674032149
3.9,schechter,-2,8274385008161.448,0.008274385008161448,96,10,0.10416666666666667,0.029612143940796587,208708155023674.9,41.56400489804083,0.0551467956022065,286.1346942555139,4751533.754790982,1.499528127346528,0.004625441953151932
3.9099999999999997,schechter,-2,8341871631668.834,0.008341871631668834,73,10,0.136986301369863,0.02947162012652249,568369272097261.9,100.88625879211922,0.0548530564738208,285.85098609754294,4727657.837746424,1.4825746140923042,0.005985462443253982
3.92,schechter,-2,8409736702854.055,0.008409736702854055,78,10,0.1282051282051282,0.0293320267139886,154627142349114.1,62.01682880971629,0.054561139335540465,285.56691443119485,4703948.4439248545,1.4658308862834362,0.005512280860853248
3.9299999999999997,schechter,-2,8477981377032.515,0.008477981377032515,85,10,0.11764705882352941,0.029193355016351452,173225994718721.0,32.833414098370916,0.054271034775474035,285.2824896699381,4680404.095037893,1.449294234539795,0.00497761895436136
3.94,schechter,-2,8546606810045.391,0.00854660681004539,185,10,0.05405405405405406,0.029055596418247398,154272797286239.25,65.15610695845217,0.05398273333717482,284.997722092271,4657023.328652699,1.4329619831576657,0.0022505710846119223
3.9499999999999997,schechter,-2,8615614158258.019,0.008615614158258018,76,10,0.13157894736842105,0.028918742375541706,67973757941876.85,24.613395190508733,0.053696225523125696,284.71262184399194,4633804.697992794,1.416831489795277,0.005391182216176916
3.96,schechter,-2,8685004578558.368,0.008685004578558368,137,10,0.072992700729927,0.028782784415073426,120843815550527.67,49.98035064410796,0.05341150179811911,284.42719893940506,4610746.771740449,1.400900145151175,0.002943197581381849
3.9699999999999998,schechter,-2,8754779228355.492,0.008754779228355491,112,10,0.08928571428571429,0.02864771413439393,129000614994278.12,75.1960201372053,0.05312855259253501,284.141463263776,4587848.13384705,1.385165372649324,0.0035430197879034895
3.98,schechter,-2,8824939265578.002,0.008824939265578003,122,10,0.08196721311475409,0.0285135232015018,73609579958477.44,24.803257837807255,0.05284736830551836,283.85542457435173,4565107.3833417045,1.3696246281147157,0.0032010511156637064
3.9899999999999998,schechter,-2,8895485848672.502,0.008895485848672502,72,10,0.1388888888888889,0.028380203354571143,378838719358877.0,62.226773119070934,0.05256793930805998,283.5690925014263,4542523.13414405,1.3542753994491719,0.0053381404492306335
4.0,schechter,-2,8966420136602.13,0.008966420136602132,97,10,0.10309278350515463,0.028247746401677487,144211616236331.1,41.80869330453897,0.05229025594598198,283.28247655116814,4520094.014880405,1.3391152063153149,0.00389968935573454
4.01,schechter,-2,9037743288844.973,0.009037743288844973,90,10,0.1111111111111111,0.028116165102698543,582314017494421.0,74.33440617333474,0.052014308542830644,282.99558610643834,4497818.66870036,1.3241415998098238,0.004136642648844932
4.02,schechter,-2,9109456465392.611,0.009109456465392612,126,10,0.07936507936507936,0.02798543620548022,222621888903251.06,130.72273195656177,0.051740087402679,282.70843042745537,4475695.7530969195,1.3093521621363566,0.002908158047934492
4.03,schechter,-2,9181560826748.592,0.009181560826748592,51,10,0.19607843137254902,0.027855547137498493,126962288611622.55,31.64769537787415,0.05146758281284127,282.4210186555333,4453723.939732424,1.2947445062938023,0.007071728750212594
4.04,schechter,-2,9254057533926.924,0.009254057533926923,113,10,0.08849557522123894,0.027726489960515632,117405559083355.2,57.41675824449497,0.05119678504650158,282.1333598121705,4431901.9142613495,1.2803162757413609,0.0031414757845688143
4.05,schechter,-2,9326947748450.65,0.00932694774845065,82,10,0.12195121951219512,0.027598256804994392,279404525945763.4,31.001628733101377,0.05092768436525858,281.84546280207735,4410228.376158676,1.266065144083263,0.004261120851007575
4.06,schechter,-2,9400232632350.28,0.00940023263235028,65,10,0.15384615384615385,0.027470839869797148,361819250945283.0,41.24432200599446,0.05066027102158882,281.55733641377867,4388702.038552683,1.2519888147433667,0.005291259115168023
4.07,schechter,-2,9473913348162.395,0.009473913348162395,99,10,0.10101010101010101,0.027344241665270608,177022790274268.84,92.19189157473048,0.05039453526123035,281.26898932188476,4367321.6280537555,1.2380850206461425,0.003419646061282795
4.08,schechter,-2,9547991058928.115,0.009547991058928115,136,10,0.07352941176470588,0.027218467743915786,225107380727434.2,150.2880836332361,0.05013046732548883,280.9804300874621,4346085.884590511,1.224351523891387,0.0024503656220773423
4.09,schechter,-2,9622466928191.73,0.00962246692819173,66,10,0.15151515151515152,0.027093488007173594,275777005598289.84,28.887774894805556,0.049868057453468215,280.691667160057,4324993.5612532655,1.2107861154386554,0.00497036652998326
4.1,schechter,-2,9697342119999.135,0.009697342119999135,108,10,0.09259259259259259,0.026969294902703056,88683361932383.1,45.49720880951018,0.04960729588422757,280.40270887891603,4304043.424121051,1.1973866147838574,0.002990062289505107
4.109999999999999,schechter,-2,9772617798896.498,0.009772617798896498,100,10,0.1,0.02684588094523499,286976385194388.3,40.07431253983684,0.04934817285886632,280.1135634749171,4283234.252119073,1.1841508696479788,0.003178957326776612
4.12,schechter,-2,9848295129928.725,0.009848295129928724,116,10,0.08620689655172414,0.02672324445105989,199541179351411.06,30.19216714065331,0.04909067862253967,279.8242390707239,4262564.836847282,1.1710767556507797,0.002697842276914648
4.13,schechter,-2,9924375278638.07,0.00992437527863807,76,10,0.13157894736842105,0.026601405812584855,151112045550347.97,30.874068295112306,0.04883480342640599,279.53474368271674,4242033.982438276,1.1581621760010916,0.0040537818474462315
4.14,schechter,-2,10000859411062.75,0.01000085941106275,59,10,0.1694915254237288,0.026480325119117687,201303788752194.0,45.381288898263634,0.04858053752950762,279.2450852230166,4221640.505400525,1.1454050611841151,0.005140796341226822
4.1499999999999995,schechter,-2,10077748693735.44,0.01007774869373544,130,10,0.07692307692307693,0.026359995129800917,117323017325068.53,26.19864997541461,0.04832787120058748,278.955271499485,4201383.234468503,1.1328033686432244,0.0022969762523428823
4.16,schechter,-2,10155044293681.943,0.010155044293681944,86,10,0.11627906976744186,0.02624040866942956,347995512932158.1,41.11289174356464,0.04807679471984265,278.665310217732,4181261.010457904,1.1203550824726127,0.003418438978948118
4.17,schechter,-2,10232747378419.723,0.010232747378419723,102,10,0.09803921568627451,0.026121589981168314,369892070442737.75,75.75824621959302,0.04782729838061681,278.3752089824296,4161272.6861168793,1.108058213107083,0.002837670815495024
4.18,schechter,-2,10310859115956.543,0.010310859115956543,59,10,0.1694915254237288,0.026003513526242084,486294907342304.1,167.00464785972594,0.0475793724910331,278.0849752983159,4141417.125983926,1.095910797013665,0.004830090039610098
4.1899999999999995,schechter,-2,10389380674789.072,0.010389380674789072,72,10,0.1388888888888889,0.025886160219149912,125953471275097.53,44.16770614518279,0.04733300737556878,277.79461657116804,4121693.2062488887,1.0839108963853235,0.0038969848787656783
4.2,schechter,-2,10468313223901.477,0.010468313223901477,64,10,0.15625,0.025769523124348104,322324334076025.4,40.42095588053453,0.04708819337657378,277.5041401096871,4102099.814607074,1.0720565988378548,0.004316623017869075
4.21,schechter,-2,10547657932764.049,0.010547657932764049,67,10,0.14925373134328357,0.02565363196450199,78702474857098.28,36.032104697532716,0.04684492085573398,277.2135531261469,4082635.850129579,1.060346017107674,0.004059959175806835
4.22,schechter,-2,10627415971331.85,0.01062741597133185,123,10,0.08130081300813008,0.025538454789359344,295591419160001.8,28.123717562613923,0.046603180195481396,276.922862737985,4063300.22312007,1.0487772887513016,0.0021775732823481287
4.2299999999999995,schechter,-2,10707588510043.336,0.010707588510043336,62,10,0.16129032258064516,0.02542397408044894,247223132397966.1,26.399944097213258,0.0463629618003518,276.63207596815823,4044091.8549862206,1.037348575845588,0.004253794081401428
4.24,schechter,-2,10788176719818.977,0.010788176719818977,38,10,0.2631578947368421,0.0253101916614471,245147672507367.25,57.63844161541505,0.046124256098292224,276.3411997474598,4025009.6781047075,1.0260580646954214,0.006834138492951211
4.25,schechter,-2,10869181772059.92,0.01086918177205992,167,10,0.059880239520958084,0.025197134807008248,233885463295111.5,53.45267696822576,0.04588705354191895,276.05024091484376,4006052.635690871,1.0149039655368175,0.0015312977266945175
4.26,schechter,-2,10950604838646.64,0.010950604838646641,134,10,0.07462686567164178,0.025084755129321068,290705373872382.4,87.52588580595311,0.04565134460972769,275.7592062186761,3987219.681670151,1.0038845122458284,0.0018792684453585464
4.27,schechter,-2,11032447091937.607,0.011032447091937608,102,10,0.09803921568627451,0.024973046098310858,240283019344015.84,83.99150803007521,0.04541711980725716,275.4681023179555,3968509.7805564064,0.9929979620509023,0.0024311944982182273
4.28,schechter,-2,11114709704767.953,0.011114709704767953,99,10,0.10101010101010101,0.024862045836240743,67806346174960.79,23.834495134697885,0.0451843696682072,275.1769357835643,3949921.907314913,0.9822425952433836,0.0024667232752776836
4.29,schechter,-2,11197393850448.088,0.011197393850448089,83,10,0.12048192771084337,0.024751713032432288,180009557943949.6,42.17443350689072,0.04495308475551311,274.8857130986858,3931455.0472522303,0.97161671489375,0.002897491337899359
4.3,schechter,-2,11280500702762.428,0.011280500702762427,94,10,0.10638297872340426,0.0246420322056361,173924459559559.72,53.74089199607273,0.04472325566237682,274.59444066105965,3913108.1958865277,0.9611186465714945,0.0025195656002395903
4.31,schechter,-2,11364031435968.092,0.011364031435968092,87,10,0.11494252873563218,0.02453303656274608,536844709511711.5,40.123243820332775,0.044494873013256726,274.30312478279643,3894880.358826569,0.9507467380605367,0.002681000515718473
4.32,schechter,-2,11447987224793.549,0.011447987224793548,67,10,0.14925373134328357,0.024424697663390837,225948017244180.7,18.687246973424543,0.044267927464816684,274.01177169169074,3876770.551660913,0.9404993590845856,0.003428569029590128
4.33,schechter,-2,11532369244437.322,0.011532369244437322,105,10,0.09523809523809523,0.024316992516830838,157544204077458.94,57.038945761887476,0.04404240970683595,273.7203875334921,3858777.7998315697,0.9303749010339992,0.0021546590005991416
4.34,schechter,-2,11617178670566.691,0.011617178670566691,81,10,0.12345679012345678,0.0242099587758009,343608041606598.1,38.88131752357888,0.04381831046308065,273.4289783707619,3840901.138524533,0.920371776687169,0.002750884292840369
4.35,schechter,-2,11702416679316.412,0.011702416679316412,86,10,0.11627906976744186,0.024103561989269995,108311013582229.6,25.757917637941045,0.043595620492138186,273.1375501859473,3823139.612554538,0.910488419947129,0.0025518621012451297
4.36,schechter,-2,11788084447287.416,0.011788084447287416,67,10,0.14925373134328357,0.023997781171851473,168801757177131.5,34.1558852170092,0.04337433058821551,272.84610888068636,3805492.276251821,0.9007232855679942,0.0032261731796196726
4.37,schechter,-2,11874183151545.504,0.011874183151545504,120,10,0.08333333333333333,0.02389266734814488,219193551683283.06,45.74335846403515,0.0431544315819022,272.5546602781714,3787958.1933524255,0.8910748488947803,0.0017741795789117873
4.38,schechter,-2,11960713969620.13,0.01196071396962013,95,10,0.10526315789473684,0.023788162049810158,220940493031281.4,20.04964396865203,0.042935914340899516,272.26321012318004,3770536.4368874063,0.8815416055973734,0.0022073952176421214
4.39,schechter,-2,12047678079503.074,0.012047678079503073,72,10,0.1388888888888889,0.023684270909485106,116619482897151.97,43.55263025231385,0.04271876977071631,271.9717640835272,3753226.089076467,0.8721220714125313,0.0028688299174271814
4.3999999999999995,schechter,-2,12135076659647.195,0.012135076659647196,104,10,0.09615384615384616,0.02358102021381092,461209739488693.9,97.39675861768788,0.0425029888153329,271.6803277504977,3736026.2412209357,0.8628147818846578,0.001956351231961248
4.41,schechter,-2,12222910888965.164,0.012222910888965164,74,10,0.13513513513513514,0.023478356934622746,146113222595517.53,41.621775099423665,0.04228856245783335,271.38890664059204,3718935.9935974055,0.8536182921132374,0.002708318236237521
4.42,schechter,-2,12311181946828.232,0.012311181946828233,103,10,0.0970873786407767,0.023376318696120113,250927083627400.34,42.101256136946105,0.042075481721007855,271.09750619538704,3701954.455356704,0.8445311764977796,0.0019167019350117827
4.43,schechter,-2,12399891013064.963,0.012399891013064964,53,10,0.18867924528301888,0.02327487834404307,145871785943178.47,33.726597121115546,0.041863737667925324,270.8061317830192,3685080.744418201,0.8355520284891823,0.0036693154364536096
4.4399999999999995,schechter,-2,12489039267959.996,0.012489039267959997,97,10,0.10309278350515463,0.023174020967307696,181108406721284.62,30.419569475429522,0.041653321402477496,270.5147887000074,3668313.9873721073,0.8266794603461753,0.001974998674979884
4.45,schechter,-2,12578627892252.791,0.012578627892252791,147,10,0.06802721088435375,0.0230737833457626,548042574328956.1,33.227195726483366,0.041444224069895445,270.22348216990883,3651653.319377335,0.817912102883322,0.0012838317454290382
4.46,schechter,-2,12668658067136.441,0.012668658067136442,66,10,0.15151515151515152,0.022974105721420224,219354426688090.6,46.706104169738396,0.041236436857238865,269.93221734602275,3635097.884063798,0.8092486052348788,0.0028169337896330254
4.47,schechter,-2,12759130974256.377,0.012759130974256377,122,10,0.08196721311475409,0.02287503612158992,325079243323538.44,32.277669397586806,0.04102995099385941,269.6409993120699,3618646.833436934,0.8006876346151476,0.0015012916855681878
4.4799999999999995,schechter,-2,12850047795709.225,0.012850047795709224,92,10,0.10869565217391304,0.022776530701068998,351445269470991.0,60.704041778223726,0.04082475775183858,269.349833081868,3602299.327779113,0.7922278760775466,0.001961326363230753
4.49,schechter,-2,12941409714041.521,0.012941409714041521,82,10,0.12195121951219512,0.022678601289174205,199207088388821.06,34.34927216996575,0.04062084844640118,269.0587236017113,3586054.5355572705,0.7838680322854824,0.002167930557016096
4.5,schechter,-2,13033217912248.55,0.01303321791224855,111,10,0.09009009009009009,0.022581248586334368,260231477958432.9,53.55289890183401,0.04041821443630461,268.76767574993727,3569911.633328093,0.7756068232766286,0.001577853196546546
4.51,schechter,-2,13125473573773.092,0.013125473573773092,140,10,0.07142857142857142,0.02248444390106641,180276301206398.84,29.681042067277282,0.04021684712420523,268.4766943385958,3553869.805647869,0.767442986236787,0.001232537769379137
4.52,schechter,-2,13218177882504.275,0.013218177882504276,93,10,0.10752688172043011,0.022388224699697146,130955158690867.7,18.527275546874485,0.04001673795700224,268.1857841137266,3537928.2449801154,0.7593752752715088,0.0018280714294809585
4.53,schechter,-2,13311332022776.365,0.013311332022776365,75,10,0.13333333333333333,0.022292529443644016,483673974907803.0,53.04864894606477,0.03981787842615967,267.8949497563019,3522086.15160432,0.7514024611822484,0.0022334215319909138
4.54,schechter,-2,13404937179367.537,0.013404937179367537,91,10,0.10989010989010989,0.022197424796110643,279855697992215.7,30.62851580306567,0.03962026006800758,267.60419588353943,3506342.7335315645,0.7435233312473245,0.0018136596955512251
4.55,schechter,-2,13498994537498.736,0.013498994537498737,79,10,0.12658227848101267,0.022102833639514596,120507264432532.42,43.95427090440303,0.0394238744640223,267.3135270484854,3490697.2064130404,0.7357366889988226,0.00205846400499092
4.56,schechter,-2,13593505282832.496,0.013593505282832496,122,10,0.08196721311475409,0.02200881506172392,439623388465054.75,77.6858405266921,0.03922871324108732,267.02294774208445,3475148.7934561176,0.7280413540104022,0.0013133875014509847
4.57,schechter,-2,13688470601471.715,0.013688470601471716,64,10,0.15625,0.021915309920301773,174933206050517.28,50.068809760147275,0.03903476807173469,266.73246239321054,3459696.7253384124,0.7204361616812618,0.0024669659001621074
4.58,schechter,-2,13783891679958.562,0.013783891679958563,88,10,0.11363636363636363,0.021822362112477234,237588550266010.25,43.68014086166879,0.03884203067436807,266.4420753694394,3444340.2401227453,0.7129199630246993,0.0017679088170839622
4.59,schechter,-2,13879769705273.258,0.013879769705273258,119,10,0.08403361344537816,0.021729924730446548,320234508901572.0,50.675620430462814,0.0386504928134673,266.1517909779756,3429078.583176759,0.7054916244603243,0.001288258814914564
4.6,schechter,-2,13976105864832.918,0.013976105864832918,61,10,0.16393442622950818,0.021638032992572498,146121977115557.28,38.35404255890667,0.038460146299776024,265.86161346651727,3413911.0070874332,0.6981500276073093,0.0024764907100216977
4.61,schechter,-2,14072901346490.451,0.014072901346490451,64,10,0.15625,0.021546645377035212,191936126605464.47,63.03081847626997,0.03827098299047199,265.5715470235962,3398836.7715838132,0.6908940690802147,0.0023260077343075394
4.62,schechter,-2,14170157338533.332,0.014170157338533333,81,10,0.12345679012345678,0.02145579517282692,77697204874012.78,21.881175510241565,0.038082994789321374,265.2815957795203,3383855.1434541843,0.6837226602875425,0.0018110880684135597
4.63,schechter,-2,14267875029682.508,0.014267875029682507,66,10,0.15151515151515152,0.021365439592149982,124246792502535.25,41.703598731817706,0.03789617364681675,264.9917638070065,3368965.396468138,0.676634727232711,0.0021903936955517222
4.64,schechter,-2,14366055609091.277,0.014366055609091277,61,10,0.16393442622950818,0.021275616548910525,457787685780618.5,41.515541867710304,0.03771051156030021,264.7020551219538,3354166.8113015178,0.6696292103182034,0.0023355367719147305
4.6499999999999995,schechter,-2,14464700266344.102,0.014464700266344102,166,10,0.060240963855421686,0.021186275531054122,243203075568842.0,51.697827713188545,0.03752600057407135,264.4124736843232,3339458.6754533774,0.6627050641505924,0.0008457983183686354
4.66,schechter,-2,14563810191455.512,0.014563810191455511,103,10,0.0970873786407767,0.02109746543947466,133039451612785.12,34.32539064387369,0.03734263277948092,264.1230233980454,3324840.2831766997,0.6558612573480892,0.001343399049513758
4.67,schechter,-2,14663386574868.943,0.014663386574868943,99,10,0.10101010101010101,0.021009121770270478,240367355557884.0,51.347146535466834,0.037160400315010805,263.8337081127973,3310310.935399574,0.6490967723530807,0.00137747001323792
4.68,schechter,-2,14763430607455.713,0.014763430607455713,55,10,0.18181818181818182,0.02092131058417457,158938298961142.28,45.960454363967536,0.036979295366340204,263.5445316240019,3295869.9396521407,0.6424106052435107,0.0024436494172485547
4.6899999999999995,schechter,-2,14863943480513.775,0.014863943480513776,107,10,0.09345794392523364,0.02083395973917379,249144182598899.25,74.82763282403695,0.03679931016639911,263.25549767282826,3281516.609994206,0.6358017655466482,0.0012379690079901385
4.7,schechter,-2,14964926385766.71,0.01496492638576671,113,10,0.08849557522123894,0.02074712114158961,251115935139777.34,80.92537860488311,0.036620436995409095,262.966609949034,3267250.26694219,0.6292692760617598,0.0011553562744366127
4.71,schechter,-2,15066380515362.576,0.015066380515362576,170,10,0.058823529411764705,0.020660749426612557,124297798242573.4,24.726488476963155,0.03644266818091213,262.6778720886019,3253070.2373980703,0.6228121726726751,0.0007569274258490761
4.72,schechter,-2,15168307061872.805,0.015168307061872804,106,10,0.09433962264150944,0.020574866687046778,449233560346990.1,108.92651455503483,0.03626599609778732,262.3892876770919,3238975.8545814385,0.6164295041768812,0.0011965051764529883
4.7299999999999995,schechter,-2,15270707218291.12,0.01527070721829112,75,10,0.13333333333333333,0.020489460441065588,362621206293241.8,49.93977873321042,0.03609041316825672,262.1008602484362,3224966.457955114,0.6101203321045277,0.001666804854526069
4.74,schechter,-2,15373582178032.47,0.015373582178032471,137,10,0.072992700729927,0.020404517210351858,171918598487486.28,61.27998287820051,0.03591591186187994,261.81259328674696,3211041.393161196,0.6038837305486957,0.0008994128447468865
4.75,schechter,-2,15476933134931.867,0.015476933134931868,81,10,0.12345679012345678,0.0203200629344511,222519125323651.22,60.779469657831086,0.035742484695538375,261.5244902256516,3197200.011952672,0.5977187859910792,0.0014994670800546218
4.76,schechter,-2,15580761283243.363,0.015580761283243363,85,10,0.11764705882352941,0.020236049142834278,397990126663515.56,69.2041894779167,0.035570124233408995,261.2365544504558,3183441.672123255,0.5916245971359481,0.001408487579029715
4.77,schechter,-2,15685067817639.018,0.015685067817639016,77,10,0.12987012987012986,0.020152527470321147,334621701320053.7,16.540041851609214,0.03539882308692853,260.948789297402,3169765.737445429,0.5856002747409823,0.0015326396913435396
4.78,schechter,-2,15789853933207.69,0.015789853933207688,128,10,0.078125,0.02006944662013399,237020108158442.1,36.84999976731014,0.03522857391474806,260.66119805479707,3156171.577604061,0.5796449414535978,0.0009088400946198182
4.79,schechter,-2,15895120825454.076,0.015895120825454075,82,10,0.12195121951219512,0.01998682502137128,404380694729398.6,55.59314600097455,0.0350593694226785,260.37378396401635,3142658.568130008,0.5737577316489436,0.0013984872423324797
4.8,schechter,-2,16000869690297.623,0.016000869690297622,77,10,0.12987012987012986,0.01990466399651092,196140541594342.7,38.81869606610314,0.034891202363627125,260.0865502187777,3129226.0903392765,0.5679377912670696,0.0014681312865053987
4.81,schechter,-2,16107101724071.479,0.01610710172407148,161,10,0.062111801242236024,0.019822929822110313,678231216608003.0,81.26524344119784,0.034724065537525745,259.7994999674895,3115873.5312690753,0.5621842776582888,0.000692182576590934
4.82,schechter,-2,16213818123521.389,0.01621381812352139,118,10,0.0847457627118644,0.019741672811740774,276451554077710.6,34.963876305825224,0.03455795179125056,259.5126363124013,3102600.2836156418,0.5564963594237406,0.0009310312753108798
4.83,schechter,-2,16321020085804.695,0.016321020085804695,120,10,0.08333333333333333,0.019660839957114762,143975386171014.06,29.617645108330073,0.03439285401853435,259.2259623103758,3089405.7456736234,0.5508732162617747,0.0009025525117986517
4.84,schechter,-2,16428708808489.266,0.016428708808489265,137,10,0.072992700729927,0.019580445008886116,192985669420831.53,63.154465720613075,0.034228765159870625,258.93948097404774,3076289.321274794,0.5453140388169017,0.0007793789452283161
4.85,schechter,-2,16536885489552.434,0.016536885489552434,122,10,0.08196721311475409,0.01950050073841103,122365269262055.6,34.55269651736199,0.034065678202410896,258.6531952721328,3063250.419728769,0.5398180285291525,0.0008628460544213381
4.86,schechter,-2,16645551327380.05,0.01664555132738005,60,10,0.16666666666666666,0.019420970017098638,273562276209141.44,28.70451123896396,0.03390358617985464,258.36710812945853,3050288.455764161,0.5343843974848324,0.0017297105601930417
4.87,schechter,-2,16754707520765.334,0.016754707520765334,82,10,0.12195121951219512,0.019341884668708897,227252983765007.94,54.926195595079136,0.033742482172332715,258.08122242784475,3037402.8494712934,0.5290123682711956,0.001247816611636832
4.88,schechter,-2,16864355268907.895,0.016864355268907893,35,10,0.2857142857142857,0.01926322454668905,244818897626597.7,39.632774617968636,0.03358235930628393,257.795541007077,3024593.026241584,0.5237011738325149,0.002882335230542963
4.89,schechter,-2,16974495771412.723,0.01697449577141272,130,10,0.07692307692307693,0.019184970332669193,130846203497823.83,15.453756998199225,0.03342321075432565,257.5100666643657,3011858.4167142524,0.5184500573261518,0.0007651114591363743
4.8999999999999995,schechter,-2,17085130228289.15,0.017085130228289152,107,10,0.09345794392523364,0.019107162766825336,164550634772272.44,47.64141473218196,0.03326502973511832,257.22480215565923,2999198.4567176998,0.5132582719832995,0.0009165335835705058
4.91,schechter,-2,17196259839949.844,0.017196259839949844,73,10,0.136986301369863,0.019029761467188266,167120582657689.3,46.76216666981531,0.033107809513224104,256.93975019637014,2986612.5872155535,0.5081250809710625,0.0013245889159417864
4.92,schechter,-2,17307885807209.74,0.01730788580720974,81,10,0.12345679012345678,0.018952758544850234,281311758912238.8,37.81950041930996,0.032951543398960184,256.6549134609733,2974100.254251155,0.5030497572537876,0.0011770593315156247
4.93,schechter,-2,17420009331285.16,0.01742000933128516,172,10,0.05813953488372093,0.018876197602721967,211415824279378.12,62.33055795393636,0.032796224748246505,256.3702945838249,2961660.908893382,0.49803158345882664,0.0005465664291724028
4.9399999999999995,schechter,-2,17532631613792.666,0.017532631613792666,57,10,0.17543859649122806,0.01880003020884058,375828774394151.56,98.88454824868754,0.03264184696244863,256.0858961601972,2949294.0071838005,0.4930698517446222,0.0016262680890995515
4.95,schechter,-2,17645753856748.152,0.01764575385674815,60,10,0.16666666666666666,0.018724253772210986,229676585738125.94,24.347268847156606,0.03248840348821557,255.80172074618596,2936999.0100829303,0.4881638636681343,0.0015234173442908586
4.96,schechter,-2,17759377262565.805,0.017759377262565806,52,10,0.19230769230769232,0.018648908947355824,181279350753954.16,40.36441604008858,0.03233588781731316,255.51777085912772,2924775.38341962,0.4833129300554919,0.0017333190049393507
4.97,schechter,-2,17873503034057.125,0.017873503034057124,115,10,0.08695652173913043,0.018573950951093487,229229506223726.0,41.16532116959435,0.032184293486452624,255.2340489785264,2912622.597837311,0.4785163708747441,0.0007728643132106746
4.9799999999999995,schechter,-2,17988132374429.97,0.01798813237442997,115,10,0.08695652173913043,0.018499376602791107,589706630819988.6,73.80156708101264,0.03203361407711513,254.95055754600705,2900540.12874541,0.47377351510925,0.0007621317113421007
4.99,schechter,-2,18103266487287.516,0.018103266487287516,81,10,0.12345679012345678,0.018425218034838098,205763843784858.38,30.91769795115822,0.03188384321537219,254.66729896633552,2888527.4562673313,0.4690837006341544,0.001067033266762101
