z,luminosity_function,alpha_intrinsic,L_min_Jy_kpc2,L_min_over_L_star,n_generated,n_detected,detection_rate_10_per_n,N_ratio_detectable_L,mean_detected_L,mean_SNR,SFR_psi,comoving_volume_Mpc3,time_Gyr,nfrb_sfr_base,n_total_population_scaled
0.01,std,-2,10000000000.0,1e-05,11,10,0.9090909090909091,1.0,100000000000000.0,56615977.556231245,0.015366633837018974,0.07284857713661673,137678720.05218962,0.0030824541968653254,0.0028022310880593867
0.02,std,-2,10000000000.0,1e-05,13,10,0.7692307692307693,1.0,100000000000000.0,14947358.78296105,0.015778461234561884,0.272268003125195,135706863.92550436,0.011659852684587966,0.008969117449683052
0.03,std,-2,10000000000.0,1e-05,13,10,0.7692307692307693,1.0,100000000000000.0,3604849.2901505395,0.016197006898133106,0.6002584832549015,133769703.76805276,0.026011226728458778,0.02000863594496829
0.04,std,-2,10000000000.0,1e-05,12,10,0.8333333333333334,1.0,100000000000000.0,3791264.3721816884,0.0166223021408091,1.0531664119046702,131866423.28089881,0.046169204785251945,0.038474337321043287
0.05,std,-2,10000000000.0,1e-05,10,10,1.0,1.0,100000000000000.0,379015.7512730708,0.01705437728000787,1.6273503576154333,129996236.70924087,0.07215687322456626,0.07215687322456626
0.060000000000000005,std,-2,10000000000.0,1e-05,15,10,0.6666666666666666,1.0,100000000000000.0,1593849.903467374,0.017493261604641853,2.3191844133453015,128158387.20751494,0.10398797080511629,0.06932531387007752
0.06999999999999999,std,-2,10000000000.0,1e-05,13,10,0.7692307692307693,1.0,100000000000000.0,517929.98904831137,0.017938983341287663,3.1250614355515585,126352145.30294725,0.14166709938993796,0.10897469183841382
0.08,std,-2,10000000000.0,1e-05,11,10,0.9090909090909091,1.0,100000000000000.0,293581.5259811809,0.018391569619367408,4.041396167559533,124576807.45144194,0.18518994954774284,0.16835449958885712
0.09,std,-2,10000000000.0,1e-05,18,10,0.5555555555555556,1.0,100000000000000.0,296601.7475270627,0.018851046435337065,5.064628243199466,122831694.67989907,0.2345435396864808,0.13030196649248935
0.09999999999999999,std,-2,10000000000.0,1e-05,10,10,1.0,1.0,100000000000000.0,459015.3742470257,0.019317438615878545,6.191225067327356,121116151.30983643,0.2897064673769228,0.2897064673769228
0.11,std,-2,10000000000.0,1e-05,16,10,0.625,1.0,100000000000000.0,208720.6509032044,0.019790769780093035,7.417684570302584,119429543.75708403,0.3506491715336884,0.21915573220855525
0.12,std,-2,10000000000.0,1e-05,17,10,0.5882352941176471,1.0,100000000000000.0,92038.03647254786,0.020271062300694323,8.740537834177616,117771259.40308331,0.41733420414886735,0.24549070832286315
0.13,std,-2,10000000000.0,1e-05,10,10,1.0,1.0,100000000000000.0,264037.49250225414,0.02075833726420218,10.156351588683599,116140705.53330435,0.4897165102898119,0.4897165102898119
0.14,std,-2,10000000000.0,1e-05,12,10,0.8333333333333334,1.0,100000000000000.0,164484.57627285348,0.021252614430137,11.661730575807667,114537308.33873443,0.567743715113535,0.4731197625946126
0.15000000000000002,std,-2,10000000000.0,1e-05,10,10,1.0,1.0,100000000000000.0,134017.69686249355,0.021753912189218152,13.25331978207352,112960511.97664525,0.6513564166778207,0.6513564166778207
0.16,std,-2,10000000000.0,1e-05,12,10,0.8333333333333334,1.0,100000000000000.0,169125.02165152231,0.02226224752057046,14.92780653822203,111409777.68701176,0.740488483374168,0.6170737361451399
0.17,std,-2,10000000000.0,1e-05,13,10,0.7692307692307693,1.0,100000000000000.0,157311.15098230477,0.02277763594794393,16.681922486385464,109884582.96125181,0.835067354849009,0.6423595037300069
0.18000000000000002,std,-2,10000000000.0,1e-05,15,10,0.6666666666666666,1.0,100000000000000.0,27058.754035653295,0.023300091494954225,18.512445415187216,108384420.7601139,0.9350143453216332,0.6233428968810888
0.19,std,-2,10000000000.0,1e-05,13,10,0.7692307692307693,1.0,100000000000000.0,12068.176817010586,0.023829626639352574,20.416200963772198,106908798.77780546,1.0402449482654885,0.8001884217426836
0.2,std,-2,10000000000.0,1e-05,14,10,0.7142857142857143,1.0,100000000000000.0,148015.2316221891,0.024366252266335785,22.390064196060568,105457238.74949963,1.1506691414657493,0.8219065296183924
0.21000000000000002,std,-2,10000000000.0,1e-05,13,10,0.7692307692307693,1.0,100000000000000.0,136048.0342740954,0.02490997762090884,24.430961046691532,104029275.79969656,1.2661916915114064,0.973993608854928
0.22,std,-2,10000000000.0,1e-05,15,10,0.6666666666666666,1.0,100000000000000.0,28510.358709121625,0.025460810259314456,26.53586964080095,102624457.82893437,1.3867124568514377,0.9244749712342918
0.23,std,-2,10000000000.0,1e-05,23,10,0.43478260869565216,1.0,100000000000000.0,32977.96326888198,0.026018755999546127,28.701821489728907,101242344.93655138,1.5121266885828641,0.6574463863403757
0.24000000000000002,std,-2,10000000000.0,1e-05,12,10,0.8333333333333334,1.0,100000000000000.0,34031.10816593589,0.02658381887096318,30.925902565276377,99882508.87732875,1.6423253282071328,1.3686044401726107
0.25,std,-2,10000000000.0,1e-05,11,10,0.9090909090909091,1.0,100000000000000.0,36744.19433574154,0.027156001063028613,33.205254255152184,98544532.5499974,1.7771953016361552,1.6156320923965046
0.26,std,-2,10000000000.0,1e-05,11,10,0.9090909090909091,1.0,100000000000000.0,47511.624828566295,0.02773530287319293,35.53707420274543,97228009.51565525,1.9166198087987847,1.7423816443625315
0.27,std,-2,10000000000.0,1e-05,14,10,0.7142857142857143,1.0,100000000000000.0,23955.466874215635,0.0283217226539493,37.91861703411607,95932543.54423486,2.060478608229826,1.4717704344498757
0.28,std,-2,10000000000.0,1e-05,11,10,0.9090909090909091,1.0,100000000000000.0,35245.862251405226,0.028915256759088154,40.34719497597945,94657748.18751705,2.2086482961214555,2.0078620873831414
0.29000000000000004,std,-2,10000000000.0,1e-05,10,10,1.0,1.0,100000000000000.0,15514.776539843757,0.029515899489181725,42.82017836779107,93403246.37677355,2.3610025793169203,2.3610025793169203
0.3,std,-2,10000000000.0,1e-05,13,10,0.7692307692307693,1.0,100000000000000.0,19717.947995509712,0.03012364303633178,45.334996071609865,92168670.04385954,2.51741254181523,1.9364711860117156
0.31,std,-2,10000000000.0,1e-05,11,10,0.9090909090909091,1.0,100000000000000.0,15503.866316478738,0.030738477428216556,47.88913578388562,90953659.76403436,2.6777469044137474,2.4343153676488614
0.32,std,-2,10000000000.0,1e-05,14,10,0.7142857142857143,1.0,100000000000000.0,11872.701501386759,0.03136039047147566,50.48014425216161,89757864.41943079,2.8418722771094083,2.029908769363863
0.33,std,-2,10000000000.0,1e-05,12,10,0.8333333333333334,1.0,100000000000000.0,3806.516531748571,0.031989367694474906,53.10562740156946,88580940.88171776,3.0096534040167873,2.508044503347323
0.34,std,-2,10000000000.0,1e-05,14,10,0.7142857142857143,1.0,100000000000000.0,9180.083839164763,0.032625392289495694,55.763250374237096,87422553.71285346,3.180953400514008,2.27210957179572
0.35000000000000003,std,-2,10000000000.0,1e-05,13,10,0.7692307692307693,1.0,100000000000000.0,14022.714650305858,0.03326844505439697,58.450737485945425,86282374.8828454,3.3556339824365904,2.581256909566608
0.36000000000000004,std,-2,10000000000.0,1e-05,16,10,0.625,1.0,100000000000000.0,17012.096657126665,0.03391850433380093,61.16587210405079,85160083.50335014,3.533555687157755,2.208472304473597
0.37,std,-2,10000000000.0,1e-05,12,10,0.8333333333333334,1.0,100000000000000.0,14001.176225669737,0.03457554595985672,63.906496450297425,84055365.5762477,3.7145780864190057,3.095481738682505
0.38,std,-2,10000000000.0,1e-05,13,10,0.7692307692307693,1.0,100000000000000.0,18480.72563081762,0.035239543192639965,66.67051133306866,82967913.75619605,3.8985599908602664,2.9988923006617436
0.39,std,-2,10000000000.0,1e-05,14,10,0.7142857142857143,1.0,100000000000000.0,30044.82829807042,0.03591046666024937,69.45587581231456,81897427.12626469,4.0853596461609785,2.9181140329721273
0.4,std,-2,10025763895.581078,1.0025763895581078e-05,15,10,0.6666666666666666,1.0,100000000000000.0,1900.1836615481602,0.03658828429866464,72.2606068017445,80843610.98588744,4.2748349208212355,2.849889947214157
0.41000000000000003,std,-2,10704050649.368395,1.0704050649368395e-05,13,10,0.7692307692307693,1.0,100000000000000.0,6282.18025021042,0.03727296129143468,75.08277861129915,79806176.65031886,4.466843485549969,3.436033450423053
0.42000000000000004,std,-2,11412808241.096985,1.1412808241096985e-05,13,10,0.7692307692307693,1.0,100000000000000.0,10746.558241740906,0.037964460009266905,77.92052243470455,78784841.26087493,4.6612429843662,3.5855715264355386
0.43,std,-2,12152790073.384693,1.2152790073384693e-05,12,10,0.8333333333333334,1.0,100000000000000.0,6437.45036699395,0.038662739949594106,80.77202578492627,77779327.60525452,4.857891197432124,4.048242664526771
0.44,std,-2,12924754758.54413,1.292475475854413e-05,17,10,0.5882352941176471,1.0,100000000000000.0,11660.969228375372,0.03936775767619714,83.63553188161013,76789363.94735558,5.056646195744528,2.9744977622026636
0.45,std,-2,13729466018.73748,1.372946601873748e-05,12,10,0.8333333333333334,1.0,100000000000000.0,16838.53383801203,0.04007946675896711,86.50933899383398,75814683.86589663,5.257366487785172,4.381138739820977
0.46,std,-2,14567692588.356756,1.4567692588356757e-05,14,10,0.7142857142857143,1.0,100000000000000.0,10245.031093391477,0.04079781771389325,89.39179974196662,74855026.10136408,5.459911158294995,3.899936541639282
0.47000000000000003,std,-2,15440208118.615116,1.5440208118615116e-05,14,10,0.7142857142857143,1.0,100000000000000.0,2326.21925957625,0.04152275794336715,92.28132036158406,73910134.4107027,5.6641399993018835,4.045814285215632
0.48000000000000004,std,-2,16347791084.337336,1.6347791084337334e-05,20,10,0.5,1.0,100000000000000.0,4079.1260590268057,0.04225423167689769,95.17635993286054,72979757.42922702,5.869913633582919,2.9349568167914595
0.49,std,-2,17291224692.92801,1.729122469292801e-05,19,10,0.5263157894736842,1.0,100000000000000.0,8059.85459055875,0.042992179912334685,98.07542957879531,72063648.53939462,6.077093630770186,3.1984703319843084
0.5,std,-2,18271296795.497868,1.827129679549787e-05,19,10,0.5263157894736842,1.0,100000000000000.0,7269.487040819539,0.04373654035770323,100.97709163480484,71161565.7458431,6.285542616256943,3.3081803243457593
0.51,std,-2,19288799800.1236,1.92887998001236e-05,18,10,0.5555555555555556,1.0,100000000000000.0,7431.8861054920635,0.04448724737375437,103.87995879341285,70273271.55644336,6.495124373177658,3.6084024295431436
0.52,std,-2,20344530587.220234,2.0344530587220234e-05,15,10,0.6666666666666666,1.0,100000000000000.0,6025.634786060675,0.04524423191734168,106.78269322581693,69398532.8688438,6.705703937606693,4.470469291737795
0.53,std,-2,21439290426.989136,2.1439290426989135e-05,13,10,0.7692307692307693,1.0,100000000000000.0,5301.119723000136,0.04600742148573693,109.68400568399564,68537120.86228469,6.917147687275602,5.320882836365848
0.54,std,-2,22573884898.923992,2.2573884898923992e-05,13,10,0.7692307692307693,1.0,100000000000000.0,8295.121307988924,0.046776740062001616,112.58265458542604,67688810.89416112,7.129323423994087,5.484094941533914
0.55,std,-2,23749123813.33226,2.374912381333226e-05,14,10,0.7142857142857143,1.0,100000000000000.0,3513.7130103638497,0.04755210806153499,115.47744508301408,66853382.401291125,7.3421004500484575,5.244357464320327
0.56,std,-2,24965821134.851128,2.4965821134851126e-05,19,10,0.5263157894736842,1.0,100000000000000.0,5594.009718490742,0.04833344227992233,118.36722812247639,66030618.80524841,7.555349638778097,3.9764998098832085
0.5700000000000001,std,-2,26224794907.91449,2.622479490791449e-05,14,10,0.7142857142857143,1.0,100000000000000.0,2777.3772505496026,0.049120655842211244,121.25089948980792,65220307.42184981,7.768943499637622,5.549245356884016
0.5800000000000001,std,-2,27526867184.142525,2.7526867184142525e-05,14,10,0.7142857142857143,1.0,100000000000000.0,4545.756255620386,0.04991365815374634,124.1273988501451,64422239.37422575,7.982756237905489,5.701968741361064
0.59,std,-2,28872863951.61646,2.887286395161646e-05,13,10,0.7692307692307693,1.0,100000000000000.0,8375.079859966361,0.050712354852696435,126.99570878162658,63636209.50946025,8.196663809411527,6.305126007239637
0.6,std,-2,30263615066.00251,3.026361506600251e-05,17,10,0.5882352941176471,1.0,100000000000000.0,4409.692407125706,0.051516647764411366,129.85485380352742,62862016.318445235,8.410543970345664,4.947378806085685
0.61,std,-2,31699954183.486073,3.169995418348607e-05,16,10,0.625,1.0,100000000000000.0,5100.342442963482,0.05232643485774771,132.70389940413287,62099461.8588071,8.62427632263521,5.390172701647006
0.62,std,-2,33182718695.4845,3.31827186954845e-05,14,10,0.7142857142857143,1.0,100000000000000.0,9214.222001154847,0.05314161020350689,135.541951065763,61348351.680681646,8.837742354852752,6.312673110609109
0.63,std,-2,34712749665.092064,3.4712749665092064e-05,12,10,0.8333333333333334,1.0,100000000000000.0,1572.8093065902633,0.05396206393512963,138.36815329261583,60608494.75515795,9.050825479155943,7.5423545659632865
0.64,std,-2,36290891765.22665,3.6290891765226645e-05,17,10,0.5882352941176471,1.0,100000000000000.0,1452.949509220173,0.054787682211795266,141.18168864002462,59879703.405252725,9.263411064310791,5.449065331947525
0.65,std,-2,37917993218.436516,3.7917993218436515e-05,14,10,0.7142857142857143,1.0,100000000000000.0,4257.811132807423,0.055618347184074164,143.98177674780104,59161793.23922499,9.475386465106101,6.768133189361501
0.66,std,-2,39594905738.32979,3.959490573832979e-05,19,10,0.5263157894736842,1.0,100000000000000.0,4838.525959011463,0.056453936962285574,146.76767337926165,58454583.086089864,9.686641048404297,5.098232130739103
0.67,std,-2,41322484472.58382,4.132248447258382e-05,12,10,0.8333333333333334,1.0,100000000000000.0,3989.1713431899393,0.05729432558771266,149.53866946537198,57757894.933217816,9.897066215934272,8.247555179945227
0.68,std,-2,43101587947.5066,4.31015879475066e-05,17,10,0.5882352941176471,1.0,100000000000000.0,2174.47052239985,0.05813938300682973,152.2940901582005,57071553.86587637,10.106555424239351,5.945032602493736
0.6900000000000001,std,-2,44933078014.09964,4.493307801409964e-05,12,10,0.8333333333333334,1.0,100000000000000.0,3368.141889558882,0.05898897504869533,155.0332938909184,56395388.00860588,10.315004201737807,8.595836834781506
0.7000000000000001,std,-2,46817819795.59411,4.681781979559411e-05,19,10,0.5263157894736842,1.0,100000000000000.0,5082.094191571755,0.059842963405668255,157.75567144895223,55729228.46830064,10.522310163333763,5.53805798070198
0.7100000000000001,std,-2,48756681636.41598,4.875668163641598e-05,14,10,0.7142857142857143,1.0,100000000000000.0,1501.579986285828,0.06070120561760056,160.46064505033755,55072909.27894104,10.728373022592635,7.663123587566168
0.72,std,-2,50750535052.54808,5.075053505254808e-05,19,10,0.5263157894736842,1.0,100000000000000.0,4442.520189559459,0.061563555059664696,163.14766743819837,54426267.3478233,10.933094601797192,5.754260316735364
0.73,std,-2,52800254683.24935,5.280025468324935e-05,20,10,0.5,1.0,100000000000000.0,3663.549366608741,0.062429860933968816,165.81622098391688,53789142.40325106,11.136378839927433,5.5681894199637165
0.74,std,-2,54906718244.09271,5.490671824409271e-05,25,10,0.4,1.0,100000000000000.0,2048.810169787593,0.06329996826511489,168.46581680403847,53161376.94359302,11.338131798891744,4.535252719556698
0.75,std,-2,57070806481.293884,5.7070806481293884e-05,16,10,0.625,1.0,100000000000000.0,5648.437570691228,0.06417371789985252,171.0959938895928,52542816.187593825,11.538261668036226,7.211413542522641
0.76,std,-2,59293403127.28274,5.929340312728274e-05,14,10,0.7142857142857143,1.0,100000000000000.0,3829.8657673166163,0.06505094651097904,173.70631824915063,51933308.025967404,11.736678767160221,8.383341976543015
0.77,std,-2,61575394857.49588,6.157539485749588e-05,20,10,0.5,1.0,100000000000000.0,2244.738940010203,0.06593148660563516,176.2963820664055,51332702.97407133,11.933295548177693,5.966647774088846
0.78,std,-2,63917671248.34637,6.391767124834637e-05,19,10,0.5263157894736842,1.0,100000000000000.0,1928.9993937137874,0.06681516653814157,178.86580287172023,50740854.125752576,12.128026595529844,6.383171892384128
0.79,std,-2,66321124736.34077,6.632112473634077e-05,14,10,0.7142857142857143,1.0,100000000000000.0,2769.3275770399077,0.0677018105275198,181.41422272873825,50157617.108157024,12.320788625495744,8.800563303925532
0.8,std,-2,68786650578.31068,6.878665057831068e-05,17,10,0.5882352941176471,1.0,100000000000000.0,971.3924728068044,0.06859123867983588,183.94130743672304,49582850.03763585,12.51150048459074,7.359706167406318
0.81,std,-2,71315146812.72499,7.131514681272499e-05,20,10,0.5,1.0,100000000000000.0,1192.5491102388312,0.06948326701550157,186.44674574756985,49016413.47646635,12.70008314702225,6.350041573511125
0.8200000000000001,std,-2,73907514222.05171,7.390751422205171e-05,15,10,0.6666666666666666,1.0,100000000000000.0,1016.4882218604114,0.0703777075016633,188.93024859884898,48458170.39061373,12.886459711453055,8.590973140968703
0.8300000000000001,std,-2,76564656296.13785,7.656465629613784e-05,13,10,0.7692307692307693,1.0,100000000000000.0,1789.6316475953486,0.0712743680898028,191.39154836283834,47907986.10823188,13.07055539709204,10.054273382378494
0.8400000000000001,std,-2,79287479196.57704,7.928747919657705e-05,16,10,0.625,1.0,100000000000000.0,1645.1429591967976,0.07217305275866856,193.8303981113482,47365728.279101126,13.252297539241345,8.282685962025841
0.85,std,-2,82076891722.03648,8.207689172203648e-05,21,10,0.47619047619047616,1.0,100000000000000.0,2671.204865597376,0.0730735615626498,196.24657089639143,46831266.83476413,13.431615584327592,6.396007421108377
0.86,std,-2,84933805274.51076,8.493380527451075e-05,18,10,0.5555555555555556,1.0,100000000000000.0,1994.0554805716624,0.07397569068569808,198.63985904765528,46304473.94949488,13.608441084599368,7.56024504699965
0.87,std,-2,87859133826.47748,8.785913382647747e-05,18,10,0.5555555555555556,1.0,100000000000000.0,1162.9502185192757,0.07487923250089422,201.01007348516822,45785224.0019454,13.782707692414146,7.65705982911897
0.88,std,-2,90853793888.92567,9.085379388892567e-05,12,10,0.8333333333333334,1.0,100000000000000.0,1928.5147549284743,0.07578397563574907,203.35704304928524,45273393.53755888,13.954351154355045,11.628625961962538
0.89,std,-2,93918704480.23003,9.391870448023003e-05,16,10,0.625,1.0,100000000000000.0,2391.664609106615,0.07668970504331966,205.6806138454096,44768861.231587745,14.123309305018173,8.827068315636359
0.9,std,-2,97054787095.84325,9.705478709584325e-05,15,10,0.6666666666666666,1.0,100000000000000.0,2582.386887234243,0.07759620207921059,207.9806486062414,44271507.85283817,14.28952206075661,9.526348040504406
0.91,std,-2,100262965678.78522,0.00010026296567878522,23,10,0.43478260869565216,1.0,100000000000000.0,1510.5347854185316,0.07850324458452297,210.25702606866847,43781216.22801512,14.452931413199902,6.283883223130392
0.92,std,-2,103544166590.89763,0.00010354416659089764,14,10,0.7142857142857143,1.0,100000000000000.0,1912.8711723414922,0.07941060697480082,212.50964036751188,43297871.206686266,14.613481422754125,10.438201016252947
0.93,std,-2,106899318584.84604,0.00010689931858484604,18,10,0.5555555555555556,1.0,100000000000000.0,659.684325038523,0.08031806033501555,214.7384004447012,42821359.6268634,14.771118212028675,8.206176784460375
0.9400000000000001,std,-2,110329352776.84157,0.00011032935277684157,19,10,0.5263157894736842,1.0,100000000000000.0,567.5835706464968,0.08122537252061583,216.94322947366837,42351570.28113079,14.925789959190206,7.855678925889582
0.9500000000000001,std,-2,113835202620.05959,0.00011383520262005959,26,10,0.38461538461538464,1.0,100000000000000.0,2052.6598065792878,0.08213230826466011,219.124064299775,41888393.88338472,15.077446891355402,5.799018035136694
0.9600000000000001,std,-2,117417803878.73833,0.00011741780387873833,14,10,0.7142857142857143,1.0,100000000000000.0,1718.3011527841416,0.0830386292910345,221.28085489576495,41431723.03608367,15.226041277948042,10.875743769962888
0.97,std,-2,121078094602.92632,0.00012107809460292632,20,10,0.5,1.0,100000000000000.0,1911.2946249674108,0.08394409443374791,223.4135638323568,40981452.198053606,15.37152742406785,7.685763712033925
0.98,std,-2,124817015103.86687,0.00012481701510386685,19,10,0.5263157894736842,1.0,100000000000000.0,2302.4996075265326,0.08484845976228053,225.5221657633792,40537477.652815565,15.513861663838744,8.165190349388812
0.99,std,-2,128635507929.99396,0.00012863550792999395,13,10,0.7692307692307693,1.0,100000000000000.0,643.8975226335133,0.08575147871295036,227.6066469265031,40099697.47744613,15.653002353829407,12.040771041407238
1.0,std,-2,132534517843.52127,0.00013253451784352128,22,10,0.45454545454545453,1.0,100000000000000.0,2187.885699971036,0.08665290222624604,229.66700465672926,39668011.51188104,15.788909866328204,7.176777211967365
1.01,std,-2,136514991797.60434,0.00013651499179760435,18,10,0.5555555555555556,1.0,100000000000000.0,2255.5303690580504,0.08755247889006164,231.70324691650504,39242321.32879002,15.921546582796182,8.84530365710899
1.02,std,-2,140577878914.06018,0.00014057787891406018,18,10,0.5555555555555556,1.0,100000000000000.0,766.1220379834919,0.08844995508875261,233.71539183726142,38822530.203856505,16.0508768870801,8.917153826155612
1.03,std,-2,144724130461.62003,0.00014472413046162001,22,10,0.45454545454545453,1.0,100000000000000.0,559.8018760485023,0.08934507515791797,235.70346727654174,38408543.086599246,16.17686715872725,7.3531214357851145
1.04,std,-2,148954699834.70853,0.00014895469983470852,16,10,0.625,1.0,100000000000000.0,1229.0953775586531,0.09023758154479809,237.66751038786867,38000266.571585506,16.2994857661432,10.187178603839499
1.05,std,-2,153270542532.71802,0.00015327054253271803,22,10,0.45454545454545453,1.0,100000000000000.0,805.1854413008704,0.09112721497416236,239.60756720381235,37597608.87017283,16.418703059675426,7.463046845307011
1.06,std,-2,157672616139.7755,0.00015767261613977552,18,10,0.5555555555555556,1.0,100000000000000.0,1878.1500155311653,0.09201371461954395,241.52369223205946,37200479.78263619,16.53449136454148,9.185828535856379
1.07,std,-2,162161880304.9777,0.0001621618803049777,29,10,0.3448275862068966,1.0,100000000000000.0,911.0289341184267,0.09289681827966537,243.41594806442288,36808790.67077036,16.646824973624753,5.740284473663708
1.08,std,-2,166739296723.0815,0.00016673929672308152,20,10,0.5,1.0,100000000000000.0,1624.917231858359,0.09377626255988103,245.28440499803088,36422454.43092041,16.755680140053194,8.377840070026597
1.09,std,-2,171405829115.6363,0.0001714058291156363,14,10,0.7142857142857143,1.0,100000000000000.0,884.7372232843379,0.09465178305844799,247.1291406687826,36041385.46742419,16.86103506954457,12.043596478246123
1.1,std,-2,176162443212.5414,0.0001761624432125414,14,10,0.7142857142857143,1.0,100000000000000.0,646.810000527426,0.09552311455742028,248.9502396964769,35665499.66649557,16.96286991247406,12.116335651767185
1.11,std,-2,181010106734.01782,0.0001810101067340178,21,10,0.47619047619047616,1.0,100000000000000.0,901.7951914368208,0.09638999121794681,250.74779334223877,35294714.37049736,17.061166755665237,8.12436512174535
1.12,std,-2,185949789372.9752,0.0001859497893729752,15,10,0.6666666666666666,1.0,100000000000000.0,910.5873040395385,0.09725214677973788,252.52189917607535,34928948.352648705,17.155909613757895,11.437273075838597
1.1300000000000001,std,-2,190982462777.76898,0.00019098246277776898,27,10,0.37037037037037035,1.0,100000000000000.0,1266.8813320178592,0.09810931476444977,254.27266075704458,34568121.792101,17.24708442026991,6.387809044544411
1.1400000000000001,std,-2,196109100535.3309,0.0001961091005353309,20,10,0.5,1.0,100000000000000.0,339.5349729612458,0.09896122868272254,256.00018732290613,34212156.24944995,17.334679018151128,8.667339509075564
1.1500000000000001,std,-2,201330678154.65848,0.00020133067815465849,20,10,0.5,1.0,100000000000000.0,1269.1712876171416,0.09980762224459194,257.704593491148,33860974.64260373,17.418683149897266,8.709341574948633
1.1600000000000001,std,-2,206648173050.65317,0.00020664817305065316,25,10,0.4,1.0,100000000000000.0,412.50311973039413,0.10064822957298275,259.38599897001023,33514501.22304822,17.499088447127267,6.999635378850908
1.17,std,-2,212062564528.30554,0.00021206256452830553,17,10,0.5882352941176471,1.0,100000000000000.0,479.313733735907,0.10148278541997709,261.04452827937945,33172661.552509196,17.575888419593934,10.338757893878785
1.18,std,-2,217574833767.19702,0.00021757483376719702,25,10,0.4,1.0,100000000000000.0,539.8083820576483,0.1023110253855389,262.68031048172963,32835382.47995832,17.649078443589715,7.0596313774358865
1.19,std,-2,223185963806.32742,0.00022318596380632743,21,10,0.47619047619047616,1.0,100000000000000.0,577.5968323634276,0.10313268613836393,264.293478922574,32502592.119014297,17.718655749715847,8.437455118912307
1.2,std,-2,228896939529.24323,0.00022889693952924322,29,10,0.3448275862068966,1.0,100000000000000.0,664.1767152690594,0.1039475056385125,265.88417097982483,32174219.82570734,17.784619409936763,6.132627382736815
1.21,std,-2,234708747649.46887,0.00023470874764946887,29,10,0.3448275862068966,1.0,100000000000000.0,627.5337164194591,0.1047552233614732,267.4525278225487,31850196.176586464,17.846970323920623,6.154127697903664
1.22,std,-2,240622376696.22202,0.00024062237669622203,17,10,0.5882352941176471,1.0,100000000000000.0,1030.4129504820444,0.10555558052329424,268.99869417798885,31530452.947203357,17.905711204589,10.532771296817058
1.23,std,-2,246638817000.40887,0.0002466388170004089,19,10,0.5263157894736842,1.0,100000000000000.0,437.90465555072603,0.10634832030641155,270.5228181080169,31214923.090939093,17.960846562916924,9.453077138377328
1.24,std,-2,252759060680.88766,0.00025275906068088764,24,10,0.4166666666666667,1.0,100000000000000.0,185.15486063478636,0.10713318808579403,272.02505079256156,30903540.718176357,18.01238269180411,7.505159454918379
1.25,std,-2,258984101630.99628,0.0002589841016309963,25,10,0.4,1.0,100000000000000.0,855.0524982932053,0.1079099316550206,273.50554632204677,30596241.075822484,18.060327649141215,7.224131059656486
1.26,std,-2,265314935505.33215,0.00026531493550533216,15,10,0.6666666666666666,1.0,100000000000000.0,643.2541899799837,0.10867830145189603,274.9644614974074,30292960.52715669,18.104691239946703,12.069794159964468
1.27,std,-2,271752559706.7747,0.0002717525597067747,20,10,0.5,1.0,100000000000000.0,1077.2967222770417,0.10943805078320944,276.4019556375684,29993636.532022804,18.145484997568293,9.072742498784146
1.28,std,-2,278297973373.7513,0.0002782979733737513,21,10,0.47619047619047616,1.0,100000000000000.0,659.5620221320294,0.11018893604823399,277.818190394029,29698207.62734887,18.182722163905698,8.65843912566938
1.29,std,-2,284952177367.7251,0.0002849521773677251,21,10,0.47619047619047616,1.0,100000000000000.0,585.4107547834305,0.11093071696056572,279.21332957300245,29406613.407992665,18.216417668677252,8.674484604132024
1.3,std,-2,291716174260.9163,0.0002917161742609163,17,10,0.5882352941176471,1.0,100000000000000.0,499.9098425655854,0.11166315676789583,280.5875389643734,29118794.50790167,18.246588107670437,10.733287122159082
1.31,std,-2,298590968324.2288,0.0002985909683242288,16,10,0.625,1.0,100000000000000.0,646.9285335436275,0.11238602246931209,281.9409861773975,28834692.581594545,18.273251719974336,11.42078232498396
1.32,std,-2,305577565515.396,0.000305577565515396,22,10,0.45454545454545453,1.0,100000000000000.0,428.12171711339414,0.11309908502972522,283.2738404821599,28554250.285959702,18.29642836412908,8.3165583473314
1.33,std,-2,312676973467.3244,0.0003126769734673244,19,10,0.5263157894736842,1.0,100000000000000.0,86.37393993595816,0.11380211959101888,284.5862726587808,28277411.26235228,18.316139493313838,9.640073417533598
1.34,std,-2,319890201476.63654,0.0003198902014766365,14,10,0.7142857142857143,1.0,100000000000000.0,610.4252544355047,0.11449490567952506,285.87845485114764,28004120.11900111,18.332408129378738,13.094577235270528
1.35,std,-2,327218260492.404,0.000327218260492404,20,10,0.5,1.0,100000000000000.0,834.2247650192221,0.11517722740943068,287.1505604277945,27734322.413720313,18.34525883589753,9.172629417948764
1.36,std,-2,334662163105.06714,0.00033466216310506716,24,10,0.4166666666666667,1.0,100000000000000.0,440.0914698340407,0.11584887368172872,288.402763847592,27467964.636896268,18.354717690084303,7.647799037535127
1.37,std,-2,342222923535.53656,0.00034222292353553656,24,10,0.4166666666666667,1.0,100000000000000.0,671.8678338507007,0.11650963837833293,289.6352405317216,27204994.194798715,18.360812253717715,7.650338439049048
1.3800000000000001,std,-2,349901557624.4623,0.0003499015576244623,20,10,0.5,1.0,100000000000000.0,647.8171986525474,0.1171593205509839,290.8481667402414,26945359.393152125,18.363571542941877,9.181785771470938
1.3900000000000001,std,-2,357699082821.68335,0.00035769908282168333,24,10,0.4166666666666667,1.0,100000000000000.0,483.44227198044763,0.11779772460458442,292.04171945454334,26689009.4209975,18.363025997069656,7.6512608321123565
1.4000000000000001,std,-2,365616518175.8323,0.0003656165181758323,19,10,0.5263157894736842,1.0,100000000000000.0,589.8634134231745,0.11842466047461185,293.21607626426385,26435894.334847275,18.3592074463251,9.662740761223736
1.4100000000000001,std,-2,373654884324.1051,0.0003736548843241051,26,10,0.38461538461538464,1.0,100000000000000.0,810.6172627868411,0.1190399437982678,294.37141525940933,26185965.04308979,18.35214907857282,7.058518876374161
1.42,std,-2,381815203482.1872,0.0003818152034821872,23,10,0.43478260869565216,1.0,100000000000000.0,211.49181926693592,0.1196433960790384,295.5079149269467,25939173.29070372,18.34188540506121,7.974732784809221
1.43,std,-2,390098499434.3242,0.0003900984994343242,23,10,0.43478260869565216,1.0,100000000000000.0,541.0728447569726,0.12023484484435139,296.6257540520077,25695471.644191947,18.328452225161552,7.96889227180937
1.44,std,-2,398505797523.54596,0.00039850579752354596,29,10,0.3448275862068966,1.0,100000000000000.0,542.8653398893182,0.12081412379603326,297.7251116233618,25454813.47682177,18.311886590180766,6.314443651786472
1.45,std,-2,407038124642.03235,0.00040703812464203235,16,10,0.625,1.0,100000000000000.0,731.4626510099273,0.12138107295328354,298.80616674332936,25217152.95410143,18.292226766251147,11.432641728906967
1.46,std,-2,415696509221.60895,0.00041569650922160896,19,10,0.5263157894736842,1.0,100000000000000.0,662.8937289621801,0.12193553878790152,299.869098541435,24982445.019521292,18.26951219631803,9.615532734904225
1.47,std,-2,424481981224.39545,0.00042448198122439545,18,10,0.5555555555555556,1.0,100000000000000.0,236.5227001052023,0.12247737435151856,300.9140860924549,24750645.38054905,18.24378346130586,10.135435256281033
1.48,std,-2,433395572133.56494,0.00043339557213356496,25,10,0.4,1.0,100000000000000.0,366.91315395238246,0.12300643939460665,301.94130833744305,24521710.494854964,18.215082240408297,7.286032896163319
1.49,std,-2,442438314944.2442,0.0004424383149442442,29,10,0.3448275862068966,1.0,100000000000000.0,640.5435914409246,0.12352260047705375,302.9509440098289,24295597.556820426,18.183451270721573,6.270155610593647
1.5,std,-2,451611244154.5322,0.00045161124415453224,25,10,0.4,1.0,100000000000000.0,97.72092180063268,0.1240257310701164,303.9431715633128,24072264.484238382,18.148934306010116,7.259573722404046
1.51,std,-2,460915395756.64124,0.0004609153957566412,20,10,0.5,1.0,100000000000000.0,240.2450726598043,0.12451571164958056,304.91816910448796,23851669.90529175,18.11157607490305,9.055788037451524
1.52,std,-2,470351807228.15826,0.00047035180722815827,25,10,0.4,1.0,100000000000000.0,353.1175096211531,0.12499242977998155,305.8761143286815,23633773.145745885,18.071422238441546,7.228568895376618
1.53,std,-2,479921517523.4136,0.00047992151752341357,28,10,0.35714285714285715,1.0,100000000000000.0,119.89308275665215,0.12545578018975678,306.8171844574623,23418534.21637197,18.028519346959776,6.438756909628491
1.54,std,-2,489625567064.96655,0.0004896255670649665,20,10,0.5,1.0,100000000000000.0,407.73574267621484,0.12590566483722512,307.7415561815191,23205913.800602216,17.98291479658301,8.991457398291505
1.55,std,-2,499464997735.1995,0.0004994649977351995,16,10,0.625,1.0,100000000000000.0,558.7959702627843,0.12634199296731044,308.6494056048574,22995873.24240182,17.934656785155607,11.209160490722255
1.56,std,-2,509440852868.0198,0.0005094408528680198,18,10,0.5555555555555556,1.0,100000000000000.0,350.42646730088563,0.12676468115894596,309.540908191887,22788374.534365553,17.8837942677653,9.935441259869611
1.57,std,-2,519554177240.6536,0.0005195541772406537,17,10,0.5882352941176471,1.0,100000000000000.0,200.47763816364989,0.12717365336312167,310.416238718392,22583380.306024913,17.830376911977474,10.488457007045573
1.58,std,-2,529806017065.5574,0.0005298060170655574,14,10,0.7142857142857143,1.0,100000000000000.0,196.10898717602208,0.1275688409315561,311.27557122380233,22380853.81236754,17.774455052698688,12.696039323356207
1.59,std,-2,540197419982.4119,0.0005401974199824119,19,10,0.5263157894736842,1.0,100000000000000.0,445.6153413557916,0.12795018263599814,312.1190789665799,22180758.922575094,17.71607964684993,9.324252445710489
1.6,std,-2,550729435050.2267,0.0005507294350502267,31,10,0.3225806451612903,1.0,100000000000000.0,255.60666243671432,0.12831762467818383,312.9469343826996,21983060.10894857,17.655302227892207,5.695258783191035
1.61,std,-2,561403112739.5211,0.0005614031127395211,29,10,0.3448275862068966,1.0,100000000000000.0,381.6837788833411,0.12867112069049735,313.7593090446779,21787722.43604854,17.592174860152124,6.066267193155905
1.62,std,-2,572219504924.6112,0.0005722195049246112,29,10,0.3448275862068966,1.0,100000000000000.0,313.63632639780593,0.12901063172740435,314.55637362537726,21594711.550035674,17.526750093246342,6.043706928705635
1.6300000000000001,std,-2,583179664875.9794,0.0005831796648759793,17,10,0.5882352941176471,1.0,100000000000000.0,437.3340823085458,0.1293361262477481,315.33829786111414,21403993.66818979,17.45908091634865,10.270047597852148
1.6400000000000001,std,-2,594284647252.73,0.00059428464725273,26,10,0.38461538461538464,1.0,100000000000000.0,310.59454618462405,0.12964758008801838,316.1052505196105,21215535.568644308,17.389220712711435,6.688161812581321
1.6500000000000001,std,-2,605535508095.1323,0.0006055355080951323,22,10,0.45454545454545453,1.0,100000000000000.0,251.38305254077127,0.12994497642672279,316.8573993681555,21029304.58028762,17.3172232142122,7.871465097369181
1.6600000000000001,std,-2,616933304817.2441,0.0006169333048172441,34,10,0.29411764705882354,1.0,100000000000000.0,312.29481639238367,0.13022830574001035,317.59491114404887,20845268.57286173,17.243142456135818,5.0715124870987704
1.6700000000000002,std,-2,628479096199.6194,0.0006284790961996194,21,10,0.47619047619047616,1.0,100000000000000.0,403.471203569603,0.13049756574871402,318.3179515273295,20663395.94724198,17.167032732247264,8.174777491546315
1.68,std,-2,640173942382.0935,0.0006401739423820935,22,10,0.45454545454545453,1.0,100000000000000.0,359.4412706662261,0.13075276135699798,319.0266851151682,20483655.625891827,17.088948550182852,7.767703886446751
1.69,std,-2,652018904856.6431,0.000652018904856643,31,10,0.3225806451612903,1.0,100000000000000.0,396.7702699823732,0.13099390458281196,319.7212753975999,20306017.043500546,17.008944587215932,5.486756318456752
1.7,std,-2,664015046460.3291,0.0006640150464603291,23,10,0.43478260869565216,1.0,100000000000000.0,154.37013498442147,0.13122101448037002,320.40188473502997,20130450.13778125,16.927075646467024,7.3595981071595755
1.71,std,-2,676163431368.3031,0.0006761634313683031,18,10,0.5555555555555556,1.0,100000000000000.0,270.5092858873075,0.13143411705488842,321.06867433807946,19956925.34045368,16.84339661367165,9.357442563150917
1.72,std,-2,688465125086.899,0.000688465125086899,25,10,0.4,1.0,100000000000000.0,73.87989015012842,0.13163324516982902,321.7218042471922,19785413.568385925,16.75796241440984,6.703184965763936
1.73,std,-2,700921194446.786,0.000700921194446786,29,10,0.3448275862068966,1.0,100000000000000.0,285.32173953422705,0.1318184384469108,322.3614333160892,19615886.214899182,16.67082797207661,5.74856136968159
1.74,std,-2,713532707596.1929,0.0007135327075961929,24,10,0.4166666666666667,1.0,100000000000000.0,376.1788290134713,0.13198974315916043,322.9877191943414,19448315.141239457,16.5820481664056,6.909186736002333
1.75,std,-2,726300733994.2028,0.0007263007339942028,28,10,0.35714285714285715,1.0,100000000000000.0,317.611092616615,0.13214721211728916,323.600818312728,19282672.668198943,16.49167779278022,5.889884925992936
1.76,std,-2,739226344404.1147,0.0007392263444041148,20,10,0.5,1.0,100000000000000.0,273.5512032584732,0.13229090454968861,324.20088586900164,19118931.567901675,16.39977152227418,8.19988576113709
1.77,std,-2,752310610886.8706,0.0007523106108868706,17,10,0.5882352941176471,1.0,100000000000000.0,150.1536198987592,0.13242088597635046,324.7880758161754,18957065.055737577,16.30638386256784,9.591990507392849
1.78,std,-2,765554606794.539,0.000765554606794539,27,10,0.37037037037037035,1.0,100000000000000.0,168.03570892970387,0.1325372280770222,325.3625408498933,18797046.782446537,16.211569119616136,6.004284859117087
1.79,std,-2,778959406763.8729,0.0007789594067638729,23,10,0.43478260869565216,1.0,100000000000000.0,214.3864200466644,0.13264000855391733,325.92443239922045,18638850.826349083,16.115381360331344,7.00668754797015
1.8,std,-2,792526086709.9229,0.0007925260867099229,28,10,0.35714285714285715,1.0,100000000000000.0,374.4287947543973,0.1327293109893057,326.47390061672814,18482451.68572671,16.017874376119003,5.720669420042501
1.81,std,-2,806255723819.7097,0.0008062557238197098,41,10,0.24390243902439024,1.0,100000000000000.0,217.11540187590973,0.13280522469831382,327.01109437044823,18327824.271332726,15.919101647421632,3.8827077188833248
1.82,std,-2,820149396545.9608,0.0008201493965459608,25,10,0.4,1.0,100000000000000.0,410.393971179598,0.132867844577269,327.5361612370455,18174943.89906127,15.819116309299131,6.327646523719653
1.83,std,-2,834208184600.8997,0.0008342081846008997,32,10,0.3125,1.0,100000000000000.0,446.6201428835892,0.13291727094792347,328.0492474952722,18023786.282729935,15.717971117997399,4.911865974374187
1.84,std,-2,848433168950.0917,0.0008484331689500917,30,10,0.3333333333333333,1.0,100000000000000.0,178.5945874174054,0.13295360939789763,328.5504981201909,17874327.527015675,15.615718418597636,5.205239472865879
1.85,std,-2,862825431806.3594,0.0008628254318063593,19,10,0.5263157894736842,1.0,100000000000000.0,171.73587000961766,0.13297697061768127,329.0400567798598,17726544.12051855,15.512410113834529,8.164426375702384
1.86,std,-2,877386056623.7296,0.0008773860566237296,21,10,0.47619047619047616,1.0,100000000000000.0,316.34572471630133,0.1329874702345315,329.51806583028247,17580412.92894541,15.408097633903173,7.337189349477701
1.87,std,-2,892116128091.4519,0.0008921161280914519,18,10,0.5555555555555556,1.0,100000000000000.0,314.52725909768793,0.13298522864360543,329.9846663135299,17435911.18843124,15.3028319075291,8.501573281960612
1.8800000000000001,std,-2,907016732128.0724,0.0009070167321280724,46,10,0.21739130434782608,1.0,100000000000000.0,158.6032897216157,0.13297037083666333,330.43999795532056,17293016.49898085,15.19666333413085,3.303622463941489
1.8900000000000001,std,-2,922088955875.542,0.000922088955875542,39,10,0.2564102564102564,1.0,100000000000000.0,220.85493976901375,0.13294302622867502,330.88419916315905,17151706.818034906,15.08964175715101,3.8691389120900026
1.9000000000000001,std,-2,937333887693.3904,0.0009373338876933904,32,10,0.3125,1.0,100000000000000.0,256.1867295571737,0.13290332848265865,331.31740702655463,17011960.454154097,14.98181643863562,4.681817637073632
1.9100000000000001,std,-2,952752617152.9469,0.0009527526171529469,33,10,0.30303030303030304,1.0,100000000000000.0,260.5232046678821,0.13285141533307546,331.73975731615576,16873756.06082675,14.873236034934273,4.507041222707356
1.9200000000000002,std,-2,968346235031.613,0.000968346235031613,31,10,0.3225806451612903,1.0,100000000000000.0,341.79698899505996,0.13278742840810062,332.1513844844308,16737072.630372385,14.763948573628964,4.762564056009343
1.93,std,-2,984115833307.1758,0.0009841158333071757,21,10,0.47619047619047616,1.0,100000000000000.0,374.07193293360723,0.13271151305108214,332.5524216670962,16601889.488000676,14.654001431714304,6.9780959198639545
1.94,std,-2,1000062505152.181,0.001000062505152181,29,10,0.3448275862068966,1.0,100000000000000.0,148.54324773908763,0.1326238181414942,332.9430006845159,16468186.28592861,14.543441314914453,5.014979763763605
1.95,std,-2,1016187344928.34,0.00101618734492834,26,10,0.38461538461538464,1.0,100000000000000.0,147.61705845239752,0.13252449591568408,333.3232520441379,16335942.997650843,14.432314238271212,5.550890091642774
1.96,std,-2,1032491448180.9895,0.0010324914481809895,25,10,0.4,1.0,100000000000000.0,166.99687505598814,0.13241370178770218,333.69330494327585,16205139.912292665,14.320665507910109,5.7282662031640434
1.97,std,-2,1048975911633.6082,0.0010489759116336082,32,10,0.3125,1.0,100000000000000.0,258.17452463610323,0.13229159417049882,334.0532872716589,16075757.62908553,14.20853970399392,4.440168657498099
1.98,std,-2,1065641833182.355,0.001065641833182355,23,10,0.43478260869565216,1.0,100000000000000.0,73.30490103366331,0.13215833429775978,334.403325616499,15947777.051919853,14.095980664936867,6.128687245624724
1.99,std,-2,1082490311890.6675,0.0010824903118906676,27,10,0.37037037037037035,1.0,100000000000000.0,198.5876145411436,0.1320140860466449,334.74354526491896,15821179.384035045,13.983031472705234,5.178900545446383
2.0,std,-2,1099522447983.9028,0.001099522447983903,22,10,0.45454545454545453,1.0,100000000000000.0,104.51025466485437,0.13185901576168338,335.07407020995237,15695946.122775251,13.869734439397648,6.304424745180749
2.01,std,-2,1116739342844.0195,0.0011167393428440195,29,10,0.3448275862068966,1.0,100000000000000.0,293.20623025040396,0.13169329208006922,335.39502315424903,15572059.054465903,13.756131094894252,4.743493480998018
2.02,std,-2,1134142099004.2976,0.0011341420990042977,34,10,0.29411764705882354,1.0,100000000000000.0,271.35921714757944,0.13151708575859106,335.70652551673,15449500.249373306,13.642262175748918,4.012430051690859
2.03,std,-2,1151731820144.1062,0.0011517318201441063,36,10,0.2777777777777778,1.0,100000000000000.0,273.52214958803677,0.13133056950241706,336.0086974364948,15328252.056764135,13.528167615088739,3.75782433752465
2.04,std,-2,1169509611083.7085,0.0011695096110837086,34,10,0.29411764705882354,1.0,100000000000000.0,344.35248254038845,0.13113391779594796,336.30165778030016,15208297.100052891,13.413886533754441,3.9452607452218946
2.05,std,-2,1187476577779.1099,0.00118747657777911,20,10,0.5,1.0,100000000000000.0,113.98562537779235,0.13092730673593825,336.58552414821486,15089618.27204791,13.299457232451562,6.649728616225781
2.0599999999999996,std,-2,1205633827316.9443,0.0012056338273169443,52,10,0.19230769230769232,1.0,100000000000000.0,86.44356830700616,0.1307109138670736,336.86041288003963,14972198.730271557,13.184917184978476,2.5355609971112454
2.07,std,-2,1223982467909.402,0.0012239824679094022,27,10,0.37037037037037035,1.0,100000000000000.0,126.1008147902724,0.1304849180201844,337.12643906230653,14856021.89238433,13.070303032528548,4.840852975010573
2.0799999999999996,std,-2,1242523608889.1907,0.0012425236088891907,17,10,0.5882352941176471,1.0,100000000000000.0,223.81257548508188,0.1302494991532604,337.383716535413,14741071.431683572,12.955650579000626,7.620970928823898
2.09,std,-2,1261258360704.5422,0.0012612583607045423,24,10,0.4166666666666667,1.0,100000000000000.0,45.56020805949531,0.13000483819542183,337.6323579012264,14627331.272682121,12.840994787312484,5.350414494713535
2.0999999999999996,std,-2,1280187834914.2507,0.0012801878349142507,27,10,0.37037037037037035,1.0,100000000000000.0,143.85280304935276,0.12975111689399202,337.8724745298819,14514785.586787315,12.726369776662452,4.713470287652759
2.11,std,-2,1299313144182.7559,0.0012993131441827559,21,10,0.47619047619047616,1.0,100000000000000.0,117.1759969260117,0.12948851766480282,338.10417656850456,14403418.788036415,12.611808820779629,6.005623247990299
2.1199999999999997,std,-2,1318635402275.2493,0.0013186354022752492,39,10,0.2564102564102564,1.0,100000000000000.0,271.37282268321525,0.1292172234458553,338.3275729484607,14293215.5289337,12.49734434704674,3.2044472684735226
2.13,std,-2,1338155724052.8364,0.0013381557240528365,35,10,0.2857142857142857,1.0,100000000000000.0,211.04454755880883,0.12893741755444604,338.5427713940806,14184160.69634576,12.383007936542425,3.5380022675835496
2.1399999999999997,std,-2,1357875225467.7158,0.0013578752254677158,29,10,0.3448275862068966,1.0,100000000000000.0,67.34152340437103,0.12864928354785926,338.74987843036314,14076239.407488255,12.268830324911185,4.230631146521099
2.15,std,-2,1377795023558.4011,0.0013777950235584011,34,10,0.29411764705882354,1.0,100000000000000.0,256.9361824996528,0.12835300508771263,338.9489993922026,13969437.005973084,12.154841404099649,3.5749533541469556
2.1599999999999997,std,-2,1397916236444.9905,0.0013979162364449905,17,10,0.5882352941176471,1.0,100000000000000.0,185.17022909422832,0.12804876580803742,339.1402384325224,13863739.057946578,12.041070224861182,7.08298248521246
2.17,std,-2,1418239983324.4368,0.0014182399833244368,33,10,0.30303030303030304,1.0,100000000000000.0,263.85320083101016,0.12773674918715994,339.323698531434,13759131.34827611,11.927545000040114,3.614407575769732
2.1799999999999997,std,-2,1438767384465.8977,0.0014387673844658978,23,10,0.43478260869565216,1.0,100000000000000.0,103.95817009564948,0.1274171384234439,339.4994815044719,13655599.876833957,11.814293108578811,5.136649177642961
2.19,std,-2,1459499561206.08,0.00145949956120608,24,10,0.4166666666666667,1.0,100000000000000.0,178.89873233949794,0.12709011631494216,339.6676880128701,13553130.854817575,11.701341100269895,4.875558791779123
2.1999999999999997,std,-2,1480437635944.6316,0.0014804376359446316,20,10,0.5,1.0,100000000000000.0,139.47794426131452,0.12675586514299808,339.8284175713346,13451710.70117912,11.588714701127437,5.794357350563718
2.21,std,-2,1501582732139.581,0.001501582732139581,23,10,0.43478260869565216,1.0,100000000000000.0,150.08054427489418,0.12641456655982633,339.9817685581692,13351326.039074074,11.476438819439554,4.98975600845198
2.2199999999999998,std,-2,1522935974302.7773,0.0015229359743027773,39,10,0.2564102564102564,1.0,100000000000000.0,96.09200834863279,0.1260664014800965,340.1278382243414,13251963.692418212,11.364537552430543,2.9139839878027027
2.23,std,-2,1544498487995.3982,0.0015444984879953983,17,10,0.5882352941176471,1.0,100000000000000.0,146.85863977248533,0.1257115499765309,340.26672270283547,13153610.682476113,11.253034193483629,6.619431878519782
2.2399999999999998,std,-2,1566271399823.457,0.001566271399823457,39,10,0.2564102564102564,1.0,100000000000000.0,150.29173336983723,0.12535019117952442,340.3985170181133,13056254.22453316,11.141951239933602,2.856910574341949
2.25,std,-2,1588255837433.368,0.0015882558374333679,27,10,0.37037037037037035,1.0,100000000000000.0,218.75912689643215,0.12498250318078254,340.5233150960052,12959881.724614153,11.031310401378413,4.085670519029041
2.26,std,-2,1610452929507.5173,0.0016104529295075172,24,10,0.4166666666666667,1.0,100000000000000.0,82.43552931922888,0.12460866294096873,340.6412097725238,12864480.776277887,10.921132608456956,4.5504719201903985
2.27,std,-2,1632863805759.8953,0.0016328638057598952,33,10,0.30303030303030304,1.0,100000000000000.0,275.1075091503235,0.12422884620134438,340.752292804662,12770039.157449897,10.811438022131739,3.276193340039921
2.28,std,-2,1655489596931.7236,0.0016554895969317237,39,10,0.2564102564102564,1.0,100000000000000.0,230.50449264615077,0.12384322739937846,340.85665487892174,12676544.827336488,10.702246043346964,2.744165652140247
2.29,std,-2,1678331434787.1448,0.0016783314347871448,33,10,0.30303030303030304,1.0,100000000000000.0,142.15900449639292,0.12345197958829715,340.95438562178384,12583985.923375618,10.593575323132498,3.2101743403431815
2.3,std,-2,1701390452108.916,0.001701390452108916,21,10,0.47619047619047616,1.0,100000000000000.0,116.39839393668687,0.12305527436053831,341.0455736088334,12492350.758259717,10.485443773050806,4.993068463357527
2.31,std,-2,1724667782694.1497,0.0017246677826941496,25,10,0.4,1.0,100000000000000.0,156.931239059372,0.12265328177506969,341.1303063757929,12401627.816991834,10.377868576029428,4.151147430411771
2.32,std,-2,1748164561350.078,0.001748164561350078,40,10,0.25,1.0,100000000000000.0,177.89215118868276,0.12224617028852493,341.20867042642044,12311805.754026573,10.270866197440084,2.567716549360021
2.3299999999999996,std,-2,1771881923889.84,0.0017718819238898402,26,10,0.38461538461538464,1.0,100000000000000.0,134.84578106329258,0.12183410669010708,341.28075124387067,12222873.3904306,10.16445239654746,3.9094047679028696
2.34,std,-2,1795821007128.3,0.0017958210071283,22,10,0.45454545454545453,1.0,100000000000000.0,143.27762343996335,0.12141725604020252,341.3466333000217,12134819.711121293,10.058642238181989,4.57211010826454
2.3499999999999996,std,-2,1819982948877.9038,0.0018199829488779037,27,10,0.37037037037037035,1.0,100000000000000.0,57.398143050178945,0.12099578161264772,341.4064000647351,12047633.862132035,9.953450104631225,3.686463001715268
2.36,std,-2,1844368887944.5474,0.0018443688879445474,29,10,0.3448275862068966,1.0,100000000000000.0,95.24703011105954,0.12056984484058411,341.46013401668705,11961305.147949908,9.84888970781148,3.3961688647625796
2.3699999999999997,std,-2,1868979964123.4836,0.0018689799641234837,34,10,0.29411764705882354,1.0,100000000000000.0,103.79073362495508,0.12013960526583477,341.50791665207356,11875823.028886234,9.744974101554885,2.8661688533984955
2.38,std,-2,1893817318195.2551,0.0018938173181952552,26,10,0.38461538461538464,1.0,100000000000000.0,225.9095415314172,0.11970522049173256,341.54982849539135,11791177.118503083,9.641715694131923,3.7083521900507397
2.3899999999999997,std,-2,1918882091921.6433,0.0019188820919216433,41,10,0.24390243902439024,1.0,100000000000000.0,79.59254433103888,0.1192668461393275,341.5859491084457,11707357.181081956,9.539126260864537,2.326616161186472
2.4,std,-2,1944175428041.663,0.0019441754280416631,35,10,0.2857142857142857,1.0,100000000000000.0,170.29835130846445,0.11882463580689664,341.61635710035796,11624353.129135568,9.437216956890014,2.696347701968575
2.4099999999999997,std,-2,1969698470267.5662,0.001969698470267566,30,10,0.3333333333333333,1.0,100000000000000.0,129.8960052065141,0.11837874103268001,341.6411301375148,11542155.020976886,9.335998330036068,3.111999443345356
2.42,std,-2,1995452363280.8816,0.0019954523632808815,57,10,0.17543859649122806,1.0,100000000000000.0,36.0927402368754,0.11792931126076286,341.6603449526512,11460753.05831884,9.235480333744299,1.6202597076744383
2.4299999999999997,std,-2,2021438252728.4797,0.0020214382527284796,30,10,0.3333333333333333,1.0,100000000000000.0,187.69085008774294,0.1174764938100209,341.674077355346,11380137.583922423,9.135672340100463,3.045224113366821
2.44,std,-2,2047657285218.6575,0.0020476572852186573,32,10,0.3125,1.0,100000000000000.0,96.05605904984478,0.11702043384604897,341.68240224106296,11300299.079290532,9.036583152872923,2.8239322352727885
2.4499999999999997,std,-2,2074110608317.2485,0.0020741106083172487,54,10,0.18518518518518517,1.0,100000000000000.0,101.03965925399535,0.11656127435598546,341.68539360066296,11221228.162397789,8.938221020587365,1.655226114923586
2.46,std,-2,2100799370543.773,0.002100799370543773,35,10,0.2857142857142857,1.0,100000000000000.0,70.29125446258449,0.11609915612615085,341.68312453032746,11142915.58546343,8.840593649624832,2.525883899892809
2.4699999999999998,std,-2,2127724721367.5886,0.0021277247213675886,33,10,0.30303030303030304,1.0,100000000000000.0,92.98669896240327,0.11563421772241134,341.67566724077665,11065352.232765501,8.743708217296364,2.6496085506958678
2.48,std,-2,2154887811204.0925,0.0021548878112040925,30,10,0.3333333333333333,1.0,100000000000000.0,115.08771989083202,0.11516659547318477,341.6630930672096,10988529.118494129,8.647571384915338,2.882523794971779
2.4899999999999998,std,-2,2182289791410.916,0.002182289791410916,27,10,0.37037037037037035,1.0,100000000000000.0,123.91794755352248,0.11469642345499854,341.64547247779996,10912437.38464076,8.552189310794951,3.1674775225166485
2.5,std,-2,2209931814284.1826,0.0022099318142841827,23,10,0.43478260869565216,1.0,100000000000000.0,137.8367082925654,0.11422383348051643,341.62287508396366,10837068.298925612,8.45756766324192,3.6772033318443125
2.51,std,-2,2237815033054.7544,0.0022378150330547544,29,10,0.3448275862068966,1.0,100000000000000.0,93.32712824125723,0.11374895508894493,341.59536964926633,10762413.25276639,8.36371163345572,2.8840384942950763
2.52,std,-2,2265940601884.5186,0.0022659406018845185,23,10,0.43478260869565216,1.0,100000000000000.0,138.11900061344727,0.11327191553873434,341.5630240986913,10688463.759278566,8.270625948358111,3.5959243253730917
2.53,std,-2,2294309675862.706,0.002294309675862706,34,10,0.29411764705882354,1.0,100000000000000.0,78.72097049659783,0.112792839802488,341.52590552781555,10615211.451314276,8.178314883335613,2.4053867303928276
2.54,std,-2,2322923411002.2017,0.0023229234110022016,42,10,0.23809523809523808,1.0,100000000000000.0,62.281541601152945,0.11231185056399447,341.48408021206944,10542648.079530537,8.086782274881397,1.9254243511622373
2.55,std,-2,2351782964235.924,0.002351782964235924,25,10,0.4,1.0,100000000000000.0,194.54851127828675,0.11182906821729809,341.4376136158037,10470765.510502744,7.996031533132356,3.198412613252943
2.56,std,-2,2380889493413.1855,0.0023808894934131855,26,10,0.38461538461538464,1.0,100000000000000.0,99.29183956464666,0.1113446108677235,341.38657040119597,10399555.724859066,7.90606565427423,3.040794482413166
2.57,std,-2,2410244157296.095,0.002410244157296095,32,10,0.3125,1.0,100000000000000.0,135.1221083666675,0.11085859433477233,341.3310144371244,10329010.815461004,7.81688723282886,2.4427772602590188
2.5799999999999996,std,-2,2439848115555.9897,0.00243984811555599,37,10,0.2702702702702703,1.0,100000000000000.0,195.83361678336814,0.11037113215680884,341.27100880849474,10259122.985599501,7.72849847380304,2.0887833712981188
2.59,std,-2,2469702528769.873,0.002469702528769873,35,10,0.2857142857142857,1.0,100000000000000.0,81.55837702627744,0.10988233559745512,341.20661582485303,10189884.547240347,7.640901204690368,2.183114629911534
2.5999999999999996,std,-2,2499808558416.8755,0.0024998085584168753,25,10,0.4,1.0,100000000000000.0,94.60041859133986,0.109392313653616,341.13789702883906,10121287.9192909,7.554096887311398,3.0216387549245596
2.61,std,-2,2530167366874.759,0.0025301673668747587,28,10,0.35714285714285715,1.0,100000000000000.0,86.64863963589251,0.108901173065055,341.06491320499237,10053325.625898778,7.46808662950536,2.6671737962519146
2.6199999999999997,std,-2,2560780117416.4067,0.002560780117416407,38,10,0.2631578947368421,1.0,100000000000000.0,121.88486533216874,0.1084090183254463,340.9877243892977,9985990.294780755,7.382871196674209,1.942860841230055
2.63,std,-2,2591647974206.382,0.0025916479742063817,13,10,0.7692307692307693,1.0,100000000000000.0,64.78517815495016,0.10791595169482557,340.906389876,9919274.6555814,7.298451023097714,5.61419309469055
2.6399999999999997,std,-2,2622772102297.452,0.002622772102297452,52,10,0.19230769230769232,1.0,100000000000000.0,90.38541780943683,0.10742207321336858,340.82096822796467,9853171.53826193,7.214826223152846,1.3874665813755473
2.65,std,-2,2654153667627.1865,0.0026541536676271864,45,10,0.2222222222222222,1.0,100000000000000.0,100.3204966443862,0.10692748071642302,340.73151728380344,9787673.871516135,7.131996602282813,1.584888133840625
2.6599999999999997,std,-2,2685793837014.5405,0.0026857938370145407,42,10,0.23809523809523808,1.0,100000000000000.0,137.6962121583341,0.10643226985072582,340.63809416647877,9722774.681209411,7.049961667812289,1.6785623018600686
2.67,std,-2,2717693778156.4746,0.0027176937781564748,49,10,0.20408163265306123,1.0,100000000000000.0,42.32988647633617,0.10593653409173551,340.54075529229465,9658467.088857314,6.968720639592493,1.422187885631121
2.6799999999999997,std,-2,2749854659624.583,0.002749854659624583,28,10,0.35714285714285715,1.0,100000000000000.0,61.76941828262464,0.10544036476201399,340.43955637817373,9594744.310116976,6.888272460410798,2.460097307289571
2.69,std,-2,2782277650861.7715,0.0027822776508617717,35,10,0.2857142857142857,1.0,100000000000000.0,84.12449328066096,0.1049438510505919,340.33455245033707,9531599.653310519,6.808615806241449,1.9453188017832712
2.6999999999999997,std,-2,2814963922178.904,0.0028149639221789037,40,10,0.25,1.0,100000000000000.0,96.67743450003016,0.10444708003325524,340.2257978524384,9469026.51798176,6.7297490962954285,1.6824372740738571
2.71,std,-2,2847914644751.54,0.00284791464475154,36,10,0.2777777777777778,1.0,100000000000000.0,121.45218778652168,0.10395013669369071,340.11334625290783,9407018.393461363,6.651670502845977,1.8476862507905492
2.7199999999999998,std,-2,2881130990616.607,0.002881130990616607,28,10,0.35714285714285715,1.0,100000000000000.0,48.96415281377592,0.10345310394543139,339.99725065385906,9345568.857473286,6.57437796089885,2.3479921288924466
2.73,std,-2,2914614132669.17,0.0029146141326691698,52,10,0.19230769230769232,1.0,100000000000000.0,125.9889475622339,0.10295606265454338,339.8775633979459,9284671.574754989,6.49786917761504,1.2495902264644307
2.7399999999999998,std,-2,2948365244659.182,0.0029483652446591823,56,10,0.17857142857142858,1.0,100000000000000.0,118.60242283710127,0.10245909166299956,339.75433617700895,9224320.295706078,6.422141641571649,1.1468110074235087
2.75,std,-2,2982385501188.2505,0.0029823855011882503,39,10,0.2564102564102564,1.0,100000000000000.0,62.6350316599218,0.10196226781268383,339.6276200391169,9164508.855059594,6.347192631790158,1.6274852902026045
2.76,std,-2,3016676077706.4336,0.0030166760777064336,30,10,0.3333333333333333,1.0,100000000000000.0,111.54623647281974,0.10146566596997589,339.49746539655763,9105231.170576822,6.273019226582432,2.0910064088608102
2.77,std,-2,3051238150509.0713,0.0030512381505090713,19,10,0.5263157894736842,1.0,100000000000000.0,83.35673474504694,0.10096935905086413,339.3639220332833,9046481.241760328,6.199618312182207,3.2629570064116877
2.78,std,-2,3086072896733.598,0.003086072896733598,37,10,0.2702702702702703,1.0,100000000000000.0,30.88186540193456,0.1004734180465394,339.2270391121954,8988253.148596747,6.126986591178396,1.655942321940107
2.79,std,-2,3121181494356.405,0.003121181494356405,44,10,0.22727272727272727,1.0,100000000000000.0,70.62698298083387,0.09997791204942123,339.0868651832198,8930541.050315544,6.05512059075853,1.3761637706269385
2.8,std,-2,3156565122189.706,0.003156565122189706,47,10,0.2127659574468085,1.0,100000000000000.0,52.661163749959755,0.09948290827957305,338.943448189567,8873339.184167327,5.984016670718886,1.2731950363231672
2.81,std,-2,3192224959878.4385,0.0031922249598784385,39,10,0.2564102564102564,1.0,100000000000000.0,111.93892461933974,0.09898847211146117,338.79683547610944,8816641.86423281,5.913671031321039,1.516325905466933
2.82,std,-2,3228162187897.1504,0.0032281621878971502,67,10,0.14925373134328357,1.0,100000000000000.0,88.1691377031152,0.09849466710101733,338.64707379596126,8760443.480241075,5.844079720911381,0.8722507046136388
2.8299999999999996,std,-2,3264377987546.95,0.00326437798754695,27,10,0.37037037037037035,1.0,100000000000000.0,110.97110150826106,0.09800155501296365,338.4942093172087,8704738.496411402,5.775238643350577,2.1389772753150282
2.84,std,-2,3300873540952.4287,0.003300873540952429,25,10,0.4,1.0,100000000000000.0,54.433455906315565,0.09750919584836228,338.3382876310859,8649521.450322606,5.707143565278924,2.28285742611157
2.8499999999999996,std,-2,3337650031058.6343,0.003337650031058634,35,10,0.2857142857142857,1.0,100000000000000.0,115.00005823443522,0.097017647872353,338.1793537578741,8594786.951786837,5.639790123140202,1.611368606611486
2.86,std,-2,3374708641628.048,0.0033747086416280477,48,10,0.20833333333333334,1.0,100000000000000.0,77.67530468043259,0.09652696764204288,338.0174521542871,8540529.681758447,5.573173830051518,1.161077881260733
2.8699999999999997,std,-2,3412050557237.574,0.003412050557237574,55,10,0.18181818181818182,1.0,100000000000000.0,93.55177046398913,0.09603721003451575,337.85262672021105,8486744.391249523,5.5072900824658575,1.0013254695392468
2.88,std,-2,3449676963275.577,0.003449676963275577,37,10,0.2702702702702703,1.0,100000000000000.0,104.98508953035969,0.0955484282749277,337.6849208054427,8433425.9002663,5.442134166650338,1.470847072067659
2.8899999999999997,std,-2,3487589045938.87,0.00348758904593887,38,10,0.2631578947368421,1.0,100000000000000.0,116.10350790577834,0.09506067396466021,337.5143772164289,8380569.09677265,5.37770126498668,1.4151845434175472
2.9,std,-2,3525787992229.822,0.0035257879922298216,29,10,0.3448275862068966,1.0,100000000000000.0,78.06506267397108,0.09457399710949974,337.3410382226611,8328168.935656688,5.31398646207541,1.8324091248535896
2.9099999999999997,std,-2,3564274989953.3647,0.0035642749899533646,42,10,0.23809523809523808,1.0,100000000000000.0,61.475744330745854,0.0940884461478178,337.16494556336403,8276220.437724468,5.250984750672531,1.2502344644458407
2.92,std,-2,3603051227714.1284,0.0036030512277141283,38,10,0.2631578947368421,1.0,100000000000000.0,66.75858798121546,0.09360406797872392,336.9861404541923,8224718.688710108,5.1886910374495825,1.3654450098551532
2.9299999999999997,std,-2,3642117894913.4937,0.003642117894913494,37,10,0.2702702702702703,1.0,100000000000000.0,68.07940425041924,0.09312090799016796,336.80466359303733,8173658.8382961275,5.127100148562467,1.3857027428547208
2.94,std,-2,3681476181746.741,0.0036814761817467413,26,10,0.38461538461538464,1.0,100000000000000.0,95.1285095544072,0.09263901008696694,336.62055516675764,8123036.099160874,5.066206835070944,1.9485410904119016
2.9499999999999997,std,-2,3721127279200.1772,0.003721127279200177,34,10,0.29411764705882354,1.0,100000000000000.0,63.256196198804844,0.09215841671873516,336.4338548576657,8072845.746031287,5.006005778179573,1.472354640641051
2.96,std,-2,3761072379048.2764,0.0037610723790482766,51,10,0.19607843137254902,1.0,100000000000000.0,67.88685378700538,0.09167916890769558,336.2446018489482,8023083.114753859,4.946491594299467,0.9699003126077387
2.9699999999999998,std,-2,3801312673850.841,0.003801312673850841,36,10,0.2777777777777778,1.0,100000000000000.0,34.90478297353241,0.0912013062763538,336.0528348316987,7973743.601392691,4.887658839979621,1.3576830111054503
2.98,std,-2,3841849356950.2114,0.0038418493569502116,31,10,0.3225806451612903,1.0,100000000000000.0,72.0567827853803,0.09072486707501438,335.8585920098502,7924822.661321773,4.8295020166352005,1.5579038763339357
2.9899999999999998,std,-2,3882683622468.4214,0.0038826836224684215,24,10,0.4166666666666667,1.0,100000000000000.0,75.15599840108248,0.09024988820912404,335.6619111075615,7876315.808353685,4.772015575169356,1.9883398229872318
3.0,std,-2,3923816665304.4585,0.003923816665304458,53,10,0.18867924528301888,1.0,100000000000000.0,63.6635807098556,0.0897764052664229,335.4628293735526,7828218.613865179,4.7151939203870326,0.8896592302617043
3.01,std,-2,3965249681131.452,0.003965249681131452,35,10,0.2857142857142857,1.0,100000000000000.0,120.66568068946135,0.08930445254389056,335.2613835886003,7780526.705950752,4.659031415312898,1.3311518329465424
3.02,std,-2,4006983866393.9375,0.004006983866393938,52,10,0.19230769230769232,1.0,100000000000000.0,62.24394367118921,0.08883406307447111,335.05761006967236,7733235.768582869,4.603522385310376,0.8852927664058416
3.03,std,-2,4049020418305.127,0.004049020418305127,25,10,0.4,1.0,100000000000000.0,70.24378845764306,0.08836526865356453,334.85154467694355,7686341.540784624,4.548661122097109,1.8194644488388438
3.04,std,-2,4091360534844.1665,0.004091360534844167,19,10,0.5263157894736842,1.0,100000000000000.0,71.9858213598537,0.08789809986527143,334.6432228185184,7639839.815826388,4.494441887594223,2.365495730312749
3.05,std,-2,4134005414753.4287,0.004134005414753429,34,10,0.29411764705882354,1.0,100000000000000.0,72.9416655330089,0.08743258610838046,334.432679456901,7593726.440420668,4.440858917653451,1.306134975780427
3.06,std,-2,4176956257535.8354,0.0041769562575358354,31,10,0.3225806451612903,1.0,100000000000000.0,52.630340872705595,0.08696875562208634,334.2199491134068,7547997.313944066,4.387906425630564,1.4154536856872786
3.07,std,-2,4220214263452.1606,0.004220214263452161,31,10,0.3225806451612903,1.0,100000000000000.0,73.47111792464939,0.08650663551143015,334.0050658748679,7502648.387664568,4.335578605854112,1.398573743823907
3.08,std,-2,4263780633518.379,0.004263780633518379,58,10,0.1724137931034483,1.0,100000000000000.0,67.08308655591279,0.08604625177245216,333.7880633976915,7457675.663981256,4.283869636931075,0.7385982132639786
3.09,std,-2,4307656569503.0156,0.004307656569503016,35,10,0.2857142857142857,1.0,100000000000000.0,65.99277810097757,0.08558762931704852,333.56897491433006,7413075.195680463,4.232773684961759,1.209363909989074
3.0999999999999996,std,-2,4351843273924.5093,0.004351843273924509,40,10,0.25,1.0,100000000000000.0,58.58192175788355,0.08513079199752545,333.34783323771825,7368843.085202581,4.18228490660552,1.04557122665138
3.11,std,-2,4396341950048.5967,0.004396341950048597,34,10,0.29411764705882354,1.0,100000000000000.0,97.31407318223242,0.08467576263084305,333.12467076745713,7324975.48391775,4.1323974520483535,1.2154110153083393
3.1199999999999997,std,-2,4441153801885.699,0.004441153801885699,38,10,0.2631578947368421,1.0,100000000000000.0,38.05537739972097,0.08422256302254322,332.89951949319203,7281468.591418872,4.083105467822672,1.074501438900703
3.13,std,-2,4486280034188.344,0.004486280034188344,27,10,0.37037037037037035,1.0,100000000000000.0,53.372815900033785,0.08377121399035611,332.67241100188977,7238318.654820386,4.034403099559808,1.4942233702073362
3.1399999999999997,std,-2,4531721852448.577,0.004531721852448577,34,10,0.29411764705882354,1.0,100000000000000.0,88.94448914619839,0.08332173538748046,332.44337648138406,7195521.968076602,3.9862844945907363,1.172436616056099
3.15,std,-2,4577480462895.421,0.004577480462895421,47,10,0.2127659574468085,1.0,100000000000000.0,48.82788755651062,0.08287414612553251,332.21244672513205,7153074.871296239,3.938743804447133,0.8380305966908794
3.1599999999999997,std,-2,4623557072492.299,0.004623557072492299,32,10,0.3125,1.0,100000000000000.0,70.28797609719292,0.08242846419716175,331.9796521385832,7110973.750088734,3.8917751872890958,1.2161797460278425
3.17,std,-2,4669952888934.522,0.004669952888934522,38,10,0.2631578947368421,1.0,100000000000000.0,83.5315569904785,0.0819847066983287,331.7450227427424,7069215.034901877,3.8453728101871913,1.0119402132071555
3.1799999999999997,std,-2,4716669120646.764,0.004716669120646764,38,10,0.2631578947368421,1.0,100000000000000.0,42.9585290454614,0.0815428898502426,331.5085881790265,7027795.200383879,3.7995308513296395,0.9998765398235893
3.19,std,-2,4763706976780.55,0.00476370697678055,37,10,0.2702702702702703,1.0,100000000000000.0,80.83211305428493,0.08110302902095701,331.2703777148104,6986710.76474544,3.7542435021359557,1.0146604059826907
3.1999999999999997,std,-2,4811067667211.781,0.004811067667211781,39,10,0.2564102564102564,1.0,100000000000000.0,71.54732085416644,0.08066513874662186,331.0304202470401,6945958.289138465,3.7095049692589854,0.9511551203228167
3.21,std,-2,4858752402538.235,0.004858752402538235,40,10,0.25,1.0,100000000000000.0,61.15391623350075,0.08022923275238983,330.78874430774505,6905534.377048772,3.6653094765206333,0.9163273691301583
3.2199999999999998,std,-2,4906762394077.1045,0.0049067623940771046,45,10,0.2222222222222222,1.0,100000000000000.0,80.02917303063766,0.07979532397297763,330.5453780682058,6865435.673682141,3.621651266735839,0.8048113926079642
3.23,std,-2,4955098853862.568,0.004955098853862568,38,10,0.2631578947368421,1.0,100000000000000.0,79.727433287011,0.07936342457287976,330.3003493429706,6825658.865381889,3.5785246034618456,0.941717000911012
3.2399999999999998,std,-2,5003762994643.31,0.00500376299464331,30,10,0.3333333333333333,1.0,100000000000000.0,83.5742191680487,0.07893354596623703,330.0536855955021,6786200.679036681,3.535923772672664,1.1786412575575547
3.25,std,-2,5052756029880.141,0.00505275602988014,50,10,0.2,1.0,100000000000000.0,44.064775466189786,0.07850569883635809,329.8054139410679,6747057.881511198,3.4938430843306465,0.6987686168661293
3.26,std,-2,5102079173743.553,0.005102079173743552,60,10,0.16666666666666666,1.0,100000000000000.0,51.790649038754324,0.07807989315489611,329.55556115253853,6708227.279078383,3.4522768739081293,0.5753794789846882
3.27,std,-2,5151733641111.334,0.005151733641111334,82,10,0.12195121951219512,1.0,100000000000000.0,74.42687583788754,0.0776561382006801,329.30415366334506,6669705.71686476,3.411219503805632,0.4160023785128819
3.28,std,-2,5201720647566.183,0.005201720647566183,27,10,0.37037037037037035,1.0,100000000000000.0,64.62080095140236,0.07723444257820353,329.0512175729579,6631490.078299773,3.370665364721603,1.2483945795265194
3.29,std,-2,5252041409393.337,0.005252041409393337,55,10,0.18181818181818182,1.0,100000000000000.0,54.023233624571695,0.07681481423577075,328.79677864989503,6593577.284582875,3.3306088769304787,0.6055652503509962
3.3,std,-2,5302697143578.175,0.005302697143578175,30,10,0.3333333333333333,1.0,100000000000000.0,64.87950321850516,0.07639726048330328,328.54086233674667,6555964.294144623,3.291044491506161,1.0970148305020535
3.31,std,-2,5353689067803.962,0.005353689067803962,23,10,0.43478260869565216,1.0,100000000000000.0,74.46106134007714,0.0759817880098082,328.2834937535029,6518648.1021335395,3.251966691470946,1.413898561509107
3.32,std,-2,5405018400449.385,0.005405018400449385,37,10,0.2702702702702703,1.0,100000000000000.0,56.8190645164831,0.07556840290051019,328.02469770276355,6481625.739898744,3.2133699928932273,0.868478376457629
3.33,std,-2,5456686360586.349,0.005456686360586349,33,10,0.30303030303030304,1.0,100000000000000.0,53.95500649453824,0.07515711065365033,327.7644986718216,6444894.2744803615,3.1752489458923567,0.9621966502704111
3.34,std,-2,5508694167977.589,0.005508694167977589,61,10,0.16393442622950818,1.0,100000000000000.0,101.07720941174767,0.07474791619695409,327.5029208385292,6408450.8081216905,3.1375981356281817,0.5143603501029805
3.3499999999999996,std,-2,5561043043074.406,0.005561043043074406,56,10,0.17857142857142858,1.0,100000000000000.0,83.56815506483711,0.0743408239037712,327.23998807398544,6372292.477769603,3.1004121831918927,0.553645032712838
3.36,std,-2,5613734207014.38,0.00561373420701438,53,10,0.18867924528301888,1.0,100000000000000.0,53.508210787867085,0.07393583760889016,326.97572394668833,6336416.454597149,3.063685746462893,0.578053914426961
3.3699999999999997,std,-2,5666768881619.068,0.0056667688816190685,65,10,0.15384615384615385,1.0,100000000000000.0,63.85015453605003,0.07353296062403111,326.7101517266349,6300819.9435306,3.0274135209096897,0.4657559262937985
3.38,std,-2,5720148289391.802,0.005720148289391802,36,10,0.2777777777777778,1.0,100000000000000.0,82.26763361846469,0.07313219575301971,326.4432943882453,6265500.18277916,2.9915902403256576,0.8309972889793493
3.3899999999999997,std,-2,5773873653515.354,0.0057738736535153535,46,10,0.21739130434782608,1.0,100000000000000.0,60.7147253962347,0.07273354530664589,326.1751746149341,6230454.443376221,2.956210677532273,0.6426544951157115
3.4,std,-2,5827946197849.773,0.0058279461978497735,41,10,0.24390243902439024,1.0,100000000000000.0,56.93062859456654,0.07233701111721073,325.90581480245476,6195680.028727723,2.921269645022529,0.7125047914689094
3.4099999999999997,std,-2,5882367146930.12,0.00588236714693012,30,10,0.3333333333333333,1.0,100000000000000.0,63.64417973676255,0.07194259455276497,325.63523706192404,6161174.274165404,2.886761995554142,0.9622539985180474
3.42,std,-2,5937137725964.271,0.005937137725964272,45,10,0.2222222222222222,1.0,100000000000000.0,95.13206402109311,0.07155029653104333,325.3634632245115,6126934.5465087,2.8526826227137216,0.6339294717141604
3.4299999999999997,std,-2,5992259160830.696,0.005992259160830697,40,10,0.25,1.0,100000000000000.0,45.43784392520244,0.07116011753309788,325.0905148439263,6092958.2436328735,2.819026461417698,0.7047566153544245
3.44,std,-2,6047732678076.291,0.006047732678076291,59,10,0.1694915254237288,1.0,100000000000000.0,52.464219539744796,0.07077205761663512,324.81641320011437,6059242.794044905,2.7857884883831794,0.47216754040392866
3.4499999999999997,std,-2,6103559504914.163,0.006103559504914163,41,10,0.24390243902439024,1.0,100000000000000.0,46.82733494947913,0.07038611642905952,324.5411793031576,6025785.656462501,2.7529637225587327,0.6714545664777397
3.46,std,-2,6159740869221.52,0.00615974086922152,51,10,0.19607843137254902,1.0,100000000000000.0,77.92020783230137,0.07000229322022894,324.2648338959121,5992584.319403749,2.7205472255077954,0.533440632452509
3.4699999999999998,std,-2,6216277999537.424,0.006216277999537423,56,10,0.17857142857142858,1.0,100000000000000.0,62.73107069056108,0.06962058685492503,323.987397458613,5959636.300782556,2.6885341017714883,0.4800953753163372
3.48,std,-2,6273172125060.746,0.006273172125060746,66,10,0.15151515151515152,1.0,100000000000000.0,43.50888625602982,0.06924099582504298,323.70889021006764,5926939.147505195,2.65691949916482,0.4025635604795182
3.4899999999999998,std,-2,6330424475647.959,0.006330424475647959,43,10,0.23255813953488372,1.0,100000000000000.0,51.167746854906476,0.06886351826150523,323.4293321129662,5894490.435082389,2.6256986090775256,0.6106275835064013
3.5,std,-2,6388036281811.037,0.006388036281811037,62,10,0.16129032258064516,1.0,100000000000000.0,65.23884945684651,0.06848815194590231,323.1487428759992,5862287.767236518,2.59486666671036,0.4185268817274774
3.51,std,-2,6446008774715.343,0.006446008774715343,52,10,0.19230769230769232,1.0,100000000000000.0,57.89332076054525,0.06811489432186627,322.8671419573695,5830328.775524363,2.5644189512958615,0.49315749063381953
3.52,std,-2,6504343186177.542,0.006504343186177542,50,10,0.2,1.0,100000000000000.0,54.8420629534905,0.06774374250617998,322.584548567734,5798611.1189587405,2.5343507862810752,0.5068701572562151
3.53,std,-2,6563040748663.469,0.006563040748663469,65,10,0.15384615384615385,1.0,100000000000000.0,33.96513216231709,0.0673746932996273,322.30098167348007,5767132.483642135,2.504657539486734,0.38533192915180525
3.54,std,-2,6622102695286.1045,0.006622102695286104,68,10,0.14705882352941177,1.0,100000000000000.0,37.68339841219044,0.06700774319758737,322.0164599999526,5735890.582397208,2.475334623234284,0.3640197975344535
3.55,std,-2,6681530259803.446,0.006681530259803446,36,10,0.2777777777777778,1.0,100000000000000.0,50.2515892160994,0.06664288840037871,321.7310020333696,5704883.154414197,2.4463774944411747,0.6795493040114374
3.56,std,-2,6741324676616.483,0.006741324676616483,50,10,0.2,1.0,100000000000000.0,68.95593995552349,0.06628012482335588,321.44462602569604,5674107.964892094,2.417781654708315,0.483556330941663
3.57,std,-2,6801487180767.158,0.006801487180767158,44,10,0.22727272727272727,1.0,100000000000000.0,48.37577569132186,0.06591944810676449,321.1573499957697,5643562.804696245,2.3895426503590764,0.5430778750816082
3.58,std,-2,6862019007936.287,0.0068620190079362875,33,10,0.30303030303030304,1.0,100000000000000.0,47.71899038475746,0.06556085362535716,320.8691917332673,5613245.49001041,2.3616560724720443,0.7156533552945589
3.59,std,-2,6922921394441.586,0.006922921394441586,60,10,0.16666666666666666,1.0,100000000000000.0,51.60837635774734,0.0652043364977763,320.5801688013094,5583153.862002588,2.3341175568846944,0.3890195928141157
3.5999999999999996,std,-2,6984195577235.604,0.006984195577235603,50,10,0.2,1.0,100000000000000.0,54.03507237169564,0.06484989159570673,320.29029853911555,5553285.786493722,2.3069227841752156,0.46138455683504315
3.61,std,-2,7045842793903.745,0.007045842793903745,66,10,0.15151515151515152,1.0,100000000000000.0,55.864104233537056,0.06449751355280299,319.9995980647439,5523639.15362708,2.2800674796228226,0.34546476963982164
3.6199999999999997,std,-2,7107864282662.258,0.0071078642826622575,48,10,0.20833333333333334,1.0,100000000000000.0,34.22152629177339,0.06414719677339552,319.7080842785192,5494211.877547617,2.2535474131556223,0.46948904440742134
3.63,std,-2,7170261282356.266,0.007170261282356266,51,10,0.19607843137254902,1.0,100000000000000.0,43.94319123862519,0.06379893544097907,319.4157738646632,5465001.896084231,2.2273583992662265,0.4367369410325934
3.6399999999999997,std,-2,7233035032457.759,0.007233035032457759,77,10,0.12987012987012986,1.0,100000000000000.0,48.2145079394047,0.06345272352648877,319.1226832949917,5436007.170438018,2.201496296924965,0.2859086099902552
3.65,std,-2,7296186773063.673,0.007296186773063673,68,10,0.14705882352941177,1.0,100000000000000.0,37.97116065794231,0.0631085547963669,318.82882883088087,5407225.684871397,2.175957009462425,0.31999367786212135
3.6599999999999997,std,-2,7359717744893.869,0.007359717744893869,23,10,0.43478260869565216,1.0,100000000000000.0,38.924179860767445,0.06276642282042497,318.5342265264436,5378655.446409031,2.150736484447354,0.9351028193249364
3.67,std,-2,7423629189289.26,0.00742362918928926,65,10,0.15384615384615385,1.0,100000000000000.0,44.20125016027075,0.062426320979504686,318.2388922307646,5350294.484533614,2.1258307135388863,0.3270508790059825
3.6799999999999997,std,-2,7487922348209.828,0.007487922348209828,59,10,0.1694915254237288,1.0,100000000000000.0,48.17359026215864,0.06208824247294238,317.94284158986636,5322140.850894996,2.1012357323262516,0.3561416495468223
3.69,std,-2,7552598464232.68,0.00755259846423268,42,10,0.23809523809523808,1.0,100000000000000.0,31.09760352995542,0.06175218032584041,317.6460900511128,5294192.619019311,2.076947620169154,0.4945113381355128
3.6999999999999997,std,-2,7617658780550.194,0.007617658780550194,70,10,0.14285714285714285,1.0,100000000000000.0,29.981929752865927,0.061418127396149415,317.3486528632928,5266447.884021641,2.0529624999960836,0.29328035714229767
3.71,std,-2,7683104540968.044,0.007683104540968044,54,10,0.18518518518518517,1.0,100000000000000.0,71.26130358497169,0.06108607638156587,317.05054508097294,5238904.762326913,2.029276538120192,0.37579195150373923
3.7199999999999998,std,-2,7748936989903.349,0.007748936989903348,81,10,0.12345679012345678,1.0,100000000000000.0,68.92888486447308,0.06075601982624775,316.75178156589254,5211561.39139034,2.0058859440221313,0.24764024000273224
3.73,std,-2,7815157372382.742,0.007815157372382742,38,10,0.2631578947368421,1.0,100000000000000.0,49.50149285688154,0.06042795012735299,316.45237698956856,5184415.929424091,1.982786970130705,0.5217860447712381
3.7399999999999998,std,-2,7881766934040.532,0.007881766934040533,31,10,0.3225806451612903,1.0,100000000000000.0,55.57682674096905,0.060101859541404255,316.1523458362025,5157466.555130386,1.9599759115957862,0.6322502940631568
3.75,std,-2,7948766921116.801,0.0079487669211168,38,10,0.2631578947368421,1.0,100000000000000.0,37.40392385952888,0.05977774019048319,315.8517024040928,5130711.467432381,1.9374491060396368,0.5098550279051676
3.76,std,-2,8016158580455.567,0.008016158580455568,52,10,0.19230769230769232,1.0,100000000000000.0,35.57586547648701,0.059455584068258405,315.5504608085751,5104148.885215932,1.9152029333112761,0.36830825640601467
3.77,std,-2,8083943159502.909,0.008083943159502909,59,10,0.1694915254237288,1.0,100000000000000.0,56.37889169481632,0.05913538304585055,315.24863498420746,5077777.047071797,1.8932338152260388,0.3208870873264473
3.78,std,-2,8152121906305.143,0.008152121906305142,53,10,0.18867924528301888,1.0,100000000000000.0,51.461457977547376,0.05881712887753789,314.9462386870389,5051594.211037625,1.8715382152960038,0.35312041798037813
3.79,std,-2,8220696069506.989,0.00822069606950699,52,10,0.19230769230769232,1.0,100000000000000.0,42.900024735163285,0.05850081320630583,314.6432854965924,5025598.654353037,1.850112638454575,0.3557908920104952
3.8,std,-2,8289666898349.695,0.008289666898349696,50,10,0.2,1.0,100000000000000.0,44.478776601759776,0.058186427569244414,314.3397888181676,4999788.673212268,1.8289536307735408,0.3657907261547082
3.81,std,-2,8359035642669.322,0.008359035642669323,56,10,0.17857142857142858,1.0,100000000000000.0,35.67716003032454,0.05787396340279591,314.0357618847899,4974162.582516595,1.8080577791699584,0.322867460566064
3.82,std,-2,8428803552894.84,0.00842880355289484,69,10,0.14492753623188406,1.0,100000000000000.0,45.88440344323958,0.0575634120478575,313.7312177606556,4948718.7156405095,1.7874217111191715,0.25904662479987994
3.83,std,-2,8498971880046.381,0.00849897188004638,36,10,0.2777777777777778,1.0,100000000000000.0,42.41803445752193,0.057254764754740534,313.4261693405777,4923455.424194368,1.7670420943363816,0.49084502620455045
3.84,std,-2,8569541875733.436,0.008569541875733435,59,10,0.1694915254237288,1.0,100000000000000.0,39.44577845165829,0.056948012687991136,313.1206293552624,4898371.077789676,1.7469156364860776,0.2960873960145894
3.8499999999999996,std,-2,8640514792153.075,0.008640514792153076,59,10,0.1694915254237288,1.0,100000000000000.0,44.13275509259202,0.056643146931074334,312.814610370385,4873464.063811505,1.7270390848524717,0.29271848895804603
3.86,std,-2,8711891882088.175,0.008711891882088174,31,10,0.3225806451612903,1.0,100000000000000.0,37.17686008075562,0.056340158490925135,312.5081247910099,4848732.787193777,1.7074092260354123,0.5507771696888427
3.8699999999999997,std,-2,8783674398905.663,0.008783674398905664,83,10,0.12048192771084337,1.0,100000000000000.0,53.871370551279064,0.05603903830236975,312.2011848619937,4824175.670194775,1.688022885618462,0.2033762512793328
3.88,std,-2,8855863596554.754,0.008855863596554754,59,10,0.1694915254237288,1.0,100000000000000.0,57.009252173967624,0.05573977723241955,311.89380267119503,4799791.152178878,1.6688769278497502,0.28286049624572035
3.8899999999999997,std,-2,8928460729565.195,0.008928460729565196,62,10,0.16129032258064516,1.0,100000000000000.0,28.08784440611573,0.05544236608444147,311.5859901499791,4775577.689400512,1.6499682553042527,0.2661239121458472
3.9,std,-2,9001467053045.562,0.009001467053045562,56,10,0.17857142857142858,1.0,100000000000000.0,45.90480235615085,0.0551467956022065,311.2777590762088,4751533.754790982,1.6312938085563042,0.2913024658136258
3.9099999999999997,std,-2,9074883822681.475,0.009074883822681474,55,10,0.18181818181818182,1.0,100000000000000.0,40.72949945212147,0.0548530564738208,310.9691210766309,4727657.837746424,1.612850565845125,0.2932455574263864
3.92,std,-2,9148712294733.936,0.009148712294733935,49,10,0.20408163265306123,1.0,100000000000000.0,46.80964605650198,0.054561139335540465,310.6600876266749,4703948.4439248545,1.5946355427264243,0.32543582504620905
3.9299999999999997,std,-2,9222953726037.57,0.009222953726037571,92,10,0.10869565217391304,1.0,100000000000000.0,35.456773845247426,0.054271034775474035,310.3506700548557,4680404.095037893,1.5766457917429675,0.17137454258075732
3.94,std,-2,9297609373998.97,0.00929760937399897,49,10,0.20408163265306123,1.0,100000000000000.0,44.30361392118361,0.05398273333717482,310.0408795428578,4657023.328652699,1.558878402073127,0.318138449402679
3.9499999999999997,std,-2,9372680496594.95,0.009372680496594949,35,10,0.2857142857142857,1.0,100000000000000.0,53.40236323554369,0.053696225523125696,309.7307271280055,4633804.697992794,1.5413304991887802,0.44038014262536573
3.96,std,-2,9448168352370.875,0.009448168352370875,39,10,0.2564102564102564,1.0,100000000000000.0,43.25494263769614,0.05341150179811911,309.42022370457414,4610746.771740449,1.5239992445054231,0.3907690370526726
3.9699999999999998,std,-2,9524074200438.99,0.00952407420043899,57,10,0.17543859649122806,1.0,100000000000000.0,36.80943310271004,0.05312855259253501,309.1093800264618,4587848.13384705,1.5068818350395987,0.26436523421747343
3.98,std,-2,9600399300476.752,0.009600399300476752,52,10,0.19230769230769232,1.0,100000000000000.0,42.081938620033185,0.05284736830551836,308.79820670829866,4565107.3833417045,1.489975503056002,0.2865337505876927
3.9899999999999998,std,-2,9677144912725.123,0.009677144912725123,63,10,0.15873015873015872,1.0,100000000000000.0,45.87663878588022,0.05256793930805998,308.4867142266065,4542523.13414405,1.4732775157147942,0.2338535739229832
4.0,std,-2,9754312297986.988,0.009754312297986989,42,10,0.23809523809523808,1.0,100000000000000.0,38.672552372438574,0.05229025594598198,308.17491292287434,4520094.014880405,1.4567851747278062,0.34685361303043005
4.01,std,-2,9831902717625.432,0.009831902717625431,38,10,0.2631578947368421,1.0,100000000000000.0,46.75719597125374,0.052014308542830644,307.86281300444875,4497818.66870036,1.4404958160030785,0.3790778463165996
4.02,std,-2,9909917433562.156,0.009909917433562156,85,10,0.11764705882352941,1.0,100000000000000.0,55.80433616163858,0.051740087402679,307.5504245452569,4475695.7530969195,1.4244068092890478,0.16757727168106445
4.03,std,-2,9988357708275.814,0.009988357708275815,47,10,0.2127659574468085,1.0,100000000000000.0,43.86612819614842,0.05146758281284127,307.2377574898731,4453723.939732424,1.4085155578354014,0.29968416124157476
4.04,std,-2,10067224804800.375,0.010067224804800375,66,10,0.15151515151515152,1.0,100000000000000.0,46.63248374134973,0.05119678504650158,306.92482165252767,4431901.9142613495,1.3928194980287272,0.2110332572770799
4.05,std,-2,10146519986723.574,0.010146519986723574,62,10,0.16129032258064516,1.0,100000000000000.0,30.43659921888689,0.05092768436525858,306.61162672040064,4410228.376158676,1.377316099049534,0.22214775791121513
4.06,std,-2,10226244518185.2,0.010226244518185199,52,10,0.19230769230769232,1.0,100000000000000.0,21.825838487601256,0.05066027102158882,306.2981822542771,4388702.038552683,1.3620028625182485,0.2619236274073555
4.07,std,-2,10306399663875.592,0.010306399663875592,54,10,0.18518518518518517,1.0,100000000000000.0,44.42796339033844,0.05039453526123035,305.9844976910178,4367321.6280537555,1.3468773221481736,0.24942172632373583
4.08,std,-2,10386986689033.951,0.01038698668903395,54,10,0.18518518518518517,1.0,100000000000000.0,42.82746697673367,0.05013046732548883,305.67058234396234,4346085.884590511,1.3319370433916127,0.24665500803548382
4.09,std,-2,10468006859446.873,0.010468006859446873,92,10,0.10869565217391304,1.0,100000000000000.0,54.15275939109538,0.049868057453468215,305.3564454051307,4324993.5612532655,1.3171796230965784,0.14317169816267156
4.1,std,-2,10549461441446.625,0.010549461441446625,85,10,0.11764705882352941,1.0,100000000000000.0,26.094562162441196,0.04960729588422757,305.04209594655106,4304043.424121051,1.3026026891549674,0.15324737519470205
4.109999999999999,std,-2,10631351701909.719,0.010631351701909719,66,10,0.15151515151515152,1.0,100000000000000.0,47.374524511034245,0.04934817285886632,304.7275429223603,4283234.252119073,1.2882039001639298,0.19518240911574694
4.12,std,-2,10713678908255.217,0.010713678908255217,75,10,0.13333333333333333,1.0,100000000000000.0,33.464268467540805,0.04909067862253967,304.41279516897214,4262564.836847282,1.273980945070896,0.1698641260094528
4.13,std,-2,10796444328443.244,0.010796444328443244,53,10,0.18867924528301888,1.0,100000000000000.0,28.99051249861633,0.04883480342640599,304.0978614071778,4242033.982438276,1.2599315428366595,0.2377229326106905
4.14,std,-2,10879649230973.455,0.010879649230973456,84,10,0.11904761904761904,1.0,100000000000000.0,38.589530941012285,0.04858053752950762,303.7827502443476,4221640.505400525,1.2460534420951943,0.14833969548752313
4.1499999999999995,std,-2,10963294884883.428,0.010963294884883427,56,10,0.17857142857142858,1.0,100000000000000.0,23.559065225442136,0.04832787120058748,303.46747017443096,4201383.234468503,1.232344420807503,0.22006150371562552
4.16,std,-2,11047382559747.188,0.011047382559747188,61,10,0.16393442622950818,1.0,100000000000000.0,35.561887514350204,0.04807679471984265,303.152029580141,4181261.010457904,1.2188022859272531,0.19980365343069723
4.17,std,-2,11131913525673.625,0.011131913525673625,88,10,0.11363636363636363,1.0,100000000000000.0,43.61158037079068,0.04782729838061681,302.8364367343831,4161272.6861168793,1.2054248730633068,0.1369800992117394
4.18,std,-2,11216889053305.021,0.01121688905330502,59,10,0.1694915254237288,1.0,100000000000000.0,35.854400370455394,0.0475793724910331,302.5206998013474,4141417.125983926,1.1922100461442446,0.20206949934648213
4.1899999999999995,std,-2,11302310413815.514,0.011302310413815514,88,10,0.11363636363636363,1.0,100000000000000.0,24.81567313063208,0.04733300737556878,302.2048268375673,4121693.2062488887,1.1791556970851549,0.1339949655778585
4.2,std,-2,11388178878909.586,0.011388178878909586,45,10,0.2222222222222222,1.0,100000000000000.0,30.72890849779809,0.04708819337657378,301.8888257939699,4102099.814607074,1.1662597454578993,0.25916883232397764
4.21,std,-2,11474495720820.55,0.01147449572082055,65,10,0.15384615384615385,1.0,100000000000000.0,38.860920809991796,0.04684492085573398,301.5727045165817,4082635.850129579,1.1535201381623426,0.1774646366403604
4.22,std,-2,11561262212309.098,0.011561262212309098,43,10,0.23255813953488372,1.0,100000000000000.0,30.64454110238868,0.046603180195481396,301.2564707482599,4063300.22312007,1.1409348490994327,0.26533368583707734
4.2299999999999995,std,-2,11648479626661.781,0.011648479626661781,83,10,0.12048192771084337,1.0,100000000000000.0,27.307017747463213,0.0463629618003518,300.94013212907856,4044091.8549862206,1.1285018788450847,0.13596408178856442
4.24,std,-2,11736149237689.531,0.01173614923768953,87,10,0.11494252873563218,1.0,100000000000000.0,38.74510756912427,0.046124256098292224,300.6236961988495,4025009.6781047075,1.1162192543322025,0.12830106371634512
4.25,std,-2,11824272319726.19,0.01182427231972619,64,10,0.15625,1.0,100000000000000.0,39.091519758330875,0.04588705354191895,300.3071703974754,4006052.635690871,1.1040850285276813,0.1725132857074502
4.26,std,-2,11912850147627.037,0.011912850147627036,84,10,0.11904761904761904,1.0,100000000000000.0,33.785268073391926,0.04565134460972769,299.99056206631093,3987219.681670151,1.0920972801157358,0.13001158096615903
4.27,std,-2,12001883996767.367,0.012001883996767368,75,10,0.13333333333333333,1.0,100000000000000.0,33.86802856571346,0.04541711980725716,299.6738784494904,3968509.7805564064,1.0802541131849852,0.14403388175799803
4.28,std,-2,12091375143041.01,0.01209137514304101,37,10,0.2702702702702703,1.0,100000000000000.0,39.91193640105614,0.0451843696682072,299.35712669528914,3949921.907314913,1.0685536569135154,0.2887982856523015
4.29,std,-2,12181324862858.836,0.012181324862858837,53,10,0.18867924528301888,1.0,100000000000000.0,31.26442430973368,0.04495308475551311,299.040313856577,3931455.0472522303,1.0569940652601795,0.19943284250192067
4.3,std,-2,12271734433147.38,0.01227173443314738,71,10,0.14084507042253522,1.0,100000000000000.0,32.40443853406418,0.04472325566237682,298.723446893272,3913108.1958865277,1.045573516659867,0.14726387558589676
4.31,std,-2,12362605131347.414,0.012362605131347414,66,10,0.15151515151515152,1.0,100000000000000.0,32.538701571438025,0.044494873013256726,298.40653267213906,3894880.358826569,1.0342902137139076,0.15671063844150115
4.32,std,-2,12453938235412.475,0.012453938235412475,44,10,0.22727272727272727,1.0,100000000000000.0,33.446400156419394,0.044267927464816684,298.08957796821795,3876770.551660913,1.0231423828913009,0.23253235974802292
4.33,std,-2,12545735023807.467,0.012545735023807467,57,10,0.17543859649122806,1.0,100000000000000.0,42.911840421630984,0.04404240970683595,297.7725894672941,3858777.7998315697,1.0121282742315754,0.17756636390027636
4.34,std,-2,12637996775507.227,0.012637996775507226,81,10,0.12345679012345678,1.0,100000000000000.0,26.96913812619976,0.04381831046308065,297.4555737646546,3840901.138524533,1.0012461610416892,0.12361063716564064
4.35,std,-2,12730724769995.158,0.012730724769995158,45,10,0.2222222222222222,1.0,100000000000000.0,25.487473385930656,0.043595620492138186,297.13853736843305,3823139.612554538,0.9904943396094963,0.22010985324655472
4.36,std,-2,12823920287261.8,0.0128239202872618,44,10,0.22727272727272727,1.0,100000000000000.0,28.595512024847956,0.04337433058821551,296.8214866988527,3805492.276251821,0.9798711289061456,0.2226979838423058
4.37,std,-2,12917584607803.406,0.012917584607803406,55,10,0.18181818181818182,1.0,100000000000000.0,36.08610375331252,0.0431544315819022,296.5044280907982,3787958.1933524255,0.9693748703030389,0.17624997641873436
4.38,std,-2,13011719012620.627,0.013011719012620626,79,10,0.12658227848101267,1.0,100000000000000.0,30.308772860112477,0.042935914340899516,296.18736779384903,3770536.4368874063,0.9590039272824239,0.1213929021876486
4.39,std,-2,13106324783217.07,0.01310632478321707,53,10,0.18867924528301888,1.0,100000000000000.0,36.51976553175764,0.04271876977071631,295.87031197385903,3753226.089076467,0.9487566851567238,0.17901069531258942
4.3999999999999995,std,-2,13201403201597.928,0.013201403201597928,82,10,0.12195121951219512,1.0,100000000000000.0,35.32449542978172,0.0425029888153329,295.55326671342726,3736026.2412209357,0.9386315507865353,0.11446726229104089
4.41,std,-2,13296955550268.613,0.013296955550268613,67,10,0.14925373134328357,1.0,100000000000000.0,32.67632170384409,0.04228856245783335,295.23623801379694,3718935.9935974055,0.9286269523058676,0.13860103765759216
4.42,std,-2,13392983112233.42,0.01339298311223342,58,10,0.1724137931034483,1.0,100000000000000.0,27.864055424787914,0.042075481721007855,294.91923179470416,3701954.455356704,0.9187413388446765,0.15840367911115114
4.43,std,-2,13489487170994.133,0.013489487170994133,79,10,0.12658227848101267,1.0,100000000000000.0,28.02761461846677,0.041863737667925324,294.6022538959911,3685080.744418201,0.9089731802583783,0.11505989623523775
4.4399999999999995,std,-2,13586469010548.69,0.013586469010548689,38,10,0.2631578947368421,1.0,100000000000000.0,27.684130374003196,0.041653321402477496,294.2853100795894,3668313.9873721073,0.8993209668628929,0.23666341233234023
4.45,std,-2,13683929915389.818,0.013683929915389819,75,10,0.13333333333333333,1.0,100000000000000.0,29.737398006709054,0.041444224069895445,293.96840602805776,3651653.319377335,0.8897832091605011,0.11863776122140014
4.46,std,-2,13781871170503.732,0.013781871170503732,39,10,0.2564102564102564,1.0,100000000000000.0,33.18053215828597,0.041236436857238865,293.65154734752315,3635097.884063798,0.8803584375829545,0.22573293271357806
4.47,std,-2,13880294061368.746,0.013880294061368747,55,10,0.18181818181818182,1.0,100000000000000.0,39.44408459665502,0.04102995099385941,293.33473956842,3618646.833436934,0.8710452022307689,0.15837185495104888
4.4799999999999995,std,-2,13979199873953.996,0.013979199873953995,94,10,0.10638297872340426,1.0,100000000000000.0,33.44039934495171,0.04082475775183858,293.0179881451376,3602299.327779113,0.8618420726111268,0.09168532687352413
4.49,std,-2,14078589894718.08,0.01407858989471808,55,10,0.18181818181818182,1.0,100000000000000.0,28.188579216146422,0.04062084844640118,292.701298458608,3586054.5355572705,0.8527476373886116,0.15504502497974756
4.5,std,-2,14178465410607.77,0.01417846541060777,48,10,0.20833333333333334,1.0,100000000000000.0,28.44857677299141,0.04041821443630461,292.3846758158353,3569911.633328093,0.8437605041287777,0.17578343836016203
4.51,std,-2,14278827709056.658,0.014278827709056658,57,10,0.17543859649122806,1.0,100000000000000.0,32.89076412394765,0.04021684712420523,292.06812545171084,3553869.805647869,0.8348792990521363,0.14647005246528708
4.52,std,-2,14379678077983.898,0.014379678077983899,65,10,0.15384615384615385,1.0,100000000000000.0,25.59102243975367,0.04001673795700224,291.75165252931583,3537928.2449801154,0.8261026667857121,0.12709271796703264
4.53,std,-2,14481017805792.904,0.014481017805792903,56,10,0.17857142857142858,1.0,100000000000000.0,33.07442381168242,0.03981787842615967,291.43526214094624,3522086.15160432,0.817429270119525,0.14596951252134377
4.54,std,-2,14582848181370.008,0.014582848181370008,49,10,0.20408163265306123,1.0,100000000000000.0,26.50149849847338,0.03962026006800758,291.1189593095412,3506342.7335315645,0.8088577897683055,0.16507301832006235
4.55,std,-2,14685170494083.205,0.014685170494083206,71,10,0.14084507042253522,1.0,100000000000000.0,29.632345287752923,0.0394238744640223,290.8027489882297,3490697.2064130404,0.800386924128792,0.11273055269419606
4.56,std,-2,14787986033780.896,0.014787986033780896,106,10,0.09433962264150944,1.0,100000000000000.0,30.609258073798475,0.03922871324108732,290.486636062582,3475148.7934561176,0.7920153890488926,0.07471843292914081
4.57,std,-2,14891296090790.541,0.014891296090790542,63,10,0.15873015873015872,1.0,100000000000000.0,31.780891407496103,0.03903476807173469,290.17062535064366,3459696.7253384124,0.7837419175926685,0.12440347898296325
4.58,std,-2,14995101955917.46,0.014995101955917462,56,10,0.17857142857142858,1.0,100000000000000.0,22.657788937133766,0.03884203067436807,289.85472160377554,3444340.2401227453,0.7755652598103125,0.13849379639469866
4.59,std,-2,15099404920443.53,0.015099404920443529,85,10,0.11764705882352941,1.0,100000000000000.0,28.482345255763203,0.0386504928134673,289.5389295076624,3429078.583176759,0.7674841825121043,0.09029225676612991
4.6,std,-2,15204206276125.904,0.015204206276125905,74,10,0.13513513513513514,1.0,100000000000000.0,20.98721567326161,0.038460146299776024,289.2232536832536,3413911.0070874332,0.759497469043493,0.10263479311398555
4.61,std,-2,15309507315195.822,0.015309507315195823,59,10,0.1694915254237288,1.0,100000000000000.0,20.708980428314543,0.03827098299047199,288.90769868713335,3398836.7715838132,0.7516039190629829,0.12739049475643777
4.62,std,-2,15415309330357.28,0.01541530933035728,70,10,0.14285714285714285,1.0,100000000000000.0,25.828405464023284,0.038082994789321374,288.59226901254544,3383855.1434541843,0.7438023483229838,0.10625747833185481
4.63,std,-2,15521613614785.84,0.01552161361478584,98,10,0.10204081632653061,1.0,100000000000000.0,30.169599094243388,0.03789617364681675,288.2769690900825,3368965.396468138,0.7360915884532983,0.07511138657686717
4.64,std,-2,15628421462127.395,0.015628421462127395,102,10,0.09803921568627451,1.0,100000000000000.0,25.644835251645997,0.03771051156030021,287.9618032885261,3354166.8113015178,0.7284704867480601,0.07141867517137844
4.6499999999999995,std,-2,15735734166496.898,0.015735734166496897,39,10,0.2564102564102564,1.0,100000000000000.0,26.40615162849793,0.03752600057407135,287.6467759158048,3339458.6754533774,0.7209379059536273,0.18485587332144288
4.66,std,-2,15843553022477.156,0.015843553022477155,45,10,0.2222222222222222,1.0,100000000000000.0,38.35538495862396,0.03734263277948092,287.3318912188933,3324840.2831766997,0.7134927240592172,0.15855393867982603
4.67,std,-2,15951879325117.574,0.015951879325117574,46,10,0.21739130434782608,1.0,100000000000000.0,22.564099854436822,0.037160400315010805,287.0171533857451,3310310.935399574,0.7061338340929744,0.15350735523760312
4.68,std,-2,16060714369933.035,0.016060714369933036,60,10,0.16666666666666666,1.0,100000000000000.0,43.34175286601085,0.036979295366340204,286.7025665452923,3295869.9396521407,0.6988601439167754,0.1164766906527959
4.6899999999999995,std,-2,16170059452902.547,0.016170059452902546,97,10,0.10309278350515463,1.0,100000000000000.0,18.73824627864553,0.03679931016639911,286.388134767446,3281516.609994206,0.6916705760236341,0.07130624495089011
4.7,std,-2,16279915870468.146,0.016279915870468148,91,10,0.10989010989010989,1.0,100000000000000.0,24.91932539372971,0.036620436995409095,286.07386206618804,3267250.26694219,0.6845640673447907,0.07522682058733964
4.71,std,-2,16390284919533.645,0.016390284919533645,63,10,0.15873015873015872,1.0,100000000000000.0,27.84426647396168,0.03644266818091213,285.75975239700017,3253070.2373980703,0.6775395690458086,0.10754596334060453
4.72,std,-2,16501167897463.438,0.016501167897463438,52,10,0.19230769230769232,1.0,100000000000000.0,24.836361038333212,0.03626599609778732,285.4458096605107,3238975.8545814385,0.6705960463406492,0.12896077814243254
4.7299999999999995,std,-2,16612566102081.297,0.016612566102081297,90,10,0.1111111111111111,1.0,100000000000000.0,26.619668378949836,0.03609041316825672,285.1320377011835,3224966.457955114,0.6637324782947739,0.07374805314386376
4.74,std,-2,16724480831669.273,0.016724480831669275,67,10,0.14925373134328357,1.0,100000000000000.0,26.10132681592799,0.03591591186187994,284.8184403092845,3211041.393161196,0.656947857640499,0.09805191905082074
4.75,std,-2,16836913384966.348,0.01683691338496635,61,10,0.16393442622950818,1.0,100000000000000.0,25.913455088167844,0.035742484695538375,284.505021220159,3197200.011952672,0.6502411905873583,0.10659691648973087
4.76,std,-2,16949865061167.398,0.0169498650611674,67,10,0.14925373134328357,1.0,100000000000000.0,30.88752968903271,0.035570124233408995,284.19178411658436,3183441.672123255,0.6436114966414771,0.09606141740917568
4.77,std,-2,17063337159922.016,0.017063337159922014,78,10,0.1282051282051282,1.0,100000000000000.0,26.87208193909472,0.03539882308692853,283.87873262796336,3169765.737445429,0.6370578084215403,0.08167407800276157
4.78,std,-2,17177330981333.238,0.017177330981333238,75,10,0.13333333333333333,1.0,100000000000000.0,27.211356532661902,0.03522857391474806,283.5658703315511,3156171.577604061,0.6305791714807376,0.08407722286409834
4.79,std,-2,17291847825956.46,0.017291847825956462,91,10,0.10989010989010989,1.0,100000000000000.0,27.76697800719838,0.0350593694226785,283.25320075354716,3142658.568130008,0.6241746441305248,0.0685906202341236
4.8,std,-2,17406888994798.285,0.017406888994798284,72,10,0.1388888888888889,1.0,100000000000000.0,22.694474065383318,0.034891202363627125,282.940727368306,3129226.0903392765,0.6178432972634821,0.08581156906437251
4.81,std,-2,17522455789315.363,0.017522455789315362,88,10,0.11363636363636363,1.0,100000000000000.0,27.09293669052483,0.034724065537525745,282.6284536008912,3115873.5312690753,0.6115842141850895,0.06949820615739653
4.82,std,-2,17638549511413.2,0.0176385495114132,77,10,0.12987012987012986,1.0,100000000000000.0,27.964739263027308,0.03455795179125056,282.31638282615137,3102600.2836156418,0.6053964904402792,0.07862292083639989
4.83,std,-2,17755171463445.07,0.01775517146344507,92,10,0.10869565217391304,1.0,100000000000000.0,30.678775028425754,0.03439285401853435,282.00451836956006,3089405.7456736234,0.5992792336463216,0.06513904713546974
4.84,std,-2,17872322948210.836,0.017872322948210836,64,10,0.15625,1.0,100000000000000.0,31.11269886434234,0.034228765159870625,281.69286350847665,3076289.321274794,0.5932315633285035,0.09269243177007866
4.85,std,-2,17990005268955.816,0.017990005268955816,119,10,0.08403361344537816,1.0,100000000000000.0,22.054798291515002,0.034065678202410896,281.381421472482,3063250.419728769,0.5872526107562486,0.049348958887079714
4.86,std,-2,18108219729369.742,0.018108219729369743,83,10,0.12048192771084337,1.0,100000000000000.0,29.87912249934273,0.03390358617985464,281.07019544341244,3050288.455764161,0.5813415187807591,0.07004114684105532
4.87,std,-2,18226967633585.504,0.018226967633585504,61,10,0.16393442622950818,1.0,100000000000000.0,21.924648070948507,0.033742482172332715,280.75918855631755,3037402.8494712934,0.5754974416769195,0.09434384289785565
4.88,std,-2,18346250286178.1,0.0183462502861781,119,10,0.08403361344537816,1.0,100000000000000.0,28.17983726057518,0.03358235930628393,280.44840390051877,3024593.026241584,0.5697195449867188,0.047875592015690666
4.89,std,-2,18466068992163.527,0.018466068992163527,63,10,0.15873015873015872,1.0,100000000000000.0,21.0169942272662,0.03342321075432565,280.1378445190214,3011858.4167142524,0.5640070053626732,0.08952492148613861
4.8999999999999995,std,-2,18586425056997.65,0.01858642505699765,43,10,0.23255813953488372,1.0,100000000000000.0,32.26696568146509,0.03326502973511832,279.827513409943,2999198.4567176998,0.5583590104163328,0.12985093265496112
4.91,std,-2,18707319786575.105,0.018707319786575107,125,10,0.08,1.0,100000000000000.0,22.08336597001898,0.033107809513224104,279.51741352730323,2986612.5872155535,0.5527747585682419,0.04422198068545935
4.92,std,-2,18828754487228.17,0.01882875448722817,78,10,0.1282051282051282,1.0,100000000000000.0,25.61792294248044,0.032951543398960184,279.20754778058705,2974100.254251155,0.5472534588970849,0.07016069985860061
4.93,std,-2,18950730465725.76,0.018950730465725762,97,10,0.10309278350515463,1.0,100000000000000.0,23.916871081323556,0.032796224748246505,278.8979190356351,2961660.908893382,0.5417943309936524,0.0558550856694487
4.9399999999999995,std,-2,19073249029272.195,0.019073249029272196,65,10,0.15384615384615385,1.0,100000000000000.0,32.02556731258658,0.03264184696244863,278.58853011576997,2949294.0071838005,0.5363966048173372,0.08252255458728265
4.95,std,-2,19196311485506.23,0.01919631148550623,57,10,0.17543859649122806,1.0,100000000000000.0,26.691051790289045,0.03248840348821557,278.27938380169536,2936999.0100829303,0.5310595205519106,0.09316833693893169
4.96,std,-2,19319919142499.906,0.019319919142499906,79,10,0.12658227848101267,1.0,100000000000000.0,18.61217622241377,0.03233588781731316,277.9704828319496,2924775.38341962,0.5257823284648078,0.06655472512212757
4.97,std,-2,19444073308757.49,0.019444073308757488,55,10,0.18181818181818182,1.0,100000000000000.0,23.68660237754012,0.032184293486452624,277.6618299039142,2912622.597837311,0.5205642887686976,0.09464805250339957
4.9799999999999995,std,-2,19568775293214.43,0.01956877529321443,69,10,0.14492753623188406,1.0,100000000000000.0,20.109860938093,0.03203361407711513,277.3534276737634,2900540.12874541,0.5154046714837475,0.07469632920054312
4.99,std,-2,19694026405236.242,0.019694026405236244,87,10,0.11494252873563218,1.0,100000000000000.0,26.431669566852896,0.03188384321537219,277.04527875757316,2888527.4562673313,0.5103027563032441,0.058655489230257936
