z,luminosity_function,alpha_intrinsic,L_min_Jy_kpc2,L_min_over_L_star,n_generated,n_detected,detection_rate_10_per_n,N_ratio_detectable_L,mean_detected_L,mean_SNR,SFR_psi,comoving_volume_Mpc3,time_Gyr,nfrb_sfr_base,n_total_population_scaled
0.01,schechter,-2,10000000000.0,1e-05,11,10,0.9090909090909091,1.0,1226742227715.6194,2441059.9184787483,0.015366633837018974,0.07130685193012652,137678720.05218962,0.0030172189167822763,0.0027429262879838873
0.02,schechter,-2,10000000000.0,1e-05,15,10,0.6666666666666666,1.0,146024088952.2986,68735.08602520324,0.015778461234561884,0.2665058803791095,135706863.92550436,0.01141309029753297,0.007608726865021979
0.03,schechter,-2,10000000000.0,1e-05,21,10,0.47619047619047616,1.0,3469873209836.5474,462333.67056323856,0.016197006898133106,0.587554959446768,133769703.76805276,0.02546074015102308,0.012124161976677655
0.04,schechter,-2,10000000000.0,1e-05,16,10,0.625,1.0,451681883374.02655,4794.914910923619,0.0166223021408091,1.030877806310943,131866423.28089881,0.04519210640421503,0.028245066502634395
0.05,schechter,-2,10000000000.0,1e-05,19,10,0.5263157894736842,1.0,132226048308.20529,2089.5571754832686,0.01705437728000787,1.5929100546645407,129996236.70924087,0.07062978684011698,0.037173572021114196
0.060000000000000005,schechter,-2,10000000000.0,1e-05,24,10,0.4166666666666667,1.0,2959593763890.779,4251.6372863719125,0.017493261604641853,2.2701025340678487,128158387.20751494,0.10178722945829002,0.042411345607620846
0.06999999999999999,schechter,-2,10000000000.0,1e-05,28,10,0.35714285714285715,1.0,369194433371.6498,2251.7657498784033,0.017938983341287663,3.058924440480469,126352145.30294725,0.13866893873059907,0.04952462097521396
0.08,schechter,-2,10000000000.0,1e-05,29,10,0.3448275862068966,1.0,937646292464.9338,474.48781419762656,0.018391569619367408,3.9558663935290173,124576807.45144194,0.18127069642807012,0.06250713669933453
0.09,schechter,-2,10000000000.0,1e-05,26,10,0.38461538461538464,1.0,1041589016037.4385,17489.152263964515,0.018851046435337065,4.957443376576752,122831694.67989907,0.22957979569356862,0.08829992142060332
0.09999999999999999,schechter,-2,10000000000.0,1e-05,21,10,0.47619047619047616,1.0,797850044147.0388,515.2296366688709,0.019317438615878545,6.060197556282741,121116151.30983643,0.28357528704651486,0.13503585097453089
0.11,schechter,-2,10000000000.0,1e-05,38,10,0.2631578947368421,1.0,3197789217925.3394,24508.916375245775,0.019790769780093035,7.260700978785315,119429543.75708403,0.3432282350152637,0.09032321974085887
0.12,schechter,-2,10000000000.0,1e-05,21,10,0.47619047619047616,1.0,8720518960401.067,15952.423816436716,0.020271062300694323,8.555558140312606,117771259.40308331,0.40850198411991323,0.19452475434281583
0.13,schechter,-2,10000000000.0,1e-05,51,10,0.19607843137254902,1.0,1461664917943.9546,1494.08782759222,0.02075833726420218,9.941408430344548,116140705.53330435,0.4793524329443846,0.09399067312634993
0.14,schechter,-2,10000000000.0,1e-05,21,10,0.47619047619047616,1.0,1870626164765.3638,446.88205694218624,0.021252614430137,11.414928446147634,114537308.33873443,0.5557283150766142,0.2646325309888639
0.15000000000000002,schechter,-2,10000000000.0,1e-05,29,10,0.3448275862068966,1.0,107643505939.32176,267.70329939104704,0.021753912189218152,12.972834177812796,112960511.97664525,0.6375714857227784,0.2198522364561305
0.16,schechter,-2,10000000000.0,1e-05,27,10,0.37037037037037035,1.0,4990694388746.615,512.2394762831374,0.02226224752057046,14.611883063499585,111409777.68701176,0.7248172128455385,0.2684508195724216
0.17,schechter,-2,10000000000.0,1e-05,24,10,0.4166666666666667,1.0,456110599021.557,150.87229522832533,0.02277763594794393,16.328875914978255,109884582.96125181,0.8173944717167358,0.3405810298819733
0.18000000000000002,schechter,-2,10000000000.0,1e-05,44,10,0.22727272727272727,1.0,623680373018.3948,689.6529018063187,0.023300091494954225,18.12065871389251,108384420.7601139,0.9152262418160713,0.2080059640491071
0.19,schechter,-2,10000000000.0,1e-05,30,10,0.3333333333333333,1.0,18371810785997.85,40670.709845883466,0.023829626639352574,19.984124279726768,106908798.77780546,1.0182298050643064,0.33940993502143546
0.2,schechter,-2,10000000000.0,1e-05,32,10,0.3125,1.0,160600988080.35495,69.04515485915498,0.024366252266335785,21.916213810743304,105457238.74949963,1.1263170444247699,0.3519740763827406
0.21000000000000002,schechter,-2,10000000000.0,1e-05,36,10,0.2777777777777778,1.0,628798588272.303,620.5588599959012,0.02490997762090884,23.913918299324926,104029275.79969656,1.239394741951353,0.34427631720870916
0.22,schechter,-2,10000000000.0,1e-05,29,10,0.3448275862068966,1.0,3631108069293.3486,1184.07908395549,0.025460810259314456,25.974279823821572,102624457.82893437,1.3573648754309737,0.46805685359688753
0.23,schechter,-2,10000000000.0,1e-05,47,10,0.2127659574468085,1.0,6021067915771.882,2804.318779193847,0.026018755999546127,28.094392718952612,101242344.93655138,1.4801249128059295,0.31492019421402756
0.24000000000000002,schechter,-2,10000000000.0,1e-05,49,10,0.20408163265306123,1.0,20236779705548.453,2572.428934269152,0.02658381887096318,30.271404627328582,99882508.87732875,1.6075681036287335,0.32807512318953747
0.25,schechter,-2,10000000000.0,1e-05,35,10,0.2857142857142857,1.0,3927764227632.919,493.8136672763668,0.027156001063028613,32.50251743467759,98544532.5499974,1.739583766845983,0.4970239333845666
0.26,schechter,-2,10000000000.0,1e-05,34,10,0.29411764705882354,1.0,1300532746107.3865,322.464061567272,0.02773530287319293,34.784988091845314,97228009.51565525,1.8760575742757681,0.551781639492873
0.27,schechter,-2,10000000000.0,1e-05,44,10,0.22727272727272727,1.0,4467472448746.734,626.0792762294408,0.0283217226539493,37.116129326399935,95932543.54423486,2.016871829173807,0.4583799611758652
0.28,schechter,-2,10000000000.0,1e-05,36,10,0.2777777777777778,1.0,1685676823299.476,2743.355105877717,0.028915256759088154,39.49331024753805,94657748.18751705,2.161905739379183,0.6005293720497731
0.29000000000000004,schechter,-2,10000000000.0,1e-05,48,10,0.20833333333333334,1.0,969315221497.0762,324.6996372133569,0.029515899489181725,41.91395684733193,93403246.37677355,2.3110356845305615,0.48146576761053367
0.3,schechter,-2,10000000000.0,1e-05,36,10,0.2777777777777778,1.0,15865605904779.84,2067.396822860687,0.03012364303633178,44.37555240191871,92168670.04385954,2.4641354769307293,0.6844820769252026
0.31,schechter,-2,10000000000.0,1e-05,24,10,0.4166666666666667,1.0,7914622398444.162,248.53530374829884,0.030738477428216556,46.87563777668931,90953659.76403436,2.6210766156942626,1.0921152565392762
0.32,schechter,-2,10000000000.0,1e-05,37,10,0.2702702702702703,1.0,1333171586477.118,238.55021321597957,0.03136039047147566,49.411811638404906,89757864.41943079,2.7817285338070703,0.7518185226505596
0.33,schechter,-2,10000000000.0,1e-05,36,10,0.2777777777777778,1.0,1337132875621.2385,202.553924335188,0.031989367694474906,51.98173057901474,88580940.88171776,2.9459588378611583,0.8183218994058773
0.34,schechter,-2,10000000000.0,1e-05,49,10,0.20408163265306123,1.0,5016505818544.143,803.0614768218617,0.032625392289495694,54.58310915423004,87422553.71285346,3.113633540181717,0.6354354163636157
0.35000000000000003,schechter,-2,10000000000.0,1e-05,44,10,0.22727272727272727,1.0,783925796190.0857,90.7389985204093,0.03326844505439697,57.213719841098005,86282374.8828454,3.284617283170447,0.7465039279932834
0.36000000000000004,schechter,-2,10000000000.0,1e-05,72,10,0.1388888888888889,1.0,3348194664344.667,181.60192315189914,0.03391850433380093,59.87139291850784,85160083.50335014,3.458773555707041,0.4803852160704224
0.37,schechter,-2,10000000000.0,1e-05,34,10,0.29411764705882354,1.0,4777823782460.298,88.07120151018265,0.03457554595985672,62.55401627417636,84055365.5762477,3.635964901475552,1.0694014416104565
0.38,schechter,-2,10000000000.0,1e-05,37,10,0.2702702702702703,1.0,955941359267.8564,628.9222857851706,0.035239543192639965,65.25953514256572,82967913.75619605,3.816053119165961,1.031365707882692
0.39,schechter,-2,10000000000.0,1e-05,59,10,0.1694915254237288,1.0,1459846558026.0408,94.76355118840087,0.03591046666024937,67.98595177690228,81897427.12626469,3.9988994544642713,0.6777795685532663
0.4,schechter,-2,10000000000.0,1e-05,43,10,0.23255813953488372,1.0,4170307372875.667,328.11235992548234,0.03658828429866464,70.73132505978815,80843610.98588744,4.184364783859536,0.9731080892696595
0.41000000000000003,schechter,-2,10477516304.48022,1.0477516304480221e-05,57,10,0.17543859649122806,0.9768174319973958,28322006508002.9,23823.473577047687,0.03727296129143468,73.49377005535608,79806176.65031886,4.372309790235591,0.7492891967008776
0.42000000000000004,schechter,-2,11171274159.942036,1.1171274159942036e-05,49,10,0.20408163265306123,0.9458229190518679,560372494802.8455,181.27897247159578,0.037964460009266905,76.27145750766859,78784841.26087493,4.562595130351206,0.8806953152327787
0.43,schechter,-2,11895595444.172047,1.1895595444172046e-05,49,10,0.20408163265306123,0.9164017745751227,1266870091251.6138,35.69015793224821,0.038662739949594106,79.06261328811988,77779327.60525452,4.755081594227076,0.8892990226937135
0.44,schechter,-2,12651222714.65009,1.2651222714650089e-05,50,10,0.2,0.8884427846971675,1956835356595.2183,202.78839356869497,0.03936775767619714,81.86551779584043,76789363.94735558,4.949630256563425,0.8794926576725131
0.45,schechter,-2,13438903530.563654,1.3438903530563655e-05,58,10,0.1724137931034483,0.8618458801120177,2713335758539.421,146.06964920263084,0.04007946675896711,84.6785053143583,75814683.86589663,5.146102620286774,0.764680576194451
0.46,schechter,-2,14259390357.254143,1.4259390357254142e-05,50,10,0.2,0.8365197827339073,2055136392736.1528,78.50735710708416,0.04079781771389325,87.49996332823329,74855026.10136408,5.344360752387213,0.8941326990877145
0.47000000000000003,schechter,-2,15113440472.827314,1.5113440472827314e-05,52,10,0.19230769230769232,0.812379658973277,3803074562820.8335,736.8695638141829,0.04152275794336715,90.32833180255099,73910134.4107027,5.544267412173155,0.8661634749149771
0.48000000000000004,schechter,-2,16001815876.916435,1.6001815876916437e-05,81,10,0.12345679012345678,0.789348832589877,930950245800.3362,71.05837718469908,0.04225423167689769,93.16210242862276,72979757.42922702,5.745686172120717,0.5599198360976897
0.49,schechter,-2,16925283201.576998,1.6925283201576998e-05,82,10,0.12195121951219512,0.7673579233695051,26596409474900.234,95.80898233666154,0.042992179912334685,95.9998178391807,72063648.53939462,5.948481531522333,0.5566602969793696
0.5,schechter,-2,17884613624.293915,1.7884613624293915e-05,68,10,0.14705882352941177,0.7463411852783757,18421915755114.844,683.0911472642672,0.04373654035770323,98.84007079554401,71161565.7458431,6.152519023088083,0.6752762264910757
0.51,schechter,-2,18880582783.077076,1.8880582783077075e-05,74,10,0.13513513513513514,0.7262390234330629,2527471220239.0796,501.8744439836939,0.04448724737375437,101.68150335041055,70273271.55644336,6.357665312767492,0.6239438713592597
0.52,schechter,-2,19913970693.624695,1.9913970693624693e-05,52,10,0.19230769230769232,0.7069976487436589,98725796513137.39,514.8886494882561,0.04524423191734168,104.52280598801387,69398532.8688438,6.563788292933487,0.8924197865298328
0.53,schechter,-2,20985561668.518456,2.0985561668518454e-05,60,10,0.16666666666666666,0.6885652502426209,2822199310877.0483,111.80304345622076,0.04600742148573693,107.36271674523293,68537120.86228469,6.770757169222122,0.7770180174262417
0.54,schechter,-2,22096144238.432957,2.2096144238432958e-05,49,10,0.20408163265306123,0.6708952234108783,8496798064076.174,136.40263146460944,0.046776740062001616,110.20002031568015,67688810.89416112,6.978442541209242,0.9554701566825616
0.55,schechter,-2,23246511075.3181,2.32465110753181e-05,61,10,0.16393442622950818,0.6539444584720641,20582184872693.117,2176.3597646852704,0.04755210806153499,113.03354713931515,66853382.401291125,7.186716477192067,0.7704448221097747
0.56,schechter,-2,24437458917.533657,2.4437458917533657e-05,58,10,0.1724137931034483,0.6376723681939913,1320043101327.3477,143.19264494016466,0.04833344227992233,115.86217247977572,66030618.80524841,7.395452583272043,0.8130820280416301
0.5700000000000001,schechter,-2,25669788496.893665,2.5669788496893664e-05,51,10,0.19607843137254902,0.622041360106879,396635858681.3275,28.23474456437926,0.049120655842211244,118.68481549200415,65220307.42184981,7.604526067040039,0.9275156348450592
0.5800000000000001,schechter,-2,26944304467.59265,2.6944304467592653e-05,71,10,0.14084507042253522,0.6070173600769685,5100762215998.757,1323.184662076582,0.04991365815374634,121.50043828145144,64422239.37422575,7.813813796021341,0.6680451581118128
0.59,schechter,-2,28261815336.977222,2.8261815336977224e-05,52,10,0.19230769230769232,0.5925670846476747,4214955082117.5483,175.99246010249553,0.050712354852696435,124.30804495838481,63636209.50946025,8.02319435124494,0.9142847858228668
0.6,schechter,-2,29623133398.127625,2.9623133398127625e-05,84,10,0.11904761904761904,0.5786611070591721,29847936380758.27,102.52073052320198,0.051516647764411366,127.10668068658993,62862016.318445235,8.23254807599815,0.5671256409017793
0.61,schechter,-2,31029074664.211304,3.10290746642113e-05,84,10,0.11904761904761904,0.5652713155763578,33405714748698.01,4322.774413550756,0.05232643485774771,129.89543073181815,62099461.8588071,8.44175712024354,0.5680813277543036
0.62,schechter,-2,32480458804.57735,3.248045880457735e-05,29,10,0.3448275862068966,0.5523708867895639,21398706292958.12,106.3912862055654,0.05314161020350689,132.673419507445,61348351.680681646,8.650705480661097,1.6477233992096936
0.63,schechter,-2,33978109082.54655,3.397810908254655e-05,70,10,0.14285714285714285,0.5399355751299749,8276823641592.107,443.1821657493133,0.05396206393512963,135.43980962288754,60608494.75515795,8.85927903680622,0.683348560282128
0.64,schechter,-2,35522852294.86705,3.552285229486705e-05,82,10,0.12195121951219512,0.5279421763182863,3055413648020.05,276.81148047087765,0.054787682211795266,138.19380093340573,59879703.405252725,9.067365583434137,0.5837859414136276
0.65,schechter,-2,37115518712.79509,3.711551871279509e-05,53,10,0.18867924528301888,0.516369309699517,871365628225.8074,37.54388846493654,0.055618347184074164,140.93462959390348,59161793.23922499,9.274854859291837,0.9036321511803278
0.66,schechter,-2,38756942024.76396,3.875694202476396e-05,57,10,0.17543859649122806,0.5051965043826198,19186707270892.426,122.28184351539423,0.056453936962285574,143.66156711829265,58454583.086089864,9.481638572617559,0.8403667829308427
0.67,schechter,-2,40447959280.599525,4.044795928059952e-05,70,10,0.14285714285714285,0.49440519380751247,74881606631125.98,300.304982130519,0.05729432558771266,146.37391944386624,57757894.933217816,9.68761042345128,0.684229272705444
0.68,schechter,-2,42189410837.25494,4.2189410837254935e-05,71,10,0.14084507042253522,0.48397699489709267,5709658745528.914,134.14544508386408,0.05813938300682973,149.07102600478453,57071553.86587637,9.892666123160497,0.6743412425080972
0.6900000000000001,schechter,-2,43982140306.014915,4.3982140306014914e-05,75,10,0.13333333333333333,0.47389555843182973,525559053547.146,49.972244577501286,0.05898897504869533,151.75225881196843,56395388.00860588,10.096703411139687,0.637971053512347
0.7000000000000001,schechter,-2,45826994501.14232,4.582699450114232e-05,34,10,0.29411764705882354,0.4641451703452121,5330655035647.956,90.32569925095683,0.059842963405668255,154.4170215439099,55729228.46830064,10.299622069112012,1.4060352469880295
0.7100000000000001,schechter,-2,47724823389.92325,4.7724823389923246e-05,67,10,0.14925373134328357,0.45471074130979616,51302460077471.805,443.8644152134119,0.06070120561760056,157.06474864648817,55072909.27894104,10.501323933047049,0.7126962373627056
0.72,schechter,-2,49676480044.07971,4.967648004407971e-05,69,10,0.14492753623188406,0.44557779522823615,14648509660073.916,213.10185433473202,0.061563555059664696,159.6949044446557,54426267.3478233,10.701712903004065,0.6910790783313215
0.73,schechter,-2,51682820592.5106,5.16828205925106e-05,63,10,0.15873015873015872,0.4367341354680637,2241283855379.418,36.20494437245547,0.062429860933968816,162.30698226458773,53789142.40325106,10.900694950943002,0.7556675532382824
0.74,schechter,-2,53744704175.32343,5.374470417532343e-05,51,10,0.19607843137254902,0.42816643333521265,122241763351336.42,20625.944820159482,0.06329996826511489,164.90050356927665,53161376.94359302,11.098178126823754,0.9317386951139212
0.75,schechter,-2,55862992899.12978,5.5862992899129785e-05,66,10,0.15151515151515152,0.41986308602636135,18603435182755.543,253.60274965851218,0.06417371789985252,167.47501710627978,52542816.187593825,11.294072563020068,0.7184794181992822
0.76,schechter,-2,58038551793.556854,5.803855179355685e-05,84,10,0.11904761904761904,0.41181291300018674,9070029948406.45,117.22851015068719,0.06505094651097904,170.03009806891168,51933308.025967404,11.48829047727125,0.5632174246234974
0.77,schechter,-2,60272248768.95448,6.027224876895448e-05,51,10,0.19607843137254902,0.404005224968332,4271270892421.479,129.9789497829272,0.06593148660563516,172.5653472716547,51332702.97407133,11.680746174308382,0.9253102913626355
0.78,schechter,-2,62564954575.25439,6.256495457525439e-05,55,10,0.18181818181818182,0.39643064285914964,1707995904707.5774,58.54022535650076,0.06681516653814157,175.08039033923814,50740854.125752576,11.871356046258219,0.8556671470959998
0.79,schechter,-2,64917542761.952385,6.491754276195238e-05,75,10,0.13333333333333333,0.38907883396434695,126168999427810.7,186.50651009040266,0.0677018105275198,177.57487691046367,50157617.108157024,12.06003857196839,0.6256407660195346
0.8,schechter,-2,67330889639.18164,6.733088963918164e-05,65,10,0.15384615384615385,0.38194119986240416,5396392906738.13,75.7571198626205,0.06859123867983588,180.04847985742614,49582850.03763585,12.24671431543971,0.7196191938478654
0.81,schechter,-2,69805874239.84364,6.980587423984364e-05,96,10,0.10416666666666667,0.3750093616600193,4806614499650.3955,300.5527822835073,0.06948326701550157,182.50089451909594,49016413.47646635,12.431305923335836,0.48561001030318635
0.8200000000000001,schechter,-2,72343378282.76656,7.234337828276656e-05,52,10,0.19230769230769232,0.36827491108922683,4599546200961.055,72.15591999869153,0.0703777075016633,184.93183795059358,48458170.39061373,12.613738121815016,0.8933314010219646
0.8300000000000001,schechter,-2,74944286136.86015,7.494428613686016e-05,91,10,0.10989010989010989,0.36173050445640165,13953733144447.188,270.3959034929484,0.0712743680898028,187.3410481881155,47907986.10823188,12.793937712703602,0.5085667629450611
0.8400000000000001,schechter,-2,77609484786.23753,7.760948478623753e-05,60,10,0.16666666666666666,0.35536855058596306,6247180753456.008,404.74141349494283,0.07217305275866856,189.7282835293176,47365728.279101126,12.971833569137436,0.7682969489844518
0.85,schechter,-2,80339863796.27586,8.033986379627586e-05,98,10,0.10204081632653061,0.3491818400674922,18592701887799.03,602.0315232391879,0.0730735615626498,192.09332182920886,46831266.83476413,13.147356630698205,0.46845083472762694
0.86,schechter,-2,83136315280.5844,8.31363152805844e-05,67,10,0.14925373134328357,0.34316445249972083,58859313071416.8,301.88845728502815,0.07397569068569808,194.435959812491,46304473.94949488,13.32043989822317,0.6822539499595808
0.87,schechter,-2,85999733868.8551,8.59997338688551e-05,48,10,0.20833333333333334,0.33730951393089315,14826496441284.771,528.6872493161435,0.07487923250089422,196.75601240077182,45785224.0019454,13.491018428212984,0.9480518475944258
0.88,schechter,-2,88931016675.56792,8.893101667556792e-05,65,10,0.15384615384615385,0.33161113081168136,27579073174409.793,1618.2750819701037,0.07578397563574907,199.0533120567302,45273393.53755888,13.659029327072973,0.6968440247600904
0.89,schechter,-2,91931063269.52348,9.193106326952349e-05,65,10,0.15384615384615385,0.3260636698268742,9222980496362.188,58.138160347171016,0.07668970504331966,201.3277081427057,44768861.231587745,13.82441174503193,0.6934828348896697
0.9,schechter,-2,95000775644.17702,9.500077564417701e-05,53,10,0.18867924528301888,0.32066167152540204,15720439697438.426,140.450261009295,0.07759620207921059,203.5790662964443,44271507.85283817,13.987106870018552,0.8462507676876573
0.91,schechter,-2,98141058188.75209,9.81410581887521e-05,64,10,0.15625,0.3153998482144652,42934442432749.67,1706.5040574286606,0.07850324458452297,205.80726782117625,43781216.22801512,14.147057921318012,0.6971843626663982
0.92,schechter,-2,101352817660.1034,0.00010135281766010339,52,10,0.19230769230769232,0.31027308164705014,15121319108739.072,87.7143793647333,0.07941060697480082,208.01220909219217,43297871.206686266,14.304210143209644,0.8535021849347402
0.93,schechter,-2,104636963155.31161,0.00010463696315531162,53,10,0.18867924528301888,0.30527718950549587,26717854353831.676,424.2105411430656,0.08031806033501555,210.193800978522,42821359.6268634,14.458510798532823,0.8328025549077288
0.9400000000000001,schechter,-2,107994406084.98221,0.0001079944060849822,34,10,0.29411764705882354,0.300406841644686,15590216617983.572,87.91191790306087,0.08122537252061583,212.35196827951083,42351570.28113079,14.609909162181545,1.290857843566682
0.9500000000000001,schechter,-2,111426060147.22673,0.00011142606014722673,68,10,0.14705882352941177,0.29565850385217285,48284977146022.02,521.720487214638,0.08213230826466011,214.48664917708848,41888393.88338472,14.75835651463704,0.6416814127109641
0.9600000000000001,schechter,-2,114932841302.30963,0.00011493284130230963,114,10,0.08771929824561403,0.29102747408463125,7390631510866.139,136.33354128672937,0.0830386292910345,216.59779470274682,41431723.03608367,14.903806135465436,0.3804751801624154
0.97,schechter,-2,118515667747.93002,0.00011851566774793003,55,10,0.18181818181818182,0.2865098950522815,15006686600220.238,375.80558795749914,0.08394409443374791,218.6853682193361,40981452.198053606,15.046213296826942,0.7837979986560236
0.98,schechter,-2,122175459895.12727,0.00012217545989512727,67,10,0.14925373134328357,0.282102023943795,6679400915969.205,74.85114652664745,0.08484845976228053,220.74934491709672,40537477.652815565,15.185535256964837,0.6393836165163638
0.99,schechter,-2,125913140344.78471,0.00012591314034478472,89,10,0.11235955056179775,0.2778002235028858,12276605674373.557,164.93713411936653,0.08575147871295036,222.78971132495758,40099697.47744613,15.321731253765341,0.478244985027771
1.0,schechter,-2,129729633864.7143,0.0001297296338647143,102,10,0.09803921568627451,0.2736009609022595,4908674053239.303,65.10258532049235,0.08665290222624604,224.80646483431997,39668011.51188104,15.45476249817481,0.4145527323545914
1.01,schechter,-2,133625867367.30193,0.00013362586736730193,73,10,0.136986301369863,0.26950080650815667,33872380939636.938,699.7690815705389,0.08755247889006164,226.79961323911857,39242321.32879002,15.584592167791326,0.5753507066192416
1.02,schechter,-2,137602769887.6988,0.0001376027698876988,56,10,0.17857142857142858,0.265496950397891,18488281821329.297,346.4868766956816,0.08844995508875261,228.76917428706133,38822530.203856505,15.711185400221346,0.744869966231185
1.03,schechter,-2,141661272562.53415,0.00014166127256253416,58,10,0.1724137931034483,0.26158585759319486,6850304210972.68,103.71179710557253,0.08934507515791797,230.71517524613054,38408543.086599246,15.834509286535987,0.7141523605665386
1.04,schechter,-2,145802308609.14374,0.00014580230860914374,89,10,0.11235955056179775,0.25776489290886984,77144482941370.5,505.88203239464553,0.09023758154479809,232.63765248355318,38000266.571585506,15.954532864573624,0.46208072530874883
1.05,schechter,-2,150026813305.2827,0.0001500268133052827,55,10,0.18181818181818182,0.2540308991406379,144242449818351.88,51.952705024065935,0.09112721497416236,234.53665105769272,37597608.87017283,16.071227112169847,0.7422887770178008
1.06,schechter,-2,154335723969.32077,0.00015433572396932076,60,10,0.16666666666666666,0.2503815796765193,27267001425527.43,1136.5832694101982,0.09201371461954395,236.41222432266662,37200479.78263619,16.184564940235315,0.6753861560188882
1.07,schechter,-2,158729979940.89545,0.00015872997994089544,63,10,0.15873015873015872,0.24681408704710062,6034528863046.889,92.48497854716133,0.09289681827966537,238.26443354563077,36808790.67077036,16.294521185703992,0.6383678365585984
1.08,schechter,-2,163210522562.0113,0.0001632105225620113,50,10,0.2,0.24332589519606485,98550033853488.0,898.7603826484176,0.09377626255988103,240.09334753598563,36422454.43092041,16.40107260426891,0.7981611347218774
1.09,schechter,-2,167778295158.57156,0.00016777829515857157,27,10,0.37037037037037035,0.23991462194363966,18870514676319.684,45.69907851235419,0.09465178305844799,241.89904228658904,36041385.46742419,16.504197862889427,1.4665179225030156
1.1,schechter,-2,172434243022.3258,0.0001724342430223258,97,10,0.10309278350515463,0.23657794624777106,51334478357979.9,219.1038276032974,0.09552311455742028,243.68160062639527,35665499.66649557,16.603877532026722,0.4049599222965352
1.11,schechter,-2,177179313393.2232,0.0001771793133932232,30,10,0.3333333333333333,0.2333136076216672,44217198450996.48,106.21368524496776,0.09638999121794681,245.44111188513162,35294714.37049736,16.700094077608494,1.2987863989560253
1.12,schechter,-2,182014455442.15283,0.00018201445544215283,99,10,0.10101010101010101,0.23011956987046356,9662592889494.125,158.61946731867127,0.09725214677973788,247.17767156788994,34928948.352648705,16.792831852579457,0.3903393174568287
1.1300000000000001,schechter,-2,186940620254.06564,0.00018694062025406563,74,10,0.13513513513513514,0.2269938091181225,9439402012745.059,227.76763936445235,0.09810931476444977,248.8913810420641,34568121.792101,16.882077088152382,0.5178549978466881
1.1400000000000001,schechter,-2,191958760811.46185,0.00019195876081146187,68,10,0.14705882352941177,0.22393405011572431,181066426086107.28,544.9228726599424,0.09896122868272254,250.5823472335689,34212156.24944995,16.967817884561917,0.5587753206641135
1.1500000000000001,schechter,-2,197069831978.2301,0.0001970698319782301,55,10,0.18181818181818182,0.220938735852645,7922381576352.003,19.68668506518714,0.09980762224459194,252.25068233419407,33860974.64260373,17.050044201387667,0.6849118567429658
1.1600000000000001,schechter,-2,202274790483.82742,0.0002022747904838274,70,10,0.14285714285714285,0.21800566224222273,7140959163195.537,35.572500076536066,0.10064822957298275,253.89650351874357,33514501.22304822,17.128747847352162,0.5334520025488649
1.17,schechter,-2,207574594907.79932,0.00020757459490779932,35,10,0.2857142857142857,0.2151334653967848,21364223439664.195,200.7767599954294,0.10148278541997709,255.51993267183713,33172661.552509196,17.20392246956405,1.0574684169414073
1.18,schechter,-2,212970205664.60922,0.00021297020566460922,64,10,0.15625,0.21232006642943357,29847332731875.445,53.85069850258094,0.1023110253855389,257.121096124545,32835382.47995832,17.27556354216924,0.5731169998248866
1.19,schechter,-2,218462584988.78748,0.00021846258498878747,78,10,0.1282051282051282,0.20956389499859285,6546040083077.192,51.22578581829564,0.10313268613836393,258.70012440033304,32502592.119014297,17.343668354378945,0.46597521716762647
1.2,schechter,-2,224052696920.374,0.000224052696920374,104,10,0.09615384615384616,0.20686349643270507,22234790880925.9,73.07924739858278,0.1039475056385125,260.25715196972664,32174219.82570734,17.408235997797988,0.3462623620413627
1.21,schechter,-2,229741507290.65823,0.00022974150729065823,60,10,0.16666666666666666,0.20421729282120749,110870878389724.8,1577.3986219117135,0.1047552233614732,261.792317014172,31850196.176586464,17.46926735305449,0.5945877477351149
1.22,schechter,-2,235529983708.1965,0.0002355299837081965,85,10,0.11764705882352941,0.20162372764530367,29263369580475.53,620.4133898595221,0.10555558052329424,263.3057611979884,31530452.947203357,17.5267650756553,0.4157425538961347
1.23,schechter,-2,241419095545.10373,0.00024141909554510372,74,10,0.13513513513513514,0.1990813712744699,48516915169528.33,72.98976656922463,0.10634832030641155,264.7976294495516,31214923.090939093,17.58073358110779,0.47297250666730556
1.24,schechter,-2,247409813923.60767,0.0002474098139236077,58,10,0.1724137931034483,0.1965888870478668,95225141499984.28,687.3353251304353,0.10713318808579403,266.26806974930565,30903540.718176357,17.631179029132383,0.5976023901170386
1.25,schechter,-2,253503111702.8618,0.0002535031117028618,70,10,0.14285714285714285,0.19414501644626592,34525129052742.574,436.5448964515598,0.1079099316550206,267.71723292659374,30596241.075822484,17.678109307087183,0.49030240316618967
1.26,schechter,-2,259699963466.00473,0.00025969996346600474,66,10,0.15151515151515152,0.19174833224115007,129510830529682.22,212.0970792739052,0.10867830145189603,269.14527246390634,30292960.52715669,17.721534012482913,0.5148597866133962
1.27,schechter,-2,266001345507.45746,0.0002660013455074575,54,10,0.18518518518518517,0.18939753262573122,52509327277505.6,47.924781868942205,0.10943805078320944,270.55234430843467,29993636.532022804,17.76146443458218,0.6229588036536191
1.28,schechter,-2,272408235820.4589,0.0002724082358204589,110,10,0.09090909090909091,0.18709159318783508,6818986245447.498,40.24752356879736,0.11018893604823399,271.93860669057904,29698207.62734887,17.797913535040784,0.3027127271536468
1.29,schechter,-2,278921614084.8183,0.0002789216140848183,67,10,0.14925373134328357,0.18482927241694735,27119654992118.7,514.9707641487291,0.11093071696056572,273.30421994985267,29406613.407992665,17.830895927613124,0.4918912717676184
1.3,schechter,-2,285542461654.8965,0.0002855424616548965,73,10,0.136986301369863,0.18260937310925263,118976259530957.97,264.7709628105361,0.11166315676789583,274.64934636745875,29118794.50790167,17.860427856863016,0.4467782923842175
1.31,schechter,-2,292271761547.788,0.00029227176154778803,88,10,0.11363636363636363,0.18043092565568652,139375468187255.45,197.1621819249984,0.11238602246931209,275.9741500054675,28834692.581594545,17.886527175878,0.366736665353325
1.32,schechter,-2,299110498431.71796,0.00029911049843171794,62,10,0.16129032258064516,0.17829282734281704,16051326234911.312,57.22260377718781,0.11309908502972522,277.2787965516298,28554250.285959702,17.90921332292354,0.5150135933596267
1.33,schechter,-2,306059658614.6321,0.0003060596586146321,90,10,0.1111111111111111,0.17619393372286463,12724829284969.049,16.16522497145593,0.11380211959101888,278.563453171774,28277411.26235228,17.92850729715611,0.35098824738500206
1.34,schechter,-2,313120230032.98206,0.00031312023003298204,80,10,0.125,0.17413349802425826,28484215754291.168,264.13958597218914,0.11449490567952506,279.8282883666337,28004120.11900111,17.944431633204697,0.39059083129338595
1.35,schechter,-2,320293202240.69745,0.0003202932022406975,73,10,0.136986301369863,0.17211044272355058,29896551239465.164,105.3290504344983,0.11517722740943068,281.0734718356717,27734322.413720313,17.957010374793768,0.4233683569311159
1.36,schechter,-2,327579566398.33923,0.00032757956639833924,48,10,0.20833333333333334,0.17012379832275637,39524388870804.805,508.13163217293595,0.11584887368172872,282.29917434561145,27467964.636896268,17.96626904725432,0.6367687358348904
1.37,schechter,-2,334980315262.4327,0.00033498031526243266,69,10,0.14492753623188406,0.16817269190316964,31582989117515.99,275.4090656298962,0.11650963837833293,283.5055676051222,27204994.194798715,17.972234629063436,0.43803464885289295
1.3800000000000001,schechter,-2,342496443174.9632,0.0003424964431749632,73,10,0.136986301369863,0.1662562680325781,37739480701281.91,257.38764578753234,0.1171593205509839,284.69282414399595,26945359.393152125,17.974935522284326,0.4093761230220838
1.3900000000000001,schechter,-2,350128946053.04877,0.0003501289460530488,73,10,0.136986301369863,0.1643736886607119,28738593098270.805,332.63035516716616,0.11779772460458442,285.8611171980925,26689009.4209975,17.974401522029815,0.40472858625270614
1.4000000000000001,schechter,-2,357878821378.7657,0.0003578788213787657,60,10,0.16666666666666666,0.1625241330031747,14483426934615.41,82.56790611842248,0.11842466047461185,287.010620598644,26435894.334847275,17.97066378488748,0.4867777585217313
1.4100000000000001,schechter,-2,365747068189.1337,0.00036574706818913374,60,10,0.16666666666666666,0.16070679741453076,47653178496483.266,136.7786224680146,0.1190399437982678,288.1415086666626,26185965.04308979,17.96375479635313,0.48114958381030454
1.42,schechter,-2,373734687066.25586,0.00037373468706625585,45,10,0.2222222222222222,0.15892089525121011,92039137128606.81,988.9570556036235,0.1196433960790384,289.2539561117204,25939173.29070372,17.953708337299048,0.6340487560094844
1.43,schechter,-2,381842680127.5996,0.0003818426801275996,95,10,0.10526315789473684,0.1571656815073259,87555440600032.53,72.91988704536972,0.12023484484435139,290.34813793524387,25695471.644191947,17.940559449459283,0.2968042371049435
1.44,schechter,-2,390072051016.42706,0.0003900720510164271,85,10,0.11764705882352941,0.1554406154620377,7549321599393.662,38.99505710861506,0.12081412379603326,291.4242293379873,25454813.47682177,17.92434440000831,0.3277848382695082
1.45,schechter,-2,398423804892.36505,0.00039842380489236507,97,10,0.10309278350515463,0.15374476288080186,379585224920666.94,531.1249377116566,0.12138107295328354,292.4824056318532,25217152.95410143,17.905100645236093,0.2837954075318263
1.46,schechter,-2,406898948422.1023,0.0004068989484221023,37,10,0.2702702702702703,0.15207742806327817,36486296486637.18,159.06172121455597,0.12193553878790152,293.5228421553725,24982445.019521292,17.88286679334027,0.7350217265755111
1.47,schechter,-2,415498489770.2349,0.00041549848977023493,58,10,0.1724137931034483,0.15043823741797102,14252314011603.287,106.57409097697901,0.12247737435151856,294.545714193486,24750645.38054905,17.85768256641403,0.4631859120105097
1.48,schechter,-2,424223438590.22217,0.0004242234385902222,80,10,0.125,0.1488261753198492,145953929180178.44,1494.155014247802,0.12300643939460665,295.55119690024276,24521710.494854964,17.82958876157666,0.3316886878639026
1.49,schechter,-2,433074806015.4786,0.00043307480601547857,62,10,0.16129032258064516,0.14724097682890747,14765735491268.412,104.91744896880184,0.12352260047705375,296.5394652264611,24295597.556820426,17.79862721146117,0.4226914930369542
1.5,schechter,-2,442053604650.58276,0.0004420536046505828,97,10,0.10309278350515463,0.145681690160113,50335351012887.914,125.88096067847823,0.1240257310701164,297.51069384915024,24072264.484238382,17.764840743852584,0.2668053634009983
1.51,schechter,-2,451160848562.6064,0.0004511608485626064,65,10,0.15384615384615385,0.1441480706701861,30306936696471.57,88.07508478231405,0.12451571164958056,298.4650571055586,23851669.90529175,17.72827314076918,0.3931532876239935
1.52,schechter,-2,460397553272.56006,0.00046039755327256007,74,10,0.13513513513513514,0.14263930346579423,18690779260641.746,43.9298941807336,0.12499242977998155,299.4027289303719,23633773.145745885,17.688969096908206,0.34096516635283053
1.53,schechter,-2,469764735746.94476,0.00046976473574694477,47,10,0.2127659574468085,0.14115483682133,10861114469461.262,66.72520832937218,0.12545578018975678,300.3238827945441,23418534.21637197,17.64697417743946,0.5299905873205726
1.54,schechter,-2,479263414389.4178,0.0004792634143894178,82,10,0.12195121951219512,0.1396943317330055,42751600435483.16,162.31395539701165,0.12590566483722512,301.2286916493842,23205913.800602216,17.602334775423998,0.29987151138945106
1.55,schechter,-2,488894609032.5646,0.0004888946090325645,72,10,0.1388888888888889,0.13825712482523944,152891842606441.06,86.87389319189462,0.12634199296731044,302.1173278719343,22995873.24240182,17.555098068674834,0.3370996368055689
1.56,schechter,-2,498659340929.77625,0.0004986593409297762,56,10,0.17857142857142858,0.13684269234961743,99874386745016.97,811.1897174045912,0.12676468115894596,302.98996321317685,22788374.534365553,17.505311976222508,0.4277632180796947
1.57,schechter,-2,508558632747.2174,0.0005085586327472175,82,10,0.12195121951219512,0.13545055666277195,21500787966236.95,308.7626813222771,0.12717365336312167,303.8467687500421,22583380.306024913,17.453025114496736,0.2882953618546246
1.58,schechter,-2,518593508555.9083,0.0005185935085559083,108,10,0.09259259259259259,0.13408024840761756,134908389780339.5,97.85766160725954,0.1275688409315561,304.6879148386902,22380853.81236754,17.3982867531452,0.21599690830821022
1.59,schechter,-2,528764993823.88873,0.0005287649938238888,97,10,0.10309278350515463,0.1327313064754838,13982673496634.514,92.9095602337047,0.12795018263599814,305.5135710708408,22180758.922575094,17.34114677066603,0.23729000687150711
1.6,schechter,-2,539074115408.4892,0.0005390741154084891,73,10,0.136986301369863,0.13140327796376117,28179002294062.21,175.78854853138822,0.12831762467818383,306.32390623313364,21983060.10894857,17.281655609895846,0.31107756106590906
1.61,schechter,-2,549521901548.67786,0.0005495219015486778,132,10,0.07575757575757576,0.13009571812929832,98147699874192.6,50.10878893317534,0.12867112069049735,307.1190882670234,21787722.43604854,17.219864233301912,0.16971443966063873
1.62,schechter,-2,560109381857.5104,0.0005601093818575104,71,10,0.14084507042253522,0.12880819033775925,21853928472437.04,232.98107389015067,0.12901063172740435,307.8992842333508,21594711.550035674,17.15582407837116,0.31124093708280925
1.6300000000000001,schechter,-2,570837587314.6611,0.0005708375873146611,50,10,0.2,0.12754026600916135,76285544637255.75,152.75616756712267,0.1293361262477481,308.6646602762309,21403993.66818979,17.08958701284512,0.43592209472099513
1.6400000000000001,schechter,-2,581707550259.0381,0.0005817075502590381,70,10,0.14285714285714285,0.12629152455980064,67600823389061.58,502.18200883542556,0.12964758008801838,309.415381591683,21215535.568644308,17.02120529020385,0.3070905665635983
1.6500000000000001,schechter,-2,592720304381.4846,0.0005927203043814846,81,10,0.12345679012345678,0.1250615533407643,77375724358281.72,93.9844923137211,0.12994497642672279,310.1516123964663,21029304.58028762,16.95073150517443,0.261714174357944
1.6600000000000001,schechter,-2,603876884717.5583,0.0006038768847175584,83,10,0.12048192771084337,0.12385007584366381,80724837348604.11,233.26130620693033,0.13022830574001035,310.87351589914874,20845268.57286173,16.8782185494702,0.2518516442720262
1.6700000000000002,schechter,-2,615178327640.3925,0.0006151783276403924,131,10,0.07633587786259542,0.12265665054488151,107451339502344.84,555.0086173759971,0.13049756574871402,311.5812542734125,20663395.94724198,16.803719567814237,0.15733495869340292
1.68,schechter,-2,626625670853.636,0.000626625670853636,79,10,0.12658227848101267,0.12148082768339064,49542698973641.39,78.8090971654486,0.13075276135699798,312.2749886329889,20483655.625891827,16.727287914274722,0.2572208583195532
1.69,schechter,-2,638219953384.462,0.0006382199533844621,75,10,0.13333333333333333,0.12032233903313416,22460940968369.773,36.82537015611181,0.13099390458281196,312.95487900790425,20306017.043500546,16.648977108966793,0.2670991824346656
1.7,schechter,-2,649962215576.6621,0.0006499622155766621,49,10,0.20408163265306123,0.1191808670110811,78942370339916.0,149.11887270595986,0.13122101448037002,313.62108432246197,20130450.13778125,16.56884079518937,0.4029977165998448
1.71,schechter,-2,661853499083.7996,0.0006618534990837996,76,10,0.13157894736842105,0.1180558934342838,76414839531603.94,69.82020958510766,0.13143411705488842,314.2737623755148,19956925.34045368,16.48693269710798,0.25610257494052485
1.72,schechter,-2,673894846862.448,0.000673894846862448,76,10,0.13157894736842105,0.11694738803123783,98814520303139.34,59.20492098204964,0.13163324516982902,314.91306982050304,19785413.568385925,16.403306577889392,0.25241103412628774
1.73,schechter,-2,686087303165.488,0.000686087303165488,71,10,0.14084507042253522,0.1158546828239364,7684044559773.689,54.94175266582048,0.1318184384469108,315.5391621492593,19615886.214899182,16.31801619856163,0.2662702240845372
1.74,schechter,-2,698431913535.4767,0.0006984319135354767,60,10,0.16666666666666666,0.11477780012167471,431525387233568.9,188.90247675642158,0.13198974315916043,316.15219367495007,19448315.141239457,16.23111527741535,0.31049528417717326
1.75,schechter,-2,710929724798.0829,0.0007109297247980829,60,10,0.16666666666666666,0.11371613485766341,102796824598105.62,323.53063932036514,0.13214721211728916,316.7523175177438,19282672.668198943,16.14265745017611,0.3059467685942152
1.76,schechter,-2,723581785055.5895,0.0007235817850555895,68,10,0.14705882352941177,0.11266959869235282,99649299326335.36,332.87158557601055,0.13229090454968861,317.33968559087765,19118931.567901675,16.0526962308906,0.2659780650389248
1.77,schechter,-2,736389143680.46,0.0007363891436804599,85,10,0.11764705882352941,0.11163780497216602,108422107296772.23,531.5424040424457,0.13242088597635046,317.9144485891921,18957065.055737577,15.96128497367013,0.2096332728230294
1.78,schechter,-2,749352851308.9596,0.0007493528513089596,89,10,0.11235955056179775,0.11062041326269523,20987086169700.086,94.96158776976537,0.1325372280770222,318.4767559767686,18797046.782446537,15.868476835169757,0.19723342307370612
1.79,schechter,-2,762473959834.8502,0.0007624739598348502,62,10,0.16129032258064516,0.10961730514705681,326677232965392.06,258.9797788031459,0.13264000855391733,319.02675597791506,18638850.826349083,15.774324738060864,0.27889338198399755
1.8,schechter,-2,775753522403.1375,0.0007757535224031375,109,10,0.09174311926605505,0.10862811675454942,55548916956800.11,415.5335919911158,0.1327293109893057,319.5645955674606,18482451.68572671,15.678881335338755,0.15625388552989944
1.81,schechter,-2,789192593403.8783,0.0007891925934038783,69,10,0.14492753623188406,0.1076525517346415,83180539274041.53,100.13265402449096,0.13280522469831382,320.0904204628799,18327824.271332726,15.582198975616762,0.2431106494727625
1.82,schechter,-2,802792228466.0497,0.0008027922284660497,70,10,0.14285714285714285,0.10669036636451701,105879827843309.33,227.75670418437358,0.132867844577269,320.6043751176105,18174943.89906127,15.484329669435056,0.23600411504871235
1.83,schechter,-2,816553484451.4691,0.0008165534844514691,80,10,0.125,0.10574132163474936,21917762502746.04,45.748269903517595,0.13291727094792347,321.1066027146457,18023786.282729935,15.38532505653684,0.2033580756573038
1.84,schechter,-2,830477419448.7714,0.0008304774194487713,76,10,0.13157894736842105,0.10480525313248223,53658946910536.91,100.34796066240432,0.13295360939789763,321.5972451608795,17874327.527015675,15.285236374202235,0.21078592991948553
1.85,schechter,-2,844565092767.4515,0.0008445650927674515,82,10,0.12195121951219512,0.1038818332051007,32908388819663.074,117.63263333463797,0.13297697061768127,322.07644308386233,17726544.12051855,15.184114426726444,0.19236020027370238
1.86,schechter,-2,858817564931.9417,0.0008588175649319416,70,10,0.14285714285714285,0.1029708328544926,83384428220621.23,198.7702597763794,0.1329874702345315,322.5443358268575,17580412.92894541,15.082009555865607,0.22185815501241393
1.87,schechter,-2,873235897675.7545,0.0008732358976757546,105,10,0.09523809523809523,0.10207202654760883,46311439810593.78,30.722457487711647,0.13298522864360543,323.00106144700317,17435911.18843124,14.978971612519148,0.1456127607703746
1.8800000000000001,schechter,-2,887821153935.6833,0.0008878211539356833,57,10,0.17543859649122806,0.1011851922011836,144795768580524.7,95.27707374818993,0.13297037083666333,323.44675671294334,17293016.49898085,14.875049929481408,0.26405873440645244
1.8900000000000001,schechter,-2,902574397846.0348,0.0009025743978460348,59,10,0.1694915254237288,0.10031011116512767,109534424072063.4,76.14221532903602,0.13294302622867502,323.8815571030061,17151706.818034906,14.770293295337153,0.2511202987113237
1.9000000000000001,schechter,-2,917496694732.9259,0.0009174966947329259,78,10,0.1282051282051282,0.09944656820464903,26594836680310.41,54.89745490428695,0.13290332848265865,324.3055968054177,17011960.454154097,14.664749929578933,0.18696910949692222
1.9100000000000001,schechter,-2,932589111108.6282,0.0009325891111086282,63,10,0.15873015873015872,0.0985943514811618,65268632162384.336,80.69843276153141,0.13285141533307546,324.71900871745487,16873756.06082675,14.558467458821474,0.22783851708922237
1.9200000000000002,schechter,-2,947852714665.9598,0.0009478527146659599,75,10,0.13333333333333333,0.09775327938786227,14191418375516.129,20.82707579841542,0.13278742840810062,325.12192444611156,16737072.630372385,14.451492894218752,0.18835744299470292
1.93,schechter,-2,963288574272.7211,0.000963288574272721,54,10,0.18518518518518517,0.09692318370016517,16883287628612.459,59.076238807275374,0.13271151305108214,325.5144743094969,16601889.488000676,14.343872610106041,0.25745440740019915
1.94,schechter,-2,978897759966.1854,0.0009788977599661855,30,10,0.3333333333333333,0.09610381413070601,58823442663515.44,237.40968769832216,0.1326238181414942,325.89678733820483,16468186.28592861,14.23565232375454,0.4560334949838198
1.95,schechter,-2,994681342947.6249,0.0009946813429476248,59,10,0.1694915254237288,0.09529497162949463,46199042390534.81,82.30014230561997,0.13252449591568408,326.26899127769906,16335942.997650843,14.126877076370272,0.22817294071289204
1.96,schechter,-2,1010640395576.8876,0.0010106403955768876,62,10,0.16129032258064516,0.09449646044268156,116631702278625.6,437.30099720258374,0.13241370178770218,326.6312125910358,16205139.912292665,14.017591215246098,0.21364721835051345
1.97,schechter,-2,1026775991367.0302,0.00102677599136703,59,10,0.1694915254237288,0.09370814802085203,243491410887820.3,50.007493084023395,0.13229159417049882,326.9835764613601,16075757.62908553,13.907838377075983,0.22089453852358013
1.98,schechter,-2,1043089204978.9711,0.0010430892049789712,87,10,0.11494252873563218,0.09292989164824772,59301318822591.734,218.03396452169233,0.13215833429775978,327.32620679686505,15947777.051919853,13.797661472503279,0.14738105582056688
1.99,schechter,-2,1059581112216.2047,0.0010595811122162046,80,10,0.125,0.09216141128904431,155229431834830.6,242.89991017716557,0.1320140860466449,327.6592262331693,15821179.384035045,13.68710267173241,0.1576778373356135
2.0,schechter,-2,1076252790019.5538,0.0010762527900195539,61,10,0.16393442622950818,0.09140256617462439,31890116921616.26,102.84498569823366,0.13185901576168338,327.98275613918946,15695946.122775251,13.576203391393191,0.20342620145606166
2.01,schechter,-2,1093105316461.9652,0.0010931053164619652,86,10,0.11627906976744186,0.0906532985139733,100768097676379.28,467.6207842934953,0.13169329208006922,328.2969166207673,15572059.054465903,13.465004282451382,0.1419357038033714
2.02,schechter,-2,1110139770743.3423,0.0011101397707433422,98,10,0.10204081632653061,0.08991327718037989,137953119456033.4,175.6752796855392,0.13151708575859106,328.60182652718396,15449500.249373306,13.353545219335942,0.12251642986192748
2.03,schechter,-2,1127357233185.4204,0.0011273572331854205,134,10,0.07462686567164178,0.08918248528881023,119430470418413.84,106.74996484875791,0.13133056950241706,328.8976034549845,15328252.056764135,13.241865290052342,0.08813003406167907
2.04,schechter,-2,1144758785226.6855,0.0011447587852266856,93,10,0.10752688172043011,0.08846068070373614,24051016759310.82,20.54587812832053,0.13113391779594796,329.1843637552983,15208297.100052891,13.130002787510431,0.12489128862635761
2.05,schechter,-2,1162345509417.329,0.001162345509417329,123,10,0.08130081300813008,0.08774774144945163,67584056038195.08,49.08935126073385,0.13092730673593825,329.4622225393742,15089618.27204791,13.017995201841735,0.09286989245214719
2.0599999999999996,schechter,-2,1180118489414.243,0.0011801184894142428,81,10,0.12345679012345678,0.08704352287920136,68040731139738.15,38.98070480765506,0.1307109138670736,329.73129368486445,14972198.730271557,12.905879213770804,0.13868804847161337
2.07,schechter,-2,1198078809976.0547,0.0011980788099760548,101,10,0.09900990099009901,0.08634787089399132,171199020791498.88,286.7967253306794,0.1304849180201844,329.9916898426764,14856021.89238433,12.79369068903796,0.10937702493808996
2.0799999999999996,schechter,-2,1216227556958.195,0.0012162275569581951,90,10,0.1111111111111111,0.08566062629246984,231576061733032.8,323.4516451517502,0.1302494991532604,330.24352244395504,14741071.431683572,12.681464673809009,0.12070024514047904
2.09,schechter,-2,1234565817308.011,0.001234565817308011,51,10,0.19607843137254902,0.08498171129016607,210184770268442.06,79.11729999436933,0.13000483819542183,330.48690170752684,14627331.272682121,12.569235391066737,0.2094421829689747
2.0999999999999996,schechter,-2,1253094679059.909,0.001253094679059909,92,10,0.10869565217391304,0.08431086238379915,43993139860894.016,64.8193904995467,0.12975111689399202,330.72193664655373,14514785.586787315,12.457036237930463,0.11415907260501677
2.11,schechter,-2,1271815231330.5403,0.0012718152313305404,55,10,0.18181818181818182,0.08364813374080671,137441062109757.28,91.11731873303007,0.12948851766480282,330.9487350770706,14403418.788036415,12.344899783943301,0.18775051420802638
2.1199999999999997,schechter,-2,1290728564314.0144,0.0012907285643140145,67,10,0.14925373134328357,0.0829932379720365,175491571131263.6,33.83209601446394,0.1292172234458553,331.16740362508335,14293215.5289337,12.232857770213585,0.15152902626886744
2.13,schechter,-2,1309835769277.1597,0.0013098357692771596,130,10,0.07692307692307693,0.08234604517676336,50392955539204.516,97.41416016423366,0.12893741755444604,331.3780477351067,14184160.69634576,12.120941109456249,0.07677781262955173
2.1399999999999997,schechter,-2,1329137938554.807,0.001329137938554807,42,10,0.23809523809523808,0.08170658589177304,66207988550931.48,33.54207007259386,0.12864928354785926,331.580771677706,14076239.407488255,12.009179886844368,0.23362597331290538
2.15,schechter,-2,1348636165545.1123,0.0013486361655451124,125,10,0.08,0.08107459332350664,218493264006692.44,40.846217250192424,0.12835300508771263,331.77567855852874,13969437.005973084,11.897603361708674,0.07716746832599329
2.1599999999999997,schechter,-2,1368331544704.9258,0.0013683315447049259,85,10,0.11764705882352941,0.08044995430500779,99830560756213.88,59.660352396112,0.12804876580803742,331.96287032626594,13863739.057946578,11.786239969989174,0.11155323141335123
2.17,schechter,-2,1388225171545.1624,0.0013882251715451623,41,10,0.24390243902439024,0.07983257251267206,60597687523410.914,224.98480709153517,0.12773674918715994,332.14244778161753,13759131.34827611,11.675117327449856,0.2273304025945353
2.1799999999999997,schechter,-2,1408318142626.2505,0.0014083181426262504,84,10,0.11904761904761904,0.07922241136512365,121755904515025.7,114.75544512559695,0.1274171384234439,332.31451058535276,13655599.876833957,11.564262233600966,0.1090653261672023
2.19,schechter,-2,1428611555553.575,0.001428611555553575,90,10,0.1111111111111111,0.07861926790979279,29090383430536.656,25.3038357851074,0.12709011631494216,332.47915726836953,13553130.854817575,11.453700676350648,0.1000535068925096
2.1999999999999997,schechter,-2,1449106508972.9648,0.0014491065089729648,77,10,0.12987012987012986,0.07802303717716874,65828685148878.33,187.946555966174,0.12675586514299808,332.6364852393021,13451710.70117912,11.343457837262472,0.11494169253952932
2.21,schechter,-2,1469804102566.2332,0.0014698041025662332,45,10,0.2222222222222222,0.07743361546631244,53981172802132.484,94.77150177411735,0.12641456655982633,332.78659079443247,13351326.039074074,11.233558097479936,0.19330111511972037
2.2199999999999998,schechter,-2,1490705437046.709,0.001490705437046709,90,10,0.1111111111111111,0.0768509003421114,33757857230835.01,25.00488567928818,0.1260664014800965,332.92956912656507,13251963.692418212,11.124025044247597,0.09498792667540258
2.23,schechter,-2,1511811614154.8438,0.0015118116141548438,54,10,0.18518518518518517,0.0762747906321225,125075393552728.08,72.63996542936152,0.1257115499765309,333.06551433418105,13153610.682476113,11.014881477980976,0.15558477380937832
2.2399999999999998,schechter,-2,1533123736653.8115,0.0015331237366538115,41,10,0.24390243902439024,0.07570518642303259,115527415892636.9,61.80710308746596,0.12535019117952442,333.19451943069964,13056254.22453316,10.906149419894266,0.20137855487574247
2.25,schechter,-2,1554642908325.1697,0.0015546429083251696,90,10,0.1111111111111111,0.0751419890567403,120071597406241.5,205.7724666559543,0.12498250318078254,333.316676354159,12959881.724614153,10.797850120136022,0.09015243728484254
2.26,schechter,-2,1576370233964.5222,0.0015763702339645221,97,10,0.10309278350515463,0.07458510827018094,143987301244027.06,396.6632999343803,0.12460866294096873,333.43207597584404,12864480.776277887,10.69000406638119,0.08219743409275419
2.27,schechter,-2,1598306819377.2446,0.0015983068193772447,76,10,0.13157894736842105,0.0740344338407265,110412979008921.7,86.7838867313051,0.12422884620134438,333.5408081108558,12770039.157449897,10.582630992917318,0.10308935448762617
2.28,schechter,-2,1620453771374.2056,0.0016204537713742056,88,10,0.11363636363636363,0.07348987016948072,117076446454652.66,292.86787066412955,0.12384322739937846,333.64296152645926,12676544.827336488,10.475749890098223,0.08748426128991707
2.29,schechter,-2,1642812197767.5435,0.0016428121977675434,71,10,0.14084507042253522,0.07295133854052582,51662743487122.03,61.89601195912619,0.12345197958829715,333.73862395233226,12583985.923375618,10.369379014234152,0.10654367308766474
2.3,schechter,-2,1665383207366.457,0.001665383207366457,46,10,0.21739130434782608,0.07241873913025432,92775166391394.67,59.505357491833436,0.12305527436053831,333.8278820894975,12492350.758259717,10.26353589781761,0.16158094103001175
2.31,schechter,-2,1688167909973.031,0.001688167909973031,85,10,0.11764705882352941,0.07189198071015901,96201885501320.28,139.54278258891276,0.12265328177506969,333.91082162112184,12401627.816991834,10.158237360126584,0.08591715345216906
2.32,schechter,-2,1711167416378.0923,0.0017111674163780924,83,10,0.12048192771084337,0.07137097327008568,32141691559526.914,47.99511569948115,0.12224617028852493,333.98752722024784,12311805.754026573,10.05349951806918,0.08644916209336563
2.3299999999999996,schechter,-2,1734382838357.0874,0.0017343828383570873,52,10,0.19230769230769232,0.07085562801176748,274628011055550.9,536.2036383785486,0.12183410669010708,334.0580825609141,12222873.3904306,9.949337797390104,0.13557049575678679
2.34,schechter,-2,1757815288665.9878,0.0017578152886659878,119,10,0.08403361344537816,0.07034585734209609,51463658670612.33,65.5914317766905,0.12141725604020252,334.1225703272847,12134819.711121293,9.845766944096424,0.058202429989322055
2.3499999999999996,schechter,-2,1781465881037.2327,0.0017814658810372326,64,10,0.15625,0.06984157486613851,70103694199270.89,106.26313440490605,0.12099578161264772,334.1810722227132,12047633.862132035,9.742801036097267,0.10632071374507487
2.36,schechter,-2,1805335730175.6895,0.0018053357301756894,70,10,0.14285714285714285,0.06934269537991244,63186619318687.7,41.637292572510056,0.12056984484058411,334.23366898034476,11961305.147949908,9.640453495117868,0.09549929000516721
2.3699999999999997,schechter,-2,1829425951754.6414,0.0018294259517546414,105,10,0.09523809523809523,0.06884918366396864,29644163778022.5,59.386653201127295,0.12013960526583477,334.2804403716369,11875823.028886234,9.538737098726594,0.06254612023167035
2.38,schechter,-2,1853737662411.8108,0.0018537376624118108,71,10,0.14084507042253522,0.06836095316306212,27742181354094.04,28.278050126020485,0.11970522049173256,334.3214652169126,11791177.118503083,9.437663992592462,0.09086869100934242
2.3899999999999997,schechter,-2,1878271979745.393,0.001878271979745393,104,10,0.09615384615384616,0.0678778838668469,337577235958020.25,32.246873736219094,0.1192668461393275,334.35682139417685,11707357.181081956,9.3372457028313,0.060941584562788295
2.4,schechter,-2,1903030022310.134,0.001903030022310134,57,10,0.17543859649122806,0.06739989502467125,155022718949706.44,56.37040835378453,0.11882463580689664,334.38658584891306,11624353.129135568,9.237493148499517,0.10922913482455918
2.4099999999999997,schechter,-2,1928012909613.4202,0.0019280129096134202,61,10,0.16393442622950818,0.06692695784221914,212605556739998.4,107.01120166735919,0.11837874103268001,334.4108346038213,11542155.020976886,9.138416654196686,0.10026334855082865
2.42,schechter,-2,1953221762111.4019,0.001953221762111402,80,10,0.125,0.0664590151617308,77978457200186.0,52.476282959667785,0.11792931126076286,334.42964276770937,11460753.05831884,9.04002596271553,0.07509890281481894
2.4299999999999997,schechter,-2,1978657701205.1406,0.001978657701205141,138,10,0.07246376811594203,0.06599592343396588,101262273948631.4,58.459794404918014,0.1174764938100209,334.4430845457659,11380137.583922423,8.94233024779639,0.042765024808319396
2.44,schechter,-2,2004321849236.7778,0.002004321849236778,88,10,0.11363636363636363,0.0655376377445519,85273709009003.97,132.39745123202894,0.11702043384604897,334.4512332484103,11300299.079290532,8.84533812688976,0.06587529157820164
2.4499999999999997,schechter,-2,2030215329485.727,0.002030215329485727,110,10,0.09090909090909091,0.06508416303399456,49102505204366.58,45.616820520824135,0.11656127435598546,334.45416130060363,11221228.162397789,8.749057673954292,0.05176591782231476
2.46,schechter,-2,2056339266164.9043,0.0020563392661649043,128,10,0.078125,0.06463531865683536,29583735907918.04,45.094085213646444,0.11609915612615085,334.451940251562,11142915.58546343,8.653496432277633,0.043696992140316616
2.4699999999999998,schechter,-2,2082694784416.9622,0.0020826947844169623,71,10,0.14084507042253522,0.06419111045520898,39674126311473.52,91.92342522486412,0.11563421772241134,334.4446407837796,11065352.232765501,8.558661427274359,0.0773788705671697
2.48,schechter,-2,2109283010310.57,0.00210928301031057,37,10,0.2702702702702703,0.0637514696732725,164865785442971.56,53.86312306538143,0.11516659547318477,334.43233272275864,10988529.118494129,8.464559179281657,0.14584542913934997
2.4899999999999998,schechter,-2,2136105070836.6924,0.0021361050708366925,67,10,0.14925373134328357,0.06331626155505943,88241886671075.0,92.26740217282978,0.11469642345499854,334.415085045325,10912437.38464076,8.371195716281749,0.07910937574637138
2.5,schechter,-2,2163162093904.9224,0.002163162093904922,99,10,0.10101010101010101,0.06288556152604807,33116352490805.625,34.3428668006694,0.11422383348051643,334.39296588967875,10837068.298925612,8.27857658662057,0.052586155281417066
2.51,schechter,-2,2190455208339.8113,0.002190455208339811,71,10,0.14084507042253522,0.062459144866491845,145616639357532.75,107.51081619088953,0.11374895508894493,334.36604256411323,10762413.25276639,8.186706871634058,0.07201897330632337
2.52,schechter,-2,2217985543877.23,0.00221798554387723,96,10,0.10416666666666667,0.06203710757487502,295246478869168.44,137.8820547994223,0.11327191553873434,334.33438155608656,10688463.759278566,8.095591198206124,0.05231531896305465
2.53,schechter,-2,2245754231160.768,0.002245754231160768,56,10,0.17857142857142858,0.0616192435642301,105296268015691.28,69.0957951622718,0.112792839802488,334.29804854120374,10615211.451314276,8.005233751241478,0.08808508005470429
2.54,schechter,-2,2273762401738.1216,0.0022737624017381214,68,10,0.14705882352941177,0.06120563225629094,46060517905851.37,62.50543554216686,0.11231185056399447,334.25710839228026,10542648.079530537,7.915638286039973,0.0712473008837029
2.55,schechter,-2,2302011188057.5493,0.002302011188057549,100,10,0.1,0.06079607408462473,60586839905608.33,59.98092341550332,0.11182906821729809,334.21162518821706,10470765.510502744,7.8268081405683265,0.04758392075601359
2.56,schechter,-2,2330501723464.31,0.00233050172346431,57,10,0.17543859649122806,0.06039067100667028,241886924706420.3,67.66860050899733,0.1113446108677235,334.16166222271886,10399555.724859066,7.738746247602741,0.08199089099001426
2.57,schechter,-2,2359235142197.1396,0.00235923514219714,57,10,0.17543859649122806,0.05998921027714499,99366537338668.05,68.1101661029365,0.11085859433477233,334.10728201297974,10329010.815461004,7.65145514675609,0.08052714942542007
2.5799999999999996,schechter,-2,2388212579384.761,0.0023882125793847613,74,10,0.13513513513513514,0.059591770175905,86345622897388.23,104.41070109612329,0.11037113215680884,334.0485463088129,10259122.985599501,7.5649369963696795,0.060919998227413924
2.59,schechter,-2,2417435171042.398,0.002417435171042398,59,10,0.1694915254237288,0.05919820701271494,38027374143351.51,66.42745957115616,0.10988233559745512,333.9855161010812,10189884.547240347,7.47919358526109,0.07504319494041621
2.5999999999999996,schechter,-2,2446904054068.3066,0.0024469040540683064,93,10,0.10752688172043011,0.058808486932389825,135840578850174.25,39.91027122254241,0.109392313653616,333.91825162997156,10121287.9192909,7.394226344313747,0.046757340144592215
2.61,schechter,-2,2476620366240.3564,0.0024766203662403563,74,10,0.13513513513513514,0.05842261511373781,208061302589232.75,106.62243784782508,0.108901173065055,333.8468123936146,10053325.625898778,7.310036357921213,0.05771235683868388
2.6199999999999997,schechter,-2,2506585246212.596,0.0025065852462125963,123,10,0.08130081300813008,0.05804044891733107,163836155370719.47,206.64854200021674,0.1084090183254463,333.77125715742824,9985990.294780755,7.226624375286922,0.03410053031695773
2.63,schechter,-2,2536799833511.883,0.002536799833511883,83,10,0.12048192771084337,0.05766200715147429,80050640679525.64,66.341455938643,0.10791595169482557,333.6916439607881,9919274.6555814,7.143990821499789,0.04963094576378163
2.6399999999999997,schechter,-2,2567265268534.48,0.00256726526853448,78,10,0.1282051282051282,0.05728723803597702,66719586097328.2,53.98240262469094,0.10742207321336858,333.6080301271691,9853171.53826193,7.062135808516181,0.05186798142370044
2.65,schechter,-2,2597982692542.7266,0.0025979826925427267,98,10,0.10204081632653061,0.05691603962385461,50731517205702.67,31.262979651297695,0.10692748071642302,333.52047227111996,9787673.871516135,6.981059145896792,0.040544310098401475
2.6599999999999997,schechter,-2,2628953247661.698,0.0026289532476616983,81,10,0.12345679012345678,0.05654839935822009,224838740816969.3,74.25962994082673,0.10643226985072582,333.42902630668567,9722774.681209411,6.900760351392993,0.04817616694147434
2.67,schechter,-2,2660178076875.8887,0.0026601780768758885,112,10,0.08928571428571429,0.05618431330958151,248870926351817.6,27.668603916710897,0.10593653409173551,333.3337474562083,9658467.088857314,6.821238661366621,0.03421844733121899
2.6799999999999997,schechter,-2,2691658324025.919,0.002691658324025919,108,10,0.09259259259259259,0.055823667161131185,83888415907804.4,67.85266363302513,0.10544036476201399,333.2346902574496,9594744.310116976,6.742493040979288,0.034850989569988056
2.69,schechter,-2,2723395133805.281,0.0027233951338052806,74,10,0.13513513513513514,0.05546642032544935,36233686323420.375,56.26589170924768,0.1049438510505919,333.1319085720875,9531599.653310519,6.664522194226153,0.04995367422881538
2.6999999999999997,schechter,-2,2755389651757.055,0.002755389651757055,45,10,0.2222222222222222,0.055112560034056624,178930513302157.34,256.68635666517287,0.10444708003325524,333.0254555936781,9469026.51798176,6.587324573773106,0.08067651578575262
2.71,schechter,-2,2787643024270.7183,0.002787643024270718,103,10,0.0970873786407767,0.05476206416065865,184610669066708.28,227.6797045774258,0.10395013669369071,332.91538385484375,9407018.393461363,6.510898390574337,0.0346165277095302
2.7199999999999998,schechter,-2,2820156398578.8857,0.002820156398578886,103,10,0.0970873786407767,0.05441484210896397,114491285608404.95,162.13561890693364,0.10345310394543139,332.80174523599214,9345568.857473286,6.435241623337952,0.03399734532689006
2.73,schechter,-2,2852930922754.148,0.002852930922754148,79,10,0.12658227848101267,0.0540708548850698,41709487180174.86,74.25732590192737,0.10295606265454338,332.68459097202737,9284671.574754989,6.3603520277492605,0.043532869811441735
2.7399999999999998,schechter,-2,2885967745705.893,0.002885967745705893,38,10,0.2631578947368421,0.05373006386182633,132254772558123.8,57.32350309915442,0.10245909166299956,332.56397166081376,9224320.295706078,6.286227145535672,0.08888404894199417
2.75,schechter,-2,2919268017177.1367,0.002919268017177137,67,10,0.14925373134328357,0.05339243077851619,150428590937320.1,73.68308788922828,0.10196226781268383,332.43993727006807,9164508.855059594,6.212864313303879,0.0495104369827449
2.76,schechter,-2,2952832887741.3926,0.0029528328877413924,65,10,0.15384615384615385,0.05305795817147119,134587727975461.5,106.03742638734248,0.10146566596997589,332.3125371451818,9105231.170576822,6.14026067119867,0.05012149136221364
2.77,schechter,-2,2986663508799.5654,0.0029866635087995655,85,10,0.11764705882352941,0.05272656809607967,121322342682442.55,61.38411175933588,0.10096935905086413,332.18182001650825,9046481.241760328,6.068413171351732,0.03764312944875576
2.78,schechter,-2,3020761032576.832,0.003020761032576832,88,10,0.11363636363636363,0.05239821814430623,37636182298005.02,48.56484881127596,0.1004734180465394,332.04783400649364,8988253.148596747,5.99731858613648,0.03571009176787289
2.79,schechter,-2,3055126612119.573,0.0030551266121195734,77,10,0.12987012987012986,0.05207287162800467,318390142322295.8,273.11000328957624,0.09997791204942123,331.91062663758123,8930541.050315544,5.9269735162370445,0.04008240663033702
2.8,schechter,-2,3089761401292.3003,0.0030897614012923005,117,10,0.08547008547008547,0.05175049222135786,103419940562148.4,51.3300231230434,0.09948290827957305,331.7702448383391,8873339.184167327,5.857374398488868,0.025907863952699044
2.81,schechter,-2,3124666554774.628,0.003124666554774628,71,10,0.14084507042253522,0.0514310439600878,55680065571952.984,52.31469706370365,0.09898847211146117,331.6267349516603,8816641.86423281,5.788517513568998,0.041930915310437356
2.82,schechter,-2,3159843228058.222,0.0031598432280582223,80,10,0.125,0.051114491240598525,199673038591539.56,50.02116539718571,0.09849466710101733,331.4801427412029,8760443.480241075,5.720398993454339,0.0365494105304563
2.8299999999999996,schechter,-2,3195292577443.818,0.0031952925774438178,90,10,0.1111111111111111,0.05080079881904609,76691889794199.45,56.51103118113576,0.09800155501296365,331.33051339797845,8704738.496411402,5.653014828693882,0.03190862989261802
2.84,schechter,-2,3231015760038.202,0.0032310157600382024,95,10,0.10526315789473684,0.05048993181034722,100174060577864.88,189.6047539059204,0.09750919584836228,331.17789154835464,8649521.450322606,5.586360875520304,0.029689997860317025
2.8499999999999996,schechter,-2,3267013933751.2593,0.003267013933751259,184,10,0.05434782608695652,0.05018185568712019,130545725118740.05,71.13187363522839,0.097017647872353,331.02232125982937,8594786.951786837,5.520432862725168,0.015055737241723379
2.86,schechter,-2,3303288257293.0044,0.0033032882572930043,99,10,0.10101010101010101,0.04987653627856359,55817637310446.9,35.695301494832265,0.09652696764204288,330.8638460482604,8540529.681758447,5.455226398383383,0.027483615895630965
2.8699999999999997,schechter,-2,3339839890170.6406,0.0033398398901706406,64,10,0.15625,0.049573939769276376,324009548469670.3,186.53924100425127,0.09603721003451575,330.70250888446185,8486744.391249523,5.390736976374738,0.04175626096543942
2.88,schechter,-2,3376669992685.657,0.0033766699926856573,81,10,0.12345679012345678,0.04927403269801722,231014226808663.56,213.60250753074442,0.0955484282749277,330.5383522008005,8433425.9002663,5.326959982725076,0.0324050370826944
2.8899999999999997,schechter,-2,3413779725930.8833,0.003413779725930883,84,10,0.11904761904761904,0.04897678195640687,65503967784752.69,43.25755066947486,0.09506067396466021,330.37141789779236,8380569.09677265,5.263890701773403,0.03069147942179922
2.9,schechter,-2,3451170251787.6562,0.003451170251787656,74,10,0.13513513513513514,0.04868215478757798,106701850774919.6,49.12241372959645,0.09457399710949974,330.2017473503617,8328168.935656688,5.201524322146923,0.03421910975433894
2.9099999999999997,schechter,-2,3488842732922.8896,0.0034888427329228897,41,10,0.24390243902439024,0.04839011878476751,59064672565913.234,71.65138057506852,0.0940884461478178,330.0293814143883,8276220.437724468,5.139855942572059,0.06066298526772076
2.92,schechter,-2,3526798332786.272,0.003526798332786272,63,10,0.15873015873015872,0.04810064188986174,37345172939417.9,51.06458642940392,0.09360406797872392,329.8543604332627,8224718.688710108,5.078880577512612,0.038777367596874335
2.9299999999999997,schechter,-2,3565038215607.38,0.00356503821560738,88,10,0.11363636363636363,0.04781369239188793,143326253293394.03,201.92625360709627,0.09312090799016796,329.6767242435695,8173658.8382961275,5.018593162620731,0.027267894286088595
2.94,schechter,-2,3603563546392.8887,0.0036035635463928886,99,10,0.10101010101010101,0.04752923892545924,199470263490321.66,29.265269209928523,0.09263901008696694,329.4965121816757,8123036.099160874,4.958988560041714,0.02380777293927694
2.9499999999999997,schechter,-2,3642375490923.759,0.003642375490923759,72,10,0.1388888888888889,0.04724725046917344,180956388038573.2,40.94803036317213,0.09215841671873516,329.31376309008044,8072845.746031287,4.900061563544038,0.03215478277876872
2.96,schechter,-2,3681475215752.438,0.003681475215752438,95,10,0.10526315789473684,0.046967719159436094,167795916286090.6,131.1892798311744,0.09167916890769558,329.1285153227199,8023083.114753859,4.841806903473982,0.02393775019648262
2.9699999999999998,schechter,-2,3720863888200.0815,0.0037208638882000817,85,10,0.11764705882352941,0.046690613365226286,113036017152547.05,52.98156278458779,0.0912013062763538,328.9408067518517,7973743.601392691,4.784219251582586,0.026279780156484092
2.98,schechter,-2,3760542676353.8228,0.0037605426763538227,56,10,0.17857142857142858,0.046415884797716855,98446007832209.4,100.08801299914755,0.09072486707501438,328.75067477288303,7924822.661321773,4.727293225653899,0.03918241031553191
2.9899999999999998,schechter,-2,3800512749063.986,0.003800512749063986,60,10,0.16666666666666666,0.046143503707741895,75875413173896.5,102.79997474622576,0.09024988820912404,328.55815631160016,7876315.808353685,4.671023394028945,0.03592289755022063
3.0,schechter,-2,3840775275941.406,0.003840775275941406,77,10,0.12987012987012986,0.04587344068265797,482191324957311.1,82.59976123537626,0.0897764052664229,328.36328782841287,7828218.613865179,4.615404279926146,0.02749668499502309
3.01,schechter,-2,3881331427354.6772,0.0038813314273546773,119,10,0.08403361344537816,0.04560566664448906,92818667742941.27,39.203148467413705,0.08930445254389056,328.1661053256908,7780526.705950752,4.560430365667864,0.017477434202693612
3.02,schechter,-2,3922182374427.4746,0.003922182374427475,54,10,0.18518518518518517,0.04534019904524711,226562670006573.25,466.9121633464586,0.08883406307447111,327.9666443518103,7733235.768582869,4.50609609671225,0.03783468406332305
3.03,schechter,-2,3963329289035.8813,0.003963329289035881,129,10,0.07751937984496124,0.045076981404401306,96803772925123.22,129.9622782243349,0.08836526865356453,327.7649400080222,7686341.540784624,4.452395885583736,0.015558183452673718
3.04,schechter,-2,4004773343805.7036,0.004004773343805703,47,10,0.2127659574468085,0.04481597023842809,270751864270972.1,130.90335662342804,0.08789809986527143,327.56102695307436,7639839.815826388,4.399324115640836,0.0419489316246295
3.05,schechter,-2,4046515712109.8237,0.004046515712109824,86,10,0.11627906976744186,0.044557137708726935,85999825814365.27,125.65805352108893,0.08743258610838046,327.3549394095446,7593726.440420668,4.346875144724388,0.022521431910014756
3.06,schechter,-2,4088557568065.577,0.004088557568065577,78,10,0.1282051282051282,0.04430049237382816,171096067896280.3,149.25836224080246,0.08696875562208634,327.14671116815924,7547997.313944066,4.295043308655358,0.02439391453081389
3.07,schechter,-2,4130900086532.1113,0.004130900086532111,63,10,0.15873015873015872,0.04404601157277377,76341037125912.94,93.54633645967886,0.08650663551143015,326.9363755943563,7502648.387664568,4.243822924630174,0.02967039264302591
3.08,schechter,-2,4173544443107.793,0.004173544443107793,55,10,0.18181818181818182,0.043793630261232175,165530086888545.56,193.9166197859816,0.08604625177245216,326.72396563225817,7457675.663981256,4.193208294456413,0.03338832975559202
3.09,schechter,-2,4216491814127.612,0.004216491814127612,49,10,0.20408163265306123,0.04354332181654075,110445454933463.4,67.33774041149579,0.08558762931704852,326.50951381100504,7413075.195680463,4.143193707699667,0.03681804427808842
3.0999999999999996,schechter,-2,4259743376660.6025,0.004259743376660603,45,10,0.2222222222222222,0.04329513940720919,128979707073838.97,109.95289479157934,0.08513079199752545,326.29305224909746,7368843.085202581,4.093773444684375,0.039386775997586894
3.11,schechter,-2,4303300308507.279,0.004303300308507279,94,10,0.10638297872340426,0.043048985904859616,145984292033093.06,35.94173878596628,0.08467576263084305,326.07461266045,7324975.48391775,4.04494177939862,0.0185245363454584
3.1199999999999997,schechter,-2,4347163788197.081,0.004347163788197081,104,10,0.09615384615384616,0.042804829430521885,68185021792683.21,30.868055257396332,0.08422256302254322,325.8542263576978,7281468.591418872,3.996692982254221,0.016449784749188054
3.13,schechter,-2,4391334994985.852,0.004391334994985852,105,10,0.09523809523809523,0.042562720425377454,65855203032427.25,64.99972545223935,0.08377121399035611,325.6319242593192,7238318.654820386,3.9490213227809843,0.01600772290622679
3.1399999999999997,schechter,-2,4435815108853.299,0.004435815108853299,97,10,0.10309278350515463,0.042322577897207836,53134789260794.19,54.19577149915894,0.08332173538748046,325.4077368931067,7195521.968076602,3.901921072172394,0.017024676136677613
3.15,schechter,-2,4480605310500.509,0.0044806053105005085,71,10,0.14084507042253522,0.042084358944841416,57953559818946.234,27.52854089255232,0.08287414612553251,325.18169440082244,7153074.871296239,3.8553865057337315,0.022852319658929053
3.1599999999999997,schechter,-2,4525706781347.43,0.0045257067813474295,109,10,0.09174311926605505,0.04184813909291185,210868624120536.2,118.5160583803837,0.08242846419716175,324.95382654443256,7110973.750088734,3.8094119052584183,0.014625394428756757
3.17,schechter,-2,4571120703530.407,0.004571120703530407,62,10,0.16129032258064516,0.04161379720440728,113264851125234.66,109.45075962348123,0.0819847066983287,324.7241627095947,7069215.034901877,3.763991561261772,0.025263545404749628
3.1799999999999997,schechter,-2,4616848259899.712,0.004616848259899712,148,10,0.06756756756756757,0.041381349548251456,127071280067402.1,62.8013387693685,0.0815428898502426,324.4927319104119,7027795.200383879,3.7191197751414715,0.010398796988307
3.19,schechter,-2,4662890634017.086,0.004662890634017086,50,10,0.2,0.04115079749229211,90388606520141.0,73.74425177996379,0.08110302902095701,324.2595627948614,6986710.76474544,3.674790861246478,0.03024411491153591
3.1999999999999997,schechter,-2,4709249010153.315,0.004709249010153315,81,10,0.12345679012345678,0.04092205232886059,273085624548196.2,146.43671166229961,0.08066513874662186,324.02468364833067,6945958.289138465,3.6309991488366866,0.01834418977465965
3.21,schechter,-2,4755924573285.785,0.004755924573285785,60,10,0.16666666666666666,0.040695200727092984,125431028297747.12,104.75265399838172,0.08022923275238983,323.7881223990139,6905534.377048772,3.5877389839777,0.02433395968489819
3.2199999999999998,schechter,-2,4802918509096.07,0.004802918509096071,87,10,0.11494252873563218,0.04047011513642729,240235271478447.5,284.4802353829299,0.07979532397297763,323.54990662199094,6865435.673682141,3.545004731326196,0.016490430992638003
3.23,schechter,-2,4850232003967.56,0.004850232003967559,87,10,0.11494252873563218,0.040246850575003434,345108522466585.9,146.29587022016187,0.07936342457287976,323.31006354315895,6825658.865381889,3.50279077584218,0.01620417206331271
3.2399999999999998,schechter,-2,4897866244983.022,0.0048978662449830224,73,10,0.136986301369863,0.04002534148560488,88871305875688.12,33.87671655259921,0.07893354596623703,323.06862004475977,6786200.679036681,3.461091524428007,0.01897690002440599
3.25,schechter,-2,4945822419922.288,0.004945822419922288,84,10,0.11904761904761904,0.03980559343877388,170480999485273.53,40.064782210414975,0.07850569883635809,322.82560266820917,6747057.881511198,3.4199014074666994,0.016206095836465477
3.26,schechter,-2,4994101717259.845,0.004994101717259844,83,10,0.12048192771084337,0.039587579372534654,140076860884666.3,107.08092674981287,0.07807989315489611,322.581037619772,6708227.279078383,3.379214880311386,0.016117462324238215
3.27,schechter,-2,5042705326162.508,0.005042705326162508,79,10,0.12658227848101267,0.039371278445076485,176121482538199.06,115.5717139443553,0.0776561382006801,322.33495077345754,6669705.71686476,3.339026424673484,0.016640726468517462
3.28,schechter,-2,5091634436487.089,0.005091634436487089,112,10,0.08928571428571429,0.03915667950559565,59201524489629.3,26.303053830635513,0.07723444257820353,322.08736767638214,6631490.078299773,3.2993305499634613,0.011534895439994633
3.29,schechter,-2,5140890238778.063,0.005140890238778064,68,10,0.14705882352941177,0.0389437574303626,119867892846147.84,31.77799311266824,0.07681481423577075,321.83831355171367,6593577.284582875,3.260121794541841,0.01867079299412881
3.3,schechter,-2,5190473924265.236,0.0051904739242652365,74,10,0.13513513513513514,0.038732495290555335,70938627378372.14,39.523915109955375,0.07639726048330328,321.58781330359005,6555964.294144623,3.221394726916793,0.016861169741800606
3.31,schechter,-2,5240386684861.528,0.005240386684861528,103,10,0.0970873786407767,0.038522884925283774,92425940762625.97,43.43848152965374,0.0759817880098082,321.3358915203765,6518648.1021335395,3.183143946868743,0.011905231841343513
3.32,schechter,-2,5290629713160.563,0.005290629713160563,97,10,0.10309278350515463,0.03831488281433226,96325491818647.9,40.784684814076414,0.07556840290051019,321.0825724797648,6481625.739898744,3.1453640865248436,0.012424150142640065
3.33,schechter,-2,5341204202434.511,0.0053412042024345106,62,10,0.16129032258064516,0.03810851813775884,108973594795269.78,42.675421027525054,0.07515711065365033,320.8278801508132,6444894.2744803615,3.108049811342575,0.019103737517517174
3.34,schechter,-2,5392111346631.752,0.005392111346631752,79,10,0.12658227848101267,0.037903700827437214,206419549876679.84,34.39950231560431,0.07474791619695409,320.5718381996875,6408450.8081216905,3.0711958210783323,0.014735403491725127
3.3499999999999996,schechter,-2,5443352340374.666,0.005443352340374666,98,10,0.10204081632653061,0.037700516934753625,404906061233274.2,110.35175115814404,0.0743408239037712,320.31446999229286,6372292.477769603,3.0347968506594247,0.01167483776141047
3.36,schechter,-2,5494928378957.376,0.005494928378957376,78,10,0.1282051282051282,0.03749884872043763,143969806295163.16,148.72784500835286,0.07393583760889016,320.05579859833716,6336416.454597149,2.998847671022811,0.01441709425016937
3.3699999999999997,schechter,-2,5546840658343.519,0.0055468406583435185,111,10,0.09009009009009009,0.037298743822849256,358178856420170.9,160.24975080520113,0.07353296062403111,319.79584679534463,6300819.9435306,2.963343089899039,0.00995756529453647
3.38,schechter,-2,5599090375164.066,0.005599090375164067,88,10,0.11363636363636363,0.03710016394741711,222360882658735.8,31.39154281028585,0.07313219575301971,319.53463707151803,6265500.18277916,2.9282779525324374,0.012345408195745491
3.3899999999999997,schechter,-2,5651678726715.062,0.005651678726715062,123,10,0.08130081300813008,0.036903063927667845,168090580500338.0,43.814825595346576,0.07273354530664589,319.27219163021334,6230454.443376221,2.8936471423694687,0.008681662234062916
3.4,schechter,-2,5704606910955.487,0.005704606910955487,130,10,0.07692307692307693,0.03670751015881002,251396081151880.84,116.96702480890261,0.07233701111721073,319.0085323932131,6195680.028727723,2.85944558168853,0.008074086749107395
3.4099999999999997,schechter,-2,5757876126505.049,0.005757876126505049,62,10,0.16129032258064516,0.03651340278548032,63660232392402.48,25.29831642062112,0.07194259455276497,318.7436810036873,6161174.274165404,2.8256682321805995,0.016641090693507474
3.42,schechter,-2,5811487572642.031,0.005811487572642032,85,10,0.11764705882352941,0.036320756175373115,355702710349914.2,124.68823474298692,0.07155029653104333,318.4776588307832,6126934.5465087,2.792310095501468,0.011931625193499017
3.4299999999999997,schechter,-2,5865442449301.12,0.00586544244930112,101,10,0.09900990099009901,0.03612958621641993,203880844066073.06,68.00828841086084,0.07116011753309788,318.2104869720596,6092958.2436328735,2.7593662137620716,0.009870768269583463
3.44,schechter,-2,5919741957071.281,0.005919741957071282,80,10,0.125,0.035939822916428055,305576458672759.2,190.9114663655515,0.07077205761663512,317.942186257106,6059242.794044905,2.726831669989375,0.01225023091779074
3.4499999999999997,schechter,-2,5974387297193.594,0.005974387297193594,89,10,0.11235955056179775,0.03575148124934269,268186557546344.0,263.76865148924196,0.07038611642905952,317.6727772513592,6025785.656462501,2.69470158854804,0.010824671159050472
3.46,schechter,-2,6029379671559.182,0.006029379671559182,93,10,0.10752688172043011,0.03556456885090753,182066164049359.7,45.20709768569917,0.07000229322022894,317.4022802586853,5992584.319403749,2.662971135515722,0.010183593580325624
3.4699999999999998,schechter,-2,6084720282707.014,0.006084720282707013,75,10,0.13333333333333333,0.035379024268320625,74241865673913.45,19.12893079307559,0.06962058685492503,317.13071532588765,5959636.300782556,2.631635519038207,0.012413959585790302
3.48,schechter,-2,6140410333821.91,0.00614041033382191,63,10,0.15873015873015872,0.03519484333946843,187427313427867.94,92.37390485347575,0.06924099582504298,316.8581022438745,5926939.147505195,2.6006899896193443,0.014528710596694697
3.4899999999999998,schechter,-2,6196451028732.367,0.006196451028732368,135,10,0.07407407407407407,0.03501206531023093,252364510262752.84,32.60272284062497,0.06886351826150523,316.584460552857,5894490.435082389,2.570129840415518,0.006665596579881594
3.5,schechter,-2,6252843571908.518,0.006252843571908517,152,10,0.06578947368421052,0.034830617144588905,140034556229672.3,43.446893294651034,0.06848815194590231,316.3098095444224,5862287.767236518,2.5399504074669417,0.005820265803205501
3.51,schechter,-2,6309589168460.05,0.00630958916846005,100,10,0.1,0.034650487251490336,104088163784038.9,40.11617301524389,0.06811489432186627,316.0341682649715,5830328.775524363,2.510147069913751,0.008697781904541227
3.52,schechter,-2,6366689024134.174,0.006366689024134174,87,10,0.11494252873563218,0.034471693142807736,247828114227341.7,30.799480325811146,0.06774374250617998,315.7575555185979,5798611.1189587405,2.4807152501748555,0.009829247687208177
3.53,schechter,-2,6424144345313.529,0.006424144345313529,94,10,0.10638297872340426,0.034294222128223084,313910249274343.3,53.31884981564762,0.0673746932996273,315.47998987029524,5767132.483642135,2.4516504141037525,0.008944408923619595
3.54,schechter,-2,6481956339014.205,0.006481956339014205,68,10,0.14705882352941177,0.0341180325779501,141014485186151.78,89.51146366800414,0.06700774319758737,315.20148964911607,5735890.582397208,2.4229480711128697,0.012156797238957387
3.55,schechter,-2,6540126212883.659,0.006540126212883659,174,10,0.05747126436781609,0.03394311323168009,106245551738187.83,54.87449437928542,0.06664288840037871,314.9220729500468,5704883.154414197,2.394603774266831,0.0046712820146521585
3.56,schechter,-2,6598655175198.729,0.006598655175198729,79,10,0.12658227848101267,0.03376946997618324,115874983678279.34,47.60482095635908,0.06628012482335588,314.6417576387783,5674107.964892094,2.3666131203680645,0.01011636338145705
3.57,schechter,-2,6657544434863.645,0.006657544434863645,79,10,0.12658227848101267,0.033597105394668314,418817255465947.4,371.6187895894272,0.06591944810676449,314.3605613528081,5643562.804696245,2.338971749994981,0.00994717473414344
3.58,schechter,-2,6716795201407.985,0.006716795201407985,142,10,0.07042253521126761,0.03342597534642422,144006598989355.28,69.83705734974241,0.06556085362535716,314.07850150532244,5613245.49001041,2.3116753475340324,0.005441549519409099
3.59,schechter,-2,6776408684984.753,0.006776408684984753,111,10,0.09009009009009009,0.03325606890103194,92702040901081.83,54.22085665753387,0.0652043364977763,313.79559528774615,5583153.862002588,2.2847196411833095,0.006845116559165146
3.5999999999999996,schechter,-2,6836386096368.35,0.00683638609636835,70,10,0.14285714285714285,0.03308737520193006,110081281399201.72,41.0973632987644,0.06484989159570673,313.5118596723416,5553285.786493722,2.2581004029347485,0.010673516467933065
3.61,schechter,-2,6896728646952.636,0.006896728646952636,81,10,0.12345679012345678,0.03291989722161892,164185592023608.78,68.77550356056182,0.06449751355280299,313.2273114148902,5523639.15362708,2.231813448535287,0.009070502388099819
3.6199999999999997,schechter,-2,6957437548748.967,0.006957437548748967,84,10,0.11904761904761904,0.03275363400903719,133157390404739.28,48.80064225576916,0.06414719677339552,312.9419670580481,5494211.877547617,2.2058546374358285,0.008601161365679828
3.63,schechter,-2,7018514014384.262,0.007018514014384262,51,10,0.19607843137254902,0.032588549255067045,133990744055222.72,25.75056574088264,0.06379893544097907,312.6558429329416,5465001.896084231,2.1802198727086455,0.013931412295812098
3.6399999999999997,schechter,-2,7079959257099.045,0.0070799592570990446,45,10,0.2222222222222222,0.03242463243120475,108972406540245.42,55.424937324451776,0.06345272352648877,312.3689551627867,5436007.170438018,2.154905100962429,0.015527112405074425
3.65,schechter,-2,7141774490745.554,0.007141774490745554,96,10,0.10416666666666667,0.03226187308256223,224671333796486.1,81.70260507944064,0.0631085547963669,312.08131966481307,5407225.684871397,2.12990631222731,0.007157788241961003
3.6599999999999997,schechter,-2,7203960929785.771,0.0072039609297857715,62,10,0.16129032258064516,0.0321002608278389,132419184788193.05,34.891530880606965,0.06276642282042497,311.7929521533738,5378655.446409031,2.105219539835352,0.010899692956222222
3.67,schechter,-2,7266519789289.589,0.0072665197892895885,55,10,0.18181818181818182,0.031939785359285655,335475442949877.56,24.694428634617097,0.062426320979504686,311.5038681421325,5350294.484533614,2.080840860275897,0.012083929171644267
3.6799999999999997,schechter,-2,7329452284932.865,0.007329452284932865,71,10,0.14084507042253522,0.03178045387079731,194400573269077.97,38.71172959261828,0.06208824247294238,311.2140829459885,5322140.850894996,2.0567663930386773,0.009206333729150966
3.69,schechter,-2,7392759632995.523,0.007392759632995524,115,10,0.08695652173913043,0.03162224494397747,282307944312596.44,277.84087320910197,0.06175218032584041,310.92361168538645,5294192.619019311,2.032992300457561,0.005590241782112108
3.6999999999999997,schechter,-2,7456443050359.736,0.0074564430503597364,117,10,0.08547008547008547,0.031465140385905976,168262251445092.84,55.054220525850596,0.061418127396149415,310.6324692863987,5266447.884021641,2.009514787513142,0.005404244862961968
3.71,schechter,-2,7520503754507.992,0.007520503754507992,70,10,0.14285714285714285,0.031309130213031056,164456518904142.16,159.70860186209114,0.06108607638156587,310.3406704849858,5238904.762326913,1.9863301016525055,0.008884323971243072
3.7199999999999998,schechter,-2,7584942963521.284,0.007584942963521284,96,10,0.10416666666666667,0.031154204514764028,216986365373574.56,89.95104687311708,0.06075601982624775,310.0482298283618,5211561.39139034,1.9634345325766653,0.00637179593533787
3.73,schechter,-2,7649761896077.222,0.007649761896077222,105,10,0.09523809523809523,0.03100035345338703,124342469567832.53,39.583341562387005,0.06042795012735299,309.7551616775439,5184415.929424091,1.9408244120258558,0.005730118358453675
3.7399999999999998,schechter,-2,7714961771448.23,0.00771496177144823,108,10,0.09259259259259259,0.03084756726395166,89339485766781.45,63.191231775302995,0.060101859541404255,309.4614802101987,5157466.555130386,1.9184961135572607,0.005479716473017355
3.75,schechter,-2,7780543809499.685,0.007780543809499684,141,10,0.07092198581560284,0.030695836254168385,207599376176073.0,101.96013973282113,0.05977774019048319,309.1671994220234,5130711.467432381,1.8964460523015867,0.004128581382008054
3.76,schechter,-2,7846509230688.116,0.007846509230688116,92,10,0.10869565217391304,0.030545150804290322,48165322279457.84,20.473160935894736,0.059455584068258405,308.87233312962496,5104148.885215932,1.874670684722638,0.006224141171003823
3.77,schechter,-2,7912859256059.377,0.007912859256059376,100,10,0.1,0.030395501366986433,139599660882113.28,27.441281798392396,0.05913538304585055,308.57689497265847,5077777.047071797,1.853166508362382,0.005632792513818226
3.78,schechter,-2,7979595107246.852,0.007979595107246851,63,10,0.15873015873015872,0.030246878467207527,205538965884695.7,63.37710275828156,0.05881712887753789,308.2808984160479,5051594.211037625,1.8319300615770864,0.008795264433800973
3.79,schechter,-2,8046718006469.663,0.008046718006469663,55,10,0.18181818181818182,0.030099272702046154,146459145570937.2,53.64267225691626,0.05850081320630583,307.98435675192707,5025598.654353037,1.8109579232677249,0.009910639342612076
3.8,schechter,-2,8114229176530.841,0.008114229176530841,90,10,0.1111111111111111,0.029952674740586605,119146038894802.75,47.970578065199966,0.058186427569244414,307.68728310189357,4999788.673212268,1.790246712603028,0.005958075276444768
3.81,schechter,-2,8182129840815.637,0.008182129840815637,141,10,0.07092198581560284,0.029807075323750154,366359417196395.56,51.4639787233717,0.05787396340279591,307.38969041891664,4974162.582516595,1.7697930887325675,0.003741301837113765
3.82,schechter,-2,8250421223289.663,0.008250421223289664,71,10,0.14084507042253522,0.029662465264129745,204043147995213.5,78.0470936146046,0.0575634120478575,307.0915914907096,4948718.7156405095,1.7495937505058525,0.007309473781791315
3.83,schechter,-2,8319104548497.187,0.008319104548497186,90,10,0.1111111111111111,0.029518835445821234,198211432881851.47,59.40647353670086,0.057254764754740534,306.792998939187,4923455.424194368,1.729645436160634,0.005673013223293494
3.84,schechter,-2,8388181041559.358,0.008388181041559358,120,10,0.08333333333333333,0.029376176824246314,196295974459805.9,56.465420008563896,0.056948012687991136,306.4939252256297,4898371.077789676,1.7099449230384884,0.004185970368241741
3.8499999999999996,schechter,-2,8457651928172.47,0.00845765192817247,137,10,0.072992700729927,0.029234480425967435,183396871707483.97,34.508400902188015,0.056643146931074334,306.19438264978044,4873464.063811505,1.6904890272622262,0.0036073407575043996
3.86,schechter,-2,8527518434606.228,0.008527518434606227,85,10,0.11764705882352941,0.029093737348498183,216630088544933.3,39.784969360591795,0.056340158490925135,305.8943833541698,4848732.787193777,1.6712746034382395,0.005720426394076188
3.8699999999999997,schechter,-2,8597781787702.024,0.008597781787702024,86,10,0.11627906976744186,0.0289539387601061,280943063100678.94,120.71337824567874,0.05603903830236975,305.59393932451144,4824175.670194775,1.6522985443316067,0.005562854751859279
3.88,schechter,-2,8668443214871.217,0.008668443214871216,116,10,0.08620689655172414,0.02881507589961063,93017352165512.97,52.505011228231126,0.05573977723241955,305.2930623928435,4799791.152178878,1.6335577805536994,0.004057852709746064
3.8899999999999997,schechter,-2,8739503944093.412,0.008739503944093412,79,10,0.12658227848101267,0.02867714007617217,598180920235838.5,99.50621140404482,0.05544236608444147,304.99176423802277,4775577.689400512,1.6150492802316072,0.0058626575239396
3.9,schechter,-2,8810965203914.79,0.008810965203914788,56,10,0.17857142857142858,0.02854012266907957,209311395142180.3,62.522259284735455,0.0551467956022065,304.69005638865207,4751533.754790982,1.5967700486875824,0.00813785947568853
3.9099999999999997,schechter,-2,8882828223446.363,0.008882828223446363,95,10,0.10526315789473684,0.02840401512752655,245385927848706.06,35.551420444680254,0.0548530564738208,304.38795022541655,4727657.837746424,1.5787171281116439,0.0047202005462072
3.92,schechter,-2,8955094232362.36,0.008955094232362359,167,10,0.059880239520958084,0.028268808970387527,180334488415699.22,63.692035852006825,0.054561139335540465,304.0854569808863,4703948.4439248545,1.5608875972205574,0.0026421816353338397
3.9299999999999997,schechter,-2,9027764460898.477,0.009027764460898476,117,10,0.08547008547008547,0.028134495785984592,77085271673204.11,30.440728125805897,0.054271034775474035,303.78258774382607,4680404.095037893,1.54327857093537,0.003711056790647991
3.94,schechter,-2,9100840139850.281,0.009100840139850281,119,10,0.08403361344537816,0.02800106723185014,77810173504370.14,27.291922036024665,0.05398273333717482,303.4793534592776,4657023.328652699,1.525887200037401,0.0035904596702913305
3.9499999999999997,schechter,-2,9174322500571.492,0.009174322500571493,115,10,0.08695652173913043,0.02786851503448451,146561249140244.2,64.90026176492864,0.053696225523125696,303.1757649309778,4633804.697992794,1.508710670833381,0.003656132696765851
3.96,schechter,-2,9248212774972.352,0.009248212774972352,113,10,0.08849557522123894,0.02773683098910895,110099133635604.22,54.27062721275969,0.05341150179811911,302.87183282264164,4610746.771740449,1.49174620481297,0.003661620562968323
3.9699999999999998,schechter,-2,9322512195517.977,0.009322512195517977,81,10,0.12345679012345678,0.027606006959412288,74564349180488.88,36.75367577938767,0.05312855259253501,302.56756766057805,4587848.13384705,1.474991058313432,0.0050269893112187035
3.98,schechter,-2,9397221995226.734,0.009397221995226735,94,10,0.10638297872340426,0.027476034877293776,434191239148662.0,51.353149847586664,0.05284736830551836,302.2629798347753,4565107.3833417045,1.458442522174214,0.004263001872956065
3.9899999999999998,schechter,-2,9472343407668.582,0.009472343407668582,101,10,0.09900990099009901,0.027346928169855622,554008456098858.8,43.61995710289388,0.05256793930805998,301.95807960003617,4542523.13414405,1.4420979213917218,0.0039046483435839123
4.0,schechter,-2,9547877666963.496,0.009547877666963496,111,10,0.09009009009009009,0.027218659368569043,255398121218746.7,166.24259851637942,0.05229025594598198,301.65287707898824,4520094.014880405,1.4259546147827968,0.0034966281923254085
4.01,schechter,-2,9623826007779.805,0.009623826007779805,60,10,0.16666666666666666,0.02709121982248619,157909400018851.03,34.67628902014438,0.052014308542830644,301.34738226295576,4497818.66870036,1.4100099946367843,0.006366481786101282
4.02,schechter,-2,9700189665332.627,0.009700189665332627,94,10,0.10638297872340426,0.026964601710868785,106222831046316.62,46.43472119909815,0.051740087402679,301.0416050126671,4475695.7530969195,1.3942614863672447,0.003999543155393262
4.03,schechter,-2,9776969875382.246,0.009776969875382246,97,10,0.10309278350515463,0.02683879728007188,221930538249881.94,38.32447423475957,0.05146758281284127,300.7355550622354,4453723.939732424,1.3787065481799892,0.0038147242840526167
4.04,schechter,-2,9854167874232.508,0.009854167874232508,71,10,0.14084507042253522,0.026713798843259973,445344539636331.6,42.97735878894984,0.05119678504650158,300.4292420181883,4431901.9142613495,1.3633426707164396,0.005129586177457998
4.05,schechter,-2,9931784898729.31,0.00993178489872931,88,10,0.11363636363636363,0.026589598780117574,167944451782886.22,90.97846903831932,0.05092768436525858,300.12267536269184,4410228.376158676,1.348167376717906,0.004073548822201448
4.06,schechter,-2,10009822186258.916,0.010009822186258916,145,10,0.06896551724137931,0.026466215796538073,124813226669638.2,70.22335140939435,0.05066027102158882,299.81586445419225,4388702.038552683,1.3331782206790779,0.002433391895430147
4.07,schechter,-2,10088280974746.49,0.01008828097474649,82,10,0.12195121951219512,0.02634362135322177,399435009044239.9,103.95486106088283,0.05039453526123035,299.50881852983395,4367321.6280537555,1.318372788508324,0.004235452871079806
4.08,schechter,-2,10167162502654.441,0.010167162502654441,91,10,0.10989010989010989,0.02622180377022354,87168539495049.58,40.14724456497223,0.05013046732548883,299.20154670585447,4346085.884590511,1.3037486971813101,0.0037567739014475717
4.09,schechter,-2,10246468008980.988,0.010246468008980988,115,10,0.08695652173913043,0.02610075566910286,295416386235795.44,41.97578944350674,0.049868057453468215,298.89405797973916,4324993.5612532655,1.289303594404969,0.002926243313118277
4.1,schechter,-2,10326198733258.475,0.010326198733258475,116,10,0.08620689655172414,0.025980469736674117,186602716354295.94,25.407637108253994,0.04960729588422757,298.58636123152104,4304043.424121051,1.2750351582731225,0.0028556907191991687
4.109999999999999,schechter,-2,10406355915551.965,0.010406355915551965,63,10,0.15873015873015872,0.025860954259625535,173049905164576.4,36.34290298323145,0.04934817285886632,298.27846522583684,4283234.252119073,1.2609410969350192,0.005176053973320409
4.12,schechter,-2,10486940796457.604,0.010486940796457603,74,10,0.13513513513513514,0.025742207892433644,202773491585220.4,41.41366432036738,0.04909067862253967,297.97037861209145,4262564.836847282,1.2470191482478703,0.004337976508113812
4.13,schechter,-2,10567954617101.135,0.010567954617101135,129,10,0.07751937984496124,0.025624202990728873,124834337063303.08,29.288856557918887,0.04883480342640599,297.66210992651435,4242033.982438276,1.233267079447065,0.0024497275957779028
4.14,schechter,-2,10649398619136.422,0.010649398619136422,84,10,0.11904761904761904,0.025506932479028355,352823274627334.0,40.07070140926929,0.04858053752950762,297.35366759431446,4221640.505400525,1.219682686813189,0.003703614754569511
4.1499999999999995,schechter,-2,10731274044743.863,0.010731274044743864,104,10,0.09615384615384616,0.02539038934574467,288319075458258.6,59.38302733207654,0.04832787120058748,297.04505992968006,4201383.234468503,1.206263795333193,0.00294495263626783
4.16,schechter,-2,10813582136628.953,0.010813582136628953,54,10,0.18518518518518517,0.025274601126966445,576924212573788.2,175.09204951337787,0.04807679471984265,296.7362951379175,4181261.010457904,1.193008258373111,0.0055838533095476485
4.17,schechter,-2,10896324138020.732,0.010896324138020733,74,10,0.13513513513513514,0.025159533816610624,134405285391937.33,42.911756492186385,0.04782729838061681,296.42738131684916,4161272.6861168793,1.1799139573477297,0.004011633123051497
4.18,schechter,-2,10979501292670.34,0.01097950129267034,63,10,0.15873015873015872,0.025045173979464486,291590629012837.9,34.87961583453899,0.0475793724910331,296.1183264578829,4141417.125983926,1.1669788013922102,0.00463923604939918
4.1899999999999995,schechter,-2,11063114844849.521,0.01106311484484952,71,10,0.14084507042253522,0.02493151483710887,108118899645139.55,40.09289373733186,0.04733300737556878,295.8091384470484,4121693.2062488887,1.1542007270359331,0.0040529538804363685
4.2,schechter,-2,11147166039349.14,0.01114716603934914,110,10,0.09090909090909091,0.024818584743187433,307559149044116.5,27.052972747362553,0.04708819337657378,295.49982506700377,4102099.814607074,1.1415776978797387,0.0025756675305237376
4.21,schechter,-2,11231656121477.7,0.011231656121477699,75,10,0.13333333333333333,0.024706352539094145,254629870524428.6,27.08904869675777,0.04684492085573398,295.1903939977269,4082635.850129579,1.1291077042741173,0.00371948439952048
4.22,schechter,-2,11316586337059.912,0.011316586337059913,37,10,0.2702702702702703,0.02459480174207329,241101570185108.75,54.72361076056809,0.046603180195481396,294.8808528182096,4063300.22312007,1.116788762999207,0.007423567084794805
4.2299999999999995,schechter,-2,11401957932435.238,0.011401957932435237,168,10,0.05952380952380952,0.024483930329311843,244518531116577.1,54.233821350356855,0.0463629618003518,294.57120900683566,4044091.8549862206,1.104618916945579,0.0016098459882699675
4.24,schechter,-2,11487772154456.4,0.011487772154456401,134,10,0.07462686567164178,0.02437377127079754,272694833435226.94,84.72828496525528,0.046124256098292224,294.2614699438489,4025009.6781047075,1.0925962348029898,0.001987364978986767
4.25,schechter,-2,11574030250487.98,0.01157403025048798,86,10,0.11627906976744186,0.024264274775615435,270550151408905.8,82.06068129541782,0.04588705354191895,293.95164291169806,4006052.635690871,1.0807188107442183,0.0030491695557062844
4.26,schechter,-2,11660733468404.96,0.01166073346840496,116,10,0.08620689655172414,0.024155434459947833,51853113723821.67,19.314102826195292,0.04565134460972769,293.6417350963697,3987219.681670151,1.068984764115097,0.0022260165007125018
4.27,schechter,-2,11747883056591.328,0.011747883056591328,75,10,0.13333333333333333,0.024047279466547056,205360315612314.7,45.494292179714186,0.04541711980725716,293.3317535886875,3968509.7805564064,1.0573922391282182,0.003390320890676562
4.28,schechter,-2,11835480263938.625,0.011835480263938625,99,10,0.10101010101010101,0.02393978439329769,168165734886280.62,49.7891333396255,0.0451843696682072,293.02170538564457,3949921.907314913,1.045939404554662,0.0025292488720699774
4.29,schechter,-2,11923526339844.51,0.01192352633984451,76,10,0.13157894736842105,0.02383292725879982,547248059174823.8,41.54832030404881,0.04495308475551311,292.7115973908481,3931455.0472522303,1.03462445342183,0.003244490702444473
4.3,schechter,-2,12012022534211.373,0.012012022534211374,79,10,0.12658227848101267,0.023726729449736528,228767787526175.9,16.5168498664908,0.04472325566237682,292.4014364169205,3913108.1958865277,1.023445602715164,0.0030737996103981304
4.31,schechter,-2,12100970097444.973,0.012100970097444973,104,10,0.09615384615384616,0.023621184073232104,150789975248076.03,46.054034155671935,0.044494873013256726,292.0912291853022,3894880.358826569,1.0124010930751002,0.0022994339014873392
4.32,schechter,-2,12190370280452.977,0.012190370280452976,81,10,0.12345679012345678,0.023516258828086944,346910685011572.6,38.16592864882604,0.044267927464816684,291.7809823276502,3876770.551660913,1.0014891885046244,0.0029075653049883336
4.33,schechter,-2,12280224334643.592,0.012280224334643592,72,10,0.1388888888888889,0.023411976558510683,128454748296895.75,37.60487412002079,0.04404240970683595,291.4707023882556,3858777.7998315697,0.9907081760784172,0.003221449527037886
4.34,schechter,-2,12370533511924.176,0.012370533511924176,83,10,0.12048192771084337,0.02330833029869861,170909073037921.22,33.082413280148664,0.04381831046308065,291.16039582282684,3840901.138524533,0.9800563656461713,0.0027522262026292888
4.35,schechter,-2,12461299064699.879,0.01246129906469988,115,10,0.08695652173913043,0.023205286791530555,223375195054075.25,40.87226741283602,0.043595620492138186,290.85006900176296,3823139.612554538,0.9695320895521201,0.001956371321012942
4.36,schechter,-2,12552522245872.264,0.012552522245872264,102,10,0.09803921568627451,0.02310287912694753,210832577731356.38,24.228025392781063,0.04337433058821551,290.53972820941345,3805492.276251821,0.9591337023437363,0.002172426469787158
4.37,schechter,-2,12644204308837.898,0.012644204308837899,72,10,0.1388888888888889,0.02300108253866051,120095122109621.03,42.79566766550853,0.0431544315819022,290.2293796465951,3787958.1933524255,0.9488595804946791,0.0030312218789662363
4.38,schechter,-2,12736346507487.078,0.012736346507487077,104,10,0.09615384615384616,0.02289987174808361,468060137675581.7,94.6614338796305,0.042935914340899516,289.91902943062473,3770536.4368874063,0.9387081221215124,0.0020669515005256774
4.39,schechter,-2,12828950096202.402,0.012828950096202402,74,10,0.13513513513513514,0.02279929846422124,150015958354082.34,40.82651485103671,0.04271876977071631,289.60868359686583,3753226.089076467,0.928677746708975,0.002861243395175456
4.3999999999999995,schechter,-2,12922016329857.455,0.012922016329857455,103,10,0.0970873786407767,0.022699303226303424,256322647186449.3,41.20338197432975,0.0425029888153329,289.2983480991888,3736026.2412209357,0.9187668948339455,0.002024793042730578
4.41,schechter,-2,13015546463815.44,0.01301554646381544,53,10,0.18867924528301888,0.02259989850323041,149507641370838.34,33.15353060334441,0.04228856245783335,288.98802881182996,3718935.9935974055,0.908974027896497,0.003875985051421388
4.42,schechter,-2,13109541753927.89,0.013109541753927891,97,10,0.10309278350515463,0.02250109883186746,185874228080772.88,29.91530613145135,0.042075481721007855,288.67773152924354,3701954.455356704,0.899297627848303,0.0020861015261318173
4.43,schechter,-2,13204003456533.3,0.013204003456533301,147,10,0.06802721088435375,0.022402857735721815,554819711939167.2,32.484385988062726,0.041863737667925324,288.36746196768075,3685080.744418201,0.8897361969278762,0.0013559614586460802
4.4399999999999995,schechter,-2,13298932828455.82,0.01329893282845582,66,10,0.15151515151515152,0.022305223192051638,224529243644531.22,45.69716264888469,0.041653321402477496,288.0572257671309,3668313.9873721073,0.8802882574012176,0.0029750039476782366
4.45,schechter,-2,13394331127003.91,0.01339433112700391,122,10,0.08196721311475409,0.022208147419270574,330883923927335.8,31.626978236681236,0.041444224069895445,287.7470284898904,3651653.319377335,0.8709523512934784,0.0015854293616955654
4.46,schechter,-2,13490199609969.08,0.01349019960996908,92,10,0.10869565217391304,0.02211164135799948,358480629955607.9,59.24823193773435,0.041236436857238865,287.4368756234413,3635097.884063798,0.8617270401375026,0.0020711086152185735
4.47,schechter,-2,13586539535624.523,0.013586539535624524,82,10,0.12195121951219512,0.022015711616482747,203689280464587.47,33.818000532354226,0.04102995099385941,287.12677258117526,3618646.833436934,0.852610904718642,0.002289126316994399
4.4799999999999995,schechter,-2,13683352162723.87,0.013683352162723868,111,10,0.09009009009009009,0.021920318804028338,266374005391310.25,52.40318276556478,0.04082475775183858,286.8167247020479,3602299.327779113,0.8436025448182023,0.0016659492546220358
4.49,schechter,-2,13780638750499.852,0.013780638750499851,140,10,0.07142857142857142,0.02182551606535854,185011426727910.34,29.153710256687173,0.04062084844640118,286.5067372531123,3586054.5355572705,0.8347005789694546,0.0013012693497187074
4.5,schechter,-2,13878400558663.04,0.013878400558663039,93,10,0.10752688172043011,0.021731235660768955,134400617315108.16,18.328829589531555,0.04041821443630461,286.1968154290583,3569911.633328093,0.8259036442066315,0.0019298824435851813
4.51,schechter,-2,13976638847400.525,0.013976638847400526,75,10,0.13333333333333333,0.02163752692501908,490180404984696.0,51.78080605245375,0.04021684712420523,285.886964353989,3553869.805647869,0.81721039582412,0.0023576549257399862
4.52,schechter,-2,14075354877374.69,0.01407535487737469,91,10,0.10989010989010989,0.02154434480719114,285767350275495.7,30.007045251350696,0.04001673795700224,285.57718908171717,3537928.2449801154,0.8086195071332757,0.0019144151076373897
4.53,schechter,-2,14174549909721.916,0.014174549909721916,79,10,0.12658227848101267,0.021451710774664345,124324916303090.97,43.161851760769416,0.03981787842615967,285.2674945967682,3522086.15160432,0.8001296692240575,0.002172677246382574
4.54,schechter,-2,14274225206051.29,0.014274225206051289,122,10,0.08196721311475409,0.02135960859602204,446548986549892.9,75.6887754037428,0.03962026006800758,284.95788581577887,3506342.7335315645,0.7917395907317876,0.0013861678498365295
4.55,schechter,-2,14374382028443.373,0.014374382028443372,64,10,0.15625,0.02126803461239879,180057755477589.1,49.13933527204726,0.0394238744640223,284.6483675870528,3490697.2064130404,0.7834479975995836,0.0026034998640566357
4.56,schechter,-2,14475021639448.957,0.014475021639448957,88,10,0.11363636363636363,0.021176994284056616,242776299135871.3,42.57840750250899,0.03922871324108732,284.338944692765,3475148.7934561176,0.7752536328524072,0.0018656297445010857
4.57,schechter,-2,14576145302087.752,0.014576145302087753,119,10,0.08403361344537816,0.021086465853930925,327100217066682.75,49.52207915965408,0.03903476807173469,284.0296218489947,3459696.7253384124,0.76715525636702,0.0013593775729451086
4.58,schechter,-2,14677754279847.23,0.01467775427984723,61,10,0.16393442622950818,0.020996469544262153,150315924257739.3,37.68396317309195,0.03884203067436807,283.7204037065476,3444340.2401227453,0.7591516446468303,0.0026130335059514256
4.59,schechter,-2,14779849836681.314,0.014779849836681314,64,10,0.15625,0.020906972331151352,196940609464823.62,61.55943849108678,0.0386504928134673,283.41129485194335,3429078.583176759,0.7512415906006324,0.0024540917419839927
4.6,schechter,-2,14882433237009.16,0.01488243323700916,81,10,0.12345679012345678,0.020818002464299767,80442729438857.4,21.641483569299698,0.038460146299776024,283.1022998083364,3413911.0070874332,0.7434239033224502,0.001910691438442731
4.61,schechter,-2,14985505745713.973,0.014985505745713973,66,10,0.15151515151515152,0.020729522290591773,128198022331984.58,40.92630885769712,0.03827098299047199,282.7934230358778,3398836.7715838132,0.7356974078741216,0.0023107054266147263
4.62,schechter,-2,15089068628141.707,0.015089068628141708,61,10,0.16393442622950818,0.020641561544927023,464392465157772.8,40.62532419416833,0.038082994789321374,282.48466893271905,3383855.1434541843,0.7280609450707884,0.002463658164940395
4.63,schechter,-2,15193123150099.902,0.015193123150099902,178,10,0.056179775280898875,0.02055408439177242,224630538185375.44,53.75128892123796,0.03789617364681675,282.17604183568625,3368965.396468138,0.7205133712689652,0.0008319939684529643
4.64,schechter,-2,15297670577856.479,0.015297670577856479,92,10,0.10869565217391304,0.020467115698295624,133534560985673.25,30.849282089236688,0.03771051156030021,281.86754602110256,3354166.8113015178,0.713053558157987,0.0015863206167283572
4.6499999999999995,schechter,-2,15402712178138.486,0.015402712178138486,121,10,0.08264462809917356,0.0203806277054408,267666771105377.7,59.81083013930625,0.03752600057407135,281.55918570572607,3339458.6754533774,0.7056803925523902,0.0011886123437718666
4.66,schechter,-2,15508249218130.936,0.015508249218130935,47,10,0.2127659574468085,0.02029463424613709,155698713643337.3,40.24426905060538,0.03734263277948092,281.250965046651,3324840.2831766997,0.6983927761869815,0.003015665096352993
4.67,schechter,-2,15614282965475.547,0.015614282965475547,124,10,0.08064516129032258,0.020209121711703082,255643060948272.3,71.13623328128051,0.037160400315010805,280.9428881431993,3310310.935399574,0.6911896255172175,0.001126478650640639
4.68,schechter,-2,15720814688269.672,0.015720814688269674,88,10,0.11363636363636363,0.020124086917849615,241423509555145.3,75.81726804963269,0.036979295366340204,280.6349590369209,3295869.9396521407,0.6840698715183557,0.0015643501763997285
4.6899999999999995,schechter,-2,15827845655064.979,0.015827845655064978,172,10,0.05813953488372093,0.02003953629805788,243417532866303.4,70.92522125168117,0.03679931016639911,280.3271817115935,3281516.609994206,0.6770324594871446,0.0007888032876079091
4.7,schechter,-2,15935377134866.344,0.015935377134866344,114,10,0.08771929824561403,0.019955443848484355,338867472350656.4,61.814831373728566,0.036620436995409095,280.01956009624945,3267250.26694219,0.6700763488529986,0.0011729535924327567
4.71,schechter,-2,16043410397130.658,0.01604341039713066,73,10,0.136986301369863,0.019871841757332698,365898497593374.9,46.453726719187564,0.03644266818091213,279.7120980626589,3253070.2373980703,0.6632005129784062,0.0018053446092176379
4.72,schechter,-2,16151946711765.646,0.016151946711765647,140,10,0.07142857142857142,0.01978867756902314,297042300997745.06,97.24387799916965,0.03626599609778732,279.4047994288996,3238975.8545814385,0.6564039389769437,0.000927811850246534
4.7299999999999995,schechter,-2,16260987349128.695,0.016260987349128696,72,10,0.1388888888888889,0.01970600878552653,256810999730657.9,28.281080138334893,0.03609041316825672,279.0976679580733,3224966.457955114,0.6496856275205409,0.0017781542616319577
4.74,schechter,-2,16370533580025.752,0.016370533580025753,85,10,0.11764705882352941,0.01962377426956774,464025744989050.6,60.935663323351186,0.03591591186187994,278.790707360231,3211041.393161196,0.6430445926587456,0.0014845837566589833
4.75,schechter,-2,16480586675710.043,0.016480586675710042,115,10,0.08695652173913043,0.019542008479565554,137503436173416.1,18.592649876533883,0.035742484695538375,278.48392129166535,3197200.011952672,0.6364798616330988,0.0010815734654875415
4.76,schechter,-2,16591147907881.035,0.016591147907881035,97,10,0.10309278350515463,0.019460690622488785,230169438904652.9,33.544933694681724,0.035570124233408995,278.17731335721345,3183441.672123255,0.6299904747003322,0.0012639226518822693
4.77,schechter,-2,16702218548683.285,0.016702218548683284,82,10,0.12195121951219512,0.019379812334972324,442882784784887.06,58.10097464810025,0.03539882308692853,277.8708871094675,3169765.737445429,0.6235754849522296,0.001473753155495557
4.78,schechter,-2,16813799870705.203,0.016813799870705203,79,10,0.12658227848101267,0.019299398279845614,318843798452779.25,40.70237872644831,0.03522857391474806,277.5646460499757,3156171.577604061,0.6172339581413423,0.001507878986077889
4.79,schechter,-2,16925893146977.98,0.01692589314697798,183,10,0.0546448087431694,0.019219403160305237,537161782010321.3,73.21949766060709,0.0350593694226785,277.2585936303111,3142658.568130008,0.6109649725084777,0.0006416602253259693
4.8,schechter,-2,17038499650974.465,0.017038499650974464,116,10,0.08620689655172414,0.019139869289349187,277952622895109.56,33.06992763401435,0.034891202363627125,276.95273325129904,3129226.0903392765,0.6047676186093092,0.0009978597560873412
4.81,schechter,-2,17151620656608.031,0.01715162065660803,139,10,0.07194244604316546,0.019060759838158248,186207718662693.7,38.73566732005257,0.034724065537525745,276.64706826551696,3115873.5312690753,0.5986409991497099,0.0008209030441775336
4.82,schechter,-2,17265257438231.414,0.017265257438231416,100,10,0.1,0.01898207609182867,167374674413424.97,54.50441376989721,0.03455795179125056,276.3416019763901,3102600.2836156418,0.592584228815977,0.0011248478922202489
4.83,schechter,-2,17379411270635.627,0.017379411270635626,117,10,0.08547008547008547,0.018903839821731938,186831072654249.56,31.59283046055483,0.03439285401853435,276.03633763901365,3089405.7456736234,0.5865964341112535,0.000947771370122929
4.84,schechter,-2,17494083429048.834,0.017494083429048835,58,10,0.1724137931034483,0.01882600946934765,305069037378906.6,36.68972863234875,0.034228765159870625,275.73127846138686,3076289.321274794,0.5806767531946838,0.0018847975955643389
4.85,schechter,-2,17609275189135.227,0.017609275189135225,77,10,0.12987012987012986,0.018748616097131743,176142315541729.62,52.31624426655818,0.034065678202410896,275.4264276047416,3063250.419728769,0.5748243357210044,0.001399631271911933
4.86,schechter,-2,17724987826993.992,0.01772498782699399,86,10,0.11627906976744186,0.01867164129785459,207500168826049.3,32.761441408695234,0.03390358617985464,275.12178818357563,3050288.455764161,0.569038342681619,0.001235451141776378
4.87,schechter,-2,17841222619158.11,0.01784122261915811,119,10,0.08403361344537816,0.01859506493766716,174052713223111.12,36.050241988316486,0.033742482172332715,274.8173632665901,3037402.8494712934,0.5633179462498503,0.0008802465370646443
4.88,schechter,-2,17957980842593.3,0.0179579808425933,90,10,0.1111111111111111,0.018518930671237777,154384906522103.25,34.49736955546593,0.03358235930628393,274.513155877726,3024593.026241584,0.5576623296276744,0.0011474788911484276
4.89,schechter,-2,18075263774696.957,0.018075263774696957,71,10,0.14084507042253522,0.018443192527488828,133911007842095.58,38.02795917302582,0.03342321075432565,274.209168995588,3011858.4167142524,0.5520706868924581,0.0014340768967803675
4.8999999999999995,schechter,-2,18193072693297.043,0.018193072693297042,121,10,0.08264462809917356,0.01836785150043596,292372685511522.1,36.26789601131602,0.03326502973511832,273.90540555484347,2999198.4567176998,0.5465422228486717,0.000829653420496081
4.91,schechter,-2,18311408876650.984,0.018311408876650986,115,10,0.08695652173913043,0.018292939664314334,355460059160014.1,68.65529866221001,0.033107809513224104,273.60186844699473,2986612.5872155535,0.5410761528810235,0.0008606846450827723
4.92,schechter,-2,18430273603444.6,0.0184302736034446,86,10,0.11627906976744186,0.01821841375822797,346208671314331.8,91.10088562919519,0.032951543398960184,273.2985605199521,2974100.254251155,0.5356717028068002,0.0011347777581754432
4.93,schechter,-2,18549668152791.094,0.018549668152791094,39,10,0.2564102564102564,0.01814428079225472,205576694037898.06,45.37427630541448,0.032796224748246505,272.99548457890535,2961660.908893382,0.5303281087329219,0.002467287722275776
4.9399999999999995,schechter,-2,18669593804229.88,0.01866959380422988,112,10,0.08928571428571429,0.018070564358060315,226955997035491.44,38.55204245179791,0.03264184696244863,272.6926433874258,2949294.0071838005,0.5250446169154764,0.0008471296911450215
4.95,schechter,-2,18790051837725.598,0.0187900518377256,109,10,0.09174311926605505,0.017997226668447053,464636955050585.5,47.109759930502705,0.03248840348821557,272.39003966736794,2936999.0100829303,0.5198204836185463,0.0008582868872096097
4.96,schechter,-2,18911043533667.008,0.01891104353366701,100,10,0.1,0.017924272223195148,345768278500179.4,46.62331942906937,0.03233588781731316,272.0876760993133,2924775.38341962,0.5146549749764738,0.0009224815872500004
4.97,schechter,-2,19032570172865.945,0.019032570172865946,67,10,0.14925373134328357,0.01785172745815089,194039350384924.0,36.32892941504391,0.032184293486452624,271.7855553235575,2912622.597837311,0.5095473668583596,0.0013576568239065466
4.9799999999999995,schechter,-2,19154633036556.312,0.01915463303655631,79,10,0.12658227848101267,0.017779554359487082,87925306984645.78,18.998065015924663,0.03203361407711513,271.48367994006105,2900540.12874541,0.5044969447332426,0.0011354089687442832
4.99,schechter,-2,19277233406392.965,0.019277233406392966,94,10,0.10638297872340426,0.017707750856629345,113165433001303.58,36.576672265610256,0.03188384321537219,271.18205250953486,2888527.4562673313,0.4995030035385646,0.0009409653977445689
