z,luminosity_function,alpha_intrinsic,L_min_Jy_kpc2,L_min_over_L_star,n_generated,n_detected,detection_rate_10_per_n,N_ratio_detectable_L,mean_detected_L,mean_SNR,SFR_psi,comoving_volume_Mpc3,time_Gyr,nfrb_sfr_base,n_total_population_scaled
0.01,std,-2,10000000000.0,1e-05,11,10,0.9090909090909091,1.0,100000000000000.0,60327534.87781562,0.015366633837018974,0.06836668225418817,137678720.05218962,0.002892811018737869,0.002629828198852608
0.02,std,-2,10000000000.0,1e-05,13,10,0.7692307692307693,1.0,100000000000000.0,15927258.474247778,0.015778461234561884,0.2555171396516723,135706863.92550436,0.010942498466688511,0.008417306512837317
0.03,std,-2,10000000000.0,1e-05,13,10,0.7692307692307693,1.0,100000000000000.0,3841171.355998079,0.016197006898133106,0.5633285179765238,133769703.76805276,0.024410926646532115,0.018777635881947783
0.04,std,-2,10000000000.0,1e-05,12,10,0.8333333333333334,1.0,100000000000000.0,4039807.1978293955,0.0166223021408091,0.9883719939847542,131866423.28089881,0.043328716600221806,0.03610726383351817
0.05,std,-2,10000000000.0,1e-05,10,10,1.0,1.0,100000000000000.0,403862.77763124305,0.01705437728000787,1.5272301695980777,129996236.70924087,0.06771753434453925,0.06771753434453925
0.060000000000000005,std,-2,10000000000.0,1e-05,15,10,0.6666666666666666,1.0,100000000000000.0,1698337.462175433,0.017493261604641853,2.176500216039878,128158387.20751494,0.09759027338253591,0.06506018225502394
0.06999999999999999,std,-2,10000000000.0,1e-05,13,10,0.7692307692307693,1.0,100000000000000.0,551883.7760514786,0.017938983341287663,2.932796913637742,126352145.30294725,0.13295125245481484,0.10227019419601142
0.08,std,-2,10000000000.0,1e-05,11,10,0.9090909090909091,1.0,100000000000000.0,312827.7654575746,0.018391569619367408,3.7927555830319446,124576807.45144194,0.17379642726111413,0.1579967520555583
0.09,std,-2,10000000000.0,1e-05,18,10,0.5555555555555556,1.0,100000000000000.0,316045.9827967869,0.018851046435337065,4.753034904018249,122831694.67989907,0.22011361488155087,0.1222853416008616
0.09999999999999999,std,-2,10000000000.0,1e-05,10,10,1.0,1.0,100000000000000.0,489106.91282929695,0.019317438615878545,5.810319618849209,121116151.30983643,0.27188272963791293,0.27188272963791293
0.11,std,-2,10000000000.0,1e-05,16,10,0.625,1.0,100000000000000.0,222403.69045253,0.019790769780093035,6.9613231172468595,119429543.75708403,0.32907602914440875,0.20567251821525548
0.12,std,-2,10000000000.0,1e-05,17,10,0.5882352941176471,1.0,100000000000000.0,98071.74750040477,0.020271062300694323,8.202789901020203,117771259.40308331,0.3916583693233023,0.23038727607253076
0.13,std,-2,10000000000.0,1e-05,10,10,1.0,1.0,100000000000000.0,281346.9222916839,0.02075833726420218,9.531497926489198,116140705.53330435,0.4595874671762785,0.4595874671762785
0.14,std,-2,10000000000.0,1e-05,12,10,0.8333333333333334,1.0,100000000000000.0,175267.6442283059,0.021252614430137,10.944260823585125,114537308.33873443,0.5328141701407297,0.4440118084506081
0.15000000000000002,std,-2,10000000000.0,1e-05,10,10,1.0,1.0,100000000000000.0,142803.45638625743,0.021753912189218152,12.437929990793608,112960511.97664525,0.6112827308861188,0.6112827308861188
0.16,std,-2,10000000000.0,1e-05,12,10,0.8333333333333334,1.0,100000000000000.0,180212.30194709555,0.02226224752057046,14.009396565655637,111409777.68701176,0.6949310864478275,0.579109238706523
0.17,std,-2,10000000000.0,1e-05,13,10,0.7692307692307693,1.0,100000000000000.0,167623.95276366296,0.02277763594794393,15.655593270914487,109884582.96125181,0.7836911406346658,0.602839338949743
0.18000000000000002,std,-2,10000000000.0,1e-05,15,10,0.6666666666666666,1.0,100000000000000.0,28832.636974515062,0.023300091494954225,17.373496136713786,108384420.7601139,0.8774890486856345,0.5849926991237563
0.19,std,-2,10000000000.0,1e-05,13,10,0.7692307692307693,1.0,100000000000000.0,12859.32680605498,0.023829626639352574,19.160126099790123,106908798.77780546,0.9762455032061863,0.7509580793893741
0.2,std,-2,10000000000.0,1e-05,14,10,0.7142857142857143,1.0,100000000000000.0,157718.62349752514,0.024366252266335785,21.01255048087325,105457238.74949963,1.079876020457603,0.7713400146125736
0.21000000000000002,std,-2,10000000000.0,1e-05,13,10,0.7692307692307693,1.0,100000000000000.0,144966.89604232434,0.02490997762090884,22.927884341670474,104029275.79969656,1.1882912261156855,0.9140701739351428
0.22,std,-2,10000000000.0,1e-05,15,10,0.6666666666666666,1.0,100000000000000.0,30379.404077149367,0.025460810259314456,24.90329172344699,102624457.82893437,1.301397139681867,0.8675980931212447
0.23,std,-2,10000000000.0,1e-05,23,10,0.43478260869565216,1.0,100000000000000.0,35139.89010128529,0.026018755999546127,26.935986769169414,101242344.93655138,1.4190954567657545,0.6169980246807628
0.24000000000000002,std,-2,10000000000.0,1e-05,12,10,0.8333333333333334,1.0,100000000000000.0,36262.07571479536,0.02658381887096318,29.02323473167051,99882508.87732875,1.5412838285225143,1.2844031904354287
0.25,std,-2,10000000000.0,1e-05,11,10,0.9090909090909091,1.0,100000000000000.0,39153.022892611174,0.027156001063028613,31.162352870313722,98544532.5499974,1.6678561375706498,1.5162328523369544
0.26,std,-2,10000000000.0,1e-05,11,10,0.9090909090909091,1.0,100000000000000.0,50626.33072263464,0.02773530287319293,33.350711239099965,97228009.51565525,1.7987027697808913,1.6351843361644465
0.27,std,-2,10000000000.0,1e-05,14,10,0.7142857142857143,1.0,100000000000000.0,25525.908511130914,0.0283217226539493,35.585733368931194,95932543.54423486,1.933710881356311,1.3812220581116508
0.28,std,-2,10000000000.0,1e-05,11,10,0.9090909090909091,1.0,100000000000000.0,37556.465083703384,0.028915256759088154,37.864896847574464,94657748.18751705,2.0727646607155457,1.884331509741405
0.29000000000000004,std,-2,10000000000.0,1e-05,10,10,1.0,1.0,100000000000000.0,16531.874273465146,0.029515899489181725,40.18573380024143,93403246.37677355,2.2157455846909775,2.2157455846909775
0.3,std,-2,10000000000.0,1e-05,13,10,0.7692307692307693,1.0,100000000000000.0,21010.591828722107,0.03012364303633178,42.54583127423544,92168670.04385954,2.362532668637145,1.8173328220285732
0.31,std,-2,10000000000.0,1e-05,11,10,0.9090909090909091,1.0,100000000000000.0,16520.248811731763,0.030738477428216556,44.94283153155673,90953659.76403436,2.5130027100992303,2.2845479182720276
0.32,std,-2,10000000000.0,1e-05,14,10,0.7142857142857143,1.0,100000000000000.0,12651.036771508887,0.03136039047147566,47.37443225227277,89757864.41943079,2.6670305256856857,1.9050218040612041
0.33,std,-2,10000000000.0,1e-05,12,10,0.8333333333333334,1.0,100000000000000.0,4056.0592388247023,0.031989367694474906,49.83838665323072,88580940.88171776,2.8244891809180994,2.3537409840984163
0.34,std,-2,10000000000.0,1e-05,14,10,0.7142857142857143,1.0,100000000000000.0,9781.899949328526,0.032625392289495694,52.33250352504088,87422553.71285346,2.985250212787072,2.1323215805621945
0.35000000000000003,std,-2,10000000000.0,1e-05,13,10,0.7692307692307693,1.0,100000000000000.0,14941.997712708844,0.03326844505439697,54.85464719139996,86282374.8828454,3.1491838448452767,2.4224491114194437
0.36000000000000004,std,-2,10000000000.0,1e-05,16,10,0.625,1.0,100000000000000.0,18127.3537740871,0.03391850433380093,57.40273739452423,85160083.50335014,3.3161591946861346,2.0725994966788344
0.37,std,-2,10000000000.0,1e-05,12,10,0.8333333333333334,1.0,100000000000000.0,14919.047299777118,0.03457554595985672,59.97474911009358,84055365.5762477,3.4860444736803364,2.9050370614002805
0.38,std,-2,10000000000.0,1e-05,13,10,0.7692307692307693,1.0,100000000000000.0,19692.26123408662,0.035239543192639965,62.56871229597557,82967913.75619605,3.6587071789225734,2.8143901376327487
0.39,std,-2,10000000000.0,1e-05,14,10,0.7142857142857143,1.0,100000000000000.0,32014.468446643186,0.03591046666024937,65.18271157776786,81897427.12626469,3.8340142773053714,2.738581626646694
0.4,std,-2,10000000000.0,1e-05,15,10,0.6666666666666666,1.0,100000000000000.0,2024.7534541366447,0.03658828429866464,67.81488587546531,80843610.98588744,4.011832381747273,2.6745549211648485
0.41000000000000003,std,-2,10045500658.245142,1.0045500658245142e-05,13,10,0.7692307692307693,1.0,100000000000000.0,6694.01933008894,0.03727296129143468,70.46342797408056,79806176.65031886,4.192027919544454,3.224636861188042
0.42000000000000004,std,-2,10710653046.576368,1.0710653046576369e-05,11,10,0.9090909090909091,1.0,100000000000000.0,4948.48023282768,0.037964460009266905,73.12658404272567,78784841.26087493,4.3744672929452335,3.97678844813203
0.43,std,-2,11405108652.854187,1.1405108652854187e-05,13,10,0.7692307692307693,1.0,100000000000000.0,11492.981527016806,0.038662739949594106,75.80265310479898,77779327.60525452,4.5590170319651095,3.5069361784347
0.44,std,-2,12129579416.954014,1.2129579416954014e-05,15,10,0.6666666666666666,1.0,100000000000000.0,13791.365942234595,0.03936775767619714,78.48998646311264,76789363.94735558,4.745543939561027,3.163695959707351
0.45,std,-2,12884782074.22531,1.2884782074225309e-05,14,10,0.7142857142857143,1.0,100000000000000.0,12034.132730162095,0.04007946675896711,81.18698708308052,75814683.86589663,4.933915229259325,3.524225163756661
0.46,std,-2,13671438063.877775,1.3671438063877775e-05,14,10,0.7142857142857143,1.0,100000000000000.0,12112.568826265742,0.04079781771389325,83.89210893752924,74855026.10136408,5.123998655392081,3.6599990395657724
0.47000000000000003,std,-2,14490273439.442505,1.4490273439442504e-05,14,10,0.7142857142857143,1.0,100000000000000.0,6016.069092766181,0.04152275794336715,86.60385631590069,73910134.4107027,5.315662636063585,3.7969018829025605
0.48000000000000004,std,-2,15342018781.297049,1.5342018781297047e-05,20,10,0.5,1.0,100000000000000.0,4862.282103821146,0.04225423167689769,89.3207831010537,72979757.42922702,5.508776369016783,2.7543881845083913
0.49,std,-2,16227409111.234196,1.6227409111234197e-05,17,10,0.5882352941176471,1.0,100000000000000.0,3090.6199231461896,0.042992179912334685,92.04149201681867,72063648.53939462,5.7032099405958485,3.3548293768210873
0.5,std,-2,17147183809.0561,1.71471838090561e-05,20,10,0.5,1.0,100000000000000.0,9605.051908623025,0.04373654035770323,94.76463384867915,71161565.7458431,5.898834427952074,2.949417213976037
0.51,std,-2,18102086531.170685,1.8102086531170684e-05,17,10,0.5882352941176471,1.0,100000000000000.0,11072.844025498474,0.04448724737375437,97.48890664108374,70273271.55644336,6.095521994749736,3.5856011733821975
0.52,std,-2,19092865131.17055,1.9092865131170552e-05,16,10,0.625,1.0,100000000000000.0,5438.569433811498,0.04524423191734168,100.21305487305672,69398532.8688438,6.293145980507845,3.933216237817403
0.53,std,-2,20120271582.359924,2.0120271582359924e-05,13,10,0.7692307692307693,1.0,100000000000000.0,5649.947372373187,0.04600742148573693,102.9358686155467,68537120.86228469,6.491580983859233,4.993523833737872
0.54,std,-2,21185061902.21285,2.118506190221285e-05,11,10,0.9090909090909091,1.0,100000000000000.0,6084.368713510423,0.046776740062001616,105.65618267245551,67688810.89416112,6.690702939900702,6.082457218091547
0.55,std,-2,22287996078.722954,2.2287996078722954e-05,15,10,0.6666666666666666,1.0,100000000000000.0,7183.307101036992,0.04755210806153499,108.37287570778959,66853382.401291125,6.890389191891179,4.5935927945941195
0.56,std,-2,23429837998.62493,2.342983799862493e-05,19,10,0.5263157894736842,1.0,100000000000000.0,5748.429457524158,0.04833344227992233,111.08486936103499,66030618.80524841,7.090518557486087,3.7318518723610983
0.5700000000000001,std,-2,24611355377.44709,2.461135537744709e-05,13,10,0.7692307692307693,1.0,100000000000000.0,2287.2232549645023,0.049120655842211244,113.79112735322796,65220307.42184981,7.290971389796637,5.608439530612798
0.5800000000000001,std,-2,25833319691.368126,2.5833319691368126e-05,12,10,0.8333333333333334,1.0,100000000000000.0,5355.858058817341,0.04991365815374634,116.49065458495065,64422239.37422575,7.491629633424977,6.243024694520814
0.59,std,-2,27096506110.843178,2.709650611084318e-05,15,10,0.6666666666666666,1.0,100000000000000.0,8606.083917263133,0.050712354852696435,119.18249622963198,63636209.50946025,7.692376875824687,5.128251250549791
0.6,std,-2,28401693435.96525,2.840169343596525e-05,14,10,0.7142857142857143,1.0,100000000000000.0,2299.1977565041416,0.051516647764411366,121.86573682147448,62862016.318445235,7.8930983940451025,5.6379274243179305
0.61,std,-2,29749664033.525505,2.9749664033525505e-05,17,10,0.5882352941176471,1.0,100000000000000.0,6979.523534773654,0.05232643485774771,124.53949934313644,62099461.8588071,8.093681197316833,4.760988939598137
0.62,std,-2,31141203775.74278,3.114120377574278e-05,15,10,0.6666666666666666,1.0,100000000000000.0,6383.9097098512775,0.05314161020350689,127.20294431074048,61348351.680681646,8.294014065442866,5.529342710295244
0.63,std,-2,32577101980.61863,3.257710198061863e-05,12,10,0.8333333333333334,1.0,100000000000000.0,5320.608669372019,0.05396206393512963,129.85526886152718,60608494.75515795,8.493987583465685,7.078322986221405
0.64,std,-2,34058151353.889454,3.4058151353889455e-05,17,10,0.5882352941176471,1.0,100000000000000.0,1035.4952500976563,0.054787682211795266,132.49570584283563,59879703.405252725,8.693494172658859,5.113820101564035
0.65,std,-2,35585147932.53661,3.5585147932536615e-05,12,10,0.8333333333333334,1.0,100000000000000.0,4074.391770489052,0.055618347184074164,135.12352290491876,59161793.23922499,8.892428118131802,7.410356765109835
0.66,std,-2,37158891029.81926,3.715889102981926e-05,18,10,0.5555555555555556,1.0,100000000000000.0,5485.505564390676,0.056453936962285574,137.73802159909224,58454583.086089864,9.090685593277861,5.050380885154367
0.67,std,-2,38780183181.79008,3.8780183181790074e-05,16,10,0.625,1.0,100000000000000.0,4618.298521232848,0.05729432558771266,140.33853648068603,57757894.933217816,9.28816468116488,5.8051029257280495
0.68,std,-2,40449830095.26742,4.044983009526742e-05,15,10,0.6666666666666666,1.0,100000000000000.0,2486.053112630896,0.05813938300682973,142.9244342207331,57071553.86587637,9.484765393255877,6.323176928837251
0.6900000000000001,std,-2,42168640597.21656,4.216864059721656e-05,13,10,0.7692307692307693,1.0,100000000000000.0,2450.989911358902,0.05898897504869533,145.49511272380136,56395388.00860588,9.680389685419954,7.4464536041691956
0.7000000000000001,std,-2,43937426585.51362,4.393742658551362e-05,13,10,0.7692307692307693,1.0,100000000000000.0,5064.747957907215,0.059842963405668255,148.0500002562921,55729228.46830064,9.874941471644286,7.5961088243417585
0.7100000000000001,std,-2,45757002981.050545,4.575700298105054e-05,19,10,0.5263157894736842,1.0,100000000000000.0,2687.370176777655,0.06070120561760056,150.58855458337345,55072909.27894104,10.068326635460474,5.299119281821302
0.72,std,-2,47628187681.15108,4.7628187681151076e-05,18,10,0.5555555555555556,1.0,100000000000000.0,3486.00086035659,0.061563555059664696,153.11026211729362,54426267.3478233,10.260453039381938,5.700251688545522
0.73,std,-2,49551801514.260376,4.955180151426038e-05,19,10,0.5263157894736842,1.0,100000000000000.0,5784.162026348391,0.062429860933968816,155.6146370757267,53789142.40325106,10.451230532392836,5.500647648627808
0.74,std,-2,51528668195.87216,5.152866819587216e-05,23,10,0.43478260869565216,1.0,100000000000000.0,1617.2964578062174,0.06329996826511489,158.10122065300877,53161376.94359302,10.640570955795866,4.626335198172115
0.75,std,-2,53559614285.6674,5.35596142856674e-05,20,10,0.5,1.0,100000000000000.0,6304.3885889748535,0.06417371789985252,160.56958020302608,52542816.187593825,10.828388147444153,5.414194073722077
0.76,std,-2,55645469145.819046,5.564546914581905e-05,14,10,0.7142857142857143,1.0,100000000000000.0,3579.5564722506933,0.06505094651097904,163.01930843499392,51933308.025967404,11.014597944571264,7.867569960408046
0.77,std,-2,57787064900.44291,5.778706490044291e-05,21,10,0.47619047619047616,1.0,100000000000000.0,1850.9289742015874,0.06593148660563516,165.4500226228669,51332702.97407133,11.199118185350356,5.332913421595407
0.78,std,-2,59985236396.153175,5.998523639615318e-05,18,10,0.5555555555555556,1.0,100000000000000.0,2540.3977935171743,0.06681516653814157,167.86136382785466,50740854.125752576,11.381868709281427,6.323260394045238
0.79,std,-2,62240821163.6948,6.22408211636948e-05,14,10,0.7142857142857143,1.0,100000000000000.0,3259.836909121008,0.0677018105275198,170.25299613507565,50157617.108157024,11.562771356544344,8.259122397531675
0.8,std,-2,64554659380.621635,6.455465938062163e-05,18,10,0.5555555555555556,1.0,100000000000000.0,1495.9981710321288,0.06859123867983588,172.62460590497153,49582850.03763585,11.7417499664958,6.523194425831
0.81,std,-2,66927593834.988976,6.692759383498897e-05,17,10,0.5882352941176471,1.0,100000000000000.0,1171.6823652728406,0.06948326701550157,174.9759010384909,49016413.47646635,11.918730375281624,7.01101786781272
0.8200000000000001,std,-2,69360469890.03096,6.936046989003097e-05,17,10,0.5882352941176471,1.0,100000000000000.0,573.6972181360175,0.0703777075016633,177.30661025731825,48458170.39061373,12.093640412799205,7.113906125176003
0.8300000000000001,std,-2,71854135449.79343,7.185413544979342e-05,14,10,0.7142857142857143,1.0,100000000000000.0,2498.0509610454556,0.0712743680898028,179.61648239910903,47907986.10823188,12.266409899028758,8.761721356449113
0.8400000000000001,std,-2,74409440925.69386,7.440944092569386e-05,16,10,0.625,1.0,100000000000000.0,770.063160739394,0.07217305275866856,181.90528572754457,47365728.279101126,12.436970639854426,7.773106649909016
0.85,std,-2,77027239203.98149,7.702723920398149e-05,19,10,0.5263157894736842,1.0,100000000000000.0,2410.4170190212694,0.0730735615626498,184.172807257258,46831266.83476413,12.605256422401188,6.634345485474309
0.86,std,-2,79708385614.06723,7.970838561406722e-05,17,10,0.5882352941176471,1.0,100000000000000.0,2256.0916780552407,0.07397569068569808,186.4188520945281,46304473.94949488,12.771203010058592,7.512472358857996
0.87,std,-2,82453737897.70006,8.245373789770006e-05,22,10,0.45454545454545453,1.0,100000000000000.0,1230.9397813736607,0.07487923250089422,188.64324279223308,45785224.0019454,12.934748137119135,5.879430971417788
0.88,std,-2,85264156178.96248,8.526415617896248e-05,10,10,1.0,1.0,100000000000000.0,3170.8552542786133,0.07578397563574907,190.84581872105775,45273393.53755888,13.095831503257035,13.095831503257035
0.89,std,-2,88140502935.05962,8.814050293505961e-05,17,10,0.5882352941176471,1.0,100000000000000.0,1462.6187259451929,0.07668970504331966,193.02643545452992,44768861.231587745,13.254394767697718,7.79670280452807
0.9,std,-2,91083642967.87631,9.108364296787631e-05,16,10,0.625,1.0,100000000000000.0,3044.593739557207,0.07759620207921059,195.18496417050585,44271507.85283817,13.410381543346782,8.381488464591738
0.91,std,-2,94094443376.28183,9.409444337628183e-05,21,10,0.47619047619047616,1.0,100000000000000.0,1105.7840287438407,0.07850324458452297,197.3212910663969,43781216.22801512,13.563737390708116,6.458922567003865
0.92,std,-2,97173773529.15294,9.717377352915293e-05,13,10,0.7692307692307693,1.0,100000000000000.0,2998.9376064068697,0.07941060697480082,199.4353167902138,43297871.206686266,13.7144098117839,10.549546009064539
0.93,std,-2,100322505039.09866,0.00010032250503909867,15,10,0.6666666666666666,1.0,100000000000000.0,942.5650609863602,0.08031806033501555,201.52695588609168,42821359.6268634,13.862348243905819,9.241565495937213
0.9400000000000001,std,-2,103541511736.86009,0.0001035415117368601,20,10,0.5,1.0,100000000000000.0,612.2735626225052,0.08122537252061583,203.596136254097,42351570.28113079,14.007504053497842,7.003752026748921
0.9500000000000001,std,-2,106831669646.3645,0.0001068316696463645,22,10,0.45454545454545453,1.0,100000000000000.0,1299.3771559377906,0.08213230826466011,205.64279862508184,41888393.88338472,14.149830529875532,6.431741149943424
0.9600000000000001,std,-2,110193856960.41751,0.00011019385696041751,20,10,0.5,1.0,100000000000000.0,2187.3425842171537,0.0830386292910345,207.6668960496388,41431723.03608367,14.289282879011784,7.144641439505892
0.97,std,-2,113628954017.00407,0.00011362895401700407,21,10,0.47619047619047616,1.0,100000000000000.0,1095.4309766803588,0.08394409443374791,209.66839340126455,40981452.198053606,14.425818217313678,6.869437246339846
0.98,std,-2,117137843276.18755,0.00011713784327618754,16,10,0.625,1.0,100000000000000.0,2538.828418076591,0.08484845976228053,211.64726689317132,40537477.652815565,14.559395565379916,9.099622228362447
0.99,std,-2,120721409297.58221,0.00012072140929758222,16,10,0.625,1.0,100000000000000.0,1736.4393702912719,0.08575147871295036,213.60350360973584,40099697.47744613,14.689975841826234,9.181234901141396
1.0,std,-2,124380538718.38275,0.00012438053871838275,17,10,0.5882352941176471,1.0,100000000000000.0,1491.0542788078483,0.08665290222624604,215.5371010499188,39668011.51188104,14.817521856974027,8.716189327631781
1.01,std,-2,128116120231.93141,0.0001281161202319314,20,10,0.5,1.0,100000000000000.0,3094.9185165649437,0.08755247889006164,217.4480666862904,39242321.32879002,14.941998306706184,7.470999153353092
1.02,std,-2,131929044566.80843,0.00013192904456680842,17,10,0.5882352941176471,1.0,100000000000000.0,631.9783904266845,0.08844995508875261,219.3364175347737,38822530.203856505,15.063371766097639,8.860806921233905
1.03,std,-2,135820204466.4227,0.0001358202044664227,18,10,0.5555555555555556,1.0,100000000000000.0,726.6859381941248,0.08934507515791797,221.20217973902015,38408543.086599246,15.181610683141495,8.434228157300831
1.04,std,-2,139790494669.09656,0.00013979049466909655,24,10,0.4166666666666667,1.0,100000000000000.0,1108.775605878549,0.09023758154479809,223.04538816674005,38000266.571585506,15.296685372327753,6.3736189051365635
1.05,std,-2,143840811888.61523,0.00014384081188861523,18,10,0.5555555555555556,1.0,100000000000000.0,1292.4072581240525,0.09112721497416236,224.86608601842158,37597608.87017283,15.408568008152429,8.560315560084684
1.06,std,-2,147972054795.23853,0.00014797205479523854,21,10,0.47619047619047616,1.0,100000000000000.0,539.1018458657151,0.09201371461954395,226.66432444825114,37200479.78263619,15.517232618480826,7.389158389752773
1.07,std,-2,152185123997.15192,0.00015218512399715192,20,10,0.5,1.0,100000000000000.0,1876.2096424312658,0.09289681827966537,228.44016219717815,36808790.67077036,15.622655077786515,7.8113275388932575
1.08,std,-2,156480922022.34503,0.00015648092202234502,25,10,0.4,1.0,100000000000000.0,1741.5377572062273,0.09377626255988103,230.19366523740987,36422454.43092041,15.724813100186644,6.289925240074658
1.09,std,-2,160860353300.90475,0.00016086035330090476,18,10,0.5555555555555556,1.0,100000000000000.0,1495.0206597790943,0.09465178305844799,231.92490642841807,36041385.46742419,15.823686232258137,8.790936795698965
1.1,std,-2,165324324147.7073,0.0001653243241477073,14,10,0.7142857142857143,1.0,100000000000000.0,463.1283527185469,0.09552311455742028,233.6339651839007,35665499.66649557,15.919255845593332,11.370897032566665
1.11,std,-2,169873742745.49915,0.00016987374274549916,15,10,0.6666666666666666,1.0,100000000000000.0,1006.3361355122279,0.09638999121794681,235.32092715028466,35294714.37049736,16.011505129095994,10.674336752730662
1.12,std,-2,174509519128.34875,0.00017450951912834875,19,10,0.5263157894736842,1.0,100000000000000.0,402.07396784371133,0.09725214677973788,236.98588389473483,34928948.352648705,16.10041908088022,8.47390477941064
1.1300000000000001,std,-2,179232565165.46484,0.00017923256516546484,27,10,0.37037037037037035,1.0,100000000000000.0,1244.5864161960644,0.09810931476444977,238.62893260499985,34568121.792101,16.18598449988221,5.994809074030448
1.1400000000000001,std,-2,184043794545.36426,0.00018404379454536426,13,10,0.7692307692307693,1.0,100000000000000.0,963.0608503007827,0.09896122868272254,240.25017579815702,34212156.24944995,16.268189976995348,12.513992289996422
1.1500000000000001,std,-2,188944122760.37775,0.00018894412276037774,27,10,0.37037037037037035,1.0,100000000000000.0,1364.7139584800361,0.09980762224459194,241.84972104003248,33860974.64260373,16.34702588579226,6.0544540317749105
1.1600000000000001,std,-2,193934467091.4821,0.00019393446709148207,18,10,0.5555555555555556,1.0,100000000000000.0,541.103360766456,0.10064822957298275,243.42768067400374,33514501.22304822,16.42248437274346,9.123602429301924
1.17,std,-2,199015746593.4586,0.00019901574659345858,23,10,0.43478260869565216,1.0,100000000000000.0,354.05692400101333,0.10148278541997709,244.9841715590661,33172661.552509196,16.494559346904076,7.171547542132207
1.18,std,-2,204188882080.348,0.000204188882080348,27,10,0.37037037037037035,1.0,100000000000000.0,591.8924874904393,0.1023110253855389,246.51931481732635,32835382.47995832,16.563246469032926,6.1345357292714535
1.19,std,-2,209454796111.2116,0.0002094547961112116,18,10,0.5555555555555556,1.0,100000000000000.0,299.7943060608588,0.10313268613836393,248.0332355904235,32502592.119014297,16.62854314011419,9.23807952228566
1.2,std,-2,214814412976.17456,0.00021481441297617457,19,10,0.5263157894736842,1.0,100000000000000.0,916.6906212866095,0.1039475056385125,249.52606280430828,32174219.82570734,16.690448489208233,8.784446573267491
1.21,std,-2,220268658682.75345,0.00022026865868275344,31,10,0.3225806451612903,1.0,100000000000000.0,472.8822429499869,0.1047552233614732,250.99792894284116,31850196.176586464,16.74896336063254,5.402891406655658
1.22,std,-2,225818460942.45053,0.00022581846094245052,25,10,0.4,1.0,100000000000000.0,1188.4361014504134,0.10555558052329424,252.44896982914776,31530452.947203357,16.804090300400418,6.721636120160167
1.23,std,-2,231464749157.61026,0.00023146474915761026,17,10,0.5882352941176471,1.0,100000000000000.0,464.00810027176647,0.10634832030641155,253.8793244158245,31214923.090939093,16.855833541956216,9.915196201150716
1.24,std,-2,237208454408.52835,0.00023720845440852834,25,10,0.4,1.0,100000000000000.0,405.05383407484453,0.10713318808579403,255.28913458169112,30903540.718176357,16.90419899103882,6.761679596415529
1.25,std,-2,243050509440.808,0.000243050509440808,21,10,0.47619047619047616,1.0,100000000000000.0,221.85986712375643,0.1079099316550206,256.678544936999,30596241.075822484,16.949194209789756,8.071044861804646
1.26,std,-2,248991848652.9533,0.0002489918486529533,25,10,0.4,1.0,100000000000000.0,1132.9941106583624,0.10867830145189603,258.0477026357505,30292960.52715669,16.99082839998904,6.796331359995617
1.27,std,-2,255033408084.18988,0.00025503340808418986,12,10,0.8333333333333334,1.0,100000000000000.0,740.915898448175,0.10943805078320944,259.3967571950227,29993636.532022804,17.029112385413214,14.190926987844346
1.28,std,-2,261176125402.51462,0.0002611761254025146,21,10,0.47619047619047616,1.0,100000000000000.0,1038.4364882143163,0.11018893604823399,260.7258603209589,29698207.62734887,17.064058593274783,8.125742187273707
1.29,std,-2,267420939892.9529,0.0002674209398929529,18,10,0.5555555555555556,1.0,100000000000000.0,551.8973034309623,0.11093071696056572,262.03516574185096,29406613.407992665,17.095681034764496,9.497600574869164
1.3,std,-2,273768792446.0357,0.0002737687924460357,25,10,0.4,1.0,100000000000000.0,791.997397573262,0.11166315676789583,263.32482904761997,29118794.50790167,17.123995284639932,6.849598113855973
1.31,std,-2,280220625546.4686,0.00028022062554646865,16,10,0.625,1.0,100000000000000.0,370.06358338539746,0.11238602246931209,264.59500753562406,28834692.581594545,17.14901845985873,10.718136537411706
1.32,std,-2,286777383262.0073,0.0002867773832620073,17,10,0.5882352941176471,1.0,100000000000000.0,553.1535077495089,0.11309908502972522,265.84586006187084,28554250.285959702,17.170769197195362,10.100452468938448
1.33,std,-2,293440011232.5183,0.0002934400112325183,22,10,0.45454545454545453,1.0,100000000000000.0,489.83740702696167,0.11380211959101888,267.07754689950036,28277411.26235228,17.189267629955665,7.813303468161666
1.34,std,-2,300209456659.22626,0.00030020945665922623,16,10,0.625,1.0,100000000000000.0,379.90069896549755,0.11449490567952506,268.2902296015165,28004120.11900111,17.204535363606418,10.752834602254012
1.35,std,-2,307086668294.14087,0.00030708666829414087,16,10,0.625,1.0,100000000000000.0,790.5486317721836,0.11517722740943068,269.4840708702252,27734322.413720313,17.21659545048587,10.760372156553668
1.36,std,-2,314072596429.6577,0.0003140725964296577,21,10,0.47619047619047616,1.0,100000000000000.0,586.0115640051861,0.11584887368172872,270.65923443118743,27467964.636896268,17.22547236344826,8.202605887356315
1.37,std,-2,321168192888.3306,0.0003211681928883306,26,10,0.38461538461538464,1.0,100000000000000.0,412.8381241493893,0.11650963837833293,271.8158849130708,27204994.194798715,17.231191968576884,6.627381526375725
1.3800000000000001,std,-2,328374411012.801,0.00032837441101280103,24,10,0.4166666666666667,1.0,100000000000000.0,792.1538396268922,0.1171593205509839,272.95418773180864,26945359.393152125,17.233781496842916,7.1807422903512155
1.3900000000000001,std,-2,335692205655.8961,0.00033569220565589613,21,10,0.47619047619047616,1.0,100000000000000.0,539.2172946992066,0.11779772460458442,274.07430898028923,26689009.4209975,17.23326951482807,8.206318816584794
1.4000000000000001,std,-2,343122533170.8739,0.0003431225331708739,20,10,0.5,1.0,100000000000000.0,757.4582622619314,0.11842466047461185,275.1764153222242,26435894.334847275,17.22968589445158,8.61484294722579
1.4100000000000001,std,-2,350666351401.82135,0.00035066635140182134,24,10,0.4166666666666667,1.0,100000000000000.0,659.9280368610465,0.1190399437982678,276.26067389091054,26185965.04308979,17.223061781746562,7.1762757423944015
1.42,std,-2,358324619674.20105,0.00035832461967420104,22,10,0.45454545454545453,1.0,100000000000000.0,609.6572082345594,0.1196433960790384,277.3272521921834,25939173.29070372,17.21342956471076,7.824286165777618
1.43,std,-2,366098298785.5328,0.00036609829878553275,25,10,0.4,1.0,100000000000000.0,178.13954447594804,0.12023484484435139,278.3763180116987,25695471.644191947,17.200822840215086,6.880329136086035
1.44,std,-2,373988350996.2184,0.0003739883509962184,23,10,0.43478260869565216,1.0,100000000000000.0,765.34065099869,0.12081412379603326,279.4080393262214,25454813.47682177,17.185276380042694,7.471859295670736
1.45,std,-2,381995740020.50104,0.00038199574002050103,24,10,0.4166666666666667,1.0,100000000000000.0,465.6233695919897,0.12138107295328354,280.42258421908156,25217152.95410143,17.166826096061868,7.152844206692445
1.46,std,-2,390121431017.5451,0.0003901214310175451,18,10,0.5555555555555556,1.0,100000000000000.0,924.5349702942785,0.12193553878790152,281.4201207991397,24982445.019521292,17.14550900455237,9.525282780306872
1.47,std,-2,398366390582.66016,0.00039836639058266017,18,10,0.5555555555555556,1.0,100000000000000.0,374.97256553829436,0.12247737435151856,282.40081712387615,24750645.38054905,17.121363189760675,9.511868438755931
1.48,std,-2,406731586738.6288,0.0004067315867386288,19,10,0.5263157894736842,1.0,100000000000000.0,268.0421560990768,0.12300643939460665,283.3648411252762,24521710.494854964,17.094427766633178,8.997067245596408
1.49,std,-2,415217988927.1667,0.00041521798892716667,28,10,0.35714285714285715,1.0,100000000000000.0,363.0311817837533,0.12352260047705375,284.31236054047423,24295597.556820426,17.06474284293304,6.094551015333229
1.5,std,-2,423826568000.4935,0.0004238265680004935,22,10,0.45454545454545453,1.0,100000000000000.0,690.1287099587864,0.1240257310701164,285.24354284408554,24072264.484238382,17.032349480542695,7.741977036610316
1.51,std,-2,432558296213.0197,0.0004325582962130197,24,10,0.4166666666666667,1.0,100000000000000.0,161.26739135192082,0.12451571164958056,286.1585551849736,23851669.90529175,16.997289656232258,7.082204023430108
1.52,std,-2,441414147213.1446,0.0004414141472131446,21,10,0.47619047619047616,1.0,100000000000000.0,180.9623543891002,0.12499242977998155,287.05756432603806,23633773.145745885,16.959606221818678,8.076002962770799
1.53,std,-2,450395096035.1567,0.0004503950960351567,25,10,0.4,1.0,100000000000000.0,341.19902295096506,0.12545578018975678,287.9407365855677,23418534.21637197,16.91934286369956,6.767737145479824
1.54,std,-2,459502119091.243,0.000459502119091243,28,10,0.35714285714285715,1.0,100000000000000.0,270.18026157870645,0.12590566483722512,288.8082377836327,23205913.800602216,16.876544062027616,6.027337165009863
1.55,std,-2,468736194163.60034,0.0004687361941636003,19,10,0.5263157894736842,1.0,100000000000000.0,508.4435506384345,0.12634199296731044,289.66023318971486,22995873.24240182,16.831255049350137,8.858555289131651
1.56,std,-2,478098300396.64746,0.0004780983003966475,18,10,0.5555555555555556,1.0,100000000000000.0,389.8453685729226,0.12676468115894596,290.49688747305026,22788374.534365553,16.783521768869587,9.324178760483104
1.57,std,-2,487589418289.3243,0.00048758941828932426,18,10,0.5555555555555556,1.0,100000000000000.0,343.82732666791844,0.12717365336312167,291.3183646566159,22583380.306024913,16.733390832431986,9.296328240239992
1.58,std,-2,497210529687.5006,0.0004972105296875006,16,10,0.625,1.0,100000000000000.0,205.2802430624776,0.1275688409315561,292.12482807233795,22380853.81236754,16.680909478167422,10.425568423854639
1.59,std,-2,506962617776.46277,0.0005069626177764628,14,10,0.7142857142857143,1.0,100000000000000.0,231.06992668953347,0.12795018263599814,292.916440319222,22180758.922575094,16.626125527951938,11.875803948537099
1.6,std,-2,516846667073.5037,0.0005168466670735037,25,10,0.4,1.0,100000000000000.0,440.99753595166715,0.12831762467818383,293.69336322438903,21983060.10894857,16.569087344730875,6.62763493789235
1.61,std,-2,526863663420.5857,0.0005268636634205857,24,10,0.4166666666666667,1.0,100000000000000.0,271.8392989576071,0.12867112069049735,294.45575780462445,21787722.43604854,16.509843789654482,6.879101579022701
1.62,std,-2,537014593977.1009,0.0005370145939771008,30,10,0.3333333333333333,1.0,100000000000000.0,392.66013139459176,0.12901063172740435,295.20378423240976,21594711.550035674,16.448444179306385,5.482814726435461
1.6300000000000001,std,-2,547300447212.71106,0.0005473004472127111,28,10,0.35714285714285715,1.0,100000000000000.0,408.0890410505418,0.1293361262477481,295.93760180129954,21403993.66818979,16.384938242784234,5.8517636581372265
1.6400000000000001,std,-2,557722212900.2671,0.000557722212900267,18,10,0.5555555555555556,1.0,100000000000000.0,380.0057609766103,0.12964758008801838,296.6573688958454,21215535.568644308,16.319376079019232,9.066320043899573
1.6500000000000001,std,-2,568280882108.8107,0.0005682808821088107,26,10,0.38461538461538464,1.0,100000000000000.0,333.12441575069386,0.12994497642672279,297.36324296171625,21029304.58028762,16.25180811411907,6.250695428507334
1.6600000000000001,std,-2,578977447196.652,0.0005789774471966519,22,10,0.45454545454545453,1.0,100000000000000.0,253.25408946939032,0.13022830574001035,298.05538047795994,20845268.57286173,16.182285058932155,7.355584117696434
1.6700000000000002,std,-2,589812901804.5255,0.0005898129018045255,36,10,0.2777777777777778,1.0,100000000000000.0,328.4571031895214,0.13049756574871402,298.73393693140986,20663395.94724198,16.110857866884402,4.475238296356778
1.68,std,-2,600788240848.8202,0.0006007882408488202,17,10,0.5882352941176471,1.0,100000000000000.0,568.4241847982942,0.13075276135699798,299.399066792653,20483655.625891827,16.03757769211496,9.43386923065586
1.69,std,-2,611904460514.877,0.0006119044605148769,23,10,0.43478260869565216,1.0,100000000000000.0,384.95699328402424,0.13099390458281196,300.0509234932555,20306017.043500546,15.962495847963392,6.94021558607104
1.7,std,-2,623162558250.3674,0.0006231625582503674,32,10,0.3125,1.0,100000000000000.0,263.47311830932375,0.13122101448037002,300.68965940465216,20130450.13778125,15.885663765873838,4.964269926835574
1.71,std,-2,634563532758.7297,0.0006345635327587297,20,10,0.5,1.0,100000000000000.0,161.3089791341491,0.13143411705488842,301.3154258192328,19956925.34045368,15.807132954822713,7.903566477411356
1.72,std,-2,646108383992.6855,0.0006461083839926856,18,10,0.5555555555555556,1.0,100000000000000.0,283.0484125755417,0.13163324516982902,301.9283729312029,19785413.568385925,15.726954961179548,8.737197200655304
1.73,std,-2,657798113147.8137,0.0006577981131478137,25,10,0.4,1.0,100000000000000.0,77.31222629383083,0.1318184384469108,302.5286498210564,19615886.214899182,15.645181329263302,6.258072531705321
1.74,std,-2,669633722656.1927,0.0006696337226561928,29,10,0.3448275862068966,1.0,100000000000000.0,298.60682245181556,0.13198974315916043,303.11640443922084,19448315.141239457,15.561863562417756,5.366159849109572
1.75,std,-2,681616216180.1063,0.0006816162161801063,24,10,0.4166666666666667,1.0,100000000000000.0,393.73287404056157,0.13214721211728916,303.691783592316,19282672.668198943,15.477053084825968,6.448772118677487
1.76,std,-2,693746598605.8147,0.0006937465986058147,28,10,0.35714285714285715,1.0,100000000000000.0,332.4642857214942,0.13229090454968861,304.25493292979553,19118931.567901675,15.390801204009266,5.496714715717595
1.77,std,-2,706025876037.3854,0.0007060258760373854,20,10,0.5,1.0,100000000000000.0,286.3713262246082,0.13242088597635046,304.80599693295375,18957065.055737577,15.303159074148143,7.651579537074071
1.78,std,-2,718455055790.578,0.000718455055790578,17,10,0.5882352941176471,1.0,100000000000000.0,157.2055350496566,0.1325372280770222,305.34511890307374,18797046.782446537,15.214177660108504,8.949516270652062
1.79,std,-2,731035146386.7986,0.0007310351463867986,27,10,0.37037037037037035,1.0,100000000000000.0,175.94393542236534,0.13264000855391733,305.8724409527841,18638850.826349083,15.123907702420334,5.601447297192716
1.8,std,-2,743767157547.1052,0.0007437671575471052,23,10,0.43478260869565216,1.0,100000000000000.0,224.49685368973033,0.1327293109893057,306.3881039967537,18482451.68572671,15.032399683056996,6.535825949155216
1.81,std,-2,756652100186.2705,0.0007566521001862705,28,10,0.35714285714285715,1.0,100000000000000.0,392.12278177325277,0.13280522469831382,306.8922477441414,18327824.271332726,14.939703792160344,5.335608497200123
1.82,std,-2,769690986406.9026,0.0007696909864069026,41,10,0.24390243902439024,1.0,100000000000000.0,227.3960433477188,0.132867844577269,307.3850106921883,18174943.89906127,14.845869895738739,3.620943877009448
1.83,std,-2,782884829493.6177,0.0007828848294936176,25,10,0.4,1.0,100000000000000.0,429.86518527932793,0.13291727094792347,307.86653012007486,18023786.282729935,14.750947504292483,5.900379001716994
1.84,std,-2,796234643907.2637,0.0007962346439072637,32,10,0.3125,1.0,100000000000000.0,467.8517271516299,0.13295360939789763,308.33694208349954,17874327.527015675,14.654985742453446,4.579683044516702
1.85,std,-2,809741445279.2103,0.0008097414452792103,30,10,0.3333333333333333,1.0,100000000000000.0,187.1011513470591,0.13297697061768127,308.7963814115677,17726544.12051855,14.558033319721666,4.852677773240555
1.86,std,-2,823406250405.668,0.0008234062504056679,19,10,0.5263157894736842,1.0,100000000000000.0,179.93142945913556,0.1329874702345315,309.24498170205226,17580412.92894541,14.460138502129837,7.6105992116472825
1.87,std,-2,837230077242.0754,0.0008372300772420755,21,10,0.47619047619047616,1.0,100000000000000.0,331.4709337182826,0.13298522864360543,309.68287531963114,17435911.18843124,14.361349085093229,6.838737659568204
1.8800000000000001,std,-2,851213944897.5366,0.0008512139448975366,18,10,0.5555555555555556,1.0,100000000000000.0,329.5936703482166,0.13297037083666333,310.1101933936163,17293016.49898085,14.261712367284911,7.923173537380507
1.8900000000000001,std,-2,865358873629.2928,0.0008653588736292928,46,10,0.21739130434782608,1.0,100000000000000.0,166.21472029829903,0.13294302622867502,310.5270658162069,17151706.818034906,14.161275125607544,3.0785380707842487
1.9000000000000001,std,-2,879665884837.254,0.000879665884837254,39,10,0.2564102564102564,1.0,100000000000000.0,231.47322571537939,0.13290332848265865,310.93362124269436,17011960.454154097,14.06008359133675,3.6051496388042947
1.9100000000000001,std,-2,894136001058.576,0.0008941360010585761,32,10,0.3125,1.0,100000000000000.0,268.5259555974595,0.13285141533307546,311.32998709065015,16873756.06082675,13.958183427316248,4.361932321036328
1.9200000000000002,std,-2,908770245962.2853,0.0009087702459622853,33,10,0.30303030303030304,1.0,100000000000000.0,273.09370735624236,0.13278742840810062,311.7162895405645,16737072.630372385,13.85561970630609,4.198672638274573
1.93,std,-2,923569644343.9413,0.0009235696443439413,31,10,0.3225806451612903,1.0,100000000000000.0,358.31814823602406,0.13271151305108214,312.092653537187,16601889.488000676,13.752436890505319,4.436269964679135
1.94,std,-2,938535222120.3573,0.0009385352221203573,21,10,0.47619047619047616,1.0,100000000000000.0,392.18469659869197,0.1326238181414942,312.4592027908397,16468186.28592861,13.648678812141402,6.499370862924477
1.95,std,-2,953668006324.3502,0.0009536680063243502,29,10,0.3448275862068966,1.0,100000000000000.0,155.74820209754972,0.13252449591568408,312.8160597797037,16335942.997650843,13.544388655252579,4.6704788466388205
1.96,std,-2,968969025099.5419,0.0009689690250995419,26,10,0.38461538461538464,1.0,100000000000000.0,154.78930391142873,0.13241370178770218,313.1633457524298,16205139.912292665,13.439608938575795,5.169080360990691
1.97,std,-2,984439307695.2124,0.0009844393076952123,23,10,0.43478260869565216,1.0,100000000000000.0,174.2461337651401,0.13229159417049882,313.5011807305315,16075757.62908553,13.334381499548982,5.797557173716949
1.98,std,-2,1000079884461.1749,0.001000079884461175,31,10,0.3225806451612903,1.0,100000000000000.0,270.3380802632847,0.13215833429775978,313.8296835131402,15947777.051919853,13.228747479496418,4.267337896611748
1.99,std,-2,1015891786842.7065,0.0010158917868427065,25,10,0.4,1.0,100000000000000.0,77.5221179676195,0.1320140860466449,314.14897167928433,15821179.384035045,13.12274730983372,5.249098923933488
2.0,std,-2,1031876047375.5183,0.0010318760473755184,27,10,0.37037037037037035,1.0,100000000000000.0,178.55802640760302,0.13185901576168338,314.4591615935198,15695946.122775251,13.01642069947377,4.8208965553606555
2.01,std,-2,1048033699680.7643,0.0010480336996807644,22,10,0.45454545454545453,1.0,100000000000000.0,134.2393764140279,0.13169329208006922,314.7603684094076,15572059.054465903,12.909806623235722,5.868093919652601
2.02,std,-2,1064365778460.0879,0.001064365778460088,27,10,0.37037037037037035,1.0,100000000000000.0,286.50193759589064,0.13151708575859106,315.0527060757593,15449500.249373306,12.802943311420618,4.74183085608171
2.03,std,-2,1080873319490.7089,0.0010808733194907088,36,10,0.2777777777777778,1.0,100000000000000.0,307.66677997978786,0.13133056950241706,315.33628734030424,15328252.056764135,12.695868240332306,3.526630066758974
2.04,std,-2,1097557359620.5505,0.0010975573596205504,36,10,0.2777777777777778,1.0,100000000000000.0,287.2798111114469,0.13113391779594796,315.6112237567075,15208297.100052891,12.58861812396291,3.496838367767475
2.05,std,-2,1114418936763.4026,0.0011144189367634026,29,10,0.3448275862068966,1.0,100000000000000.0,327.0065977087596,0.13092730673593825,315.87762568987745,15089618.27204791,12.481228906626908,4.3038720367679
2.0599999999999996,std,-2,1131459089894.1245,0.0011314590898941245,24,10,0.4166666666666667,1.0,100000000000000.0,154.2955809364915,0.1307109138670736,316.13560232199035,14972198.730271557,12.373735756605779,5.155723231919075
2.07,std,-2,1148678859043.882,0.001148678859043882,53,10,0.18867924528301888,1.0,100000000000000.0,91.12805851855909,0.1304849180201844,316.38526165905915,14856021.89238433,12.26617306080072,2.3143722756227776
2.0799999999999996,std,-2,1166079285295.4219,0.0011660792852954218,23,10,0.43478260869565216,1.0,100000000000000.0,113.39362391299169,0.1302494991532604,316.6267105376288,14741071.431683572,12.158574420331641,5.286336704492018
2.09,std,-2,1183661410778.3838,0.0011836614107783839,20,10,0.5,1.0,100000000000000.0,221.0744107382656,0.13000483819542183,316.8600546319127,14627331.272682121,12.050972647077442,6.025486323538721
2.0999999999999996,std,-2,1201426278664.6436,0.0012014262786646435,21,10,0.47619047619047616,1.0,100000000000000.0,75.03135265497356,0.12975111689399202,317.0853984601724,14514785.586787315,11.943399761106074,5.68733321957432
2.11,std,-2,1219374933163.6992,0.0012193749331636992,31,10,0.3225806451612903,1.0,100000000000000.0,131.3820571711199,0.12948851766480282,317.30284539290324,14403418.788036415,11.835886989032447,3.8180280609782087
2.1199999999999997,std,-2,1237508419518.0806,0.0012375084195180807,18,10,0.5555555555555556,1.0,100000000000000.0,144.82454791796533,0.1292172234458553,317.51249765963945,14293215.5289337,11.728464763195234,6.515813757330686
2.13,std,-2,1255827783998.8044,0.0012558277839988044,36,10,0.2777777777777778,1.0,100000000000000.0,262.98108852840244,0.12893741755444604,317.71445635714014,14184160.69634576,11.621162721696553,3.2281007560268207
2.1399999999999997,std,-2,1274334073900.8545,0.0012743340739008544,39,10,0.2564102564102564,1.0,100000000000000.0,230.7136601651351,0.12864928354785926,317.9088214566201,14076239.407488255,11.514009709218406,2.9523101818508732
2.15,std,-2,1293028337538.6948,0.0012930283375386948,30,10,0.3333333333333333,1.0,100000000000000.0,85.76641062730718,0.12835300508771263,318.0956918124089,13969437.005973084,11.407033778652112,3.802344592884037
2.1599999999999997,std,-2,1311911624241.8318,0.0013119116242418319,33,10,0.30303030303030304,1.0,100000000000000.0,221.23677278560916,0.12804876580803742,318.275165169584,13863739.057946578,11.300262193448823,3.424321876802674
2.17,std,-2,1330984984350.3745,0.0013309849843503745,19,10,0.5263157894736842,1.0,100000000000000.0,234.9464174533179,0.12773674918715994,318.4473381725665,13759131.34827611,11.19372143070171,5.891432331948269
2.1799999999999997,std,-2,1350249469210.6714,0.0013502494692106714,32,10,0.3125,1.0,100000000000000.0,269.82418713231175,0.1274171384234439,318.61230637284916,13655599.876833957,11.087437184906483,3.464824120283276
2.19,std,-2,1369706131170.9404,0.0013697061311709405,18,10,0.5555555555555556,1.0,100000000000000.0,86.66926226344142,0.12709011631494216,318.7701642386408,13553130.854817575,10.981434372421262,6.100796873567368
2.1999999999999997,std,-2,1389356023576.944,0.001389356023576944,28,10,0.35714285714285715,1.0,100000000000000.0,203.97309432594813,0.12675586514299808,318.9210051621608,13451710.70117912,10.875737136507295,3.884191834466891
2.21,std,-2,1409200200767.7122,0.0014092002007677121,19,10,0.5263157894736842,1.0,100000000000000.0,129.6624807725619,0.12641456655982633,319.06492146914127,13351326.039074074,10.770368853009193,5.668615185794312
2.2199999999999998,std,-2,1429239718071.2588,0.0014292397180712588,23,10,0.43478260869565216,1.0,100000000000000.0,147.7413808130389,0.1260664014800965,319.2020044273361,13251963.692418212,10.66535213660718,4.637109624611817
2.23,std,-2,1449475631800.3687,0.0014494756318003687,32,10,0.3125,1.0,100000000000000.0,142.47254133026507,0.1257115499765309,319.33234425529776,13153610.682476113,10.560708847595478,3.300221514873587
2.2399999999999998,std,-2,1469908999248.381,0.0014699089992483811,26,10,0.38461538461538464,1.0,100000000000000.0,96.02423462947982,0.12535019117952442,319.4560301312568,13056254.22453316,10.456460099195503,4.021715422767501
2.25,std,-2,1490540878685.026,0.0014905408786850258,35,10,0.2857142857142857,1.0,100000000000000.0,189.1703804713623,0.12498250318078254,319.5731502024033,12959881.724614153,10.352626265356108,2.9578932186731732
2.26,std,-2,1511372329352.2695,0.0015113723293522696,31,10,0.3225806451612903,1.0,100000000000000.0,233.42716723968869,0.12460866294096873,319.6837915931596,12864480.776277887,10.249226988991344,3.306202254513337
2.27,std,-2,1532404411460.214,0.001532404411460214,15,10,0.6666666666666666,1.0,100000000000000.0,104.79248340480478,0.12422884620134438,319.7880404153127,12770039.157449897,10.146281190691996,6.76418746046133
2.28,std,-2,1553638186182.9946,0.0015536381861829946,31,10,0.3225806451612903,1.0,100000000000000.0,214.04988479560816,0.12384322739937846,319.8859817760194,12676544.827336488,10.043807077789486,3.2399377670288665
2.29,std,-2,1575074715654.7324,0.0015750747156547324,45,10,0.2222222222222222,1.0,100000000000000.0,274.60045948362057,0.12345197958829715,319.97769978763114,12583985.923375618,9.941822153838215,2.2092938119640477
2.3,std,-2,1596715062965.4963,0.0015967150629654964,31,10,0.3225806451612903,1.0,100000000000000.0,175.9071190126392,0.12305527436053831,320.06327757625877,12492350.758259717,9.840343228419751,3.174304267232178
2.31,std,-2,1618560292157.3025,0.0016185602921573025,18,10,0.5555555555555556,1.0,100000000000000.0,122.63805851997145,0.12265328177506969,320.142797292126,12401627.816991834,9.739386427308869,5.410770237393816
2.32,std,-2,1640611468220.1414,0.0016406114682201414,27,10,0.37037037037037035,1.0,100000000000000.0,165.50912922984304,0.12224617028852493,320.2163401169825,12311805.754026573,9.638967202871017,3.569987852915191
2.3299999999999996,std,-2,1662869657088.0234,0.0016628696570880235,35,10,0.2857142857142857,1.0,100000000000000.0,161.469667143011,0.12183410669010708,320.28398627476537,12222873.3904306,9.539100344806748,2.7254572413733564
2.34,std,-2,1685335925635.055,0.001685335925635055,32,10,0.3125,1.0,100000000000000.0,147.46940276234142,0.12141725604020252,320.3458150403524,12134819.711121293,9.439799991106337,2.9499374972207306
2.3499999999999996,std,-2,1708011341671.548,0.001708011341671548,21,10,0.47619047619047616,1.0,100000000000000.0,131.3009010280669,0.12099578161264772,320.40190474825243,12047633.862132035,9.341079639209577,4.44813316152837
2.36,std,-2,1730896973940.1465,0.0017308969739401464,24,10,0.4166666666666667,1.0,100000000000000.0,92.90083766523904,0.12056984484058411,320.45233280276983,11961305.147949908,9.242952157428547,3.851230065595228
2.3699999999999997,std,-2,1753993892111.9802,0.0017539938921119801,35,10,0.2857142857142857,1.0,100000000000000.0,70.78690644702982,0.12013960526583477,320.49717568617456,11875823.028886234,9.145429796478755,2.612979941851073
2.38,std,-2,1777303166782.8516,0.0017773031667828515,27,10,0.37037037037037035,1.0,100000000000000.0,117.33135939626939,0.11970522049173256,320.5365089688195,11791177.118503083,9.04852420123123,3.35130525971527
2.3899999999999997,std,-2,1800825869469.4326,0.0018008258694694327,27,10,0.37037037037037035,1.0,100000000000000.0,187.97964956324148,0.1192668461393275,320.5704073175941,11707357.181081956,8.95224642254963,3.3156468231665293
2.4,std,-2,1824563072605.506,0.0018245630726055062,41,10,0.24390243902439024,1.0,100000000000000.0,144.44007785380842,0.11882463580689664,320.59894450531647,11624353.129135568,8.856606929268853,2.1601480315289887
2.4099999999999997,std,-2,1848515849538.214,0.001848515849538214,31,10,0.3225806451612903,1.0,100000000000000.0,150.04278813962537,0.11837874103268001,320.62219342007006,11542155.020976886,8.76161562027799,2.8263276194445126
2.42,std,-2,1872685274524.343,0.001872685274524343,34,10,0.29411764705882354,1.0,100000000000000.0,155.42799096655565,0.11792931126076286,320.64022607372834,11460753.05831884,8.667281836648703,2.549200540190795
2.4299999999999997,std,-2,1897072422726.63,0.0018970724227266298,35,10,0.2857142857142857,1.0,100000000000000.0,63.227407079624946,0.1174764938100209,320.65311361180426,11380137.583922423,8.573614373863816,2.449604106818233
2.44,std,-2,1921678370210.088,0.0019216783702100879,51,10,0.19607843137254902,1.0,100000000000000.0,126.12477673270647,0.11702043384604897,320.6609263219351,11300299.079290532,8.480621494053596,1.662866959618352
2.4499999999999997,std,-2,1946504193938.3552,0.0019465041939383551,34,10,0.29411764705882354,1.0,100000000000000.0,140.53228682054925,0.11656127435598546,320.66373364280975,11221228.162397789,8.388310938266075,2.4671502759606105
2.46,std,-2,1971550971770.084,0.001971550971770084,55,10,0.18181818181818182,1.0,100000000000000.0,102.59017810306611,0.11609915612615085,320.6616041734812,11142915.58546343,8.296689938759243,1.508489079774408
2.4699999999999998,std,-2,1996819782455.3247,0.001996819782455325,30,10,0.3333333333333333,1.0,100000000000000.0,111.50645867239129,0.11563421772241134,320.6546056820179,11065352.232765501,8.205765231271293,2.735255077090431
2.48,std,-2,2022311705631.9658,0.0020223117056319658,41,10,0.24390243902439024,1.0,100000000000000.0,63.48273845007104,0.11516659547318477,320.64280511483247,10988529.118494129,8.11554306728871,1.9794007481191975
2.4899999999999998,std,-2,2048027821822.1587,0.0020480278218221585,28,10,0.35714285714285715,1.0,100000000000000.0,115.21050641017177,0.11469642345499854,320.62626860465406,10912437.38464076,8.02602922624409,2.8664390093728893
2.5,std,-2,2073969212428.808,0.002073969212428808,27,10,0.37037037037037035,1.0,100000000000000.0,136.9672982161647,0.11422383348051643,320.60506148016515,10837068.298925612,7.937229027710435,2.9397144547075684
2.51,std,-2,2100136959732.0498,0.0021001369597320498,27,10,0.37037037037037035,1.0,100000000000000.0,106.79657683688772,0.11374895508894493,320.57924827436034,10762413.25276639,7.849147343506786,2.907091608706217
2.52,std,-2,2126532146885.7642,0.002126532146885764,18,10,0.5555555555555556,1.0,100000000000000.0,123.72309901402949,0.11327191553873434,320.54889273324454,10688463.759278566,7.761788609738425,4.312104783188015
2.53,std,-2,2153155857914.1213,0.002153155857914121,31,10,0.3225806451612903,1.0,100000000000000.0,122.40305322683066,0.112792839802488,320.5140578244441,10615211.451314276,7.675156838755395,2.4758570447598047
2.54,std,-2,2180009177708.1208,0.002180009177708121,25,10,0.4,1.0,100000000000000.0,99.06211522980337,0.11231185056399447,320.47480574589724,10542648.079530537,7.589255631016625,3.0357022524066504
2.55,std,-2,2207093192022.1904,0.0022070931920221905,43,10,0.23255813953488372,1.0,100000000000000.0,92.03785698814173,0.11182906821729809,320.4311979343627,10470765.510502744,7.504088186855659,1.745136787640851
2.56,std,-2,2234408987470.773,0.002234408987470773,36,10,0.2777777777777778,1.0,100000000000000.0,157.067737244918,0.1113446108677235,320.3832950737787,10399555.724859066,7.419657318122595,2.061015921700721
2.57,std,-2,2261957651524.9487,0.0022619576515249488,21,10,0.47619047619047616,1.0,100000000000000.0,170.372958472576,0.11085859433477233,320.33115710359044,10329010.815461004,7.335965459715367,3.493316885578746
2.5799999999999996,std,-2,2289740272509.0874,0.0022897402725090875,35,10,0.2857142857142857,1.0,100000000000000.0,86.67335831881783,0.11037113215680884,320.2748432275034,10259122.985599501,7.253014680981175,2.072289908851764
2.59,std,-2,2317757939597.5073,0.002317757939597507,23,10,0.43478260869565216,1.0,100000000000000.0,217.58305213792318,0.10988233559745512,320.21441192156624,10189884.547240347,7.170806696979928,3.117742042165186
2.5999999999999996,std,-2,2346011742811.1494,0.0023460117428111492,38,10,0.2631578947368421,1.0,100000000000000.0,102.14376042707121,0.109392313653616,320.1499209421039,10121287.9192909,7.089342879595951,1.8656165472620923
2.61,std,-2,2374502773014.3,0.0023745027730143,32,10,0.3125,1.0,100000000000000.0,97.42604399271765,0.108901173065055,320.0814273339821,10053325.625898778,7.008624268510402,2.1901950839095004
2.6199999999999997,std,-2,2403232121911.2954,0.0024032321219112952,33,10,0.30303030303030304,1.0,100000000000000.0,92.19571544280623,0.1084090183254463,320.00898743956554,9985990.294780755,6.928651582035075,2.0995913884954773
2.63,std,-2,2432200882043.2935,0.0024322008820432933,37,10,0.2702702702702703,1.0,100000000000000.0,143.55216637793345,0.10791595169482557,319.9326569051133,9919274.6555814,6.849425227731352,1.85119600749496
2.6399999999999997,std,-2,2461410146785.011,0.002461410146785011,16,10,0.625,1.0,100000000000000.0,73.92574999434774,0.10742207321336858,319.852490690502,9853171.53826193,6.770945312939341,4.231840820587088
2.65,std,-2,2490861010341.5293,0.0024908610103415293,43,10,0.23255813953488372,1.0,100000000000000.0,86.45187917293093,0.10692748071642302,319.7685430759132,9787673.871516135,6.693211655072054,1.5565608500167567
2.6599999999999997,std,-2,2520554567745.092,0.0025205545677450918,45,10,0.2222222222222222,1.0,100000000000000.0,63.320275096281215,0.10643226985072582,319.6808676699083,9722774.681209411,6.616223791765244,1.4702719537256097
2.67,std,-2,2550491914851.9263,0.002550491914851926,38,10,0.2631578947368421,1.0,100000000000000.0,152.42662848623735,0.10593653409173551,319.58951741786643,9658467.088857314,6.539980990867565,1.7210476291756749
2.6799999999999997,std,-2,2580674148339.086,0.002580674148339086,36,10,0.2777777777777778,1.0,100000000000000.0,84.1818509175061,0.10544036476201399,319.49454460881344,9594744.310116976,6.464482260209742,1.7956895167249285
2.69,std,-2,2611102365701.33,0.00261110236570133,43,10,0.23255813953488372,1.0,100000000000000.0,46.87176929205678,0.1049438510505919,319.3960008835683,9531599.653310519,6.3897263572246406,1.4859828737731722
2.6999999999999997,std,-2,2641777665247.975,0.0026417776652479753,34,10,0.29411764705882354,1.0,100000000000000.0,56.1323612823787,0.10444708003325524,319.2939372423763,9469026.51798176,6.315711798378816,1.8575622936408283
2.71,std,-2,2672701146099.834,0.002672701146099834,36,10,0.2777777777777778,1.0,100000000000000.0,133.18127374012772,0.10395013669369071,319.18840405180123,9407018.393461363,6.242436868393539,1.7340102412204275
2.7199999999999998,std,-2,2703873908186.093,0.0027038739081860926,40,10,0.25,1.0,100000000000000.0,118.73613443487923,0.10345310394543139,319.07945105308454,9345568.857473286,6.1698996293201125,1.5424749073300281
2.73,std,-2,2735297052241.2817,0.002735297052241282,31,10,0.3225806451612903,1.0,100000000000000.0,86.00909587071081,0.10295606265454338,318.9671273685801,9284671.574754989,6.098097929382864,1.967128364317053
2.7399999999999998,std,-2,2766971679802.2207,0.0027669716798022206,45,10,0.2222222222222222,1.0,100000000000000.0,73.17295074911576,0.10245909166299956,318.8514815098688,9224320.295706078,6.027029411670269,1.3393398692600598
2.75,std,-2,2798898893204.9893,0.0027988988932049893,51,10,0.19607843137254902,1.0,100000000000000.0,124.67685720914021,0.10196226781268383,318.73256138436653,9164508.855059594,5.9566915226077555,1.1679787299230893
2.76,std,-2,2831079795581.9165,0.0028310797955819166,43,10,0.23255813953488372,1.0,100000000000000.0,93.63284204614526,0.10146566596997589,318.61041430282415,9105231.170576822,5.88708152025949,1.3690887256417419
2.77,std,-2,2863515490858.611,0.0028635154908586108,31,10,0.3225806451612903,1.0,100000000000000.0,77.45111717262242,0.10096935905086413,318.4850869863138,9046481.241760328,5.818196482428811,1.8768375749770358
2.78,std,-2,2896207083750.9644,0.0028962070837509645,24,10,0.4166666666666667,1.0,100000000000000.0,95.07642272703092,0.1004734180465394,318.35662557306625,8988253.148596747,5.750033314572694,2.3958472144052894
2.79,std,-2,2929155679762.212,0.002929155679762212,22,10,0.45454545454545453,1.0,100000000000000.0,88.46926121166906,0.09997791204942123,318.2250756260491,8930541.050315544,5.682588757538035,2.5829948897900157
2.8,std,-2,2962362385179.9873,0.0029623623851799874,61,10,0.16393442622950818,1.0,100000000000000.0,33.75072872263665,0.09948290827957305,318.0904821388417,8873339.184167327,5.615859395078955,0.9206326877178613
2.81,std,-2,2995828307073.417,0.002995828307073417,37,10,0.2702702702702703,1.0,100000000000000.0,72.97945300239238,0.09898847211146117,317.9528895434973,8816641.86423281,5.5498416612299994,1.4999572057378379
2.82,std,-2,3029554553290.197,0.003029554553290197,36,10,0.2777777777777778,1.0,100000000000000.0,55.40112007473158,0.09849466710101733,317.8123417167176,8760443.480241075,5.484531847456874,1.5234810687380207
2.8299999999999996,std,-2,3063542232453.73,0.00306354223245373,42,10,0.23809523809523808,1.0,100000000000000.0,143.49864976693505,0.09800155501296365,317.6688819861695,8704738.496411402,5.419926109628813,1.2904585975306697
2.84,std,-2,3097792453960.238,0.0030977924539602377,53,10,0.18867924528301888,1.0,100000000000000.0,72.89695945953117,0.09750919584836228,317.5225531381578,8649521.450322606,5.35602047483696,1.010569900912634
2.8499999999999996,std,-2,3132306327975.925,0.0031323063279759247,28,10,0.35714285714285715,1.0,100000000000000.0,99.0386460602834,0.097017647872353,317.3733974231611,8594786.951786837,5.292810847986067,1.8902895885664526
2.86,std,-2,3167084965434.135,0.0031670849654341347,24,10,0.4166666666666667,1.0,100000000000000.0,82.41581623468626,0.09652696764204288,317.22145656276365,8540529.681758447,5.230293018241708,2.179288757600712
2.8699999999999997,std,-2,3202129478032.528,0.003202129478032528,46,10,0.21739130434782608,1.0,100000000000000.0,94.08155158951715,0.09603721003451575,317.06677175597935,8486744.391249523,5.1684626652829,1.1235788402788913
2.88,std,-2,3237440978230.3027,0.0032374409782303026,41,10,0.24390243902439024,1.0,100000000000000.0,87.83153310530503,0.0955484282749277,316.9093836855766,8433425.9002663,5.107315365381812,1.2456866744833688
2.8899999999999997,std,-2,3273020579245.365,0.0032730205792453654,51,10,0.19607843137254902,1.0,100000000000000.0,112.01571223797585,0.09506067396466021,316.7493325244025,8380569.09677265,5.046846597316601,0.9895777641797256
2.9,std,-2,3308869395051.6196,0.0033088693950516198,37,10,0.2702702702702703,1.0,100000000000000.0,92.54716197137536,0.09457399710949974,316.58665794138415,8328168.935656688,4.987051748100067,1.347851823810829
2.9099999999999997,std,-2,3344988540376.156,0.003344988540376156,38,10,0.2631578947368421,1.0,100000000000000.0,126.6928210102584,0.0940884461478178,316.42139910780554,8276220.437724468,4.927926118551078,1.2968226627765993
2.92,std,-2,3381379130696.5596,0.0033813791306965594,34,10,0.29411764705882354,1.0,100000000000000.0,72.25522761018277,0.09360406797872392,316.2535947035926,8224718.688710108,4.869464928700244,1.4321955672647775
2.9299999999999997,std,-2,3418042282238.152,0.0034180422822381517,37,10,0.2702702702702703,1.0,100000000000000.0,74.85160393516087,0.09312090799016796,316.08328292276263,8173658.8382961275,4.811663323016144,1.3004495467611201
2.94,std,-2,3454979111971.307,0.003454979111971307,37,10,0.2702702702702703,1.0,100000000000000.0,58.29942032464165,0.09263901008696694,315.91050147974033,8123036.099160874,4.7545163754913835,1.285004425808482
2.9499999999999997,std,-2,3492190737608.7603,0.00349219073760876,37,10,0.2702702702702703,1.0,100000000000000.0,70.99011822861328,0.09215841671873516,315.7352876154461,8072845.746031287,4.698019094561103,1.26973489042192
2.96,std,-2,3529678277602.923,0.003529678277602923,26,10,0.38461538461538464,1.0,100000000000000.0,99.20281529316999,0.09167916890769558,315.5576781023821,8023083.114753859,4.64216642785331,1.785448626097427
2.9699999999999998,std,-2,3567442851143.22,0.0035674428511432202,33,10,0.30303030303030304,1.0,100000000000000.0,65.25660542007559,0.0912013062763538,315.3777092512329,7973743.601392691,4.5869532668168125,1.389985838429337
2.98,std,-2,3605485578153.4697,0.00360548557815347,49,10,0.20408163265306123,1.0,100000000000000.0,71.47133069058495,0.09072486707501438,315.1954169154942,7924822.661321773,4.532374451158621,0.9249743777874736
2.9899999999999998,std,-2,3643807579289.2114,0.0036438075792892114,35,10,0.2857142857142857,1.0,100000000000000.0,35.175406875165535,0.09024988820912404,315.0108364984049,7876315.808353685,4.478424773181398,1.2795499351946853
3.0,std,-2,3682409975935.141,0.003682409975935141,26,10,0.38461538461538464,1.0,100000000000000.0,52.37370259829297,0.0897764052664229,314.8240029570157,7828218.613865179,4.4250989819257205,1.701961146894508
3.01,std,-2,3721293890202.466,0.0037212938902024656,24,10,0.4166666666666667,1.0,100000000000000.0,91.7714534399573,0.08930445254389056,314.6349508092236,7780526.705950752,4.37239178722236,1.82182991134265
3.02,std,-2,3760460444926.342,0.0037604604449263416,51,10,0.19607843137254902,1.0,100000000000000.0,54.82279237209409,0.08883406307447111,314.44371413765157,7733235.768582869,4.320297863557884,0.8471172281486047
3.03,std,-2,3799910763663.3076,0.0037999107636633076,39,10,0.2564102564102564,1.0,100000000000000.0,122.2585054227824,0.08836526865356453,314.2503265962332,7686341.540784624,4.268811853843088,1.094567142011048
3.04,std,-2,3839645970688.7144,0.0038396459706887143,55,10,0.18181818181818182,1.0,100000000000000.0,87.22246464016376,0.08789809986527143,314.0548214146447,7639839.815826388,4.217928373025438,0.7668960678228068
3.05,std,-2,3879667190994.184,0.0038796671909941843,24,10,0.4166666666666667,1.0,100000000000000.0,50.87459698624563,0.08743258610838046,313.8572314043768,7593726.440420668,4.1676420115868815,1.7365175048278674
3.06,std,-2,3919975550285.095,0.003919975550285095,19,10,0.5263157894736842,1.0,100000000000000.0,98.47227840471604,0.08696875562208634,313.65758896287497,7547997.313944066,4.117947338897434,2.16734070468286
3.07,std,-2,3960572174978.0527,0.003960572174978053,36,10,0.2777777777777778,1.0,100000000000000.0,47.513725394270864,0.08650663551143015,313.4559260798321,7502648.387664568,4.06883890647051,1.1302330295751417
3.08,std,-2,4001458192198.4,0.0040014581921984,24,10,0.4166666666666667,1.0,100000000000000.0,83.00600893571514,0.08604625177245216,313.2522743409976,7457675.663981256,4.020311251065199,1.675129687943833
3.09,std,-2,4042634729777.732,0.004042634729777732,32,10,0.3125,1.0,100000000000000.0,64.70818611818308,0.08558762931704852,313.04666493424924,7413075.195680463,3.97235889770337,1.2413621555323031
3.0999999999999996,std,-2,4084102916251.4194,0.004084102916251419,45,10,0.2222222222222222,1.0,100000000000000.0,82.12047935490304,0.08513079199752545,312.8391286537571,7368843.085202581,3.924976362546782,0.8722169694548404
3.11,std,-2,4125863880856.154,0.004125863880856154,45,10,0.2222222222222222,1.0,100000000000000.0,41.67762708504503,0.08467576263084305,312.6296959057874,7324975.48391775,3.878158155682097,0.8618129234849103
3.1199999999999997,std,-2,4167918753527.496,0.004167918753527496,43,10,0.23255813953488372,1.0,100000000000000.0,67.55339852778168,0.08422256302254322,312.4183967118727,7281468.591418872,3.8318987837671767,0.8911392520388783
3.13,std,-2,4210268664897.4595,0.00421026866489746,25,10,0.4,1.0,100000000000000.0,83.85406305345927,0.08377121399035611,312.2052607156407,7238318.654820386,3.7861927526142334,1.5144771010456934
3.1399999999999997,std,-2,4252914746292.0728,0.004252914746292072,49,10,0.20408163265306123,1.0,100000000000000.0,65.90141139372088,0.08332173538748046,311.9903171861427,7195521.968076602,3.741034569630564,0.7634764427817478
3.15,std,-2,4295858129729.003,0.004295858129729003,25,10,0.4,1.0,100000000000000.0,32.16525295508958,0.08287414612553251,311.77359502231633,7153074.871296239,3.696418746165718,1.4785674984662873
3.1599999999999997,std,-2,4339099947915.1353,0.004339099947915135,32,10,0.3125,1.0,100000000000000.0,93.0867148888203,0.08242846419716175,311.55512275896336,7110973.750088734,3.6523397997898646,1.1413561874343328
3.17,std,-2,4382641334244.2144,0.004382641334244214,28,10,0.35714285714285715,1.0,100000000000000.0,66.40283026976451,0.0819847066983287,311.3349285700932,7069215.034901877,3.6087922564354407,1.2888543772983716
3.1799999999999997,std,-2,4426483422794.472,0.0044264834227944715,42,10,0.23809523809523808,1.0,100000000000000.0,64.63946112848137,0.0815428898502426,311.113040273481,7027795.200383879,3.565770652468539,0.8489930124925092
3.19,std,-2,4470627348326.277,0.004470627348326277,46,10,0.21739130434782608,1.0,100000000000000.0,87.84128929406158,0.08110302902095701,310.8894853358719,6986710.76474544,3.523269536672513,0.7659281601461985
3.1999999999999997,std,-2,4515074246279.807,0.0045150742462798064,28,10,0.35714285714285715,1.0,100000000000000.0,63.534818778465294,0.08066513874662186,310.66429087637266,6945958.289138465,3.4812834721268415,1.2433155257595863
3.21,std,-2,4559825252772.698,0.004559825252772699,42,10,0.23809523809523808,1.0,100000000000000.0,54.406171793670595,0.08022923275238983,310.4374836716241,6905534.377048772,3.4398070380237593,0.8190016757199426
3.2199999999999998,std,-2,4604881504597.752,0.004604881504597752,39,10,0.2564102564102564,1.0,100000000000000.0,80.9099832724174,0.07979532397297763,310.20909015971273,6865435.673682141,3.3988348313800216,0.8714961106102619
3.23,std,-2,4650244139220.633,0.004650244139220633,43,10,0.23255813953488372,1.0,100000000000000.0,57.12119029400752,0.07936342457287976,309.9791364439402,6825658.865381889,3.358361468678549,0.781014295041523
3.2399999999999998,std,-2,4695914294777.559,0.004695914294777559,28,10,0.35714285714285715,1.0,100000000000000.0,81.50017694218721,0.07893354596623703,309.7476482981226,6786200.679036681,3.318381587439874,1.1851362812285264
3.25,std,-2,4741893110073.061,0.0047418931100730605,47,10,0.2127659574468085,1.0,100000000000000.0,88.78767265938608,0.07850569883635809,309.514651169303,6747057.881511198,3.2788898476970227,0.6976361378078771
3.26,std,-2,4788181724577.689,0.004788181724577689,36,10,0.2777777777777778,1.0,100000000000000.0,89.90641288259522,0.07807989315489611,309.2801701831929,6708227.279078383,3.239880933423547,0.8999669259509854
3.27,std,-2,4834781278425.773,0.0048347812784257736,52,10,0.19230769230769232,1.0,100000000000000.0,52.758125506470606,0.0776561382006801,309.0442301469479,6669705.71686476,3.2013495538644654,0.6156441449739357
3.28,std,-2,4881692912413.185,0.004881692912413185,54,10,0.18518518518518517,1.0,100000000000000.0,39.968572390869895,0.07723444257820353,308.80685555430915,6631490.078299773,3.1632904448217394,0.5857945268188406
3.29,std,-2,4928917767995.114,0.004928917767995114,52,10,0.19230769230769232,1.0,100000000000000.0,81.38439351009556,0.07681481423577075,308.5680705884269,6593577.284582875,3.1256983698537018,0.6010958403564811
3.3,std,-2,4976456987283.814,0.004976456987283814,65,10,0.15384615384615385,1.0,100000000000000.0,63.827542824250614,0.07639726048330328,308.3278991265758,6555964.294144623,3.088568121423263,0.4751643263728097
3.31,std,-2,5024311713046.492,0.0050243117130464926,45,10,0.2222222222222222,1.0,100000000000000.0,76.76520602860106,0.0759817880098082,308.08636474327767,6518648.1021335395,3.051894521976152,0.678198782661367
3.32,std,-2,5072483088702.987,0.005072483088702988,32,10,0.3125,1.0,100000000000000.0,37.46910005981923,0.07556840290051019,307.8434907151912,6481625.739898744,3.0156724249710853,0.9423976328034642
3.33,std,-2,5120972258323.712,0.005120972258323712,31,10,0.3225806451612903,1.0,100000000000000.0,89.87813077349475,0.07515711065365033,307.59930002306703,6444894.2744803615,2.9798967158228082,0.9612570051041317
3.34,std,-2,5169780366627.404,0.005169780366627404,29,10,0.3448275862068966,1.0,100000000000000.0,84.22944003937953,0.07474791619695409,307.3538153572525,6408450.8081216905,2.944562312830745,1.0153663147692225
3.3499999999999996,std,-2,5218908558979.009,0.0052189085589790084,39,10,0.2564102564102564,1.0,100000000000000.0,33.66253470047552,0.0743408239037712,307.1070591202149,6372292.477769603,2.9096641680150483,0.7460677353884738
3.36,std,-2,5268357981387.518,0.005268357981387518,53,10,0.18867924528301888,1.0,100000000000000.0,75.40677081023806,0.07393583760889016,306.85905343043703,6336416.454597149,2.8751972679207425,0.5424900505510836
3.3699999999999997,std,-2,5318129780503.833,0.005318129780503833,37,10,0.2702702702702703,1.0,100000000000000.0,115.38040184810063,0.07353296062403111,306.6098201262658,6300819.9435306,2.841156634369348,0.7678801714511752
3.38,std,-2,5368225103618.674,0.0053682251036186734,63,10,0.15873015873015872,1.0,100000000000000.0,65.15868339568104,0.07313219575301971,306.359380768656,6265500.18277916,2.8075373251493727,0.44564084526180514
3.3899999999999997,std,-2,5418645098660.403,0.005418645098660403,49,10,0.20408163265306123,1.0,100000000000000.0,58.04288868334195,0.07273354530664589,306.1077566454607,6230454.443376221,2.774334434676285,0.5661907009543439
3.4,std,-2,5469390914193.0,0.005469390914193,68,10,0.14705882352941177,1.0,100000000000000.0,71.56828604742033,0.07233701111721073,305.8549687745694,6195680.028727723,2.7415430945963384,0.4031681021465204
3.4099999999999997,std,-2,5520463699413.911,0.005520463699413911,32,10,0.3125,1.0,100000000000000.0,83.43300021544042,0.07194259455276497,305.60103790674714,6161174.274165404,2.709158474343292,0.8466120232322788
3.42,std,-2,5571864604152.017,0.005571864604152017,40,10,0.25,1.0,100000000000000.0,50.9287235284032,0.07155029653104333,305.3459845300348,6126934.5465087,2.677175781667858,0.6692939454169645
3.4299999999999997,std,-2,5623594778865.527,0.005623594778865528,35,10,0.2857142857142857,1.0,100000000000000.0,60.123953033624346,0.07116011753309788,305.0898288720832,6092958.2436328735,2.6455902631078203,0.75588293231652
3.44,std,-2,5675655374639.957,0.005675655374639957,30,10,0.3333333333333333,1.0,100000000000000.0,80.91264467806197,0.07077205761663512,304.832590903623,6059242.794044905,2.6143972044299173,0.8714657348099724
3.4499999999999997,std,-2,5728047543186.045,0.005728047543186045,60,10,0.16666666666666666,1.0,100000000000000.0,73.17677702083901,0.07038611642905952,304.5742903421235,6025785.656462501,2.5835919310341233,0.43059865517235385
3.46,std,-2,5780772436837.773,0.005780772436837773,38,10,0.2631578947368421,1.0,100000000000000.0,60.44695308496981,0.07000229322022894,304.3149466542691,5992584.319403749,2.553169808313468,0.6718867916614389
3.4699999999999998,std,-2,5833831208550.258,0.005833831208550258,56,10,0.17857142857142858,1.0,100000000000000.0,49.15771047980529,0.06962058685492503,304.0545790602804,5959636.300782556,2.5231262419945315,0.4505582574990235
3.48,std,-2,5887225011897.829,0.005887225011897829,44,10,0.22727272727272727,1.0,100000000000000.0,60.20526651824989,0.06924099582504298,303.79320653503424,5926939.147505195,2.493456678415422,0.5666946996398686
3.4899999999999998,std,-2,5940955001071.961,0.005940955001071961,43,10,0.23255813953488372,1.0,100000000000000.0,83.28270097451545,0.06886351826150523,303.53084781304744,5894490.435082389,2.4641566048081076,0.5730596755367692
3.5,std,-2,5995022330879.303,0.005995022330879303,59,10,0.1694915254237288,1.0,100000000000000.0,47.265222103650984,0.06848815194590231,303.2675213904641,5862287.767236518,2.4352215495201714,0.4127494151729104
3.51,std,-2,6049428156739.691,0.0060494281567396915,62,10,0.16129032258064516,1.0,100000000000000.0,52.457254997506354,0.06811489432186627,303.00324552835167,5830328.775524363,2.406647082221996,0.38816888422935414
3.52,std,-2,6104173634684.196,0.006104173634684196,40,10,0.25,1.0,100000000000000.0,62.91374949926961,0.06774374250617998,302.73803825546133,5798611.1189587405,2.3784288140782364,0.5946072035195591
3.53,std,-2,6159259921353.118,0.006159259921353118,76,10,0.13157894736842105,1.0,100000000000000.0,48.201115675044896,0.0673746932996273,302.4719173713031,5767132.483642135,2.3505623978972183,0.30928452603910767
3.54,std,-2,6214688173994.087,0.006214688173994087,46,10,0.21739130434782608,1.0,100000000000000.0,69.18106159493631,0.06700774319758737,302.20490044917426,5735890.582397208,2.3230435282501434,0.5050094626630747
3.55,std,-2,6270459550460.069,0.006270459550460069,40,10,0.25,1.0,100000000000000.0,47.888453704304524,0.06664288840037871,301.93700483795726,5704883.154414197,2.2958679415605174,0.5739669853901294
3.56,std,-2,6326575209207.461,0.006326575209207461,74,10,0.13513513513513514,1.0,100000000000000.0,39.134917579214886,0.06628012482335588,301.66824766669333,5674107.964892094,2.2690314161862215,0.30662586705219214
3.57,std,-2,6383036309294.179,0.006383036309294179,65,10,0.15384615384615385,1.0,100000000000000.0,43.64863152540607,0.06591944810676449,301.3986458456394,5643562.804696245,2.242529772456126,0.3450045803778655
3.58,std,-2,6439844010377.707,0.006439844010377707,32,10,0.3125,1.0,100000000000000.0,50.46473522868136,0.06556085362535716,301.1282160699902,5613245.49001041,2.216358872700815,0.6926121477190048
3.59,std,-2,6496999472713.245,0.006496999472713245,46,10,0.21739130434782608,1.0,100000000000000.0,71.68598354473889,0.0652043364977763,300.8569748223226,5583153.862002588,2.1905146212560465,0.4761988307078362
3.5999999999999996,std,-2,6554503857151.772,0.006554503857151773,46,10,0.21739130434782608,1.0,100000000000000.0,37.51365643061822,0.06484989159570673,300.584938375088,5553285.786493722,2.164992964445686,0.4706506444447143
3.61,std,-2,6612358325138.182,0.006612358325138182,39,10,0.2564102564102564,1.0,100000000000000.0,61.90980228883378,0.06449751355280299,300.31212279318254,5523639.15362708,2.1397898905444657,0.5486640744985809
3.6199999999999997,std,-2,6670564038709.403,0.006670564038709403,51,10,0.19607843137254902,1.0,100000000000000.0,45.98791815648737,0.06414719677339552,300.03854393716506,5494211.877547617,2.114901429729056,0.4146865548488345
3.63,std,-2,6729122160492.55,0.0067291221604925495,57,10,0.17543859649122806,1.0,100000000000000.0,51.845521205373316,0.06379893544097907,299.7642174647865,5465001.896084231,2.0903236539988708,0.3667234480699773
3.6399999999999997,std,-2,6788033853703.032,0.0067880338537030325,67,10,0.14925373134328357,1.0,100000000000000.0,57.84299621072082,0.06345272352648877,299.48915883446,5436007.170438018,2.0660526770946204,0.3083660712081523
3.65,std,-2,6847300282142.763,0.006847300282142763,48,10,0.20833333333333334,1.0,100000000000000.0,40.67665155347212,0.0631085547963669,299.213383307106,5407225.684871397,2.0420846543880766,0.425434302997516
3.6599999999999997,std,-2,6906922610198.25,0.00690692261019825,42,10,0.23809523809523808,1.0,100000000000000.0,39.87120155578601,0.06276642282042497,298.9369059491332,5378655.446409031,2.0184157827674882,0.48057518637321145
3.67,std,-2,6966902002838.846,0.006966902002838846,77,10,0.12987012987012986,1.0,100000000000000.0,50.04675552600113,0.062426320979504686,298.6597416345359,5350294.484533614,1.9950423004988966,0.25909640266219436
3.6799999999999997,std,-2,7027239625614.886,0.007027239625614886,68,10,0.14705882352941177,1.0,100000000000000.0,39.416920427910306,0.06208824247294238,298.38190504673986,5322140.850894996,1.971960487075711,0.28999418927583986
3.69,std,-2,7087936644655.863,0.007087936644655863,23,10,0.43478260869565216,1.0,100000000000000.0,40.40906070405608,0.06175218032584041,298.10341068273385,5294192.619019311,1.9491666630689035,0.8474637665516972
3.6999999999999997,std,-2,7148994226668.6875,0.007148994226668688,65,10,0.15384615384615385,1.0,100000000000000.0,45.89064299627639,0.061418127396149415,297.82427285314884,5266447.884021641,1.9266571899377312,0.29640879845195867
3.71,std,-2,7210413538935.83,0.00721041353893583,59,10,0.1694915254237288,1.0,100000000000000.0,50.01827955545382,0.06108607638156587,297.5445056863428,5238904.762326913,1.9044284698569385,0.32278448641643026
3.7199999999999998,std,-2,7272195749313.592,0.007272195749313592,42,10,0.23809523809523808,1.0,100000000000000.0,32.2906393168489,0.06075601982624775,297.2641231297098,5211561.39139034,1.882476945512958,0.4482087965507043
3.73,std,-2,7334342026230.287,0.007334342026230287,70,10,0.14285714285714285,1.0,100000000000000.0,31.134301888604973,0.06042795012735299,296.9831389521244,5184415.929424091,1.8607990998980541,0.26582844284257917
3.7399999999999998,std,-2,7396853538684.522,0.0073968535386845224,54,10,0.18518518518518517,1.0,100000000000000.0,74.00532748042448,0.060101859541404255,296.7015667466706,5157466.555130386,1.8393914560972178,0.3406280474254107
3.75,std,-2,7459731456243.403,0.007459731456243403,81,10,0.12345679012345678,1.0,100000000000000.0,71.58796081454264,0.05977774019048319,296.41941993196605,5130711.467432381,1.8182505770547766,0.22447537988330574
3.76,std,-2,7522976949040.82,0.0075229769490408206,38,10,0.2631578947368421,1.0,100000000000000.0,51.41459259458865,0.059455584068258405,296.1367117549226,5104148.885215932,1.7973730653438837,0.47299291193260096
3.77,std,-2,7586591187775.679,0.007586591187775679,31,10,0.3225806451612903,1.0,100000000000000.0,57.72860447723669,0.05913538304585055,295.8534552927963,5077777.047071797,1.7767555629220932,0.5731469557813204
3.78,std,-2,7650575343710.197,0.007650575343710197,38,10,0.2631578947368421,1.0,100000000000000.0,38.854697829947476,0.05881712887753789,295.5696634553168,5051594.211037625,1.7563947508783788,0.4622091449679944
3.79,std,-2,7714930588668.18,0.007714930588668179,47,10,0.2127659574468085,1.0,100000000000000.0,36.743688096291706,0.05850081320630583,295.2853489865482,5025598.654353037,1.736287349174655,0.3694228402499266
3.8,std,-2,7779658095033.258,0.007779658095033258,58,10,0.1724137931034483,1.0,100000000000000.0,49.002913932731495,0.058186427569244414,295.0005244670499,4999788.673212268,1.7164301163802467,0.2959362269621115
3.81,std,-2,7844759035747.283,0.007844759035747283,56,10,0.17857142857142858,1.0,100000000000000.0,61.798528886909274,0.05787396340279591,294.71520231570616,4974162.582516595,1.6968198493968063,0.303003544535144
3.82,std,-2,7910234584308.536,0.007910234584308536,45,10,0.2222222222222222,1.0,100000000000000.0,35.70194813102387,0.0575634120478575,294.4293947929591,4948718.7156405095,1.6774533831889884,0.37276741848644185
3.83,std,-2,7976085914770.089,0.007976085914770089,55,10,0.18181818181818182,1.0,100000000000000.0,52.98728106323675,0.057254764754740534,294.1431140002883,4923455.424194368,1.6583275904856083,0.3015141073610197
3.84,std,-2,8042314201738.116,0.008042314201738116,50,10,0.2,1.0,100000000000000.0,27.963347676906075,0.056948012687991136,293.8563718851633,4898371.077789676,1.6394393815069541,0.3278878763013908
3.8499999999999996,std,-2,8108920620370.219,0.008108920620370219,59,10,0.1694915254237288,1.0,100000000000000.0,50.83215598363192,0.056643146931074334,293.5691802401758,4873464.063811505,1.6207857036554936,0.27470944129754127
3.86,std,-2,8175906346373.765,0.008175906346373765,52,10,0.19230769230769232,1.0,100000000000000.0,46.97666824582175,0.056340158490925135,293.28155070718805,4848732.787193777,1.6023635412304997,0.3081468348520192
3.8699999999999997,std,-2,8243272556004.24,0.00824327255600424,55,10,0.18181818181818182,1.0,100000000000000.0,40.1376353808419,0.05603903830236975,292.99349477771085,4824175.670194775,1.584169915116545,0.28803089365755363
3.88,std,-2,8311020426063.593,0.008311020426063593,58,10,0.1724137931034483,1.0,100000000000000.0,48.54822114754338,0.05573977723241955,292.7050237959165,4799791.152178878,1.5662018824839947,0.2700348073248267
3.8899999999999997,std,-2,8379151133898.587,0.008379151133898586,39,10,0.2564102564102564,1.0,100000000000000.0,34.002219453885644,0.05544236608444147,292.4161489591113,4775577.689400512,1.548456536472058,0.3970401375569379
3.9,std,-2,8447665857399.204,0.008447665857399204,71,10,0.14084507042253522,1.0,100000000000000.0,56.45676143272112,0.0551467956022065,292.12688132054365,4751533.754790982,1.5309310058814538,0.21562408533541605
3.9099999999999997,std,-2,8516565774996.969,0.008516565774996968,53,10,0.18867924528301888,1.0,100000000000000.0,50.621788880220116,0.0548530564738208,291.8372317916429,4727657.837746424,1.5136224548605128,0.2855891424265119
3.92,std,-2,8585852065663.391,0.008585852065663391,60,10,0.16666666666666666,1.0,100000000000000.0,40.666905636898,0.054561139335540465,291.5472111418307,4703948.4439248545,1.4965280825782168,0.24942134709636946
3.9299999999999997,std,-2,8655525908908.306,0.008655525908908305,51,10,0.19607843137254902,1.0,100000000000000.0,48.7055777064504,0.054271034775474035,291.25683000265275,4680404.095037893,1.4796451229150314,0.29012649468922186
3.94,std,-2,8725588484778.329,0.00872558848477833,49,10,0.20408163265306123,1.0,100000000000000.0,36.72303220452578,0.05398273333717482,290.9660988678578,4657023.328652699,1.4629708441330815,0.2985654783945064
3.9499999999999997,std,-2,8796040973855.22,0.00879604097385522,71,10,0.14084507042253522,1.0,100000000000000.0,42.978670255075386,0.053696225523125696,290.67502809571613,4633804.697992794,1.4465025485550953,0.20373275331761906
3.96,std,-2,8866884557254.307,0.008866884557254307,78,10,0.1282051282051282,1.0,100000000000000.0,49.04910196190433,0.05341150179811911,290.3836279102498,4610746.771740449,1.4302375722360465,0.18336379131231365
3.9699999999999998,std,-2,8938120416622.92,0.00893812041662292,39,10,0.2564102564102564,1.0,100000000000000.0,35.37933221110252,0.05312855259253501,290.09190840374004,4587848.13384705,1.4141732846416546,0.36260853452350117
3.98,std,-2,9009749734138.826,0.009009749734138825,57,10,0.17543859649122806,1.0,100000000000000.0,60.28317550591498,0.05284736830551836,289.79987953776856,4565107.3833417045,1.3983070883172048,0.2453170330381061
3.9899999999999998,std,-2,9081773692508.635,0.009081773692508635,38,10,0.2631578947368421,1.0,100000000000000.0,42.459883844315556,0.05256793930805998,289.5075511443056,4542523.13414405,1.38263641855656,0.3638516890938316
4.0,std,-2,9154193474966.303,0.009154193474966302,53,10,0.18867924528301888,1.0,100000000000000.0,44.4458364591289,0.05229025594598198,289.214932928596,4520094.014880405,1.3671587430795136,0.25795447982632336
4.01,std,-2,9227010265271.521,0.00922701026527152,64,10,0.15625,1.0,100000000000000.0,35.20135151819774,0.052014308542830644,288.9220344699954,4497818.66870036,1.351871561698202,0.21122993151534405
4.02,std,-2,9300225247708.234,0.009300225247708235,50,10,0.2,1.0,100000000000000.0,49.173387101975,0.051740087402679,288.6288652226483,4475695.7530969195,1.3367724059831787,0.26735448119663574
4.03,std,-2,9373839607083.062,0.009373839607083063,42,10,0.23809523809523808,1.0,100000000000000.0,37.135146141091404,0.05146758281284127,288.3354345193048,4453723.939732424,1.3218588389451376,0.3147282949869375
4.04,std,-2,9447854528723.79,0.009447854528723789,36,10,0.2777777777777778,1.0,100000000000000.0,41.18919946977217,0.05119678504650158,288.0417515703898,4431901.9142613495,1.3071284546929758,0.3630912374147155
4.05,std,-2,9522271198477.885,0.009522271198477884,68,10,0.14705882352941177,1.0,100000000000000.0,49.66088114098314,0.05092768436525858,287.7478254670948,4410228.376158676,1.2925788781119163,0.19008512913410536
4.06,std,-2,9597090802710.914,0.009597090802710914,46,10,0.21739130434782608,1.0,100000000000000.0,59.72882134284555,0.05066027102158882,287.4536651819925,4388702.038552683,1.2782077645312862,0.27787125315897526
4.07,std,-2,9672314528305.12,0.00967231452830512,55,10,0.18181818181818182,1.0,100000000000000.0,36.30119059546878,0.05039453526123035,287.1592795713556,4367321.6280537555,1.2640127993988233,0.22982050898160425
4.08,std,-2,9747943562657.838,0.009747943562657837,69,10,0.14492753623188406,1.0,100000000000000.0,42.637996554024895,0.05013046732548883,286.864677375535,4346085.884590511,1.2499916979485741,0.18115821709399627
4.09,std,-2,9823979093680.121,0.009823979093680121,55,10,0.18181818181818182,1.0,100000000000000.0,31.541857599620137,0.049868057453468215,286.569867221026,4324993.5612532655,1.2361422048787225,0.22475312815976772
4.1,std,-2,9900422309795.125,0.009900422309795124,50,10,0.2,1.0,100000000000000.0,23.17339159985043,0.04960729588422757,286.2748576217145,4304043.424121051,1.22246209402141,0.244492418804282
4.109999999999999,std,-2,9977274399936.758,0.009977274399936759,66,10,0.15151515151515152,1.0,100000000000000.0,48.379731609002356,0.04934817285886632,285.97965698084795,4283234.252119073,1.2089491680249382,0.1831741163674149
4.12,std,-2,10054536553548.11,0.01005453655354811,44,10,0.22727272727272727,1.0,100000000000000.0,45.824543923217085,0.04909067862253967,285.68427359119363,4262564.836847282,1.195601258020636,0.27172755864105363
4.13,std,-2,10132209960580.037,0.010132209960580037,112,10,0.08928571428571429,1.0,100000000000000.0,51.85193757303242,0.04883480342640599,285.3887156370097,4242033.982438276,1.1824162233066697,0.10557287708095266
4.14,std,-2,10210295811489.736,0.010210295811489736,82,10,0.12195121951219512,1.0,100000000000000.0,46.268777958253494,0.04858053752950762,285.0929911961114,4221640.505400525,1.1693919510287913,0.14260877451570625
4.1499999999999995,std,-2,10288795297239.232,0.010288795297239233,55,10,0.18181818181818182,1.0,100000000000000.0,31.093290645686192,0.04832787120058748,284.79710823987125,4201383.234468503,1.156526355855479,0.21027751924645074
4.16,std,-2,10367709609293.99,0.01036770960929399,64,10,0.15625,1.0,100000000000000.0,29.931428981626844,0.04807679471984265,284.50107463526905,4181261.010457904,1.1438173796641504,0.1787214655725235
4.17,std,-2,10447039939621.44,0.01044703993962144,47,10,0.2127659574468085,1.0,100000000000000.0,28.82611468106141,0.04782729838061681,284.2048981462326,4161272.6861168793,1.1312629912244512,0.2406942534520109
4.18,std,-2,10526787480689.574,0.010526787480689574,83,10,0.12048192771084337,1.0,100000000000000.0,39.469250396107086,0.0475793724910331,283.908586434663,4141417.125983926,1.1188611858834172,0.13480255251607437
4.1899999999999995,std,-2,10606953425465.535,0.010606953425465535,56,10,0.17857142857142858,1.0,100000000000000.0,24.34541757119924,0.04733300737556878,283.61214706142795,4121693.2062488887,1.1066099852527678,0.19760892593799426
4.2,std,-2,10687538967414.172,0.010687538967414171,61,10,0.16393442622950818,1.0,100000000000000.0,36.75154026830737,0.04708819337657378,283.3155874882862,4102099.814607074,1.0945074368994545,0.17942744867204172
4.21,std,-2,10768545300496.629,0.010768545300496628,73,10,0.136986301369863,1.0,100000000000000.0,43.53844225921695,0.04684492085573398,283.01891507854987,4082635.850129579,1.0825516140371203,0.1482947416489206
4.22,std,-2,10849973619168.986,0.010849973619168986,73,10,0.136986301369863,1.0,100000000000000.0,35.32384805251861,0.046603180195481396,282.7221370987088,4063300.22312007,1.070740615219292,0.14667679660538246
4.2299999999999995,std,-2,10931825118380.832,0.010931825118380832,56,10,0.17857142857142858,1.0,100000000000000.0,26.35233230552425,0.0463629618003518,282.4252607187935,4044091.8549862206,1.0590725640333265,0.18912010072023688
4.24,std,-2,11014100993573.865,0.011014100993573864,75,10,0.13333333333333333,1.0,100000000000000.0,24.172001330616897,0.046124256098292224,282.1282930147406,4025009.6781047075,1.0475456088019988,0.1396727478402665
4.25,std,-2,11096802440680.533,0.011096802440680533,45,10,0.2222222222222222,1.0,100000000000000.0,42.98889504249142,0.04588705354191895,281.83124096872444,4006052.635690871,1.036157922280373,0.2302573160623051
4.26,std,-2,11179930656122.639,0.011179930656122638,40,10,0.25,1.0,100000000000000.0,27.556350716174364,0.04565134460972769,281.53411147043437,3987219.681670151,1.0249077013586152,0.2562269253396538
4.27,std,-2,11263486836810.0,0.01126348683681,96,10,0.10416666666666667,1.0,100000000000000.0,31.720726463692603,0.04541711980725716,281.23691131832067,3968509.7805564064,1.013793166768331,0.10560345487170116
4.28,std,-2,11347472180139.072,0.011347472180139073,57,10,0.17543859649122806,1.0,100000000000000.0,33.11782597618661,0.0451843696682072,280.93964722087196,3949921.907314913,1.0028125627870002,0.17593202855912282
4.29,std,-2,11431887883991.545,0.011431887883991545,73,10,0.136986301369863,1.0,100000000000000.0,37.687971063977265,0.04495308475551311,280.6423257970415,3931455.0472522303,0.991964156948274,0.13588550095181834
4.3,std,-2,11516735146733.04,0.011516735146733039,76,10,0.13157894736842105,1.0,100000000000000.0,35.86211194813672,0.04472325566237682,280.3449535785492,3913108.1958865277,0.9812462397559885,0.12911134733631427
4.31,std,-2,11602015167211.781,0.011602015167211781,62,10,0.16129032258064516,1.0,100000000000000.0,40.865526942615915,0.044494873013256726,280.04753700969303,3894880.358826569,0.9706571243936184,0.15655760070864813
4.32,std,-2,11687729144757.215,0.011687729144757214,79,10,0.12658227848101267,1.0,100000000000000.0,31.561313009700577,0.044267927464816684,279.750082448689,3876770.551660913,0.9601951464438873,0.12154368942327688
4.33,std,-2,11773878279178.686,0.011773878279178685,36,10,0.2777777777777778,1.0,100000000000000.0,42.64069151335406,0.04404240970683595,279.4525961699899,3858777.7998315697,0.9498586636099061,0.2638496287805295
4.34,std,-2,11860463770764.105,0.011860463770764105,54,10,0.18518518518518517,1.0,100000000000000.0,30.39799461610827,0.04381831046308065,279.1550843631183,3840901.138524533,0.939646055430726,0.17400852878346776
4.35,std,-2,11947486820278.66,0.01194748682027866,66,10,0.15151515151515152,1.0,100000000000000.0,31.564028385649117,0.043595620492138186,278.8575531358049,3823139.612554538,0.9295557230124278,0.14084177621400423
4.36,std,-2,12034948628963.469,0.012034948628963468,82,10,0.12195121951219512,1.0,100000000000000.0,38.74207737724885,0.04337433058821551,278.56000851327883,3805492.276251821,0.9195860887488342,0.11214464496937002
4.37,std,-2,12122850398534.25,0.01212285039853425,49,10,0.20408163265306123,1.0,100000000000000.0,34.81507141091124,0.0431544315819022,278.2624564406808,3787958.1933524255,0.9097355960558796,0.18566032572568972
4.38,std,-2,12211193331180.102,0.012211193331180101,58,10,0.1724137931034483,1.0,100000000000000.0,36.77309324503053,0.042935914340899516,277.96490278309466,3770536.4368874063,0.9000027091000092,0.15517288087931194
4.39,std,-2,12299978629562.111,0.012299978629562112,51,10,0.19607843137254902,1.0,100000000000000.0,23.54066611370056,0.04271876977071631,277.66735332702984,3753226.089076467,0.8903859125347771,0.17458547304603472
4.3999999999999995,std,-2,12389207496812.115,0.012389207496812115,58,10,0.1724137931034483,1.0,100000000000000.0,33.95319412954008,0.0425029888153329,277.36981378086296,3736026.2412209357,0.880883711236192,0.1518765019372745
4.41,std,-2,12478881136531.383,0.012478881136531382,54,10,0.18518518518518517,1.0,100000000000000.0,30.684187639186792,0.04228856245783335,277.07228977662004,3718935.9935974055,0.8714946300448622,0.16138789445275226
4.42,std,-2,12569000752789.371,0.012569000752789371,50,10,0.2,1.0,100000000000000.0,29.733576933250806,0.042075481721007855,276.7747868698347,3701954.455356704,0.8622172135056,0.17244344270112
4.43,std,-2,12659567550122.422,0.012659567550122422,63,10,0.15873015873015872,1.0,100000000000000.0,30.33021689140424,0.041863737667925324,276.477310541062,3685080.744418201,0.8530500256135759,0.13540476597040887
4.4399999999999995,std,-2,12750582733532.51,0.012750582733532509,56,10,0.17857142857142858,1.0,100000000000000.0,42.5310441652901,0.041653321402477496,276.17986619773967,3668313.9873721073,0.8439916495656641,0.15071279456529715
4.45,std,-2,12842047508485.953,0.012842047508485954,70,10,0.14285714285714285,1.0,100000000000000.0,33.84286927119764,0.041444224069895445,275.88245917281597,3651653.319377335,0.8350406875031657,0.11929152678616653
4.46,std,-2,12933963080912.193,0.012933963080912193,81,10,0.12345679012345678,1.0,100000000000000.0,31.730430993450902,0.041236436857238865,275.58509472750956,3635097.884063798,0.8261957602707221,0.10199947657663234
4.47,std,-2,13026330657202.504,0.013026330657202503,75,10,0.13333333333333333,1.0,100000000000000.0,30.576201386576848,0.04102995099385941,275.2877780520036,3618646.833436934,0.8174555071716496,0.10899406762288662
4.4799999999999995,std,-2,13119151444208.777,0.013119151444208778,50,10,0.2,1.0,100000000000000.0,29.030154705615114,0.04082475775183858,274.99051426511454,3602299.327779113,0.8088185857219657,0.16176371714439317
4.49,std,-2,13212426649242.262,0.013212426649242262,43,10,0.23255813953488372,1.0,100000000000000.0,29.050326772965512,0.04062084844640118,274.69330841672104,3586054.5355572705,0.8002836714164608,0.18611248172475833
4.5,std,-2,13306157480072.332,0.013306157480072332,69,10,0.14492753623188406,1.0,100000000000000.0,33.20649271431463,0.04041821443630461,274.396165487322,3569911.633328093,0.7918494574880423,0.11476079094029598
4.51,std,-2,13400345144925.24,0.01340034514492524,59,10,0.1694915254237288,1.0,100000000000000.0,30.142904782921555,0.04021684712420523,274.0990903897404,3553869.805647869,0.7835146546768585,0.13279909401302686
4.52,std,-2,13494990852482.936,0.013494990852482935,43,10,0.23255813953488372,1.0,100000000000000.0,40.62317648149873,0.04001673795700224,273.80208796940684,3537928.2449801154,0.7752779909971383,0.18029720720863682
4.53,std,-2,13590095811881.816,0.013590095811881817,110,10,0.09090909090909091,1.0,100000000000000.0,31.71581897351829,0.03981787842615967,273.50516300532166,3522086.15160432,0.767138211508656,0.06973983740987783
4.54,std,-2,13685661232711.5,0.0136856612327115,41,10,0.24390243902439024,1.0,100000000000000.0,33.705517927184836,0.03962026006800758,273.20832021139563,3506342.7335315645,0.759094078093107,0.18514489709587975
4.55,std,-2,13781688325013.633,0.013781688325013633,50,10,0.2,1.0,100000000000000.0,27.289852983978857,0.0394238744640223,272.91156423602416,3490697.2064130404,0.751144369226337,0.1502288738452674
4.56,std,-2,13878178299280.705,0.013878178299280706,63,10,0.15873015873015872,1.0,100000000000000.0,34.96794493446232,0.03922871324108732,272.61489966420055,3475148.7934561176,0.743287879761705,0.11798220313677855
4.57,std,-2,13975132366454.793,0.013975132366454793,56,10,0.17857142857142858,1.0,100000000000000.0,25.402433630988906,0.03903476807173469,272.31833101754745,3459696.7253384124,0.7355234207095259,0.13134346798384391
4.58,std,-2,14072551737926.445,0.014072551737926445,54,10,0.18518518518518517,1.0,100000000000000.0,31.129777133077653,0.03884203067436807,272.0218627551058,3444340.2401227453,0.7278498190212016,0.13478700352244474
4.59,std,-2,14170437625533.43,0.01417043762553343,41,10,0.24390243902439024,1.0,100000000000000.0,24.997306727371267,0.0386504928134673,271.7254992742808,3429078.583176759,0.7202659173770822,0.17567461399441028
4.6,std,-2,14268791241559.562,0.014268791241559562,80,10,0.125,1.0,100000000000000.0,31.07863425019815,0.038460146299776024,271.42924491172533,3413911.0070874332,0.7127705739753876,0.08909632174692345
4.61,std,-2,14367613798733.578,0.014367613798733579,105,10,0.09523809523809523,1.0,100000000000000.0,31.35483903340604,0.03827098299047199,271.1331039436867,3398836.7715838132,0.7053626623237563,0.06717739641178631
4.62,std,-2,14466906510227.877,0.014466906510227877,51,10,0.19607843137254902,1.0,100000000000000.0,32.171046783171754,0.038082994789321374,270.83708058696897,3383855.1434541843,0.6980410710335815,0.13687079824187873
4.63,std,-2,14566670589657.412,0.014566670589657412,56,10,0.17857142857142858,1.0,100000000000000.0,23.318907881832505,0.03789617364681675,270.5411789995794,3368965.396468138,0.690804703616816,0.12335798278871715
4.64,std,-2,14666907251078.541,0.014666907251078541,85,10,0.11764705882352941,1.0,100000000000000.0,29.315608284969123,0.03771051156030021,270.2454032815172,3354166.8113015178,0.6836524782860215,0.08042970332776724
4.6499999999999995,std,-2,14767617708987.81,0.014767617708987811,74,10,0.13513513513513514,1.0,100000000000000.0,21.602814404679386,0.03752600057407135,269.9497574756723,3339458.6754533774,0.6765833277553083,0.09143017942639302
4.66,std,-2,14868803178320.846,0.014868803178320846,59,10,0.1694915254237288,1.0,100000000000000.0,21.31799887556859,0.03734263277948092,269.654245567731,3324840.2831766997,0.6695961990438553,0.11349088119387377
4.67,std,-2,14970464874451.162,0.014970464874451162,70,10,0.14285714285714285,1.0,100000000000000.0,26.58994167970341,0.037160400315010805,269.35887148798935,3310310.935399574,0.66269005328452,0.09467000761207428
4.68,std,-2,15072604013189.105,0.015072604013189106,98,10,0.10204081632653061,1.0,100000000000000.0,31.061417061906514,0.036979295366340204,269.06363911135344,3295869.9396521407,0.6558638655312707,0.06692488423788477
4.6899999999999995,std,-2,15175221810780.613,0.015175221810780614,102,10,0.09803921568627451,1.0,100000000000000.0,26.404833971554545,0.03679931016639911,268.7685522573395,3281516.609994206,0.6491166245690551,0.06363888476167207
4.7,std,-2,15278319483906.143,0.015278319483906143,39,10,0.2564102564102564,1.0,100000000000000.0,27.1906950087946,0.036620436995409095,268.47361469297533,3267250.26694219,0.6424473327327578,0.16473008531609173
4.71,std,-2,15381898249679.523,0.015381898249679523,45,10,0.2222222222222222,1.0,100000000000000.0,39.49781550840977,0.03644266818091213,268.1788301303879,3253070.2373980703,0.635855005715842,0.1413011123812982
4.72,std,-2,15485959325646.838,0.015485959325646838,46,10,0.21739130434782608,1.0,100000000000000.0,23.237860862043142,0.03626599609778732,267.88420223022536,3238975.8545814385,0.6293386723958632,0.1368127548686659
4.7299999999999995,std,-2,15590503929785.28,0.015590503929785279,60,10,0.16666666666666666,1.0,100000000000000.0,44.63914598727769,0.03609041316825672,267.5897346004271,3224966.457955114,0.6228973746496853,0.10381622910828088
4.74,std,-2,15695533280502.12,0.01569553328050212,97,10,0.10309278350515463,1.0,100000000000000.0,19.300541321718004,0.03591591186187994,267.29543079806876,3211041.393161196,0.6165301671801949,0.06355981104950463
4.75,std,-2,15801048596633.457,0.015801048596633456,91,10,0.10989010989010989,1.0,100000000000000.0,25.66893439453595,0.035742484695538375,267.0012943286844,3197200.011952672,0.6102361173383314,0.06705891399322322
4.76,std,-2,15907051097443.23,0.01590705109744323,63,10,0.15873015873015872,1.0,100000000000000.0,28.683901543634004,0.035570124233408995,266.70732864847423,3183441.672123255,0.6040143049535738,0.09587528650056726
4.77,std,-2,16013542002622.127,0.016013542002622127,52,10,0.19230769230769232,1.0,100000000000000.0,25.587105570499425,0.03539882308692853,266.4135371635477,3169765.737445429,0.5978638221612306,0.11497381195408281
4.78,std,-2,16120522532286.37,0.01612052253228637,90,10,0.1111111111111111,1.0,100000000000000.0,27.426252181975695,0.03522857391474806,266.11992323107484,3156171.577604061,0.5917837732353409,0.06575375258170454
4.79,std,-2,16227993906976.717,0.016227993906976716,67,10,0.14925373134328357,1.0,100000000000000.0,26.894093459966648,0.0350593694226785,265.8264901603114,3142658.568130008,0.5857732744232759,0.08742884692884714
4.8,std,-2,16335957347657.375,0.016335957347657373,61,10,0.16393442622950818,1.0,100000000000000.0,26.70238312114167,0.034891202363627125,265.5332412118575,3129226.0903392765,0.5798314537794983,0.09505433668516365
4.81,std,-2,16444414075714.904,0.016444414075714904,67,10,0.14925373134328357,1.0,100000000000000.0,31.830109087851334,0.034724065537525745,265.24017960005517,3115873.5312690753,0.5739574510076865,0.08566529119517707
4.82,std,-2,16553365312957.115,0.016553365312957116,78,10,0.1282051282051282,1.0,100000000000000.0,27.69404494169412,0.03455795179125056,264.9473084921206,3102600.2836156418,0.5681504172979573,0.0728397970894817
4.83,std,-2,16662812281612.023,0.016662812281612024,75,10,0.13333333333333333,1.0,100000000000000.0,28.045634712378064,0.03439285401853435,264.6546310089329,3089405.7456736234,0.5624095151700345,0.07498793535600459
4.84,std,-2,16772756204326.77,0.01677275620432677,89,10,0.11235955056179775,1.0,100000000000000.0,28.274796894317866,0.034228765159870625,264.36215022621684,3076289.321274794,0.556733918319035,0.0625543728448354
4.85,std,-2,16883198304166.543,0.016883198304166545,67,10,0.14925373134328357,1.0,100000000000000.0,23.09080363371392,0.034065678202410896,264.06986917485864,3063250.419728769,0.5511228114616749,0.08225713603905595
4.86,std,-2,16994139804613.598,0.016994139804613596,73,10,0.136986301369863,1.0,100000000000000.0,28.06445995872092,0.03390358617985464,263.7777908409369,3050288.455764161,0.5455753901838961,0.07473635481971179
4.87,std,-2,17105581929566.086,0.017105581929566085,92,10,0.10869565217391304,1.0,100000000000000.0,26.735729347293734,0.033742482172332715,263.4859181666223,3037402.8494712934,0.5400908607924998,0.058705528347010844
4.88,std,-2,17217525903337.066,0.017217525903337066,91,10,0.10989010989010989,1.0,100000000000000.0,33.383669652870324,0.03358235930628393,263.1942540511705,3024593.026241584,0.5346684401682001,0.05875477364485716
4.89,std,-2,17329972950653.465,0.017329972950653465,69,10,0.14492753623188406,1.0,100000000000000.0,29.386099288242804,0.03342321075432565,262.9028013503707,3011858.4167142524,0.5293073556186807,0.07671121095922909
4.8999999999999995,std,-2,17442924296655.018,0.01744292429665502,121,10,0.08264462809917356,1.0,100000000000000.0,24.181378003733766,0.03326502973511832,262.611562877886,2999198.4567176998,0.5240068447364219,0.04330635080466297
4.91,std,-2,17556381166893.236,0.017556381166893235,80,10,0.125,1.0,100000000000000.0,30.264378369146794,0.033107809513224104,262.32054140599456,2986612.5872155535,0.5187661552578912,0.0648457694072364
4.92,std,-2,17670344787330.348,0.017670344787330348,64,10,0.15625,1.0,100000000000000.0,24.554195144213438,0.032951543398960184,262.0297396651799,2974100.254251155,0.5135845449219714,0.08024758514405803
4.93,std,-2,17784816384338.336,0.017784816384338337,88,10,0.11363636363636363,1.0,100000000000000.0,26.85421061909205,0.032796224748246505,261.73916034496614,2961660.908893382,0.50846128133291,0.057779691060557956
4.9399999999999995,std,-2,17899797184697.832,0.017899797184697832,92,10,0.10869565217391304,1.0,100000000000000.0,22.947201400027147,0.03264184696244863,261.44880609497557,2949294.0071838005,0.5033956418256456,0.054716917589744084
4.95,std,-2,18015288415597.156,0.018015288415597155,44,10,0.22727272727272727,1.0,100000000000000.0,31.42612880252991,0.03248840348821557,261.15867952483325,2936999.0100829303,0.4983869133304552,0.11326975302964891
4.96,std,-2,18131291304631.258,0.01813129130463126,120,10,0.08333333333333333,1.0,100000000000000.0,25.08331473959356,0.03233588781731316,260.8687832045934,2924775.38341962,0.49343439224089886,0.04111953268674157
4.97,std,-2,18247807079800.727,0.018247807079800726,68,10,0.14705882352941177,1.0,100000000000000.0,24.067382460693672,0.032184293486452624,260.57911966568514,2912622.597837311,0.48853738428390464,0.07184373298292715
4.9799999999999995,std,-2,18364836969510.805,0.018364836969510804,106,10,0.09433962264150944,1.0,100000000000000.0,26.99399021208567,0.03203361407711513,260.2896914008659,2900540.12874541,0.4836952043905091,0.04563162305570841
4.99,std,-2,18482382202570.336,0.018482382202570338,39,10,0.2564102564102564,1.0,100000000000000.0,28.401528565771457,0.03188384321537219,260.00050086526153,2888527.4562673313,0.47890717656974363,0.1227967119409599
