z,alpha_intrinsic,L_min_Jy_kpc2,L_min_over_L_star,n_generated,n_detected,detection_rate_10_per_n,N_ratio_detectable_L,mean_detected_L,mean_SNR,SFR_psi,comoving_volume_Mpc3,time_Gyr,nfrb_sfr_base,n_total_population_scaled
0.01,-1,10000000000.0,1e-05,40,10,0.25,1.0,4683669853690.153,7229.562466316424,0.015366633837018974,741.8259793206184,137678720.05218962,31.389008449846685,282.5010760486202
0.02,-1,11226866261.918312,1.1226866261918313e-05,63,10,0.15873015873015872,0.9434644820736577,3601835338829.212,96.69675046442144,0.015778461234561884,2772.5384076787373,135706863.92550436,118.73370732083895,640.1202038979461
0.03,-1,25640671334.223495,2.5640671334223494e-05,66,10,0.15151515151515152,0.6223978190448591,2431627669599.8574,63.75762212454599,0.016197006898133106,6112.505620404992,133769703.76805276,264.875506147267,899.2251127879755
0.04,-1,46259519948.536766,4.6259519948536766e-05,57,10,0.17543859649122806,0.46194402890066966,4548790731657.065,68.13103817425929,0.0166223021408091,10724.522504174854,131866423.28089881,470.14666449893474,1371.6722802495747
0.05,-1,73336998434.81433,7.333699843481434e-05,43,10,0.23255813953488372,0.3657336560830793,14879691624255.807,538.561817465556,0.01705437728000787,16571.507916645816,129996236.70924087,734.7822737037682,2249.8711316097233
0.060000000000000005,-1,107126541606.92899,0.00010712654160692899,66,10,0.15151515151515152,0.3016438069873092,41783661154949.516,551.07359640404,0.017493261604641853,23616.538802516046,128158387.20751494,1058.9222372236973,1742.276372398225
0.06999999999999999,-1,147881318228.7522,0.0001478813182287522,78,10,0.1282051282051282,0.2559073190460259,27241034040508.96,32.18568537406496,0.017938983341287663,31822.883177492877,126352145.30294725,1442.613416393391,1703.8861468110504
0.08,-1,195854120630.872,0.00019585412063087202,74,10,0.13513513513513514,0.22164057854560937,67294051370930.8,1066.0985167072413,0.018391569619367408,41154.031933940394,124576807.45144194,1885.8119277464652,2033.379470402939
0.09,-1,251297258480.01962,0.0002512972584800196,52,10,0.19230769230769232,0.19501951767906422,5011503732599.182,29.354492255003947,0.018851046435337065,51573.729427281374,122831694.67989907,2388.385578141829,3224.6432548674397
0.09999999999999999,-1,314462456695.32446,0.00031446245669532446,45,10,0.2222222222222222,0.1737496982837401,40586706639144.36,120.44517882908649,0.019317438615878545,63046.00280869371,121116151.30983643,2950.116424022494,4100.654708606517
0.11,-1,385600757496.80176,0.00038560075749680177,80,10,0.125,0.15637111361768485,78793985470549.16,800.6160424518679,0.019790769780093035,75535.19007429322,119429543.75708403,3570.7034412370763,2512.596930771335
0.12,-1,464962426563.84424,0.0004649624265638442,44,10,0.22727272727272727,0.14191029809923028,93856018711249.27,127.18035932445177,0.020271062300694323,89005.96680794496,117771259.40308331,4249.765292136529,4934.3355773906505
0.13,-1,552796863274.295,0.0005527968632742951,59,10,0.1694915254237288,0.1296934694628027,100931564595939.03,108.10606727267853,0.02075833726420218,103423.37159819013,116140705.53330435,4986.843176825942,3946.338264017051
0.14,-1,649352514987.3002,0.0006493525149873002,71,10,0.14084507042253522,0.11923931869119031,88526699392423.1,395.15900854406436,0.021252614430137,118752.83011702615,114537308.33873443,5781.403755867295,3495.400453157604
0.15000000000000002,-1,754876795326.8239,0.0007548767953268238,57,10,0.17543859649122806,0.1101949639893488,29032152855299.1,66.39629895435876,0.021753912189218152,134960.1778514932,112960511.97664525,6632.842132010843,4616.247157161919
0.16,-1,869616006416.5917,0.0008696160064165917,43,10,0.23255813953488372,0.10229556844917742,68774886384374.69,122.12645681543077,0.02226224752057046,152011.6814849788,111409777.68701176,7540.484878991189,6457.882496473931
0.17,-1,993815265011.367,0.000993815265011367,62,10,0.16129032258064516,0.09533880775199588,41801144401965.92,41.19640057513984,0.02277763594794393,169874.05892919374,109884582.96125181,8503.593105844902,4707.420551531679
0.18000000000000002,-1,1127718432463.9644,0.0011277184324639644,95,10,0.10526315789473684,0.08916731658030075,84329119778035.05,212.32724434650396,0.023300091494954225,188514.4980112174,108384420.7601139,9521.36554563406,3217.242754930055
0.19,-1,1271568048463.2656,0.0012715680484632656,68,10,0.14705882352941177,0.083656782244661,27531814806809.406,24.087056754605246,0.023829626639352574,207900.67382584777,106908798.77780546,10592.941658053242,4691.495719154956
0.2,-1,1425605268473.4822,0.001425605268473482,53,10,0.18867924528301888,0.07870780403911903,104315985527476.4,37.86076556603672,0.024366252266335785,228000.76476641995,105457238.74949963,11717.404735868093,6264.347745041329
0.21000000000000002,-1,1590069804800.1023,0.0015900698048001024,82,10,0.12195121951219512,0.07423989476950077,74191144519295.22,164.0380527539443,0.02490997762090884,248783.4672490287,104029275.79969656,12893.78500559555,4202.487403884792
0.22,-1,1765199871206.8218,0.0017651998712068218,69,10,0.14492753623188406,0.07018727232565958,77643700297626.97,46.40493077423062,0.025460810259314456,270218.0091519857,102624457.82893437,14121.06271356193,5171.054995849506
0.23,-1,1951232131000.9077,0.0019512321310009076,66,10,0.15151515151515152,0.06649560359994777,238030478289730.94,699.7991091255941,0.026018755999546127,292274.16199185577,101242344.93655138,15398.171188864531,5584.967386575668
0.24000000000000002,-1,2148401648505.1284,0.0021484016485051284,62,10,0.16129032258064516,0.06311949343455159,34492924103910.164,56.990838405558335,0.02658381887096318,314922.2518627444,99882508.87732875,16723.99987546132,6129.350711643613
0.25,-1,2356941843829.922,0.0023569418438299217,92,10,0.10869565217391304,0.060021010637816286,83708355862272.61,67.66300066920903,0.027156001063028613,338133.16916573065,98544532.5499974,18097.397326070426,4250.442042097282
0.26,-1,2577084450855.998,0.0025770844508559983,95,10,0.10526315789473684,0.057167837670539234,89133986748528.06,54.22606218881363,0.02773530287319293,361878.3771603731,97228009.51565525,19517.174151268362,4228.122860213131
0.27,-1,2809059478341.4263,0.0028090594783414264,41,10,0.24390243902439024,0.05453264027113791,27765083336279.242,40.301747922701516,0.0283217226539493,386129.9193677432,95932543.54423486,20982.105917494708,10046.71873869939
0.28,-1,3053095174056.6533,0.0030530951740566532,98,10,0.10204081632653061,0.05209193666370471,108147651398510.27,147.34361151567154,0.028915256759088154,410860.4258634384,94657748.18751705,22490.93598866696,4303.823558065994
0.29000000000000004,-1,3309417991860.136,0.0033094179918601364,77,10,0.12987012987012986,0.04982544392119814,186800947282327.3,24.765834794537138,0.029515899489181725,436043.11849220324,93403246.37677355,24042.378306108705,5600.675089978831
0.3,-1,3578252561617.503,0.003578252561617503,54,10,0.18518518518518517,0.047715611707071504,161747215910277.62,66.4781335404455,0.03012364303633178,461651.8150416174,92168670.04385954,25635.120102399585,8154.63624580161
0.31,-1,3859821661872.157,0.003859821661872157,128,10,0.078125,0.04574714684649761,80547203036905.72,103.87404756454637,0.030738477428216556,487660.9324170654,90953659.76403436,27267.824545347565,3508.383300920288
0.32,-1,4154346195173.626,0.004154346195173626,63,10,0.15873015873015872,0.04390676870118149,129654803131695.6,106.26146487065728,0.03136039047147566,514045.4888484461,89757864.41943079,28939.133308221426,7260.7076147242005
0.33,-1,4462045165967.57,0.00446204516596757,78,10,0.1282051282051282,0.04218265592563741,179209849188944.25,30.80869213737509,0.031989367694474906,540781.1051782849,88580940.88171776,30647.669063781465,5966.769595570596
0.34,-1,4783135660955.621,0.004783135660955621,74,10,0.13513513513513514,0.040564470259322416,239216626717468.84,130.87848210628772,0.032625392289495694,567844.0052630306,87422553.71285346,32392.037899165294,6392.266336213956
0.35000000000000003,-1,5117832831831.041,0.005117832831831041,89,10,0.11235955056179775,0.03904303468170789,47937210287940.05,44.83097887065254,0.03326844505439697,595211.0155316839,86282374.8828454,34170.83164979686,5396.492892967362
0.36000000000000004,-1,5466349880295.983,0.005466349880295983,81,10,0.12345679012345678,0.03761022109632062,144170147949438.72,123.57989885625413,0.03391850433380093,622859.5637426678,85160083.50335014,35982.630150674224,6014.731891528844
0.37,-1,5828898045270.644,0.005828898045270644,105,10,0.09523809523809523,0.03625877831202906,81625608788493.86,52.62568776734632,0.03457554595985672,650767.6769758421,84055365.5762477,37826.003403649505,4702.370303461659
0.38,-1,6205686592201.485,0.006205686592201485,117,10,0.08547008547008547,0.03498216746628813,315950852686708.25,199.57063432187226,0.035239543192639965,678913.9789059854,82967913.75619605,39699.5136601842,4273.153954433098
0.39,-1,6596922804379.822,0.006596922804379822,75,10,0.13333333333333333,0.033774570200113985,170259311319137.9,50.65684884652882,0.03591046666024937,707277.6863907108,81897427.12626469,41601.717418678105,6744.3846019317525
0.4,-1,7002811976182.086,0.007002811976182086,109,10,0.09174311926605505,0.03263078535301667,144633039284268.97,56.50657655420355,0.03658828429866464,735838.6054195458,80843610.98588744,43531.16733666748,4691.414898261072
0.41000000000000003,-1,7423557408144.342,0.007423557408144342,66,10,0.15151515151515152,0.03154601739085949,131424663983436.78,25.666052183079046,0.03727296129143468,764577.1264548675,79806176.65031886,45486.414057557035,7826.81023040471
0.42000000000000004,-1,7859360403786.574,0.007859360403786575,71,10,0.14084507042253522,0.030516021052376274,409458623914381.1,34.46084003217634,0.037964460009266905,793474.2192136035,78784841.26087493,47466.007952964785,7344.373679822196
0.43,-1,8310420268102.328,0.008310420268102327,105,10,0.09523809523809523,0.029536913668011366,267789442670520.7,51.960364035018905,0.038662739949594106,822511.4269183922,77779327.60525452,49468.50078087144,5009.646297773323
0.44,-1,8776934307631.573,0.008776934307631573,80,10,0.125,0.028605163143702872,62964717044496.48,28.550503048189807,0.03936775767619714,851670.8600598165,76789363.94735558,51492.44726086187,6628.274345544614
0.45,-1,9259097832037.674,0.009259097832037674,93,10,0.10752688172043011,0.02771757225025817,256590190516313.2,41.1930028689238,0.04007946675896711,880935.1897035652,75814683.86589663,53536.40656748403,5744.126001497167
0.46,-1,9757104157110.14,0.00975710415711014,104,10,0.09615384615384616,0.02687120472702531,184496080918378.44,60.733690184493085,0.04079781771389325,910287.6403811771,74855026.10136408,55598.94374340368,5171.575153622412
0.47000000000000003,-1,10271144609115.621,0.010271144609115622,92,10,0.10869565217391304,0.02606337381400481,410043225916600.9,294.5205482602622,0.04152275794336715,939711.9825944089,73910134.4107027,57678.63103367607,5882.477171911662
0.48000000000000004,-1,10801408530425.592,0.010801408530425593,128,10,0.078125,0.025291651088940048,238089136250380.3,43.12897805809335,0.04225423167689769,969192.5249680311,72979757.42922702,59774.049142977274,4251.893611211261
0.49,-1,11348083286346.61,0.01134808328634661,67,10,0.14925373134328357,0.02455375555642947,179562178241188.9,40.57212319584765,0.042992179912334685,998714.1060852724,72063648.53939462,61883.78841792373,8164.366999089852
0.5,-1,11911354273084.285,0.011911354273084285,97,10,0.10309278350515463,0.023847630222948113,108516076807647.58,38.31660539789864,0.04373654035770323,1028262.0860316753,71161565.7458431,64006.44995607722,5664.9976717218415
0.51,-1,12491404926772.477,0.012491404926772476,132,10,0.07575757575757576,0.02317135464680853,151305936794826.7,34.92517096958614,0.04448724737375437,1057822.337685371,70273271.55644336,66140.6466444199,4179.731945364818
0.52,-1,13088416733505.111,0.013088416733505111,85,10,0.11764705882352941,0.022523200667210697,286874416946687.56,99.21702288026839,0.04524423191734168,1087381.2377718834,69398532.8688438,68285.0041287744,6513.869014109774
0.53,-1,13702569240301.258,0.013702569240301258,104,10,0.09615384615384616,0.021901525406696765,241828543718486.66,38.167128877224734,0.04600742148573693,1116925.6577207763,68537120.86228469,70438.1617172226,5340.126421560345
0.54,-1,14334040066949.725,0.014334040066949725,113,10,0.08849557522123894,0.021304802636817333,262876141331619.06,69.91330870566273,0.046776740062001616,1146442.954345221,67688810.89416112,72598.77321940869,4927.54789948002
0.55,-1,14983004918666.73,0.01498300491866673,139,10,0.07194244604316546,0.02073166092282752,236331966814411.3,57.14048102412859,0.04755210806153499,1175920.9603709814,66853382.401291125,74765.5077245137,4014.4225593694787
0.56,-1,15649637599516.934,0.015649637599516934,50,10,0.2,0.02018080870118033,322149302585708.4,39.78028086610498,0.04833344227992233,1205347.9748376198,66030618.80524841,76937.05031994455,11179.093640687179
0.5700000000000001,-1,16334110026536.809,0.01633411002653681,68,10,0.14705882352941177,0.019651015208432487,364413349704158.3,107.16659548642744,0.049120655842211244,1234712.7533987416,65220307.42184981,79112.1027538698,8230.410711462542
0.5800000000000001,-1,17036592244511.553,0.017036592244511553,85,10,0.11764705882352941,0.019141208895014805,198737640190182.66,36.333844202269155,0.04991365815374634,1264004.4985346212,64422239.37422575,81289.3840432398,6590.0205780087645
0.59,-1,17757252441353.816,0.017757252441353816,106,10,0.09433962264150944,0.018650310267490644,314817489813949.56,56.86852400257105,0.050712354852696435,1293212.8497138894,63636209.50946025,83467.63103108387,5286.896205358226
0.6,-1,18496256964035.887,0.01849625696403589,66,10,0.15151515151515152,0.018177347823279733,207265497242785.88,29.79841571587342,0.051516647764411366,1322327.8734969026,62862016.318445235,85645.5988937186,8491.6900397685
0.61,-1,19253770335027.645,0.019253770335027644,66,10,0.15151515151515152,0.01772145164203187,149299101789966.75,26.474519330060666,0.05232643485774771,1351340.0536364638,62099461.8588071,87822.06160283029,8489.096824353279
0.62,-1,20029955269199.27,0.02002995526919927,82,10,0.12195121951219512,0.01728172466943456,395205308242855.0,32.70238797641028,0.05314161020350689,1380240.2811495285,61348351.680681646,89995.81234204504,6828.071050085809
0.63,-1,20824972691140.992,0.020824972691140992,118,10,0.0847457627118644,0.016857399257428574,153352602274196.12,24.09945840041399,0.05396206393512963,1409019.8444176135,60608494.75515795,92165.66388309127,4740.020523772579
0.64,-1,21638981752863.82,0.02163898175286382,90,10,0.1111111111111111,0.016447738062872808,293699885512337.6,60.45679211302786,0.054787682211795266,1437670.4193016025,59879703.405252725,94330.44892207968,6206.090060894277
0.65,-1,22472139851840.51,0.022472139851840513,112,10,0.08928571428571429,0.016052033648547237,297540459181221.1,34.78800616211054,0.055618347184074164,1466184.0592981644,59161793.23922499,96489.02037903435,4978.43036305592
0.66,-1,23324602649350.285,0.023324602649350285,177,10,0.05649717514124294,0.015669613861559073,447340977922310.94,78.11613572893386,0.056453936962285574,1494553.1857540398,58454583.086089864,98640.2516631713,3143.7043825808223
0.67,-1,24196524089089.664,0.024196524089089663,67,10,0.14925373134328357,0.015299901285780182,395204851195387.5,48.56023404650462,0.05729432558771266,1522770.5781324445,57757894.933217816,100783.03690500092,8285.214712447101
0.68,-1,25088056416021.926,0.025088056416021926,127,10,0.07874015748031496,0.01494229251074597,443805984527657.25,25.060066498859943,0.05813938300682973,1550829.364374275,57071553.86587637,102916.29115946055,4359.13320933286
0.6900000000000001,-1,25999350195426.215,0.025999350195426214,80,10,0.125,0.014596243915822704,117438202862486.34,14.497547813069776,0.05898897504869533,1578723.0113259703,56395388.00860588,105038.95057964363,6899.2836449513625
0.7000000000000001,-1,26930554332121.703,0.026930554332121704,66,10,0.15151515151515152,0.014261241603128694,387653854228544.94,79.1692417305651,0.059842963405668255,1606445.315280948,55729228.46830064,107149.97256558474,8335.045344689537
0.7100000000000001,-1,27881816089834.504,0.027881816089834505,107,10,0.09345794392523364,0.013936827682507591,394394091597577.1,45.17451046591234,0.06070120561760056,1633990.39261473,55072909.27894104,109248.33588824303,5122.683023131356
0.72,-1,28853281110683.086,0.028853281110683086,134,10,0.07462686567164178,0.013622504877260133,256681271480185.94,35.007598181216245,0.061563555059664696,1661352.6705435512,54426267.3478233,111333.04079190474,4074.541498713825
0.73,-1,29845093434755.098,0.029845093434755096,142,10,0.07042253521126761,0.013317875708500848,365203656849721.6,31.648362626818233,0.062429860933968816,1688526.8779918272,53789142.40325106,113403.10907544318,3828.9004520053104
0.74,-1,30857395519750.156,0.030857395519750155,91,10,0.10989010989010989,0.013022520311239627,261612395635694.25,40.80962655332253,0.06329996826511489,1715508.0365994885,53161376.94359302,115457.5841557712,5948.104884745803
0.75,-1,31890328260670.574,0.03189032826067057,142,10,0.07042253521126761,0.012736048938839839,502389839344042.8,25.399649402913376,0.06417371789985252,1742291.4518557526,52542816.187593825,117495.53111376041,3793.7632420390096
0.76,-1,32944031009531.145,0.032944031009531145,149,10,0.06711409395973154,0.012458104066935038,306686057985422.4,39.93497310240723,0.06505094651097904,1768872.7043727646,51933308.025967404,119516.03672494866,3597.4467137405
0.77,-1,34018641595075.473,0.03401864159507547,112,10,0.08928571428571429,0.012188347125836607,538998187883491.2,28.348391057579015,0.06593148660563516,1795247.6413071505,51332702.97407133,121518.20947645794,4760.698240315276
0.78,-1,35114296342474.46,0.03511429634247446,144,10,0.06944444444444445,0.011926423552223508,618327748191324.0,83.68407462334014,0.06681516653814157,1821412.367923771,50740854.125752576,123501.1795711961,3682.3184419132454
0.79,-1,36231130092991.21,0.03623113009299121,161,10,0.062111801242236024,0.011672061978971304,443450979480306.3,74.32636216825836,0.0677018105275198,1847363.239312888,50157617.108157024,125464.09892083715,3274.4900990455108
0.8,-1,37369276223595.98,0.037369276223595975,130,10,0.07692307692307693,0.011424939968879944,675854111552783.2,42.73934134220349,0.06859123867983588,1873096.8522674872,49582850.03763585,127406.14112951182,4030.9131158898053
0.81,-1,38528866666514.66,0.03852886666651466,111,10,0.09009009009009009,0.011184783400414955,341745351297716.8,28.1336177977543,0.06948326701550157,1898610.0373100147,49016413.47646635,129326.50146789965,4691.315373573743
0.8200000000000001,-1,39710031928696.9,0.0397100319286969,167,10,0.059880239520958084,0.010951328582163411,391109736445691.6,35.74248799935777,0.0703777075016633,1923899.8508823605,48458170.39061373,131224.3968402692,3097.9002132086102
0.8300000000000001,-1,40912901111189.766,0.04091290111118977,141,10,0.07092198581560284,0.010724320168830292,302316484525409.25,55.53761645075383,0.0712743680898028,1948963.5676986668,47907986.10823188,133099.06574466976,3644.4178601311432
0.8400000000000001,-1,42137601928404.73,0.042137601928404725,90,10,0.1111111111111111,0.010503515092014193,291306998857183.6,23.298538765081098,0.07217305275866856,1973798.673258948,47365728.279101126,134949.76822758716,5669.7877089691165
0.85,-1,43384260727266.76,0.043384260727266755,198,10,0.050505050505050504,0.010288705059851577,356638881284734.06,33.17897586471536,0.0730735615626498,1998402.856524068,46831266.83476413,136775.78583334628,2558.6285813976824
0.86,-1,44653002506233.04,0.04465300250623304,123,10,0.08130081300813008,0.01007963904409459,460923196760318.0,47.74581270665823,0.07397569068569808,2022774.0027618075,46304473.94949488,138576.421550115,4088.1960270657073
0.87,-1,45943950934173.02,0.04594395093417302,149,10,0.06711409395973154,0.009876139462436928,523594990425172.9,58.074540191488,0.07487923250089422,2046910.1865476689,45785224.0019454,140350.99975172675,3349.0293758830967
0.88,-1,47257228369099.98,0.04725722836909998,102,10,0.09803921568627451,0.009677992062026464,212799050418004.78,19.883287936788243,0.07578397563574907,2070809.664942034,45273393.53755888,142098.8661377717,4853.758935897584
0.89,-1,48592955876745.32,0.04859295587674532,111,10,0.09009009009009009,0.009485007989508576,404204422562927.3,33.935417743021674,0.07668970504331966,2094470.870817383,44768861.231587745,143819.38767033123,4424.1990522140195
0.9,-1,49951253248967.75,0.04995125324896775,125,10,0.08,0.009297009127132716,301224022325676.4,16.747404072244514,0.07759620207921059,2117892.406363997,44271507.85283817,145511.95251027335,3896.1387377133515
0.91,-1,51332239021991.68,0.05133223902199168,142,10,0.07042253521126761,0.009113822448377662,499504074348448.1,24.563982100770897,0.07850324458452297,2141073.036744759,43781216.22801512,147175.96995126,3400.5692758399846
0.92,-1,52736030494465.88,0.05273603049446588,69,10,0.14492753623188406,0.008935279975692434,502405588541346.8,31.072693922734665,0.07941060697480082,2164011.683921592,43297871.206686266,148810.87035355804,6937.391948011357
0.93,-1,54162743745339.23,0.05416274374533923,132,10,0.07575757575757576,0.008761234476758362,341592516324186.6,44.035875774189265,0.08031806033501555,2186707.4206390167,42821359.6268634,150416.10507710316,3594.0839063487942
0.9400000000000001,-1,55612493651546.445,0.05561249365154645,81,10,0.12345679012345678,0.00859152963842269,562063343101513.9,38.42989478907673,0.08122537252061583,2209159.4645626857,42351570.28113079,151991.14641382216,5803.717507520869
0.9500000000000001,-1,57085393905499.07,0.05708539390549907,147,10,0.06802721088435375,0.008426015326579717,248469147405560.16,23.55112477131405,0.08213230826466011,2231367.172581184,41888393.88338472,153535.48752035087,3168.2262147437523
0.9600000000000001,-1,58581557032380.375,0.058581557032380376,80,10,0.125,0.008264561336215226,356141991096583.3,27.654952556946785,0.0830386292910345,2253330.035260839,41431723.03608367,155048.64235038837,5766.3405666075705
0.97,-1,60101094407235.39,0.06010109440723539,88,10,0.11363636363636363,0.008107037190359101,259876531197046.4,30.49999151855498,0.08394409443374791,2275047.6714546946,40981452.198053606,156530.14558717108,5191.346093267129
0.98,-1,61644116271857.94,0.06164411627185794,136,10,0.07352941176470588,0.007953308001826809,432218564237593.44,22.83919862722874,0.08484845976228053,2296519.823059586,40537477.652815565,157979.55257573703,3325.9236343031343
0.99,-1,63210731751468.64,0.06321073175146864,79,10,0.12658227848101267,0.007803255959569655,495398605647567.2,48.560646678958584,0.08575147871295036,2317746.349932031,40099697.47744613,159396.4392559271,5668.000471403526
1.0,-1,64801048871182.88,0.06480104887118289,151,10,0.06622516556291391,0.007656766226068035,453925707056376.9,33.5905222293513,0.08665290222624604,2338727.224934016,39668011.51188104,160780.40209390232,2934.9726021446536
1.01,-1,66415174572265.84,0.06641517457226584,116,10,0.08620689655172414,0.00751372692081953,349071892640948.06,25.030217258305466,0.08755247889006164,2359462.529148117,39242321.32879002,162131.05801547514,3780.64705441602
1.02,-1,68053214728174.6,0.0680532147281746,193,10,0.05181347150259067,0.007374029100218449,393133195011965.6,27.325273592679444,0.08844995508875261,2379952.4472089172,38822530.203856505,163448.04433699703,2248.17320576856
1.03,-1,69715274160382.99,0.06971527416038299,82,10,0.12195121951219512,0.007237566734103806,474859289123214.0,28.824522866633366,0.08934507515791797,2400197.2627931884,38408543.086599246,164731.0186972819,5234.275936090886
1.04,-1,71401456653993.28,0.07140145665399328,170,10,0.058823529411764705,0.007104251281048968,524266087608014.7,39.21815694692147,0.09023758154479809,2420197.3542398023,38000266.571585506,165979.65898793144,2497.0472576324105
1.05,-1,73111864973127.05,0.07311186497312705,118,10,0.0847457627118644,0.006973981527919393,616681554359844.2,41.464811860471414,0.09112721497416236,2439953.190304055,37597608.87017283,167193.66328290405,3557.304974197061
1.06,-1,74846600876101.83,0.07484660087610183,226,10,0.04424778761061947,0.006846661715940838,472166661833245.4,24.58540940226636,0.09201371461954395,2459465.3260443932,37200479.78263619,168372.74976650212,1836.3046616824727
1.07,-1,76605765130388.8,0.0766057651303888,115,10,0.08695652173913043,0.006722212783824899,896085851271594.9,40.72893649630919,0.09289681827966537,2478734.39884091,36808790.67077036,169516.65666001,3567.215070692375
1.08,-1,78389457527353.23,0.07838945752735324,234,10,0.042735042735042736,0.00660054695433121,413278260065170.0,19.674641472514967,0.09377626255988103,2497761.124537869,36422454.43092041,170625.14214612255,1732.6450189614138
1.09,-1,80197776896778.39,0.08019777689677839,86,10,0.11627906976744186,0.006481577150050377,430701103055459.4,23.366096591902625,0.09465178305844799,2516546.2937111347,36041385.46742419,171697.9842909955,4658.541202424198
1.1,-1,82030821121172.5,0.0820308211211725,105,10,0.09523809523809523,0.006365228887715735,582469677650873.1,41.610152246406294,0.09552311455742028,2535090.7680544793,35665499.66649557,172734.98096346937,3769.7063682778376
1.11,-1,83888687149860.89,0.08388868714986089,122,10,0.08196721311475409,0.006251435360852153,572827605345434.6,44.06180990139918,0.09638999121794681,2553395.4768911107,35294714.37049736,173735.94975147568,3204.8824713273675
1.12,-1,85771471012861.62,0.08577147101286163,167,10,0.059880239520958084,0.006140115092326925,913844322079183.2,18.40736978572153,0.09725214677973788,2571461.4137883564,34928948.352648705,174700.72787413438,2312.3696246094
1.1300000000000001,-1,87679267834549.28,0.08767926783454928,112,10,0.08928571428571429,0.006031198424803597,945857723652293.2,34.52910357502959,0.09810931476444977,2589289.633300781,34568121.792101,175629.17209073587,3404.7462409174477
1.1400000000000001,-1,89612171847106.3,0.08961217184710629,181,10,0.055248618784530384,0.005924618760534073,591480611516603.8,17.64411032580149,0.09896122868272254,2606881.247809865,34212156.24944995,176521.15860455032,2080.0851074248762
1.1500000000000001,-1,91570276403762.38,0.09157027640376238,167,10,0.059880239520958084,0.005820318035275052,549609895180056.9,23.574198766424658,0.09980762224459194,2624237.4244795204,33860974.64260373,177376.58296215566,2225.507335006195
1.1600000000000001,-1,93553673991823.67,0.09355367399182367,171,10,0.05847953216374269,0.005718226092637391,418110340276785.8,26.28503149583729,0.10064822957298275,2641359.3823134103,33514501.22304822,178195.35994730328,2145.1818038685924
1.17,-1,95562456245498.38,0.09556245624549838,156,10,0.0641025641025641,0.00561827974589324,455922519521283.9,20.746479687113982,0.10148278541997709,2658248.3893127847,33172661.552509196,178977.42346901132,2320.4889998033163
1.18,-1,97596713958511.1,0.09759671395851109,101,10,0.09900990099009901,0.005520425011525054,528051919112833.0,16.30521910659263,0.1023110253855389,2674905.7597366152,32835382.47995832,179722.7264434997,3536.361389221204
1.19,-1,99656537096517.2,0.0996565370965172,130,10,0.07692307692307693,0.005424611080543484,371918559701262.6,21.703102664817223,0.10313268613836393,2691332.8514585895,32502592.119014297,180431.24066964188,2710.43808206607
1.2,-1,101742014809312.4,0.1017420148093124,61,10,0.16393442622950818,0.005330770045721134,638278261189215.4,25.15861432197924,0.1039475056385125,2707531.0634148046,32174219.82570734,181102.956697138,5697.5501316548925
1.21,-1,103853235442844.69,0.1038532354428447,96,10,0.10416666666666667,0.005238866283532095,600164911849344.2,36.00793940087651,0.1047552233614732,2723501.8331471495,31850196.176586464,181737.88368741918,3570.3767673393672
1.22,-1,105990286551026.8,0.1059902865510268,93,10,0.10752688172043011,0.005148835626044956,563376969160135.4,32.638860069314646,0.10555558052329424,2739246.6344308583,31530452.947203357,182336.0492664977,3634.135534357284
1.23,-1,108153254907353.66,0.10815325490735365,177,10,0.05649717514124294,0.00506062978090982,746410731851643.4,28.623871416335003,0.10634832030641155,2754766.974998097,31214923.090939093,182897.4993701847,1882.528540000051
1.24,-1,110342226516325.88,0.11034222651632587,95,10,0.10526315789473684,0.004974214759285611,820280204305200.0,37.292151931845225,0.10713318808579403,2770064.3943325873,30903540.718176357,183422.2980798484,3457.4472086811793
1.25,-1,112557286624683.16,0.11255728662468316,166,10,0.060240963855421686,0.00488953206058107,656585530524435.9,23.535316333214173,0.1079099316550206,2785140.46155598,30596241.075822484,183910.52744997575,1950.15127282055
1.26,-1,114798519732448.75,0.11479851973244876,209,10,0.04784688995215311,0.004806539224983419,526110059815385.7,21.17962574493095,0.10867830145189603,2799996.7733913916,30292960.52715669,184362.28732627013,1526.3734145019
1.27,-1,117066009603786.42,0.11706600960378642,238,10,0.04201680672268908,0.004725194623010465,464604877226541.1,25.772809387065458,0.10943805078320944,2814634.952202939,29993636.532022804,184777.69515422336,1320.671452832778
1.28,-1,119359839277676.33,0.11935983927767632,202,10,0.04950495049504951,0.004645457453377633,866596869620512.4,29.46350867286384,0.11018893604823399,2829056.644107628,29698207.62734887,185156.88577772124,1532.9199833114367
1.29,-1,121680091078405.67,0.12168009107840567,160,10,0.0625,0.004567287740160131,428289557808474.1,18.90832117354972,0.11093071696056572,2843263.5171641833,29406613.407992665,185500.0112279135,1906.2718359318358
1.3,-1,124026846625885.03,0.12402684662588503,185,10,0.05405405405405406,0.004490646329284198,671758920746633.8,18.833601193833676,0.11166315676789583,2857257.2596312948,29118794.50790167,185807.2405017355,1623.6867940804116
1.31,-1,126400186845783.7,0.1264001868457837,246,10,0.04065040650406504,0.004415494884388416,493811569026484.6,24.945536877895414,0.11238602246931209,2871039.5782945333,28834692.581594545,186078.75933006447,1202.385087680843
1.32,-1,128800191979495.39,0.12880019197949538,157,10,0.06369426751592357,0.004341795882096822,573261963368733.8,22.720916203324364,0.11309908502972522,2884612.1968518985,28554250.285959702,186314.7699348456,1854.8958746222581
1.33,-1,131226941593930.11,0.1312269415939301,146,10,0.0684931506849315,0.0042695126306100395,555328952797216.4,26.36966840344856,0.11380211959101888,2897976.8543782607,28277411.26235228,186515.49077642875,1963.554025498503
1.34,-1,133680514591138.19,0.1336805145911382,189,10,0.05291005291005291,0.004198623259805134,582138559326251.9,16.48355903440384,0.11449490567952506,2911135.303835901,28004120.11900111,186681.15628913222,1492.9597046911772
1.35,-1,136160989217768.2,0.1361609892177682,154,10,0.06493506493506493,0.004129080635796423,463055933979058.6,20.30412214031954,0.11517722740943068,2924089.3106578267,27734322.413720313,186812.01660683457,1803.1836162982447
1.36,-1,138668443074361.12,0.13866844307436113,107,10,0.09345794392523364,0.0040608522853422535,835825099778204.1,31.28296230184869,0.11584887368172872,2936840.6513800733,27467964.636896268,186908.33727699946,2553.668911113052
1.37,-1,141202953124484.75,0.14120295312448475,198,10,0.050505050505050504,0.003993921116039467,785112082074892.9,24.02565105685352,0.11650963837833293,2949391.1123380093,27204994.194798715,186970.398964593,1357.7182263618395
1.3800000000000001,-1,143764595703706.38,0.14376459570370637,126,10,0.07936507936507936,0.0039282374469096215,477465556644313.1,16.077192112714666,0.1171593205509839,2961742.4884093837,26945359.393152125,186998.49714456298,2098.7842828545545
1.3900000000000001,-1,146353446528413.94,0.14635344652841395,91,10,0.10989010989010989,0.0038637927353006862,660130999296089.8,21.064086666479447,0.11779772460458442,2973896.581817376,26689009.4209975,186992.94178415884,2858.2495517201028
1.4000000000000001,-1,148969580704480.56,0.14896958070448058,156,10,0.0641025641025641,0.0038005392670447113,1056772539308458.4,29.76637069289647,0.11842466047461185,2985855.200978997,26435894.334847275,186954.05701444874,1639.675926500142
1.4100000000000001,-1,151613072735779.25,0.15161307273577926,171,10,0.05847953216374269,0.0037384632723608258,708751262479651.0,20.56402906653837,0.1190399437982678,2997620.159406583,26185965.04308979,186882.1807915209,1470.8466718900982
1.42,-1,154283996532550.6,0.1542839965325506,311,10,0.03215434083601286,0.0036775319940556273,466643073599272.8,17.668494445727255,0.1196433960790384,3009193.2746547693,25939173.29070372,186777.66454764298,795.1032198508706
1.43,-1,156982425419621.66,0.15698242541962165,95,10,0.10526315789473684,0.003617716320259645,1025455064726291.8,19.34083120590965,0.12023484484435139,3020576.36731444,25695471.644191947,186640.87283219505,2558.704667390667
1.44,-1,159708432144484.2,0.15970843214448419,342,10,0.029239766081871343,0.003558995752273808,851130140261930.2,23.094149255559078,0.12081412379603326,3031771.260050147,25454813.47682177,186472.18294317168,698.5828494862868
1.45,-1,162462088885231.72,0.16246208888523173,209,10,0.04784688995215311,0.0035013486855893783,572643207175214.0,17.828265777975982,0.12138107295328354,3042779.7766827443,25217152.95410143,186271.9845492825,1123.4121558610138
1.46,-1,165243467258354.66,0.16524346725835465,110,10,0.09090909090909091,0.0034447455438825214,591314018449863.6,17.085532013293793,0.12193553878790152,3053603.7413101112,24982445.019521292,186040.67930286872,2097.369166939967
1.47,-1,168052638326406.38,0.16805263832640638,190,10,0.05263157894736842,0.0033891639382556127,882879726320578.5,22.137950991084665,0.12247737435151856,3064244.977472616,24750645.38054905,185778.6804444519,1192.9915028066202
1.48,-1,170889672605527.7,0.17088967260552768,181,10,0.055248618784530384,0.0033345818639456404,655462736778044.2,20.960954859920506,0.12300643939460665,3074705.3073489186,24521710.494854964,185486.4123983636,1230.2047825695747
1.49,-1,173754640072845.3,0.1737546400728453,181,10,0.055248618784530384,0.0032809776994560114,859711624603277.5,15.053835307680426,0.12352260047705375,3084986.5510034114,24295597.556820426,185164.31036168672,1208.3270181848866
1.5,-1,176647610173739.28,0.17664761017373928,132,10,0.07575757575757576,0.0032283302054435525,870726832617393.4,21.429954183367396,0.1240257310701164,3095090.5256519713,24072264.484238382,184812.81988436097,1627.1912966887671
1.51,-1,179568651828983.75,0.17956865182898374,251,10,0.0398406374501992,0.003176618523376362,625721162934790.8,21.894627964504217,0.12451571164958056,3105019.0449758433,23851669.90529175,184432.39644349247,840.2935938928794
1.52,-1,182517833441765.16,0.18251783344176514,266,10,0.03759398496240601,0.003125822173971282,894611854319515.2,28.434073233604174,0.12499242977998155,3114773.918468296,23633773.145745885,184023.50501105344,778.4996650314579
1.53,-1,185495222904575.12,0.18549522290457512,172,10,0.05813953488372093,0.0030759210554248684,592819501893076.0,14.555470637321676,0.12545578018975678,3124356.9507982624,23418534.21637197,183586.61961479564,1181.9259392806591
1.54,-1,188500887605985.34,0.18850088760598535,289,10,0.03460207612456748,0.0030268954414451876,613756339167861.0,17.03148854723529,0.12590566483722512,3133769.941228655,23205913.800602216,183122.222895265,690.4673211599841
1.55,-1,191534894437305.1,0.1915348944373051,109,10,0.09174311926605505,0.0029787327110109008,776898901749899.5,24.70313398631785,0.12634199296731044,3143014.6830481226,22995873.24240182,182630.8056570111,1796.7248417025037
1.56,-1,194597309799123.38,0.19459730979912337,151,10,0.06622516556291391,0.0029314103378624834,1042080018345199.6,20.31130952285701,0.12676468115894596,3152092.963032231,22788374.534365553,182112.8664156857,1272.7491002432835
1.57,-1,197688199607734.1,0.1976881996077341,185,10,0.05405405405405406,0.0028849077456567507,925006767205375.4,27.42144635508447,0.12717365336312167,3161006.5609441847,22583380.306024913,181568.91094218747,1019.3050849574479
1.58,-1,200807629301455.38,0.20080762930145538,187,10,0.053475935828877004,0.0028392091513587125,924425395997120.0,22.72191656459415,0.1275688409315561,3169757.2490488077,22380853.81236754,180999.45180303205,989.3171549841089
1.59,-1,203955663846834.47,0.20395566384683447,203,10,0.04926108374384237,0.0027943054012916635,1120335722063546.4,24.319225166078127,0.12795018263599814,3178346.791658226,22180758.922575094,180405.00789878416,893.982303827535
1.6,-1,207132367744750.5,0.2071323677447505,255,10,0.0392156862745098,0.00275016865184341,673582969646445.5,18.35844037686629,0.12831762467818383,3186776.944709084,21983060.10894857,179786.1040009861,698.0359161325708
1.61,-1,210337805036406.16,0.21033780503640614,178,10,0.056179775280898875,0.0027067922341017514,908381454256368.4,22.782732025636715,0.12867112069049735,3195049.455345319,21787722.43604854,179143.2702870496,980.7039360092566
1.62,-1,213572039309221.12,0.2135720393092211,258,10,0.03875968992248062,0.002664155260038381,646604864610706.2,13.616646047645554,0.12901063172740435,3203166.0615495867,21594711.550035674,178477.04187615446,663.4751859215544
1.6300000000000001,-1,216835133702621.94,0.21683513370262195,299,10,0.033444816053511704,0.002622245535150114,1402887459851937.2,23.92136706349416,0.1293361262477481,3211128.491767575,21403993.66818979,177787.9583635443,561.3154675853278
1.6400000000000001,-1,220127150913732.4,0.22012715091373242,153,10,0.06535947712418301,0.00258104593890196,680287691519909.2,17.102484075231587,0.12964758008801838,3218938.4645816577,21215535.568644308,177076.56335741363,1075.3946934785133
1.6500000000000001,-1,223448153202967.28,0.2234481532029673,112,10,0.08928571428571429,0.0025405465802623706,662156161350385.2,22.291901845810784,0.12994497642672279,3226597.6883866796,21029304.58028762,176343.404016049,1440.0277457939965
1.6600000000000001,-1,226798202399529.2,0.2267982023995292,245,10,0.04081632653061224,0.0025007250629934807,740359140172670.8,20.93452664878324,0.13022830574001035,3234107.8610889767,20845268.57286173,175589.03058737156,645.2080010104686
1.6700000000000002,-1,230177359906812.84,0.23017735990681285,220,10,0.045454545454545456,0.002461580603624225,940321844834253.4,26.560379873730774,0.13049756574871402,3241470.669828668,20663395.94724198,174813.9959514367,704.1579409245279
1.68,-1,233585686707717.25,0.23358568670771726,252,10,0.03968253968253968,0.0024230895262491448,955000367361213.2,19.057293424715937,0.13075276135699798,3248687.790718893,20483655.625891827,174018.85516617808,602.3760933186185
1.69,-1,237023243369865.28,0.23702324336986527,167,10,0.059880239520958084,0.002385239157054464,841866649292017.1,27.081528889477113,0.13099390458281196,3255760.8885986935,20306017.043500546,173204.16501696396,890.5868764240644
1.7,-1,240490090050738.75,0.24049009005073874,142,10,0.07042253521126761,0.0023480241456450557,1326357873190996.2,28.764693999325566,0.13122101448037002,3262691.616803953,20130450.13778125,172370.48357067973,1026.0762019110518
1.71,-1,243986286502721.72,0.24398628650272172,152,10,0.06578947368421052,0.002311428002310434,788828376075944.6,19.37821404536374,0.13143411705488842,3269481.6169621632,19956925.34045368,171518.3697354896,938.9661222250542
1.72,-1,247511892078063.47,0.24751189207806346,125,10,0.08,0.0022754370941058255,1033271056081097.0,28.019216981495173,0.13163324516982902,3276132.518784755,19785413.568385925,170648.382825299,1118.3030217499875
1.73,-1,251066965733754.44,0.2510669657337544,168,10,0.05952380952380952,0.0022400403389880585,638919247992892.8,15.956057632029268,0.1318184384469108,3282645.939898617,19615886.214899182,169761.08213176334,814.8678684973174
1.74,-1,254651566036320.94,0.25465156603632094,227,10,0.04405286343612335,0.0022052268126813157,727164063250732.5,20.24413790005672,0.13198974315916043,3289023.485668631,19448315.141239457,168857.02650192886,590.5396266370462
1.75,-1,258265751166540.2,0.2582657511665402,193,10,0.05181347150259067,0.002170985748580212,661408045384809.0,18.779738224596734,0.13214721211728916,3295266.7490485697,19282672.668198943,167936.77392389296,680.0611576501092
1.76,-1,261909578924076.12,0.2619095789240761,159,10,0.06289308176100629,0.0021373083545662697,754481150993764.5,21.879704184999685,0.13229090454968861,3301377.310436151,19118931.567901675,167000.8811198923,808.1487813678661
1.77,-1,265583106732038.72,0.2655831067320387,167,10,0.059880239520958084,0.0021041818021345637,1012485829926783.2,22.131476114496408,0.13242088597635046,3307356.7375537534,18957065.055737577,166049.90314830892,753.1958467204565
1.78,-1,269286391641464.25,0.26928639164146423,90,10,0.1111111111111111,0.0020715954090048116,1378436302728198.0,20.859365587782452,0.1325372280770222,3313206.585319812,18797046.782446537,165084.3930133302,1367.9522826590435
1.79,-1,273019490335725.44,0.2730194903357254,183,10,0.0546448087431694,0.0020395390706393624,1387465339821236.5,26.049881827490168,0.13264000855391733,3318928.3957550367,18638850.826349083,164104.90128494296,658.422999057161
1.8,-1,276782459134866.0,0.276782459134866,190,10,0.05263157894736842,0.0020080028380329296,747490929677482.4,15.60117391643835,0.1327293109893057,3324523.697881444,18482451.68572671,163111.97572761506,620.5818508639757
1.81,-1,280575353999864.1,0.2805753539998641,221,10,0.04524886877828054,0.0019769779472783577,1305640364360164.0,20.234826090601263,0.13280522469831382,3329994.007640425,18327824.271332726,162106.16093923993,522.0493660911318
1.82,-1,284398230536826.44,0.28439823053682645,208,10,0.04807692307692308,0.0019464558429557188,781472422069784.0,14.860143530668882,0.132867844577269,3335340.8278232254,18174943.89906127,161087.99800063745,542.683860470273
1.83,-1,288251144001112.4,0.2882511440011124,326,10,0.03067484662576687,0.0019164257081816238,962513909639278.2,17.39642242765624,0.13291727094792347,3340565.648004286,18023786.282729935,160058.02413511818,338.73052886866964
1.84,-1,292134149301389.75,0.29213414930138976,222,10,0.04504504504504504,0.0018868781791767653,1470959071051062.8,27.393780803528017,0.13295360939789763,3345669.9444824187,17874327.527015675,159016.77237905224,486.5599101488955
1.85,-1,296047301003629.44,0.2960473010036294,469,10,0.021321961620469083,0.0018578040450779598,1013037655361433.8,16.35649392574368,0.13297697061768127,3350655.180247047,17726544.12051855,157964.77126434105,225.2629696641678
1.86,-1,299990653335027.4,0.2999906533350274,206,10,0.04854368932038835,0.0018291942471465594,1098880443069651.4,19.314589859085014,0.1329874702345315,3355522.804926784,17580412.92894541,156902.54451095746,501.5625409784278
1.87,-1,303964260187868.1,0.30396426018786815,200,10,0.05,0.0018010416867401124,1206246193499134.8,21.756046765288666,0.13298522864360543,3360274.2547703045,17435911.18843124,155830.61073234846,505.1833667984354
1.8800000000000001,-1,307968175123327.4,0.30796817512332736,192,10,0.052083333333333336,0.0017733416660712376,1011366372243710.8,16.622154910350126,0.13297037083666333,3364910.9526217063,17293016.49898085,154749.4831519631,514.5444492681846
1.8900000000000001,-1,312002451375206.56,0.31200245137520655,416,10,0.02403846153846154,0.001746080315108367,842095404709939.0,16.300621039399935,0.13294302622867502,3369434.3079015524,17151706.818034906,153659.66933167915,232.18453025143774
1.9000000000000001,-1,316067141853612.94,0.31606714185361295,330,10,0.030303030303030304,0.0017192491466931914,1105580654011779.4,19.07332820636836,0.13290332848265865,3373845.7166090985,17011960.454154097,152561.67091294224,286.1362064019965
1.9100000000000001,-1,320162299148579.8,0.3201622991485798,230,10,0.043478260869565216,0.0016928476356371513,764554027380131.0,19.050317664187567,0.13285141533307546,3378146.5613134797,16873756.06082675,151455.983369317,401.3090661128055
1.9200000000000002,-1,324287975533628.2,0.3242879755336282,203,10,0.04926108374384237,0.001666862192484131,1610154021492886.2,24.975732188418583,0.13278742840810062,3382338.2111606407,16737072.630372385,150343.09577155055,444.4159606273036
1.93,-1,328444222969270.8,0.32844422296927084,239,10,0.04184100418410042,0.0016412838203391233,1009633770458911.0,16.98315603245846,0.13271151305108214,3386422.0218878817,16601889.488000676,149223.49056537898,368.91429391052037
1.94,-1,332631093106463.9,0.3326310931064639,171,10,0.05847953216374269,0.0016161141551916947,1007442431844042.0,13.831248182540378,0.1326238181414942,3390399.3358381055,16468186.28592861,148097.64336090937,503.879363760204
1.95,-1,336848637289999.3,0.3368486372899993,230,10,0.043478260869565216,0.0015913353280417875,1046161490045122.8,15.904622685681494,0.13252449591568408,3394271.481984634,16335942.997650843,146966.02273494558,366.06087234768745
1.96,-1,341096906561846.94,0.34109690656184694,185,10,0.05405405405405406,0.0015669493882595198,1469911768368719.2,27.87976289704569,0.13241370178770218,3398039.7759595267,16205139.912292665,145829.09004531038,444.6618877691836
1.97,-1,345375951664446.0,0.345375951664446,166,10,0.060240963855421686,0.0015429424529512792,1028851316690353.2,21.560498997229963,0.13229159417049882,3401705.5200795536,16075757.62908553,144687.299257259,484.143997070366
1.98,-1,349685823043939.56,0.3496858230439396,295,10,0.03389830508474576,0.0015193137570717052,932729696774934.4,17.98796644371839,0.13215833429775978,3405270.0033977902,15947777.051919853,143541.0967827303,266.13636168467383
1.99,-1,354026570853362.25,0.35402657085336225,267,10,0.03745318352059925,0.0014960509354674523,939805526173333.4,19.291982393135207,0.1320140860466449,3408734.5017283475,15821179.384035045,142390.9213306611,287.22346659614556
2.0,-1,358398244955778.7,0.3583982449557787,208,10,0.04807692307692308,0.00147315463269182,989926184807905.2,15.916351415695985,0.13185901576168338,3412100.277707465,15695946.122775251,141237.2037703318,360.11118642006267
2.01,-1,362800894927372.4,0.3628008949273724,281,10,0.03558718861209965,0.001450609932667768,1205187332703413.2,19.196164280657086,0.13169329208006922,3415368.5808312474,15572059.054465903,140080.36700559602,260.3299282207224
2.02,-1,367234570060486.1,0.3672345700604861,287,10,0.03484320557491289,0.001428420883561654,1139729192616689.2,13.909255884980249,0.13151708575859106,3418540.6475234316,15449500.249373306,138920.82586176894,248.9110354568981
2.03,-1,371699319366616.6,0.3716993193666166,264,10,0.03787878787878788,0.0014065731942505266,985393236333360.2,18.85102824482587,0.13133056950241706,3421617.7011751775,15328252.056764135,137758.98698277248,264.229225032375
2.04,-1,376195191579363.25,0.37619519157936326,206,10,0.04854368932038835,0.0013850628653214736,1105766773033434.8,19.816224147399033,0.13113391779594796,3424600.9522212204,15208297.100052891,136595.24874091704,330.6285552414652
2.05,-1,380722235157331.5,0.3807222351573315,253,10,0.039525691699604744,0.0013638889420276579,997128161106203.4,15.590756545195308,0.13092730673593825,3427491.598197457,15089618.27204791,135430.00115697607,262.8305658452384
2.0599999999999996,-1,385280498286992.4,0.3852804982869924,293,10,0.034129692832764506,0.0013430395144260476,956815377782281.8,15.19957496475765,0.1307109138670736,3430290.823806321,14972198.730271557,134263.62583122597,221.5552482693587
2.07,-1,389870028885498.75,0.38987002888549877,304,10,0.03289473684210526,0.0013225096599006614,1026908411281419.4,15.906410873795755,0.1304849180201844,3432999.800988057,14856021.89238433,133096.49588542455,208.4463965219241
2.0799999999999996,-1,394490874603457.9,0.3944908746034579,258,10,0.03875968992248062,0.001302300915541732,1099347192749897.2,16.65301178737503,0.1302494991532604,3435619.68899337,14741071.431683572,131928.97591505694,239.73659458696991
2.09,-1,399143082827664.1,0.39914308282766414,238,10,0.04201680672268908,0.00128240134406854,1101721622726996.4,21.09540764415845,0.13000483819542183,3438151.63446086,14627331.272682121,130761.4219517952,253.64665703691784
2.0999999999999996,-1,403826700683788.75,0.40382670068378873,247,10,0.04048582995951417,0.0012628061682111724,1108585759166692.8,18.121363132251577,0.12975111689399202,3440596.771486248,14514785.586787315,129594.18143561286,238.52161702518666
2.11,-1,408541775039032.0,0.408541775039032,329,10,0.030395136778115502,0.0012435106652453065,1409599578923693.5,22.19123661806968,0.12948851766480282,3442956.2217111913,14403418.788036415,128427.59319696671,174.74890415439793
2.1199999999999997,-1,413288352504732.0,0.413288352504732,398,10,0.02512562814070352,0.0012245127562960922,899211665608867.8,13.258062877752746,0.1292172234458553,3445231.0943971314,14293215.5289337,127261.987447865,140.95531087372208
2.13,-1,418066479438939.56,0.41806647943893954,350,10,0.02857142857142857,0.001205806411862742,1638048353709696.5,15.213887470282264,0.12893741755444604,3447422.486514109,14184160.69634576,126097.68578229776,156.39366655270072
2.1399999999999997,-1,422876201948951.25,0.42287620194895126,250,10,0.04,0.0011873853662262013,1438993361779612.8,21.004658925094965,0.12864928354785926,3449531.4828192308,14076239.407488255,124935.00118509565,213.61822867675542
2.15,-1,427717565893805.25,0.4277175658938053,209,10,0.04784688995215311,0.0011692451304322615,980873749393076.0,14.217519995464869,0.12835300508771263,3451559.1559506194,13969437.005973084,123774.23804961066,249.28264612674394
2.1599999999999997,-1,432590616886746.56,0.43259061688674655,325,10,0.03076923076923077,0.0011513812699578407,1585550842733858.2,17.845962945815376,0.12804876580803742,3453506.566510245,13863739.057946578,122615.69220322081,156.3811326340107
2.17,-1,437495400297644.0,0.437495400297644,177,10,0.05649717514124294,0.0011337894046697938,1076974241430784.8,15.47100529969141,0.12773674918715994,3455374.7631571903,13759131.34827611,121459.65094077383,280.0874549116087
2.1799999999999997,-1,442431961255387.75,0.44243196125538775,365,10,0.0273972602739726,0.0011164652087694016,1164257721750834.5,14.021547436808143,0.1274171384234439,3457164.782691507,13655599.876833957,120306.39306539159,132.47793098634682
2.19,-1,447400344650238.7,0.4474003446502387,215,10,0.046511627906976744,0.0010994044107174306,1072070743279870.2,15.800101410710587,0.12709011631494216,3458877.6501588644,13553130.854817575,119156.1889368627,219.35024318757155
2.1999999999999997,-1,452400595136148.94,0.45240059513614894,159,10,0.06289308176100629,0.0010826027931463145,1094197631933349.4,14.424131399009998,0.12675586514299808,3460514.3789296974,13451710.70117912,118009.30052633787,289.26158120842916
2.21,-1,457432757133054.0,0.457432757133054,245,10,0.04081632653061224,0.0010660561927567924,1087696997011518.4,13.912519274296738,0.12641456655982633,3462075.9708023155,13351326.039074074,116865.98147796438,183.0647068562711
2.2199999999999998,-1,462496874829120.7,0.46249687482912066,183,10,0.0546448087431694,0.0010497605001983379,1446485959769422.5,18.480050906619013,0.1260664014800965,3463563.4160952284,13251963.692418212,115726.47717672726,238.987051607671
2.23,-1,467592992182975.75,0.46759299218297573,209,10,0.04784688995215311,0.0010337116599373752,1340934666466971.5,13.920521297267792,0.1257115499765309,3464977.693742382,13153610.682476113,114591.0248219996,204.03573327159185
2.2399999999999998,-1,472721152925892.06,0.47272115292589206,291,10,0.03436426116838488,0.00101790567010962,1098617199412013.6,13.217216464857533,0.12535019117952442,3466319.7713895068,13056254.22453316,113459.8535068957,142.875993667393
2.25,-1,477881400563951.4,0.4778814005639514,315,10,0.031746031746031744,0.0010023385823606512,1130813565830926.5,17.349357533371908,0.12498250318078254,3467590.60549483,12959881.724614153,112333.18430290923,128.6810110928409
2.26,-1,483073778380170.75,0.48307377838017074,353,10,0.028328611898016998,0.0009870065016740481,1234550986315302.5,16.276384409720524,0.12460866294096873,3468791.1414188338,12864480.776277887,111211.23034929848,111.94287441647029
2.27,-1,488298329436605.8,0.48829832943660584,288,10,0.034722222222222224,0.0009719055861853176,1731065049331641.0,18.07349518497231,0.12422884620134438,3469922.313534211,12770039.157449897,110094.19694761286,133.75145627496437
2.28,-1,493555096576416.9,0.4935550965764169,245,10,0.04081632653061224,0.0009570320469852733,1432889121709058.5,15.795718413806878,0.12384322739937846,3470985.045312712,12676544.827336488,108982.28166004222,153.25646121144857
2.29,-1,498844122425912.9,0.49884412242591286,229,10,0.043668122270742356,0.0009423821479110916,1602661976994161.5,19.49881346509813,0.12345197958829715,3471980.2494317633,12583985.923375618,107875.67441230707,159.81501971008694
2.3,-1,504165449396562.56,0.5041654493965626,194,10,0.05154639175257732,0.0009279522053274869,1127711215678270.0,15.209268337243765,0.12305527436053831,3472908.8278673925,12492350.758259717,106774.55760004075,183.86292284132398
2.31,-1,509519119686980.1,0.5095191196869802,249,10,0.040160642570281124,0.0009137416835111045,1308572872245236.2,16.065245839143174,0.12265328177506969,3473771.672006577,12401627.816991834,105679.106199098,139.60974131611462
2.32,-1,514905175284883.94,0.5149051752848839,242,10,0.04132231404958678,0.000899744756477916,1396356072568485.5,16.1794568915792,0.12224617028852493,3474569.6627276763,12311805.754026573,104589.48787837481,139.98918838206689
2.3299999999999996,-1,520323657969026.1,0.5203236579690261,231,10,0.04329004329004329,0.0008859573228430229,1454105349607315.2,18.195830362667962,0.12183410669010708,3475303.670516119,12222873.3904306,103505.86311639272,142.91186085998285
2.34,-1,525774609311096.06,0.5257746093110961,438,10,0.0228310502283105,0.0008723758948717686,2008137679855523.5,19.461002849776982,0.12141725604020252,3475974.5555593814,12134819.711121293,102428.38532016432,73.44333230461535
2.3499999999999996,-1,531258070677601.6,0.5312580706776017,221,10,0.04524886877828054,0.0008589976914505915,1506222206924175.5,17.067450354190566,0.12099578161264772,3476583.1678412827,12047633.862132035,101357.20094628453,141.8263193887365
2.36,-1,536774083231720.2,0.5367740832317202,472,10,0.0211864406779661,0.0008458231855182907,1402644824637871.0,14.134625011069199,0.12056984484058411,3477130.3472522786,11961305.147949908,100292.44962487578,64.7006027988395
2.3699999999999997,-1,542322687935127.56,0.5423226879351276,397,10,0.02518891687657431,0.0008328447591311461,1482292271091087.5,13.772862705963046,0.12013960526583477,3477616.923678111,11875823.028886234,99234.26428470876,74.94414432461389
2.38,-1,547903925549801.56,0.5479039255498016,230,10,0.043478260869565216,0.0008200591175094862,1197074173050186.5,16.109826271927908,0.11970522049173256,3478043.717109588,11791177.118503083,98182.77128072086,126.02453755477097
2.3899999999999997,-1,553517836639800.06,0.5535178366398,305,10,0.03278688524590164,0.0008074664991379876,1248633568680021.5,17.330506479425427,0.1192668461393275,3478411.5377343125,11707357.181081956,97138.09052245697,92.5799062274171
2.4,-1,559164461573018.5,0.5591644615730185,333,10,0.03003003003003003,0.000795062961560733,1457158624790734.5,15.337163897573623,0.11882463580689664,3478721.186038592,11624353.129135568,96100.33560404576,82.60088371063026
2.4099999999999997,-1,564843840522920.8,0.5648438405229208,148,10,0.06756756756756757,0.0007828428123635156,1670753022692925.5,19.773149248075903,0.11837874103268001,3478973.452908748,11542155.020976886,95069.61393530807,181.03272310564114
2.42,-1,570556013470248.8,0.5705560134702488,289,10,0.03460207612456748,0.0007708069097785986,1466929375785047.5,16.514256022630242,0.11792931126076286,3479169.1197236166,11460753.05831884,94046.02687335837,90.30061538558833
2.4299999999999997,-1,576301020204711.1,0.5763010202047111,154,10,0.06493506493506493,0.0007589512153431954,1445121984658865.5,12.050782944058719,0.1174764938100209,3479308.958461419,11380137.583922423,93029.66985529316,165.05060493424904
2.44,-1,582078900326645.2,0.5820789003266452,128,10,0.078125,0.000747269896797409,1072892337929024.8,13.049490410477102,0.11702043384604897,3479393.7317918325,11300299.079290532,92020.63253096354,193.39944911619025
2.4499999999999997,-1,587889693248660.9,0.5878896932486609,392,10,0.025510204081632654,0.0007357669876253414,1123995684055881.0,13.682664545096099,0.11656127435598546,3479424.19317285,11221228.162397789,91018.9988961163,61.50193588879877
2.46,-1,593733438197263.5,0.5937334381972635,388,10,0.02577319587628866,0.0007244331477455068,1648797497353776.0,14.31554716858179,0.11609915612615085,3479401.0869518374,11142915.58546343,90024.84742577307,60.51060333645938
2.4699999999999998,-1,599610174214452.1,0.5996101742144522,246,10,0.04065040650406504,0.0007132693639969601,1592392635776173.5,17.11029127204784,0.11563421772241134,3479325.1484593977,11065352.232765501,89038.25120737083,92.93891240499944
2.48,-1,605519940159302.4,0.6055199401593023,163,10,0.06134969325153374,0.0007022722048699581,1206192756310250.5,12.310482354753052,0.11516659547318477,3479197.104110597,10988529.118494129,88059.27807387928,136.58263812265022
2.4899999999999998,-1,611462774709521.8,0.6114627747095217,264,10,0.03787878787878788,0.0006914380508536988,1161843414999244.5,12.696323966507821,0.11469642345499854,3479017.671491474,10912437.38464076,87087.99073615554,82.11265986459868
2.5,-1,617438716362994.0,0.617438716362994,287,10,0.03484320557491289,0.0006807670442466884,1592658395315772.2,18.183394487269553,0.11422383348051643,3478787.559463599,10837068.298925612,86124.44691526085,73.54371658187408
2.51,-1,623447803439296.4,0.6234478034392964,277,10,0.036101083032490974,0.0006702532249430737,1427929938182475.2,15.423557163369036,0.11374895508894493,3478507.46825478,10762413.25276639,85168.699473815,74.18936597527619
2.52,-1,629490074081199.2,0.6294900740811993,325,10,0.03076923076923077,0.0006598981107294177,1504508577253885.5,15.276644302823708,0.11327191553873434,3478178.0895534363,10688463.759278566,84220.79654664094,61.56237547412864
2.53,-1,635565566256152.0,0.635565566256152,319,10,0.03134796238244514,0.0006496955316890318,1577332853667115.5,15.569197850149683,0.112792839802488,3477800.106602043,10615211.451314276,83280.781670523,61.06136245042979
2.54,-1,641674317757738.9,0.6416743177577389,370,10,0.02702702702702703,0.0006396463160732724,1707347063043931.8,18.7122916864997,0.11231185056399447,3477374.1942914217,10542648.079530537,82348.69391294086,51.25041602742954
2.55,-1,647816366207131.8,0.6478163662071318,282,10,0.03546099290780142,0.0006297460831243828,1516671488223502.5,14.846034519396635,0.11182906821729809,3476901.019253069,10470765.510502744,81424.56799973593,65.45974821437702
2.56,-1,653991749054510.8,0.6539917490545107,197,10,0.050761421319796954,0.0006199930366758144,1721453457805673.5,17.719862113081174,0.1113446108677235,3476381.2399498574,10399555.724859066,80508.43444143445,91.21462309162355
2.57,-1,660200503580474.4,0.6602005035804743,606,10,0.0165016501650165,0.0006103864554436456,1793599320880316.5,18.630835759171692,0.11085859433477233,3475815.506766391,10329010.815461004,79600.3196583699,28.863538793140712
2.5799999999999996,-1,666442666897433.2,0.6664426668974333,235,10,0.0425531914893617,0.0006009201379683082,1581973702070036.2,14.737239478905725,0.11037113215680884,3475204.462103988,10259122.985599501,78700.24610439644,72.44818122974357
2.59,-1,672718275950982.0,0.672718275950982,335,10,0.029850746268656716,0.0005915986862010669,1509855577395370.2,16.34982456548707,0.10988233559745512,3474548.740468385,10189884.547240347,77808.23238910515,49.466415822471305
2.5999999999999996,-1,679027367521255.4,0.6790273675212554,472,10,0.0211864406779661,0.0005824136207058794,1753097322465760.8,15.120462399565529,0.109392313653616,3473848.9685558164,10121287.9192909,76924.29339839361,34.17083102928798
2.61,-1,685369978224272.2,0.6853699782242723,201,10,0.04975124378109453,0.0005733652711698012,1512456138171082.5,15.780913572694363,0.108901173065055,3473105.7653426896,10053325.625898778,76048.44041352435,78.09588297267018
2.6199999999999997,-1,691746144513254.9,0.6917461445132549,419,10,0.02386634844868735,0.000564453245402885,2338192898274821.5,17.845528493262357,0.1084090183254463,3472319.742182788,9985990.294780755,75180.68122867923,36.460507455861546
2.63,-1,698155902679943.6,0.6981559026799437,204,10,0.049019607843137254,0.0005556720249335623,1911525450331364.0,17.49659132697346,0.10791595169482557,3471491.502876665,9919274.6555814,74321.02026618224,72.87902087018436
2.6399999999999997,-1,704599288855882.5,0.7045992888558825,300,10,0.03333333333333333,0.0005470221597012603,1566698867947166.8,15.598635568374556,0.10742207321336858,3470621.64377715,9853171.53826193,73469.4586907481,48.22730635811467
2.65,-1,711076339013700.2,0.7110763390137003,340,10,0.029411764705882353,0.0005385022641871684,2043125920581216.0,20.62162388198891,0.10692748071642302,3469710.7538619074,9787673.871516135,72625.99452118119,41.409807340765724
2.6599999999999997,-1,717587088968371.0,0.717587088968371,381,10,0.026246719160104987,0.0005301077909437568,1681504173748870.5,14.090153678001084,0.10643226985072582,3468759.4148210557,9722774.681209411,71790.62274050832,35.95915127380866
2.67,-1,724131574378458.9,0.7241315743784589,395,10,0.02531645569620253,0.0005218376553589588,2138439427747173.2,19.243238448804,0.10593653409173551,3467768.201148726,9658467.088857314,70963.335404379,33.750082539225595
2.6799999999999997,-1,730709830747349.2,0.7307098307473493,202,10,0.04950495049504951,0.0005136931922126164,1807049816006734.0,15.19614664570033,0.10544036476201399,3466737.680217162,9594744.310116976,70144.12174706756,64.21643967065623
2.69,-1,737321893424470.1,0.7373218934244701,309,10,0.032362459546925564,0.000505668938979742,1690769786595071.5,17.546420457109,0.1049438510505919,3465668.4123651097,9531599.653310519,69332.9682858577,40.84605263234069
2.6999999999999997,-1,743967797606486.1,0.7439677976064861,238,10,0.04201680672268908,0.0004977632781310026,1662146675455286.8,13.017729745918066,0.10444708003325524,3464560.9509806475,9469026.51798176,68529.8589233813,51.59744958790198
2.71,-1,750647578338498.1,0.7506475783384982,325,10,0.03076923076923077,0.0004899753644159732,1821841638425092.8,17.143486519898197,0.10395013669369071,3463415.8425759696,9407018.393461363,67734.77504767299,36.762503358591744
2.7199999999999998,-1,757361270515205.2,0.7573612705152053,305,10,0.03278688524590164,0.00048230537120441674,1952448507059318.5,15.064376994102833,0.10345310394543139,3462233.6268780893,9345568.857473286,66947.69563064362,38.11188180088668
2.73,-1,764108908882073.8,0.7641089088820737,163,10,0.06134969325153374,0.0004747489788602399,1952273192876441.2,15.72939954339634,0.10295606265454338,3461014.8368986575,9284671.574754989,66168.59732403286,69.3794518060837
2.7399999999999998,-1,770890528036483.2,0.7708905280364833,309,10,0.032362459546925564,0.00046730463571731384,1745855616997038.2,17.281967790966867,0.10245909166299956,3459759.9990220154,9224320.295706078,65397.45455371389,35.60450525483051
2.75,-1,777706162428856.9,0.7777061624288569,271,10,0.03690036900369004,0.0004599708052239748,2115355518578969.2,15.666376002413736,0.10196226781268383,3458469.6330768955,9164508.855059594,64634.239611629324,39.49354526240653
2.76,-1,784555846363783.9,0.7845558463637838,228,10,0.043859649122807015,0.0004527465012970078,1459628276929556.5,12.38413333790208,0.10146566596997589,3457144.252417798,9105231.170576822,63878.922745871234,45.664671757602704
2.77,-1,791439614001130.4,0.7914396140011304,298,10,0.03355704697986577,0.0004456314266008121,2122736280794947.5,18.76359579328563,0.10096935905086413,3455784.364000802,9046481.241760328,63131.47224857654,33.98661911058855
2.78,-1,798357499357129.6,0.7983574993571296,345,10,0.028985507246376812,0.00043862214311607417,1904999133725890.0,14.490000067539109,0.1004734180465394,3454390.468457752,8988253.148596747,62391.85454180444,28.556294558726222
2.79,-1,805309536305467.6,0.8053095363054676,374,10,0.026737967914438502,0.00043171717989254343,1903930228377758.0,16.461569676054836,0.09997791204942123,3452963.060178486,8930541.050315544,61660.03426148046,25.623236891015566
2.8,-1,812295758578351.8,0.8122957585783518,339,10,0.029498525073746312,0.00042491508105413356,1984530457615267.5,15.78994448538287,0.09948290827957305,3451502.627374586,8873339.184167327,60935.974338964385,27.496581743738393
2.81,-1,819316199767572.5,0.8193161997675725,110,10,0.09090909090909091,0.00041821440578959646,1694607175075233.2,15.3587365875099,0.09898847211146117,3450009.6521646855,8816641.86423281,60219.6360810547,82.42271777619501
2.82,-1,826370893325543.8,0.8263708933255437,219,10,0.045662100456621,0.00041161372834275234,2068894652935296.0,18.174623437895754,0.09849466710101733,3448484.610641469,8760443.480241075,59510.97924757896,40.26663459521775
2.8299999999999996,-1,833459872566344.8,0.8334598725663448,187,10,0.053475935828877004,0.0004051116379992781,2027226237827583.2,14.894635967652462,0.09800155501296365,3446927.972940209,8704738.496411402,58809.96212704879,45.865540276294794
2.84,-1,840583170666735.8,0.8405831706667357,324,10,0.030864197530864196,0.00039870673907071996,2004186648440942.0,16.067343120986457,0.09750919584836228,3445340.2033220264,8649521.450322606,58116.54161064412,25.746063101830803
2.8499999999999996,-1,847740820667175.5,0.8477408206671755,211,10,0.04739336492890995,0.0003923985072077363,1829114814998538.8,12.971873947055334,0.097017647872353,3443721.760233955,8594786.951786837,57430.67326373774,38.449553385712505
2.86,-1,854932855472818.0,0.854932855472818,432,10,0.023148148148148147,0.00038618460490269513,1889263400402565.5,16.28553303662499,0.09652696764204288,3442073.096384156,8540529.681758447,56752.3113958519,18.264057461434824
2.8699999999999997,-1,862159307854502.0,0.862159307854502,436,10,0.022935779816513763,0.00038006363899811824,1582449242498877.5,13.46068283917782,0.09603721003451575,3440394.6588105415,8486744.391249523,56081.409128503714,17.599132101072723
2.88,-1,869420210449733.9,0.8694202104497338,198,10,0.050505050505050504,0.00037403427832050085,1631525257915167.8,12.882520845334117,0.0955484282749277,3438686.8889494007,8433425.9002663,55417.91846117421,37.68763843209029
2.8899999999999997,-1,876715595763645.4,0.8767155957636453,662,10,0.015105740181268883,0.00036809520655112227,2184955755497959.2,15.2274760790837,0.09506067396466021,3436950.222704022,8380569.09677265,54761.79033546662,10.961811040591272
2.9,-1,884045496169964.8,0.8840454961699648,311,10,0.03215434083601286,0.0003622451221922951,2545120447733518.0,15.296022372084465,0.09457399710949974,3435185.0905098123,8328168.935656688,54112.974697266385,22.690604525093054
2.9099999999999997,-1,891409943911948.9,0.8914099439119488,269,10,0.03717472118959108,0.00035648273853416956,2004359676074886.0,16.031072456098716,0.0940884461478178,3433391.9174024053,8276220.437724468,53471.42055719488,25.509999390612656
2.92,-1,898808971103332.2,0.8988089711033322,435,10,0.022988505747126436,0.00035080678361754103,1772809109412906.0,13.242194511959582,0.09360406797872392,3431571.123085859,8224718.688710108,52837.076049264826,15.339810790012145
2.9299999999999997,-1,906242609729242.8,0.9062426097292428,531,10,0.018832391713747645,0.00034521600019377097,1767592872445252.5,12.36173014624546,0.09312090799016796,3429723.121991784,8173658.8382961275,52209.888487588396,12.219450084235982
2.94,-1,913710891647124.6,0.9137108916471246,224,10,0.044642857142857144,0.00033970914568359767,1943190093053319.5,14.871423817099721,0.09263901008696694,3427848.3233478786,8123036.099160874,51589.80442156452,28.16602776326824
2.9499999999999997,-1,921213848587643.8,0.9212138485876438,494,10,0.020242914979757085,0.0003342849921329494,1728319920879102.8,16.23027052209915,0.09215841671873516,3425947.1312439917,8072845.746031287,50976.7696892481,12.41837420978148
2.96,-1,928751512155583.4,0.9287515121555834,231,10,0.04329004329004329,0.00032894232616698105,2140992961554482.8,15.391809507256152,0.09167916890769558,3424019.944687308,8023083.114753859,50370.72946889445,25.821919359313
2.9699999999999998,-1,936323913830729.4,0.9363239138307293,362,10,0.027624309392265192,0.00032367994894122454,2142815891334894.8,13.383843563608291,0.0912013062763538,3422067.1576739694,7973743.601392691,49771.6283291755,16.021072159865433
2.98,-1,943931084968754.8,0.9439310849687548,377,10,0.026525198938992044,0.00031849721780419227,1972757613096802.5,15.369552358124782,0.09072486707501438,3420089.159239305,7924822.661321773,49179.41027732881,14.95719343440012
2.9899999999999998,-1,951573056802078.6,0.9515730568020786,252,10,0.03968253968253968,0.00031339284487275076,2282894325020565.0,17.00528680197277,0.09024988820912404,3418086.333533041,7876315.808353685,48594.0188062218,21.755739710688285
3.0,-1,959249860440736.1,0.9592498604407361,380,10,0.02631578947368421,0.0003083653525413066,2024482791793969.2,14.117432626829768,0.0897764052664229,3416059.0598634533,7828218.613865179,48015.3969392982,14.027006656987071
3.01,-1,966961526873220.0,0.96696152687322,352,10,0.028409090909090908,0.00030341359559893366,2025315097930904.8,16.47641092653857,0.08930445254389056,3414007.712773695,7780526.705950752,47443.487274548184,14.72215813130753
3.02,-1,974708086967325.5,0.9747080869673255,278,10,0.03597122302158273,0.00029853644314237204,1882459402227243.2,14.70044774529308,0.08883406307447111,3411932.6620838945,7733235.768582869,46878.23202645275,18.12284112947055
3.03,-1,982489571470986.4,0.9824895714709864,349,10,0.02865329512893983,0.0002937327785145216,1612833711024182.8,12.842383023737174,0.08836526865356453,3409834.2729626014,7686341.540784624,46319.57306687381,14.034405967776873
3.04,-1,990306011013094.0,0.990306011013094,343,10,0.029154518950437316,0.00028900149924260266,1862596978327388.0,13.963334405239781,0.08789809986527143,3407712.905974879,7639839.815826388,45767.451964251726,13.882421003806757
3.05,-1,998157436104314.1,0.9981574361043142,509,10,0.019646365422396856,0.00028434151697220855,2194475291161307.2,15.814903600480799,0.08743258610838046,3405568.9171481878,7593726.440420668,45221.81002155906,9.09437662521274
3.06,-1,1006043877137897.0,1.006043877137897,384,10,0.026041666666666668,0.0002797517574014696,2086978688594189.5,13.940091527291623,0.08696875562208634,3403402.6580173085,7547997.313944066,44682.5883126892,11.7187805678636
3.07,-1,1013965364390472.5,1.0139653643904725,710,10,0.014084507042253521,0.00027523279146235424,1837296533591398.8,13.111251201776373,0.08650663551143015,3401214.4756926247,7502648.387664568,44149.727717778995,6.161300012315758
3.08,-1,1021921928022843.5,1.0219219280228435,382,10,0.02617801047120419,0.00027078216476483785,2246145357151096.0,16.79790995964733,0.08604625177245216,3399004.712901451,7457675.663981256,43623.16895687067,11.132082211140673
3.09,-1,1029913598080768.0,1.029913598080768,346,10,0.028901734104046242,0.00026639868954780876,1890063645603361.2,13.434468872051053,0.08558762931704852,3396773.7080539213,7413075.195680463,43102.852622649436,11.947155039308123
3.0999999999999996,-1,1037940404495734.1,1.037940404495734,515,10,0.019417475728155338,0.00026208134350214074,1853016117702168.0,12.94820506293602,0.08513079199752545,3394521.7952881646,7368843.085202581,42588.71921166215,7.802359513883544
3.11,-1,1046002377085726.5,1.0460023770857265,789,10,0.012674271229404309,0.00025782911806160325,2296826697182048.5,15.550268311162096,0.08467576263084305,3392249.304533285,7324975.48391775,42080.709154536664,4.950402492192101
3.1199999999999997,-1,1054099545555984.8,1.0540995455559847,423,10,0.02364066193853428,0.0002536420965991715,2014716809316126.8,13.480981890237171,0.08422256302254322,3389956.561543759,7281468.591418872,41578.76284469595,8.975425176109287
3.13,-1,1062231939499757.6,1.0622319394997577,327,10,0.03058103975535168,0.00024951941422834967,2007698274166720.0,13.211908778985535,0.08377121399035611,3387643.887973534,7238318.654820386,41082.82066638711,11.285462033972752
3.1399999999999997,-1,1070399588399043.8,1.0703995883990438,262,10,0.03816793893129771,0.0002454589595144441,2063073244567864.8,14.165240058901517,0.08332173538748046,3385311.6014121403,7195521.968076602,40592.823021165,13.690816629429344
3.15,-1,1078602521625333.1,1.0786025216253332,339,10,0.029498525073746312,0.00024145977480527492,2465123772608086.5,13.973198217130482,0.08287414612553251,3382960.015433122,7153074.871296239,40108.71035336067,10.284573631489346
3.1599999999999997,-1,1086840768440331.5,1.0868407684403314,455,10,0.02197802197802198,0.0002375212656903214,2223474867169812.8,13.398989162285119,0.08242846419716175,3380589.4396588923,7110973.750088734,39630.42317480323,7.44770236930996
3.17,-1,1095114357996685.0,1.095114357996685,188,10,0.05319148936170213,0.0002336443727000148,2216591389838349.2,13.627293907743766,0.0819847066983287,3378200.1797970203,7069215.034901877,39157.90208805819,17.519406643939703
3.1799999999999997,-1,1103423319338695.0,1.103423319338695,396,10,0.025252525252525252,0.00022982599505538825,2431285090032996.0,15.355152962159513,0.0815428898502426,3375792.537689682,7027795.200383879,38691.08780890343,8.083834323142394
3.19,-1,1111767681403025.5,1.1117676814030255,270,10,0.037037037037037035,0.00022606522507573334,3170310469367545.5,14.922154011872305,0.08110302902095701,3373366.8113701395,6986710.76474544,38229.921187852815,11.523274317279323
3.1999999999999997,-1,1120147473019408.0,1.120147473019408,330,10,0.030303030303030304,0.00022236226817018423,2839233399021303.0,15.847624582520774,0.08066513874662186,3370923.2950995313,6945958.289138465,37774.343230542996,9.163187606599184
3.21,-1,1128562722911328.5,1.1285627229113284,514,10,0.019455252918287938,0.00021871686254926193,2176256401528255.2,14.262637694282722,0.08022923275238983,3368462.279423006,6905534.377048772,37324.29511744533,5.7175933482142725
3.2199999999999998,-1,1137013459696721.2,1.1370134596967212,367,10,0.027247956403269755,0.00021512644595522712,2661070472237541.5,17.48296997861066,0.07979532397297763,3365984.0512121622,6865435.673682141,36879.718222439486,7.782476771794299
3.23,-1,1145499711888649.2,1.1454997118886492,391,10,0.02557544757033248,0.00021159029341710767,2343403480839541.0,14.585272696726033,0.07936342457287976,3363488.89370595,6825658.865381889,36440.55413062664,7.0991516999520785
3.2399999999999998,-1,1154021507895971.8,1.1540215078959717,639,10,0.01564945226917058,0.00020811029519141044,2047999805792166.8,14.422606185419596,0.07893354596623703,3360977.086568172,6786200.679036681,36006.744655380586,4.221619300908729
3.25,-1,1162578876024023.2,1.1625788760240232,582,10,0.01718213058419244,0.0002046827655537431,2102877161004522.0,13.709337275754965,0.07850569883635809,3358448.905916918,6747057.881511198,35578.23185435139,4.504485086264487
3.26,-1,1171171844475265.5,1.1711718444752655,431,10,0.02320185614849188,0.0002013068810329255,2235645893467252.0,14.313308579522623,0.07807989315489611,3355904.624383605,6708227.279078383,35154.95804496038,5.91112896629874
3.27,-1,1179800441349946.5,1.1798004413499465,533,10,0.01876172607879925,0.0001979849397174549,2064262290934472.0,12.336509350050626,0.0776561382006801,3353344.511143099,6669705.71686476,34736.86581884187,4.645132200078841
3.28,-1,1188464694646750.5,1.1884646946467505,324,10,0.030864197530864196,0.00019471309682439486,2126655786091370.8,12.48856331482356,0.07723444257820353,3350768.8319695024,6631490.078299773,34323.89805579146,7.425902761697757
3.29,-1,1197164632263440.0,1.19716463226344,369,10,0.02710027100271003,0.00019149097534498782,2481474089470117.0,14.775872719259066,0.07681481423577075,3348177.849266787,6593577.284582875,33915.99793678064,6.33620246313436
3.3,-1,1205900281997484.0,1.205900281997484,422,10,0.023696682464454975,0.00018832016514214178,2444756263734048.0,14.097503550044072,0.07639726048330328,3345571.8221199643,6555964.294144623,33513.10895641563,5.383957148615075
3.31,-1,1214671671546711.2,1.2146716715467112,635,10,0.015748031496062992,0.0001851970717343665,2495875377626272.0,15.492914497505856,0.0759817880098082,3342951.0063289697,6518648.1021335395,33115.174934637085,3.4768819433571476
3.32,-1,1223478828509903.8,1.2234788285099039,544,10,0.01838235294117647,0.00018212255952843037,2068727844939363.2,13.990612161659081,0.07556840290051019,3340315.6544617116,6481625.739898744,32722.140027898076,3.9437469894232735
3.33,-1,1232321780387444.5,1.2323217803874444,478,10,0.02092050209205021,0.00017909605530552763,2104845654669162.5,14.106469155728348,0.07515711065365033,3337666.015875295,6444894.2744803615,32333.9487393968,4.361334229714974
3.34,-1,1241200554581911.2,1.2412005545819111,303,10,0.033003300330033,0.00017611503351122604,2260566763139935.0,14.436569831252063,0.07474791619695409,3335002.336775745,6408450.8081216905,31950.54592915306,6.685510653878919
3.3499999999999996,-1,1250115178398694.2,1.2501151783986943,524,10,0.019083969465648856,0.00017318211331152078,2365698622940115.5,13.777914700021157,0.0743408239037712,3332324.860245389,6372292.477769603,31571.876823079965,3.7564243622051983
3.36,-1,1259065679046594.0,1.259065679046594,195,10,0.05128205128205128,0.00017029340054885989,2751415419687633.0,12.383961950949322,0.07393583760889016,3329633.8262851257,6336416.454597149,31197.88702170946,9.808235576983469
3.3699999999999997,-1,1268052083638416.5,1.2680520836384166,670,10,0.014925373134328358,0.00016745001040818774,3055073098005812.0,12.398457913763947,0.07353296062403111,3326929.4718561843,6300819.9435306,30828.522508347975,2.7737389691956573
3.38,-1,1277074419191571.8,1.2770744191915717,248,10,0.04032258064516129,0.00016465087122852218,2553251697808723.0,14.543419243996476,0.07313219575301971,3324212.0309098978,6265500.18277916,30463.729656568732,7.281115590228692
3.3899999999999997,-1,1286132712628645.5,1.2861327126286455,649,10,0.015408320493066256,0.00016189462292326429,2489227157142873.0,12.437264713975825,0.07273354530664589,3321481.734434254,6230454.443376221,30103.45523737289,2.7033767524854637
3.4,-1,1295226990777992.5,1.2952269907779925,393,10,0.02544529262086514,0.0001591823864834918,2993980469717667.5,14.663627134198332,0.07233701111721073,3318738.8104879507,6195680.028727723,29747.646425741535,4.3376806262442615
3.4099999999999997,-1,1304357280374303.0,1.304357280374303,209,10,0.04784688995215311,0.00015651093827395712,2322429898910217.0,13.69704429493223,0.07194259455276497,3315983.4842311987,6161174.274165404,29396.250806676362,7.924882901321603
3.42,-1,1313523608059178.2,1.3135236080591783,573,10,0.017452006980802792,0.0001538829978176004,2300491702601145.0,12.831086766237641,0.07155029653104333,3313215.9779734695,6126934.5465087,29049.216380944654,2.808490367090204
3.4299999999999997,-1,1322726000381688.8,1.3227260003816887,282,10,0.03546099290780142,0.0001512943561002844,2519899759633805.0,12.318876098780773,0.07116011753309788,3310436.511198821,6092958.2436328735,28706.49157018035,5.544421478308952
3.44,-1,1331964483798939.8,1.3319644837989397,706,10,0.014164305949008499,0.00014874786663099382,2531900033956949.5,13.063537075164419,0.07077205761663512,3307645.30060355,6059242.794044905,28368.02522167881,2.151679835146206
3.4499999999999997,-1,1341239084676618.0,1.341239084676618,616,10,0.016233766233766232,0.0001462397028381135,2508654826012490.5,13.400938927877982,0.07038611642905952,3304842.5601358903,6025785.656462501,28033.766612783467,2.3958991746739176
3.46,-1,1350549829289553.2,1.3505498292895532,436,10,0.022935779816513763,0.00014377226348638583,2736862972225440.5,12.581180098322958,0.07000229322022894,3302028.5010228865,5992584.319403749,27703.66545479025,3.2887310278663393
3.4699999999999998,-1,1359896743822244.5,1.3598967438222445,491,10,0.020366598778004074,0.00014134213283034658,2412571737187591.5,13.98834858362745,0.06962058685492503,3299203.33181728,5959636.300782556,27377.671896642067,2.837194854599386
3.48,-1,1369279854369419.5,1.3692798543694196,830,10,0.012048192771084338,0.0001389515673156927,2538758604581433.0,12.410601423349963,0.06924099582504298,3296367.2584096612,5926939.147505195,27055.736527945126,1.6305991787443719
3.4899999999999998,-1,1378699186936555.2,1.3786991869365552,322,10,0.031055900621118012,0.00013659708692326245,2301497372875675.0,14.169304023888762,0.06886351826150523,3293520.4840825475,5894490.435082389,26737.810382032432,4.083324606214874
3.5,-1,1388154767440413.5,1.3881547674404136,593,10,0.016863406408094434,0.00013428126457515344,2417879453212639.0,13.429938088136415,0.06848815194590231,3290663.209531947,5862287.767236518,26423.844938369934,2.154067171626222
3.51,-1,1397646621709565.5,1.3976466217095656,368,10,0.02717391304347826,0.00013200030717341882,2951078745783072.0,12.955041859993628,0.06811489432186627,3287795.6329031233,5830328.775524363,26113.792124804648,3.372093177981866
3.52,-1,1407174775484915.2,1.4071747754849153,472,10,0.0211864406779661,0.00012975694834271856,2944394195892581.0,15.591409179897843,0.06774374250617998,3284917.9498205455,5798611.1189587405,25807.604319425318,2.5541054088749933
3.53,-1,1416739254420209.5,1.4167392544202095,499,10,0.02004008016032064,0.000127547707660991,3119382943076621.5,14.381776657939984,0.0673746932996273,3282030.353421259,5767132.483642135,25505.234352183368,2.346950506997687
3.54,-1,1426340084082558.5,1.4263400840825584,554,10,0.018050541516245487,0.0001253743173666999,2546961970387478.5,13.247397586275776,0.06700774319758737,3279133.0343877436,5735890.582397208,25206.63550618647,2.053601622909324
3.55,-1,1435977289952933.8,1.4359772899529337,368,10,0.02717391304347826,0.00012323477193687538,2831628720750117.5,15.013686165698294,0.06664288840037871,3276226.18096742,5704883.154414197,24911.76151866882,3.0032562221403065
3.56,-1,1445650897426675.0,1.445650897426675,937,10,0.010672358591248666,0.00012112917506079679,3118925833098897.0,12.137070923403844,0.06628012482335588,3273309.9790222817,5674107.964892094,24620.566581881758,1.1458023597154676
3.57,-1,1455360931813993.2,1.4553609318139933,606,10,0.0165016501650165,0.00011905734812234225,2401246318258146.0,12.389462854808759,0.06591944810676449,3270384.6120403595,5643562.804696245,24333.005343490957,1.7210038146789008
3.58,-1,1465107418340455.2,1.4651074183404553,450,10,0.022222222222222223,0.00011701742845282581,2784223003339163.0,14.439218426150632,0.06556085362535716,3267450.2611761102,5613245.49001041,24049.0329069099,2.251324790035186
3.59,-1,1474890382147484.8,1.4748903821474848,591,10,0.01692047377326565,0.00011501138761715879,3556124947428001.5,16.05831617997391,0.0652043364977763,3264507.10527694,5583153.862002588,23768.60483133732,1.6651737401275186
3.5999999999999996,-1,1484709848292839.0,1.484709848292839,480,10,0.020833333333333332,0.00011303616867097688,2484396194000225.0,12.590590642411087,0.06484989159570673,3261555.3209102447,5553285.786493722,23491.67713157213,1.9915568839563882
3.61,-1,1494565841751094.5,1.4945658417510945,325,10,0.03076923076923077,0.00011109294397748659,2488612389172623.5,12.23797709626256,0.06449751355280299,3258595.0823913054,5523639.15362708,23218.206277609235,2.8571581542529887
3.6199999999999997,-1,1504458387414123.8,1.5044583874141237,634,10,0.015772870662460567,0.00010918076378763075,2480611901080921.5,12.569942569518378,0.06414719677339552,3255626.5618181988,5494211.877547617,22948.149194108693,1.4226793759449599
3.63,-1,1514387510091571.0,1.514387510091571,659,10,0.015174506828528073,0.00010729817174681688,3455268881940071.0,12.797771595299146,0.06379893544097907,3252649.929088397,5465001.896084231,22681.463259536373,1.3294759248933328
3.6399999999999997,-1,1524353234511316.5,1.5243532345113164,576,10,0.017361111111111112,0.00010544720394045637,2863823603985926.5,12.620256946988649,0.06345272352648877,3249665.3519364167,5436007.170438018,22418.106305280187,1.4774541422073193
3.65,-1,1534355585319949.8,1.5343555853199498,293,10,0.034129692832764506,0.00010362498596960812,3149224419876737.0,14.541851446940157,0.0631085547963669,3246672.995953843,5407225.684871397,22158.036614453966,2.821178989703986
3.6599999999999997,-1,1544394587083219.8,1.5443945870832199,486,10,0.0205761316872428,0.00010183178655975844,2690064033411940.0,13.664637977061167,0.06276642282042497,3243673.0246216725,5378655.446409031,21901.21292065418,1.6520293626191704
3.67,-1,1554470264286506.8,1.5544702642865067,919,10,0.01088139281828074,0.00010006818290486663,2984117018236047.0,14.3784786025419,0.062426320979504686,3240665.599333074,5350294.484533614,21647.594406455053,0.848579713977785
3.6799999999999997,-1,1564582641335267.2,1.5645826413352673,551,10,0.018148820326678767,9.833215244847704e-05,2561245034819450.0,12.655814026147034,0.06208824247294238,3237650.8794134115,5322140.850894996,21397.14070177639,1.3746818230880073
3.69,-1,1574731742555481.2,1.5747317425554812,383,10,0.02610966057441253,9.662419531564215e-05,2374380626584739.5,11.977384823921888,0.06175218032584041,3234629.0221650824,5294192.619019311,21149.81188225808,1.9208618264024588
3.6999999999999997,-1,1584917592194110.5,1.5849175921941105,572,10,0.017482517482517484,9.494426744560691e-05,2789831664830566.5,12.871145716866327,0.061418127396149415,3231600.18286837,5266447.884021641,20905.56846720629,1.249215031669645
3.71,-1,1595140214419528.5,1.5951402144195286,505,10,0.019801980198019802,9.32907723171228e-05,2676589609359485.0,11.86982568212129,0.06108607638156587,3228564.5148257697,5238904.762326913,20664.371417718525,1.3742698234504196
3.7199999999999998,-1,1605399633321969.8,1.6053996333219698,258,10,0.03875968992248062,9.16640697475879e-05,2950241974742100.5,11.846744624755152,0.06075601982624775,3225522.1693761926,5211561.39139034,20426.182134472205,2.612577186769108
3.73,-1,1615695872913955.2,1.6156958729139552,270,10,0.037037037037037035,9.006425077995317e-05,3403785956689396.0,14.417280746229839,0.06042795012735299,3222473.2959214905,5184415.929424091,20190.962455491044,2.424645208106619
3.7399999999999998,-1,1626028957130734.8,1.6260289571307347,396,10,0.025252525252525252,8.848975996744723e-05,3144628811811404.0,13.28591940962617,0.060101859541404255,3219418.041956063,5157466.555130386,19958.674653832666,1.6055802994418413
3.75,-1,1636398909830706.2,1.6363989098307063,512,10,0.01953125,8.694048387369868e-05,2790266725258271.0,12.057329641210298,0.05977774019048319,3216356.5530812303,5130711.467432381,19729.28143505618,1.2060515210935532
3.76,-1,1646805754795848.5,1.6468057547958486,726,10,0.013774104683195593,8.541732697708859e-05,2689550838406330.5,13.309945349796175,0.059455584068258405,3213288.973035186,5104148.885215932,19502.745934720966,0.8260524428713121
3.77,-1,1657249515732134.5,1.6572495157321345,899,10,0.011123470522803115,8.391842916988246e-05,2542559825049569.5,11.973367000062973,0.05913538304585055,3210215.443715239,5077777.047071797,19279.031715734527,0.6478662744163324
3.78,-1,1667730216269956.5,1.6677302162699565,675,10,0.014814814814814815,8.244346323993401e-05,2944405655170925.0,12.968687152852869,0.05881712887753789,3207136.1052009217,5051594.211037625,19058.10276560742,0.8379818638822614
3.79,-1,1678247879964538.5,1.6782478799645384,638,10,0.01567398119122257,8.099308477527156e-05,2774275690076773.0,13.862308464270338,0.05850081320630583,3204051.095774179,5025598.654353037,18839.92349364861,0.8610113909797122
3.8,-1,1688802530296339.0,1.688802530296339,506,10,0.019762845849802372,7.956648676055167e-05,2737186219258378.0,12.628030057771882,0.058186427569244414,3200960.5519428174,4999788.673212268,18624.458728084286,1.0543039319600818
3.81,-1,1699394190671477.2,1.6993941906714773,476,10,0.02100840336134454,7.816279702466122e-05,3262918714683537.0,12.730204309996846,0.05787396340279591,3197864.608460355,4974162.582516595,18411.673713073,1.0884009443590705
3.82,-1,1710022884422120.0,1.71002288442212,456,10,0.021929824561403508,7.678170171754317e-05,3149513236612214.5,13.937092385621847,0.0575634120478575,3194763.3983611027,4948718.7156405095,18201.534105783303,1.1033248125094282
3.83,-1,1720688634806893.0,1.720688634806893,877,10,0.011402508551881414,7.542402596172337e-05,3360314417645050.5,14.501618731800686,0.057254764754740534,3191657.0529545187,4923455.424194368,17994.00597315114,0.5571093894216289
3.84,-1,1731391465011275.2,1.7313914650112752,771,10,0.01297016861219196,7.408847017587039e-05,2851235780468300.0,13.474228484084708,0.056948012687991136,3188545.7018789435,4898371.077789676,17789.05578892095,0.6153917179491195
3.8499999999999996,-1,1742131398147995.2,1.7421313981479953,478,10,0.02092050209205021,7.277453001752754e-05,3395828576643029.0,15.64924379979855,0.056643146931074334,3185429.473092187,4873464.063811505,17586.650430289654,0.9639114624955566
3.86,-1,1752908457257423.5,1.7529084572574234,562,10,0.017793594306049824,7.148190483585726e-05,2859096631659964.5,11.337703777811825,0.056340158490925135,3182308.4929165384,4848732.787193777,17386.757174810118,0.7961243199975386
3.8699999999999997,-1,1763722665307961.2,1.7637226653079612,282,10,0.03546099290780142,7.021106933235988e-05,3203075418750645.0,13.41923987901338,0.05603903830236975,3179182.8860428715,4824175.670194775,17189.343697011132,1.5407006835173769
3.88,-1,1774574045196424.8,1.7745740451964247,518,10,0.019305019305019305,6.896129013078678e-05,3125502739062851.0,12.657369067338394,0.05573977723241955,3176052.7755633313,4799791.152178878,16994.378065147517,0.81448556965917
3.8899999999999997,-1,1785462619748428.5,1.7854626197484285,877,10,0.011402508551881414,6.773189114772649e-05,3077121453297288.0,13.563850356578275,0.05544236608444147,3172918.28297647,4775577.689400512,16801.828737761054,0.46714603039174324
3.9,-1,1796388411718768.5,1.7963884117187685,715,10,0.013986013986013986,6.652258474026951e-05,3300977429838079.5,14.159979765267423,0.0551467956022065,3169779.528217706,4751533.754790982,16611.664560345645,0.5563892459039287
3.9099999999999997,-1,1807351443791790.0,1.80735144379179,817,10,0.012239902080783354,6.533308621237133e-05,3055817503033507.0,12.38227935232221,0.0548530564738208,3166636.629683627,4727657.837746424,16423.854761941337,0.4728122434228842
3.92,-1,1818351738581773.8,1.8183517385817738,306,10,0.032679738562091505,6.416402818276712e-05,3560836739023102.5,11.803970393202553,0.054561139335540465,3163489.7042299355,4703948.4439248545,16238.368951586563,1.225787250649142
3.9299999999999997,-1,1829389318633295.2,1.8293893186332952,390,10,0.02564102564102564,6.301420712306882e-05,3165234819586461.0,13.271350543268563,0.054271034775474035,3160338.8672162853,4680404.095037893,16055.177114963457,0.9338808518029493
3.94,-1,1840464206421604.2,1.8404642064216044,534,10,0.018726591760299626,6.188331224110666e-05,3229716717171453.5,13.936812702039969,0.05398273333717482,3157184.232507139,4657023.328652699,15874.249610819033,0.6622591990514024
3.9499999999999997,-1,1851576424352980.0,1.85157642435298,407,10,0.02457002457002457,6.0771071588638925e-05,3431985107962709.5,12.846433444745395,0.053696225523125696,3154025.9124969216,4633804.697992794,15695.557167481511,0.8436877104901566
3.96,-1,1862725994765097.5,1.8627259947650976,498,10,0.020080321285140562,5.967721610977694e-05,3098623583066570.5,11.762591947531677,0.05341150179811911,3150864.0181233715,4610746.771740449,15519.070879297384,0.6694951421832116
3.9699999999999998,-1,1873912939927387.2,1.8739129399273873,336,10,0.02976190476190476,5.8601843069050474e-05,3365200031049011.0,15.080528425668025,0.05312855259253501,3147698.6588947503,4587848.13384705,15344.762203142962,0.9634621570290867
3.98,-1,1885137282041394.5,1.8851372820413945,357,10,0.028011204481792718,5.754469112206895e-05,3699427313192672.0,13.337805350198256,0.05284736830551836,3144529.9429011364,4565107.3833417045,15172.60295483079,0.8804397484573396
3.9899999999999998,-1,1896399043241125.0,1.896399043241125,573,10,0.017452006980802792,5.6505094368830555e-05,3450162773693442.5,14.04783835452329,0.05256793930805998,3141357.976826234,4542523.13414405,15002.565305518236,0.5325998125839903
4.0,-1,1907698245593409.8,1.9076982455934097,1056,10,0.00946969696969697,5.548279620504193e-05,3072224918396003.0,11.793939996697533,0.05229025594598198,3138182.865978691,4520094.014880405,14834.621778206536,0.28059078303378754
4.01,-1,1919034911098240.2,1.9190349110982403,425,10,0.023529411764705882,5.447754285636819e-05,2737494651084702.0,11.725211362651155,0.052014308542830644,3135004.714301167,4497818.66870036,14668.745244121123,0.6768992733338164
4.02,-1,1930409061689125.0,1.930409061689125,501,10,0.01996007984031936,5.348908336721969e-05,3251024249930469.0,12.480174380879681,0.051740087402679,3131823.6243776963,4475695.7530969195,14504.90891908832,0.557500083166738
4.03,-1,1941820719233427.0,1.941820719233427,615,10,0.016260162601626018,5.251716958842856e-05,2966998970767809.0,12.108168623612155,0.05146758281284127,3128639.6974750967,4453723.939732424,14343.086360081792,0.4409316870988636
4.04,-1,1953269905532703.2,1.9532699055327032,813,10,0.012300123001230012,5.156192554889305e-05,3130874050357615.5,12.551445869750559,0.05119678504650158,3125453.0335328765,4431901.9142613495,14183.25146151233,0.32382985501094935
4.05,-1,1964756642323055.0,1.964756642323055,1088,10,0.009191176470588236,5.0622878846051655e-05,3545027703844204.5,13.116254244688335,0.05092768436525858,3122263.7311967765,4410228.376158676,14025.378451735207,0.23492813629374756
4.06,-1,1976280951275444.2,1.9762809512754442,501,10,0.01996007984031936,4.969961669420986e-05,3531849274514134.5,13.851477081305626,0.05066027102158882,3119071.887825441,4388702.038552683,13869.441889445387,0.49530966155788264
4.07,-1,1987842853996046.0,1.987842853996046,325,10,0.03076923076923077,4.8791902948153165e-05,3088868556095721.0,11.649596449952627,0.05039453526123035,3115877.599515579,4367321.6280537555,13715.416660143486,0.7412691085756107
4.08,-1,1999442372026562.2,1.9994423720265622,415,10,0.024096385542168676,4.78995041957031e-05,3006863339061754.0,10.819002576199123,0.05013046732548883,3112680.961106067,4346085.884590511,13563.277972532278,0.5635728782048363
4.09,-1,2011079526844570.2,2.0110795268445703,787,10,0.012706480304955527,4.702218974539374e-05,3517822219588789.5,13.122781367094404,0.049868057453468215,3109482.066200371,4324993.5612532655,13413.00135502087,0.2885071538977958
4.1,-1,2022754339863824.0,2.022754339863824,664,10,0.015060240963855422,4.615973161248288e-05,3495815407308663.0,12.326930475212526,0.04960729588422757,3106281.007180063,4304043.424121051,13264.562652142042,0.3319637269770221
4.109999999999999,-1,2034466832434603.8,2.0344668324346036,720,10,0.013888888888888888,4.531190450496325e-05,3505420187490480.5,13.738828048117863,0.04934817285886632,3103077.8752262164,4283234.252119073,13117.938021103939,0.29719937745714414
4.12,-1,2046217025844013.8,2.0462170258440135,583,10,0.017152658662092625,4.4478485809906765e-05,3523048077259880.5,13.024423670991274,0.04909067862253967,3099872.760321113,4262564.836847282,12973.103928175313,0.35630985734601184
4.13,-1,2058004941316313.5,2.0580049413163133,522,10,0.019157088122605363,4.365925557903161e-05,3493724281265247.0,13.12237355831328,0.04883480342640599,3096665.7512696376,4242033.982438276,12830.037145254668,0.38631025573320177
4.14,-1,2069830600013237.2,2.0698306000132374,530,10,0.018867924528301886,4.285422357941382e-05,3332004745247312.5,11.85149702268891,0.04858053752950762,3093456.935721697,4221640.505400525,12688.714746406162,0.3693498240076266
4.1499999999999995,-1,2081694023034295.8,2.081694023034296,700,10,0.014285714285714285,4.206297444264706e-05,3469511121136220.0,12.216845758583982,0.04832787120058748,3090246.400172216,4201383.234468503,12549.114104334632,0.2714672910077945
4.16,-1,2093595231417101.0,2.093595231417101,700,10,0.014285714285714285,4.128524474944495e-05,3115665697283838.5,12.23547534417458,0.04807679471984265,3087034.22998339,4181261.010457904,12411.212886980808,0.2635199802907549
4.17,-1,2105534246137665.5,2.1055342461376654,644,10,0.015527950310559006,4.0520825843048947e-05,3239658148118988.5,13.093257246640752,0.04782729838061681,3083820.509399227,4161272.6861168793,12274.989054084763,0.2780456051660315
4.18,-1,2117511088110715.2,2.117511088110715,455,10,0.02197802197802198,3.976951164530451e-05,3576217452046597.0,12.021236653230895,0.0475793724910331,3080605.3215566743,4141417.125983926,12140.420853769721,0.3820103276225085
4.1899999999999995,-1,2129525778189995.5,2.1295257781899957,379,10,0.026385224274406333,3.9031098641451045e-05,3151555556405278.5,11.079071143497064,0.04733300737556878,3077388.7484963983,4121693.2062488887,12007.48681914896,0.4451703031416504
4.2,-1,2141578337168570.0,2.14157833716857,950,10,0.010526315789473684,3.8305385863468544e-05,3546886925465541.0,12.066219965910488,0.04708819337657378,3074170.8711836627,4102099.814607074,11876.165764968047,0.17239115830949664
4.21,-1,2153668785779121.0,2.153668785779121,587,10,0.017035775127768313,3.759217487520061e-05,3103326752160044.5,11.498810270992454,0.04684492085573398,3070951.7695155167,4082635.850129579,11746.436784256955,0.2708120580435086
4.22,-1,2165797144694253.0,2.165797144694253,387,10,0.025839793281653745,3.689126975492396e-05,3381964299939968.5,12.330988884662146,0.046603180195481396,3067731.522338422,4063300.22312007,11618.279245001004,0.3987098360142942
4.2299999999999995,-1,2177963434526786.8,2.1779634345267866,735,10,0.013605442176870748,3.620247707969426e-05,3940606420424993.5,12.85103121561483,0.0463629618003518,3064510.207452188,4044091.8549862206,11491.672786819956,0.20376833665576935
4.24,-1,2190167675830049.0,2.190167675830049,593,10,0.016863406408094434,3.552560590891485e-05,3585359757683416.5,12.540659589534098,0.046124256098292224,3061287.9016356417,4025009.6781047075,11366.597317730027,0.2451431576064114
4.25,-1,2202409889098171.0,2.202409889098171,782,10,0.01278772378516624,3.4860467766573144e-05,3270859120931124.0,11.263958948114572,0.04588705354191895,3058064.6806502235,4006052.635690871,11243.033010854744,0.18043153498009085
4.26,-1,2214690094766372.5,2.2146900947663726,685,10,0.014598540145985401,3.4206876625586524e-05,3681689439627580.0,12.42560386790279,0.04565134460972769,3054840.619253847,3987219.681670151,11120.960301200257,0.19992524688063207
4.27,-1,2227008313211258.8,2.227008313211259,745,10,0.013422818791946308,3.356464888903954e-05,3192675868725526.5,11.317072627696916,0.04541711980725716,3051615.791214418,3968509.7805564064,11000.359882468874,0.17841658813279443
4.28,-1,2239364564751100.2,2.2393645647511002,543,10,0.01841620626151013,3.293360337419671e-05,3715874251199020.0,13.775433432873967,0.0451843696682072,3048390.269323699,3949921.907314913,10881.212703852005,0.23758511165896076
4.29,-1,2251758869646111.8,2.2517588696461117,884,10,0.011312217194570135,3.231356129440588e-05,4587854943770047.0,12.605318595140272,0.04495308475551311,3045164.125401927,3931455.0472522303,10763.499966886659,0.14164086621271266
4.3,-1,2264191248098740.5,2.2641912480987405,553,10,0.018083182640144666,3.170434624177876e-05,3775087610141941.5,13.31604165320471,0.04472325566237682,3041937.4303228017,3913108.1958865277,10647.203122352312,0.2197514306458192
4.31,-1,2276661720253951.5,2.2766617202539514,803,10,0.012453300124533,3.1105784169094264e-05,3901189270985499.0,11.807416276631987,0.044494873013256726,3038710.2540114275,3894880.358826569,10532.30386711826,0.14687622107322926
4.32,-1,2289170306199494.5,2.2891703061994946,649,10,0.015408320493066256,3.051770337214599e-05,3303050912106330.5,12.238451443976603,0.044267927464816684,3035482.6654588664,3876770.551660913,10418.784141101212,0.17637080278883885
4.33,-1,2301717025966187.0,2.301717025966187,979,10,0.010214504596527068,2.9939934470979424e-05,4232173431946585.5,13.138279073758568,0.04404240970683595,3032254.7327472875,3858777.7998315697,10306.62612423944,0.11347159946841762
4.34,-1,2314301899528181.5,2.3143018995281817,1090,10,0.009174311926605505,2.9372310392461465e-05,3676727134267391.0,12.869316690257946,0.04381831046308065,3029026.5230373093,3840901.138524533,10195.81223340632,0.09890902952681818
4.35,-1,2326924946803248.0,2.326924946803248,360,10,0.027777777777777776,2.881466635162866e-05,3624924489066984.0,12.556144941070334,0.043595620492138186,3025798.102602051,3823139.612554538,10086.325119492494,0.29063409303222726
4.36,-1,2339586187653037.0,2.339586187653037,668,10,0.014970059880239521,2.8266839832591373e-05,3660663669345718.5,11.789855682001786,0.04337433058821551,3022569.536819433,3805492.276251821,9978.147664375374,0.15200337225710175
4.37,-1,2352285641883344.5,2.3522856418833444,470,10,0.02127659574468085,2.772867057132533e-05,3569785266808885.5,12.234616589432147,0.0431544315819022,3019340.890198361,3787958.1933524255,9871.262978036893,0.20965557388665051
4.38,-1,2365023329244393.0,2.365023329244393,947,10,0.010559662090813094,2.720000053535454e-05,4449624529560275.0,13.7867607352464,0.042935914340899516,3016112.226379067,3770536.4368874063,9765.654395616426,0.100977074682141
4.39,-1,2377799269431080.0,2.37779926943108,343,10,0.029154518950437316,2.6680673905432606e-05,3648003693986613.5,11.378791828802958,0.04271876977071631,3012883.608149197,3753226.089076467,9661.305474552708,0.2705459204438256
4.3999999999999995,-1,2390613482083250.0,2.39061348208325,662,10,0.015105740181268883,2.6170537057335075e-05,3670338880066956.0,11.578823333753428,0.0425029888153329,3009655.097448601,3736026.2412209357,9558.199991712156,0.13602954947194593
4.41,-1,2403465986785949.5,2.4034659867859496,565,10,0.017699115044247787,2.5669438541986445e-05,3594162968765407.5,12.933661837116256,0.04228856245783335,3006426.755388674,3718935.9935974055,9456.321940590957,0.1546652229370009
4.42,-1,2416356803069695.5,2.4163568030696956,725,10,0.013793103448275862,2.5177229065809215e-05,4506642511440195.0,13.71866767152033,0.042075481721007855,3003198.6422508117,3701954.455356704,9355.655528489586,0.11696250155664993
4.43,-1,2429285950410724.5,2.4292859504107245,1025,10,0.00975609756097561,2.4693761472738274e-05,3589046514706549.5,12.183677666300067,0.041863737667925324,2999970.8175028446,3685080.744418201,9256.185173758424,0.08027825402749593
4.4399999999999995,-1,2442253448231253.5,2.4422534482312535,569,10,0.01757469244288225,2.421908338656742e-05,3698856676610878.5,12.026594840332844,0.041653321402477496,2996743.3398192255,3668313.9873721073,9157.89550309966,0.14032776896417387
4.45,-1,2455259315899727.5,2.4552593158997276,934,10,0.010706638115631691,2.375286956268763e-05,4326288904256760.0,14.173571328032073,0.041444224069895445,2993516.267066147,3651653.319377335,9060.771348775674,0.08295391348450759
4.46,-1,2468303572731082.0,2.468303572731082,657,10,0.015220700152207,2.3294975207477364e-05,4045822313385907.0,11.760797528639682,0.041236436857238865,2990289.656331485,3635097.884063798,8964.797745993083,0.11442999519614125
4.47,-1,2481386237986982.0,2.481386237986982,664,10,0.015060240963855422,2.284526106388629e-05,3766066860471753.0,12.143945998261774,0.04102995099385941,2987063.563932332,3618646.833436934,8869.959930247938,0.10986318988521224
4.4799999999999995,-1,2494507330876082.0,2.494507330876082,1151,10,0.008688097306689836,2.24035899244468e-05,4017782920426491.0,12.833186867453136,0.04082475775183858,2983838.0454114005,3602299.327779113,8776.24333465675,0.06149693173662152
4.49,-1,2507666870554263.5,2.5076668705542633,1052,10,0.009505703422053232,2.196982661140101e-05,4293052934248390.5,13.286852468065934,0.04062084844640118,2980613.1555633806,3586054.5355572705,8683.633587418199,0.06528522123394083
4.5,-1,2520864876124889.0,2.520864876124889,457,10,0.02188183807439825,2.154383795660575e-05,4193487270611743.0,12.930602132374776,0.04041821443630461,2977388.9484301447,3569911.633328093,8592.116509201853,0.14581746100715062
4.51,-1,2534101366639035.0,2.534101366639035,679,10,0.014727540500736377,2.1125492781992605e-05,3895641011718762.5,12.81915453578741,0.04021684712420523,2974165.477319233,3553869.805647869,8501.678110642999,0.09522352023864028
4.52,-1,2547376361095748.0,2.547376361095748,445,10,0.02247191011235955,2.0714661879250862e-05,4063478702218726.5,12.732908215439085,0.04001673795700224,2970942.794806933,3537928.2449801154,8412.304589812702,0.14097280061385728
4.53,-1,2560689878442276.5,2.5606898784422767,662,10,0.015105740181268883,2.0311217990176544e-05,3981747511223002.5,12.07827552947326,0.03981787842615967,2967720.9527487173,3522086.15160432,8323.982329738024,0.09194150917288096
4.54,-1,2574041937574310.5,2.5740419375743104,1342,10,0.007451564828614009,1.9915166007078433e-05,4381354049641557.0,13.397197833437172,0.03962026006800758,2964500.002293791,3506342.7335315645,8236.69789597556,0.04400348296681258
4.55,-1,2587432557336220.0,2.58743255733622,788,10,0.012690355329949238,1.9526404273273457e-05,3922328379018155.0,11.351719050750562,0.0394238744640223,2961279.993880472,3490697.2064130404,8150.438034139946,0.07270754987461558
4.56,-1,2600861756521294.5,2.6008617565212946,623,10,0.016051364365971106,1.9144661400627427e-05,3669869725345451.0,11.416883352627252,0.03922871324108732,2958060.977259122,3475148.7934561176,8065.189667553225,0.08922298092162492
4.57,-1,2614329553871966.5,2.6143295538719666,952,10,0.01050420168067227,1.876981737236605e-05,4092997545770841.0,13.070650203902341,0.03903476807173469,2954843.001492487,3459696.7253384124,7980.93989485163,0.0566473554023428
4.58,-1,2627835968080061.5,2.6278359680800616,709,10,0.014104372355430184,1.840175403033939e-05,3791333582271905.5,11.916714748342226,0.03884203067436807,2951626.114964257,3444340.2401227453,7897.67598764325,0.07379293756972408
4.59,-1,2641381017787013.5,2.6413810177870136,687,10,0.01455604075691412,1.804035505492685e-05,4191254323608394.5,12.387471211831143,0.0386504928134673,2948410.3653893336,3429078.583176759,7815.385388206193,0.07388244225030238
4.6,-1,2654964721584098.5,2.6549647215840984,648,10,0.015432098765432098,1.7685505944831093e-05,3752047794645422.5,11.44421282730839,0.038460146299776024,2945195.79982341,3413911.0070874332,7734.055707198219,0.07598927121517164
4.61,-1,2668587098012673.0,2.668587098012673,1145,10,0.008733624454148471,1.7337100936209993e-05,3971475080104277.5,12.65763028217833,0.03827098299047199,2941982.464666741,3398836.7715838132,7653.67472139493,0.041719922466364544
4.62,-1,2682248165564384.0,2.682248165564384,853,10,0.011723329425556858,1.6995338009695438e-05,3678397124224167.0,11.597327229926137,0.038082994789321374,2938770.405674578,3383855.1434541843,7574.2303714581385,0.05432775840263019
4.63,-1,2695947942681406.0,2.695947942681406,542,10,0.01845018450184502,1.6659791735262885e-05,4336452854732777.0,13.758859875124873,0.03789617364681675,2935559.667964188,3368965.396468138,7495.710759731081,0.08294411966671592
4.64,-1,2709686447756665.0,2.709686447756665,707,10,0.014144271570014143,1.6330354388305324e-05,3743317479576625.0,11.588034827146505,0.03771051156030021,2932350.2960234084,3354166.8113015178,7418.104148068814,0.06168387138024855
4.6499999999999995,-1,2723463699134054.0,2.723463699134054,1183,10,0.0084530853761623,1.6006919969724365e-05,4228881986210939.0,12.614466168921737,0.03752600057407135,2929142.333720404,3339458.6754533774,7341.3989556782635,0.035760563649847504
4.66,-1,2737279715108657.5,2.7372797151086576,652,10,0.015337423312883436,1.568938418594623e-05,4700915776346373.0,12.804025980165324,0.03734263277948092,2925935.824302638,3324840.2831766997,7265.58375698628,0.06294066344090522
4.67,-1,2751134513926967.5,2.7511345139269676,751,10,0.013315579227696404,1.5377644429048765e-05,3678729726694855.0,11.78467007349005,0.037160400315010805,2922730.8104165522,3310310.935399574,7190.647279562937,0.05300543029126129
4.68,-1,2765028113787114.5,2.7650281137871144,806,10,0.01240694789081886,1.5071907947361574e-05,4510596899324655.0,13.492934937963089,0.036979295366340204,2919527.3341075694,3295869.9396521407,7116.578402032022,0.04790787747793913
4.6899999999999995,-1,2778960532839064.0,2.778960532839064,1604,10,0.006234413965087282,1.4771804580204773e-05,4693326462043638.0,12.413400877496304,0.03679931016639911,2916325.436820091,3281516.609994206,7043.3661520079795,0.023351348016424356
4.7,-1,2792931789184847.5,2.7929317891848475,582,10,0.01718213058419244,1.4477196779827395e-05,4595947314775481.0,12.286105803795172,0.036620436995409095,2913125.159428987,3267250.26694219,6970.999704131489,0.0624250728673176
4.71,-1,2806941900878770.0,2.80694190087877,569,10,0.01757469244288225,1.4187988242042593e-05,4563660207593327.0,13.130998337121762,0.03644266818091213,2909926.5422134115,3253070.2373980703,6899.468377993078,0.06193365103759538
4.72,-1,2820990885927623.0,2.820990885927623,709,10,0.014104372355430184,1.390408425538947e-05,3671700014812765.5,11.26619505091287,0.03626599609778732,2906729.62489394,3238975.8545814385,6828.761636239838,0.048210386141170646
4.7299999999999995,-1,2835078762290892.5,2.8350787622908924,823,10,0.012150668286755772,1.362558332551611e-05,4910117523222481.0,12.699299627443036,0.03609041316825672,2903534.446619219,3224966.457955114,6758.869082570373,0.04028392733109868
4.74,-1,2849205547880983.0,2.849205547880983,1166,10,0.008576329331046312,1.3352371691865983e-05,4296331493456845.0,11.308715780467672,0.03591591186187994,2900341.0459859907,3211041.393161196,6689.78045985455,0.02757872786046795
4.75,-1,2863371260563401.0,2.863371260563401,577,10,0.01733102253032929,1.3084185928602388e-05,5487278849087555.0,12.979645544474689,0.035742484695538375,2897149.4610317335,3197200.011952672,6621.485648202385,0.054054124374479776
4.76,-1,2877575918156983.5,2.8775759181569835,990,10,0.010101010101010102,1.2820937297819412e-05,3877157852377438.5,11.491248268539598,0.035570124233408995,2893959.7292586192,3183441.672123255,6553.974663124718,0.030555672075425137
4.77,-1,2891819538434102.5,2.8918195384341026,1270,10,0.007874015748031496,1.256253856241063e-05,4978413064141731.0,13.401948782987736,0.03539882308692853,2890771.8876253017,3169765.737445429,6487.237653659191,0.023101277439009214
4.78,-1,2906102139120852.5,2.9061021391208524,645,10,0.015503875968992248,1.230916366257162e-05,5074272839277512.0,14.542132736650757,0.03522857391474806,2887585.972559407,3156171.577604061,6421.264900557087,0.04411557241768401
4.79,-1,2920423737897268.5,2.9204237378972686,587,10,0.017035775127768313,1.2060578245987053e-05,4586344369113929.0,12.94548308090888,0.0350593694226785,2884402.0199686578,3142658.568130008,6356.046814488674,0.047013178839637244
4.8,-1,2934784352397526.0,2.934784352397526,514,10,0.019455252918287938,1.181658474491698e-05,4317424118884291.0,11.75265951216248,0.034891202363627125,2881220.06523283,3129226.0903392765,6291.573934239351,0.05207036958409729
4.81,-1,2949184000210142.5,2.9491840002101424,786,10,0.01272264631043257,1.1577101565851677e-05,5042304263332890.0,14.19229443102003,0.034724065537525745,2878040.1432297667,3115873.5312690753,6227.836924996602,0.03302303845018949
4.82,-1,2963622698878168.5,2.9636226988781686,1133,10,0.0088261253309797,1.1342145277759563e-05,4522943855626196.0,11.742766841041666,0.03455795179125056,2874862.2883259626,3102600.2836156418,6164.826576583741,0.022217166029805946
4.83,-1,2978100465899394.0,2.978100465899394,1340,10,0.007462686567164179,1.1111820564679853e-05,4616943418983642.0,12.31704906555497,0.03439285401853435,2871686.5343851238,3089405.7456736234,6102.533801758189,0.018217681950903734
4.84,-1,2992617318726542.5,2.9926173187265426,709,10,0.014104372355430184,1.0885763834345141e-05,4356824522667472.0,11.531174751205423,0.034228765159870625,2868512.9147810005,3076289.321274794,6040.949634538143,0.03339030519101847
4.85,-1,3007173274767462.5,3.0071732747674624,1225,10,0.00816326530612245,1.0663898880380884e-05,4182535107156498.5,11.797064364189765,0.034065678202410896,2865341.4624008113,3063250.419728769,5980.065228533801,0.018740809732457023
4.86,-1,3021768351385337.5,3.0217683513853375,832,10,0.01201923076923077,1.0446195558344584e-05,4848486692726714.0,12.454304557128498,0.03390358617985464,2862172.209645584,3050288.455764161,5919.871855294015,0.026757752486859285
4.87,-1,3036402565898859.0,3.036402565898859,739,10,0.013531799729364006,1.023287143686602e-05,4174337688595147.0,11.876499922712924,0.033742482172332715,2859005.188439913,3037402.8494712934,5860.360902696398,0.029213254517908255
4.88,-1,3051075935582429.0,3.051075935582429,1310,10,0.007633587786259542,1.0023511732404344e-05,4245078176269603.0,11.323149821527831,0.03358235930628393,2855840.430242737,3024593.026241584,5801.523873352869,0.015980604076133966
4.89,-1,3065788477666351.5,3.0657884776663513,827,10,0.012091898428053204,9.818045370479922e-06,5120694877403912.0,12.78478454675157,0.03342321075432565,2852677.9660413503,3011858.4167142524,5743.352383015202,0.024546382030272075
4.8999999999999995,-1,3080540209337019.5,3.0805402093370193,904,10,0.011061946902654867,9.616488444885718e-06,4517936137381578.0,12.50146201242301,0.03326502973511832,2849517.826365952,2999198.4567176998,5685.838159032359,0.021774343920461268
4.91,-1,3095331147737105.0,3.095331147737105,1051,10,0.009514747859181731,9.4189810725398e-06,4746686552264246.0,12.078046486310157,0.033107809513224104,2846360.041297686,2986612.5872155535,5628.973038822607,0.018160712258594208
4.92,-1,3110161309965742.0,3.110161309965742,770,10,0.012987012987012988,9.225154005143565e-06,4377015333365735.0,11.772475273333221,0.032951543398960184,2843204.6404641923,2974100.254251155,5572.748968337363,0.024035595178402803
4.93,-1,3125030713078724.0,3.125030713078724,780,10,0.01282051282051282,9.03494104664837e-06,4612017342531279.0,11.006146918629664,0.032796224748246505,2840051.653048679,2961660.908893382,5517.158000574114,0.02300639874472224
4.9399999999999995,-1,3139939374088674.0,3.139939374088674,981,10,0.010193679918450561,8.848481227174965e-06,5283552238012709.0,13.113295115950072,0.03264184696244863,2836901.1078013857,2949294.0071838005,5462.1922941150815,0.017736552650898
4.95,-1,3154887309965240.0,3.15488730996524,733,10,0.013642564802182811,8.665679771646673e-06,4507386043841874.0,12.589963417202508,0.03248840348821557,2833753.033038557,2936999.0100829303,5407.844111658589,0.02301576032412364
4.96,-1,3169874537635271.5,3.1698745376352715,664,10,0.015060240963855422,8.48629305416626e-06,4281991803876417.0,11.173504776684638,0.03233588781731316,2830607.456647065,2924775.38341962,5354.105818586144,0.02463425296240053
4.97,-1,3184901073983003.5,3.1849010739830037,737,10,0.013568521031207599,8.310264642541476e-06,4262133515385273.5,11.494178409405574,0.032184293486452624,2827464.4060946754,2912622.597837311,5300.969881552788,0.02151816353870332
4.9799999999999995,-1,3199966935850241.5,3.1999669358502416,753,10,0.013280212483399735,8.137902951177445e-06,5044808616190219.0,12.811020829171891,0.03203361407711513,2824323.9084295356,2900540.12874541,5248.428867084521,0.020419699489956342
4.99,-1,3215072140036530.5,3.2150721400365305,839,10,0.011918951132300357,7.968766343013911e-06,4677305077571927.0,12.3601763922085,0.03188384321537219,2821185.990291468,2888527.4562673313,5196.475440209894,0.01776808044396601
