z,alpha_intrinsic,L_min_Jy_kpc2,L_min_over_L_star,n_generated,n_detected,detection_rate_10_per_n,N_ratio_detectable_L,mean_detected_L,mean_SNR,SFR_psi,comoving_volume_Mpc3,time_Gyr,nfrb_sfr_base,n_total_population_scaled
0.01,-1,10000000000.0,1e-05,57,10,0.17543859649122806,1.0,1351231517384.058,104.45302447969057,0.015366633837018974,115.41133100337737,137678720.05218962,4.883419218333078,34.26960854970581
0.02,-1,10000000000.0,1e-05,123,10,0.08130081300813008,1.0,12894552430169.246,7566.524150196722,0.015778461234561884,431.3442192753007,135706863.92550436,18.47227729799002,60.07244649752852
0.03,-1,11736381935.419876,1.1736381935419876e-05,101,10,0.09900990099009901,0.9226344107236132,24342259814906.164,407.3222427531238,0.016197006898133106,950.9675167518868,133769703.76805276,41.20863324663519,150.57624971182082
0.04,-1,21174148959.99813,2.1174148959998132e-05,163,10,0.06134969325153374,0.6854671743469384,45037209881445.516,92.60343633081183,0.0166223021408091,1668.4929499449952,131866423.28089881,73.14417913256848,123.03787433111168
0.05,-1,33568193765.63865,3.356819376563865e-05,135,10,0.07407407407407407,0.5432562013382212,3189546422736.155,33.31587079468862,0.01705437728000787,2578.15153244518,129996236.70924087,114.31548984507613,184.0077000514194
0.060000000000000005,-1,49034519858.356224,4.9034519858356224e-05,166,10,0.060240963855421686,0.448521811520714,10948796049896.426,209.49233814204186,0.017493261604641853,3674.1988726081927,128158387.20751494,164.74433119609168,178.05162859238436
0.06999999999999999,-1,67689008966.37019,6.768900896637019e-05,158,10,0.06329113924050633,0.3809147076281889,15791816376030.254,54.3717009013346,0.017938983341287663,4950.920305113881,126352145.30294725,224.43799374857392,216.4347665047983
0.08,-1,89647370514.8923,8.96473705148923e-05,185,10,0.05405405405405406,0.33026126212687756,143490675847588.56,275.44112000194264,0.018391569619367408,6402.635839205024,124576807.45144194,293.3896502284646,209.50321336089917
0.09,-1,115025093001.71408,0.00011502509300171408,86,10,0.11627906976744186,0.2909084285975325,27111278836730.207,65.67027293041974,0.018851046435337065,8023.704917239151,122831694.67989907,371.57873437522795,502.769235894686
0.09999999999999999,-1,143937397270.90222,0.00014393739727090222,160,10,0.0625,0.2594651291147183,59137823951433.15,32.68194529311175,0.019317438615878545,9808.53097819214,121116151.30983643,458.9713391045925,297.7176444018206
0.11,-1,176499191677.9209,0.0001764991916779209,252,10,0.03968253968253968,0.2337734371236161,55978312305265.516,1043.337749992588,0.019790769780093035,11751.565821476186,119429543.75708403,555.5206318723447,206.1364563585413
0.12,-1,212825029136.0069,0.0002128250291360069,139,10,0.07194244604316546,0.21239438753233053,54075508618257.695,72.71036263053664,0.020271062300694323,13847.313767515887,117771259.40308331,661.1672851719463,404.10998731081804
0.13,-1,253029066030.32928,0.0002530290660303293,122,10,0.08196721311475409,0.19433191057560262,49465109216208.12,139.49348985538532,0.02075833726420218,16090.335612046772,116140705.53330435,775.8399201247763,494.32935730711705
0.14,-1,297225022983.0892,0.00029722502298308915,239,10,0.04184100418410042,0.17887493476943095,4606239210844.186,27.757481172878453,0.021252614430137,18475.252372228446,114537308.33873443,899.4555611865237,269.2720583016591
0.15000000000000002,-1,345526147449.824,0.00034552614744982397,213,10,0.046948356807511735,0.16550147662716252,73684256883223.55,194.09571555209348,0.021753912189218152,20996.748823164922,112960511.97664525,1031.9201000370977,320.7216907368806
0.16,-1,398045178124.37946,0.0003980451781243795,95,10,0.10526315789473684,0.15382038775257478,27830201529085.26,35.47312847963283,0.02226224752057046,23649.57682435164,111409777.68701176,1173.1287667927402,759.7941970179334
0.17,-1,454894311127.3319,0.0004548943111273319,109,10,0.09174311926605505,0.14353269321581108,92536064034996.9,255.32329291847427,0.02277763594794393,26428.55843619751,109884582.96125181,1322.966606744486,696.8402205527299
0.18000000000000002,-1,516185167950.1242,0.0005161851679501242,174,10,0.05747126436781609,0.1344054091697574,116817935271581.8,115.00469132929231,0.023300091494954225,29328.588827306154,108384420.7601139,1481.3089608936307,457.6918091856014
0.19,-1,582028765125.2843,0.0005820287651252843,219,10,0.045662100456621,0.12625517325783497,96731836557625.03,123.67787587835062,0.023829626639352574,32344.63897410881,106908798.77780546,1648.0219486471524,380.0388980076001
0.2,-1,652535485590.7979,0.0006525354855907978,154,10,0.06493506493506493,0.11893478905687804,61986842133855.29,53.566613354658,0.024366252266335785,35471.75815489682,105457238.74949963,1822.9629511092362,563.1525040225476
0.21000000000000002,-1,727815051714.5062,0.0007278150517145062,177,10,0.05649717514124294,0.11232555127453825,129119001649301.34,120.62490187807114,0.02490997762090884,38705.076240577415,104029275.79969656,2005.9810934769346,509.20436648835647
0.22,-1,807976499943.8784,0.0008079764999438785,274,10,0.0364963503649635,0.10633000818498028,101376392806518.52,42.388810670711365,0.025460810259314456,42039.80578554898,102624457.82893437,2196.917725160949,341.01938642057223
0.23,-1,893128157043.3734,0.0008931281570433734,119,10,0.08403361344537816,0.10086792798780098,143009697945968.3,52.393180988187815,0.026018755999546127,45471.24392201676,101242344.93655138,2395.606896313128,812.2349711072001
0.24000000000000002,-1,983377617881.9176,0.0009833776178819176,253,10,0.039525691699604744,0.09587224875088629,94087288898086.25,237.7932978439254,0.02658381887096318,48994.77406189834,99882508.87732875,2601.875829550988,394.38369446581964
0.25,-1,1078831724730.9868,0.0010788317247309867,127,10,0.07874015748031496,0.09128678744174534,187079882254795.88,24.186205684626593,0.027156001063028613,52605.86741050319,98544532.5499974,2815.54538574071,809.5184036557451
0.26,-1,1179596548032.183,0.0011795965480321832,188,10,0.05319148936170213,0.08706394937191941,80967850606808.52,46.59291914528275,0.02773530287319293,56300.08429695343,97228009.51565525,3036.4305228100643,562.4758155516728
0.27,-1,1285777368594.9673,0.0012857773685949674,279,10,0.035842293906810034,0.08316327661178557,435325266030909.6,222.71229957390156,0.0283217226539493,60073.07532592827,95932543.54423486,3264.3407466123494,389.2089927822874
0.28,-1,1397478661180.3533,0.0013974786611803533,172,10,0.05813953488372093,0.07954997341871539,463478222209153.0,84.999841166366,0.028915256759088154,63920.58235671437,94657748.18751705,3499.0805530173334,647.3296860057508
0.29000000000000004,-1,1514804079430.5933,0.0015148040794305932,224,10,0.044642857142857144,0.07619412020804517,92562628753840.83,284.70490994805175,0.029515899489181725,67838.43931448284,93403246.37677355,3740.449860405164,508.9290826712087
0.3,-1,1637856442100.4214,0.0016378564421004214,128,10,0.078125,0.0730697705196619,39854290462980.14,38.27566352780842,0.03012364303633178,71822.57283962067,92168670.04385954,3988.2444318799835,910.6878294180931
0.31,-1,1766737720547.6975,0.0017667377205476975,191,10,0.05235602094240838,0.07015441417017154,150256185940651.88,103.03448287447979,0.030738477428216556,75869.00278168416,90953659.76403436,4242.256286612173,623.2733079518416
0.32,-1,1901549027440.572,0.001901549027440572,398,10,0.02512562814070352,0.06742821810431443,168037729319646.25,112.79580985071702,0.03136039047147566,79973.84254271291,89757864.41943079,4502.274099708356,305.1058492065738
0.33,-1,2042390606637.184,0.002042390606637184,224,10,0.044642857142857144,0.06487390113671498,376458716740467.6,118.6885352736804,0.031989367694474906,84133.29927763097,88580940.88171776,4768.083590226106,552.364613292717
0.34,-1,2189361824195.8645,0.0021893618241958647,200,10,0.05,0.06247608345110556,488172339698237.5,324.87666726058285,0.032625392289495694,88343.6739566795,87422553.71285346,5039.467896875534,629.6924337487267
0.35000000000000003,-1,2342561160472.8125,0.0023425611604728125,314,10,0.03184713375796178,0.06022128609771282,166661127185971.25,51.285003761182494,0.03326844505439697,92601.36129674943,86282374.8828454,5316.2079411226905,407.8329673595954
0.36000000000000004,-1,2502086203264.1187,0.002502086203264119,340,10,0.029411764705882353,0.058097389190422066,169604279058376.94,88.9515785802004,0.03391850433380093,96902.84956797854,85160083.50335014,5598.082777438993,382.6282280483201
0.37,-1,2668033641951.0664,0.0026680336419510663,246,10,0.04065040650406504,0.05609372166859539,351911194064179.4,103.73532605256014,0.03457554595985672,101244.7202813545,84055365.5762477,5884.869930480925,536.7548877012737
0.38,-1,2840499262606.2417,0.0028404992626062417,258,10,0.03875968992248062,0.0542006036678484,565499355003881.6,217.15632842842032,0.035239543192639965,105623.64776453015,82967913.75619605,6176.3457191196185,519.0103355621931
0.39,-1,3019577944019.83,0.00301957794401983,275,10,0.03636363636363636,0.05240950745226869,158625555562855.66,48.89093922963163,0.03591046666024937,110036.39863098074,81897427.12626469,6472.285567180027,493.39534351466574
0.4,-1,3205363654605.5117,0.003205363654605512,110,10,0.09090909090909091,0.05071262178134195,222021474749234.7,30.463044525837283,0.03658828429866464,114479.83114977217,80843610.98588744,6772.464300935681,1248.9069840763332
0.41000000000000003,-1,3397949450145.9463,0.0033979494501459465,224,10,0.044642857142857144,0.04910296054279084,89731527322455.97,43.11190717703765,0.03727296129143468,118950.89452071613,79806176.65031886,7076.656433306826,620.508538606343
0.42000000000000004,-1,3597427472339.169,0.003597427472339169,232,10,0.04310344827586207,0.047574251126391576,179321088796701.06,47.06033635137425,0.037964460009266905,123446.62806252077,78784841.26087493,7384.636434929857,605.7216348835415
0.43,-1,3803888948107.2593,0.0038038889481072594,328,10,0.03048780487804878,0.046120684012276314,105921542769970.84,39.25364839378347,0.038662739949594106,127964.16031840147,77779327.60525452,7696.178992127814,432.86956024127574
0.44,-1,4017424189629.6943,0.004017424189629694,90,10,0.1111111111111111,0.044737106129924986,306504250518985.7,78.80682348598533,0.03936775767619714,132500.70808562555,76789363.94735558,8011.059251982313,1592.8515909735563
0.45,-1,4238122595065.1665,0.004238122595065167,339,10,0.029498525073746312,0.04341872537535918,186836047811700.22,113.22992998318591,0.04007946675896711,137053.57537425807,75814683.86589663,8329.053054666392,426.7101678080903
0.46,-1,4466072649926.019,0.004466072649926018,155,10,0.06451612903225806,0.042161266075775194,413332150130173.1,32.972422626731124,0.04079781771389325,141620.15230112255,74855026.10136408,8649.937153299388,941.1414241522294
0.47000000000000003,-1,4701361929069.805,0.004701361929069805,223,10,0.04484304932735426,0.040960754614620454,213968067261638.5,84.67795174204461,0.04152275794336715,146197.91392365025,73910134.4107027,8973.48942152941,659.3020596092531
0.48000000000000004,-1,4944077099275.223,0.0049440770992752224,235,10,0.0425531914893617,0.039813540877405296,149898550687054.8,23.233063556235575,0.04225423167689769,150784.41901903282,72979757.42922702,9299.489049130088,630.205255143019
0.49,-1,5194303922368.496,0.005194303922368496,356,10,0.028089887640449437,0.03871631320262825,184703405766687.34,26.75908037347499,0.042992179912334685,155377.30881400243,72063648.53939462,9627.716725942735,418.8198833570579
0.5,-1,5452127258868.683,0.005452127258868683,391,10,0.02557544757033248,0.03766597741674349,237387627090010.5,42.38269652659427,0.04373654035770323,159974.3056692468,71161565.7458431,9957.954814412386,383.70956640062303
0.51,-1,5717631072120.566,0.005717631072120566,224,10,0.044642857142857144,0.03665979366572103,136334424827540.84,31.402766236919184,0.04448724737375437,164573.2117243734,70273271.55644336,10289.987511151057,673.6228910386501
0.52,-1,5990898432886.472,0.005990898432886472,255,10,0.0392156862745098,0.03569508536470811,113437638371568.92,39.39108922266537,0.04524423191734168,169171.90750623925,69398532.8688438,10623.600997757521,594.8397560714557
0.53,-1,6272011524365.261,0.0062720115243652605,282,10,0.03546099290780142,0.034769498142822264,350948186984380.5,187.65038136905628,0.04600742148573693,173768.35050645235,68537120.86228469,10958.583581368857,540.4602148657689
0.54,-1,6561051647613.896,0.006561051647613897,193,10,0.05181347150259067,0.03388075289150805,197062047345854.5,32.49581325727213,0.046776740062001616,178360.57373132312,67688810.89416112,11294.725825236985,793.1063516314789
0.55,-1,6858099227341.183,0.006858099227341183,500,10,0.02,0.03302684935764577,243440228607551.4,41.17105190008871,0.04755210806153499,182946.68422838915,66853382.401291125,11631.820669763902,307.3299112123542
0.56,-1,7163233818050.907,0.007163233818050907,180,10,0.05555555555555555,0.03220586325084396,232821238688251.6,36.534900832989806,0.04833344227992233,187524.86159305993,66030618.80524841,11969.66354431344,856.6518828150464
0.5700000000000001,-1,7476534110506.465,0.007476534110506465,333,10,0.03003003003003003,0.03141599264004802,136616419749584.62,23.968996978064656,0.049120655842211244,192093.35645955443,65220307.42184981,12308.05247028681,464.46809107490117
0.5800000000000001,-1,7798077938494.624,0.007798077938494624,429,10,0.023310023310023312,0.030655599879909512,431836934046902.7,30.064674151471745,0.04991365815374634,196650.4889782074,64422239.37422575,12646.7881557168,361.48706523788627
0.59,-1,8127942285864.756,0.008127942285864756,270,10,0.037037037037037035,0.029923137344951445,225704717525673.8,25.757591777555216,0.050712354852696435,201194.64728485045,63636209.50946025,12985.674081970572,575.6623838097506
0.6,-1,8466203293821.399,0.0084662032938214,220,10,0.045454545454545456,0.02921716853031553,311849250816581.0,38.67965041988662,0.051516647764411366,205724.28596112045,62862016.318445235,13324.51658265983,707.8266301464658
0.61,-1,8812936268448.326,0.008812936268448326,272,10,0.03676470588235294,0.028536363433674827,324538539929856.8,75.96154187624532,0.05232643485774771,210237.92449435568,62099461.8588071,13663.124915530349,573.3763209253996
0.62,-1,9168215688445.338,0.009168215688445338,181,10,0.055248618784530384,0.027879455755946747,612530717623461.0,28.980615913414074,0.05314161020350689,214734.14573297807,61348351.680681646,14001.311327270887,862.6495904395242
0.63,-1,9532115213055.951,0.00953211521305595,454,10,0.022026431718061675,0.027245296835986088,346335238355026.44,28.84381242972255,0.05396206393512963,219211.59434634086,60608494.75515795,14338.89111203553,344.20030365311953
0.64,-1,9904707690169.467,0.009904707690169467,260,10,0.038461538461538464,0.026632756835108684,103463912635547.58,25.37715289524565,0.054787682211795266,223668.97528681613,59879703.405252725,14675.68266376126,601.3136734971903
0.65,-1,10286065164578.783,0.010286065164578783,372,10,0.026881720430107527,0.026040845776930444,85490814976758.16,29.230049974798753,0.055618347184074164,228105.05225835618,59161793.23922499,15011.50752276821,420.3358626662776
0.66,-1,10676258886377.223,0.010676258886377223,356,10,0.028089887640449437,0.025468550518526256,174268302203651.22,37.43469238059218,0.056453936962285574,232518.6461940582,58454583.086089864,15346.190417030994,439.1519392169409
0.67,-1,11075359319477.19,0.01107535931947719,492,10,0.02032520325203252,0.024914998151394085,158019668117225.53,16.863486156481997,0.05729432558771266,236908.6337418369,57757894.933217816,15679.559298288608,317.6066592939306
0.68,-1,11483436150238.045,0.011483436150238046,279,10,0.035842293906810034,0.0243793110415359,263867797569794.1,32.390307116711895,0.05813938300682973,241273.94576484614,57071553.86587637,16011.445373647253,559.6387196970715
0.6900000000000001,-1,11900558296185.355,0.011900558296185356,222,10,0.04504504504504504,0.023860694246422343,108148635140413.02,23.357902881337857,0.05898897504869533,245613.56585227113,56395388.00860588,16341.683132608658,702.5655940524188
0.7000000000000001,-1,12326793914810.283,0.012326793914810284,465,10,0.021505376344086023,0.02335838253396183,142461182109659.84,39.79874756844794,0.059842963405668255,249926.52884778974,55729228.46830064,16670.11037021765,334.95639992336174
0.7100000000000001,-1,12762210412434.307,0.012762210412434307,367,10,0.027247956403269755,0.022871679458596916,451810808289553.9,69.62999115676944,0.06070120561760056,254211.91939261014,55072909.27894104,16996.568206351203,423.69488818729616
0.72,-1,13206874453128.188,0.013206874453128188,274,10,0.0364963503649635,0.022399893848739527,279417749318643.16,36.161332972145274,0.061563555059664696,258468.87048771966,54426267.3478233,17320.90110164992,566.4034248780638
0.73,-1,13660851967672.78,0.013660851967672779,289,10,0.03460207612456748,0.02194240990337759,736415952222578.2,61.79561615537106,0.062429860933968816,262696.56207306916,53789142.40325106,17642.956870160273,535.818673429299
0.74,-1,14124208162550.025,0.014124208162550025,180,10,0.05555555555555555,0.02149860517838198,619701016695536.5,70.37746292802244,0.06329996826511489,266894.219628518,53161376.94359302,17962.586689206353,858.156798252682
0.75,-1,14597007528955.9,0.0145970075289559,319,10,0.03134796238244514,0.021067916324578606,297577813027474.94,27.08687353780469,0.06417371789985252,271061.11279444955,52542816.187593825,18279.64510653385,482.90160946388454
0.76,-1,15079313851822.074,0.015079313851822073,350,10,0.02857142857142857,0.020649799407784664,510178517648375.5,26.126609158722925,0.06505094651097904,275196.5540141475,51933308.025967404,18593.99004508749,438.8139024244589
0.77,-1,15571190218840.582,0.015571190218840581,360,10,0.027777777777777776,0.02024376796730798,593408814208390.0,47.79813637756634,0.06593148660563516,279299.89719918306,51332702.97407133,18905.482805643005,425.2424524748529
0.78,-1,16072699029480.307,0.016072699029480306,296,10,0.033783783783783786,0.019849314462826784,460117539955154.8,40.454840620200265,0.06681516653814157,283370.53641692677,50740854.125752576,19213.988067460898,515.3844476162606
0.79,-1,16583902003988.111,0.016583902003988113,448,10,0.022321428571428572,0.019465997409998104,492725984800364.8,35.99970375683346,0.0677018105275198,287407.9046019267,50157617.108157024,19519.3738871943,339.25364422581146
0.8,-1,17104860192367.084,0.017104860192367084,600,10,0.016666666666666666,0.019093364035086102,432211078687419.56,39.187528907983975,0.06859123867983588,291411.4722922036,49582850.03763585,19821.511696351572,252.30622569610506
0.81,-1,17635633983324.4,0.0176356339833244,208,10,0.04807692307692308,0.018731012342647402,387778087246785.7,63.499780356108104,0.06948326701550157,295380.7463887919,49016413.47646635,20120.27629726567,724.7560455029986
0.8200000000000001,-1,18176283113182.33,0.01817628311318233,445,10,0.02247191011235955,0.01837855273735345,265434830892958.1,49.34137647565814,0.0703777075016633,299315.26894067763,48458170.39061373,20415.545857966317,337.2657853595431
0.8300000000000001,-1,18726866674746.09,0.01872686667474609,239,10,0.04184100418410042,0.018035607916197516,344630689602519.44,44.12472008341568,0.0712743680898028,303214.61595506873,47907986.10823188,20707.20190598671,625.0493299044589
0.8400000000000001,-1,19287443126122.805,0.019287443126122805,581,10,0.01721170395869191,0.017701812740638534,500381317083279.9,41.73584634577071,0.07217305275866856,307078.39623268374,47365728.279101126,20995.129321309054,255.87046314031136
0.85,-1,19858070299486.543,0.01985807029948654,380,10,0.02631578947368421,0.01737684857851829,229192225656627.66,26.07460024375729,0.0730735615626498,310906.2502281438,46831266.83476413,21279.21632849269,389.22707369447505
0.86,-1,20438805409783.656,0.020438805409783656,437,10,0.02288329519450801,0.01706037660141113,783053453834225.0,68.29238157753437,0.07397569068569808,314697.8489369831,46304473.94949488,21559.354488273522,336.6688392249608
0.87,-1,21029705063374.664,0.021029705063374662,362,10,0.027624309392265192,0.016752108066491078,366339586089790.1,24.696253059182034,0.07487923250089422,318452.89280673204,45785224.0019454,21835.438688512997,404.1874349052043
0.88,-1,21630825266608.14,0.02163082526660814,208,10,0.04807692307692308,0.016451730329806846,214127963508556.78,23.16945707030407,0.07578397563574907,322171.1106754379,45273393.53755888,22107.367134877535,699.431620009692
0.89,-1,22242221434322.68,0.022242221434322678,343,10,0.029154518950437316,0.016158972815666806,607680605373214.8,24.22115178927728,0.07668970504331966,325852.25873353076,44768861.231587745,22375.041340995947,421.6416149021276
0.9,-1,22863948398273.188,0.022863948398273187,372,10,0.026881720430107527,0.015873572488694365,448276902567535.8,28.5561303784001,0.07759620207921059,329496.11951345816,44271507.85283817,22638.36611854841,386.3997264606243
0.91,-1,23496060415479.105,0.023496060415479105,459,10,0.02178649237472767,0.015595273802045728,248662478880675.7,33.377597216535456,0.07850324458452297,333102.5009025155,43781216.22801512,22897.249566999468,311.18856323409995
0.92,-1,24138611176490.277,0.024138611176490278,653,10,0.015313935681470138,0.015323828634814518,232602587698936.7,25.568189878274367,0.07941060697480082,336671.23518237943,43297871.206686266,23151.603063300554,217.3177322899017
0.93,-1,24791653813569.152,0.024791653813569153,421,10,0.023752969121140142,0.015058996219531773,530354731203497.2,69.4122868182607,0.08031806033501555,340202.1780930862,42821359.6268634,23401.34125147623,334.82252678190355
0.9400000000000001,-1,25455240908785.992,0.02545524090878599,382,10,0.02617801047120419,0.014800590541941716,211878164893677.34,20.336557785456684,0.08122537252061583,343695.20792111947,42351570.28113079,23646.3820320951,366.4716421522171
0.9500000000000001,-1,26129424502024.91,0.02612942450202491,443,10,0.022573363431151242,0.014548349936380545,499052026201990.0,40.73787528756241,0.08213230826466011,347150.2246129002,41888393.88338472,23886.646551802187,313.7799483902988
0.9600000000000001,-1,26814256098900.215,0.026814256098900216,522,10,0.019157088122605363,0.014302117956894733,640991724331480.2,44.440424670029174,0.0830386292910345,350567.1489120798,41431723.03608367,24122.059192794826,264.36516163873455
0.97,-1,27509786678578.926,0.027509786678578927,594,10,0.016835016835016835,0.014061664509901206,531869858453647.2,65.23645174538876,0.08394409443374791,353945.9215208195,40981452.198053606,24352.547562317133,230.59754463482557
0.98,-1,28216066701510.406,0.028216066701510407,529,10,0.01890359168241966,0.013826811379934023,479040998133705.0,23.536710075551817,0.08484845976228053,357286.5022841089,40537477.652815565,24578.0424821219,256.9648071745217
0.99,-1,28933146117060.312,0.028933146117060313,298,10,0.03355704697986577,0.01359738473574934,843227140847462.6,39.30983853327196,0.08575147871295036,360588.8693987945,40099697.47744613,24798.47797804704,452.60999453491684
1.0,-1,29661074371048.38,0.02966107437104838,505,10,0.019801980198019802,0.013373215111571635,362866562048541.0,19.267513938674373,0.08665290222624604,363853.0186428155,39668011.51188104,25013.79126936128,264.96222685237296
1.01,-1,30399900413188.773,0.030399900413188772,828,10,0.012077294685990338,0.013154137382590747,377934430995537.6,39.155063891914594,0.08755247889006164,367078.96263078565,39242321.32879002,25223.922758392004,160.28934555156798
1.02,-1,31149672704432.96,0.03114967270443296,246,10,0.04065040650406504,0.012939990735128526,431238158064928.44,22.943542625132196,0.08844995508875261,370266.73008766654,38822530.203856505,25428.8160197729,535.038445042519
1.03,-1,31910439224213.145,0.03191043922421315,549,10,0.018214936247723135,0.012730618631873858,496203583951299.0,23.292148830311767,0.08934507515791797,373416.365147143,38408543.086599246,25628.417789852847,237.71629364003505
1.04,-1,32682247477588.125,0.032682247477588126,146,10,0.0684931506849315,0.012525868772564563,380892382714035.7,31.68548817586302,0.09023758154479809,376527.9266701796,38000266.571585506,25822.67795585604,886.1684258390369
1.05,-1,33465144502288.1,0.0334651445022881,631,10,0.01584786053882726,0.012325635023505699,686571057707821.2,27.279249329058047,0.09112721497416236,379601.48758449,37597608.87017283,26011.549544924572,203.23858389006406
1.06,-1,34259176875661.37,0.03425917687566137,448,10,0.022321428571428572,0.012129738868422502,713759733728497.0,30.55200622346151,0.09201371461954395,382637.13424460473,37200479.78263619,26194.988712914845,283.6949756686892
1.07,-1,35064390721520.887,0.035064390721520886,526,10,0.019011406844106463,0.011938090650283395,316077083381893.1,19.24084120219631,0.09289681827966537,385634.9658124391,36808790.67077036,26372.954732984123,239.42412495679463
1.08,-1,35880831716891.305,0.035880831716891305,438,10,0.0228310502283105,0.011750533844047895,704597239968029.4,28.974235272873813,0.09377626255988103,388595.09365715715,36422454.43092041,26545.409983833302,284.8609483280001
1.09,-1,36708545098656.945,0.036708545098656946,416,10,0.02403846153846154,0.011566960542216398,668229729803899.8,30.534391418402755,0.09465178305844799,391517.64077446866,36041385.46742419,26712.319937579738,297.0964910663896
1.1,-1,37547575670110.44,0.03754757567011044,620,10,0.016129032258064516,0.011387268928415462,778009003436259.2,31.00255946985205,0.09552311455742028,394402.7412244198,35665499.66649557,26873.653147190285,197.4306551458157
1.11,-1,38397967807403.086,0.03839796780740309,284,10,0.035211267605633804,0.011211332341870772,569139484001528.2,24.634209149693568,0.09638999121794681,397250.5395886664,35294714.37049736,27029.381233476022,426.8103887374996
1.12,-1,39259765465896.06,0.03925976546589606,419,10,0.02386634844868735,0.011039046160765453,391988058959889.4,23.719089665606166,0.09725214677973788,400061.1904437951,34928948.352648705,27179.478871416602,286.430092493668
1.1300000000000001,-1,40133012186414.69,0.040133012186414685,564,10,0.01773049645390071,0.010870308133471451,570784551685386.8,30.657873009230507,0.09810931476444977,402834.85785462597,34568121.792101,27323.923775999883,210.65210699333727
1.1400000000000001,-1,41017751101405.414,0.04101775110140542,351,10,0.02849002849002849,0.01070501836628479,812013236030474.2,20.22935343822893,0.09896122868272254,405571.7148825384,34212156.24944995,27462.69668725686,335.0298261251204
1.1500000000000001,-1,41914024940995.875,0.04191402494099587,683,10,0.014641288433382138,0.010543079308853343,554102737137010.0,50.08567013141656,0.09980762224459194,408271.9431118183,33860974.64260373,27595.781354599414,170.3921003873019
1.1600000000000001,-1,42821876038958.67,0.04282187603895867,719,10,0.013908205841446454,0.010384414567899292,382760012457039.1,22.091326435116624,0.10064822957298275,410935.73219184304,33514501.22304822,27723.164520308117,160.16068623808422
1.17,-1,43741346338581.93,0.04374134633858193,836,10,0.011961722488038277,0.010228920146942655,427828087534729.94,52.26772821876002,0.10148278541997709,413563.2793949058,33172661.552509196,27844.835902122188,136.2787573911626
1.18,-1,44672477398443.234,0.04467247739844323,319,10,0.03134796238244514,0.010076502574854151,521034885833809.5,29.106259267605203,0.1023110253855389,416154.789189954,32835382.47995832,27960.788174871188,353.28771666337434
1.19,-1,45615310398092.03,0.04561531039809203,518,10,0.019305019305019305,0.00992710264730523,365161719522595.44,31.018570392997532,0.10313268613836393,418710.4728313976,32502592.119014297,28071.01695109818,215.18445304076965
1.2,-1,46569886143638.19,0.04656988614363819,534,10,0.018726591760299626,0.009780616665400088,554481935141829.8,35.415776173308316,0.1039475056385125,421230.54796202824,32174219.82570734,28175.520760550397,206.42244787038607
1.21,-1,47536245073250.22,0.047536245073250216,567,10,0.01763668430335097,0.009636987331620883,471440657313093.7,16.13499704477229,0.1047552233614732,423715.2382308247,31850196.176586464,28274.301028539157,192.2251011093243
1.22,-1,48514427262562.11,0.04851442726256211,611,10,0.016366612111292964,0.009496117688538086,548285907656693.6,30.923954400854463,0.10555558052329424,426164.7729238543,31530452.947203357,28367.36205304666,176.3533934985928
1.23,-1,49504472429990.96,0.04950447242999096,320,10,0.03125,0.009357961943546544,553019569093833.8,20.683737848836774,0.10634832030641155,428579.38661011425,31214923.090939093,28454.71098064535,332.847628089369
1.24,-1,50506419941965.75,0.05050641994196575,531,10,0.018832391713747645,0.009222433773865335,520045162248929.5,18.775160438112383,0.10713318808579403,430959.318798425,30903540.718176357,28536.357780945615,198.24833881890595
1.25,-1,51520308818069.19,0.05152030881806919,374,10,0.026737967914438502,0.009089465034954225,949478882150659.8,32.76467174215416,0.1079099316550206,433304.81360859826,30596241.075822484,28612.31521976832,278.1504157852115
1.26,-1,52546177736093.05,0.05254617773609305,627,10,0.01594896331738437,0.008958993285056671,563505430205598.5,20.52295050623428,0.10867830145189603,435616.11945460853,30292960.52715669,28682.59883084487,163.93442444881245
1.27,-1,53584065037007.62,0.05358406503700762,723,10,0.013831258644536652,0.00883095729230754,915625320305301.8,28.31334312570931,0.10943805078320944,437893.4887395901,29993636.532022804,28747.226886035412,140.4511938605
1.28,-1,54634008729848.41,0.05463400872984841,457,10,0.02188183807439825,0.00870529703152867,645227252789751.2,25.294290032275775,0.11018893604823399,440137.17756208876,29698207.62734887,28806.220363996337,219.48945700153874
1.29,-1,55696046496517.91,0.05569604649651791,260,10,0.038461538461538464,0.008581953679978271,525479728038753.4,18.222338253321773,0.11093071696056572,442347.4454342852,29406613.407992665,28859.602917333275,381.03350070633843
1.3,-1,56770215696507.664,0.05677021569650766,1104,10,0.009057971014492754,0.008460869612112232,488229381470942.9,25.391367986719658,0.11166315676789583,444524.55501101766,29118794.50790167,28907.400838144138,88.61657583934831
1.31,-1,57856553371537.49,0.05785655337153749,598,10,0.016722408026755852,0.008341988393414157,540914253305740.1,26.444945142332728,0.11238602246931209,446668.77182948735,28834692.581594545,28949.643021949316,161.53684687798284
1.32,-1,58955096250116.99,0.058955096250116995,845,10,0.011834319526627219,0.008225254773349788,457090686088109.0,17.872189612084735,0.11309908502972522,448780.3640580869,28554250.285959702,28986.360929906183,112.86163484059202
1.33,-1,60065880752027.586,0.06006588075202759,659,10,0.015174506828528073,0.008110614677501293,543541364996091.5,25.440877077124526,0.11380211959101888,450859.60225750174,28277411.26235228,29017.588549500266,142.85309838863145
1.34,-1,61188942992727.65,0.061188942992727646,415,10,0.024096385542168676,0.007998020267782513,1230398228699823.5,30.067692479736102,0.11449490567952506,452906.7591489842,28004120.11900111,29043.36235340502,223.89339831044336
1.35,-1,62324318787681.63,0.06232431878768163,396,10,0.025252525252525252,0.007887434389934112,563818556712634.9,27.432352308584008,0.11517722740943068,454922.10939394933,27734322.413720313,29063.721256790133,231.5537318588541
1.36,-1,63472043656614.26,0.06347204365661425,643,10,0.015552099533437015,0.007778789761320848,849377463853759.5,29.441057730500013,0.11584887368172872,456905.9293811919,27467964.636896268,29078.706572830215,140.71362050462514
1.37,-1,64632152827691.54,0.06463215282769154,491,10,0.020366598778004074,0.007672055048577597,510740552630607.2,19.338108196393353,0.11650963837833293,458858.4970240613,27204994.194798715,29088.361966641103,181.8065289458423
1.3800000000000001,-1,65804681241627.836,0.06580468124162783,829,10,0.012062726176115802,0.0075671792340546995,527130179806706.7,23.005685742152558,0.1171593205509839,460780.09156490775,26945359.393152125,29092.733407436528,106.2243320157506
1.3900000000000001,-1,66989663555723.51,0.06698966355572351,529,10,0.01890359168241966,0.007464122165883436,1051463706695370.8,41.72522474734844,0.11779772460458442,462670.9933888644,26689009.4209975,29091.869119104333,164.19301711825062
1.4000000000000001,-1,68187134147830.87,0.06818713414783087,723,10,0.013831258644536652,0.007362836312834409,371834868681601.2,18.264652521935382,0.11842466047461185,464531.48384468415,26435894.334847275,29085.819529101947,118.48084548681605
1.4100000000000001,-1,69397127120251.61,0.0693971271202516,609,10,0.016420361247947456,0.0072632944517672104,663795474744591.2,32.1539118882779,0.1190399437982678,466361.8450738374,26185965.04308979,29074.63721574702,138.70453279230202
1.42,-1,70619676303566.88,0.07061967630356687,422,10,0.023696682464454975,0.007165440406795454,427653646757546.75,16.217403280585337,0.1196433960790384,468162.3598466847,25939173.29070372,29058.376853945625,197.36120157834284
1.43,-1,71854815260399.31,0.07185481526039932,324,10,0.030864197530864196,0.00706924369482298,597359364478567.8,23.26260392280243,0.12023484484435139,469933.31140595814,25695471.644191947,29037.095159329678,253.42012576674836
1.44,-1,73102577289110.6,0.0731025772891106,855,10,0.011695906432748537,0.0069746754156868596,599954952118166.9,19.43576962787327,0.12081412379603326,471674.98331700545,25454813.47682177,29010.850830926902,94.66258155725126
1.45,-1,74362995427434.47,0.07436299542743446,1034,10,0.009671179883945842,0.006881688049188983,394758383987593.3,18.776961046078092,0.12138107295328354,473387.65932506934,25217152.95410143,28979.704492368295,77.14865999000357
1.46,-1,75636102456044.81,0.07563610245604481,490,10,0.02040816326530612,0.006790248226933082,694289358982836.2,37.59488493447564,0.12193553878790152,475071.62321849074,24982445.019521292,28943.71863166667,160.4367625465507
1.47,-1,76921930902064.5,0.0769219309020645,657,10,0.015220700152207,0.0067003231366694616,1010604219584331.0,35.43991715886468,0.12247737435151856,476727.1586988748,24750645.38054905,28902.957539693394,117.90511727329235
1.48,-1,78220513042509.64,0.07822051304250964,720,10,0.013888888888888888,0.006611880521350089,770659343614183.1,19.72633827958927,0.12300643939460665,478354.5492559757,24521710.494854964,28857.487247267538,106.00125434739823
1.49,-1,79531880907675.98,0.07953188090767599,647,10,0.015455950540958269,0.006524888677804319,600025998921639.2,26.399389711175797,0.12352260047705375,479954.07805061527,24295597.556820426,28807.375461204425,116.20705903188298
1.5,-1,80856066284465.38,0.08085606628446537,419,10,0.02386634844868735,0.006439316455057353,439767985392015.5,19.278721492082724,0.1240257310701164,481526.027800451,24072264.484238382,28752.691498989552,176.75196133329936
1.51,-1,82193100719654.38,0.08219310071965437,621,10,0.01610305958132045,0.006355133252305523,383939531521341.4,16.82750970684127,0.12451571164958056,483070.68067323155,23851669.90529175,28693.50622255083,117.45639647031767
1.52,-1,83543015523106.55,0.08354301552310654,453,10,0.02207505518763797,0.006272309016570055,810671920835486.1,25.34313068917786,0.12499242977998155,484588.31818515126,23633773.145745885,28629.8919710024,158.5655890093995
1.53,-1,84905841770927.58,0.08490584177092758,444,10,0.02252252252252252,0.006190814240040865,523312327669304.7,13.69468313950116,0.12545578018975678,486079.22110184695,23418534.21637197,28561.922492332706,159.29869953916827
1.54,-1,86281610308566.33,0.08628161030856633,856,10,0.011682242990654205,0.006110619957131802,639982358687975.2,19.164810978907006,0.12590566483722512,487543.6693479014,23205913.800602216,28489.67287448606,81.35026338270609
1.55,-1,87670351753862.02,0.08767035175386202,683,10,0.014641288433382138,0.0060316977412607775,579268179871773.1,13.900021997635335,0.12634199296731044,488981.9419184367,22995873.24240182,28413.219475540893,100.36893220062474
1.56,-1,89072096500038.92,0.08907209650003892,825,10,0.012121212121212121,0.005954031932229098,451413621071563.0,27.250295387251832,0.12676468115894596,490394.31679528696,22788374.534365553,28332.639853248627,81.79075995664925
1.57,-1,90486874718647.17,0.09048687471864718,535,10,0.018691588785046728,0.005877588043643467,980968062513408.0,32.982379343391955,0.12717365336312167,491781.07086932147,22583380.306024913,28248.012694112873,124.13471526550032
1.58,-1,91914716362455.33,0.09191471636245532,1000,10,0.01,0.005802335966180405,542654345513940.5,21.117146747339234,0.1275688409315561,493142.47986483126,22380853.81236754,28159.417741881418,65.35616094016686
1.59,-1,93355651168290.6,0.09335565116829059,360,10,0.027777777777777776,0.005728261481808272,750804133420669.0,21.434657815103215,0.12795018263599814,494478.81826884765,22180758.922575094,28066.93572573671,178.63860758902894
1.6,-1,94809708659832.03,0.09480970865983203,615,10,0.016260162601626018,0.005655337534029692,745701765266482.1,29.626047818175152,0.12831762467818383,495790.3592653664,21983060.10894857,27970.64828825243,102.883549343543
1.61,-1,96276918150353.28,0.09627691815035327,407,10,0.02457002457002457,0.00558353288021507,1093427748950835.4,30.37557464956608,0.12867112069049735,497077.3746704374,21787722.43604854,27870.63791303316,152.94017020146373
1.62,-1,97757308745420.0,0.09775730874542,732,10,0.01366120218579235,0.005512842408949337,874203132820915.6,35.27708617334832,0.12901063172740435,498340.13487482205,21594711.550035674,27766.98785251075,83.64755639459145
1.6300000000000001,-1,99250909345540.12,0.09925090934554012,756,10,0.013227513227513227,0.005443222811638226,824810870397693.9,18.868996167473682,0.1293361262477481,499578.9087855459,21403993.66818979,27659.78205549127,79.66050616369932
1.6400000000000001,-1,100757748648768.48,0.10075774864876848,704,10,0.014204545454545454,0.005374674320426598,1725863694700722.5,22.99816412285316,0.12964758008801838,500793.9637751258,21215535.568644308,27549.105095105107,84.12924301442897
1.6500000000000001,-1,102277855153267.1,0.1022778551532671,914,10,0.010940919037199124,0.005307157569240939,687604529659311.0,17.2023317018233,0.12994497642672279,501985.56563112966,21029304.58028762,27435.042096796606,63.720827713985955
1.6600000000000001,-1,103811257159821.36,0.10381125715982135,614,10,0.016286644951140065,0.005240662689338871,459534359583235.2,18.152724999691667,0.13022830574001035,503153.9785093509,20845268.57286173,27317.67866668732,93.26562823964605
1.6700000000000002,-1,105357982774313.69,0.10535798277431369,469,10,0.021321961620469083,0.005175169126555801,632843539797981.5,14.28537140509842,0.13049756574871402,504299.46489060344,20663395.94724198,27197.100820399337,120.04229978469603
1.68,-1,106918059910154.92,0.10691805991015492,1278,10,0.00782472613458529,0.005110649495459252,648088663545748.8,28.848566114963255,0.13075276135699798,505422.2855401525,20483655.625891827,27073.39491238326,43.305988121859336
1.69,-1,108491516290673.61,0.1084915162906736,1131,10,0.008841732979664015,0.005047095086489817,895567962590191.1,15.1586545597813,0.13099390458281196,506522.6994692691,20306017.043500546,26946.647565839463,48.09983820580765
1.7,-1,110078379451466.34,0.11007837945146634,669,10,0.014947683109118086,0.0049844856763126,899600033893209.6,28.526158447983033,0.13122101448037002,507600.96389959304,20130450.13778125,26816.94560334336,79.92148355295613
1.71,-1,111678676742706.3,0.1116786767427063,1122,10,0.008912655971479501,0.004922797777197951,680114945857486.0,15.099778080734229,0.13143411705488842,508657.3342312035,19956925.34045368,26684.375978354285,46.83129652483312
1.72,-1,113292435331414.86,0.11329243533141486,1059,10,0.009442870632672332,0.004862015039000855,481698216288734.3,16.562285515104517,0.13163324516982902,509692.0640103103,19785413.568385925,26549.025707455752,48.756095282519425
1.73,-1,114919682203693.45,0.11491968220369345,635,10,0.015748031496062992,0.004802121336164977,780122672044377.8,25.919176881405583,0.1318184384469108,510705.40490304196,19615886.214899182,26410.981803769675,79.89211919933689
1.74,-1,116560444166918.25,0.11656044416691826,925,10,0.010810810810810811,0.004743106649932494,1103745579343609.8,19.265501987268305,0.13198974315916043,511697.6066678364,19448315.141239457,26270.331211246812,53.88237088172709
1.75,-1,118214747851898.3,0.1182147478518983,1218,10,0.008210180623973728,0.0046849485453722695,581379112823467.8,22.194295547634717,0.13214721211728916,512668.9171322438,19282672.668198943,26127.160740204967,40.198490543359846
1.76,-1,119882619714997.53,0.11988261971499753,1111,10,0.009000900090009001,0.004627630862311438,574868378548481.2,12.590645814112454,0.13229090454968861,513619.5821703764,19118931.567901675,25981.557004022634,43.288228638242686
1.77,-1,121564086040221.58,0.12156408604022158,1250,10,0.008,0.004571138422507337,1275630078317887.5,21.94252985306383,0.13242088597635046,514549.84568435064,18957065.055737577,25833.60635722021,37.788476995654115
1.78,-1,123259172941268.64,0.12325917294126865,1129,10,0.008857395925597875,0.004515456270095308,759550375359786.4,30.181941578135195,0.1325372280770222,515459.94958427915,18797046.782446537,25683.39483473188,41.08848405449904
1.79,-1,124967906363547.94,0.12496790636354793,863,10,0.011587485515643106,0.004460569670990622,727972497217746.4,17.132002000599797,0.13264000855391733,516350.13377368037,18638850.826349083,25531.008092785338,52.78463053000899
1.8,-1,126690312086163.92,0.1266903120861639,792,10,0.012626262626262626,0.004406464112195141,892873276294766.8,20.73356368051869,0.1327293109893057,517220.63613377034,18482451.68572671,25376.531351133028,56.47513873270836
1.81,-1,128426415723867.61,0.12842641572386762,809,10,0.012360939431396786,0.004353125301013394,791583761822380.0,17.322821666806867,0.13280522469831382,518071.69251071604,18327824.271332726,25220.049336880085,54.28234109328987
1.82,-1,130176242728976.5,0.1301762427289765,584,10,0.017123287671232876,0.004300539164178163,730696233236575.0,18.90612093599529,0.132867844577269,518903.5367048191,18174943.89906127,25061.6462299546,73.82095282924504
1.83,-1,131939818393262.08,0.13193981839326208,434,10,0.02304147465437788,0.004248693767085254,837637645695265.4,18.46693004317039,0.13291727094792347,519716.4004601459,18023786.282729935,24901.405610143556,97.51008922348268
1.84,-1,133717167849806.44,0.13371716784980645,529,10,0.01890359168241966,0.0041975791232120585,1160665068819189.0,21.24702245303444,0.13295360939789763,520510.5134553751,17874327.527015675,24739.410405840747,78.52221749726448
1.85,-1,135508316074830.64,0.13550831607483063,565,10,0.017699115044247787,0.004147177397377799,1223223053732757.2,17.733349533377336,0.13297697061768127,521286.10329854605,17726544.12051855,24575.74284464662,72.15572760997355
1.86,-1,137313287889489.89,0.1373132878894899,774,10,0.012919896640826873,0.004097475340256618,1298397121038736.8,17.978414876472662,0.1329874702345315,522043.39551905816,17580412.92894541,24410.48440553443,51.69062423534679
1.87,-1,139132107961642.02,0.13913210796164202,925,10,0.010810810810810811,0.004048459917192715,1058114686597660.4,25.926080284267606,0.13298522864360543,522782.61356469576,17435911.18843124,24243.71577301762,42.44311850848633
1.8800000000000001,-1,140964800807587.9,0.14096480080758791,860,10,0.011627906976744186,0.004000122882490964,780726632776993.8,20.48500440849221,0.13297037083666333,523503.97879779374,17293016.49898085,24075.516793047937,44.79303517751931
1.8900000000000001,-1,142811390793781.1,0.1428113907937811,744,10,0.013440860215053764,0.003952455732999516,938448485141554.8,21.7917894609027,0.13294302622867502,524207.71049228933,17151706.818034906,23905.966430764805,50.79960971622061
1.9000000000000001,-1,144671902138512.12,0.14467190213851214,819,10,0.01221001221001221,0.003905438337523215,956238564013036.6,17.324631596616566,0.13290332848265865,524894.0258340681,17011960.454154097,23735.142730222422,45.272838273600044
1.9100000000000001,-1,146546358913565.5,0.1465463589135655,510,10,0.0196078431372549,0.003859060652857793,974791750815234.6,21.642500616676905,0.13285141533307546,525563.1399195926,16873756.06082675,23563.122775892287,71.31883918659076
1.9200000000000002,-1,148434785045850.16,0.14843478504585014,858,10,0.011655011655011656,0.0038133226884364824,977280875413757.4,19.059238824626142,0.13278742840810062,526215.2657569811,16737072.630372385,23389.98265611243,41.58207531220948
1.93,-1,150337204319003.28,0.15033720431900327,993,10,0.010070493454179255,0.003768199246554249,1080034475532231.8,15.66749057395944,0.13271151305108214,526850.6142682699,16601889.488000676,23215.797428519145,35.23937578179331
1.94,-1,152253640374970.12,0.15225364037497013,1210,10,0.008264462809917356,0.0037236885665826724,1376741054847508.5,21.235740082583025,0.1326238181414942,527469.3942916307,16468186.28592861,23040.641087279568,28.36237083750013
1.95,-1,154184116715556.94,0.15418411671555693,1132,10,0.0088339222614841,0.003679778647841303,757337067602183.5,14.16267103004796,0.13252449591568408,528071.8125852307,16335942.997650843,22864.58653233804,29.730253467638637
1.96,-1,156128656703960.53,0.15612865670396053,895,10,0.0111731843575419,0.003636455305566333,658088584409899.0,18.774024171769092,0.13241370178770218,528658.0738316387,16205139.912292665,22687.705540528852,36.87277192580238
1.97,-1,158087283566275.16,0.15808728356627516,720,10,0.013888888888888888,0.0035937171981010874,1112370976679943.2,21.51227599220512,0.13229159417049882,529228.380641866,16075757.62908553,22510.068738570142,44.94156730902064
1.98,-1,160060020392972.72,0.1600600203929727,499,10,0.02004008016032064,0.0035515443590884432,809049764042601.4,18.39467949210929,0.13215833429775978,529782.9335633932,15947777.051919853,22331.74557805496,63.57690183273697
1.99,-1,162046890140362.06,0.16204689014036205,1118,10,0.008944543828264758,0.003509937536843699,898151902846441.8,17.0301770766831,0.1320140860466449,530321.9310840176,15821179.384035045,22152.80431216362,27.819305689308067
2.0,-1,164047915632025.44,0.16404791563202545,1104,10,0.009057971014492754,0.003468879291206539,649133935533740.6,18.020977843734375,0.13185901576168338,530845.5696413581,15695946.122775251,21973.311974403325,27.616944517111726
2.01,-1,166063119560232.3,0.16606311956023231,791,10,0.012642225031605562,0.003428364404140072,791980743692087.8,18.370522362881612,0.13169329208006922,531354.043628726,15572059.054465903,21793.334359041208,37.78280240913257
2.02,-1,168092524487331.22,0.16809252448733122,971,10,0.010298661174047374,0.0033883857636418657,1024845854018398.6,23.44307902557023,0.13151708575859106,531847.5454056681,15449500.249373306,21612.93600350663,30.168059594144015
2.03,-1,170136152847120.25,0.17013615284712025,799,10,0.012515644555694618,0.003348926339173608,957296066677687.4,17.166542643030798,0.13133056950241706,532326.2653041569,15328252.056764135,21432.1801723894,35.932311732279956
2.04,-1,172194026946196.88,0.17219402694619687,870,10,0.011494252873563218,0.003309991520365485,1133548747831231.8,19.65218113133408,0.13113391779594796,532790.391640439,15208297.100052891,21251.128843403767,32.340715526372804
2.05,-1,174266168965287.03,0.17426616896528704,885,10,0.011299435028248588,0.003271561922663313,864815167257768.5,16.170909148478295,0.13092730673593825,533240.1107239936,15089618.27204791,21069.842694953884,31.155387605566954
2.0599999999999996,-1,176352600960553.78,0.17635260096055377,1422,10,0.007032348804500703,0.0032336286521938984,1308181161033070.5,21.890261165948537,0.1307109138670736,533675.6068677031,14972198.730271557,20888.38109540516,19.000075276525312
2.07,-1,178453344864886.44,0.17845334486488643,1013,10,0.009871668311944718,0.0031961938385839384,650590463249694.5,14.324286333808493,0.1304849180201844,534097.0623989429,14856021.89238433,20706.802094057428,26.133446503377428
2.0799999999999996,-1,180568422489169.72,0.1805684224891697,1456,10,0.006868131868131868,0.0031592424991281343,989480466933020.6,24.30118345606803,0.1302494991532604,534504.6576708824,14741071.431683572,20525.162413715487,17.81427620849378
2.09,-1,182697855523534.5,0.1826978555235345,999,10,0.01001001001001001,0.0031227654178890285,845386600016064.4,18.531467613901217,0.13000483819542183,534898.5710745335,14627331.272682121,20343.517444848647,25.43664975174996
2.0999999999999996,-1,184841665538589.06,0.18484166553858905,469,10,0.021321961620469083,0.0030867557362304066,1093214743256529.6,19.628075491082605,0.12975111689399202,535278.9790495199,14514785.586787315,20161.92124125242,53.07882818325082
2.11,-1,186999873986632.97,0.18699987398663298,1004,10,0.0099601593625498,0.003051212795193492,892432044617129.6,16.264107855660335,0.12948851766480282,535646.0560978949,14403418.788036415,19980.426517276403,24.288658582843468
2.1199999999999997,-1,189172502202851.22,0.18917250220285123,1063,10,0.00940733772342427,0.0030161246224023053,1038951339912055.8,24.294944609455566,0.1292172234458553,535999.9747956304,14293215.5289337,19799.084646434647,22.470933848782305
2.13,-1,191359571406492.88,0.19135957140649287,610,10,0.01639344262295082,0.002981482843351535,840540980621119.9,19.710483414185862,0.12893741755444604,536340.9058064348,14184160.69634576,19617.945661472662,38.35447108949732
2.1399999999999997,-1,193561102702030.3,0.1935611027020303,830,10,0.012048192771084338,0.002947280921320128,1558599408550563.0,26.066525450414048,0.12864928354785926,536669.01789396,14076239.407488255,19437.058255745636,27.607937813853972
2.15,-1,195777117080302.0,0.195777117080302,952,10,0.01050420168067227,0.0029135123942961583,685660787955429.2,16.159084593171592,0.12835300508771263,536984.4779364186,13969437.005973084,19256.469785969122,23.573093862105267
2.1599999999999997,-1,198007635419640.47,0.19800763541964048,681,10,0.014684287812041116,0.0028801708749328636,911032769076035.2,16.52704628526445,0.12804876580803742,537287.4509394701,13863739.057946578,19076.226276187022,32.27183044011915
2.17,-1,200252678486979.0,0.200252678486979,639,10,0.01564945226917058,0.0028472500504811427,976360298847390.8,14.984791360858443,0.12773674918715994,537578.1000507313,13759131.34827611,18896.372422974684,33.67930975600948
2.1799999999999997,-1,202512266938948.75,0.20251226693894875,585,10,0.017094017094017096,0.0028147436826958527,989317443301406.0,16.67234685951139,0.1274171384234439,537856.5865728221,13655599.876833957,18716.9516017871,36.022852157575564
2.19,-1,204786421322954.25,0.20478642132295424,1037,10,0.009643201542912247,0.002782646816169576,1165716972027781.5,21.401072996409813,0.12709011631494216,538123.0699796464,13553130.854817575,18538.005874487724,19.897675226528897
2.1999999999999997,-1,207075162078235.6,0.2070751620782356,1064,10,0.009398496240601503,0.002750951735779328,1026768129197586.6,14.66368436142485,0.12675586514299808,538377.707928706,13451710.70117912,18359.575997857846,18.98733363138328
2.21,-1,209378509536917.53,0.20937850953691753,734,10,0.013623978201634877,0.0027196521348971103,772479990972443.6,19.750092346203157,0.12641456655982633,538620.656277142,13351326.039074074,18181.701433185488,26.94708616829687
2.2199999999999998,-1,211696483925038.5,0.2116964839250385,634,10,0.015772870662460567,0.0026887420918176863,1148402035348672.5,15.719073910956373,0.1260664014800965,538852.0690960985,13251963.692418212,18004.420356819992,30.54210905499124
2.23,-1,214029105363570.6,0.2140291053635706,942,10,0.010615711252653927,0.0026582157582876187,856288064367086.6,15.581347308377946,0.1257115499765309,539072.0986855391,13153610.682476113,17827.769671614744,20.123166996266836
2.2399999999999998,-1,216376393869420.25,0.21637639386942026,1206,10,0.008291873963515755,0.002628069078325357,895205281856186.9,17.140405103447165,0.12535019117952442,539280.8955892368,13056254.22453316,17651.785019272775,15.386437939103663
2.25,-1,218738369356418.44,0.21873836935641844,1588,10,0.006297229219143577,0.00259829546515844,881355875864358.4,18.938598831867942,0.12498250318078254,539478.6086104417,12959881.724614153,17476.50079351449,11.438063667160348
2.26,-1,221115051636293.6,0.22111505163629358,1045,10,0.009569377990430622,0.002568889066591029,1288851127080999.5,19.21677727830412,0.12460866294096873,539665.3848258468,12864480.776277887,17301.95015398404,17.013125581348348
2.27,-1,223506460419634.66,0.22350646041963465,1175,10,0.00851063829787234,0.002539844307235417,835237890000690.8,17.261346011475535,0.12422884620134438,539841.3696026931,12770039.157449897,17128.165040955457,14.809488501330861
2.28,-1,225912615316836.56,0.22591261531683657,929,10,0.010764262648008612,0.0025111556841480587,963040545316613.8,17.987296465002085,0.12384322739937846,540006.7066122822,12676544.827336488,16955.176190633647,18.332437918984507
2.29,-1,228333535839036.06,0.22833353583903607,1052,10,0.009505703422053232,0.0024828177665253692,1043846670269267.8,17.28965270333193,0.12345197958829715,540161.537846563,12583985.923375618,16783.01315116169,15.843788299442265
2.3,-1,230769241399031.97,0.23076924139903196,903,10,0.01107419712070875,0.0024548251953834255,1440137617242209.5,20.841318748781866,0.12305527436053831,540306.003632589,12492350.758259717,16611.704299171583,18.063712182443222
2.31,-1,233219751312194.25,0.23321975131219425,1117,10,0.008952551477170993,0.0024271726832242324,807882535188002.5,17.746994443342196,0.12265328177506969,540440.242649997,12401627.816991834,16441.276856945708,14.290355618444185
2.32,-1,235685084797360.56,0.23568508479736056,1048,10,0.009541984732824428,0.002399859081816502,993420600184560.2,17.313725385985286,0.12224617028852493,540564.391943521,12311805.754026573,16271.75690996906,14.90455099141209
2.3299999999999996,-1,238165260977719.44,0.23816526097771945,938,10,0.010660980810234541,0.0023728783059421277,1050306347113731.6,18.338018965210672,0.12183410669010708,540678.5869409901,12222873.3904306,16103.169425067137,16.294610398998877
2.34,-1,240660298881681.56,0.24066029888168156,949,10,0.01053740779768177,0.0023462226229631344,1273015410147711.2,13.284257446953992,0.12141725604020252,540782.9614681051,12134819.711121293,15935.538268898692,15.759039155146425
2.3499999999999996,-1,243170217443740.84,0.24317021744374084,1041,10,0.009606147934678195,0.0023198870111094116,1097727295439102.8,18.683225418720077,0.12099578161264772,540877.6477631085,12047633.862132035,15768.886226794815,14.056497343786125
2.36,-1,245695035505321.72,0.2456950355053217,1300,10,0.007692307692307693,0.002293868795570697,1061846328375799.8,17.520548879838024,0.12056984484058411,540962.7764939445,11961305.147949908,15603.235022042014,11.01285351600555
2.3699999999999997,-1,248234771815616.25,0.24823477181561626,1379,10,0.007251631617113851,0.002268167785464348,1124257253119302.2,19.998709971725205,0.12013960526583477,541038.4767720497,11875823.028886234,15438.605335348133,10.157316105622812
2.38,-1,250789445032409.75,0.25078944503240974,950,10,0.010526315789473684,0.002242772605721477,919408873883818.0,13.655428117648489,0.11970522049173256,541104.8761694331,11791177.118503083,15275.016824681354,14.424584962665264
2.3899999999999997,-1,253359073722894.56,0.25335907372289457,1136,10,0.008802816901408451,0.002217678495855968,1068084135027030.0,14.650288726312732,0.1192668461393275,541162.100732947,11707357.181081956,15112.488145252692,11.800929569931387
2.4,-1,255943676364474.47,0.25594367636447446,1257,10,0.007955449482895784,0.0021928899264588297,1101795595505813.2,21.409385423245972,0.11882463580689664,541210.2750001418,11624353.129135568,14951.036969737344,10.433087783946085
2.4099999999999997,-1,258543271345557.1,0.2585432713455571,867,10,0.011534025374855825,0.002168394996926226,931892699201596.0,14.652746505127132,0.11837874103268001,541249.5220150272,11542155.020976886,14790.680008672189,14.796787327308662
2.42,-1,261157876966336.38,0.26115787696633636,620,10,0.016129032258064516,0.0021441876108609925,2088626200411245.2,17.553036067037286,0.11792931126076286,541279.9633424634,11460753.05831884,14631.433030929988,20.240346731653148
2.4299999999999997,-1,263787511439565.38,0.26378751143956536,1713,10,0.005837711617046118,0.002120274731163607,1139927661127276.5,17.070114778758096,0.1174764938100209,541301.7190847878,11380137.583922423,14473.31088436274,7.165766571953186
2.44,-1,266432192891317.4,0.2664321928913174,852,10,0.011737089201877934,0.002096641301178037,1061213630846408.6,17.272512478566203,0.11702043384604897,541314.9078961388,11300299.079290532,14316.32751645802,14.092114343754687
2.4499999999999997,-1,269091939361737.75,0.26909193936173775,823,10,0.012150668286755772,0.0020732872887675446,1221097378820795.2,15.664959057224078,0.11656127435598546,541319.6469975258,11221228.162397789,14160.495995052774,14.2691501089607
2.46,-1,271766768805787.4,0.27176676880578743,1676,10,0.0059665871121718375,0.0020502117881537885,848906203200337.2,13.747081122347655,0.11609915612615085,541316.0521925502,11142915.58546343,14005.828529084063,6.853201611739567
2.4699999999999998,-1,274456699093973.94,0.2744566990939739,1808,10,0.0055309734513274336,0.0020274028842706127,899691175093487.2,15.616375794177548,0.11563421772241134,541304.2378820095,11065352.232765501,13852.336489302743,6.213333396526424
2.48,-1,277161748013076.25,0.27716174801307625,1530,10,0.006535947712418301,0.0020048696479387784,1369695456272095.8,17.86960841133802,0.11516659547318477,541284.3170796455,10988529.118494129,13700.030428983468,7.180856256969054
2.4899999999999998,-1,279881933266856.62,0.2798819332668566,1667,10,0.00599880023995201,0.001982594555552386,2086480402066230.8,20.827892978396317,0.11469642345499854,541256.401425603,10912437.38464076,13548.92010451615,6.445594536971322
2.5,-1,282617272476767.4,0.2826172724767674,1599,10,0.006253908692933083,0.0019605860779652318,1185041830799285.5,19.091606670292787,0.11422383348051643,541220.6012026973,10837068.298925612,13399.014495991385,6.5715875620500395
2.51,-1,285367783182645.4,0.2853677831826454,1015,10,0.009852216748768473,0.0019388300571601125,1056402476282136.4,18.27190002847463,0.11374895508894493,541177.0253505253,10762413.25276639,13250.321827636257,10.124186099099859
2.52,-1,288133482843398.56,0.28813348284339857,1700,10,0.0058823529411764705,0.0019173328949220192,1617845567619784.2,17.513935189607132,0.11327191553873434,541125.7814801488,10688463.759278566,13102.849588139678,5.911182242954267
2.53,-1,290914388837686.1,0.2909143888376861,1120,10,0.008928571428571428,0.0018960812004862326,1215728377500374.8,15.951869878030314,0.112792839802488,541066.9758886314,10615211.451314276,12956.60455083982,8.773847968207768
2.54,-1,293710518464584.75,0.29371051846458474,1484,10,0.006738544474393531,0.0018750825321970366,1391138010551735.5,14.697923577329481,0.11231185056399447,541000.7135737088,10542648.079530537,12811.592793752226,6.475146592233486
2.55,-1,296521888944253.7,0.2965218889442537,1132,10,0.0088339222614841,0.0018543217066021578,1518007948503962.0,19.22302596927394,0.11182906821729809,540927.0982481524,10470765.510502744,12667.819719431793,8.300428650553084
2.56,-1,299348517418584.75,0.29934851741858476,1524,10,0.006561679790026247,0.0018338080368148768,1531508169273662.8,18.52205168954041,0.1113446108677235,540846.2323538809,10399555.724859066,12525.29007462579,6.028603045219523
2.57,-1,302190420951848.2,0.30219042095184817,1584,10,0.006313131313131313,0.0018135274482796726,1692342897068139.2,14.922966807013598,0.11085859433477233,540758.2170760168,10329010.815461004,12384.007969740074,5.671398578999456
2.5799999999999996,-1,305047616531330.25,0.3050476165313302,1212,10,0.00825082508250825,0.0017934830659063206,1556297551154079.5,15.03617819621446,0.11037113215680884,540663.1523576648,10259122.985599501,12243.976898086115,7.247315256127276
2.59,-1,307920121067961.5,0.3079201210679615,2034,10,0.004916420845624385,0.0017736705219897342,982576135578159.8,14.83005524981375,0.10988233559745512,540561.1369135549,10189884.547240347,12105.199754895038,4.222347289686271
2.5999999999999996,-1,310807951396937.1,0.3108079513969371,1673,10,0.005977286312014346,0.00175408203637073,1205118770550753.8,15.501359752767797,0.109392313653616,540452.2682434359,10121287.9192909,11967.678856075574,5.019077226179551
2.61,-1,313711124278332.44,0.3137111242783324,1209,10,0.008271298593879239,0.0017347254496276054,1355858499845407.2,17.631497614490577,0.108901173065055,540336.6426460262,10053325.625898778,11831.415956736817,6.790490774286684
2.6199999999999997,-1,316629656397706.6,0.3166296563977066,1482,10,0.006747638326585695,0.001715587641355043,1663077491052403.5,16.694108737235194,0.1084090183254463,540214.3552341363,9985990.294780755,11696.412269477034,5.415983896817353
2.63,-1,319563564366704.6,0.31956356436670463,1806,10,0.005537098560354375,0.0016966673535609988,1687774581301141.5,14.116789484169573,0.10791595169482557,540085.4999454655,9919274.6555814,11562.668482309746,4.345072454924396
2.6399999999999997,-1,322512864723645.25,0.32251286472364527,1101,10,0.009082652134423252,0.0016779686546913863,1500378344223938.8,17.718654320938548,0.10742207321336858,539950.1695590151,9853171.53826193,11430.184776438196,6.968026075274829
2.65,-1,325477573934108.0,0.325477573934108,1759,10,0.005685048322910745,0.0016594808629125657,1201574580309543.5,17.396950563407138,0.10692748071642302,539808.4557063781,9787673.871516135,11298.960843633191,4.263879315703854
2.6599999999999997,-1,328457708391509.8,0.32845770839150984,838,10,0.011933174224343675,0.001641201603934106,1130743778373151.5,15.99512058583385,0.10643226985072582,539660.4488853704,9722774.681209411,11168.995903367266,8.749677322644304
2.67,-1,331453284417674.75,0.33145328441767474,1830,10,0.00546448087431694,0.001623135883327631,1942912382308212.5,18.901920092132293,0.10593653409173551,539506.2384742749,9658467.088857314,11040.2887196793,3.916915581029233
2.6799999999999997,-1,334464318263397.7,0.3344643182633977,1158,10,0.008635578583765112,0.0016052741231545875,1234129600817917.2,14.172341881540083,0.10544036476201399,539345.9127433702,9594744.310116976,10912.837617666064,6.051155729819443
2.69,-1,337490826109003.44,0.33749082610900344,1979,10,0.005053057099545225,0.0015876134587538004,1526024249567962.8,16.861243818970728,0.1049438510505919,539179.5588686819,9531599.653310519,10786.640499722094,3.461347272783753
2.6999999999999997,-1,340532824064893.0,0.340532824064893,1913,10,0.005227391531625719,0.0015701527916583968,1144093229417090.8,14.467233615228816,0.10444708003325524,539007.2629448688,9469026.51798176,10661.69486146127,3.50036381610735
2.71,-1,343590328172092.94,0.34359032817209295,1860,10,0.005376344086021506,0.0015528938088182898,1421119521705234.8,16.534323255033048,0.10395013669369071,538829.1099968579,9407018.393461363,10537.997807283069,3.519223989735611
2.7199999999999998,-1,346663354402787.0,0.346663354402787,1238,10,0.008077544426494346,0.0015358287011503213,1369458175826449.0,16.882028985230242,0.10345310394543139,538645.1839939557,9345568.857473286,10415.546065692795,5.168495827413347
2.73,-1,349751918660851.5,0.3497519186608515,1662,10,0.006016847172081829,0.0015189552405943108,1172277664150053.2,13.433989573322728,0.10295606265454338,538455.5678607102,9284671.574754989,10294.336004229626,3.763329872939419
2.7399999999999998,-1,352856036782379.56,0.3528560367823796,1305,10,0.007662835249042145,0.0015022712178119901,1377774837969844.5,15.772771594161174,0.10245909166299956,538260.3434906102,9224320.295706078,10174.363644138317,4.684951314066423
2.75,-1,355975724536198.75,0.35597572453619875,870,10,0.011494252873563218,0.0014857768708708141,1362116227455429.5,15.884405859213834,0.10196226781268383,538059.5917572399,9164508.855059594,10055.624674672305,6.869156121280904
2.76,-1,359110997624384.8,0.3591109976243848,1604,10,0.006234413965087282,0.0014694697123400768,1104676509922762.4,12.123802576142387,0.10146566596997589,537853.3925269397,9105231.170576822,9938.114467108158,3.6418349643850827
2.77,-1,362261871682769.8,0.3622618716827698,913,10,0.01095290251916758,0.0014533451136199416,1975980275897760.5,22.564027689744933,0.10096935905086413,537641.8246706006,9046481.241760328,9821.8280884201,6.2538908473693064
2.78,-1,365428362281441.75,0.36542836228144177,1483,10,0.006743088334457181,0.0014374009477079452,1471795304552841.5,16.1957641750122,0.1004734180465394,537424.9660752054,8988253.148596747,9706.760314640582,3.7633193460386365
2.79,-1,368610484925240.94,0.36861048492524096,794,10,0.012594458438287154,0.0014216351063268684,1653598465613879.5,13.784500535198347,0.09997791204942123,537202.8936566225,8930541.050315544,9592.905643920092,6.8703332166639575
2.8,-1,371808255054249.5,0.3718082550542495,923,10,0.010834236186348862,0.0014060454999273997,1821821253797657.2,15.808930804802179,0.09948290827957305,536975.6833695234,8873339.184167327,9480.258309217264,5.776673687464474
2.81,-1,375021688044277.0,0.375021688044277,1573,10,0.006357279084551812,0.0013906300576850272,1312970246507664.5,14.2541030776621,0.09898847211146117,536743.4102206543,8816641.86423281,9368.812290745775,3.313045639242209
2.82,-1,378250799207337.2,0.3782507992073372,1700,10,0.0058823529411764705,0.0013753880891298476,2034235039472495.5,21.1851999002337,0.09849466710101733,536506.1482792606,8760443.480241075,9258.561328045631,2.99626234660522
2.8299999999999996,-1,381495603792124.06,0.38149560379212405,1143,10,0.008748906386701663,0.001360317124534327,1378720974318583.8,14.4399498729529,0.09800155501296365,536263.9706877493,8704738.496411402,9149.498931753398,4.355632573148794
2.84,-1,384756116984477.75,0.38475611698447776,1177,10,0.008496176720475786,0.0013454139119910558,1578324419858979.2,16.328582009206617,0.09750919584836228,536016.9496746418,8649521.450322606,9041.618395112437,4.134144154867805
2.8499999999999996,-1,388032353907849.4,0.38803235390784935,1698,10,0.005889281507656066,0.001330676462286351,1550634522192290.8,19.20289314959659,0.097017647872353,535765.1565639199,8594786.951786837,8934.912805100554,2.800819355083209
2.86,-1,391324329623757.8,0.3913243296237578,1250,10,0.008,0.0013161028048065404,1637321195049648.8,23.335395644068555,0.09652696764204288,535508.661786726,8540529.681758447,8829.375053313612,3.718516887153582
2.8699999999999997,-1,394632059132242.5,0.3946320591322425,1244,10,0.008038585209003215,0.0013016909875159799,1373836911509752.5,14.246122465941378,0.09603721003451575,535247.5348920407,8486744.391249523,8724.99784652079,3.651849216370561
2.88,-1,397955557372313.2,0.3979555573723132,1472,10,0.006793478260869565,0.0012874390769325172,1761947567473251.5,20.479798161494532,0.0955484282749277,534981.8445573583,8433425.9002663,8621.773716927826,3.0163066292507064
2.8899999999999997,-1,401294839222388.5,0.4012948392223885,1519,10,0.0065832784726793945,0.0012733451580989597,1346011876496132.5,15.690725404984175,0.09506067396466021,534711.6585993641,8380569.09677265,8519.695032158637,2.85675113039604
2.9,-1,404649919500740.25,0.40464991950074025,2616,10,0.00382262996941896,0.0012594073345520984,1650176182840692.8,14.992422460320174,0.09457399710949974,534437.0439840641,8328168.935656688,8418.754004925982,1.621198859570892
2.9099999999999997,-1,408020812965920.44,0.40802081296592047,2231,10,0.0044822949350067235,0.0012456237282891802,1429944135742568.8,16.69649366464602,0.0940884461478178,534158.0668373823,8276220.437724468,8318.942702436698,1.8578704481278832
2.92,-1,411407534317195.2,0.4114075343171952,2605,10,0.003838771593090211,0.0012319924797307147,1455004653852066.8,15.342191559083172,0.09360406797872392,533874.79245577,8224718.688710108,8220.253055517162,1.5550541183693778
2.9299999999999997,-1,414810098194964.1,0.4148100981949641,1638,10,0.006105006105006105,0.0012185117476820606,1690180817249752.0,15.288151944622475,0.09312090799016796,533587.285315405,8173658.8382961275,8122.676867435786,2.4169907657132663
2.94,-1,418228519181183.0,0.418228519181183,1681,10,0.00594883997620464,0.0012051797092909045,1688565753462592.8,14.378789059525946,0.09263901008696694,533295.6090828544,8123036.099160874,8026.205822488908,2.3017300178122895
2.9499999999999997,-1,421662811799778.0,0.421662811799778,1729,10,0.00578368999421631,0.0011919945600034065,1213962834147183.5,14.941698316890363,0.09215841671873516,532999.8266253518,8072845.746031287,7930.831494303838,2.1870463846185912
2.96,-1,425112990517055.25,0.42511299051705526,1526,10,0.00655307994757536,0.0011789545135159063,2497825198366475.0,18.044410767326845,0.09167916890769558,532700.0000193836,8023083.114753859,7836.545353857997,2.421738011874965
2.9699999999999998,-1,428579069742106.75,0.42857906974210674,1329,10,0.007524454477050414,0.0011660578017277379,1361322642192226.0,16.329184565139116,0.0912013062763538,532396.1905618315,7973743.601392691,7743.338777291447,2.7175863333879953
2.98,-1,432061063827214.94,0.43206106382721493,1400,10,0.007142857142857143,0.0011533026746877173,1375154958450806.8,15.386196878098255,0.09072486707501438,532088.4587777866,7924822.661321773,7651.203053397753,2.5211865560178452
2.9899999999999998,-1,435558987068245.6,0.43555898706824564,2147,10,0.004657661853749418,0.001140687400541296,1866151027030111.5,17.169661932628223,0.09024988820912404,531776.864432251,7876315.808353685,7560.1293909461365,1.6066594024618908
3.0,-1,439072853705046.56,0.43907285370504656,1581,10,0.006325110689437065,0.001128210265473717,1747438621829067.2,17.98006624465543,0.0897764052664229,531461.4665370068,7828218.613865179,7470.108925674122,2.1322842692352646
3.01,-1,442602677921832.3,0.44260267792183233,1057,10,0.00946073793755913,0.0011158717590640244,1652578146617111.5,13.255508288869985,0.08930445254389056,531142.3233624906,7780526.705950752,7381.13272712828,3.1168959546284474
3.02,-1,446148473847571.44,0.44614847384757145,1439,10,0.006949270326615705,0.0011036683715512918,2113784330831192.5,15.873994037320756,0.08883406307447111,530819.4924443436,7733235.768582869,7293.191805189843,2.237460770825601
3.03,-1,449710255556368.5,0.4497102555563685,1424,10,0.007022471910112359,0.0010915982829691195,1131534464717867.2,13.741531286779402,0.08836526865356453,530493.0305945264,7686341.540784624,7206.2771164362675,2.209651608680193
3.04,-1,453288037067839.6,0.4532880370678396,2541,10,0.003935458480913027,0.001079659845463543,1577347519055097.5,14.031600854901944,0.08789809986527143,530162.9939088015,7639839.815826388,7120.379570239485,1.210167320967577
3.05,-1,456881832347486.1,0.45688183234748614,1460,10,0.00684931506849315,0.0010678514289694796,1540052237447226.8,15.495749177277574,0.08743258610838046,529829.4377769828,7593726.440420668,7035.490034670644,2.058317284116049
3.06,-1,460491655307065.0,0.460491655307065,1024,10,0.009765625,0.0010561714211441142,1296333804189640.5,14.354694236292127,0.08696875562208634,529492.4168899251,7547997.313944066,6951.599342161354,2.8680002173574404
3.07,-1,464117519804953.4,0.46411751980495336,1529,10,0.006540222367560497,0.001044618227295513,2361089679915758.5,17.50082179049509,0.08650663551143015,529151.9852501474,7502648.387664568,6868.698294999108,1.877087622432879
3.08,-1,467759439646511.44,0.46775943964651145,2504,10,0.003993610223642172,0.001033192302332231,2310002671116389.0,14.002576459570992,0.08604625177245216,528808.1961782621,7457675.663981256,6786.777670564286,1.120135215154519
3.09,-1,471417428584440.4,0.47141742858444036,1598,10,0.006257822277847309,0.0010218919525147863,1444787705739205.5,15.144789741814824,0.08558762931704852,528461.1023232259,7413075.195680463,6705.828226423402,1.715302102510282
3.0999999999999996,-1,475091500319137.2,0.47509150031913716,1445,10,0.006920415224913495,0.0010107138939714488,1911747485286323.5,14.773962677252573,0.08513079199752545,528110.7556693685,7368843.085202581,6625.840705186022,1.8537935667745595
3.11,-1,478781668499045.44,0.47878166849904547,963,10,0.010384215991692628,0.0009996565966903237,1780694855992024.5,14.63413072714965,0.08467576263084305,527757.2075461905,7324975.48391775,6546.8058392062,2.7184040059867947
3.1199999999999997,-1,482487946721002.44,0.4824879467210024,1956,10,0.005112474437627812,0.0009887185479947602,1493546886764427.8,13.820739029721944,0.08422256302254322,527400.5086337148,7281468.591418872,6468.714355049762,1.3079218536845938
3.13,-1,486210348530584.56,0.48621034853058454,1341,10,0.007457121551081283,0.0009779002579792806,2008194075505427.5,19.403696456599242,0.08377121399035611,527040.708974015,7238318.654820386,6391.556977854968,1.864371429540237
3.1399999999999997,-1,489948887422446.06,0.4899488874224461,1801,10,0.00555247084952804,0.0009672010504020445,1676255847032373.5,19.760876521663473,0.08332173538748046,526677.8579768334,7195521.968076602,6315.324435452779,1.3566215275068578
3.15,-1,493703576840658.75,0.49370357684065874,1527,10,0.006548788474132285,0.0009566167877749221,1400607211557667.5,11.969384751164133,0.08287414612553251,526312.0044271154,7153074.871296239,6240.007462329161,1.5636662460523552
3.1599999999999997,-1,497474430179043.3,0.4974744301790433,2113,10,0.00473260766682442,0.000946146021037042,1241704894706870.5,13.292812006285606,0.08242846419716175,525943.1964951006,7110973.750088734,6165.596803471249,1.104317062550502
3.17,-1,501261460781501.06,0.501261460781501,2169,10,0.004610419548178884,0.0009357886295725537,1542892375768540.5,14.159567334849964,0.0819847066983287,525571.4817419664,7069215.034901877,6092.083217982705,1.0513420388746866
3.1799999999999997,-1,505064681942341.3,0.5050646819423413,1985,10,0.005037783375314861,0.0009255460392659787,1921635005872041.5,21.21337191413439,0.0815428898502426,525196.9071275237,7027795.200383879,6019.457482580486,1.1226770844397638
3.19,-1,508884106906604.94,0.5088841069066049,1871,10,0.005344735435595938,0.0009154128113810778,1723348743765319.5,16.082003611647085,0.08110302902095701,524819.5190190016,6986710.76474544,5947.7103949433995,1.1640000628360445
3.1999999999999997,-1,512719748870387.06,0.5127197488703871,1191,10,0.008396305625524769,0.0009053875595552707,1698366313130957.0,13.218811434283136,0.08066513874662186,524439.3631967729,6945958.289138465,5876.832776883869,1.7870063092451085
3.21,-1,516571620981151.8,0.5165716209811518,1877,10,0.005327650506126798,0.0008954725044435508,1652901638256636.5,15.087579864403367,0.08022923275238983,524056.4848630859,6905534.377048772,5806.815477414618,1.108117975152273
3.2199999999999998,-1,520439736338049.4,0.5204397363380494,1989,10,0.005027652086475616,0.0008856651542201721,1946398386049970.0,15.92326203296231,0.07979532397297763,523670.92864866817,6865435.673682141,5737.649375638347,1.0219479374833609
3.23,-1,524324107992227.6,0.5243241079922276,1385,10,0.007220216606498195,0.0008759618146670922,1533305363147092.0,15.32835420859703,0.07936342457287976,523282.73861908907,6825658.865381889,5669.325383519024,1.4342563323857136
3.2399999999999998,-1,528224748947138.25,0.5282247489471382,3753,10,0.002664535038635758,0.0008663632556086265,1630054084543156.5,14.164255086522616,0.07893354596623703,522891.9582837061,6786200.679036681,5601.834448534684,0.5172633658633694
3.25,-1,532141672158846.4,0.5321416721588463,1836,10,0.0054466230936819175,0.0008568704486240364,1604739512522163.5,12.884465677095957,0.07850569883635809,522498.6306002439,6747057.881511198,5535.167556167208,1.0333162324754264
3.26,-1,536074890536330.3,0.5360748905363303,925,10,0.010810810810810811,0.0008474778081738465,2455686495715947.5,17.87994150272886,0.07807989315489611,522102.7979839801,6708227.279078383,5469.3157323130135,2.0043778201216735
3.27,-1,540024416941782.1,0.5400244169417822,1443,10,0.00693000693000693,0.0008381862320493427,1802679884950788.0,14.682455556604648,0.0776561382006801,521704.5023124309,6669705.71686476,5404.270045529851,1.2556575873706988
3.28,-1,543990264190905.75,0.5439902641909058,1168,10,0.008561643835616438,0.0008289969583390455,1593530825772794.8,14.798455827888116,0.07723444257820353,521303.7849340307,6631490.078299773,5340.0216092068395,1.5160485176360428
3.29,-1,547972445053210.56,0.5479724450532105,2197,10,0.004551661356395084,0.0008199041270690044,1574813594425134.5,15.60914630651852,0.07681481423577075,520900.6866728981,6593577.284582875,5276.561583589257,0.7876694800397983
3.3,-1,551970972252299.44,0.5519709722522994,2043,10,0.004894762604013705,0.000810910235734541,2077605847834364.5,15.728121756780302,0.07639726048330328,520495.2478367965,6555964.294144623,5213.88117771684,0.8278002182896229
3.31,-1,555985858466166.9,0.5559858584661669,2400,10,0.004166666666666667,0.0008020138071739291,1887901524040064.8,17.14895887975397,0.0759817880098082,520087.5082224055,6518648.1021335395,5151.971651244002,0.688658733077726
3.32,-1,560017116327471.7,0.5600171163274716,1766,10,0.0056625141562853904,0.0007932102156936738,1909496781601062.5,18.684022268697326,0.07556840290051019,519677.507123575,6481625.739898744,5090.824316178871,0.9146305444835429
3.33,-1,564064758423832.5,0.5640647584238325,1366,10,0.007320644216691069,0.0007845049260984949,1630656314149577.0,14.325377213251992,0.07515711065365033,519265.2833346261,6444894.2744803615,5030.430538475267,1.1556068924832068
3.34,-1,568128797298100.5,0.5681287972981005,1975,10,0.005063291139240506,0.0007758909734982833,1769552858882067.5,13.812284265052961,0.07474791619695409,518850.87515964353,6408450.8081216905,4970.781739600376,0.7811209484528658
3.3499999999999996,-1,572209245448641.2,0.5722092454486413,1527,10,0.006548788474132285,0.0007673694443565138,2094543402852292.0,15.691985171504617,0.0743408239037712,518434.3204167351,6372292.477769603,4911.869397946097,0.9873525843231591
3.36,-1,576306115329609.0,0.576306115329609,2442,10,0.004095004095004095,0.0007589408139800913,1848464298565172.0,14.79274163796045,0.07393583760889016,518015.65644460823,6336416.454597149,4853.685050186548,0.6033840594253201
3.3699999999999997,-1,580419419351219.0,0.580419419351219,2032,10,0.004921259842519685,0.000750599451168732,1414560035544593.8,14.130278876008399,0.07353296062403111,517594.9201090665,6300819.9435306,4796.220292546886,0.7086693541870133
3.38,-1,584549169880020.9,0.5845491698800209,2002,10,0.004995004995004995,0.0007423519041737103,2013389972472896.0,16.484212978119466,0.07313219575301971,517172.14780764177,6265500.18277916,4739.466781968951,0.7029674706019378
3.3899999999999997,-1,588695379239161.5,0.5886953792391615,3339,10,0.002994908655286014,0.0007341892547674256,1762945607851358.2,13.453440477525273,0.07273354530664589,516747.3754768366,6230454.443376221,4683.416237225371,0.4119213988588387
3.4,-1,592858059708655.2,0.5928580597086552,1951,10,0.005125576627370579,0.0007261165393551705,2611486901459118.0,17.539942305576535,0.07233701111721073,516320.63859742205,6195680.028727723,4628.060439938907,0.6889823127780639
3.4099999999999997,-1,597037223525644.1,0.5970372235256441,2211,10,0.004522840343735866,0.0007181286549848842,2259823454158758.5,14.340884898549266,0.07194259455276497,515891.9721992305,6161174.274165404,4573.391235522247,0.5941715597802351
3.42,-1,601232882884661.0,0.601232882884661,1931,10,0.005178663904712584,0.0007102271427968931,2581213560289005.0,17.391039724203544,0.07155029653104333,515461.4108685836,6126934.5465087,4519.400534071795,0.6648992083829236
3.4299999999999997,-1,605445049937884.9,0.6054450499378848,1403,10,0.007127583749109052,0.0007024099846794085,2276217677724407.5,16.173230984813234,0.07116011753309788,515028.98875223286,6092958.2436328735,4466.080311161278,0.8943747406813403
3.44,-1,609673736795400.1,0.6096737367954002,1356,10,0.007374631268436578,0.0006946762654633787,2061012763282796.5,14.52856614807609,0.07077205761663512,514594.7395632168,6059242.794044905,4413.422608587702,0.904395261252315
3.4499999999999997,-1,613918955525446.6,0.6139189555254466,2586,10,0.0038669760247486465,0.0006870258712627919,1943615326674462.0,16.219932909313872,0.07038611642905952,514158.69658703817,6025785.656462501,4361.419535053828,0.463481524518626
3.46,-1,618180718154676.6,0.6181807181546767,2828,10,0.003536067892503536,0.0006794565856472756,2532479262621509.5,18.02172813528569,0.07000229322022894,513720.89268584375,5992584.319403749,4310.063266775594,0.4142151161481029
3.4699999999999998,-1,622459036668395.6,0.6224590366683956,3294,10,0.0030358227079538553,0.0006719690690591973,1721582281285135.2,14.090685715909737,0.06962058685492503,513281.3603057195,5959636.300782556,4259.346048056905,0.34755905266712434
3.48,-1,626753923010818.5,0.6267539230108184,2251,10,0.00444247001332741,0.0006645609085528248,1869043630058145.5,12.32023012660812,0.06924099582504298,512840.1314785809,5926939.147505195,4209.260191758904,0.4970785921582469
3.4899999999999998,-1,631065389085308.2,0.6310653890853083,1834,10,0.0054525627044711015,0.0006572324588594025,1762929915883624.5,13.3442565017091,0.06886351826150523,512397.2378305863,5894490.435082389,4159.798079776574,0.5962822945103988
3.5,-1,635393446754620.0,0.63539344675462,3681,10,0.0027166530834012497,0.0006499821658242366,1891781915493109.5,13.136757390643307,0.06848815194590231,511952.71058549185,5862287.767236518,4110.952163413089,0.2903608357267124
3.51,-1,639738107841142.5,0.6397381078411425,4245,10,0.002355712603062426,0.0006428090474247528,1714623482648354.5,14.19307456040264,0.06811489432186627,511506.5805702155,5830328.775524363,4062.7149637295693,0.24608244389100525
3.52,-1,644099384127136.6,0.6440993841271366,3193,10,0.0031318509238960224,0.0006357134150243304,1995295925345372.8,12.473555584035733,0.06774374250617998,511058.8782194966,5798611.1189587405,4015.079071834553,0.3197544163293031
3.53,-1,648477287354969.1,0.6484772873549691,1155,10,0.008658008658008658,0.0006286919669408197,2000712938959634.0,13.893314162374015,0.0673746932996273,510609.63358108775,5767132.483642135,3968.037149136186,0.8639560450856005
3.54,-1,652871829227351.4,0.6528718292273514,2377,10,0.004206983592763988,0.0006217478390626585,1593486216651008.2,12.999076624727948,0.06700774319758737,510158.8763208665,5735890.582397208,3921.5819275434665,0.41030460061545226
3.55,-1,657283021407566.6,0.6572830214075667,1844,10,0.005422993492407809,0.000614874629840334,1868222833915443.5,13.528235710432114,0.06664288840037871,509706.6357258707,5704883.154414197,3875.7062096172053,0.516935666162313
3.56,-1,661710875519702.2,0.6617108755197022,1408,10,0.007102272727272727,0.0006080787455771119,2074658259535780.0,15.020685688881978,0.06628012482335588,509252.94071201957,5674107.964892094,3830.402868708578,0.6617007305282054
3.57,-1,666155403148880.2,0.6661554031488802,1774,10,0.005636978579481398,0.0006013525593875357,1993651832591402.8,14.2076533879724,0.06591944810676449,508797.8198258973,5643562.804696245,3785.664849020921,0.513307609006124
3.58,-1,670616615841478.6,0.6706166158414786,2436,10,0.004105090311986864,0.0005946995662693411,2014206717013548.5,12.933867308293577,0.06556085362535716,508341.3012510368,5613245.49001041,3741.485165661614,0.36536282515962815
3.59,-1,675094525105361.2,0.6750945251053613,2048,10,0.0048828125,0.0005881173680520879,2562947990743396.0,19.687382751773605,0.0652043364977763,507883.4128120463,5583153.862002588,3697.8569046479092,0.42476052152241583
3.5999999999999996,-1,679589142410095.4,0.6795891424100954,1475,10,0.006779661016949152,0.0005816038561985426,2094290423082464.5,13.170036985043037,0.06484989159570673,507424.18197881605,5553285.786493722,3654.773222878129,0.5764420881239581
3.61,-1,684100479187174.6,0.6841004791871746,2491,10,0.004014452027298274,0.0005751626612525707,2099318362292590.8,15.135982412621612,0.06449751355280299,506963.63587085804,5523639.15362708,3612.227348068794,0.3336199589826678
3.6199999999999997,-1,688628546830237.0,0.688628546830237,3674,10,0.0027218290691344584,0.00056878773924951,2158507729027058.5,13.435802901129154,0.06414719677339552,506501.80126273754,5494211.877547617,3570.2125786720258,0.2210879848952667
3.63,-1,693173356695282.2,0.6931733566952822,4067,10,0.0024588148512417014,0.0005624821668358537,2308497237571723.0,18.126499338394648,0.06379893544097907,506038.70458665554,5465001.896084231,3528.7222837418603,0.19521449287642823
3.6399999999999997,-1,697734920100884.6,0.6977349201008847,4052,10,0.0024679170779861796,0.0005562440050580486,2089642741390198.8,12.851802322790224,0.06345272352648877,505574.37193830614,5436007.170438018,3487.749902796752,0.19151431140893238
3.65,-1,702313248328410.0,0.70231324832841,3569,10,0.002801905295601009,0.0005500702407752467,2058665671088025.2,12.644237493040167,0.0631085547963669,505108.82907999185,5407225.684871397,3447.2889456334847,0.2125246355109507
3.6599999999999997,-1,706908352622221.1,0.7069083526222211,3335,10,0.0029985007496251873,0.000543965468110974,2294559777949430.5,14.76540752168969,0.06276642282042497,504642.10144565516,5378655.446409031,3407.3329921337395,0.22230542561631125
3.67,-1,711520244189894.1,0.7115202441898941,3514,10,0.0028457598178713715,0.0005379243185837934,2041406578982482.8,15.173857099839688,0.062426320979504686,504174.2141444201,5350294.484533614,3367.875692029978,0.20622222387138844
3.6799999999999997,-1,716148934202421.9,0.7161489342024219,1475,10,0.006779661016949152,0.0005319461483832555,2093029835093592.5,14.686230581440924,0.06208824247294238,503705.19196370704,5322140.850894996,3328.9107646515076,0.48021729073028535
3.69,-1,720794433794418.9,0.7207944337944189,3008,10,0.003324468085106383,0.0005260348186592045,2818629116660181.5,14.350176093873293,0.06175218032584041,503235.05937620817,5294192.619019311,3290.431998671588,0.23017045209197512
3.6999999999999997,-1,725456754064331.4,0.7254567540643314,1201,10,0.00832639467110741,0.0005201847961051609,2260016151603362.5,15.992762599950671,0.061418127396149415,502763.8405400209,5266447.884021641,3252.4332517879143,0.5634858710830779
3.71,-1,730135906074633.1,0.7301359060746331,2728,10,0.0036656891495601175,0.0005143959300660805,2130751939413672.0,12.95016377434404,0.06108607638156587,502291.55930554355,5238904.762326913,3214.908450430911,0.24248325842180507
3.7199999999999998,-1,734831900852032.0,0.734831900852032,3278,10,0.003050640634533252,0.0005086717484998893,1762637110488931.5,13.716456891034738,0.06075601982624775,501818.23921768507,5211561.39139034,3177.8515894196894,0.19725238858612149
3.73,-1,739544749387664.6,0.7395447493876647,2363,10,0.004231908590774439,0.0005030071030173167,2029928560629532.0,14.582781695261929,0.06042795012735299,501343.9035199918,5184415.929424091,3141.256731614541,0.26746922529040623
3.7399999999999998,-1,744274462637298.5,0.7442744626372985,2669,10,0.003746721618583739,0.000497401458815383,2461587598337654.5,17.044397056920754,0.060101859541404255,500868.5751592537,5157466.555130386,3105.1180075571892,0.2314709968906499
3.75,-1,749021051521524.0,0.749021051521524,2954,10,0.003385240352064997,0.0004918582565144325,1812848536525215.2,13.359398968720162,0.05977774019048319,500392.27678774076,5130711.467432381,3069.4296150768005,0.20443118469403393
3.76,-1,753784526925952.5,0.7537845269259525,3233,10,0.003093102381688834,0.0004863733731862441,2354486997448143.0,15.565148923563052,0.059455584068258405,499915.03076786204,5104148.885215932,3034.185818900847,0.18258548612591047
3.77,-1,758564899701406.0,0.758564899701406,2761,10,0.003621876131836291,0.0004809457692225294,2035072721645134.5,15.582440952648245,0.05913538304585055,499436.8591756271,5077777.047071797,2999.3809502424974,0.2089879867157956
3.78,-1,763362180664110.8,0.7633621806641108,3360,10,0.002976190476190476,0.0004755768075389577,2197045971928553.5,15.436996037936964,0.05881712887753789,498957.7838042404,5051594.211037625,2965.0094063735432,0.16786782235787018
3.79,-1,768176380595886.9,0.7681763805958869,3883,10,0.0025753283543651817,0.00047026620591650303,2355920479414725.5,15.084299043572234,0.05850081320630583,498477.82616724254,5025598.654353037,2931.0656501880635,0.14199135952677094
3.8,-1,773007510244332.5,0.7730075102443325,3304,10,0.003026634382566586,0.00046501120010766783,2206173586149259.2,13.859419239859836,0.058186427569244414,497997.0075021584,4999788.673212268,2897.544209754172,0.16312233781389968
3.81,-1,777855580323018.8,0.7778555803230187,4242,10,0.0023573785950023575,0.0004598112799342191,2609921799862924.5,14.616407588838403,0.05787396340279591,497515.34877358505,4974162.582516595,2864.439677849645,0.1241962918025844
3.82,-1,782720601511666.6,0.7827206015116667,1852,10,0.005399568034557235,0.00045466866256227423,2433557036979061.0,11.815378847932461,0.0575634120478575,497032.87067865016,4948718.7156405095,2831.7467115072664,0.27807915551536216
3.83,-1,787602584456335.8,0.7876025844563358,2480,10,0.004032258064516129,0.00044958094657410186,2350703859674444.5,12.619852440199749,0.057254764754740534,496549.59364613314,4923455.424194368,2799.4600315103517,0.20299740175206274
3.84,-1,792501539769604.8,0.7925015397696048,2351,10,0.004253509145044662,0.00044454668178550705,1855998247566556.5,12.7642136682956,0.056948012687991136,496065.5378448254,4898371.077789676,2767.5744219324065,0.20932641869238522
3.8499999999999996,-1,797417478030752.4,0.7974174780307524,3856,10,0.0025933609958506223,0.00043956537189082656,2266610153398299.0,16.534595453415587,0.056643146931074334,495580.72318206594,4873464.063811505,2736.0847296150155,0.12476017652469253
3.86,-1,802350409785937.0,0.802350409785937,2823,10,0.003542330853701736,0.0004346386612579245,2369154103332525.0,16.179234203872753,0.056340158490925135,495095.16931074334,4848732.787193777,2704.985863686082,0.16658752171649016
3.8699999999999997,-1,807300345548375.4,0.8073003455483754,3164,10,0.0031605562579013905,0.00042976491463964095,2184863640637141.5,14.719262367636876,0.05603903830236975,494608.8956299354,4824175.670194775,2674.2727950339804,0.14529818198241373
3.88,-1,812267295798517.9,0.8122672957985179,2642,10,0.003785011355034065,0.00042494253746949706,2507191799009571.0,15.32835821593718,0.05573977723241955,494121.92128999357,4799791.152178878,2643.940555801942,0.17010186354292048
3.8899999999999997,-1,817251270984223.8,0.8172512709842238,2396,10,0.004173622704507512,0.0004201710473270559,2755132555210509.0,13.054551297091749,0.05544236608444147,493634.2651933424,4775577.689400512,2613.9842388530146,0.18335901424629183
3.9,-1,822252281520937.0,0.822252281520937,2516,10,0.00397456279809221,0.0004154502164127605,1970134391673797.5,13.896674329300208,0.0551467956022065,493145.9459992184,4751533.754790982,2584.3989972512386,0.17069779375277397
3.9099999999999997,-1,827270337791854.6,0.8272703377918547,2042,10,0.004897159647404506,0.00041078180463050007,2445561336525070.5,16.9067301618091,0.0548530564738208,492656.98212745046,4727657.837746424,2555.180043731751,0.20560655622330437
3.92,-1,832305450148103.2,0.8323054501481032,4065,10,0.0024600246002460025,0.0004061627432156989,2112916527365300.8,11.876412758288728,0.054561139335540465,492167.391758141,4703948.4439248545,2526.322650148839,0.10096906645337336
3.9299999999999997,-1,837357628908903.6,0.8373576289089036,3605,10,0.0027739251040221915,0.0004015925636224882,2285715491602115.0,11.56260496565617,0.054271034775474035,491677.19283864094,4680404.095037893,2497.8221469540213,0.11130172532241807
3.94,-1,842426884361744.5,0.8424268843617445,2694,10,0.003711952487008166,0.0003970708003632195,2426581301605019.5,14.789575127267872,0.05398273333717482,491186.40308368317,4657023.328652699,2469.6739226392697,0.14560288063824003
3.9499999999999997,-1,847513226762544.9,0.8475132267625449,3822,10,0.0026164311878597592,0.0003925969910100191,1636577038226071.5,11.748745443457686,0.053696225523125696,490695.0399792963,4633804.697992794,2441.873423195025,0.10033198936407137
3.96,-1,852616666335822.0,0.852616666335822,2278,10,0.004389815627743635,0.00038817252027467664,2528921259428432.0,14.180295641202225,0.05341150179811911,490203.1207848814,4610746.771740449,2414.4161515558876,0.1645671646253441
3.9699999999999998,-1,857737213274855.9,0.8577372132748559,2145,10,0.004662004662004662,0.00038379542128497146,2404623602586182.5,15.468856827225727,0.05312855259253501,489710.662537445,4587848.13384705,2387.2976670578896,0.17085947111629135
3.98,-1,862874877741853.5,0.8628748777418535,1754,10,0.005701254275940707,0.0003794648096075992,2521638649932239.5,14.104643019213341,0.05284736830551836,489217.68205335684,4565107.3833417045,2360.513584879418,0.20427179887398397
3.9899999999999998,-1,868029669868107.9,0.8680296698681079,3776,10,0.0026483050847457626,0.00037518023665139566,2710247034714591.0,14.104164362437206,0.05256793930805998,488724.19593018637,4542523.13414405,2334.0595754824703,0.09276409151355608
4.0,-1,873201599754163.8,0.8732015997541638,1416,10,0.007062146892655367,0.0003709412568850823,2405556488790126.0,13.40346378641966,0.05229025594598198,488230.2205515756,4520094.014880405,2307.9313640679866,0.2418381245739778
4.01,-1,878390677469972.4,0.8783906774699723,3111,10,0.0032144005143040825,0.0003667474278372662,2562804795561143.0,12.552844144704807,0.052014308542830644,487735.7720886496,4497818.66870036,2282.1247300127097,0.1076134200882002
4.02,-1,883596913055053.5,0.8835969130550535,2827,10,0.003537318712415989,0.00036259899900825676,3324708662347948.0,14.14134553248159,0.051740087402679,487240.86650116206,4475695.7530969195,2256.6355063054802,0.11577697569336512
4.03,-1,888820316518650.9,0.8888203165186509,2156,10,0.00463821892393321,0.0003584958329979626,2748791769911164.0,17.011585501566096,0.05146758281284127,486745.5195439377,4453723.939732424,2231.4595790099447,0.14841724686056645
4.04,-1,894060897839886.8,0.8940608978398867,2975,10,0.0033613445378151263,0.0003544364205616546,2176499259716407.2,12.945170518879982,0.05119678504650158,486249.7467653018,4431901.9142613495,2206.592886687325,0.10515588361603553
4.05,-1,899318666967923.1,0.8993186669679232,5270,10,0.0018975332068311196,0.0003504203329776079,2682282785321148.5,15.300576149359184,0.05092768436525858,485753.5635122987,4410228.376158676,2182.03141985305,0.05803629424762872
4.06,-1,904593633822105.9,0.9045936338221059,3700,10,0.002702702702702703,0.00034644714457432446,2724465338030061.0,14.020005941282335,0.05066027102158882,485256.9849317299,4388702.038552683,2157.7712204159243,0.08081661383327053
4.07,-1,909885808292125.9,0.9098858082921258,1476,10,0.006775067750677507,0.0003425164327285346,2898501313403720.0,13.646792198207496,0.05039453526123035,484760.0259740679,4367321.6280537555,2133.808381128316,0.19806624250144178
4.08,-1,915195200238163.6,0.9151952002381636,3361,10,0.002975304968759298,0.0003386277778644198,2521775439917791.0,14.692412107586506,0.05013046732548883,484262.7013940955,4346085.884590511,2110.139045025532,0.08504036843819635
4.09,-1,920521819491047.9,0.9205218194910478,2006,10,0.004985044865403789,0.00033478076345172525,2627271269803530.5,13.994680926464772,0.049868057453468215,483765.02575439296,4324993.5612532655,2086.7594048819487,0.13930347092850381
4.1,-1,925865675852394.0,0.925865675852394,2637,10,0.0037921880925293893,0.0003309749760042058,2621111292020663.0,13.171336504466732,0.04960729588422757,483267.0134274421,4304043.424121051,2063.6657026536313,0.10360587128046843
4.109999999999999,-1,931226779094763.6,0.9312267790947636,5068,10,0.001973164956590371,0.00032721062460494554,2949439967527246.5,13.472519222693212,0.04934817285886632,482768.67859895376,4283234.252119073,2040.8542289418529,0.0527063288855334
4.12,-1,936605138961801.2,0.9366051389618012,3373,10,0.0029647198339756895,0.0003234870643599175,2574450340417718.0,14.809692055731668,0.04909067862253967,482270.03526813444,4262564.836847282,2018.3213224307221,0.07742672274273832
4.13,-1,942000765168385.6,0.9420007651683856,3915,10,0.002554278416347382,0.00031980343421877944,2450729742420081.0,12.051896681368882,0.04883480342640599,481771.097251014,4242033.982438276,1996.0633693534191,0.0652207326117529
4.14,-1,947413667400776.4,0.9474136674007764,4209,10,0.0023758612497030173,0.00031615933425621634,2972623433854272.5,15.197498478089347,0.04858053752950762,481271.87818393396,4221640.505400525,1974.076802953259,0.05931316776358682
4.1499999999999995,-1,952843855316751.8,0.9528438553167518,2282,10,0.0043821209465381246,0.00031255436756694177,2588770874610131.0,14.414118288941651,0.04832787120058748,480772.3915235469,4201383.234468503,1952.3581029352893,0.1069619723272802
4.16,-1,958291338545757.2,0.9582913385457572,4901,10,0.0020403999183840034,0.00030898814026258936,2542370068818971.0,13.576444636551907,0.04807679471984265,480272.650550278,4181261.010457904,1930.9037949365768,0.04869425608026355
4.17,-1,963756126689042.6,0.9637561266890426,4646,10,0.002152389151958674,0.0003054602614681601,3053959768225674.0,13.58337650184929,0.04782729838061681,479772.66837058833,4161272.6861168793,1909.7104499915636,0.050223043769513614
4.18,-1,969238229319805.8,0.9692382293198057,2764,10,0.00361794500723589,0.0003019703433175813,2793802525672612.5,13.54399712222764,0.0475793724910331,479272.45791870484,4141417.125983926,1888.7746840005814,0.0825403675509713
4.1899999999999995,-1,974737655983331.8,0.9747376559833317,3201,10,0.003124023742580444,0.00029851800094982117,3275828518390454.0,13.832490338865322,0.04733300737556878,478772.0319582983,4121693.2062488887,1868.093157201962,0.06968565259306089
4.2,-1,980254416197130.1,0.9802544161971302,5005,10,0.001998001998001998,0.00029510285250400337,2388593774426671.0,11.951785089833505,0.04708819337657378,478271.40308573097,4102099.814607074,1847.6625736496494,0.04357646321269928
4.21,-1,985788519451072.5,0.9857885194510725,4039,10,0.0024758603614756128,0.00029172451911541053,2867927235411091.0,14.322657031461734,0.04684492085573398,477770.5837311754,4082635.850129579,1827.479680692341,0.05279728953138471
4.22,-1,991339975207531.2,0.9913399752075313,2807,10,0.003562522265764161,0.00028838262490982203,2205763459209143.5,12.54573598074904,0.046603180195481396,477269.5861613562,4063300.22312007,1807.541268455562,0.07428051238048367
4.2299999999999995,-1,996908792901514.6,0.9969087929015146,5437,10,0.0018392495861688431,0.000285076796998851,2490577983055161.0,13.270956943740805,0.0463629618003518,476768.4224801627,4044091.8549862206,1787.8441693250084,0.03749662603084383
4.24,-1,1002494981940798.1,1.0024949819407982,4667,10,0.002142704092564817,0.00028180666547439337,2815273361735176.0,12.067754764785896,0.046124256098292224,476267.10463264264,4025009.6781047075,1768.38525744279,0.04271204222618636
4.25,-1,1008098551706062.8,1.0080985517060628,4320,10,0.0023148148148148147,0.00027857186340285445,3231324605968535.0,15.676123809135442,0.04588705354191895,475765.6444055611,4006052.635690871,1749.1614481957124,0.04511733000151065
4.26,-1,1013719511551024.1,1.013719511551024,5378,10,0.001859427296392711,0.00027537202681904294,2595160939165577.0,13.93281074224916,0.04565134460972769,475264.0534295572,3987219.681670151,1730.1696977135898,0.0354362466642084
4.27,-1,1019357870802568.1,1.0193578708025681,3743,10,0.0026716537536735237,0.00027220679472095277,2488637551149771.5,15.043383269529803,0.04541711980725716,474762.3431812476,3968509.7805564064,1711.4070023735042,0.04978430292055416
4.28,-1,1025013638760879.8,1.0250136387608797,4578,10,0.00218435998252512,0.0002690758090626577,2402333783121526.5,13.501786027482385,0.0451843696682072,474260.5249853826,3949921.907314913,1692.870398300857,0.039799953871649335
4.29,-1,1030686824699570.1,1.0306868246995702,3898,10,0.002565418163160595,0.00026597871474798307,2435123414663551.0,13.012887824128063,0.04495308475551311,473758.6100155657,3931455.0472522303,1674.5569608803137,0.04570513168057819
4.3,-1,1036377437865809.1,1.036377437865809,4282,10,0.002335357309668379,0.00026291515962362233,2920212326671497.0,15.200502975540534,0.04472325566237682,473256.60929814,3913108.1958865277,1656.463804273027,0.04068280668016774
4.31,-1,1042085487480454.9,1.0420854874804548,5454,10,0.0018335166850018336,0.00025988479447258683,2537743782386365.0,13.547987546458973,0.044494873013256726,472754.5337118693,3894880.358826569,1638.5880809261546,0.0312316924559387
4.32,-1,1047810982738177.5,1.0478109827381774,4793,10,0.002086375964948884,0.00025688727300710035,3334259369618665.5,14.557087954312035,0.044267927464816684,472252.393990201,3876770.551660913,1620.9269810995277,0.034750303519156214
4.33,-1,1053553932807586.8,1.0535539328075867,3043,10,0.003286230693394676,0.0002539222518601614,2143449348007878.8,12.634041272752475,0.04404240970683595,471750.20072517975,3858777.7998315697,1603.4777323949043,0.05352069360727431
4.34,-1,1059314346831356.9,1.0593143468313568,6140,10,0.0016286644951140066,0.00025098939057910385,2437810394589293.5,12.735307071986258,0.04381831046308065,471247.9643654774,3840901.138524533,1586.2375992757786,0.025936730186051363
4.35,-1,1065092233926352.6,1.0650922339263527,3434,10,0.0029120559114735,0.0002480883516173815,2368717129414296.5,14.129162803760002,0.043595620492138186,470745.6952216913,3823139.612554538,1569.2038826134349,0.045346674966704956
4.36,-1,1070887603183752.9,1.0708876031837529,4255,10,0.0023501762632197414,0.00024521880032635224,2507183242463833.0,12.543496450782623,0.04337433058821551,470243.40346514597,3805492.276251821,1552.3739192154706,0.03578578332577535
4.37,-1,1076700463669170.1,1.0767004636691702,4103,10,0.0024372410431391664,0.00024238040494750646,3272865623395925.0,17.014449479615557,0.0431544315819022,469741.099131967,3787958.1933524255,1535.7450813773837,0.03628900947798114
4.38,-1,1082530824422778.6,1.0825308244227787,2647,10,0.0037778617302606727,0.00023957283660358542,2777378400977606.5,15.162716370407818,0.042935914340899516,469238.79212313396,3770536.4368874063,1519.314776424073,0.055003634405992805
4.39,-1,1088378694459430.4,1.0883786944594305,2654,10,0.0037678975131876413,0.00023679576929047652,2974088270101878.5,14.75555533991556,0.04271876977071631,468736.4922069833,3753226.089076467,1503.0804462651868,0.05364326911512249
4.3999999999999995,-1,1094244082768777.1,1.0942440827687772,4984,10,0.0020064205457463883,0.00023404887986788747,2776487150491269.0,11.216472750164794,0.0425029888153329,468234.2090199539,3736026.2412209357,1487.0395669483532,0.027932579852607584
4.41,-1,1100126998315388.6,1.1001269983153885,4812,10,0.0020781379883624274,0.0002313318480511306,3138579333410115.0,14.95126148272775,0.04228856245783335,467731.9520695952,3718935.9935974055,1471.1896482238892,0.028290359115322117
4.42,-1,1106027450038875.4,1.1060274500388754,9128,10,0.0010955302366345311,0.00022864435640124192,3044497249631459.0,14.613197689174054,0.042075481721007855,467229.7307343283,3701954.455356704,1455.5282331052194,0.014583624718763354
4.43,-1,1111945446854001.5,1.1119454468540015,4073,10,0.0024551927326295114,0.00022598609031587724,2851701213801548.0,13.103077690397821,0.041863737667925324,466727.5542660011,3685080.744418201,1440.0528974403576,0.031959923804625326
4.4399999999999995,-1,1117880997650806.1,1.1178809976508062,4534,10,0.0022055580061755625,0.0002233567380197643,2953834390623268.0,13.716683248381116,0.041653321402477496,466225.43179303076,3668313.9873721073,1424.7612494921418,0.02807499119043038
4.45,-1,1123834111294714.5,1.1238341112947146,4242,10,0.0023573785950023575,0.00022075599055515482,3229810958286869.0,14.64075851198155,0.041444224069895445,465723.37231808674,3651653.319377335,1409.6509295039225,0.029343600875024342
4.46,-1,1129804796626660.2,1.1298047966266602,6194,10,0.0016144656118824668,0.00021818359990821712,2725613564810551.5,13.938169149495263,0.041236436857238865,465221.38472275046,3635097.884063798,1394.7196092925806,0.019651594783211965
4.47,-1,1135793062463192.8,1.1357930624631927,4863,10,0.002056343820686819,0.0002156399870381076,2554079844407096.0,12.789012496597815,0.04102995099385941,464719.4777686868,3618646.833436934,1379.9649918354996,0.02447671256034953
4.4799999999999995,-1,1141798917596598.0,1.141798917596598,2473,10,0.0040436716538617065,0.00021312410047491515,2851817598796437.0,12.545131287530715,0.04082475775183858,464217.66009708453,3602299.327779113,1365.3848108553327,0.047067757317534153
4.49,-1,1147822370795005.5,1.1478223707950055,5580,10,0.0017921146953405018,0.0002106356413893451,2910392284302387.0,12.910729009037567,0.04062084844640118,463715.94023275713,3586054.5355572705,1350.976830425103,0.020398843812095772
4.5,-1,1153863430802506.8,1.1538634308025066,3069,10,0.0032583903551645487,0.00020817431372910367,3170219282481873.0,14.238588950914263,0.04041821443630461,463214.32658339676,3569911.633328093,1336.738844561947,0.03626910284805712
4.51,-1,1159922106339259.8,1.1599221063392597,3926,10,0.0025471217524197657,0.0002057398242083508,2956880111563154.5,14.258066605790955,0.04021684712420523,462712.8274424501,3553869.805647869,1322.6686768373681,0.027725483551544784
4.52,-1,1165998406101606.8,1.1659984061016067,4058,10,0.0024642681123706258,0.00020333188229604282,2378814950291542.5,12.231867568199142,0.04001673795700224,462211.4509895972,3537928.2449801154,1308.7641799836326,0.02623099893521035
4.53,-1,1172092338762181.8,1.1720923387621818,3072,10,0.0032552083333333335,0.00020095020020527432,2538720347296780.5,14.838891916587674,0.03981787842615967,461710.20529237605,3522086.15160432,1295.023235507975,0.03388478886013147
4.54,-1,1178203912970018.8,1.1782039129700188,5459,10,0.0018318373328448433,0.0001985944928821759,3263918858207280.0,12.645877897902341,0.03962026006800758,461209.0983084451,3506342.7335315645,1281.443753315092,0.018647200758134662
4.55,-1,1184333137350660.8,1.1843331373506607,3162,10,0.0031625553447185324,0.0001962644779945899,2732189974083184.0,13.703934211134989,0.0394238744640223,460708.137884865,3490697.2064130404,1268.0236713226375,0.031482353439205676
4.56,-1,1190480020506270.5,1.1904800205062704,5161,10,0.001937608990505716,0.00019396058161913476,2267020438447435.0,11.868195314475976,0.03922871324108732,460207.3317616657,3475148.7934561176,1254.760955095514,0.018862558778787595
4.57,-1,1196644571015732.0,1.196644571015732,1621,10,0.006169031462060457,0.00019168229583954588,2917232915877536.0,15.781874020585061,0.03903476807173469,459706.68757190026,3459696.7253384124,1241.6535974735446,0.058729922813364685
4.58,-1,1202826797434765.2,1.2028267974347653,3848,10,0.002598752598752599,0.00018942889333484203,2981124010915197.0,13.392244811123245,0.03884203067436807,459206.2128429755,3444340.2401227453,1228.6996182070575,0.024194512361528676
4.59,-1,1209026708296024.8,1.2090267082960247,3082,10,0.003244646333549643,0.00018720010160344636,3524079100554315.0,15.94475051655545,0.0386504928134673,458705.91499824997,3429078.583176759,1215.8970635987725,0.02954134378261159
4.6,-1,1215244312109206.2,1.2152443121092062,3207,10,0.0031181789834736516,0.00018499565081675495,2690915515255110.5,11.889450409791852,0.038460146299776024,458205.80135852465,3413911.0070874332,1203.244006147473,0.0277636305592281
4.61,-1,1221479617361156.5,1.2214796173611564,4092,10,0.0024437927663734115,0.00018281527380670237,2478953783110219.5,12.727965779378346,0.03827098299047199,457705.87914262875,3398836.7715838132,1190.7385441961173,0.02127909999896455
4.62,-1,1227732632515968.5,1.2277326325159685,2871,10,0.0034831069313827935,0.00018065870605299406,3232808484388124.0,12.587321863186101,0.038082994789321374,457206.1554690437,3383855.1434541843,1178.378801584649,0.02965996371084089
4.63,-1,1234003366015090.5,1.2340033660150904,2791,10,0.0035829451809387316,0.00017852642440419064,3537467348392446.0,13.300343929821427,0.03789617364681675,456706.6373569951,3368965.396468138,1166.1629273069818,0.02983746294300818
4.64,-1,1240291826277429.0,1.240291826277429,4137,10,0.00241721053903795,0.00017641807474622073,2777287094725143.0,12.65063010502453,0.03771051156030021,456207.3317277835,3354166.8113015178,1154.0890951734575,0.019685973048693184
4.6499999999999995,-1,1246598021699446.0,1.246598021699446,7037,10,0.0014210601108426886,0.00017433277179401685,2717612954499375.0,12.702148845536675,0.03752600057407135,455708.24540630216,3339458.6754533774,1142.1555034748073,0.011318183017794742
4.66,-1,1252921960655263.5,1.2529219606552635,4590,10,0.002178649237472767,0.00017227026062460737,2803656430286103.0,13.158700960922323,0.03734263277948092,455209.38512087753,3324840.2831766997,1130.3603746504693,0.016969714713792175
4.67,-1,1259263651496761.0,1.259263651496761,4957,10,0.0020173492031470646,0.00017023028890950087,2750279683104906.0,12.753328086553498,0.037160400315010805,454710.7575063308,3310310.935399574,1118.701954965501,0.015367113737938323
4.68,-1,1265623102553681.5,1.2656231025536815,5323,10,0.0018786398647379298,0.00016821260690114137,3249377852318402.0,12.846884112224519,0.036979295366340204,454212.36910397786,3295869.9396521407,1107.1785141854975,0.013995219551085843
4.6899999999999995,-1,1272000322133722.2,1.2720003221337222,5290,10,0.001890359168241966,0.00016621789881265947,2870763203100114.5,13.134202429492897,0.03679931016639911,453714.22636162955,3281516.609994206,1095.7883452556293,0.013772373254577825
4.7,-1,1278395318522639.5,1.2783953185226395,5008,10,0.001996805111821086,0.00016424558878558315,3534995407511531.5,13.85307865462246,0.036620436995409095,453216.33563849045,3267250.26694219,1084.5297639950202,0.01422757425262393
4.71,-1,1284808099984344.0,1.284808099984344,5067,10,0.0019735543714229325,0.00016229484471153022,3225641649648913.0,13.373733874307963,0.03644266818091213,452718.7032010852,3253070.2373980703,1073.4011087737092,0.013752316263004815
4.72,-1,1291238674760998.2,1.2912386747609983,5495,10,0.0018198362147406734,0.00016036542622344108,3447703548226718.5,13.011428216333243,0.03626599609778732,452221.33522903617,3238975.8545814385,1062.4007402180985,0.012401990720667855
4.7299999999999995,-1,1297687051073112.2,1.2976870510731122,6091,10,0.0016417665407978984,0.00015845709547734899,3134340999817967.0,14.908129260773364,0.03609041316825672,451724.2378129867,3224966.457955114,1051.5270408990136,0.010942171775849566
4.74,-1,1304153237119645.0,1.304153237119645,5326,10,0.001877581674802854,0.00015657025384196999,3377238943333549.0,12.858954744384016,0.03591591186187994,451227.4169577163,3211041.393161196,1040.778415039178,0.012238448414264162
4.75,-1,1310637241078089.8,1.3106372410780898,4107,10,0.0024348672997321647,0.0001547050396095706,2952169907888467.0,12.482941466806796,0.035742484695538375,450730.8785809954,3197200.011952672,1030.1532882127763,0.01552178283485629
4.76,-1,1317139071104576.8,1.3171390711045767,3714,10,0.0026925148088314485,0.0001528602207008234,3043546864506894.0,12.813326836255632,0.035570124233408995,450234.6285173134,3183441.672123255,1019.6501070592958,0.016786638707883918
4.77,-1,1323658735333970.0,1.32365873533397,4841,10,0.002065688907250568,0.00015103556846451927,3347147019503062.0,12.016314938992156,0.03539882308692853,449738.6725166,3169765.737445429,1009.2673389919717,0.012595353544914282
4.78,-1,1330196241879949.0,1.330196241879949,3249,10,0.0030778701138811943,0.00014923085671114666,3227914730671885.0,12.95993732193302,0.03522857391474806,449243.01624616934,3156171.577604061,999.0034719157012,0.018354219017714994
4.79,-1,1336751598835112.5,1.3367515988351124,3949,10,0.0025322866548493288,0.0001474469990943028,2813560033525287.0,12.043039967247768,0.0350593694226785,448747.6652924503,3142658.568130008,988.857013947834,0.014768700859960623
4.8,-1,1343324814271067.0,1.343324814271067,4048,10,0.0024703557312252965,0.00014568323732166988,3396043435287096.0,13.3698284368683,0.034891202363627125,448252.62515973527,3129226.0903392765,978.8264931375355,0.014090771966056667
4.81,-1,1349915896238520.2,1.3499158962385203,4754,10,0.002103491796381994,0.00014393875440410486,3407174544446314.0,12.6782353456683,0.034724065537525745,447757.90127422696,3115873.5312690753,968.9104571992726,0.011734435367132943
4.82,-1,1356524852767369.2,1.3565248527673692,5568,10,0.0017959770114942528,0.0001422133331439035,3448370406775394.5,14.050557614034407,0.03455795179125056,447263.49898257427,3102600.2836156418,959.107473238028,0.009798697601466032
4.83,-1,1363151691866794.0,1.363151691866794,7176,10,0.0013935340022296545,0.00014050728381753697,3038559768743669.5,12.52436550976855,0.03439285401853435,446769.4235532032,3089405.7456736234,949.416127484547,0.007435890818585179
4.84,-1,1369796421525345.8,1.3697964215253458,4353,10,0.002297266253158741,0.00013882115680674545,2924652905092394.5,11.794104567309839,0.034228765159870625,446275.6801783139,3076289.321274794,939.8350250350084,0.011988879888155887
4.85,-1,1376459049711036.2,1.3764590497110363,2795,10,0.0035778175313059034,0.00013715345359488484,3295245402497938.5,13.550103060847395,0.034065678202410896,445782.2739744133,3063250.419728769,930.362789591399,0.018261534123596643
4.86,-1,1383139584371432.0,1.383139584371432,4909,10,0.002037074760643716,0.0001355039658144097,2951779147411014.5,12.831193115594354,0.03390358617985464,445289.2099823679,3050288.455764161,920.99806320429,0.01016898676484593
4.87,-1,1389838033433735.2,1.3898380334337352,4644,10,0.002153316106804479,0.00013387288532795694,3121275915370713.5,11.538900878314116,0.033742482172332715,444796.4931689217,3037402.8494712934,911.7395060223752,0.010513109245366196
4.88,-1,1396554404804875.2,1.3965544048048752,4703,10,0.00212630236019562,0.0001322610892336984,3851880200379137.5,14.561988749188327,0.03358235930628393,444304.12842837366,3024593.026241584,902.5857960444092,0.010153262216602026
4.89,-1,1403288706371596.5,1.4032887063715964,4218,10,0.002370791844476055,0.00013066689412255528,2932453893799236.5,12.106960180588585,0.03342321075432565,443812.12058164546,3011858.4167142524,893.5356288711472,0.011072121897812901
4.8999999999999995,-1,1410040946000545.2,1.4100409460005452,7721,10,0.0012951690195570523,0.00012909010028916423,2796321332772014.0,13.859180399716601,0.03326502973511832,443320.47437854495,2999198.4567176998,884.5877174653413,0.005915892612986078
4.91,-1,1416811131538354.2,1.4168111315383543,3900,10,0.002564102564102564,0.00012753122136910378,3841858923891677.0,13.232604310424406,0.033107809513224104,442829.1944990172,2986612.5872155535,875.7407919140347,0.011454799261081334
4.92,-1,1423599270811728.2,1.4235992708117282,6124,10,0.0016329196603527107,0.00012599056922335539,3332140106201901.0,12.954965719750765,0.032951543398960184,442338.2855524525,2974100.254251155,866.9935991895738,0.007134749645649904
4.93,-1,1430405371627534.5,1.4304053716275344,5619,10,0.001779676098949991,0.00012446672693755545,3976895977349553.5,15.507916860516051,0.032796224748246505,441847.75207909726,2961660.908893382,858.3449029182483,0.0076052949385846695
4.9399999999999995,-1,1437229441772879.5,1.4372294417728795,5714,10,0.0017500875043752187,0.0001229595032943287,3390533695078221.0,12.691722187177856,0.03264184696244863,441357.5985518381,2949294.0071838005,849.7934831529448,0.007314678655319816
4.95,-1,1444071489015199.0,1.444071489015199,5492,10,0.001820830298616169,0.00012147013075525237,2935031234383517.5,11.721981728448878,0.03248840348821557,440867.8293760417,2936999.0100829303,841.3381361446577,0.007443368784185862
4.96,-1,1450931521102339.0,1.450931521102339,6689,10,0.0014949917775452235,0.00011999755071034901,2985571694926105.0,11.711309889876791,0.03233588781731316,440378.44889027416,2924775.38341962,832.9776741195609,0.005977292910195879
4.97,-1,1457809545762639.5,1.4578095457626394,4477,10,0.002233638597274961,0.00011854102052255566,3135830300525769.0,12.629023665679766,0.032184293486452624,439889.46136789816,2912622.597837311,824.7109250596969,0.008734605735329675
4.9799999999999995,-1,1464705570705019.8,1.4647055707050198,7462,10,0.0013401232913428035,0.00011710083167937313,3530744794936671.5,13.152977619338,0.03203361407711513,439400.871016993,2900540.12874541,816.53673248477,0.005125549743807257
4.99,-1,1471619603619055.5,1.4716196036190554,6340,10,0.0015772870662460567,0.00011567786784050238,3318538010160995.0,13.38510491521285,0.03188384321537219,438912.68198211223,2888527.4562673313,808.4539552392517,0.005900329955160731
