z,alpha_intrinsic,L_min_Jy_kpc2,L_min_over_L_star,n_generated,n_detected,detection_rate_10_per_n,N_ratio_detectable_L,mean_detected_L,mean_SNR,SFR_psi,comoving_volume_Mpc3,time_Gyr,nfrb_sfr_base,n_total_population_scaled
0.01,0,10000000000.0,1e-05,1041,10,0.009606147934678195,1.0,11317965407871.2,60764.89416628125,0.015366633837018974,23.561574090763678,137678720.05218962,0.9969648796931987,0.1245008975601497
0.02,0,10000000000.0,1e-05,1088,10,0.009191176470588236,1.0,977340323598.4899,181.89738308564657,0.015778461234561884,88.060233711196,135706863.92550436,3.7711715686650127,0.45059954405004754
0.03,0,10000000000.0,1e-05,1365,10,0.007326007326007326,1.0,1086516615649.8461,227.0236693713817,0.016197006898133106,194.1429096178038,133769703.76805276,8.412867757250709,0.8012255006905437
0.04,0,13845130225.747854,1.3845130225747854e-05,3168,10,0.0031565656565656565,0.8490255538316358,2836505099729.938,578.8059726202149,0.0166223021408091,340.62790818083045,131866423.28089881,14.932606538344748,0.5202529639292447
0.05,0,21740177952.107937,2.1740177952107936e-05,2158,10,0.004633920296570899,0.6764109332217152,1267022953365.1326,346.1272336731228,0.01705437728000787,526.3374732862702,129996236.70924087,23.33785478678765,0.9509626587785485
0.060000000000000005,0,31457230320.502167,3.1457230320502166e-05,2853,10,0.0035050823694356818,0.5613730405159636,2959501470199.3,203.23617785280368,0.017493261604641853,750.0988699162039,128158387.20751494,33.63305605925672,0.8603189002585852
0.06999999999999999,0,43018850181.13673,4.301885018113673e-05,3345,10,0.0029895366218236174,0.4792342922738022,23100414669286.26,87.07733470687205,0.017938983341287663,1010.7454317721485,126352145.30294725,45.81969874634433,0.8533896015298682
0.08,0,56446656232.14631,5.644665623214631e-05,2610,10,0.0038314176245210726,0.41765768377013834,10225455127560.309,858.7821335509095,0.018391569619367408,1307.1175714730596,124576807.45144194,59.8963890392956,1.2460169826073368
0.09,0,71761335993.74301,7.176133599374301e-05,2291,10,0.004364906154517678,0.36978806453930824,13385297741630.984,269.5368392373358,0.018851046435337065,1638.06375202815,122831694.67989907,75.85892827349792,1.591760984005583
0.09999999999999999,0,88982659248.10222,8.898265924810222e-05,1715,10,0.0058309037900874635,0.33151313867482624,107686244410834.42,709.6127251492996,0.019317438615878545,2002.4414184900256,121116151.30983643,93.700394214615,2.3546230504666013
0.11,0,108129491911.52141,0.00010812949191152141,2721,10,0.003675119441381845,0.3002158663384056,37304393238093.14,428.58568299803744,0.019790769780093035,2399.1178888413874,119429543.75708403,113.41122585636823,1.6266888735707907
0.12,0,129219810305.65768,0.0001292198103056577,3254,10,0.003073140749846343,0.2741510033888742,14946780941157.824,191.68040781667057,0.020271062300694323,2826.971203389291,117771259.40308331,134.979311307934,1.478369014178
0.13,0,152270715795.01712,0.00015227071579501712,2448,10,0.004084967320261438,0.252111232696115,119535323358401.92,921.3234918577637,0.02075833726420218,3284.89093204721,116140705.53330435,158.39007835424022,2.120567535577544
0.14,0,177298449758.1588,0.00017729844975815883,2574,10,0.003885003885003885,0.23323342149045323,33425921149434.23,159.37754059739325,0.021252614430137,3771.778939115426,114537308.33873443,183.6265872856586,2.163023092386339
0.15000000000000002,0,204318408860.63086,0.00020431840886063086,1459,10,0.006854009595613434,0.21688495027766874,4470450242142.65,115.3073554706981,0.021753912189218152,4286.550105272402,112960511.97664525,210.6696256025401,4.071171532280233
0.16,0,233345160598.2174,0.0002333451605982174,1740,10,0.005747126436781609,0.20259133878038516,69916638046121.15,962.2067250808165,0.02226224752057046,4828.1330066790615,111409777.68701176,239.4978042146009,3.6250709786228814
0.17,0,264392459079.66946,0.0002643924590796695,2772,10,0.0036075036075036075,0.18998966924944072,52802042805797.164,138.20432393492374,0.02277763594794393,5395.470551226227,109884582.96125181,270.08765476852733,2.406494352712068
0.18000000000000002,0,297473261018.7262,0.0002974732610187262,2632,10,0.003799392097264438,0.17879798562631677,180285043948148.22,131.70295987091697,0.023300091494954225,5987.520572064936,108384420.7601139,302.4137277507532,2.6706783796297136
0.19,0,332599741906.1849,0.00033259974190618486,1869,10,0.005350454788657036,0.16879307193703041,52684539411437.18,126.68882264883041,0.023829626639352574,6603.256378744697,106908798.77780546,336.4486910311978,3.9500947319878708
0.2,0,369783312333.4216,0.00036978331233342154,3818,10,0.0026191723415400735,0.15979713852380562,12410594454501.986,88.49571818489906,0.024366252266335785,7241.667266377809,105457238.74949963,372.16342852869917,2.0249304930519503
0.21000000000000002,0,409034634439.4216,0.0004090346344394216,1170,10,0.008547008547008548,0.15166553011763517,137577859502027.4,92.00717039242667,0.02490997762090884,7901.758983304114,104029275.79969656,409.52713869355523,6.901238954168484
0.22,0,450363638454.9178,0.0004503636384549178,2830,10,0.0035335689045936395,0.144280458824267,43922526913712.15,42.046139680162916,0.025460810259314456,8582.554157949548,102624457.82893437,448.5074325256411,2.9725835899703714
0.23,0,493779539317.2218,0.0004937795393172218,3096,10,0.003229974160206718,0.1375441929607003,26191896192551.633,81.12095893813141,0.026018755999546127,9283.09268555644,101242344.93655138,489.0704308589459,2.824594219233411
0.24000000000000002,0,539290853331.2048,0.0005392908533312047,4489,10,0.0022276676319893073,0.1313757300861519,16403863962970.15,75.87498339274876,0.02658381887096318,10002.432075632696,99882508.87732875,531.1808606655685,2.020930171330997
0.25,0,586905414852.3491,0.0005869054148523492,2145,10,0.004662004662004662,0.12570672027662577,72992206109635.17,86.71115338530909,0.027156001063028613,10739.647760974089,98544532.5499974,574.8021501467322,4.379181400175654
0.26,0,636630392968.4591,0.0006366303929684591,3610,10,0.002770083102493075,0.12047926237798379,32311559562385.957,124.49671228909997,0.02773530287319293,11493.833369273681,97228009.51565525,619.8965224008379,2.689475858736546
0.27,0,688472308159.0387,0.0006884723081590387,3053,10,0.003275466754012447,0.11564441862751296,44472278925105.14,159.99053655653225,0.0283217226539493,12264.100958253968,95932543.54423486,666.4250874687073,3.2816522875480043
0.28,0,742437048910.0789,0.0007424370489100789,3713,10,0.00269323996768112,0.11115987700239438,10971107127964.531,41.37474007059556,0.028915256759088154,13049.581215542985,94657748.18751705,714.3479325877944,2.7802013687149505
0.29000000000000004,0,798529888265.6047,0.0007985298882656047,2421,10,0.004130524576621231,0.10698925490001288,56867450156931.164,244.61128649827643,0.029515899489181725,13849.42362429897,93403246.37677355,763.6242104871304,4.387007884953213
0.3,0,856755500296.1455,0.0008567555002961455,1271,10,0.007867820613690008,0.10310124407948129,110493637327683.05,111.9547369027448,0.03012364303633178,14662.796595773352,92168670.04385954,814.2122255835176,8.586166909763895
0.31,0,917117976466.6786,0.0009171179764666786,1745,10,0.0057306590257879654,0.09946818718123074,46065166009660.93,165.63036187270023,0.030738477428216556,15488.887570152841,90953659.76403436,866.069517958299,6.417780767994537
0.32,0,979620841887.2943,0.0009796208418872943,1685,10,0.005934718100890208,0.09606629334478922,133432227794769.33,44.01095397648227,0.03136039047147566,16326.90308664802,89757864.41943079,919.1529449920339,6.8124333160255865
0.33,0,1044267071430.2571,0.001044267071430257,2106,10,0.004748338081671415,0.09287433761559294,314650911149957.6,49.15102184255559,0.031989367694474906,17176.06882440587,88580940.88171776,973.4187605788837,5.580593988355265
0.34,0,1111059105699.1196,0.0011110591056991196,1937,10,0.005162622612287042,0.08987386013924559,194731990875547.94,111.59163723139497,0.032625392289495694,18035.629615255548,87422553.71285346,1028.8226918272278,6.205655484118284
0.35000000000000003,0,1179998866835.8806,0.0011799988668358807,2039,10,0.004904364884747425,0.08704820438139727,176626724010590.44,409.6456884787059,0.03326844505439697,18904.849429689784,86282374.8828454,1085.320013188332,6.023428436753816
0.36000000000000004,0,1251087774152.9597,0.0012510877741529597,3675,10,0.0027210884353741495,0.08438285047536298,46578595669862.234,88.23531237122388,0.03391850433380093,19783.011337381067,85160083.50335014,1142.8656179608317,3.4114213910195597
0.37,0,1324326759578.558,0.001324326759578558,2567,10,0.0038955979742890533,0.08186463196863902,57881017979935.48,74.42564839915723,0.03457554595985672,20669.41744340484,84055365.5762477,1201.414087126991,4.980885029605236
0.38,0,1399716282903.9375,0.0013997162829039375,2348,10,0.004258943781942078,0.0794819881833555,65906975811176.1,49.13867544040493,0.035239543192639965,21563.388801640933,82967913.75619605,1260.9197555043304,5.548830146477901
0.39,0,1477256346822.7234,0.0014772563468227235,1750,10,0.005714285714285714,0.0772244451651024,84433146579212.12,60.44094876960058,0.03591046666024937,22464.26530640037,81897427.12626469,1321.3367751839721,7.580077093815786
0.4,0,1556946511752.918,0.001556946511752918,3179,10,0.0031456432840515887,0.07508244998367619,60694570774291.914,72.35825563163156,0.03658828429866464,23371.405563761662,80843610.98588744,1382.6191762650974,4.245157775807313
0.41000000000000003,0,1638785910433.1091,0.0016387859104331091,1918,10,0.005213764337851929,0.07304750735878807,203731713766228.6,51.03095762642711,0.03727296129143468,24284.18674359151,79806176.65031886,1444.7209248748625,7.152932278860745
0.42000000000000004,0,1722773262285.4878,0.0017227732622854877,1311,10,0.007627765064836003,0.07111201696069469,191588092749725.5,87.2884691851646,0.037964460009266905,25202.004413803297,78784841.26087493,1507.5959785080465,10.630865601190015
0.43,0,1808906887538.7131,0.0018089068875387132,2342,10,0.004269854824935952,0.06926892983908461,136931241713525.28,50.937045731951685,0.038662739949594106,26124.27235776482,77779327.60525452,1571.1983386925147,6.041238075663173
0.44,0,1897184721104.55,0.00189718472110455,3181,10,0.0031436655139893115,0.0675118772169242,49144722948166.67,19.71567893430994,0.03936775767619714,27050.422376176884,76789363.94735558,1635.4821010213934,4.512379969601496
0.45,0,1987604326203.1804,0.0019876043262031804,2635,10,0.003795066413662239,0.06583514348001684,68397855500801.6,58.82079630956713,0.04007946675896711,27979.90407449809,75814683.86589663,1700.4015025845329,5.522961289000973
0.46,0,2080162907732.5334,0.0020801629077325337,2437,10,0.004103405826836274,0.06423343087027555,107414079663525.16,42.56774053913317,0.04079781771389325,28912.18463714354,74855026.10136408,1765.9109668525425,6.050868937878519
0.47000000000000003,0,2174857325377.4202,0.00217485732537742,2372,10,0.0042158516020236085,0.06270187222395562,193839728856965.3,104.41491896383859,0.04152275794336715,29846.74858941166,73910134.4107027,1831.965146055391,6.295444260485537
0.48000000000000004,0,2271684106455.716,0.0022716841064557157,2868,10,0.003486750348675035,0.061236049477287446,142892935305930.7,29.904229748822274,0.04225423167689769,30783.097548244477,72979757.42922702,1898.51896111407,5.2697050678959005
0.49,0,2370639458498.4697,0.0023706394584984696,2410,10,0.004149377593360996,0.05983194034484718,90920118520563.06,35.08918711678718,0.042992179912334685,31720.749962908354,72063648.53939462,1965.5276391929501,6.343640339860713
0.5,0,2471719281562.0645,0.0024717192815620643,2057,10,0.004861448711716091,0.05848576772926861,203554616320058.12,135.92248267299075,0.04373654035770323,32659.24084641336,71161565.7458431,2032.946748923538,7.514243401680503
0.51,0,2574919180270.732,0.002574919180270732,3443,10,0.002904443799012489,0.05719412687873915,130194504607196.62,198.76687290636195,0.04448724737375437,33598.12149887855,70273271.55644336,2100.7322333881034,4.53657884586271
0.52,0,2680234475589.0254,0.0026802344755890253,4089,10,0.002445585717779408,0.05595377643493904,60930226089545.125,62.93485862215802,0.04524423191734168,34536.9592234183,69398532.8688438,2168.840440909999,3.858186771823245
0.53,0,2787660216322.483,0.002787660216322483,3409,10,0.002933411557641537,0.05476187911056851,69135416487646.234,62.963557855784146,0.04600742148573693,35475.33703573487,68537120.86228469,2237.2281537476833,4.6720229688406665
0.54,0,2897191190347.988,0.0028971911903479877,3386,10,0.0029533372711163615,0.05361563149442772,61399310676116.3,60.908145939102965,0.046776740062001616,36412.8533680866,67688810.89416112,2305.852614752319,4.746564302862664
0.55,0,3008821935572.6787,0.003008821935572679,2478,10,0.004035512510088781,0.05251252933566675,231888538406821.7,138.40605599170712,0.04755210806153499,37349.121768473466,66853382.401291125,2374.6715520774856,6.541969830643862
0.56,0,3122546750623.6777,0.0031225467506236777,3201,10,0.003124023742580444,0.05145028804341001,156899810237199.16,103.21202312230602,0.04833344227992233,38283.77059576401,66030618.80524841,2443.6432020058837,5.106029072292425
0.5700000000000001,0,3238359705268.535,0.003238359705268535,2753,10,0.003632401017072285,0.05042667009142143,49293318827123.99,57.3897391771867,0.049120655842211244,39216.44271161573,65220307.42184981,2512.7263299925303,5.983325396815471
0.5800000000000001,0,3356254650568.717,0.003356254650568717,2352,10,0.004251700680272109,0.04943966776519837,85164532139979.1,22.753425302946912,0.04991365815374634,40146.7951696125,64422239.37422575,2581.8802499764424,7.055335556924806
0.59,0,3476225228767.748,0.003476225228767748,3932,10,0.00254323499491353,0.04848738219825077,66211825286818.73,47.97229032075326,0.050712354852696435,41074.498902784035,63636209.50946025,2651.0648420812827,4.249902149019396
0.6,0,3598264882916.2197,0.0035982648829162196,3187,10,0.0031377470975839346,0.04756810054435956,24823847808140.92,21.92011644443462,0.051516647764411366,41999.23840927323,62862016.318445235,2720.2405687251066,5.278182615040797
0.61,0,3722366866235.893,0.003722366866235893,3221,10,0.003104625892579944,0.04668011133136529,48727773922065.25,47.93470097310158,0.05232643485774771,42920.71143791923,62099461.8588071,2789.3684892968336,5.255213943245947
0.62,0,3848524251226.2676,0.0038485242512262675,2959,10,0.0033795201081446434,0.04582192893472958,63124777266627.375,42.57100318574233,0.05314161020350689,43838.62867291903,61348351.680681646,2858.410273387176,5.75435059606227
0.63,0,3976729938515.587,0.003976729938515587,4570,10,0.002188183807439825,0.04499212330910185,75108120808778.53,47.94839300214983,0.05396206393512963,44752.7134194007,60608494.75515795,2927.3282127361585,3.7465804264273386
0.64,0,4106976665460.323,0.004106976665460323,1953,10,0.005120327700972862,0.044189319494726376,194572244467407.22,197.3218710311305,0.054787682211795266,45662.70128945388,59879703.405252725,2996.0852319139112,8.81277305736906
0.65,0,4239257014496.157,0.0042392570144961575,1646,10,0.006075334143377886,0.04341220528606693,74647528878078.6,45.03883886484256,0.055618347184074164,46568.33988948192,59161793.23922499,3064.6448978342432,10.507648327082693
0.66,0,4373563421244.046,0.004373563421244046,4788,10,0.0020885547201336674,0.04265969308907347,128077095136501.9,30.60642929667562,0.056453936962285574,47469.38850939209,58454583.086089864,3132.971428180324,3.628802829112603
0.67,0,4509888182374.681,0.0045098881823746806,2801,10,0.003570153516601214,0.0419305950466069,166056525173721.22,45.75876979632959,0.05729432558771266,48365.617813441015,57757894.933217816,3201.0296987766183,6.229468191397136
0.68,0,4648223463236.261,0.004648223463236261,4111,10,0.0024324981756263684,0.0412238684142866,454087044232708.1,115.0124881449154,0.05813938300682973,49256.809534091255,57071553.86587637,3268.785250040702,4.261191071002444
0.6900000000000001,0,4788561305248.244,0.004788561305248244,3756,10,0.0026624068157614484,0.040538515037927936,92121551289970.53,62.545473761212314,0.05898897504869533,50142.756167984924,56395388.00860588,3336.2042925011788,4.680995693437337
0.7000000000000001,0,4930893633066.188,0.0049308936330661884,4006,10,0.0024962556165751375,0.03987366174631268,106255454927237.6,31.910544816048326,0.059842963405668255,51023.26067552465,55729228.46830064,3403.253711523326,4.403650612311871
0.7100000000000001,0,5075212261521.186,0.005075212261521186,5483,10,0.001823819077147547,0.0392283453590162,106290007959206.81,51.55516366496961,0.06070120561760056,51898.13618343028,55072909.27894104,3469.901071247008,3.2273211902215446
0.72,0,5221508902338.648,0.005221508902338649,3778,10,0.0026469031233456856,0.03860181256127104,418753423116991.3,62.35040285331449,0.061563555059664696,52767.20569121756,54426267.3478233,3536.1146178391455,4.696944514952262
0.73,0,5369775170640.546,0.005369775170640546,3565,10,0.002805049088359046,0.03799322420131368,120615251090507.55,104.26421546961167,0.062429860933968816,53630.301781134374,53789142.40325106,3601.8632820746566,4.990191275844167
0.74,0,5520002591235.22,0.00552000259123522,5829,10,0.0017155601303825698,0.03740185337409119,182168090359649.7,60.52081659735296,0.06329996826511489,54487.26633253936,53161376.94359302,3667.116681351814,3.058913167748941
0.75,0,5672182604700.055,0.005672182604700054,4760,10,0.0021008403361344537,0.03682699626769226,239740698167040.06,159.14491873520257,0.06417371789985252,55337.9502402964,52542816.187593825,3731.8451211507063,3.7534126103506176
0.76,0,5826306573260.183,0.005826306573260182,2714,10,0.0036845983787767134,0.03626797199958476,126397091839543.25,105.70677362718114,0.06505094651097904,56182.21313761156,51933308.025967404,3796.0195960085625,6.59455092642917
0.77,0,5982365786469.045,0.005982365786469045,5907,10,0.0016929067208396817,0.035724216793471264,168985565385349.94,55.847625979228916,0.06593148660563516,57019.92312356793,51332702.97407133,3859.6117900570875,3.034469118412531
0.78,0,6140351466694.359,0.006140351466694359,2187,10,0.004572473708276178,0.03519503630184029,195962350163451.5,41.58567664405226,0.06681516653814157,57850.956495177095,50740854.125752576,3922.594077155918,8.206337138808967
0.79,0,6300254774414.361,0.0063002547744143616,3917,10,0.0025529742149604288,0.034679959646263026,95696944858160.84,27.484899462230043,0.0677018105275198,58675.19748430305,50157617.108157024,3984.9395206696618,4.586591889213923
0.8,0,6462066813328.855,0.0064620668133288555,3752,10,0.0026652452025586353,0.03417838211907365,385363771673750.9,59.30632538163826,0.06859123867983588,59492.53799967313,49582850.03763585,4046.621872949888,4.792086494259264
0.81,0,6625778635289.432,0.006625778635289432,2933,10,0.0034094783498124785,0.03368980752538775,335340263910941.44,32.26417920041817,0.06948326701550157,60302.8773736344,49016413.47646635,4107.61557451225,6.133658763098653
0.8200000000000001,0,6791381245053.373,0.006791381245053373,2982,10,0.00335345405767941,0.03321375375721092,99997575012178.2,36.055444754711225,0.0703777075016633,61106.12211409514,48458170.39061373,4167.89575298963,6.034906176833655
0.8300000000000001,0,6958865604865.66,0.00695886560486566,3717,10,0.0026903416733925207,0.032749752726609405,150742144521025.2,35.5678150692937,0.0712743680898028,61902.18566163786,47907986.10823188,4227.438221867757,4.842125998470334
0.8400000000000001,0,7128222638873.495,0.007128222638873495,6955,10,0.0014378145219266715,0.032297350273387426,165411797786595.0,31.290577489345708,0.07217305275866856,62690.98815173991,47365728.279101126,4286.219479045018,2.587542651651086
0.85,0,7299443237377.824,0.007299443237377824,3144,10,0.0031806615776081423,0.03185619155043751,119605080601315.05,32.40835652738487,0.0730735615626498,63472.456182119175,46831266.83476413,4344.216705225388,5.722241073401769
0.86,0,7472518260925.908,0.0074725182609259085,3775,10,0.0026490066225165563,0.03142578692593467,104864504681806.28,37.39462309292819,0.07397569068569808,64246.5225855137,46304473.94949488,4401.407762203433,4.763258629454518
0.87,0,7647438544249.466,0.007647438544249466,2756,10,0.00362844702467344,0.031005834137918353,315227463324443.4,94.43970172228771,0.07487923250089422,65013.12620737618,45785224.0019454,4457.7711910165135,6.519665762898527
0.88,0,7824194900052.6,0.0078241949000526,2921,10,0.003423485107839781,0.03059590982110527,125339384514746.6,69.69350794094711,0.07578397563574907,65772.21168916956,45273393.53755888,4513.286210041958,6.145653106575359
0.89,0,8002778122653.51,0.00800277812265351,1613,10,0.006199628022318661,0.03019568427770858,263074300029248.2,55.36385465864233,0.07668970504331966,66523.72925642895,44768861.231587745,4567.9327129876765,11.116640434231277
0.9,0,8183178991484.204,0.008183178991484205,1913,10,0.005227391531625719,0.02980483597748551,211549542212173.6,40.58051008098273,0.07759620207921059,67267.63451249237,44271507.85283817,4621.69126686879,9.360866450176788
0.91,0,8365388274452.414,0.008365388274452414,3871,10,0.0025833118057349523,0.029423051543979617,250787408882513.94,24.94703606538047,0.07850324458452297,68003.88823696712,43781216.22801512,4674.543109911598,4.618990434712705
0.92,0,8549396731169.321,0.008549396731169322,3806,10,0.002627430373095113,0.02905002572710902,205073428225034.47,26.03342528744478,0.07941060697480082,68732.45618964762,43297871.206686266,4726.4701494513065,4.689839812715849
0.93,0,8735195116047.429,0.008735195116047428,4927,10,0.0020296326364927946,0.02868546136313843,180746069019226.8,87.27366972737032,0.08031806033501555,69453.3089194237,42821359.6268634,4777.454959806039,3.615923473974939
0.9400000000000001,0,8922774181272.162,0.008922774181272162,1828,10,0.005470459518599562,0.028329069323020373,185648765636853.94,64.9197555534156,0.08122537252061583,70166.42157811095,42351570.28113079,4827.480780127277,9.72568101632967
0.9500000000000001,0,9112124679650.906,0.009112124679650906,3400,10,0.0029411764705882353,0.027980595751480708,245506628489191.1,67.16569167134087,0.08213230826466011,70871.77373946704,41888393.88338472,4876.531512262882,5.21713923494647
0.9600000000000001,0,9303237367343.742,0.009303237367343743,5842,10,0.0017117425539198905,0.027639804460948048,127005133799025.78,29.495101151574982,0.0830386292910345,71569.34922306749,41431723.03608367,4924.591718608549,3.028914375180549
0.97,0,9496103006478.588,0.009496103006478587,2150,10,0.004651162790697674,0.02730641823537394,645714749001576.2,68.94329890534051,0.08394409443374791,72259.13592307821,40981452.198053606,4971.646619963083,8.208614906983893
0.98,0,9690712367655.227,0.009690712367655226,2043,10,0.004894762604013705,0.026980221752294198,360788600460047.6,86.88079777471985,0.08484845976228053,72941.12564173173,40537477.652815565,5017.682093376999,8.614372404815237
0.99,0,9887056232341.113,0.009887056232341113,2203,10,0.004539264639128461,0.02666100525132664,602240613623536.1,115.3356658930112,0.08575147871295036,73615.31392784801,40099697.47744613,5062.684670024541,7.965008685671164
1.0,0,10085125395162.635,0.010085125395162636,2639,10,0.0037893141341417205,0.026348527104884667,311551522326835.4,89.13606760778292,0.08665290222624604,74281.69991948052,39668011.51188104,5106.641533028559,6.62820112551393
1.01,0,10284910666094.984,0.010284910666094984,3046,10,0.003282994090610637,0.026042588914759524,136624787447463.05,27.93221183193113,0.08755247889006164,74940.28619194095,39242321.32879002,5149.540515342998,5.7235580027337365
1.02,0,10486402872554.19,0.01048640287255419,4764,10,0.0020990764063811922,0.025742996697101006,337655556578657.75,46.202835541477874,0.08844995508875261,75591.07860951757,38822530.203856505,5191.3700975577885,3.6468062606489675
1.03,0,10689592861394.0,0.010689592861394,4636,10,0.0021570319240724763,0.02544956087424033,192556915547490.9,48.633587388902086,0.08934507515791797,76234.08618223632,38408543.086599246,5232.119405736625,3.7338585787934617
1.04,0,10894471500811.508,0.010894471500811508,2826,10,0.003538570417551309,0.02516209626072352,310892791775367.4,24.256458253701506,0.09023758154479809,76869.32092674205,38000266.571585506,5271.778209203977,6.102041330315912
1.05,0,11101029682163.473,0.011101029682163473,4296,10,0.0023277467411545625,0.024880422043954242,354879145305874.5,87.84597640246585,0.09112721497416236,77496.79773144922,37597608.87017283,5310.336918308096,3.9981482970210855
1.06,0,11309258321697.357,0.011309258321697357,3159,10,0.0031655587211142765,0.02460436175981784,234585009339367.75,48.65359195310327,0.09201371461954395,78116.53422589776,37200479.78263619,5347.786582133777,5.4147685465481175
1.07,0,11519148362199.303,0.011519148362199303,3509,10,0.002849814762040467,0.024333798431916853,212328292378622.12,30.557981328731916,0.09289681827966537,78728.55065429413,36808790.67077036,5384.118886172259,4.853829661512401
1.08,0,11730690774562.018,0.011730690774562017,3604,10,0.002774694783573807,0.02406852273155491,266778879700876.4,28.949511055997732,0.09377626255988103,79332.86975299178,36422454.43092041,5419.326149920957,4.7049313822920995
1.09,0,11943876559275.432,0.011943876559275432,4526,10,0.002209456473707468,0.02380840449375654,256351181000857.4,47.52935120686508,0.09465178305844799,79929.51663193876,36041385.46742419,5453.401324407659,3.7292934153285624
1.1,0,12158696747842.56,0.01215869674784256,5081,10,0.00196811651249754,0.02355329895260405,401477167205292.44,139.6193515679655,0.09552311455742028,80518.51865990109,35665499.66649557,5486.337989624944,3.3061949709125074
1.11,0,12375142404123.512,0.012375142404123511,2176,10,0.004595588235294118,0.02330307009448973,219585984866863.3,50.22632126261309,0.09638999121794681,81099.90535366331,35294714.37049736,5518.13035187512,7.682269848086413
1.12,0,12593204625609.547,0.012593204625609547,3917,10,0.0025529742149604288,0.02305755873566062,215625790683812.44,41.524639577688774,0.09725214677973788,81673.70827050555,34928948.352648705,5548.773240978288,4.246196435770601
1.1300000000000001,0,12812874544630.389,0.01281287454463039,3020,10,0.0033112582781456954,0.022816675300724953,220260291268911.44,66.29575140769228,0.09810931476444977,82239.9609047596,34568121.792101,5578.2621073814735,5.478828272198643
1.1400000000000001,0,13034143329496.72,0.013034143329496721,3793,10,0.002636435539151068,0.022580273041708954,76426029889844.12,21.069423067173886,0.09896122868272254,82798.6985874322,34212156.24944995,5606.593019103448,4.338990813778638
1.1500000000000001,0,13257002185580.166,0.013257002185580166,2884,10,0.0034674063800277394,0.022348225853083714,337716380450174.6,81.61827393885332,0.09980762224459194,83349.95838950733,33860974.64260373,5633.762658537244,5.675311386420166
1.1600000000000001,0,13481442356332.938,0.013481442356332937,4755,10,0.002103049421661409,0.02212042110942225,190364552635113.3,29.8722150170198,0.10064822957298275,83893.77902848196,33514501.22304822,5659.768319079133,3.4228264180806844
1.17,0,13707455124250.104,0.013707455124250104,4314,10,0.0023180343069077423,0.021896748382859155,281938469190875.0,58.50580974582566,0.10148278541997709,84430.20077809448,33172661.552509196,5684.607901574322,3.75096795407468
1.18,0,13935031811775.215,0.013935031811775215,3562,10,0.002807411566535654,0.02167709943967111,188323477531122.2,33.228345429180536,0.1023110253855389,84959.26538130213,32835382.47995832,5708.279910566992,4.5160201186437074
1.19,0,14164163782152.688,0.014164163782152687,3424,10,0.0029205607476635513,0.02146136823462097,341973609174844.6,60.344911712234946,0.10313268613836393,85481.01596633493,32502592.119014297,5730.78345034447,4.669614195996748
1.2,0,14394842440227.973,0.014394842440227972,5518,10,0.001812250815512867,0.021249450903192857,181924021896504.22,21.344233816879726,0.1039475056385125,85995.49696563046,32174219.82570734,5752.118220750191,2.8796331974909366
1.21,0,14627059233198.152,0.014627059233198153,4240,10,0.0023584905660377358,0.021041245751853954,124349999963074.78,23.733889668473502,0.1047552233614732,86502.75403780767,31850196.176586464,5772.284512765785,3.723888539564695
1.22,0,14860805651314.297,0.014860805651314297,5509,10,0.0018152114721365039,0.020836677032441187,211221089871979.88,31.234715413341718,0.10555558052329424,87002.83399231425,31530452.947203357,5791.283203837392,2.847566292217994
1.23,0,15096073228537.686,0.015096073228537685,3927,10,0.002546473134708429,0.02063564619273961,377091451227371.94,66.99286770754549,0.10634832030641155,87495.7847171241,31214923.090939093,5809.115752959495,3.968355349680799
1.24,0,15332853543151.525,0.015332853543151526,3609,10,0.002770850651149903,0.020438042150359048,110758137303069.88,27.63984170540747,0.10713318808579403,87981.65510869109,30903540.718176357,5825.784195458373,4.288941807408588
1.25,0,15571138218330.031,0.015571138218330031,2618,10,0.0038197097020626434,0.020243809904421983,405497647903200.6,34.93664754172495,0.1079099316550206,88460.4950048169,30596241.075822484,5841.291137515158,5.871848113044852
1.26,0,15810918922666.404,0.015810918922666405,3928,10,0.0025458248472505093,0.02005284846939459,283699527276519.5,23.14071877670397,0.10867830145189603,88932.35511996965,30292960.52715669,5855.639750388344,3.886174480337865
1.27,0,16052187370661.092,0.01605218737066109,4209,10,0.0023758612497030173,0.019865082123772804,288737985428712.8,43.927043268883544,0.10943805078320944,89397.28698301654,29993636.532022804,5868.833764333725,3.6008630104309387
1.28,0,16294935323172.572,0.016294935323172572,1685,10,0.005934718100890208,0.019680430506251012,317917666052373.7,27.1040252154842,0.11018893604823399,89855.3428772543,29698207.62734887,5880.877462207789,8.929356692818141
1.29,0,16539154587831.049,0.016539154587831048,1916,10,0.005219206680584551,0.019498831906212377,380955170180496.1,61.90873851061688,0.11093071696056572,90306.57578288353,29406613.407992665,5891.775672761879,7.794758168788298
1.3,0,16784837019417.828,0.01678483701941783,2642,10,0.003785011355034065,0.019320185177976512,215989480017110.7,28.66955491054822,0.11166315676789583,90751.03932168797,29118794.50790167,5901.533763607713,5.610308201781838
1.31,0,17031974520210.406,0.017031974520210408,3526,10,0.0028360748723766306,0.019144452005361967,197737638306932.8,41.90557094919999,0.11238602246931209,91188.78770389456,28834692.581594545,5910.157633853627,4.171603741210003
1.32,0,17280559040295.947,0.017280559040295948,3309,10,0.0030220610456331218,0.018971552455852803,530423610702676.5,94.85374060704223,0.11309908502972522,91619.87567689586,28554250.285959702,5917.653706390544,4.410613509164943
1.33,0,17530582577853.377,0.017530582577853376,3818,10,0.0026191723415400735,0.018801410187097578,223951285638419.4,48.83938456241838,0.11380211959101888,92044.35847647839,28277411.26235228,5924.028919866963,3.7924077262294813
1.34,0,17782037179405.977,0.017782037179405977,4222,10,0.0023685457129322598,0.018633964726383012,191216612309078.66,25.331765938502535,0.11449490567952506,92462.2917795149,28004120.11900111,5929.2907202900515,3.4019908189166608
1.35,0,18034914940045.5,0.0180349149400455,3934,10,0.002541942043721403,0.01846915657963788,138260878261254.95,33.20661644666004,0.11517722740943068,92873.73165896829,27734322.413720313,5933.447052310007,3.621288547685197
1.36,0,18289208003629.008,0.018289208003629008,3677,10,0.0027196083763937995,0.01830692723172689,320494034638768.94,39.946375206413855,0.11584887368172872,93278.73454045126,27467964.636896268,5936.506350137025,3.842342852636281
1.37,0,18544908562949.754,0.018544908562949755,4562,10,0.0021920210434020165,0.018147219145922766,234358034431004.34,33.85059137300466,0.11650963837833293,93677.357160819,27204994.194798715,5938.477528137252,3.0709537269863607
1.3800000000000001,0,18802008859882.543,0.018802008859882542,2267,10,0.004411116012351125,0.01798997576259964,428212807110551.25,52.83192311102107,0.1171593205509839,94069.65652824624,26945359.393152125,5939.369971065424,6.127210338418741
1.3900000000000001,0,19060501185505.793,0.019060501185505792,1366,10,0.007320644216691069,0.017835141497186346,404069747458575.5,22.802788859395214,0.11779772460458442,94455.68988421031,26689009.4209975,5939.193523974849,10.080839234483419
1.4000000000000001,0,19320377880200.168,0.01932037788020017,3694,10,0.0027070925825663237,0.017682661737417837,286843959849166.8,46.17990851959428,0.11842466047461185,94835.51466691447,26435894.334847275,5937.9584817842715,3.6951430594880663
1.4100000000000001,0,19581631333725.46,0.019581631333725463,3886,10,0.0025733401955738548,0.017532482839924035,239034686911973.84,62.34775089834916,0.1190399437982678,95209.18847639766,26185965.04308979,5935.675578517083,3.481401680154889
1.42,0,19844253985276.594,0.019844253985276592,5873,10,0.0017027073046143367,0.017384552126192276,339410503786390.9,36.59861675534496,0.1196433960790384,95576.7690410886,25939173.29070372,5932.355976221576,2.282832576360939
1.43,0,20108238323519.23,0.02010823832351923,3733,10,0.002678810608090008,0.017238817877935797,601041659267067.1,67.686039816712,0.12023484484435139,95938.3141858522,25695471.644191947,5928.011253566432,3.558785917282649
1.44,0,20373576886606.527,0.02037357688660653,2993,10,0.003341129301703976,0.017095229331905104,292071609976686.8,64.44888415604919,0.12081412379603326,96293.88180141624,25454813.47682177,5922.653394136614,4.397723135115171
1.45,0,20640262262177.617,0.020640262262177616,3526,10,0.0028360748723766306,0.016953773132129313,155722909186745.9,21.759122608078606,0.12138107295328354,96643.52981523465,25217152.95410143,5916.294774430694,3.6980877823326774
1.46,0,20908287087338.055,0.020908287087338055,4381,10,0.0022825838849577723,0.016814368625906018,433176882373848.3,34.2602299826155,0.12193553878790152,96987.31616356,24982445.019521292,5908.948151566457,2.948226481062445
1.47,0,21177644048624.555,0.021177644048624555,2722,10,0.0036737692872887582,0.016676967131939224,201466093098925.5,21.15972108689744,0.12247737435151856,97325.29876493747,24750645.38054905,5900.626650720751,4.699703296307456
1.48,0,21448325881952.8,0.0214483258819528,5732,10,0.0017445917655268667,0.01654157008811652,300742704743301.3,51.48135602500281,0.12300643939460665,97657.53549466221,24521710.494854964,5891.343752286028,2.210183151938498
1.49,0,21720325372550.75,0.02172032537255075,4017,10,0.0024894199651481204,0.016408087542842287,198637012222807.2,23.90299814177184,0.12352260047705375,97984.08416087685,24295597.556820426,5881.113278814477,3.122906845571527
1.5,0,21993635354877.21,0.021993635354877212,5658,10,0.0017674089784376105,0.016276510424647617,370968317053324.9,30.744051820732075,0.1240257310701164,98305.00248125069,24072264.484238382,5869.949381681494,2.1952099680809556
1.51,0,22268248712526.684,0.022268248712526684,4283,10,0.0023348120476301658,0.016146780109283276,259962731065433.34,44.16454023423785,0.12451571164958056,98620.34806118741,23851669.90529175,5857.866527565096,2.870917290431046
1.52,0,22544158378121.297,0.022544158378121296,4283,10,0.0023348120476301658,0.016018876182191666,493461469998285.1,25.375704603427646,0.12499242977998155,98930.17837307397,23633773.145745885,5844.87948471535,2.841861335398871
1.53,0,22821357333189.95,0.02282135733318995,5505,10,0.0018165304268846503,0.0158927368413867,154665473360227.12,19.498712419087695,0.12545578018975678,99234.55073606868,23418534.21637197,5831.00330900831,2.18840656575334
1.54,0,23099838608035.78,0.023099838608035782,3492,10,0.0028636884306987398,0.015768363714497968,375222461823492.6,28.899098938597074,0.12590566483722512,99533.5222976261,23205913.800602216,5816.2533298760745,3.414279420088478
1.55,0,23379595281592.45,0.02337959528159245,5063,10,0.0019751135690302193,0.015645682820977447,118597438912831.0,18.57691407279821,0.12634199296731044,99827.15001544861,22995873.24240182,5800.645136052502,2.3302700008382367
1.56,0,23660620481269.773,0.023660620481269774,3585,10,0.002789400278940028,0.01552467912530675,281230029399443.56,43.3414237297204,0.12676468115894596,100115.49064037275,22788374.534365553,5784.194561188329,3.2562648236828813
1.57,0,23942907382788.8,0.0239429073827888,5028,10,0.001988862370723946,0.015405327493588916,231120839763013.2,24.184312170577503,0.12717365336312167,100398.60070051126,22583380.306024913,5766.917669372483,2.2970093858954237
1.58,0,24226449210007.945,0.024226449210007946,6313,10,0.001584032947885316,0.015287575601151904,214389441848755.8,36.47790866813495,0.1275688409315561,100676.53648581641,22380853.81236754,5748.830740533512,1.8097796599615361
1.59,0,24511239234739.375,0.024511239234739374,4194,10,0.002384358607534573,0.015171394800554516,267019572538184.8,27.258244559812994,0.12795018263599814,100949.35403365012,22180758.922575094,5729.950255779438,2.6945812773809874
1.6,0,24797270776557.426,0.024797270776557426,4614,10,0.002167316861725184,0.015056768766220863,329215631853180.8,23.031961061668834,0.12831762467818383,101217.10911535562,21983060.10894857,5710.292882689881,2.422456163386991
1.61,0,25084537202598.215,0.025084537202598216,5134,10,0.0019477989871445266,0.014943664754841657,398653231342269.5,30.384377316419886,0.12867112069049735,101479.85722300588,21787722.43604854,5689.875460543481,2.153016532779717
1.62,0,25373031927352.086,0.025373031927352085,6652,10,0.001503307276007216,0.014832044501703834,341982960619184.7,54.457956943342126,0.12901063172740435,101737.65355769685,21594711.550035674,5668.714985577296,1.643148268394847
1.6300000000000001,0,25662748412448.6,0.025662748412448602,4174,10,0.0023957834211787254,0.014721880936006237,382372010614227.06,38.6665316302085,0.1293361262477481,101990.55301761531,21403993.66818979,5646.828596195306,2.5891595528746842
1.6400000000000001,0,25953680166434.66,0.02595368016643466,2963,10,0.0033749578130273373,0.014613147355634015,355666563106742.44,51.4997920102647,0.12964758008801838,102238.61018767343,21215535.568644308,5624.2335582591895,3.605942621469672
1.6500000000000001,0,26245820744546.293,0.026245820744546292,4167,10,0.0023998080153587713,0.014505817426962109,743552573028894.0,35.94822088791456,0.12994497642672279,102481.87932921124,21029304.58028762,5600.947250387202,2.5346823542551196
1.6600000000000001,0,26539163748474.3,0.0265391637484743,4451,10,0.0022466861379465287,0.014399865184453131,652733960204021.5,48.578517371695085,0.13022830574001035,102720.414370437,20845268.57286173,5576.987149329315,2.3455453159177853
1.6700000000000002,0,26833702826124.28,0.02683370282612428,4137,10,0.00241721053903795,0.014295265030063953,425403273095988.6,40.931237767041026,0.13049756574871402,102954.26889760689,20663395.94724198,5552.3708154362785,2.4941840961423756
1.68,0,27129431671371.434,0.027129431671371433,4191,10,0.0023860653781913625,0.014191991732464437,311817757228512.4,33.714337018484045,0.13075276135699798,103183.49614674256,20483655.625891827,5527.115878231709,2.433142870501277
1.69,0,27426344023810.05,0.02742634402381005,7086,10,0.0014112334180073384,0.01409002042608265,460844422265037.3,58.16329912871695,0.13099390458281196,103408.1489957824,20306017.043500546,5501.240022105312,1.4220485402811371
1.7,0,27724433668498.85,0.027724433668498853,4984,10,0.0020064205457463883,0.013989326609980646,395790860774235.1,44.925473162347814,0.13122101448037002,103628.27995730618,20130450.13778125,5474.76097214981,1.9976862992831559
1.71,0,28023694435701.445,0.028023694435701445,4335,10,0.002306805074971165,0.013889886146567276,241940779774833.3,25.197244582102016,0.13143411705488842,103843.94117201651,19956925.34045368,5447.696480178277,2.2691637608293203
1.72,0,28324120200623.266,0.028324120200623266,3304,10,0.003026634382566586,0.013791675260161118,593370459882408.1,61.717890905538255,0.13163324516982902,104055.18440214294,19785413.568385925,5420.06431089078,2.9412014807655256
1.73,0,28625704883144.395,0.028625704883144396,5393,10,0.0018542555164101613,0.013694670535407183,529612515667749.2,46.859596871893935,0.1318184384469108,104262.06102609073,19615886.214899182,5391.882228280689,1.7799381770188676
1.74,0,28928442447549.066,0.028928442447549066,3639,10,0.0027480076944215444,0.013598863688179863,639652662762848.2,51.801596125164664,0.13198974315916043,104464.62203280423,19448315.141239457,5363.167982219873,2.6054654417456526
1.75,0,29232326902251.914,0.029232326902251915,4015,10,0.0024906600249066002,0.013504225445443607,302462538925917.0,26.519754951817283,0.13214721211728916,104662.91801703129,19282672.668198943,5333.939295298628,2.3322524130219247
1.76,0,29537352299521.402,0.029537352299521404,5715,10,0.0017497812773403325,0.013410727619889484,528947192605109.0,64.9808394614077,0.13229090454968861,104856.99917471939,19118931.567901675,5304.213849901487,1.6180818430844526
1.77,0,29843512735200.5,0.0298435127352005,7207,10,0.0013875398917718885,0.01331834814038435,409066086004997.6,66.44048124025768,0.13242088597635046,105046.9152992271,18957065.055737577,5274.0092755663245,1.267010116773847
1.78,0,30150802348424.656,0.030150802348424655,2724,10,0.003671071953010279,0.013227082325699357,508885181708375.8,36.14901326726015,0.1325372280770222,105232.71577723935,18797046.782446537,5243.343136586508,3.3098520825395212
1.79,0,30459215321337.94,0.03045921532133794,4983,10,0.002006823198876179,0.013136907384931118,235177466960683.4,34.180668684673826,0.13264000855391733,105414.4495857888,18638850.826349083,5212.232919941329,1.7863617796376845
1.8,0,30768745878806.89,0.030768745878806892,5401,10,0.0018515089798185522,0.013047788735356391,831268965323295.9,48.88547288277395,0.1327293109893057,105592.16528904885,18482451.68572671,5180.696023502329,1.627024909864602
1.81,0,31079388288132.57,0.03107938828813257,4706,10,0.0021249468763280916,0.012959724874058498,723207074491696.9,24.99833758871134,0.13280522469831382,105765.91103573152,18327824.271332726,5148.749744565604,1.8432701694737341
1.82,0,31391136858761.145,0.031391136858761146,7145,10,0.0013995801259622112,0.01287269624038112,314245275841484.0,32.25093498197808,0.132867844577269,105935.73455687918,18174943.89906127,5116.41126871939,1.1983290487615674
1.83,0,31703985941992.863,0.03170398594199286,4690,10,0.0021321961620469083,0.0127866645159036,514176941595355.4,36.98578262057474,0.13291727094792347,106101.6831637475,18023786.282729935,5083.697659031298,1.801803782648465
1.84,0,32017929930689.68,0.03201792993068968,5307,10,0.001884303749764462,0.012701652466824531,440231643339943.8,45.71980240965541,0.13295360939789763,106263.80374593698,17874327.527015675,5050.625845585031,1.571446815522097
1.85,0,32332963258982.414,0.03233296325898241,4275,10,0.0023391812865497076,0.012617600926497441,435130010995527.1,38.37942293315222,0.13297697061768127,106422.14277032083,17726544.12051855,5017.212615395205,1.925070000181959
1.86,0,32649080401976.098,0.032649080401976095,2925,10,0.003418803418803419,0.012534525388671724,471174194692458.9,42.544590323042385,0.1329874702345315,106576.74627941157,17580412.92894541,4983.474602641917,2.7762439524718148
1.87,0,32966275875455.137,0.032966275875455135,6181,10,0.0016178611875101116,0.012452384720592291,325213304781359.75,30.656255264045438,0.13298522864360543,106727.65989075368,17435911.18843124,4949.428279313879,1.2962601618717715
1.8800000000000001,0,33284544235588.06,0.033284544235588055,5777,10,0.0017310022503029255,0.012371186281660895,234502982801688.94,23.782887069788053,0.13297037083666333,106874.92879614081,17293016.49898085,4915.089946204884,1.3683077948815132
1.8900000000000001,0,33603880078631.062,0.03360388007863106,5093,10,0.0019634792852935403,0.012290889050735054,538152903765522.2,56.808093031836826,0.13294302622867502,107018.59776101387,17151706.818034906,4880.475724288209,1.5311408076701716
1.9000000000000001,0,33924278040631.855,0.033924278040631854,3041,10,0.003288391976323578,0.01221150970982754,446065642134091.6,17.965385229539443,0.13290332848265865,107158.71112453166,17011960.454154097,4845.601546494782,2.529554207019707
1.9100000000000001,0,34245732797133.117,0.03424573279713312,3421,10,0.0029231218941829875,0.0121329984859051,258613819355859.44,17.780699187033616,0.13285141533307546,107295.31279929094,16873756.06082675,4810.483149853808,2.217926343342377
1.9200000000000002,0,34568239062875.973,0.034568239062875976,6343,10,0.0015765410688948448,0.012055373507142697,454137475653286.8,18.802225964734887,0.13278742840810062,107428.44627154662,16737072.630372385,4775.136068030816,1.1798181223680015
1.93,0,34891791591503.266,0.03489179159150327,3489,10,0.002866150759529951,0.011978599187777994,318514324841369.5,15.888958938782665,0.13271151305108214,107558.15460167367,16601889.488000676,4739.57562427044,2.115377464611285
1.94,0,35216385175263.38,0.03521638517526338,2114,10,0.004730368968779565,0.011902658754657125,254262667383059.75,26.976320746841672,0.1326238181414942,107684.48042461972,16468186.28592861,4703.816924706854,3.4429662255873366
1.95,0,35542014644713.95,0.03554201464471395,4287,10,0.002332633543270352,0.01182756674870522,176708022297207.0,16.1412265591176,0.13252449591568408,107807.46595069316,16335942.997650843,4667.87485208532,1.6741889853961769
1.96,0,35868674868426.04,0.035868674868426036,3243,10,0.003083564600678384,0.011753281048865194,310424804623516.75,24.050792006081263,0.13241370178770218,107927.15296646272,16205139.912292665,4631.764059864772,2.1822371930900584
1.97,0,36196360752689.29,0.03619636075268929,3926,10,0.0025471217524197657,0.01167979055293955,315801207157111.56,18.32841703274466,0.13229159417049882,108043.58283558227,16075757.62908553,4595.49896670443,1.7773001793827108
1.98,0,36525067241216.79,0.03652506724121679,5976,10,0.0016733601070950468,0.011607106127360045,331512207360336.6,23.302686946156875,0.13215833429775978,108156.79650042971,15947777.051919853,4559.09375135816,1.1511588106020358
1.99,0,36854789314851.19,0.036854789314851186,2818,10,0.0035486160397444995,0.011535196698015948,803385194786761.8,26.046729169629117,0.1320140860466449,108266.83448289227,15821179.384035045,4522.562347920221,2.406644433676038
2.0,0,37185521991271.46,0.03718552199127146,4365,10,0.002290950744558992,0.011464047833158353,264336761214477.75,28.90341494647884,0.13185901576168338,108373.73688630704,15695946.122775251,4485.918441484901,1.5316109659903576
2.01,0,37517260324700.43,0.03751726032470043,4385,10,0.002280501710376283,0.011393648897955244,588024223365881.2,28.516364437558252,0.13169329208006922,108477.5433966595,15572059.054465903,4449.175464151856,1.5028516775627436
2.02,0,37849999405613.1,0.0378499994056131,5593,10,0.0017879492222420883,0.011324000943002233,247911594442429.7,18.35807930887064,0.13151708575859106,108578.29328473595,15449500.249373306,4412.346591433497,1.161363169156433
2.03,0,38183734360446.09,0.038183734360446094,4229,10,0.0023646252069047056,0.011255086596513642,553513437509183.4,35.54717822033875,0.13133056950241706,108676.02540738722,15328252.056764135,4375.444738988164,1.513828618260661
2.04,0,38518460351308.08,0.03851846035130808,3315,10,0.0030165912518853697,0.011186889106136522,423336498708676.25,23.84468411808613,0.13113391779594796,108770.77820994754,15208297.100052891,4338.482559754642,1.9032989523483335
2.05,0,38854172575691.27,0.03885417257569127,5446,10,0.001836210062431142,0.011119398303925165,477398303498764.6,28.44658398751015,0.13092730673593825,108862.58972806348,15089618.27204791,4301.472441413609,1.1417319313306264
2.0599999999999996,0,39190866266184.195,0.0391908662661842,7330,10,0.001364256480218281,0.011052604129002774,282132954382848.2,18.402467942503712,0.1307109138670736,108951.49758977036,14972198.730271557,4264.426504197352,0.8359198278929969
2.07,0,39528536690185.52,0.03952853669018552,4971,10,0.0020116676725005027,0.010986496627541253,455992181353125.4,33.93893026358561,0.1304849180201844,109037.5390177561,14856021.89238433,4227.356599046911,1.214584404033315
2.0799999999999996,0,39867179149619.3,0.0398671791496193,6486,10,0.001541782300339192,0.010921065952702036,398588875601077.2,23.23459003301395,0.1302494991532604,109120.7508316686,14741071.431683572,4190.274306095327,0.9172207936141501
2.09,0,40206788980651.414,0.040206788980651414,5345,10,0.0018709073900841909,0.010856302364538606,409139257908292.8,31.13553168997506,0.13000483819542183,109201.16945057525,14627331.272682121,4153.190933475309,1.0966283539178443
2.0999999999999996,0,40547361553407.52,0.040547361553407525,4906,10,0.0020383204239706482,0.010792199279013093,537533773415266.5,27.980265099069847,0.12975111689399202,109278.83089516163,14514785.586787315,4116.117516433541,1.17710046149905
2.11,0,40888892271692.38,0.04088889227169238,3220,10,0.003105590062111801,0.010728744169522075,686258426058339.0,33.16881985504874,0.12948851766480282,109353.77079055244,14403418.788036415,4079.0648167647482,1.7668389978558277
2.1199999999999997,0,41231376572710.51,0.04123137657271051,4485,10,0.002229654403567447,0.010665926047222829,374066474575183.3,38.514316358841555,0.1292172234458553,109426.024368657,14293215.5289337,4042.043322528011,1.2496271060218729
2.13,0,41574809926788.58,0.04157480992678858,8426,10,0.0011868027533823878,0.010603735632117584,357807427065085.2,32.92083693892896,0.12893741755444604,109495.62647099017,14184160.69634576,4005.06324806043,0.6552245601002356
2.1399999999999997,0,41919187837099.195,0.04191918783709919,3968,10,0.0025201612903225806,0.010542163749711841,236428535628494.75,31.536809784427646,0.12864928354785926,109562.6115511646,14076239.407488255,3968.134534258501,1.370527753360674
2.15,0,42264505839386.09,0.042264505839386096,5601,10,0.0017853954650955187,0.010481201330730161,279867574512263.2,20.774407236981563,0.12835300508771263,109627.01367787474,13969437.005973084,3931.2668491396767,0.9563599201902444
2.1599999999999997,0,42610759501691.63,0.04261075950169163,3510,10,0.002849002849002849,0.010420839891201572,323562362268784.2,13.706512759996778,0.12804876580803742,109688.86653752759,13863739.057946578,3894.4695886524382,1.5030979275741
2.17,0,42957944424084.68,0.04295794442408468,8140,10,0.0012285012285012285,0.010361075127678476,395535527279014.6,30.936176223534385,0.12773674918715994,109748.2034372051,13759131.34827611,3857.7518777385253,0.6383488223335263
2.1799999999999997,0,43306056238391.7,0.043306056238391705,7301,10,0.0013696753869332967,0.01030189456951669,386700234574371.8,34.23518490261794,0.1274171384234439,109805.0573073275,13655599.876833957,3821.1225716289437,0.7009210030291524
2.19,0,43655090607928.234,0.043655090607928236,9342,10,0.001070434596446157,0.010243289533399258,937863432486750.0,37.40984308227483,0.12709011631494216,109859.46070497713,13553130.854817575,3784.5902573809917,0.5394631760129113
2.1999999999999997,0,44005043227232.61,0.04400504322723261,5531,10,0.0018079913216416561,0.010185251439819076,387638892637701.1,24.818817422380373,0.12675586514299808,109911.44581641226,13451710.70117912,3748.163255615474,0.8972840490818081
2.21,0,44355909821801.87,0.04435590982180187,7757,10,0.0012891581797086502,0.010127771812642794,988553753959437.6,39.637229126961806,0.12641456655982633,109961.0444603421,13351326.039074074,3711.8496224743103,0.6300192828805382
2.2199999999999998,0,44707686147828.36,0.04470768614782836,6311,10,0.001584534938995405,0.010070842278651848,368477170125849.1,31.416403025465932,0.1260664014800965,110008.28809085907,13251963.692418212,3675.657151775278,0.7625107349026423
2.23,0,45060367991939.26,0.04506036799193926,4521,10,0.0022119000221190004,0.010014454567065623,405843883338762.56,20.956731657842507,0.1257115499765309,110053.2078004638,13153610.682476113,3639.5933773480892,1.0480669160818177
2.2399999999999998,0,45413951170937.02,0.04541395117093702,6224,10,0.0016066838046272494,0.009958600509041404,694477873231460.9,32.807351264392935,0.12535019117952442,110095.83432312515,13056254.22453316,3603.6655755547677,0.7495775319035204
2.25,0,45768431531542.266,0.04576843153154227,6659,10,0.001501726986033939,0.009903283633895477,498428715188242.1,37.29416392773511,0.12498250318078254,110136.1980374791,12959881.724614153,3567.880767977901,0.6898011080097277
2.26,0,46123804950137.836,0.046123804950137834,4755,10,0.002103049421661409,0.009848489520024595,1064660336027112.6,55.72858273928756,0.12460866294096873,110174.32896967961,12864480.776277887,3532.24572425965,0.9510719347377434
2.27,0,46480067332515.625,0.046480067332515626,5163,10,0.001936858415649816,0.009794206215013146,363564598007903.9,21.578079891345052,0.12422884620134438,110210.25679689087,12770039.157449897,3496.7669651040633,0.8623372799670219
2.28,0,46837214613624.18,0.04683721461362418,7489,10,0.001335291761249833,0.009740425924384732,554478309814505.1,28.030340280566698,0.12384322739937846,110244.01085004589,12676544.827336488,3461.45076540081,0.5852691441137515
2.29,0,47195242757319.055,0.04719524275731905,5550,10,0.0018018018018018018,0.009687143466314718,404237443756818.94,30.061465042895072,0.12345197958829715,110275.6201172327,12583985.923375618,3426.3031574931356,0.7774489607106315
2.3,0,47554147756114.5,0.0475541477561145,4722,10,0.0021177467174925877,0.009634367452835524,852235574784699.9,39.380814008854124,0.12305527436053831,110305.1132466459,12492350.758259717,3391.3299345567284,0.8995195757373193
2.31,0,47913925630937.26,0.04791392563093726,2580,10,0.003875968992248062,0.009582072613526171,332838234956451.1,20.905958342093413,0.12265328177506969,110332.51855015493,12401627.816991834,3356.536654103297,1.620595012963332
2.32,0,48274572430882.375,0.04827457243088237,6601,10,0.0015149219815179518,0.009530251521933653,780561499770385.5,48.69138373617661,0.12224617028852493,110357.8640058589,12311805.754026573,3321.9286415639076,0.6234882614698568
2.3299999999999996,0,48636084232970.516,0.048636084232970514,6754,10,0.0014806040864672786,0.009478908946738751,334028567805530.6,22.496409993252918,0.12183410669010708,110381.17726176081,12222873.3904306,3287.5109939918852,0.5998019334540596
2.34,0,48998457141907.35,0.04899845714190735,4551,10,0.002197319270490002,0.009428038781957304,656530158965031.9,32.01869560140883,0.12141725604020252,110402.48563878435,12134819.711121293,3253.2885838381753,0.876154036882506
2.3499999999999996,0,49361687289845.19,0.04936168728984519,4961,10,0.0020157226365652087,0.009377621513974699,680978463753413.2,57.2160475671437,0.12099578161264772,110421.81613376875,12047633.862132035,3219.2660627973896,0.7910859967064433
2.36,0,49725770836145.96,0.04972577083614596,5508,10,0.0018155410312273058,0.009327660632713952,325319383128704.0,21.52676108169305,0.12056984484058411,110439.19542297204,11961305.147949908,3185.4478657445093,0.7012819471918674
2.3699999999999997,0,50090703967146.46,0.05009070396714646,6621,10,0.0015103458692040477,0.009278156302665375,400359410964505.2,19.76599076542562,0.12013960526583477,110454.64986488652,11875823.028886234,3151.8382147089133,0.5741764367288629
2.38,0,50456482895925.39,0.05045648289592539,9031,10,0.0011072970878086591,0.00922908473062789,472358632087732.3,24.16203355208326,0.11970522049173256,110468.20550372572,11791177.118503083,3118.441122924571,0.41428927645032476
2.3899999999999997,0,50823103862072.23,0.05082310386207223,2676,10,0.0037369207772795215,0.009180457626890792,759216867828215.0,29.224770750990253,0.1192668461393275,110479.8880723377,11707357.181081956,3085.2603989095232,1.3759840458948798
2.4,0,51190563131458.18,0.05119056313145818,2402,10,0.004163197335553705,0.009132262209122666,618371684724590.4,43.18724518916888,0.11882463580689664,110489.72299544195,11624353.129135568,3052.2996505941387,1.5086062021253506
2.4099999999999997,0,51558856996008.94,0.051558856996008935,4505,10,0.0022197558268590455,0.009084482685936202,474646091418524.7,29.495564211394548,0.11837874103268001,110497.73539284716,11542155.020976886,3019.562289485326,0.7915762428261024
2.42,0,51927981773479.24,0.051927981773479244,3728,10,0.002682403433476395,0.009037140183642434,859881966819570.8,33.19609039034232,0.11792931126076286,110503.95008238911,11460753.05831884,2987.0515348463973,0.9413284467012485
2.4299999999999997,0,52297933807229.695,0.0522979338072297,2236,10,0.004472271914132379,0.00899019865026407,1041548677301366.6,20.451918526658257,0.1174764938100209,110508.39158332511,11380137.583922423,2954.770417911477,1.5444170362179046
2.44,0,52668709466004.89,0.05266870946600489,3841,10,0.0026034886748242643,0.008943677109444215,351389994660938.1,17.181985478001135,0.11702043384604897,110511.08411925823,11300299.079290532,2922.721786102556,0.8847134578581395
2.4499999999999997,0,53040305143713.875,0.05304030514371388,3524,10,0.0028376844494892167,0.008897553644480749,385845564846338.6,24.615262475861634,0.11656127435598546,110512.0516212139,11221228.162397789,2890.9083072582757,0.9488823856026448
2.46,0,53412717259212.55,0.053412717259212546,4658,10,0.0021468441391155,0.008851832223754852,425999640282026.4,36.85258337977272,0.11609915612615085,110511.31773084942,11142915.58546343,2859.3324738702545,0.7063853741911423
2.4699999999999998,0,53785942256087.46,0.05378594225608746,7718,10,0.001295672454003628,0.008806504797201797,657234633086393.6,30.25617878748431,0.11563421772241134,110508.90580343538,11065352.232765501,2827.996607311846,0.4194894453924701
2.48,0,54159976602442.16,0.05415997660244216,5811,10,0.0017208742040956805,0.008761565542931726,465944351503063.3,29.53979917645151,0.11516659547318477,110504.83891107078,10988529.118494129,2796.902862066158,0.5482158331813418
2.4899999999999998,0,54534816790684.62,0.054534816790684615,6083,10,0.001643925694558606,0.008717012585982231,536629443957891.4,38.34453674852097,0.11469642345499854,110499.13984543055,10912437.38464076,2766.053229929848,0.5152924061225361
2.5,0,54910459337317.31,0.054910459337317315,7716,10,0.0012960082944530845,0.008672837858989757,376923225248143.9,24.976323122184922,0.11422383348051643,110491.83112108673,10837068.298925612,2735.449544215714,0.39970636960807954
2.51,0,55286900782728.69,0.05528690078272869,6038,10,0.0016561775422325273,0.008629038260550614,499445635868999.9,25.14747972478791,0.11374895508894493,110482.9349783892,10762413.25276639,2705.093483924718,0.502568097424616
2.52,0,55664137690986.336,0.05566413769098633,6108,10,0.0016371971185330713,0.008585610735533433,460685186883717.3,26.139023843604406,0.11327191553873434,110472.47338646337,10688463.759278566,2674.986577895466,0.488806671983682
2.53,0,56042166649632.69,0.056042166649632685,5105,10,0.0019588638589618022,0.008542543838468752,479989899523393.3,19.354343901258947,0.112792839802488,110460.46804617796,10615211.451314276,2645.1302089255405,0.5754159255370377
2.54,0,56420984269481.47,0.056420984269481465,3911,10,0.0025568908207619537,0.008499846503138286,572157106644497.2,29.3561332962339,0.11231185056399447,110446.9403931399,10542648.079530537,2615.525617860291,0.7389679406773183
2.55,0,56800587184417.27,0.05680058718441727,4980,10,0.002008032128514056,0.008457492100258923,643481020643095.4,37.01251721097113,0.11182906821729809,110431.91160062679,10470765.510502744,2586.173907647724,0.5709700604814113
2.56,0,57180972051195.75,0.05718097205119575,5810,10,0.0017211703958691911,0.008415508254213666,529101932764990.0,34.495216615001155,0.1113446108677235,110415.40258246772,10399555.724859066,2557.076047350725,0.4814943710511481
2.57,0,57562135549246.24,0.05756213554924624,5398,10,0.001852537977028529,0.008373859920837279,480118758365415.8,29.429514057337467,0.11085859433477233,110397.43399591316,10329010.815461004,2528.2328761211484,0.509862696136759
2.5799999999999996,0,57944074380476.33,0.05794407438047633,5889,10,0.0016980811682798438,0.008332559837389009,340183139811728.8,26.46780888389473,0.11037113215680884,110378.02624465167,10259122.985599501,2499.6451071291485,0.45978901605718075
2.59,0,58326785269077.586,0.058326785269077586,7989,10,0.001251721116535236,0.008291601430217121,560276518772427.2,33.6171226617446,0.10988233559745512,110357.19948159555,10189884.547240347,2471.3133314449624,0.33343958817850544
2.5999999999999996,0,58710264961333.516,0.05871026496133352,6194,10,0.0016144656118824668,0.008250968288599503,1177597970536226.0,65.09964950545206,0.109392313653616,110334.97361161494,10121287.9192909,2443.238021868397,0.4230998267988011
2.61,0,59094510225429.28,0.05909451022542928,5927,10,0.0016871941960519656,0.008210681413746701,1048272764645084.2,39.21783578790989,0.108901173065055,110311.36829438595,10053325.625898778,2415.419536710311,0.4349909293978138
2.6199999999999997,0,59479517851262.73,0.05947951785126273,3233,10,0.003093102381688834,0.00817071524149704,562728784146434.4,27.300667836232652,0.1084090183254463,110286.40294747797,9985990.294780755,2387.858123526327,0.7845240146538139
2.63,0,59865284650258.04,0.05986528465025804,5466,10,0.0018294914013904135,0.008131065520639025,450889814086963.9,27.166945471461577,0.10791595169482557,110260.09674855789,9919274.6555814,2360.553922776496,0.4564940394150441
2.6399999999999997,0,60251807455179.93,0.06025180745517993,4996,10,0.0020016012810248197,0.008091750791602292,413520188452941.6,22.513856720048775,0.10742207321336858,110232.46863874093,9853171.53826193,2333.506971454012,0.49132914228411145
2.65,0,60639083119950.59,0.060639083119950594,9018,10,0.0011088933244621868,0.008052744494527198,651610693117502.8,39.61976136098743,0.10692748071642302,110203.53732489535,9787673.871516135,2306.717206632947,0.26777584355719686
2.6599999999999997,0,61027108519467.9,0.061027108519467896,6323,10,0.0015815277558121146,0.0080140436910906,586098831745354.6,20.261448399776047,0.10643226985072582,110173.3212824254,9722774.681209411,2280.184468966247,0.37570057481344676
2.67,0,61415880549425.09,0.061415880549425095,8627,10,0.001159151501101194,0.00797566484706691,829731957161880.6,37.9735599305999,0.10593653409173551,110141.83875817926,9658467.088857314,2253.908506128692,0.27088610748912034
2.6799999999999997,0,61805396126132.48,0.06180539612613248,7920,10,0.0012626262626262627,0.00793758690583779,565179900553381.2,30.964864754208428,0.10544036476201399,110109.10777280266,9594744.310116976,2227.888976183696,0.2902687004358698
2.69,0,62195652186341.06,0.062195652186341065,4839,10,0.0020665426741062203,0.007899804932981924,386132218451229.9,22.581020108493366,0.1049438510505919,110075.14612354622,9531599.653310519,2202.1254508987236,0.46735420438254216
2.6999999999999997,0,62586645687066.766,0.06258664568706676,5268,10,0.0018982536066818527,0.007862323345922628,439359132975252.44,31.033770439138255,0.10444708003325524,110039.9713868963,9469026.51798176,2176.6174189957383,0.4223092432244811
2.71,0,62978373605417.94,0.06297837360541794,4344,10,0.0023020257826887663,0.007825143076482965,464170844621758.5,18.557395102884083,0.10395013669369071,110003.60092095027,9407018.393461363,2151.364289329089,0.5038018735204208
2.7199999999999998,0,63370832938422.58,0.06337083293842258,7969,10,0.0012548625925461162,0.007788249489555699,458960371312624.1,21.355657559168975,0.10345310394543139,109966.05186829726,9345568.857473286,2126.365394013187,0.27015765407067055
2.73,0,63764020702858.78,0.06376402070285878,7795,10,0.0012828736369467607,0.007751639802016208,495077068125596.6,26.65155144050513,0.10295606265454338,109927.34115823593,9284671.574754989,2101.6199914701147,0.271690847042598
2.7399999999999998,0,64157933935086.164,0.06415793393508616,4613,10,0.0021677866897897246,0.007715316462778787,649261511352631.2,27.344066770875163,0.10245909166299956,109887.48550957088,9224320.295706078,2077.127269424889,0.4516237260395572
2.75,0,64552569690878.57,0.06455256969087857,2646,10,0.003779289493575208,0.00767928164472198,733177970007461.0,31.02830838358966,0.10196226781268383,109846.50143289028,9164508.855059594,2052.886347825497,0.7745313750727018
2.76,0,64947925045258.83,0.06494792504525883,7009,10,0.0014267370523612499,0.007643521746156012,885404404216876.5,27.125113836238818,0.10146566596997589,109804.40523315029,9105231.170576822,2028.8962817039771,0.28763428028062854
2.77,0,65343997092335.11,0.06534399709233511,9513,10,0.0010511931041732366,0.007608034070994085,442396897524267.1,19.082905391388884,0.10096935905086413,109761.21301208307,9046481.241760328,2005.1560639681193,0.20847140069409023
2.78,0,65740782945138.38,0.06574078294513838,6467,10,0.0015463120457708365,0.007572815942349154,668659592046082.8,31.084312309535427,0.1004734180465394,109716.94067055298,8988253.148596747,1981.6646281290684,0.30166717078662103
2.79,0,66138279735461.79,0.06613827973546178,5373,10,0.0018611576400521124,0.00753786982640714,716676233926724.8,24.22729127149636,0.09997791204942123,109671.60391116841,8930541.050315544,1958.420850967519,0.35717509532642944
2.8,0,66536484613701.43,0.06653648461370143,5159,10,0.0019383601473153711,0.0075031947027814905,489347300262249.2,22.812893506291953,0.09948290827957305,109625.21824030639,8873339.184167327,1935.4235551244437,0.3659317250704152
2.81,0,66935394748698.89,0.06693539474869889,2786,10,0.003589375448671931,0.007468780516865281,494114096571664.2,29.328844022811516,0.09898847211146117,109577.79897082224,8816641.86423281,1912.6715116421644,0.6665800731411033
2.82,0,67335007327584.625,0.06733500732758463,4444,10,0.0022502250225022503,0.007434624678368418,931087124530810.2,27.933812065477998,0.09849466710101733,109529.36122417757,8760443.480241075,1890.16344242874,0.4110812895544479
2.8299999999999996,0,67735319555623.805,0.0677353195556238,6501,10,0.0015382248884786955,0.007400724616146825,656078611897018.6,21.63657637985052,0.09800155501296365,109479.91993261712,8704738.496411402,1867.898022660896,0.2764334493121983
2.84,0,68136328656062.6,0.0681363286560626,6501,10,0.0015382248884786955,0.0073670777781970065,422307650607855.94,22.953439244207125,0.09750919584836228,109429.48984181316,8649521.450322606,1845.8738831338778,0.2719320936090871
2.8499999999999996,0,68538031869976.89,0.0685380318699769,6503,10,0.001537751806858373,0.0073336816316453834,633760743208076.0,36.75068071272851,0.097017647872353,109378.08551277335,8594786.951786837,1824.0896125331851,0.2674224239840488
2.86,0,68940426456121.66,0.06894042645612165,4754,10,0.002103491796381994,0.007300539662651873,585468576944459.8,27.09564162989143,0.09652696764204288,109325.72132422958,8540529.681758447,1802.5437596565048,0.35985285810579126
2.8699999999999997,0,69343509690782.19,0.06934350969078219,7974,10,0.001254075746175069,0.007267644755561298,593793862971727.9,23.374171465684864,0.09603721003451575,109272.41147481767,8486744.391249523,1781.2348355685908,0.21104836486689377
2.88,0,69747278867627.04,0.06974727886762704,6050,10,0.001652892561983471,0.00723499243101422,377923130575252.7,29.195110741925873,0.0955484282749277,109218.16998525687,8433425.9002663,1760.161315696543,0.2736393377744971
2.8899999999999997,0,70151731297561.19,0.07015173129756119,3919,10,0.0025516713447307987,0.007202580241656431,406775803519296.7,22.334231825839478,0.09506067396466021,109163.01070052963,8380569.09677265,1739.3216418675793,0.41556225565402155
2.9,0,70556864308582.58,0.07055686430858257,4419,10,0.0022629554197782305,0.007170405759096776,332402603957211.8,20.257113551799254,0.09457399710949974,109106.94729194969,8328168.935656688,1718.7142242833354,0.36254903561112495
2.9099999999999997,0,70962675245637.77,0.07096267524563776,6336,10,0.0015782828282828283,0.007138466573878066,403226905019185.56,21.460221717246718,0.0940884461478178,109049.99325932543,8276220.437724468,1698.3374434399698,0.24874656869492237
2.92,0,71369161470481.08,0.07136916147048109,6436,10,0.0015537600994406464,0.007106760295448544,1107289604487840.2,45.4505017361211,0.09360406797872392,108992.16193312596,8224718.688710108,1678.1896519911572,0.24090178780460503
2.9299999999999997,0,71776320361533.28,0.07177632036153328,4997,10,0.0020012007204322593,0.007075284552128025,390042863260955.94,22.538878956680442,0.09312090799016796,108933.46647635894,8173658.8382961275,1658.269176549224,0.3052340239051715
2.94,0,72184149313743.02,0.07218414931374302,5575,10,0.0017937219730941704,0.007044036991073588,841861460429562.2,26.88157133029165,0.09263901008696694,108873.9198867476,8123036.099160874,1638.574319437986,0.2691449606164614
2.9499999999999997,0,72592645738448.97,0.07259264573844897,4205,10,0.0023781212841854932,0.007013015278241164,652837507073440.8,26.756584164829455,0.09215841671873516,108813.53499882882,8072845.746031287,1619.1033603878427,0.3510400852434486
2.96,0,73001807063243.19,0.07300180706324319,12721,10,0.0007861017215627702,0.006982217098346677,578668895185954.1,32.057278082693685,0.09167916890769558,108752.32448570603,8023083.114753859,1599.854558172904,0.1141552661443718
2.9699999999999998,0,73411630731835.92,0.07341163073183592,4641,10,0.0021547080370609784,0.006951640154821859,444731829281027.4,21.94859747075974,0.0912013062763538,108690.30086132395,7973743.601392691,1580.826152205946,0.30782449740805
2.98,0,73822114203922.34,0.07382211420392235,6429,10,0.0015554518587649713,0.006921282169770948,753683817239202.0,27.748272133303182,0.09072486707501438,108627.47648206395,7924822.661321773,1562.0163640676924,0.21861102523511922
2.9899999999999998,0,74233254955049.06,0.07423325495504907,3358,10,0.0029779630732578916,0.006891140883923619,778974269201671.4,36.06137570123582,0.09024988820912404,108563.8635491329,7876315.808353685,1543.4233990016523,0.4117549884420499
3.0,0,74645050476483.81,0.07464505047648382,5675,10,0.001762114537444934,0.00686121405658513,523238499548377.4,20.81481053787372,0.0897764052664229,108499.47410996554,7828218.613865179,1525.045447341693,0.23969625089518196
3.01,0,75057498275084.77,0.07505749827508476,8640,10,0.0011574074074074073,0.006831499465586366,609814294990492.6,26.721335130288985,0.08930445254389056,108434.32006064864,7780526.705950752,1506.8806859085978,0.1548904048684387
3.02,0,75470595873171.97,0.07547059587317197,5910,10,0.001692047377326565,0.006801994907229658,708104876952938.4,22.746464628669578,0.08883406307447111,108368.41314725824,7733235.768582869,1488.9272793422886,0.22277459395461968
3.03,0,75884340808400.08,0.07588434080840008,8571,10,0.0011667250029168126,0.0067726981962344945,460851187671578.3,21.44083240502017,0.08836526865356453,108301.76496812885,7686341.540784624,1471.1833814005595,0.1511264186629828
3.04,0,76298730633631.73,0.07629873063363174,7242,10,0.0013808340237503453,0.006743607165680565,579018335934036.2,21.57193923312291,0.08789809986527143,108234.38697538088,7639839.815826388,1453.647136204054,0.17596897013669843
3.05,0,76713762916812.62,0.07671376291681263,6161,10,0.0016231131309852296,0.006714719666948588,732718496605690.2,28.427395533064214,0.08743258610838046,108166.29047701327,7593726.440420668,1436.3166794417343,0.20350272702544742
3.06,0,77129435240847.7,0.0771294352408477,7161,10,0.0013964530093562352,0.0066860335696601325,555361594548373.3,26.474502765727102,0.08696875562208634,108097.4866383303,7547997.313944066,1419.1901395266434,0.17225776831430695
3.07,0,77545745203478.31,0.07754574520347832,8132,10,0.0012297097884899164,0.0066575467616153405,465414978480444.4,17.71635622293064,0.08650663551143015,108027.98648411037,7502648.387664568,1402.2656387178106,0.1492418074343494
3.08,0,77962690417160.88,0.07796269041716088,6995,10,0.0014295925661186562,0.006629257148728973,805063593083151.8,22.398417296103,0.08604625177245216,107957.80089991861,7457675.663981256,1385.5412941894022,0.17070253592814258
3.09,0,78380268508946.56,0.07838026850894657,5379,10,0.0018590816136828407,0.006601162654964909,475420862761502.1,21.64337959399085,0.08558762931704852,107886.9406341996,7413075.195680463,1369.0152190705235,0.2184089938588776
3.0999999999999996,0,78798477120362.06,0.07879847712036206,2825,10,0.0035398230088495575,0.006573261222268867,841355460552348.4,25.85975501981041,0.08513079199752545,107815.41629971228,7368843.085202581,1352.6855234367742,0.4091689163281712
3.11,0,79217313907291.62,0.07921731390729163,7265,10,0.0013764624913971094,0.006545550810500789,563584132875357.0,18.881583136181682,0.08467576263084305,107743.23837553024,7324975.48391775,1336.5503152700592,0.15654501581842156
3.1199999999999997,0,79636776539860.03,0.07963677653986004,6162,10,0.0016228497241155468,0.006518029397363789,651190275747609.8,22.894040436274203,0.08422256302254322,107670.41720813424,7281468.591418872,1320.607701370599,0.18159830843710092
3.13,0,80056862702317.02,0.08005686270231702,9031,10,0.0011072970878086591,0.006490694978333433,465311180769143.3,22.287273205457254,0.08377121399035611,107596.96301376575,7238318.654820386,1304.8557882471735,0.12191614644992599
3.1399999999999997,0,80477570092922.56,0.08047757009292256,9476,10,0.001055297593921486,0.006463545566584905,651042208218850.9,24.179723875379146,0.08332173538748046,107522.88587957386,7195521.968076602,1289.2926829582839,0.1143248481052658
3.15,0,80898896423833.39,0.0808988964238334,7700,10,0.0012987012987012987,0.0064365812155621205,780753785035085.6,36.73918701407588,0.08287414612553251,107448.1957651535,7153074.871296239,1273.9164939210718,0.13843593594100345
3.1599999999999997,0,81320839420990.48,0.08132083942099048,8428,10,0.0011865211200759373,0.006409803223930921,532748209565924.2,17.020636355139906,0.08242846419716175,107372.9025046055,7110973.750088734,1258.7253316965243,0.12444988367225283
3.17,0,81743396824007.61,0.08174339682400761,8487,10,0.0011782726522917403,0.0063832047737317765,645255854795226.0,23.930196556968955,0.0819847066983287,107297.01580768886,7069215.034901877,1243.7173097275609,0.12160448862040239
3.1799999999999997,0,82166566386061.16,0.08216656638606115,3274,10,0.0030543677458766036,0.006356783941127153,809992193123521.8,21.627285360813723,0.0815428898502426,107220.54526139169,7027795.200383879,1228.8905450529073,0.3101810991708586
3.19,0,82590345873780.78,0.08259034587378078,11528,10,0.0008674531575294934,0.006330538819664722,690290854002242.0,26.201013884594545,0.08110302902095701,107143.5003317248,6986710.76474544,1214.2431589907171,0.08668335783183531
3.1999999999999997,0,83014733067141.53,0.08301473306714154,5326,10,0.001877581674802854,0.006304467520198087,847216381520009.2,29.60690536476821,0.08066513874662186,107065.89036489047,6945958.289138465,1199.7732777860922,0.1846246931998727
3.21,0,83439725759356.12,0.08343972575935613,9326,10,0.001072271070126528,0.006278568170806076,406955440890636.3,21.301572605636096,0.08022923275238983,106987.72458906514,6905534.377048772,1185.479033237161,0.10375342271941923
3.2199999999999998,0,83865321756769.25,0.08386532175676925,6229,10,0.0016053941242575051,0.0062528390337207584,629489221255526.4,25.943275935125126,0.07979532397297763,106909.01211574748,6865435.673682141,1171.35856328501,0.15285939173364985
3.23,0,84291518878752.45,0.08429151887875246,10684,10,0.0009359790340696368,0.006227288132312214,555156766729201.7,19.988804674886477,0.07936342457287976,106829.76194105748,6825658.865381889,1157.4100125794553,0.08769920747119041
3.2399999999999998,0,84718314957599.52,0.08471831495759952,6199,10,0.0016131634134537829,0.00620190400991627,628129958845783.2,23.335461794801514,0.07893354596623703,106749.98294756272,6786200.679036681,1143.6315330206162,0.14874174685690317
3.25,0,85145707838424.11,0.08514570783842411,4737,10,0.0021110407430863414,0.006176684856065928,538862781982533.8,19.052071531782964,0.07850569883635809,106669.68390521331,6747057.881511198,1130.0212842672138,0.19154994637186218
3.26,0,85573695379057.05,0.08557369537905704,3830,10,0.0026109660574412533,0.0061516288771656935,370392022932067.25,18.697628498219945,0.07807989315489611,106588.8734732171,6708227.279078383,1116.5774342287186,0.2331436288352703
3.27,0,86002275449945.31,0.0860022754499453,9298,10,0.0010755001075500108,0.0061267342964040905,753757876649391.8,20.193171244372643,0.0776561382006801,106507.56020099635,6669705.71686476,1103.298159524043,0.09450956200312009
3.28,0,86431445934052.08,0.08643144593405208,6546,10,0.0015276504735716467,0.006102005140150024,576222263567657.1,15.124526911342082,0.07723444257820353,106425.75252995963,6631490.078299773,1090.181645924559,0.13211094117426722
3.29,0,86861204726757.22,0.08686120472675722,8266,10,0.0012097749818533753,0.0060774403701508994,705231780245481.1,16.741735345916297,0.07681481423577075,106343.45879447491,6593577.284582875,1077.226088767466,0.10296165637009073
3.3,0,87291549735758.69,0.08729154973575869,7134,10,0.0014017381553125877,0.006053032072019904,374253685440963.1,19.380887718629385,0.07639726048330328,106260.68722349456,6555964.294144623,1064.4296933515006,0.11740867947781089
3.31,0,87722478880976.44,0.08772247888097644,4257,10,0.002349072116513977,0.006028778528954448,981290598217906.0,27.5912690972712,0.0759817880098082,106177.44594163177,6518648.1021335395,1051.7906753085394,0.1936414600030775
3.32,0,88153990094454.08,0.08815399009445408,6232,10,0.0016046213093709885,0.006004678040554823,972338788717366.6,25.8810486857465,0.07556840290051019,106093.74297084541,6481625.739898744,1039.3072609586288,0.1301815971349117
3.33,0,88586081320265.16,0.08858608132026516,6168,10,0.001621271076523995,0.005980739989769446,662388906392324.2,25.476405538937286,0.07515711065365033,106009.58623111411,6444894.2744803615,1026.9776876349927,0.12945383402320723
3.34,0,89018750514417.38,0.08901875051441738,5760,10,0.001736111111111111,0.005956954545836668,770009036657673.1,21.65719653998956,0.07474791619695409,105924.9835423332,6408450.8081216905,1014.800204004077,0.1364349703969702
3.3499999999999996,0,89451995644759.39,0.08945199564475939,3212,10,0.00311332503113325,0.005933317427364138,723900621548907.1,25.821340342440937,0.0743408239037712,105839.94262518434,6372292.477769603,1002.7730703536813,0.2408064201191539
3.36,0,89885814690887.95,0.08988581469088795,5357,10,0.0018667164457718873,0.005909826992698042,700061043259189.8,24.201221549943718,0.07393583760889016,105754.47110247822,6336416.454597149,990.8945588700972,0.14210976356555077
3.3699999999999997,0,90320205644055.67,0.09032020564405567,3247,10,0.003079765937788728,0.005886491702165486,549292043485087.0,13.819608191291238,0.07353296062403111,105668.57650048066,6300819.9435306,979.1629538971413,0.2307663992651179
3.38,0,90755166507080.56,0.09075516650708056,7843,10,0.0012750223128904757,0.005863305044791267,479588755850581.1,20.97108718792124,0.07313219575301971,105582.26624985848,6265500.18277916,967.5765521741265,0.09403487725946176
3.3899999999999997,0,91190695294254.98,0.09119069529425498,6780,10,0.0014749262536873156,0.005840260493619742,649851691578876.2,29.0190997190936,0.07273354530664589,105495.5476871579,6230454.443376221,956.1336630633087,0.10706918225237676
3.4,0,91626790031256.95,0.09162679003125695,8288,10,0.0012065637065637065,0.005817356464724033,731817554630542.8,15.546723227225318,0.07233701111721073,105408.42805588624,6195680.028727723,944.8326087579896,0.08621327835463892
3.4099999999999997,0,92063448755061.36,0.09206344875506135,8289,10,0.0012064181445288937,0.005794606178661343,1046275631342029.4,38.54060738059301,0.07194259455276497,105320.91450749023,6161174.274165404,933.6717244743787,0.08485146491162764
3.42,0,92500669513852.39,0.09250066951385238,7639,10,0.0013090718680455558,0.00577199498931813,1009711075906488.4,30.67334533365682,0.07155029653104333,105233.01410287262,6126934.5465087,922.6493586340617,0.09062947659920681
3.4299999999999997,0,92938450366936.42,0.09293845036693642,10232,10,0.000977326035965598,0.005749519893949118,904182271468285.0,19.68442860148001,0.07116011753309788,105144.73381319651,6092958.2436328735,911.7638730260201,0.06660345860546676
3.44,0,93376789384656.38,0.09337678938465638,6525,10,0.0015325670498084292,0.005727186818101804,823048658363091.8,32.599905467024875,0.07077205761663512,105056.08052108123,6059242.794044905,901.0136429589186,0.10281004592412972
3.4499999999999997,0,93815684648306.0,0.093815684648306,5489,10,0.0018218254691200583,0.005704996744663515,647862702130461.1,29.386386243401347,0.07038611642905952,104967.06102186335,6025785.656462501,890.3970574004353,0.12030654050110573
3.46,0,94255134250046.17,0.09425513425004617,6544,10,0.001528117359413203,0.005682938443325569,596375220775618.8,13.822228421277277,0.07000229322022894,104877.68202445004,5992584.319403749,879.9125191012683,0.0993373362780143
3.4699999999999998,0,94695136292820.11,0.09469513629282011,7709,10,0.0012971851083149566,0.0056610136513650655,551100468311006.8,20.0089621420227,0.06962058685492503,104787.95015280838,5959636.300782556,869.5584447124817,0.08301150465728724
3.48,0,95135688890271.8,0.0951356888902718,10120,10,0.0009881422924901185,0.00563923272122302,566823217657372.9,19.57577307700747,0.06924099582504298,104697.87194635131,5926939.147505195,859.3332648813075,0.0622507346391334
3.4899999999999998,0,95576790166663.08,0.09557679016666308,9451,10,0.0010580890911014707,0.005617579346530288,514035091458638.2,18.09273462674186,0.06886351826150523,104607.45386165523,5894490.435082389,849.2354243484467,0.06562100935573204
3.5,0,96018438256792.45,0.09601843825679246,13398,10,0.0007463800567248843,0.005596054061118627,827829954108452.0,20.240743771006276,0.06848815194590231,104516.70227314482,5862287.767236518,839.2633820244931,0.04557047495539792
3.51,0,96460631305914.73,0.09646063130591473,6223,10,0.0016069419893941829,0.005574670572386808,703603028882093.6,27.45295440117193,0.06811489432186627,104425.62347422914,5830328.775524363,829.4156110613375,0.0965906225139068
3.52,0,96903367469661.3,0.0969033674696613,10940,10,0.0009140767824497258,0.005553410526425329,429118318100444.1,15.472650742643548,0.06774374250617998,104334.22367825275,5798611.1189587405,819.6905989112636,0.0540923393101225
3.53,0,97346644913960.6,0.0973466449139606,7207,10,0.0013875398917718885,0.005532276119242341,531676051094453.9,17.641012215011237,0.0673746932996273,104242.50901955568,5767132.483642135,810.0868473784343,0.08083961920831462
3.54,0,97790461814960.39,0.09779046181496039,6988,10,0.0014310246136233543,0.005511278638021033,600430643123115.4,23.945301783218206,0.06700774319758737,104150.48555451704,5735890.582397208,800.6028726599756,0.08208427536516824
3.55,0,98234816358949.75,0.09823481635894975,10467,10,0.0009553835865099838,0.005490400589567845,696250745551778.9,19.98916937028124,0.06664288840037871,104058.15926217464,5704883.154414197,791.2372053767957,0.053955020393191985
3.56,0,98679706742282.12,0.09867970674228213,6573,10,0.0015213753232922562,0.005469648581177489,540628060655426.4,19.835013385901597,0.06628012482335588,103965.53604580127,5674107.964892094,781.9883906018711,0.08459397837362892
3.57,0,99125131171299.78,0.09912513117129979,5551,10,0.0018014772113132769,0.005449025938677909,710896832099832.8,19.99090648881344,0.06591944810676449,103872.6217332689,5643562.804696245,772.8549878728622,0.09862545376477348
3.58,0,99571087862257.48,0.09957108786225749,5491,10,0.001821161901293025,0.005428518820288608,740879310312701.1,25.973869999469184,0.06556085362535716,103779.42207833147,5613245.49001041,763.835571202706,0.09816872165441132
3.59,0,100017575041248.6,0.1000175750412486,11642,10,0.0008589589417625838,0.0054081408798557495,549927690919563.7,22.825074423339196,0.0652043364977763,103685.94276146732,5583153.862002588,754.9287290808047,0.04559001200356709
3.5999999999999996,0,100464590944130.34,0.10046459094413035,5694,10,0.0017562346329469617,0.005387882169404223,856170116780435.8,35.559093631072265,0.06484989159570673,103592.18939073804,5553285.786493722,746.1330644671469,0.0917825806859697
3.61,0,100912133816450.83,0.10091213381645082,5639,10,0.0017733640716439084,0.0053677378205005954,577029392614080.4,17.56848957915887,0.06449751355280299,103498.16750267449,5523639.15362708,737.4471947794715,0.09125643123695318
3.6199999999999997,0,101360201913376.08,0.10136020191337608,6092,10,0.0016414970453053185,0.005347723119250136,707570985506512.0,28.405170128242343,0.06414719677339552,103403.88256338554,5494211.877547617,728.8697518764055,0.08317681730041093
3.63,0,101808793499618.28,0.10180879349961829,3485,10,0.0028694404591104736,0.005327817693181025,752388502807085.9,29.899751179354276,0.06379893544097907,103309.3399690854,5465001.896084231,720.3993820301716,0.14317370289406406
3.6399999999999997,0,102257906849364.1,0.10225790684936409,6391,10,0.0015647003598810829,0.0053080342267418645,903732354057015.6,24.312029299089893,0.06345272352648877,103214.54504728933,5436007.170438018,712.0347458985174,0.07687930280732921
3.65,0,102707540246204.33,0.10270754024620433,7776,10,0.001286008230452675,0.005288366067576433,935204537895633.6,19.700592115288135,0.0631085547963669,103119.50305744972,5407225.684871397,703.774518486725,0.06222173955281869
3.6599999999999997,0,103157691983063.28,0.10315769198306328,6032,10,0.0016578249336870027,0.005268808138637837,548990997337702.8,17.806007814296215,0.06276642282042497,103024.21919198327,5378655.446409031,695.6173891081218,0.07898867588601023
3.67,0,103608360362130.05,0.10360836036213004,9394,10,0.0010645092612305727,0.0052493730029388175,811888174668068.9,20.426257354481926,0.062426320979504686,102928.69857699396,5350294.484533614,687.562061336284,0.04994731359815572
3.6799999999999997,0,104059543694789.31,0.10405954369478931,8727,10,0.001145869141744013,0.005230041150175779,494048785533954.8,23.92909862497174,0.06208824247294238,102832.94627290902,5322140.850894996,679.6072529531955,0.05294701579665488
3.69,0,104511240301552.89,0.10451124030155289,9321,10,0.0010728462611307799,0.005210831293914531,772253271424259.2,27.65099752622637,0.06175218032584041,102736.96727590298,5294192.619019311,671.7516958976192,0.04881987111190337
3.6999999999999997,0,104963448511993.05,0.10496344851199305,6150,10,0.0016260162601626016,0.005191725973564987,975744427907996.8,31.673141246954412,0.061418127396149415,102640.76651792484,5266447.884021641,663.9941361998661,0.07286924039292358
3.71,0,105416166664674.66,0.10541616666467465,10084,10,0.0009916699722332407,0.005172733824131082,400592671504547.1,13.636608337415051,0.06108607638156587,102544.34886810595,5238904.762326913,656.3333339222428,0.043767839420563226
3.7199999999999998,0,105869393107089.69,0.10586939310708969,10327,10,0.0009683354313934347,0.005153850945509575,827113963765798.0,39.54502759598748,0.06075601982624775,102447.71913321105,5211561.39139034,648.7680630888141,0.04209112098360328
3.73,0,106323126195590.66,0.10632312619559066,11417,10,0.0008758868354208637,0.005135073565875836,862485052875289.2,25.134359942421803,0.06042795012735299,102350.88205848078,5184415.929424091,641.297111614459,0.0374970675259798
3.7399999999999998,0,106777364295326.44,0.10677736429532644,7018,10,0.0014249073810202336,0.005116409095642704,648108793544230.2,22.966248150829486,0.060101859541404255,102253.8423285721,5157466.555130386,633.9192812314265,0.06007990152913198
3.75,0,107232105780176.92,0.10723210578017692,5696,10,0.0017556179775280898,0.00509784357974985,418825052998968.44,18.12595275784112,0.05977774019048319,102156.60456801472,5130711.467432381,626.633387408901,0.07290770168745042
3.76,0,107687349032689.7,0.1076873490326897,6134,10,0.0016302575806977503,0.005079393541555066,714660770730530.9,27.892914182581542,0.059455584068258405,102059.17334216251,5104148.885215932,619.4382592735604,0.06668213077290684
3.77,0,108143092444016.25,0.10814309244401625,5685,10,0.001759014951627089,0.005061037014296166,990900627945644.8,20.37716289300318,0.05913538304585055,101961.5531578999,5077777.047071797,612.3327395253391,0.0708663193974327
3.78,0,108599334413849.52,0.10859933441384952,4115,10,0.002430133657351154,0.005042797488413409,542047601474753.7,17.90183635238469,0.05881712887753789,101863.74846437585,5051594.211037625,605.3156843502402,0.09643328642916707
3.79,0,109056073350361.53,0.10905607335036153,12300,10,0.0008130081300813008,0.005024648977297597,802778008159059.4,26.290877713585996,0.05850081320630583,101765.76365364509,5025598.654353037,598.3859633312564,0.031777912555171754
3.8,0,109513307670141.36,0.10951330767014136,7329,10,0.0013644426251876109,0.005006614228556638,800557556483897.4,21.23020264630002,0.058186427569244414,101667.60306141284,4999788.673212268,591.5424593568578,0.05253257418412963
3.81,0,109971035798135.02,0.10997103579813501,9022,10,0.0011084016847705607,0.004988670261199091,1117891436403638.8,21.777815393024007,0.05787396340279591,101569.27096766538,4974162.582516595,584.7840685261884,0.0420359494507148
3.82,0,110429256167583.84,0.11042925616758384,5723,10,0.0017473353136466887,0.0049708371410709384,729965482657895.5,18.671869969311427,0.0575634120478575,101470.77159778422,4948718.7156405095,578.1097000562481,0.06527688134280747
3.83,0,110887967219965.17,0.11088796721996518,8378,10,0.0011936022917164002,0.004953093944628839,718671580220132.2,21.12231343298121,0.057254764754740534,101372.10912236679,4923455.424194368,571.5182761789009,0.043924789053262775
3.84,0,111347167404932.5,0.1113471674049325,10114,10,0.0009887284951552303,0.004935459691345789,457852906843915.6,18.464850871495443,0.056948012687991136,101273.28765893316,4898371.077789676,565.008732046896,0.035842902599946644
3.8499999999999996,0,111806855180256.78,0.11180685518025678,6251,10,0.0015997440409534474,0.00491791354813087,665138137766969.6,21.226701390716734,0.056643146931074334,101174.31127162711,4873464.063811505,558.5800156272763,0.05712946239864175
3.86,0,112267029011767.83,0.11226702901176783,9587,10,0.001043079169708981,0.004900475430609452,605659670980289.2,15.42928435046942,0.056340158490925135,101075.18397264562,4848732.787193777,552.2310876030267,0.03669608156735766
3.8699999999999997,0,112727687373296.66,0.11272768737329665,11437,10,0.0008743551630672379,0.0048831226776812064,776950645912926.8,29.80092843777616,0.05603903830236975,100975.90972236937,4824175.670194775,545.9609212657194,0.030303334812349966
3.88,0,113188828746617.88,0.11318882874661787,5491,10,0.001821161901293025,0.004865877995446799,715582679035699.2,21.46968825336308,0.05573977723241955,100876.49243040083,4799791.152178878,539.7685024122923,0.062181423822258594
3.8899999999999997,0,113650451621392.95,0.11365045162139295,8013,10,0.0012479720454261825,0.004848716751294946,720071008003294.6,22.374973234275878,0.05544236608444147,100776.93595572746,4775577.689400512,533.652829235818,0.04197916930287218
3.9,0,114112554495113.89,0.11411255449511389,8962,10,0.0011158223610801161,0.004831661107300489,802568537848751.4,27.19209641920118,0.0551467956022065,100677.24410768907,4751533.754790982,527.6129122195849,0.036978585404878264
3.9099999999999997,0,114575135873047.11,0.11457513587304712,11214,10,0.0008917424647761727,0.00481468958906095,754275573173146.5,26.34130122044,0.0548530564738208,100577.4206467498,4727657.837746424,521.647774028918,0.029115781512448778
3.92,0,115038194268178.53,0.11503819426817853,6921,10,0.0014448779078167894,0.004797818571956158,768960707512462.8,16.502797188029998,0.054561139335540465,100477.46928443277,4703948.4439248545,515.7564493984946,0.046479665264981124
3.9299999999999997,0,115501728201158.23,0.11550172820115824,7099,10,0.001408649105507818,0.004781034150269425,1255623200632708.2,40.885744644555274,0.054271034775474035,100377.39368474424,4680404.095037893,509.9379850257972,0.04464629098755163
3.94,0,115965736200246.64,0.11596573620024664,5259,10,0.0019015021867275148,0.004764344279010624,592257494944621.2,20.887807654179003,0.05398273333717482,100277.19746420081,4657023.328652699,504.1914394574418,0.05937980757057905
3.9499999999999997,0,116430216801260.11,0.1164302168012601,8518,10,0.0011739845034045551,0.004747744354853478,729415400574023.5,16.41666583163812,0.053696225523125696,100176.88419262838,4633804.697992794,498.5158829785322,0.036122021131497546
3.96,0,116895168547517.6,0.1168951685475176,4573,10,0.002186748305270063,0.004731232201328095,796744789270697.8,20.411185909023935,0.05341150179811911,100076.45739358611,4610746.771740449,492.9103974994953,0.06629555234036204
3.9699999999999998,0,117360589989787.89,0.11736058998978789,5487,10,0.001822489520685256,0.004714814205899365,520381737171920.5,15.305051802626334,0.05312855259253501,99975.92054523074,4587848.13384705,487.3740764452816,0.05444216666620531
3.98,0,117826479686237.0,0.117826479686237,9348,10,0.001069747539580659,0.004698476394480289,790760695040683.0,19.15270395552224,0.05284736830551836,99875.2770806752,4565107.3833417045,481.90602464122867,0.0314879258180899
3.9899999999999998,0,118292836202375.98,0.11829283620237599,10525,10,0.0009501187648456057,0.004682237789079835,813784792456628.2,18.988226362198127,0.05256793930805998,99774.53038836383,4542523.13414405,476.50535819899096,0.02755767043530489
4.0,0,118759658111009.86,0.11875965811100986,4626,10,0.00216169476869866,0.00466607715716294,744364333995889.8,23.421520900175143,0.05229025594598198,99673.68381306689,4520094.014880405,471.1712044053441,0.06178291293094129
4.01,0,119226943992185.75,0.11922694399218575,7158,10,0.0013970382788488405,0.004650009272075373,777085062039789.8,23.009651546041358,0.052014308542830644,99572.74065616878,4497818.66870036,465.90270160721917,0.039346010716206976
4.02,0,119694692433142.98,0.11969469243314299,6814,10,0.0014675667742882301,0.00463402453601669,811459962446104.8,25.18857102133216,0.051740087402679,99471.70417590169,4475695.7530969195,460.6989990966193,0.04073022608147466
4.03,0,120162902028262.25,0.12016290202826226,5242,10,0.0019076688286913392,0.004618122903984223,803251423826614.6,18.009928401138655,0.05146758281284127,99370.57758866099,4453723.939732424,455.55925700093115,0.05217430809884483
4.04,0,120631571379015.97,0.12063157137901596,7843,10,0.0012750223128904757,0.004602311595051201,511286065880051.8,19.81804395046833,0.05119678504650158,99269.3640686846,4431901.9142613495,450.4826461650812,0.03436491084482176
4.05,0,121100699093919.48,0.12110069909391949,9883,10,0.0010118385105737124,0.004586575937065018,1118025613907423.4,24.092580007059357,0.05092768436525858,99168.06674911824,4410228.376158676,445.4683480406044,0.026875713119511105
4.06,0,121570283788481.02,0.12157028378848102,7343,10,0.0013618412093149939,0.004570932693858221,1066356708930116.8,26.272964889083617,0.05066027102158882,99066.68872222748,4388702.038552683,440.51555457115023,0.03564805986252298
4.07,0,122040324085154.23,0.12204032408515424,8413,10,0.001188636633781053,0.00455536706202353,467075540430825.8,14.569065588684719,0.05039453526123035,98965.23304019676,4367321.6280537555,435.62346808023597,0.030663880153551825
4.08,0,122510818613289.33,0.12251081861328933,7177,10,0.0013933398355858995,0.004539882272082574,759760045654469.8,23.579246795895116,0.05013046732548883,98863.7027152598,4346085.884590511,430.7913011567941,0.03542516829337953
4.09,0,122981766009086.42,0.12298176600908642,6464,10,0.001547029702970297,0.004524484267007467,920052920803397.6,31.32039617479422,0.049868057453468215,98762.10072041169,4324993.5612532655,426.0182765441387,0.038764958022680526
4.1,0,123453164915546.7,0.1234531649155467,3995,10,0.0025031289111389237,0.004509159644731531,647929449623240.9,21.963851197197805,0.04960729588422757,98660.42998983826,4304043.424121051,421.3036270261758,0.06181834560988969
4.109999999999999,0,123925013982427.44,0.12392501398242743,7666,10,0.0013044612575006521,0.0044939221004316465,926090560312331.8,23.865648071425206,0.04934817285886632,98558.6934195955,4283234.252119073,416.64659531787805,0.03175176813982776
4.12,0,124397311866193.88,0.12439731186619388,5038,10,0.001984914648670107,0.004478761796440356,626869130543059.6,18.873133706380294,0.04909067862253967,98456.89386766397,4262564.836847282,412.0464339504753,0.04761999155930796
4.13,0,124870057229974.11,0.12487005722997412,12248,10,0.0008164598301763554,0.004463675189333327,1014620358475443.2,22.778355552342497,0.04883480342640599,98355.03415462819,4242033.982438276,407.5024051624851,0.019306383802846785
4.14,0,125343248743513.47,0.12534324874351346,6853,10,0.0014592149423610099,0.004448676872852775,1382988027813373.5,33.70132170345172,0.04858053752950762,98253.11706438872,4221640.505400525,403.0137807896867,0.03401052840875599
4.1499999999999995,0,125816885083128.73,0.12581688508312874,6366,10,0.0015708451146716933,0.004433749725408664,831802723191591.5,17.907553702077447,0.04832787120058748,98151.1453441621,4201383.234468503,398.5798421531634,0.036088034015237545
4.16,0,126290964931663.66,0.12629096493166367,6646,10,0.001504664459825459,0.004418899607957716,1363108874303872.5,25.185263304469167,0.04807679471984265,98049.12170518751,4181261.010457904,394.1998799511596,0.03407325614602927
4.17,0,126765486978444.38,0.12676548697844436,9737,10,0.0010270103728047654,0.004404131231213526,1398860295914809.8,33.3891482750618,0.04782729838061681,97947.04882318882,4161272.6861168793,389.8731941499325,0.022924602277285613
4.18,0,127240449919235.2,0.1272404499192352,10627,10,0.0009409993413004611,0.004389432765724455,859515371813024.1,23.274876018862358,0.0475793724910331,97844.92933872779,4141417.125983926,385.5990938752464,0.02070508785373639
4.1899999999999995,0,127715852456195.2,0.1277158524561952,6526,10,0.0015323322096230463,0.0043748129438728744,940563623542654.4,15.624454616339156,0.04733300737556878,97742.76585754658,4121693.2062488887,381.3768973046037,0.03323610730721626
4.2,0,128191693297834.45,0.12819169329783445,6452,10,0.0015499070055796653,0.00436027008440365,918329641189998.8,28.446710480645926,0.04708819337657378,97640.56095123089,4102099.814607074,377.2059315605965,0.03313911439485839
4.21,0,128667971158971.16,0.12866797115897116,3392,10,0.00294811320754717,0.004345795895959514,936192043668535.6,19.928170234388467,0.04684492085573398,97538.31715743818,4082635.850129579,373.08553260457325,0.062139140606287474
4.22,0,129144684760689.25,0.12914468476068924,6749,10,0.001481700992739665,0.004331400301722965,692752598231176.2,27.758252014668052,0.046603180195481396,97436.03698045762,4063300.22312007,369.01504513090117,0.030787634333477382
4.2299999999999995,0,129621832830296.03,0.12962183283029602,10474,10,0.0009547450830628223,0.0043170786064620215,902245117538711.2,20.89757472449875,0.0463629618003518,97333.722891335,4044091.8549862206,364.9938224614904,0.01955718091627923
4.24,0,130099414101279.83,0.13009941410127981,13836,10,0.0007227522405319456,0.004302824359534108,1012732440785784.2,13.048937039906795,0.046124256098292224,97231.37732868812,4025009.6781047075,361.02122644294946,0.014595505967634306
4.25,0,130577427313269.2,0.1305774273132692,10257,10,0.0009749439407234084,0.0042886470496497076,893274954582825.8,18.560318660171653,0.04588705354191895,97129.0026988209,4006052.635690871,357.096627342117,0.019410157126623973
4.26,0,131055871211991.05,0.13105587121199105,7248,10,0.0013796909492273732,0.004274542234601997,752998228034388.2,21.999821836293414,0.04565134460972769,97026.6013761637,3987219.681670151,353.21940374364107,0.027080665524255892
4.27,0,131534744549230.34,0.13153474454923034,4121,10,0.0024265954865323952,0.00426050366270847,1610198571777927.2,37.311636738971224,0.04541711980725716,96924.17570370268,3968509.7805564064,349.38894244877105,0.04695813466917439
4.28,0,132014046082789.39,0.13201404608278938,5109,10,0.0019573302016050106,0.004246538817254453,814804784065853.8,20.695832694057806,0.0451843696682072,96821.72799342006,3949921.907314913,345.6046383734975,0.03734410972713091
4.29,0,132493774576447.22,0.13249377457644723,5850,10,0.0017094017094017094,0.004232646667138851,747888226010224.4,25.949040458406422,0.04495308475551311,96719.26052644094,3931455.0472522303,341.86589444870856,0.0321555008610393
4.3,0,132973928799920.27,0.13297392879992026,8155,10,0.001226241569589209,0.004218819572475163,693673164286084.2,18.354925655952034,0.04472325566237682,96616.77555382681,3913108.1958865277,338.17212152163,0.022743020413037062
4.31,0,133454507528823.06,0.13345450752882307,9726,10,0.0010281719103434094,0.004205061493468554,526115910474895.8,16.39392366126335,0.044494873013256726,96514.27529651036,3894880.358826569,334.5227382556921,0.0188021313070869
4.32,0,133935509544628.47,0.13393550954462846,5928,10,0.0016869095816464238,0.004191377861328172,939359953032367.0,16.509778018648472,0.044267927464816684,96411.76194575749,3876770.551660913,330.9171710338977,0.0304166426448427
4.33,0,134416933634629.28,0.13441693363462928,5907,10,0.0016929067208396817,0.00417775811436738,915293727743087.0,23.760079758778435,0.04404240970683595,96309.23766396636,3858777.7998315697,327.35485386271716,0.030098056815697796
4.34,0,134898778591899.38,0.1348987785918994,6661,10,0.0015012760846719712,0.004164201932226885,858069291537931.1,27.264193937543958,0.04381831046308065,96206.70458426506,3840901.138524533,323.8352282740561,0.026318418680266423
4.35,0,135381043215255.81,0.13538104321525582,8823,10,0.0011334013374135782,0.004150722031121767,625491112264831.0,19.728063931794118,0.043595620492138186,96104.16481159338,3823139.612554538,320.3577432325818,0.01959232376151769
4.36,0,135863726309220.9,0.13586372630922092,12813,10,0.0007804573480059315,0.004137305570184213,945594361492443.0,17.23273297536153,0.04337433058821551,96001.62042245817,3805492.276251821,316.9218550394686,0.013303389705910242
4.37,0,136346826683984.38,0.13634682668398437,8673,10,0.0011530035743110803,0.004123951525471625,602623118985500.6,19.751678435702352,0.0431544315819022,95899.07346576497,3787958.1933524255,313.52702724085407,0.01938039134032578
4.38,0,136830343155366.64,0.13683034315536663,5287,10,0.0018914318138831096,0.0041106656448445245,921250818416728.2,18.629780790489125,0.042935914340899516,95796.52596282888,3770536.4368874063,310.17273053423395,0.03135088525793649
4.39,0,137314274544781.36,0.13731427454478137,11669,10,0.0008569714628502871,0.004097448475642418,719590991792648.9,22.485126434462025,0.04271876977071631,95693.97990788544,3753226.089076467,306.85844267768607,0.01400752125841116
4.3999999999999995,0,137798619679199.02,0.137798619679199,5317,10,0.001880759826970096,0.004084292591374217,763988195661638.5,21.19915689492378,0.0425029888153329,95591.43726824295,3736026.2412209357,303.58364839866067,0.030316001125110143
4.41,0,138283377391110.33,0.13828337739111032,8889,10,0.001124985937675779,0.004071197681322913,1130807200666102.0,27.200771268480686,0.04228856245783335,95488.89998489656,3718935.9935974055,300.34783930511406,0.017882867083587866
4.42,0,138768546518490.89,0.13876854651849088,5889,10,0.0016980811682798438,0.004058173617959349,709264121012283.2,18.21252857475115,0.042075481721007855,95386.36997247943,3701954.455356704,297.15051379576755,0.02662005244258387
4.43,0,139254125904764.62,0.13925412590476463,7786,10,0.0012843565373747753,0.004045211983982555,589500489801186.2,20.176101262805723,0.041863737667925324,95283.84911978444,3685080.744418201,293.991176972623,0.019856583893619675
4.4399999999999995,0,139740114398768.92,0.13974011439876893,5952,10,0.0016801075268817205,0.0040323102144596,688614622724742.5,15.93767141236945,0.041653321402477496,95181.33929040571,3668313.9873721073,290.8693405552679,0.02561723852305738
4.45,0,140226510854718.95,0.14022651085471896,11504,10,0.0008692628650904034,0.00401946803337172,1294937295351519.2,28.013449093159885,0.041444224069895445,95078.84232226558,3651653.319377335,287.78452279220835,0.013071652441073904
4.46,0,140713314132173.58,0.14071331413217358,6207,10,0.0016110842597067826,0.00400669680585064,879120707807441.8,29.157516697321217,0.041236436857238865,94976.3600285659,3635097.884063798,284.7362483777823,0.02389410926294025
4.47,0,141200523095999.78,0.14120052309599979,5420,10,0.0018450184501845018,0.003993984350151414,810666064719916.6,22.75841223567381,0.04102995099385941,94873.89419802716,3618646.833436934,281.72404836783943,0.026988226426479443
4.4799999999999995,0,141688136616339.3,0.1416881366163393,6169,10,0.0016210082671421625,0.003981330365195546,719504400428794.0,21.127695468180246,0.04082475775183858,94771.44659477437,3602299.327779113,278.7474600949697,0.02338663389895295
4.49,0,142176153568573.84,0.14217615356857385,4679,10,0.0021372088053002777,0.003968734550948039,713625525410980.0,21.801112747145957,0.04062084844640118,94669.0189591741,3586054.5355572705,275.8060270878831,0.030412079114819617
4.5,0,142664572833292.1,0.1426645728332921,8330,10,0.0012004801920768306,0.00395620750258463,899837744868487.0,22.454627086574714,0.04041821443630461,94566.61300768223,3569911.633328093,272.8992989884716,0.016849221252590165
4.51,0,143153393296255.3,0.14315339329625532,9634,10,0.0010379904504878555,0.003943737999120511,1063298748615118.6,21.368844863971468,0.04021684712420523,94464.23043343115,3553869.805647869,270.02683147224104,0.014369831833889804
4.52,0,143642613848365.1,0.1436426138483651,7572,10,0.0013206550449022716,0.003931325599338176,949854721015491.6,22.323114866509407,0.04001673795700224,94361.87290632741,3537928.2449801154,267.1881861679555,0.01803387325620263
4.53,0,144132233385629.94,0.14413223338562994,11952,10,0.0008366800535475234,0.003918970008535472,759846312348739.9,14.981280026645447,0.03981787842615967,94259.54207338339,3522086.15160432,264.3829305788765,0.01126959009721831
4.54,0,144622250809132.66,0.14462225080913266,12649,10,0.0007905763301446755,0.003906678627767501,868632049263383.2,20.772502793245742,0.03962026006800758,94157.23955917929,3506342.7335315645,261.61063800569354,0.010503891966017096
4.55,0,145112665024997.78,0.14511266502499778,9779,10,0.0010225994477962982,0.003894445980372696,1238858334348577.2,39.676495344969005,0.0394238744640223,94054.96696571636,3490697.2064130404,258.87088746802675,0.013402252717823707
4.56,0,145603474944360.03,0.14560347494436005,6374,10,0.0015688735487919673,0.0038822690961043405,1113388391449426.0,26.74698433806568,0.03922871324108732,93952.72587314529,3475148.7934561176,256.1632636297661,0.020283074027787746
4.57,0,146094679483331.5,0.1460946794833315,6812,10,0.001467997651203758,0.0038701476855798056,867742484552218.2,15.617409961423505,0.03903476807173469,93850.51783977702,3459696.7253384124,253.48735672305924,0.01872201349132615
4.58,0,146586277562971.16,0.14658627756297116,9012,10,0.0011096316023080338,0.003858083719857408,929680029896215.4,21.032929904138545,0.03884203067436807,93748.34440235456,3444340.2401227453,250.84276247391549,0.013960320590191673
4.59,0,147078268109252.56,0.14707826810925256,10796,10,0.0009262689885142645,0.0038460819611312314,1671542749532357.8,30.385568480244,0.0386504928134673,93646.20707637914,3429078.583176759,248.22908202909574,0.011496130168639781
4.6,0,147570650053032.97,0.14757065005303296,12246,10,0.0008165931732810714,0.0038341346513186547,1038747159154561.6,32.77197450630414,0.038460146299776024,93544.10735641452,3413911.0070874332,245.64592188336655,0.009998296614099057
4.61,0,148063422330023.03,0.14806342233002304,8468,10,0.0011809163911195087,0.003822241506338364,715046328371644.6,19.568631964058316,0.03827098299047199,93442.0467162066,3398836.7715838132,243.0928938076616,0.014264379702288768
4.62,0,148556583880755.22,0.1485565838807552,6822,10,0.001465845793022574,0.0038104022431583173,1219545821069571.8,31.066033344683525,0.038082994789321374,93340.02660901508,3383855.1434541843,240.56961477820167,0.017468002048117406
4.63,0,149050133650554.12,0.1490501336505541,14162,10,0.0007061149555147578,0.0037986202192998864,902776609068755.2,17.538570446651192,0.03789617364681675,93238.04846783614,3368965.396468138,238.0757069064669,0.008301560176336143
4.64,0,149544070589506.47,0.14954407058950647,6554,10,0.0015257857796765334,0.003786896670278428,765574564031419.1,16.84320669896329,0.03771051156030021,93136.11370567435,3354166.8113015178,235.6107973702867,0.01769764826451235
4.6499999999999995,0,150038393652430.53,0.15003839365243052,5556,10,0.0017998560115190785,0.003775226003314036,891515270415982.8,22.60827131153558,0.03752600057407135,93034.22371585242,3339458.6754533774,233.17451834523635,0.020597056451715456
4.66,0,150533101798847.0,0.150533101798847,4979,10,0.002008435428800964,0.003763607940651892,807921068767798.6,19.145639177555417,0.03734263277948092,92932.37987197866,3324840.2831766997,230.76650693692324,0.022676622922827787
4.67,0,151028193992949.16,0.15102819399294914,10307,10,0.0009702144173862424,0.0037520422055855596,607839633456208.0,15.976002603926023,0.037160400315010805,92830.58352857195,3310310.935399574,228.386405115027,0.010808092175469157
4.68,0,151523669203574.56,0.15152366920357457,5782,10,0.0017295053614666206,0.0037405301603629093,604839688107518.0,18.13748268166156,0.036979295366340204,92728.83602106187,3295869.9396521407,226.03385964693402,0.019009553961507636
4.6899999999999995,0,152019526404174.88,0.15201952640417488,7398,10,0.0013517166801838335,0.0037290763097989066,867369358812157.5,18.300447787495067,0.03679931016639911,92627.13866578856,3281516.609994206,223.708522032211,0.014659286222676104
4.7,0,152515764572788.0,0.152515764572788,5103,10,0.0019596315892612187,0.0037176738119417685,1004190295094807.6,29.163578274058995,0.036620436995409095,92525.49276100298,3267250.26694219,221.41004844021194,0.02096941878156015
4.71,0,153012382692009.38,0.15301238269200937,6481,10,0.0015429717636167258,0.0037063223953315294,758154200511739.2,21.41098756202209,0.03644266818091213,92423.89958603519,3253070.2373980703,219.1380996441287,0.016291550382593032
4.72,0,153509379748963.5,0.1535093797489635,9898,10,0.0010103051121438675,0.0036950217895537207,849393716553979.6,17.873156624326718,0.03626599609778732,92322.36040247389,3238975.8545814385,216.89234096085744,0.010525848692553932
4.7299999999999995,0,154006754735275.9,0.15400675473527592,5879,10,0.0017009695526450078,0.003683771725240148,707055577789030.1,19.852715301373205,0.03609041316825672,92220.87645374243,3224966.457955114,214.67244218731494,0.017486741869931037
4.74,0,154504506647046.0,0.154504506647046,12622,10,0.0007922674694977025,0.003672575707763359,1600626814623238.0,24.379444109489857,0.03591591186187994,92119.44896573479,3211041.393161196,212.47807754071889,0.008037112769852596
4.75,0,155002634484818.2,0.15500263448481819,11403,10,0.0008769622029290538,0.00366143312387468,935180766139961.0,29.983356925148946,0.035742484695538375,92018.07914658182,3197200.011952672,210.30892559725234,0.008778757224912372
4.76,0,155501137253555.4,0.1555011372535554,7073,10,0.0014138272303124558,0.003650340135322949,659527639258653.0,18.38736353335981,0.035570124233408995,91916.76818741224,3183441.672123255,208.16466923364453,0.013966257612296603
4.77,0,156000013962612.28,0.1560000139626123,8754,10,0.001142334932602239,0.00363929647794492,664543262997711.2,17.107065345151828,0.03539882308692853,91815.5172620917,3169765.737445429,206.044995567648,0.01113566911889163
4.78,0,156499263625706.66,0.15649926362570665,9861,10,0.0010140959334753068,0.0036283018886196228,905685714942992.8,17.78559664685923,0.03522857391474806,91714.3275276196,3156171.577604061,203.94959590045045,0.009755480328419606
4.79,0,156998885260894.28,0.15699888526089428,7292,10,0.0013713658804168952,0.0036173561052678105,788089820528879.8,19.904350775202133,0.0350593694226785,91613.20012448238,3142658.568130008,201.87816565967347,0.013018990394817225
4.8,0,157498877890541.66,0.15749887789054165,8679,10,0.0011522064754003918,0.0036064602394011436,750111689877141.4,15.706635161012064,0.034891202363627125,91512.13617639805,3129226.0903392765,199.83040434207908,0.010794844224543269
4.81,0,157999240541299.88,0.15799924054129988,6094,10,0.0016409583196586807,0.003595617676581342,674340071106771.2,18.94480649504993,0.034724065537525745,91411.13679114243,3115873.5312690753,197.80601545916065,0.01517238673178215
4.82,0,158499972244078.1,0.15849997224407808,7042,10,0.0014200511218403862,0.003584823002010018,809702523780094.8,20.608143247710473,0.03455795179125056,91310.20306025012,3102600.2836156418,195.80470648104412,0.012958005969945854
4.83,0,159001072034018.12,0.15900107203401811,8676,10,0.001152604887044721,0.0035740759587635784,1759734943297021.5,19.718073271036346,0.03439285401853435,91209.33605928632,3089405.7456736234,193.82618878243824,0.010380064291815448
4.84,0,159502538950468.22,0.15950253895046823,6870,10,0.001455604075691412,0.0035633762909547118,771937525257127.0,16.83124927252727,0.034228765159870625,91108.53684825446,3076289.321274794,191.87017758948704,0.012937661343416925
4.85,0,160004372036957.62,0.16000437203695764,11275,10,0.0008869179600886918,0.0035527237437315007,915847876709933.4,21.797405115517904,0.034065678202410896,91007.80647170497,3063250.419728769,189.93639192676704,0.007780301447591952
4.86,0,160506570341171.84,0.16050657034117186,7512,10,0.0013312034078807242,0.003542118063277311,807237887478518.2,15.554315209136025,0.03390358617985464,90907.1459587461,3050288.455764161,188.024554564774,0.011525648594017881
4.87,0,161009132914926.6,0.1610091329149266,5732,10,0.0017445917655268667,0.003531559322813793,915138947853996.0,18.090004183004574,0.033742482172332715,90806.55632335374,3037402.8494712934,186.13439196879057,0.014908374763254656
4.88,0,161512058814143.28,0.1615120588141433,7611,10,0.0013138877939823938,0.003521052108829359,737847774758304.8,14.748416096563673,0.03358235930628393,90706.03856471388,3024593.026241584,184.26563424824315,0.011082007227314708
4.89,0,162015347098824.25,0.16201534709882426,9924,10,0.001007658202337767,0.0035105908759651694,788036488279678.8,18.475312422145688,0.03342321075432565,90605.59366703236,3011858.4167142524,182.4180151060606,0.008388890823014073
4.8999999999999995,0,162518996833028.2,0.1625189968330282,8989,10,0.001112470797641562,0.003500175375497183,998556568890008.0,17.71673537571113,0.03326502973511832,90505.22259999687,2999198.4567176998,180.59127178967586,0.009141522519883472
4.91,0,163023007084845.7,0.16302300708484568,7613,10,0.0013135426244581636,0.0034898053597289813,817439586016336.8,22.113360169403588,0.033107809513224104,90404.92631903243,2986612.5872155535,178.7851450424982,0.01065418316868519
4.92,0,163527376926374.84,0.16352737692637484,15130,10,0.0006609385327164573,0.0034794805819911012,1211097582338064.0,19.92521760909367,0.032951543398960184,90304.70576516008,2974100.254251155,176.99937905512257,0.005291643576872543
4.93,0,164032105433697.97,0.16403210543369798,6310,10,0.001584786053882726,0.0034692007966399263,806108610809348.0,16.52492764684258,0.032796224748246505,90204.56186528494,2961660.908893382,175.23372141809747,0.012524520692938121
4.9399999999999995,0,164537191686856.75,0.16453719168685674,8578,10,0.0011657729074376311,0.00345896575905702,927740353772835.2,16.551158434033113,0.03264184696244863,90104.49553256038,2949294.0071838005,173.48792307551076,0.009094374226935683
4.95,0,165042634769829.25,0.16504263476982925,7648,10,0.001307531380753138,0.0034487752256476822,949520648528425.8,22.248487494731048,0.03248840348821557,90004.50766635546,2936999.0100829303,171.76173827834347,0.010069010407885614
4.96,0,165548433770506.38,0.16554843377050638,8329,10,0.0012006243246488173,0.003438631808287851,1139193300475440.2,18.415569621415614,0.03233588781731316,89904.59915240158,2924775.38341962,170.05492453895795,0.009126943864549722
4.97,0,166054587780668.22,0.16605458778066823,9644,10,0.0010369141435089175,0.003428533954321411,1091299922703236.8,22.444260856543316,0.032184293486452624,89804.77086311876,2912622.597837311,168.36724258632512,0.0077813008129768895
4.9799999999999995,0,166561095895961.53,0.16656109589596152,6936,10,0.0014417531718569781,0.003418479758407811,1046704177704018.2,20.034270295496395,0.03203361407711513,89705.02365759917,2900540.12874541,166.6984563214767,0.010680678897067988
4.99,0,167067957215876.25,0.16706795721587625,7148,10,0.0013989927252378287,0.0034084689819581238,1022601686550561.8,19.350197040771967,0.03188384321537219,89605.358381966,2888527.4562673313,165.04833277404228,0.010231264124503262
